exchange_pm,source_slug_pm,market_id_pm,event_group_pm,outcome_index_pm,outcome_name_pm,token_id_pm,synthetic_binary_pm,title_pm,yes_sub_title_pm,no_sub_title_pm,volume_pm,created_at_pm,end_date_pm,resolver_type_pm,resolver_evidence_pm,market_family_pm,predicate_pm,subject_pm,obj_pm,scope_pm,deadline_pm,season_pm,threshold_pm,direction_pm,contract_key,entity_signature_pm,parse_confidence_pm,parse_reason_pm,exchange_kalshi,source_slug_kalshi,market_id_kalshi,event_group_kalshi,outcome_index_kalshi,outcome_name_kalshi,token_id_kalshi,synthetic_binary_kalshi,title_kalshi,yes_sub_title_kalshi,no_sub_title_kalshi,volume_kalshi,created_at_kalshi,end_date_kalshi,resolver_type_kalshi,resolver_evidence_kalshi,market_family_kalshi,predicate_kalshi,subject_kalshi,obj_kalshi,scope_kalshi,deadline_kalshi,season_kalshi,threshold_kalshi,direction_kalshi,entity_signature_kalshi,parse_confidence_kalshi,parse_reason_kalshi,match_confidence,match_basis
polymarket,archive,536502,0x14dca1201ea665ce27f89534ff8869bf14e551b0138f7d2c57c1345a909a7583,0,Yes,38401695605203516602153122926538006647911743428951157094417724792317068872612,False,Will Trump meet with Vladimir Putin in 2025?,,,471641.4171,2025-04-11 11:19:31.455085-07:00,2025-12-31 04:00:00-08:00,,,leader_contact,meet,donald_trump,vladimir_putin,,year:2025,,,,leader_contact|meet|donald_trump|vladimir_putin|year:2025,leader_contact|meet|donald_trump|vladimir_putin,0.92,leader contact template,kalshi,archive,KXWLEADER-25-VP,KXWLEADER-25,,,,False,Will Trump meet with Vladimir Putin before 2026?,Vladimir Putin,Vladimir Putin,284943.0,2025-01-03 15:46:35.854834-08:00,2025-08-15 12:19:58.491357-07:00,,,leader_contact,meet,donald_trump,vladimir_putin,,year:2025,,,,leader_contact|meet|donald_trump|vladimir_putin,0.92,leader contact template,0.92,deterministic_contract_key
polymarket,archive,555433,0x6d420ef0e19e4e10ce982d98dd4cd27a4a18053ea83ce9eb06e97388f893a42e,0,Yes,75803083113304481871189130325120880199300493552616311390383002363547475167443,False,Will Trump visit Israel before August?,,,31959.539865,2025-06-24 13:10:19.462742-07:00,2025-07-30 21:00:00-07:00,,,leader_contact,visit,donald_trump,israel,,before:2025-08-01,,,,leader_contact|visit|donald_trump|israel|before:2025-08-01,leader_contact|visit|donald_trump|israel,0.92,leader contact template,kalshi,archive,KXTRUMPVISITISRAEL-25,KXTRUMPVISITISRAEL-25,,,,False,"Will Trump visit Israel before Aug 1, 2025?","Before Aug 1, 2025","Before Aug 1, 2025",4487.0,2025-06-20 21:05:07.929047-07:00,2025-07-31 20:59:00-07:00,,,leader_contact,visit,donald_trump,israel,,before:2025-08-01,,,,leader_contact|visit|donald_trump|israel,0.92,leader contact template,0.92,deterministic_contract_key
polymarket,archive,520930,0x01d5f475cb30704216ae9906d369c0b2991cafec882ab4888a66ff11eb03e569,0,Yes,44446628319261786751896876365833910598445252343588252409740203088317210950410,False,Jerome Powell out as Fed Chair in 2025?,,,11760101.336012,2025-01-29 15:08:05.442231-08:00,2025-12-31 04:00:00-08:00,,,office_exit,leave_office,jerome_powell,,,year:2025,,,,office_exit|leave_office|jerome_powell|year:2025,office_exit|leave_office|jerome_powell,0.88,office exit template,kalshi,archive,LEAVEPOWELL-25-DEC31,LEAVEPOWELL-25,,,,False,Powell leaves before 2026?,Before 2026,Before 2026,6116626.0,2024-04-30 10:30:15.117453-07:00,2025-12-31 20:59:00-08:00,,,office_exit,leave_office,jerome_powell,,,year:2025,,,,office_exit|leave_office|jerome_powell,0.88,office exit template,0.88,deterministic_contract_key
polymarket,archive,527807,0xb17868a887f1f40595b2433c741b81be879add5f0a54a14f8a7cc0684dc4a0eb,0,Yes,96309695544495520203095223116782609207881514291963878378807412991184449319557,False,Will Vladimir Putin be the first leader out in 2025?,,,1782662.475384,2025-03-11 13:33:20.224539-07:00,2025-12-31 04:00:00-08:00,,,office_exit,leave_office,vladimir_putin,,,year:2025,,,,office_exit|leave_office|vladimir_putin|year:2025,office_exit|leave_office|vladimir_putin,0.88,office exit template,kalshi,archive,KXLEADEROUT-25-VPUT,KXLEADEROUT-25,,,,False,Vladimir Putin out this year?,Vladimir Putin,Vladimir Putin,4073.0,2025-05-19 08:31:28.775998-07:00,2025-08-01 07:00:00-07:00,,,office_exit,leave_office,vladimir_putin,,,year:2025,,,,office_exit|leave_office|vladimir_putin,0.88,office exit template,0.88,deterministic_contract_key
polymarket,archive,527808,0x5e1df4ad3d4a4640f57cdf11e23f26c16c9221d9614d4bf6eada4db6f34cd059,0,Yes,58879554417654245921504722538657003216070105934999990003805612960977670880586,False,Will Xi Jinping be the first leader out in 2025?,,,1833966.373545,2025-03-11 13:33:20.770906-07:00,2025-12-31 04:00:00-08:00,,,office_exit,leave_office,xi_jinping,,,year:2025,,,,office_exit|leave_office|xi_jinping|year:2025,office_exit|leave_office|xi_jinping,0.88,office exit template,kalshi,archive,KXLEADEROUT-25-XJIN,KXLEADEROUT-25,,,,False,Xi Jinping out this year?,Xi Jinping,Xi Jinping,97514.0,2025-05-19 08:31:28.775998-07:00,2025-08-01 07:00:00-07:00,,,office_exit,leave_office,xi_jinping,,,year:2025,,,,office_exit|leave_office|xi_jinping,0.88,office exit template,0.88,deterministic_contract_key
polymarket,archive,551963,0xf2ce8d3897ac5009a131637d3575f1f91c579bd08eecce6ae2b2da0f32bbe6f1,0,Yes,114304586861386186441621124384163963092522056897081085884483958561365015034812,False,Xi Jinping out in 2025?,,,78655911.742866,2025-06-12 10:36:33.023005-07:00,2025-12-31 15:55:00-08:00,,,office_exit,leave_office,xi_jinping,,,year:2025,,,,office_exit|leave_office|xi_jinping|year:2025,office_exit|leave_office|xi_jinping,0.88,office exit template,kalshi,archive,KXLEADEROUT-25-XJIN,KXLEADEROUT-25,,,,False,Xi Jinping out this year?,Xi Jinping,Xi Jinping,97514.0,2025-05-19 08:31:28.775998-07:00,2025-08-01 07:00:00-07:00,,,office_exit,leave_office,xi_jinping,,,year:2025,,,,office_exit|leave_office|xi_jinping,0.88,office exit template,0.88,deterministic_contract_key
polymarket,archive,525157,0xb58d0e3b3dd34b2b8d8997e6ce36ca3873bdd6034fe0dde633f11e50d4b18c69,0,Yes,74129046843921940913413587682588886122583847748489066762857187137233978267670,False,Zelensky resigns in 2025?,,,639799.279247,2025-02-24 15:06:16.266385-08:00,2025-12-31 04:00:00-08:00,,,office_exit,resign,volodymyr_zelenskyy,,,year:2025,,,,office_exit|resign|volodymyr_zelenskyy|year:2025,office_exit|resign|volodymyr_zelenskyy,0.88,office exit template,kalshi,archive,KXUKRAINERESIGN-26,KXUKRAINERESIGN-26,,,,False,"Will Volodymyr Zelenskyy resign before Jan 1, 2026?",Before 2026,Before 2026,200256.0,2025-03-05 08:31:39.586364-08:00,2026-01-01 07:00:00-08:00,,,office_exit,resign,volodymyr_zelenskyy,,,year:2025,,,,office_exit|resign|volodymyr_zelenskyy,0.88,office exit template,0.88,deterministic_contract_key
polymarket,archive,519777,0xc5821602b440e61665dce5dcdc0fd20153864ba185d26a13e9be80fe98bb9e97,0,Yes,26743053013371365007476551740114280533872198414218154821939946443052738700427,False,Fed decreases interest rates by 25 bps after May 2025 meeting?,,,21653201.774564,2025-01-23 11:07:41.305869-08:00,2025-05-07 05:00:00-07:00,,,fed_decision,cut,,,fed_meeting:2025-05,,,25,equal,fed_decision|cut|fed_meeting:2025-05|equal|25,fed_decision|cut|fed_meeting:2025-05|equal|25,0.86,fed decision template,kalshi,archive,KXFEDDECISION-25MAY-C25,KXFEDDECISION-25MAY,,,,False,Will the Federal Reserve Cut rates by 25bps at their May 2025 meeting?,Cut 25bps,Cut 25bps,17739576.0,2025-02-11 06:02:25.939029-08:00,2025-05-07 10:55:00-07:00,,,fed_decision,cut,,,fed_meeting:2025-05,,,25,equal,fed_decision|cut|fed_meeting:2025-05|equal|25,0.86,fed decision template,0.86,deterministic_contract_key
polymarket,archive,521835,0x872c8e9a4e4808a2ab714c267bd8a93f63cb739c853d7e4de2b42009e73f9b3f,0,Yes,72590024726245493077522454398168089576836207607927418208000602748203871211427,False,Fed decreases interest rates by 25 bps after June 2025 meeting?,,,22347675.300958,2025-02-04 13:57:45.227112-08:00,2025-06-18 05:00:00-07:00,,,fed_decision,cut,,,fed_meeting:2025-06,,,25,equal,fed_decision|cut|fed_meeting:2025-06|equal|25,fed_decision|cut|fed_meeting:2025-06|equal|25,0.86,fed decision template,kalshi,archive,KXFEDDECISION-25JUN-C25,KXFEDDECISION-25JUN,,,,False,Will the Federal Reserve Cut rates by 25bps at their June 2025 meeting?,Cut 25bps,Cut 25bps,17062008.0,2025-03-17 09:40:37.055470-07:00,2025-06-18 10:55:00-07:00,,,fed_decision,cut,,,fed_meeting:2025-06,,,25,equal,fed_decision|cut|fed_meeting:2025-06|equal|25,0.86,fed decision template,0.86,deterministic_contract_key
polymarket,archive,528973,0x812d8819cda5c57e824719de0381d8e207a45b5b71da31a6425f6c2f181a3fc4,0,Yes,44274863594881419064755425975616427905570818290480331177906247008783209380302,False,Fed decreases interest rates by 25 bps after July 2025 meeting?,,,23551704.395621,2025-03-19 12:32:16.262451-07:00,2025-07-30 05:00:00-07:00,,,fed_decision,cut,,,fed_meeting:2025-07,,,25,equal,fed_decision|cut|fed_meeting:2025-07|equal|25,fed_decision|cut|fed_meeting:2025-07|equal|25,0.86,fed decision template,kalshi,archive,KXFEDDECISION-25JUL-C25,KXFEDDECISION-25JUL,,,,False,Will the Federal Reserve Cut rates by 25bps at their July 2025 meeting?,Cut 25bps,Cut 25bps,20535325.0,2025-05-21 17:21:05.152477-07:00,2025-07-30 10:55:00-07:00,,,fed_decision,cut,,,fed_meeting:2025-07,,,25,equal,fed_decision|cut|fed_meeting:2025-07|equal|25,0.86,fed decision template,0.86,deterministic_contract_key
polymarket,archive,519778,0xffffb2874475ae9c1e3a0e3c3c4b4e329eb3105427aa484f357bf41c5fd77c4f,0,Yes,11948977256049640505529515118442328278366541768796561243240603850147585003221,False,No change in Fed interest rates after May 2025 meeting?,,,20629387.641397,2025-01-23 11:07:41.675536-08:00,2025-05-07 05:00:00-07:00,,,fed_decision,hold,,,fed_meeting:2025-05,,,0,hold,fed_decision|hold|fed_meeting:2025-05|hold|0,fed_decision|hold|fed_meeting:2025-05|hold|0,0.86,fed decision template,kalshi,archive,KXFEDDECISION-25MAY-H0,KXFEDDECISION-25MAY,,,,False,Will the Federal Reserve Hike rates by 0bps at their May 2025 meeting?,No change,No change,13237803.0,2025-02-11 06:02:25.939029-08:00,2025-05-07 10:55:00-07:00,,,fed_decision,hold,,,fed_meeting:2025-05,,,0,hold,fed_decision|hold|fed_meeting:2025-05|hold|0,0.86,fed decision template,0.86,deterministic_contract_key
polymarket,archive,521836,0xffdd774123c13df21ce755bfd4f65bde47a74f1377ea73c8b130d84c59831173,0,Yes,68046695472248272727543027597015771748863497493648721835081384395985280231101,False,No change in Fed interest rates after June 2025 meeting?,,,28071372.791282,2025-02-04 13:57:45.490441-08:00,2025-06-18 05:00:00-07:00,,,fed_decision,hold,,,fed_meeting:2025-06,,,0,hold,fed_decision|hold|fed_meeting:2025-06|hold|0,fed_decision|hold|fed_meeting:2025-06|hold|0,0.86,fed decision template,kalshi,archive,KXFEDDECISION-25JUN-H0,KXFEDDECISION-25JUN,,,,False,Will the Federal Reserve Hike rates by 0bps at their June 2025 meeting?,No change,No change,12292142.0,2025-03-17 09:40:37.055470-07:00,2025-06-18 10:55:00-07:00,,,fed_decision,hold,,,fed_meeting:2025-06,,,0,hold,fed_decision|hold|fed_meeting:2025-06|hold|0,0.86,fed decision template,0.86,deterministic_contract_key
polymarket,archive,528974,0x4a68d828f7263f34391484404380c34efa9566f12a08a88553ddbe8e285c3ae9,0,Yes,73793697275923646355831824753345919471011673129768736520616870696302293395247,False,No change in Fed interest rates after July 2025 meeting?,,,28670116.640169,2025-03-19 12:32:16.594619-07:00,2025-07-30 05:00:00-07:00,,,fed_decision,hold,,,fed_meeting:2025-07,,,0,hold,fed_decision|hold|fed_meeting:2025-07|hold|0,fed_decision|hold|fed_meeting:2025-07|hold|0,0.86,fed decision template,kalshi,archive,KXFEDDECISION-25JUL-H0,KXFEDDECISION-25JUL,,,,False,Will the Federal Reserve Hike rates by 0bps at their July 2025 meeting?,Fed maintains rate,Fed maintains rate,15032203.0,2025-05-21 17:21:05.152477-07:00,2025-07-30 10:55:00-07:00,,,fed_decision,hold,,,fed_meeting:2025-07,,,0,hold,fed_decision|hold|fed_meeting:2025-07|hold|0,0.86,fed decision template,0.86,deterministic_contract_key
polymarket,archive,509083,0xa1cee304c35d3821b004b633d7ec69cb445600085549f0ec8d431083fdb784a3,0,Yes,18961372535124834098905644813084699243253660356078926461397982196444456941452,False,Will the Anaheim Ducks win the 2025 Stanley Cup?,,,7426385.033368,2024-10-07 11:47:30.335993-07:00,2025-06-23 05:00:00-07:00,,,sports,win,anaheim_ducks,,nhl_stanley_cup,,2025,,,sports|win|anaheim_ducks|nhl_stanley_cup|2025,sports|win|anaheim_ducks|nhl_stanley_cup|2025,0.86,sports outcome template,kalshi,archive,KXNHL-25-ANA,KXNHL-25,,,,False,Will the Anaheim Ducks win the Stanley Cup Finals?,Anaheim,Anaheim,997.0,2025-01-22 11:57:03.159941-08:00,2025-06-17 19:55:06.386938-07:00,,,sports,win,anaheim_ducks,,nhl_stanley_cup,,2025,,,sports|win|anaheim_ducks|nhl_stanley_cup|2025,0.86,sports outcome template,0.86,deterministic_contract_key
polymarket,archive,509087,0x5b4e43b605a2c8faf591c86bbd04dc9d17e973da79c70a61dfec07005cfed19b,0,Yes,34062898919547035241491450616980356202012565644997551749779916931180368149118,False,Will the Boston Bruins win the 2025 Stanley Cup?,,,1347210.445813,2024-10-07 12:02:46.898064-07:00,2025-06-23 05:00:00-07:00,,,sports,win,boston_bruins,,nhl_stanley_cup,,2025,,,sports|win|boston_bruins|nhl_stanley_cup|2025,sports|win|boston_bruins|nhl_stanley_cup|2025,0.86,sports outcome template,kalshi,archive,KXNHL-25-BOS,KXNHL-25,,,,False,Will the Boston Bruins win the Stanley Cup Finals?,Boston,Boston,17149.0,2025-01-22 11:57:03.159942-08:00,2025-06-17 19:55:06.386938-07:00,,,sports,win,boston_bruins,,nhl_stanley_cup,,2025,,,sports|win|boston_bruins|nhl_stanley_cup|2025,0.86,sports outcome template,0.86,deterministic_contract_key
polymarket,archive,507857,0xd1cfd61da9ac8931fc3aa48ad05eb9687e6f925a15502eb23a04e0174d2c9f30,0,Yes,79992368230593363181711001558007704760805608401273323477280568017676781223445,False,Will the Boston Celtics win the 2025 NBA Finals?,,,8564198.99508098,2024-09-24 08:19:05.446328-07:00,2025-06-23 05:00:00-07:00,,,sports,win,boston_celtics,,nba_finals,,2025,,,sports|win|boston_celtics|nba_finals|2025,sports|win|boston_celtics|nba_finals|2025,0.86,sports outcome template,kalshi,archive,KXNBA-25-BOS,KXNBA-25,,,,False,Will the Boston Celtics win the NBA Finals?,Boston,Boston,3652086.0,2025-01-22 11:55:27.969464-08:00,2025-06-22 19:51:09.791711-07:00,,,sports,win,boston_celtics,,nba_finals,,2025,,,sports|win|boston_celtics|nba_finals|2025,0.86,sports outcome template,0.86,deterministic_contract_key
polymarket,archive,507858,0x2ee656b8bc037e24df53a6b1e33bd9ad12c913c065f564d965ebbfc79b5a4a8b,0,Yes,74808598649087154479962525915198898970439765661905419246136442620490456818907,False,Will the Brooklyn Nets win the 2025 NBA Finals?,,,56529405.934386,2024-09-24 08:19:25.773874-07:00,2025-06-23 05:00:00-07:00,,,sports,win,brooklyn_nets,,nba_finals,,2025,,,sports|win|brooklyn_nets|nba_finals|2025,sports|win|brooklyn_nets|nba_finals|2025,0.86,sports outcome template,kalshi,archive,KXNBA-25-BKN,KXNBA-25,,,,False,Will the Brooklyn Nets win the NBA Finals?,Brooklyn,Brooklyn,103.0,2025-01-22 11:55:27.969464-08:00,2025-06-22 19:51:09.791711-07:00,,,sports,win,brooklyn_nets,,nba_finals,,2025,,,sports|win|brooklyn_nets|nba_finals|2025,0.86,sports outcome template,0.86,deterministic_contract_key
polymarket,archive,525548,0x59893482329bae5941b0d89cb843c989365a86278c29849da97b65b8ca6c3a84,0,Yes,2826596216937951015859495552450129495927259899220369693381807208575750525606,False,Will Bryson DeChambeau win The 2025 Masters?,,,487988.752268,2025-02-26 14:38:30.590701-08:00,2025-04-14 05:00:00-07:00,,,sports,win,bryson_dechambeau,,masters,,2025,,,sports|win|bryson_dechambeau|masters|2025,sports|win|bryson_dechambeau|masters|2025,0.86,sports outcome template,kalshi,archive,KXMASTERS-25-BD,KXMASTERS-25,,,,False,Will the Bryson DeChambeau win the Masters?,Bryson DeChambeau,Bryson DeChambeau,13770315.0,2025-02-10 14:40:36.481290-08:00,2025-04-13 16:22:37.423821-07:00,,,sports,win,bryson_dechambeau,,masters,,2025,,,sports|win|bryson_dechambeau|masters|2025,0.86,sports outcome template,0.86,deterministic_contract_key
polymarket,archive,525641,0x6f8323ccf2ebd280fc9798266470be7b5d24e05b5ea7ac406360f88d6e8f70a8,0,Yes,54105310292109475550618597683163109745044898994455128031858590813064719956939,False,Will Bryson DeChambeau win The 2025 PGA Championship?,,,209999.137629,2025-02-26 15:53:31.193888-08:00,2025-05-18 05:00:00-07:00,,,sports,win,bryson_dechambeau,,pga_championship,,2025,,,sports|win|bryson_dechambeau|pga_championship|2025,sports|win|bryson_dechambeau|pga_championship|2025,0.86,sports outcome template,kalshi,archive,KXPGA-25-BD,KXPGA-25,,,,False,Will the Bryson DeChambeau win the PGA Championship?,Bryson DeChambeau,Bryson DeChambeau,3593135.0,2025-02-11 15:53:41.064923-08:00,2025-05-18 16:04:37.755488-07:00,,,sports,win,bryson_dechambeau,,pga_championship,,2025,,,sports|win|bryson_dechambeau|pga_championship|2025,0.86,sports outcome template,0.86,deterministic_contract_key
polymarket,archive,509088,0x996589e16b968a560860def78785a4a415ac8e43d9b56e651e230fef73bd565a,0,Yes,73853909052826019016601090767193677798812535871137994763282049233057394657941,False,Will the Buffalo Sabres win the 2025 Stanley Cup?,,,14029683.089652,2024-10-07 12:03:06.092746-07:00,2025-06-23 05:00:00-07:00,,,sports,win,buffalo_sabres,,nhl_stanley_cup,,2025,,,sports|win|buffalo_sabres|nhl_stanley_cup|2025,sports|win|buffalo_sabres|nhl_stanley_cup|2025,0.86,sports outcome template,kalshi,archive,KXNHL-25-BUF,KXNHL-25,,,,False,Will the Buffalo Sabres win the Stanley Cup Finals?,Buffalo,Buffalo,150.0,2025-01-22 11:57:03.159942-08:00,2025-06-17 19:55:06.386938-07:00,,,sports,win,buffalo_sabres,,nhl_stanley_cup,,2025,,,sports|win|buffalo_sabres|nhl_stanley_cup|2025,0.86,sports outcome template,0.86,deterministic_contract_key
polymarket,archive,509089,0xb006bcc75123f958a5562eac7be606b36ca17266c89a0bb9ecb5312221cd33f4,0,Yes,61422768797868676541286236953572754367639421910509689187536791812673223923456,False,Will the Calgary Flames win the 2025 Stanley Cup?,,,3442734.423457,2024-10-07 12:03:28.058051-07:00,2025-06-23 05:00:00-07:00,,,sports,win,calgary_flames,,nhl_stanley_cup,,2025,,,sports|win|calgary_flames|nhl_stanley_cup|2025,sports|win|calgary_flames|nhl_stanley_cup|2025,0.86,sports outcome template,kalshi,archive,KXNHL-25-CGY,KXNHL-25,,,,False,Will the Calgary Flames win the Stanley Cup Finals?,Calgary,Calgary,2.0,2025-01-22 11:57:03.159942-08:00,2025-06-17 19:55:06.386938-07:00,,,sports,win,calgary_flames,,nhl_stanley_cup,,2025,,,sports|win|calgary_flames|nhl_stanley_cup|2025,0.86,sports outcome template,0.86,deterministic_contract_key
polymarket,archive,525375,0x92007bff181c69633e52a717a9086801a327e8f74c03c5dbbe8321b267586540,0,Yes,113474009786331332752953762194004862123300115838571916564875495499759626682621,False,Will Carlos Sainz Jr. be the 2025 Drivers Champion?,,,8198274.247992,2025-02-26 10:26:33.616306-08:00,2025-12-07 04:00:00-08:00,,,sports,win,carlos_sainz,,formula_1_drivers_championship,,2025,,,sports|win|carlos_sainz|formula_1_drivers_championship|2025,sports|win|carlos_sainz|formula_1_drivers_championship|2025,0.86,sports outcome template,kalshi,archive,KXF1-25-CS,KXF1-25,,,,False,Will the Carlos Sainz win the Formula 1 Drivers Championship?,Carlos Sainz,Carlos Sainz,3700.0,2025-02-11 15:22:26.139158-08:00,2027-12-07 07:00:00-08:00,,,sports,win,carlos_sainz,,formula_1_drivers_championship,,2025,,,sports|win|carlos_sainz|formula_1_drivers_championship|2025,0.86,sports outcome template,0.86,deterministic_contract_key
polymarket,archive,509090,0xceeb3a4731ce686d37801362732d01149bbbf6479961d383a2bead6219f003ff,0,Yes,110323283036713091076968070588563167102185360959380041325414339046334359784525,False,Will the Carolina Hurricanes win the 2025 Stanley Cup?,,,1420375.644992,2024-10-07 12:03:44.299658-07:00,2025-06-23 05:00:00-07:00,,,sports,win,carolina_hurricanes,,nhl_stanley_cup,,2025,,,sports|win|carolina_hurricanes|nhl_stanley_cup|2025,sports|win|carolina_hurricanes|nhl_stanley_cup|2025,0.86,sports outcome template,kalshi,archive,KXNHL-25-CAR,KXNHL-25,,,,False,Will the Carolina Hurricanes win the Stanley Cup Finals?,Carolina,Carolina,770655.0,2025-01-22 11:57:03.159942-08:00,2025-06-17 19:55:06.386938-07:00,,,sports,win,carolina_hurricanes,,nhl_stanley_cup,,2025,,,sports|win|carolina_hurricanes|nhl_stanley_cup|2025,0.86,sports outcome template,0.86,deterministic_contract_key
polymarket,archive,525360,0x8e7409627b88e0e5745859ccfef3a7d75f57c95b639650c7b5340865ad5ca70c,0,Yes,55025649710855097907584715897500741233378758804640366078917720381688116032546,False,Will Charles Leclerc be the 2025 Drivers Champion?,,,14052024.984162,2025-02-26 10:26:27.359907-08:00,2025-12-07 04:00:00-08:00,,,sports,win,charles_leclerc,,formula_1_drivers_championship,,2025,,,sports|win|charles_leclerc|formula_1_drivers_championship|2025,sports|win|charles_leclerc|formula_1_drivers_championship|2025,0.86,sports outcome template,kalshi,archive,KXF1-25-CL,KXF1-25,,,,False,Will the Charles Leclerc win the Formula 1 Drivers Championship?,Charles Leclerc,Charles Leclerc,69245.0,2025-02-11 15:22:26.139157-08:00,2027-12-07 07:00:00-08:00,,,sports,win,charles_leclerc,,formula_1_drivers_championship,,2025,,,sports|win|charles_leclerc|formula_1_drivers_championship|2025,0.86,sports outcome template,0.86,deterministic_contract_key
polymarket,archive,507859,0x3329697f75e759b7fb781e52314d4322492a6d0816e8465d90091af88a3f4219,0,Yes,25436247939029572982277188919226292094124958162220886464449785995391293568622,False,Will the Charlotte Hornets win the 2025 NBA Finals?,,,116668813.604393,2024-09-24 08:19:44.221043-07:00,2025-06-23 05:00:00-07:00,,,sports,win,charlotte_hornets,,nba_finals,,2025,,,sports|win|charlotte_hornets|nba_finals|2025,sports|win|charlotte_hornets|nba_finals|2025,0.86,sports outcome template,kalshi,archive,KXNBA-25-CHA,KXNBA-25,,,,False,Will the Charlotte Hornets win the NBA Finals?,Charlotte,Charlotte,936.0,2025-01-22 11:55:27.969464-08:00,2025-06-22 19:51:09.791711-07:00,,,sports,win,charlotte_hornets,,nba_finals,,2025,,,sports|win|charlotte_hornets|nba_finals|2025,0.86,sports outcome template,0.86,deterministic_contract_key
polymarket,archive,509091,0xcc846e4e2304f3076a69a7b8bfdc930aa6a772002a79915b741520eddb5ef492,0,Yes,85326261489999178731044704275465030516392207588267249935815331821607609982183,False,Will the Chicago Blackhawks win the 2025 Stanley Cup?,,,31500276.745636,2024-10-07 12:04:20.240878-07:00,2025-06-23 05:00:00-07:00,,,sports,win,chicago_blackhawks,,nhl_stanley_cup,,2025,,,sports|win|chicago_blackhawks|nhl_stanley_cup|2025,sports|win|chicago_blackhawks|nhl_stanley_cup|2025,0.86,sports outcome template,kalshi,archive,KXNHL-25-CHI,KXNHL-25,,,,False,Will the Chicago Blackhawks win the Stanley Cup Finals?,Chicago,Chicago,113.0,2025-01-22 11:57:03.159942-08:00,2025-06-17 19:55:06.386938-07:00,,,sports,win,chicago_blackhawks,,nhl_stanley_cup,,2025,,,sports|win|chicago_blackhawks|nhl_stanley_cup|2025,0.86,sports outcome template,0.86,deterministic_contract_key
polymarket,archive,507860,0xc635cfc916000aff903b80fe81472fd8e6cdccb88f616e8d8befb78db66552d3,0,Yes,489120874728803010565862863143873625743826985683641720297428018817488289476,False,Will the Chicago Bulls win the 2025 NBA Finals?,,,53153256.9951301,2024-09-24 08:20:08.778442-07:00,2025-06-23 05:00:00-07:00,,,sports,win,chicago_bulls,,nba_finals,,2025,,,sports|win|chicago_bulls|nba_finals|2025,sports|win|chicago_bulls|nba_finals|2025,0.86,sports outcome template,kalshi,archive,KXNBA-25-CHI,KXNBA-25,,,,False,Will the Chicago Bulls win the NBA Finals?,Chicago,Chicago,2634.0,2025-01-22 11:55:27.969464-08:00,2025-06-22 19:51:09.791711-07:00,,,sports,win,chicago_bulls,,nba_finals,,2025,,,sports|win|chicago_bulls|nba_finals|2025,0.86,sports outcome template,0.86,deterministic_contract_key
polymarket,archive,507861,0xc28a6a59080f7ed26620bfe111ce0bac356057cdd182a252f26632a0524aaa09,0,Yes,49447004384417568080601950778558773848821467618732154986731215382813338416098,False,Will the Cleveland Cavaliers win the 2025 NBA Finals?,,,10061160.550156,2024-09-24 08:20:31.827225-07:00,2025-06-23 05:00:00-07:00,,,sports,win,cleveland_cavaliers,,nba_finals,,2025,,,sports|win|cleveland_cavaliers|nba_finals|2025,sports|win|cleveland_cavaliers|nba_finals|2025,0.86,sports outcome template,kalshi,archive,KXNBA-25-CLE,KXNBA-25,,,,False,Will the Cleveland Cavaliers win the NBA Finals?,Cleveland,Cleveland,2828857.0,2025-01-22 11:55:27.969465-08:00,2025-06-22 19:51:09.791711-07:00,,,sports,win,cleveland_cavaliers,,nba_finals,,2025,,,sports|win|cleveland_cavaliers|nba_finals|2025,0.86,sports outcome template,0.86,deterministic_contract_key
polymarket,archive,525421,0xa94c8395a76220162cc1acaebb7c3372fdb064c597e298e7f0dc3146034187d1,0,Yes,48377744583541670518490601053566251668279588976014815165689324789693275307136,False,Will the Cleveland Guardians win the 2025 American League Championship?,,,22628.919512,2025-02-26 10:43:15.365424-08:00,2025-10-31 05:00:00-07:00,,,sports,win,cleveland_guardians,,mlb_american_league,,2025,,,sports|win|cleveland_guardians|mlb_american_league|2025,sports|win|cleveland_guardians|mlb_american_league|2025,0.86,sports outcome template,kalshi,archive,KXMLBAL-25-CLE,KXMLBAL-25,,,,False,Will the Cleveland win the Pro Baseball American League Championship?,Cleveland,Cleveland,333735.0,2025-02-12 20:39:16.735342-08:00,2025-10-20 20:03:21.236574-07:00,,,sports,win,cleveland_guardians,,mlb_american_league,,2025,,,sports|win|cleveland_guardians|mlb_american_league|2025,0.86,sports outcome template,0.86,deterministic_contract_key
polymarket,archive,525390,0x84d62ee93bfa7d38836e278801c8c5ccb791482d36b0fbedc990ac2ba1610d9c,0,Yes,59509306175423189901274317412067055291186651992183300308846686837561073993871,False,Will the Cleveland Guardians win the 2025 World Series?,,,1707093.185591,2025-02-26 10:37:20.752261-08:00,2025-10-31 05:00:00-07:00,,,sports,win,cleveland_guardians,,mlb_championship,,2025,,,sports|win|cleveland_guardians|mlb_championship|2025,sports|win|cleveland_guardians|mlb_championship|2025,0.86,sports outcome template,kalshi,archive,KXMLB-25-CLE,KXMLB-25,,,,False,Will the Cleveland win the Pro Baseball Championship?,Cleveland,Cleveland,664558.0,2025-02-12 20:32:37.352031-08:00,2025-11-01 21:26:30.868287-07:00,,,sports,win,cleveland_guardians,,mlb_championship,,2025,,,sports|win|cleveland_guardians|mlb_championship|2025,0.86,sports outcome template,0.86,deterministic_contract_key
polymarket,archive,525625,0x8292efeee76cf38a3d1c07b97f1372eddd638e680d892dc6632e42ba08c9dec9,0,Yes,94117568789753976054570122684048158942339996473211620065677874068862694353165,False,Will Collin Morikawa win The 2025 PGA Championship?,,,27398.22478,2025-02-26 15:53:25.755705-08:00,2025-05-18 05:00:00-07:00,,,sports,win,collin_morikawa,,pga_championship,,2025,,,sports|win|collin_morikawa|pga_championship|2025,sports|win|collin_morikawa|pga_championship|2025,0.86,sports outcome template,kalshi,archive,KXPGA-25-CM,KXPGA-25,,,,False,Will the Collin Morikawa win the PGA Championship?,Collin Morikawa,Collin Morikawa,443907.0,2025-02-11 15:53:41.064923-08:00,2025-05-18 16:04:37.755488-07:00,,,sports,win,collin_morikawa,,pga_championship,,2025,,,sports|win|collin_morikawa|pga_championship|2025,0.86,sports outcome template,0.86,deterministic_contract_key
polymarket,archive,509118,0xded5e3aac89222e48578b1f7a2ef39a61d18017d5c5c709701ba2ae5d5ddfbc9,0,Yes,30531100159145370986879300047864642365732067817909665644034177188714713736425,False,Will the Colorado Avalanche win the 2025 Stanley Cup?,,,1158576.167129,2024-10-07 12:39:59.136522-07:00,2025-06-23 05:00:00-07:00,,,sports,win,colorado_avalanche,,nhl_stanley_cup,,2025,,,sports|win|colorado_avalanche|nhl_stanley_cup|2025,sports|win|colorado_avalanche|nhl_stanley_cup|2025,0.86,sports outcome template,kalshi,archive,KXNHL-25-COL,KXNHL-25,,,,False,Will the Colorado Avalanche win the Stanley Cup Finals?,Colorado,Colorado,355045.0,2025-01-22 11:57:03.159942-08:00,2025-06-17 19:55:06.386938-07:00,,,sports,win,colorado_avalanche,,nhl_stanley_cup,,2025,,,sports|win|colorado_avalanche|nhl_stanley_cup|2025,0.86,sports outcome template,0.86,deterministic_contract_key
polymarket,archive,509092,0x2d7e29af3bba553a336d02292525b67218cfa5a6f123ed0eda1bd44d9981526e,0,Yes,49468300433134770464989301413538642878368372514681611028961541614921560145499,False,Will the Columbus Blue Jackets win the 2025 Stanley Cup?,,,3738344.475988,2024-10-07 12:13:03.707929-07:00,2025-06-23 05:00:00-07:00,,,sports,win,columbus_blue_jackets,,nhl_stanley_cup,,2025,,,sports|win|columbus_blue_jackets|nhl_stanley_cup|2025,sports|win|columbus_blue_jackets|nhl_stanley_cup|2025,0.86,sports outcome template,kalshi,archive,KXNHL-25-CBJ,KXNHL-25,,,,False,Will the Columbus Blue Jackets win the Stanley Cup Finals?,Columbus,Columbus,5504.0,2025-01-22 11:57:03.159942-08:00,2025-06-17 19:55:06.386938-07:00,,,sports,win,columbus_blue_jackets,,nhl_stanley_cup,,2025,,,sports|win|columbus_blue_jackets|nhl_stanley_cup|2025,0.86,sports outcome template,0.86,deterministic_contract_key
polymarket,archive,509093,0x3a5a0289c93118833ee682065e6935ded62984992f97fd5a59b4d2271214282d,0,Yes,93480420203974817483901975324135553239180328202608653927339728574082069054092,False,Will the Dallas Stars win the 2025 Stanley Cup?,,,2418830.372885,2024-10-07 12:16:04.815489-07:00,2025-06-23 05:00:00-07:00,,,sports,win,dallas_stars,,nhl_stanley_cup,,2025,,,sports|win|dallas_stars|nhl_stanley_cup|2025,sports|win|dallas_stars|nhl_stanley_cup|2025,0.86,sports outcome template,kalshi,archive,KXNHL-25-DAL,KXNHL-25,,,,False,Will the Dallas Stars win the Stanley Cup Finals?,Dallas,Dallas,1440696.0,2025-01-22 11:57:03.159942-08:00,2025-06-17 19:55:06.386938-07:00,,,sports,win,dallas_stars,,nhl_stanley_cup,,2025,,,sports|win|dallas_stars|nhl_stanley_cup|2025,0.86,sports outcome template,0.86,deterministic_contract_key
polymarket,archive,507863,0x497d6cf1098ea666aed470ead36e66ab5a9d54ff29cdf6357708a20aa1808e6e,0,Yes,54931742970341376819266148374907616181683789362335343693000406620811688341687,False,Will the Denver Nuggets win the 2025 NBA Finals?,,,38846310.001327,2024-09-24 08:21:38.740908-07:00,2025-06-23 05:00:00-07:00,,,sports,win,denver_nuggets,,nba_finals,,2025,,,sports|win|denver_nuggets|nba_finals|2025,sports|win|denver_nuggets|nba_finals|2025,0.86,sports outcome template,kalshi,archive,KXNBA-25-DEN,KXNBA-25,,,,False,Will the Denver Nuggets win the NBA Finals?,Denver,Denver,5379153.0,2025-01-22 11:55:27.969465-08:00,2025-06-22 19:51:09.791711-07:00,,,sports,win,denver_nuggets,,nba_finals,,2025,,,sports|win|denver_nuggets|nba_finals|2025,0.86,sports outcome template,0.86,deterministic_contract_key
polymarket,archive,507864,0xba6c5ece6d70e46fc4fe5dfd73db248bc1a1a162bebc05e9b2cd8b91293cccce,0,Yes,62675184775392818687850386773179147277071939888123341174586388834390873198930,False,Will the Detroit Pistons win the 2025 NBA Finals?,,,61077508.080874,2024-09-24 08:21:59.638942-07:00,2025-06-23 05:00:00-07:00,,,sports,win,detroit_pistons,,nba_finals,,2025,,,sports|win|detroit_pistons|nba_finals|2025,sports|win|detroit_pistons|nba_finals|2025,0.86,sports outcome template,kalshi,archive,KXNBA-25-DET,KXNBA-25,,,,False,Will the Detroit Pistons win the NBA Finals?,Detroit,Detroit,85695.0,2025-01-22 11:55:27.969465-08:00,2025-06-22 19:51:09.791711-07:00,,,sports,win,detroit_pistons,,nba_finals,,2025,,,sports|win|detroit_pistons|nba_finals|2025,0.86,sports outcome template,0.86,deterministic_contract_key
polymarket,archive,509095,0x1b3f3f9a32da3ef3839f7ea2296c8b681ac58b88a19db50dd66de39e113556ef,0,Yes,48637111734764267806181654588727928806425579711009754749207416951459322547516,False,Will the Edmonton Oilers win the 2025 Stanley Cup?,,,4208232.83624,2024-10-07 12:17:04.892386-07:00,2025-06-23 05:00:00-07:00,,,sports,win,edmonton_oilers,,nhl_stanley_cup,,2025,,,sports|win|edmonton_oilers|nhl_stanley_cup|2025,sports|win|edmonton_oilers|nhl_stanley_cup|2025,0.86,sports outcome template,kalshi,archive,KXNHL-25-EDM,KXNHL-25,,,,False,Will the Edmonton Oilers win the Stanley Cup Finals?,Edmonton,Edmonton,4317589.0,2025-01-22 11:57:03.159942-08:00,2025-06-17 19:55:06.386938-07:00,,,sports,win,edmonton_oilers,,nhl_stanley_cup,,2025,,,sports|win|edmonton_oilers|nhl_stanley_cup|2025,0.86,sports outcome template,0.86,deterministic_contract_key
polymarket,archive,525370,0x9939fd74f2d2078cafd04de7a9a8060b27ff331f8db4a737121519b81440de1e,0,Yes,33010805605134425921168354245849797091787733632015977091308165425611961316525,False,Will Esteban Ocon be the 2025 Drivers Champion?,,,6589357.845451,2025-02-26 10:26:31.593558-08:00,2025-12-07 04:00:00-08:00,,,sports,win,esteban_ocon,,formula_1_drivers_championship,,2025,,,sports|win|esteban_ocon|formula_1_drivers_championship|2025,sports|win|esteban_ocon|formula_1_drivers_championship|2025,0.86,sports outcome template,kalshi,archive,KXF1-25-EO,KXF1-25,,,,False,Will the Esteban Ocon win the Formula 1 Drivers Championship?,Esteban Ocon,Esteban Ocon,461.0,2025-02-11 15:22:26.139158-08:00,2027-12-07 07:00:00-08:00,,,sports,win,esteban_ocon,,formula_1_drivers_championship,,2025,,,sports|win|esteban_ocon|formula_1_drivers_championship|2025,0.86,sports outcome template,0.86,deterministic_contract_key
polymarket,archive,525366,0xd2f0475a426f69d5da5971e0bbd1d47344332f577027b08bf94965078f6aa562,0,Yes,100818246640065738651525050942469468917586418841495871735444888580128368622001,False,Will Fernando Alonso be the 2025 Drivers Champion?,,,4354458.641273,2025-02-26 10:26:29.854457-08:00,2025-12-07 04:00:00-08:00,,,sports,win,fernando_alonso,,formula_1_drivers_championship,,2025,,,sports|win|fernando_alonso|formula_1_drivers_championship|2025,sports|win|fernando_alonso|formula_1_drivers_championship|2025,0.86,sports outcome template,kalshi,archive,KXF1-25-FA,KXF1-25,,,,False,Will the Fernando Alonso win the Formula 1 Drivers Championship?,Fernando Alonso,Fernando Alonso,2975.0,2025-02-11 15:22:26.139158-08:00,2027-12-07 07:00:00-08:00,,,sports,win,fernando_alonso,,formula_1_drivers_championship,,2025,,,sports|win|fernando_alonso|formula_1_drivers_championship|2025,0.86,sports outcome template,0.86,deterministic_contract_key
polymarket,archive,509096,0xee49c41419021c5282902eabae4a3f58a9c3a7c20dadd8a389385509087eb881,0,Yes,19060171445833173385355470829095263267200049171054105860956258664476844094114,False,Will the Florida Panthers win the 2025 Stanley Cup?,,,3893070.819332,2024-10-07 12:17:24.172239-07:00,2025-06-23 05:00:00-07:00,,,sports,win,florida_panthers,,nhl_stanley_cup,,2025,,,sports|win|florida_panthers|nhl_stanley_cup|2025,sports|win|florida_panthers|nhl_stanley_cup|2025,0.86,sports outcome template,kalshi,archive,KXNHL-25-FLA,KXNHL-25,,,,False,Will the Florida Panthers win the Stanley Cup Finals?,Florida,Florida,4301692.0,2025-01-22 11:57:03.159943-08:00,2025-06-17 19:55:06.386938-07:00,,,sports,win,florida_panthers,,nhl_stanley_cup,,2025,,,sports|win|florida_panthers|nhl_stanley_cup|2025,0.86,sports outcome template,0.86,deterministic_contract_key
polymarket,archive,525377,0x11097c3daad854876a8d9ef2abdd43dc327b5be1cb5f08b562c2d422d2b1e3d6,0,Yes,109218249476568526773606272847414012535880065998537543825105020937035564498147,False,Will Gabriel Bortoleto be the 2025 Drivers Champion?,,,2438984.024866,2025-02-26 10:26:34.375683-08:00,2025-12-07 04:00:00-08:00,,,sports,win,gabriel_bortoleto,,formula_1_drivers_championship,,2025,,,sports|win|gabriel_bortoleto|formula_1_drivers_championship|2025,sports|win|gabriel_bortoleto|formula_1_drivers_championship|2025,0.86,sports outcome template,kalshi,archive,KXF1-25-GB,KXF1-25,,,,False,Will the Gabriel Bortoleto win the Formula 1 Drivers Championship?,Gabriel Bortoleto,Gabriel Bortoleto,329.0,2025-02-11 15:22:26.139159-08:00,2027-12-07 07:00:00-08:00,,,sports,win,gabriel_bortoleto,,formula_1_drivers_championship,,2025,,,sports|win|gabriel_bortoleto|formula_1_drivers_championship|2025,0.86,sports outcome template,0.86,deterministic_contract_key
polymarket,archive,525362,0x7e8953cc66f9dabfe80fb0d1a9284bffb7a293f700b21027261fade58a082d73,0,Yes,107753774224203769130147553100021647266505406103101724266300142469353923873069,False,Will George Russell be the 2025 Drivers Champion?,,,29698106.695952,2025-02-26 10:26:28.214761-08:00,2025-12-07 04:00:00-08:00,,,sports,win,george_russell,,formula_1_drivers_championship,,2025,,,sports|win|george_russell|formula_1_drivers_championship|2025,sports|win|george_russell|formula_1_drivers_championship|2025,0.86,sports outcome template,kalshi,archive,KXF1-25-GR,KXF1-25,,,,False,Will the George Russell win the Formula 1 Drivers Championship?,George Russell,George Russell,31306.0,2025-02-11 15:22:26.139157-08:00,2027-12-07 07:00:00-08:00,,,sports,win,george_russell,,formula_1_drivers_championship,,2025,,,sports|win|george_russell|formula_1_drivers_championship|2025,0.86,sports outcome template,0.86,deterministic_contract_key
polymarket,archive,525534,0xcc15be7879f727d6c306c24e987b5db3d63aeb59a8c7033e1ee4a765026dc2d7,0,Yes,97600716074951938653067570352573898495190236819848946732771614026628966119811,False,Will Hideki Matsuyama win The 2025 Masters?,,,245043.652444,2025-02-26 14:38:25.343305-08:00,2025-04-14 05:00:00-07:00,,,sports,win,hideki_matsuyama,,masters,,2025,,,sports|win|hideki_matsuyama|masters|2025,sports|win|hideki_matsuyama|masters|2025,0.86,sports outcome template,kalshi,archive,KXMASTERS-25-HM,KXMASTERS-25,,,,False,Will the Hideki Matsuyama win the Masters?,Hideki Matsuyama,Hideki Matsuyama,569775.0,2025-02-10 14:40:36.481290-08:00,2025-04-13 16:22:37.423821-07:00,,,sports,win,hideki_matsuyama,,masters,,2025,,,sports|win|hideki_matsuyama|masters|2025,0.86,sports outcome template,0.86,deterministic_contract_key
polymarket,archive,507866,0x5f437a76e4e76fbe81b4269e5f8ffd98ade4751ec849baa0a68284723645904d,0,Yes,114498674664747165339015323604447864593755086767230574975645203019886592862371,False,Will the Houston Rockets win the 2025 NBA Finals?,,,20431507.65441,2024-09-24 08:22:40.522919-07:00,2025-06-23 05:00:00-07:00,,,sports,win,houston_rockets,,nba_finals,,2025,,,sports|win|houston_rockets|nba_finals|2025,sports|win|houston_rockets|nba_finals|2025,0.86,sports outcome template,kalshi,archive,KXNBA-25-HOU,KXNBA-25,,,,False,Will the Houston Rockets win the NBA Finals?,Houston,Houston,1103154.0,2025-01-22 11:55:27.969465-08:00,2025-06-22 19:51:09.791711-07:00,,,sports,win,houston_rockets,,nba_finals,,2025,,,sports|win|houston_rockets|nba_finals|2025,0.86,sports outcome template,0.86,deterministic_contract_key
polymarket,archive,525369,0x994d6fe74741a1fa7e9a9d47fb066a143835d9c9d3fdda83a2302c0844d64837,0,Yes,61117537536766078395299116974039122491421023552316079654746713738187983249915,False,Will Jack Doohan be the 2025 Drivers Champion?,,,2677226.33088,2025-02-26 10:26:31.010392-08:00,2025-12-07 04:00:00-08:00,,,sports,win,jack_doohan,,formula_1_drivers_championship,,2025,,,sports|win|jack_doohan|formula_1_drivers_championship|2025,sports|win|jack_doohan|formula_1_drivers_championship|2025,0.86,sports outcome template,kalshi,archive,KXF1-25-JD,KXF1-25,,,,False,Will the Jack Doohan win the Formula 1 Drivers Championship?,Jack Doohan,Jack Doohan,726.0,2025-02-11 15:22:26.139158-08:00,2027-12-07 07:00:00-08:00,,,sports,win,jack_doohan,,formula_1_drivers_championship,,2025,,,sports|win|jack_doohan|formula_1_drivers_championship|2025,0.86,sports outcome template,0.86,deterministic_contract_key
polymarket,archive,525642,0x8469cd8e3fbb7cfbd313bcdb9ec7f269519993208ccd4371149fc141a9309437,0,Yes,44094566774885306781879694285539050086830367719596267573193790231573830574278,False,Will Jon Rahm win The 2025 PGA Championship?,,,42503.24052,2025-02-26 15:53:31.525018-08:00,2025-05-18 05:00:00-07:00,,,sports,win,jon_rahm,,pga_championship,,2025,,,sports|win|jon_rahm|pga_championship|2025,sports|win|jon_rahm|pga_championship|2025,0.86,sports outcome template,kalshi,archive,KXPGA-25-JR,KXPGA-25,,,,False,Will the Jon Rahm win the PGA Championship?,Jon Rahm,Jon Rahm,1982516.0,2025-02-11 15:53:41.064923-08:00,2025-05-18 16:04:37.755488-07:00,,,sports,win,jon_rahm,,pga_championship,,2025,,,sports|win|jon_rahm|pga_championship|2025,0.86,sports outcome template,0.86,deterministic_contract_key
polymarket,archive,525630,0x5e958663d5a4aefff6284798171d0b8d61cbb59c003b3b6d494fae585b2d6ad0,0,Yes,52066422279384654958830843188937473982123201251623882451773299302509594234176,False,Will Justin Thomas win The 2025 PGA Championship?,,,49068.453258,2025-02-26 15:53:27.444697-08:00,2025-05-18 05:00:00-07:00,,,sports,win,justin_thomas,,pga_championship,,2025,,,sports|win|justin_thomas|pga_championship|2025,sports|win|justin_thomas|pga_championship|2025,0.86,sports outcome template,kalshi,archive,KXPGA-25-JT,KXPGA-25,,,,False,Will the Justin Thomas win the PGA Championship?,Justin Thomas,Justin Thomas,667987.0,2025-02-11 15:53:41.064923-08:00,2025-05-18 16:04:37.755488-07:00,,,sports,win,justin_thomas,,pga_championship,,2025,,,sports|win|justin_thomas|pga_championship|2025,0.86,sports outcome template,0.86,deterministic_contract_key
polymarket,archive,525363,0x56e8cd19951bf3f7fb74866ba579db274ebbb11ccadcaed40cf45c028e403b9c,0,Yes,73593540488691341205810067442333545550295827471705490583799168173425834345205,False,Will Andrea Kimi Antonelli be the 2025 Drivers Champion?,,,8484175.16981,2025-02-26 10:26:28.601262-08:00,2025-12-07 04:00:00-08:00,,,sports,win,kimi_antonelli,,formula_1_drivers_championship,,2025,,,sports|win|kimi_antonelli|formula_1_drivers_championship|2025,sports|win|kimi_antonelli|formula_1_drivers_championship|2025,0.86,sports outcome template,kalshi,archive,KXF1-25-KA,KXF1-25,,,,False,Will the Kimi Antonelli win the Formula 1 Drivers Championship?,Kimi Antonelli,Kimi Antonelli,67941.0,2025-02-11 15:22:26.139157-08:00,2027-12-07 07:00:00-08:00,,,sports,win,kimi_antonelli,,formula_1_drivers_championship,,2025,,,sports|win|kimi_antonelli|formula_1_drivers_championship|2025,0.86,sports outcome template,0.86,deterministic_contract_key
polymarket,archive,525367,0x703cac2f85877a6640fb0e949776b59983442c46af8d263aa107e88e04d620a1,0,Yes,42066158667084463480576565273145126701253045478877865848900149374152924372049,False,Will Lance Stroll be the 2025 Drivers Champion?,,,7792973.95416,2025-02-26 10:26:30.234516-08:00,2025-12-07 04:00:00-08:00,,,sports,win,lance_stroll,,formula_1_drivers_championship,,2025,,,sports|win|lance_stroll|formula_1_drivers_championship|2025,sports|win|lance_stroll|formula_1_drivers_championship|2025,0.86,sports outcome template,kalshi,archive,KXF1-25-LS,KXF1-25,,,,False,Will the Lance Stroll win the Formula 1 Drivers Championship?,Lance Stroll,Lance Stroll,1055.0,2025-02-11 15:22:26.139159-08:00,2027-12-07 07:00:00-08:00,,,sports,win,lance_stroll,,formula_1_drivers_championship,,2025,,,sports|win|lance_stroll|formula_1_drivers_championship|2025,0.86,sports outcome template,0.86,deterministic_contract_key
polymarket,archive,525361,0x9c60e608e40b658cf15c18b0aaaddda7c6614e66187ec4ecc34be6c8526ef16f,0,Yes,57828838649055202199104198308536226251146563263826666580894469278188887798990,False,Will Lewis Hamilton be the 2025 Drivers Champion?,,,20546601.59142,2025-02-26 10:26:27.761644-08:00,2025-12-07 04:00:00-08:00,,,sports,win,lewis_hamilton,,formula_1_drivers_championship,,2025,,,sports|win|lewis_hamilton|formula_1_drivers_championship|2025,sports|win|lewis_hamilton|formula_1_drivers_championship|2025,0.86,sports outcome template,kalshi,archive,KXF1-25-LH,KXF1-25,,,,False,Will the Lewis Hamilton win the Formula 1 Drivers Championship?,Lewis Hamilton,Lewis Hamilton,72546.0,2025-02-11 15:22:26.139157-08:00,2027-12-07 07:00:00-08:00,,,sports,win,lewis_hamilton,,formula_1_drivers_championship,,2025,,,sports|win|lewis_hamilton|formula_1_drivers_championship|2025,0.86,sports outcome template,0.86,deterministic_contract_key
polymarket,archive,507869,0x4e2dd28f54a645ac62743a49116dfae0b6fd22ef4187ee2a340d1346ca612bcf,0,Yes,53324254455450563344400636027576535376151041372106632125382807757609541279524,False,Will the LA Clippers win the 2025 NBA Finals?,,,69838997.3981325,2024-09-24 08:23:47.197063-07:00,2025-06-23 05:00:00-07:00,,,sports,win,los_angeles_clippers,,nba_finals,,2025,,,sports|win|los_angeles_clippers|nba_finals|2025,sports|win|los_angeles_clippers|nba_finals|2025,0.86,sports outcome template,kalshi,archive,KXNBA-25-LAC,KXNBA-25,,,,False,Will the Los Angeles Clippers win the NBA Finals?,Los Angeles C,Los Angeles C,1141886.0,2025-01-22 11:55:27.969465-08:00,2025-06-22 19:51:09.791711-07:00,,,sports,win,los_angeles_clippers,,nba_finals,,2025,,,sports|win|los_angeles_clippers|nba_finals|2025,0.86,sports outcome template,0.86,deterministic_contract_key
polymarket,archive,525410,0x1073cc3483263763397b853cb095ac8451f7e26b5a94231b5973c14bf6e7a95a,0,Yes,50056291296373013403053264672448796961558656386670931029485176637893947669174,False,Will the Los Angeles Dodgers win the 2025 World Series?,,,10561644.990771,2025-02-26 10:37:27.649954-08:00,2025-10-31 05:00:00-07:00,,,sports,win,los_angeles_dodgers,,mlb_championship,,2025,,,sports|win|los_angeles_dodgers|mlb_championship|2025,sports|win|los_angeles_dodgers|mlb_championship|2025,0.86,sports outcome template,kalshi,archive,KXMLB-25-LAD,KXMLB-25,,,,False,Will the Los Angeles D win the Pro Baseball Championship?,Los Angeles D,Los Angeles D,41324295.0,2025-02-12 20:32:37.352032-08:00,2025-11-01 21:26:30.868287-07:00,,,sports,win,los_angeles_dodgers,,mlb_championship,,2025,,,sports|win|los_angeles_dodgers|mlb_championship|2025,0.86,sports outcome template,0.86,deterministic_contract_key
polymarket,archive,509097,0x794c65cfbadb39b11fe7b89c8994fcbe2678e562b0f9399fdeeaebcbc9fca093,0,Yes,21589595540874947149080758860789924558496307946261272860155981723970280821206,False,Will the Los Angeles Kings win the 2025 Stanley Cup?,,,1181399.781688,2024-10-07 12:19:10.173599-07:00,2025-06-23 05:00:00-07:00,,,sports,win,los_angeles_kings,,nhl_stanley_cup,,2025,,,sports|win|los_angeles_kings|nhl_stanley_cup|2025,sports|win|los_angeles_kings|nhl_stanley_cup|2025,0.86,sports outcome template,kalshi,archive,KXNHL-25-LAK,KXNHL-25,,,,False,Will the Los Angeles Kings win the Stanley Cup Finals?,Los Angeles,Los Angeles,74262.0,2025-01-22 11:57:03.159943-08:00,2025-06-17 19:55:06.386938-07:00,,,sports,win,los_angeles_kings,,nhl_stanley_cup,,2025,,,sports|win|los_angeles_kings|nhl_stanley_cup|2025,0.86,sports outcome template,0.86,deterministic_contract_key
polymarket,archive,525532,0xf2ac47929c6f7112146b9de14f367b3e436953576acf78f9432835d30196b629,0,Yes,50205214128226529395364251902635769768486017363892909266696637178491129401143,False,Will Ludvig Aberg win The 2025 Masters?,,,430378.414374,2025-02-26 14:38:24.620761-08:00,2025-04-14 05:00:00-07:00,,,sports,win,ludvig_aberg,,masters,,2025,,,sports|win|ludvig_aberg|masters|2025,sports|win|ludvig_aberg|masters|2025,0.86,sports outcome template,kalshi,archive,KXMASTERS-25-LA,KXMASTERS-25,,,,False,Will the Ludvig Aberg win the Masters?,Ludvig Aberg,Ludvig Aberg,5155842.0,2025-02-10 14:40:36.481290-08:00,2025-04-13 16:22:37.423821-07:00,,,sports,win,ludvig_aberg,,masters,,2025,,,sports|win|ludvig_aberg|masters|2025,0.86,sports outcome template,0.86,deterministic_contract_key
polymarket,archive,525626,0xfcef9715d8ab758ceaf3e3b4513c3d593b3aa5fc124c1a7ad2d0d8a7ad25018a,0,Yes,18554077193624559368395557453286094798616125274838254497635975828083018332948,False,Will Ludvig Aberg win The 2025 PGA Championship?,,,32429.398743,2025-02-26 15:53:26.111859-08:00,2025-05-18 05:00:00-07:00,,,sports,win,ludvig_aberg,,pga_championship,,2025,,,sports|win|ludvig_aberg|pga_championship|2025,sports|win|ludvig_aberg|pga_championship|2025,0.86,sports outcome template,kalshi,archive,KXPGA-25-LA,KXPGA-25,,,,False,Will the Ludvig Aberg win the PGA Championship?,Ludvig Aberg,Ludvig Aberg,621850.0,2025-02-11 15:53:41.064923-08:00,2025-05-18 16:04:37.755488-07:00,,,sports,win,ludvig_aberg,,pga_championship,,2025,,,sports|win|ludvig_aberg|pga_championship|2025,0.86,sports outcome template,0.86,deterministic_contract_key
polymarket,archive,525358,0xe3afb091ba0c2bd1d0660ac9256f37e0c7560b02eee15641c6cce6ceb62f3769,0,Yes,92013558332325676522644286533005478701382407428245344466165291954930219735076,False,Will Max Verstappen be the 2025 Drivers Champion?,,,11422382.278709,2025-02-26 10:26:26.582172-08:00,2025-12-07 04:00:00-08:00,,,sports,win,max_verstappen,,formula_1_drivers_championship,,2025,,,sports|win|max_verstappen|formula_1_drivers_championship|2025,sports|win|max_verstappen|formula_1_drivers_championship|2025,0.86,sports outcome template,kalshi,archive,KXF1-25-MV,KXF1-25,,,,False,Will the Max Verstappen win the Formula 1 Drivers Championship?,Max Verstappen,Max Verstappen,1371834.0,2025-02-11 15:22:26.139157-08:00,2027-12-07 07:00:00-08:00,,,sports,win,max_verstappen,,formula_1_drivers_championship,,2025,,,sports|win|max_verstappen|formula_1_drivers_championship|2025,0.86,sports outcome template,0.86,deterministic_contract_key
polymarket,archive,507872,0x86d89ba9a7cf636633bce9844a6e0eef07126f6bb3705aab1f5afa5d4851eb97,0,Yes,41676304130493500539925966313033886364859698315675509012570600782110760477716,False,Will the Memphis Grizzlies win the 2025 NBA Finals?,,,12841366.931312,2024-09-24 08:24:37.056688-07:00,2025-06-23 05:00:00-07:00,,,sports,win,memphis_grizzlies,,nba_finals,,2025,,,sports|win|memphis_grizzlies|nba_finals|2025,sports|win|memphis_grizzlies|nba_finals|2025,0.86,sports outcome template,kalshi,archive,KXNBA-25-MEM,KXNBA-25,,,,False,Will the Memphis Grizzlies win the NBA Finals?,Memphis,Memphis,0.0,2025-01-22 11:55:27.969465-08:00,2025-06-22 19:51:09.791711-07:00,,,sports,win,memphis_grizzlies,,nba_finals,,2025,,,sports|win|memphis_grizzlies|nba_finals|2025,0.86,sports outcome template,0.86,deterministic_contract_key
polymarket,archive,507873,0xadc74c7282d955d2603b56ba7eee2831b295bb71596a056e46e5848b13562377,0,Yes,71756442590660491673156664734013342965864122310221063879432941094895719980340,False,Will the Miami Heat win the 2025 NBA Finals?,,,86041732.719889,2024-09-24 08:24:58.212755-07:00,2025-06-23 05:00:00-07:00,,,sports,win,miami_heat,,nba_finals,,2025,,,sports|win|miami_heat|nba_finals|2025,sports|win|miami_heat|nba_finals|2025,0.86,sports outcome template,kalshi,archive,KXNBA-25-MIA,KXNBA-25,,,,False,Will the Miami Heat win the NBA Finals?,Miami,Miami,25101.0,2025-01-22 11:55:27.969465-08:00,2025-06-22 19:51:09.791711-07:00,,,sports,win,miami_heat,,nba_finals,,2025,,,sports|win|miami_heat|nba_finals|2025,0.86,sports outcome template,0.86,deterministic_contract_key
polymarket,archive,507875,0x101de66e10fed9c9e44a516de28398b72d1bee3df9d5818914c9ddbfc24e7e8f,0,Yes,99876319400622468047981436558771146129754558312458653816987397813610170628512,False,Will the Milwaukee Bucks win the 2025 NBA Finals?,,,9997936.81755901,2024-09-24 08:25:33.468605-07:00,2025-06-23 05:00:00-07:00,,,sports,win,milwaukee_bucks,,nba_finals,,2025,,,sports|win|milwaukee_bucks|nba_finals|2025,sports|win|milwaukee_bucks|nba_finals|2025,0.86,sports outcome template,kalshi,archive,KXNBA-25-MIL,KXNBA-25,,,,False,Will the Milwaukee Bucks win the NBA Finals?,Milwaukee,Milwaukee,564012.0,2025-01-22 11:55:27.969465-08:00,2025-06-22 19:51:09.791711-07:00,,,sports,win,milwaukee_bucks,,nba_finals,,2025,,,sports|win|milwaukee_bucks|nba_finals|2025,0.86,sports outcome template,0.86,deterministic_contract_key
polymarket,archive,507876,0xf4472853ab134236dbfe4cd5f83fcbc60f62767b2a474a1c0b0ed3190d813084,0,Yes,25143473975747606484038304917293813549571262015788668262095587119656373441253,False,Will the Minnesota Timberwolves win the 2025 NBA Finals?,,,11741770.864215,2024-09-24 08:25:52.073463-07:00,2025-06-23 05:00:00-07:00,,,sports,win,minnesota_timberwolves,,nba_finals,,2025,,,sports|win|minnesota_timberwolves|nba_finals|2025,sports|win|minnesota_timberwolves|nba_finals|2025,0.86,sports outcome template,kalshi,archive,KXNBA-25-MIN,KXNBA-25,,,,False,Will the Minnesota Timberwolves win the NBA Finals?,Minnesota,Minnesota,6131569.0,2025-01-22 11:55:27.969465-08:00,2025-06-22 19:51:09.791711-07:00,,,sports,win,minnesota_timberwolves,,nba_finals,,2025,,,sports|win|minnesota_timberwolves|nba_finals|2025,0.86,sports outcome template,0.86,deterministic_contract_key
polymarket,archive,509100,0xa9c3453deb9e9af9388cbb0ca7a9897d76d642aad0c47306d4d20a29c50a7ee0,0,Yes,44738496283232153354410898347025221968225270550708998854218681954894833593312,False,Will the Nashville Predators win the 2025 Stanley Cup?,,,1285066.291256,2024-10-07 12:20:14.760959-07:00,2025-06-23 05:00:00-07:00,,,sports,win,nashville_predators,,nhl_stanley_cup,,2025,,,sports|win|nashville_predators|nhl_stanley_cup|2025,sports|win|nashville_predators|nhl_stanley_cup|2025,0.86,sports outcome template,kalshi,archive,KXNHL-25-NSH,KXNHL-25,,,,False,Will the Nashville Predators win the Stanley Cup Finals?,Nashville,Nashville,1391.0,2025-01-22 11:57:03.159943-08:00,2025-06-17 19:55:06.386938-07:00,,,sports,win,nashville_predators,,nhl_stanley_cup,,2025,,,sports|win|nashville_predators|nhl_stanley_cup|2025,0.86,sports outcome template,0.86,deterministic_contract_key
polymarket,archive,509101,0x604e0a2c994985f63ca96608b76018319b55c784dc483c25c6092b3503500d4f,0,Yes,55870832866943127969870050229530570864015304381027354160649128557796165712139,False,Will the New Jersey Devils win the 2025 Stanley Cup?,,,830443.947766,2024-10-07 12:20:36.713187-07:00,2025-06-23 05:00:00-07:00,,,sports,win,new_jersey_devils,,nhl_stanley_cup,,2025,,,sports|win|new_jersey_devils|nhl_stanley_cup|2025,sports|win|new_jersey_devils|nhl_stanley_cup|2025,0.86,sports outcome template,kalshi,archive,KXNHL-25-NJD,KXNHL-25,,,,False,Will the New Jersey Devils win the Stanley Cup Finals?,New Jersey,New Jersey,35644.0,2025-01-22 11:57:03.159943-08:00,2025-06-17 19:55:06.386938-07:00,,,sports,win,new_jersey_devils,,nhl_stanley_cup,,2025,,,sports|win|new_jersey_devils|nhl_stanley_cup|2025,0.86,sports outcome template,0.86,deterministic_contract_key
polymarket,archive,507882,0x4b73d2b80fcc70e12ba15b7c7ebe0c0a05a425d9b0c7707b03d3ae918c0e4d4b,0,Yes,1010444897610772034418471565694277104222994511206440263716736487091883703050,False,Will the New Orleans Pelicans win the 2025 NBA Finals?,,,59019076.767924,2024-09-24 08:28:16.311938-07:00,2025-06-23 05:00:00-07:00,,,sports,win,new_orleans_pelicans,,nba_finals,,2025,,,sports|win|new_orleans_pelicans|nba_finals|2025,sports|win|new_orleans_pelicans|nba_finals|2025,0.86,sports outcome template,kalshi,archive,KXNBA-25-NOP,KXNBA-25,,,,False,Will the New Orleans Pelicans win the NBA Finals?,New Orleans,New Orleans,0.0,2025-01-22 11:55:27.969466-08:00,2025-06-22 19:51:09.791711-07:00,,,sports,win,new_orleans_pelicans,,nba_finals,,2025,,,sports|win|new_orleans_pelicans|nba_finals|2025,0.86,sports outcome template,0.86,deterministic_contract_key
polymarket,archive,509102,0x8836e8247fac979e52677de7403de29889202ba4daa129ded99dfa170d690d84,0,Yes,86972927748477188100134909241359906093599859021413940998525227210816012191664,False,Will the New York Islanders win the 2025 Stanley Cup?,,,3606712.264998,2024-10-07 12:21:04.542531-07:00,2025-06-23 05:00:00-07:00,,,sports,win,new_york_islanders,,nhl_stanley_cup,,2025,,,sports|win|new_york_islanders|nhl_stanley_cup|2025,sports|win|new_york_islanders|nhl_stanley_cup|2025,0.86,sports outcome template,kalshi,archive,KXNHL-25-NYI,KXNHL-25,,,,False,Will the New York Islanders win the Stanley Cup Finals?,New York I,New York I,7213.0,2025-01-22 11:57:03.159943-08:00,2025-06-17 19:55:06.386938-07:00,,,sports,win,new_york_islanders,,nhl_stanley_cup,,2025,,,sports|win|new_york_islanders|nhl_stanley_cup|2025,0.86,sports outcome template,0.86,deterministic_contract_key
polymarket,archive,507883,0xb3af306795f672a0bcaf4bd529ffa8343e88949bc74b098ccd2a0238ce676cd3,0,Yes,3642309182816755995211647069086230404892359515361325090555875625429003317932,False,Will the New York Knicks win the 2025 NBA Finals?,,,9626994.082908,2024-09-24 08:28:16.673393-07:00,2025-06-23 05:00:00-07:00,,,sports,win,new_york_knicks,,nba_finals,,2025,,,sports|win|new_york_knicks|nba_finals|2025,sports|win|new_york_knicks|nba_finals|2025,0.86,sports outcome template,kalshi,archive,KXNBA-25-NYK,KXNBA-25,,,,False,Will the New York Knicks win the NBA Finals?,New York,New York,6742838.0,2025-01-22 11:55:27.969466-08:00,2025-06-22 19:51:09.791711-07:00,,,sports,win,new_york_knicks,,nba_finals,,2025,,,sports|win|new_york_knicks|nba_finals|2025,0.86,sports outcome template,0.86,deterministic_contract_key
polymarket,archive,525401,0xfef1327c8a6dc7cfa05d24032ccca677077f10d1563062e7a4b6a3824908f29e,0,Yes,66181081309202834478749277203063373311080795333051617410312921208357106039753,False,Will the New York Mets win the 2025 World Series?,,,794074.115613,2025-02-26 10:37:24.408921-08:00,2025-10-31 05:00:00-07:00,,,sports,win,new_york_mets,,mlb_championship,,2025,,,sports|win|new_york_mets|mlb_championship|2025,sports|win|new_york_mets|mlb_championship|2025,0.86,sports outcome template,kalshi,archive,KXMLB-25-NYM,KXMLB-25,,,,False,Will the New York M win the Pro Baseball Championship?,New York M,New York M,1081436.0,2025-02-12 20:32:37.352032-08:00,2025-11-01 21:26:30.868287-07:00,,,sports,win,new_york_mets,,mlb_championship,,2025,,,sports|win|new_york_mets|mlb_championship|2025,0.86,sports outcome template,0.86,deterministic_contract_key
polymarket,archive,525453,0x70f25e1cabea613ed06de9fdf179665e30a26f3315cc0c34aa25204b35550fb3,0,Yes,107115766786275111932415455307771255185044083734056196951651803469387516852552,False,Will the New York Mets win the 2025 National League Championship?,,,129741.015724,2025-02-26 11:14:10.288132-08:00,2025-10-31 05:00:00-07:00,,,sports,win,new_york_mets,,mlb_national_league,,2025,,,sports|win|new_york_mets|mlb_national_league|2025,sports|win|new_york_mets|mlb_national_league|2025,0.86,sports outcome template,kalshi,archive,KXMLBNL-25-NYM,KXMLBNL-25,,,,False,Will the New York M win the Pro Baseball National League Championship?,New York M,New York M,559612.0,2025-02-12 20:39:19.109025-08:00,2025-10-17 20:23:21.399144-07:00,,,sports,win,new_york_mets,,mlb_national_league,,2025,,,sports|win|new_york_mets|mlb_national_league|2025,0.86,sports outcome template,0.86,deterministic_contract_key
polymarket,archive,509103,0xf610e2f30647222cb6f3ca9f19eb9c7f03912d29c50de4491bb4b33999164780,0,Yes,62819480847327418494029839256544099275332202416562152293940418097828018467865,False,Will the New York Rangers win the 2025 Stanley Cup?,,,1317996.184151,2024-10-07 12:21:23.024193-07:00,2025-06-23 05:00:00-07:00,,,sports,win,new_york_rangers,,nhl_stanley_cup,,2025,,,sports|win|new_york_rangers|nhl_stanley_cup|2025,sports|win|new_york_rangers|nhl_stanley_cup|2025,0.86,sports outcome template,kalshi,archive,KXNHL-25-NYR,KXNHL-25,,,,False,Will the New York Rangers win the Stanley Cup Finals?,New York R,New York R,34554.0,2025-01-22 11:57:03.159943-08:00,2025-06-17 19:55:06.386938-07:00,,,sports,win,new_york_rangers,,nhl_stanley_cup,,2025,,,sports|win|new_york_rangers|nhl_stanley_cup|2025,0.86,sports outcome template,0.86,deterministic_contract_key
polymarket,archive,525416,0xdf70bc7474097f7c34665be3e97755ec6b99abeb14420d7a4ff785f406beec39,0,Yes,3608117925038010426190362040768439559905999272607310560006917947486999698693,False,Will the New York Yankees win the 2025 American League Championship?,,,105800.33641,2025-02-26 10:43:13.516216-08:00,2025-10-31 05:00:00-07:00,,,sports,win,new_york_yankees,,mlb_american_league,,2025,,,sports|win|new_york_yankees|mlb_american_league|2025,sports|win|new_york_yankees|mlb_american_league|2025,0.86,sports outcome template,kalshi,archive,KXMLBAL-25-NYY,KXMLBAL-25,,,,False,Will the New York Y win the Pro Baseball American League Championship?,New York Y,New York Y,1215551.0,2025-02-12 20:39:16.735341-08:00,2025-10-20 20:03:21.236574-07:00,,,sports,win,new_york_yankees,,mlb_american_league,,2025,,,sports|win|new_york_yankees|mlb_american_league|2025,0.86,sports outcome template,0.86,deterministic_contract_key
polymarket,archive,525385,0xc8761147389535d28583a71eab365841f36f1cc7ee689fbd32a384e3879a5b7c,0,Yes,113169259226134431152838745958605113475709202189344707220996974617795381207465,False,Will the New York Yankees win the 2025 World Series?,,,733153.027215,2025-02-26 10:37:18.946031-08:00,2025-10-31 05:00:00-07:00,,,sports,win,new_york_yankees,,mlb_championship,,2025,,,sports|win|new_york_yankees|mlb_championship|2025,sports|win|new_york_yankees|mlb_championship|2025,0.86,sports outcome template,kalshi,archive,KXMLB-25-NYY,KXMLB-25,,,,False,Will the New York Y win the Pro Baseball Championship?,New York Y,New York Y,1749388.0,2025-02-12 20:32:37.352032-08:00,2025-11-01 21:26:30.868287-07:00,,,sports,win,new_york_yankees,,mlb_championship,,2025,,,sports|win|new_york_yankees|mlb_championship|2025,0.86,sports outcome template,0.86,deterministic_contract_key
polymarket,archive,507884,0x6edc6c77c16ef3ba1bcd646159f12f8b8a39528e500dcff95b9220ccfbb75141,0,Yes,83527644927648970835156950007024690327726158617181889316317174894904268227846,False,Will the Oklahoma City Thunder win the 2025 NBA Finals?,,,17203993.307106,2024-09-24 08:28:42.840486-07:00,2025-06-23 05:00:00-07:00,,,sports,win,oklahoma_city_thunder,,nba_finals,,2025,,,sports|win|oklahoma_city_thunder|nba_finals|2025,sports|win|oklahoma_city_thunder|nba_finals|2025,0.86,sports outcome template,kalshi,archive,KXNBA-25-OKC,KXNBA-25,,,,False,Will the Oklahoma City Thunder win the NBA Finals?,Oklahoma City,Oklahoma City,35691758.0,2025-01-22 11:55:27.969466-08:00,2025-06-22 19:51:09.791711-07:00,,,sports,win,oklahoma_city_thunder,,nba_finals,,2025,,,sports|win|oklahoma_city_thunder|nba_finals|2025,0.86,sports outcome template,0.86,deterministic_contract_key
polymarket,archive,525371,0xfbf04aa6a90f95b9984a94e183ee98afcf9936c5dc13064b0fc3d7de66ff0a82,0,Yes,88362715069254868742702807340950022149057104101663135515493040602519457849597,False,Will Oliver Bearman be the 2025 Drivers Champion?,,,4263688.305441,2025-02-26 10:26:31.975703-08:00,2025-12-07 04:00:00-08:00,,,sports,win,oliver_bearman,,formula_1_drivers_championship,,2025,,,sports|win|oliver_bearman|formula_1_drivers_championship|2025,sports|win|oliver_bearman|formula_1_drivers_championship|2025,0.86,sports outcome template,kalshi,archive,KXF1-25-OB,KXF1-25,,,,False,Will the Oliver Bearman win the Formula 1 Drivers Championship?,Oliver Bearman,Oliver Bearman,1360.0,2025-02-11 15:22:26.139158-08:00,2027-12-07 07:00:00-08:00,,,sports,win,oliver_bearman,,formula_1_drivers_championship,,2025,,,sports|win|oliver_bearman|formula_1_drivers_championship|2025,0.86,sports outcome template,0.86,deterministic_contract_key
polymarket,archive,507888,0xbeea0aff752734aa33484711d15695dff9694b2092a8c0ab71fbf2ec74e7fb11,0,Yes,103763229757259934585154385203172143026994251635263937767264658397198729658471,False,Will the Orlando Magic win the 2025 NBA Finals?,,,22654093.030353,2024-09-24 08:31:02.732122-07:00,2025-06-23 05:00:00-07:00,,,sports,win,orlando_magic,,nba_finals,,2025,,,sports|win|orlando_magic|nba_finals|2025,sports|win|orlando_magic|nba_finals|2025,0.86,sports outcome template,kalshi,archive,KXNBA-25-ORL,KXNBA-25,,,,False,Will the Orlando Magic win the NBA Finals?,Orlando,Orlando,27093.0,2025-01-22 11:55:27.969466-08:00,2025-06-22 19:51:09.791711-07:00,,,sports,win,orlando_magic,,nba_finals,,2025,,,sports|win|orlando_magic|nba_finals|2025,0.86,sports outcome template,0.86,deterministic_contract_key
polymarket,archive,525365,0xa56ac5f70b0a4ac821cfe4ac8ddce319633aef33063546b55b0ad7da3325f207,0,Yes,14267538980137110421191387193722539487429597237101323965378858505860910155943,False,Will Oscar Piastri be the 2025 Drivers Champion?,,,7895976.526057,2025-02-26 10:26:29.445199-08:00,2025-12-07 04:00:00-08:00,,,sports,win,oscar_piastri,,formula_1_drivers_championship,,2025,,,sports|win|oscar_piastri|formula_1_drivers_championship|2025,sports|win|oscar_piastri|formula_1_drivers_championship|2025,0.86,sports outcome template,kalshi,archive,KXF1-25-OP,KXF1-25,,,,False,Will the Oscar Piastri win the Formula 1 Drivers Championship?,Oscar Piastri,Oscar Piastri,650181.0,2025-02-11 15:22:26.139157-08:00,2027-12-07 07:00:00-08:00,,,sports,win,oscar_piastri,,formula_1_drivers_championship,,2025,,,sports|win|oscar_piastri|formula_1_drivers_championship|2025,0.86,sports outcome template,0.86,deterministic_contract_key
polymarket,archive,509104,0x789b808459ae07b1fb86866ac43c88379d570cad8e622d75e50208db28390c8c,0,Yes,77446386391173999301920833804404098902675228951499743421362601348503008086158,False,Will the Ottawa Senators win the 2025 Stanley Cup?,,,1894041.791811,2024-10-07 12:21:42.055128-07:00,2025-06-23 05:00:00-07:00,,,sports,win,ottawa_senators,,nhl_stanley_cup,,2025,,,sports|win|ottawa_senators|nhl_stanley_cup|2025,sports|win|ottawa_senators|nhl_stanley_cup|2025,0.86,sports outcome template,kalshi,archive,KXNHL-25-OTT,KXNHL-25,,,,False,Will the Ottawa Senators win the Stanley Cup Finals?,Ottawa,Ottawa,28954.0,2025-01-22 11:57:03.159943-08:00,2025-06-17 19:55:06.386938-07:00,,,sports,win,ottawa_senators,,nhl_stanley_cup,,2025,,,sports|win|ottawa_senators|nhl_stanley_cup|2025,0.86,sports outcome template,0.86,deterministic_contract_key
polymarket,archive,525535,0xa5896f61e82824d1823d720f760bdabb028b54647c3a41a8f056b34645843215,0,Yes,72052224632126640890179122632193271666314597090473381857800707429950903192157,False,Will Patrick Cantlay win The 2025 Masters?,,,81415.112915,2025-02-26 14:38:25.695213-08:00,2025-04-14 05:00:00-07:00,,,sports,win,patrick_cantlay,,masters,,2025,,,sports|win|patrick_cantlay|masters|2025,sports|win|patrick_cantlay|masters|2025,0.86,sports outcome template,kalshi,archive,KXMASTERS-25-PC,KXMASTERS-25,,,,False,Will the Patrick Cantlay win the Masters?,Patrick Cantlay,Patrick Cantlay,117480.0,2025-02-10 14:40:36.481291-08:00,2025-04-13 16:22:37.423821-07:00,,,sports,win,patrick_cantlay,,masters,,2025,,,sports|win|patrick_cantlay|masters|2025,0.86,sports outcome template,0.86,deterministic_contract_key
polymarket,archive,525629,0x5c51ee27231bc5c88b5d2ff75b5b6022612a1ccd7117f4cf04a0c38762c58ad6,0,Yes,109968260633581997883204249140773600888062341823775600373442292245196355252520,False,Will Patrick Cantlay win The 2025 PGA Championship?,,,15279.97774,2025-02-26 15:53:27.118753-08:00,2025-05-18 05:00:00-07:00,,,sports,win,patrick_cantlay,,pga_championship,,2025,,,sports|win|patrick_cantlay|pga_championship|2025,sports|win|patrick_cantlay|pga_championship|2025,0.86,sports outcome template,kalshi,archive,KXPGA-25-PC,KXPGA-25,,,,False,Will the Patrick Cantlay win the PGA Championship?,Patrick Cantlay,Patrick Cantlay,57820.0,2025-02-11 15:53:41.064923-08:00,2025-05-18 16:04:37.755488-07:00,,,sports,win,patrick_cantlay,,pga_championship,,2025,,,sports|win|patrick_cantlay|pga_championship|2025,0.86,sports outcome template,0.86,deterministic_contract_key
polymarket,archive,507889,0xbde7cb252ead2a71c66998e33c76cb1a5462d5c5bd970d0adc38c2d9dffdd807,0,Yes,111603401884541037852843601179825914319329611577789780614483784666150551160587,False,Will the Philadelphia 76ers win the 2025 NBA Finals?,,,6983777.488505,2024-09-24 08:31:03.250377-07:00,2025-06-23 05:00:00-07:00,,,sports,win,philadelphia_76ers,,nba_finals,,2025,,,sports|win|philadelphia_76ers|nba_finals|2025,sports|win|philadelphia_76ers|nba_finals|2025,0.86,sports outcome template,kalshi,archive,KXNBA-25-PHI,KXNBA-25,,,,False,Will the Philadelphia 76ers win the NBA Finals?,Philadelphia,Philadelphia,35145.0,2025-01-22 11:55:27.969466-08:00,2025-06-22 19:51:09.791711-07:00,,,sports,win,philadelphia_76ers,,nba_finals,,2025,,,sports|win|philadelphia_76ers|nba_finals|2025,0.86,sports outcome template,0.86,deterministic_contract_key
polymarket,archive,509105,0xbc67af13da50b8d9282d5f332b8835f8ab039c8f584a78695fddf1450a1c8679,0,Yes,27820498787141695530727656368199489302580890312431469575862879105996567910286,False,Will the Philadelphia Flyers win the 2025 Stanley Cup?,,,45686975.6152203,2024-10-07 12:22:00.208202-07:00,2025-06-23 05:00:00-07:00,,,sports,win,philadelphia_flyers,,nhl_stanley_cup,,2025,,,sports|win|philadelphia_flyers|nhl_stanley_cup|2025,sports|win|philadelphia_flyers|nhl_stanley_cup|2025,0.86,sports outcome template,kalshi,archive,KXNHL-25-PHI,KXNHL-25,,,,False,Will the Philadelphia Flyers win the Stanley Cup Finals?,Philadelphia,Philadelphia,94.0,2025-01-22 11:57:03.159943-08:00,2025-06-17 19:55:06.386938-07:00,,,sports,win,philadelphia_flyers,,nhl_stanley_cup,,2025,,,sports|win|philadelphia_flyers|nhl_stanley_cup|2025,0.86,sports outcome template,0.86,deterministic_contract_key
polymarket,archive,507890,0xb2527b0abc0dde233f5478d1fa6f043cd9fbe6a79ee1e02711773a3e3a869d53,0,Yes,93131114216924642226479408609083635243444438280498965816088184639429716639504,False, Will the Phoenix Suns win the 2025 NBA Finals?,,,9988733.101464,2024-09-24 08:32:39.664675-07:00,2025-06-23 05:00:00-07:00,,,sports,win,phoenix_suns,,nba_finals,,2025,,,sports|win|phoenix_suns|nba_finals|2025,sports|win|phoenix_suns|nba_finals|2025,0.86,sports outcome template,kalshi,archive,KXNBA-25-PHX,KXNBA-25,,,,False,Will the Phoenix Suns win the NBA Finals?,Phoenix,Phoenix,21296.0,2025-01-22 11:55:27.969466-08:00,2025-06-22 19:51:09.791711-07:00,,,sports,win,phoenix_suns,,nba_finals,,2025,,,sports|win|phoenix_suns|nba_finals|2025,0.86,sports outcome template,0.86,deterministic_contract_key
polymarket,archive,525368,0x9cf7ca2ab303017fd3169f7ce40357ea6b46672dbb79935ba3e0a0c893b96f03,0,Yes,79849104779749835488360969807268338206994897187558878842820370798437149219286,False,Will Pierre Gasly be the 2025 Drivers Champion?,,,5092515.253932,2025-02-26 10:26:30.614992-08:00,2025-12-07 04:00:00-08:00,,,sports,win,pierre_gasly,,formula_1_drivers_championship,,2025,,,sports|win|pierre_gasly|formula_1_drivers_championship|2025,sports|win|pierre_gasly|formula_1_drivers_championship|2025,0.86,sports outcome template,kalshi,archive,KXF1-25-PG,KXF1-25,,,,False,Will the Pierre Gasly win the Formula 1 Drivers Championship?,Pierre Gasly,Pierre Gasly,467.0,2025-02-11 15:22:26.139158-08:00,2027-12-07 07:00:00-08:00,,,sports,win,pierre_gasly,,formula_1_drivers_championship,,2025,,,sports|win|pierre_gasly|formula_1_drivers_championship|2025,0.86,sports outcome template,0.86,deterministic_contract_key
polymarket,archive,509106,0x872b293fc86a2e392b344fcda74799c8a77f6d54e17b1eaf2ac04b81edb45505,0,Yes,108477262313916932397174233749956768025027960750080087216643977572970691012371,False,Will the Pittsburgh Penguins win the 2025 Stanley Cup?,,,8418555.753739,2024-10-07 12:22:19.649008-07:00,2025-06-23 05:00:00-07:00,,,sports,win,pittsburgh_penguins,,nhl_stanley_cup,,2025,,,sports|win|pittsburgh_penguins|nhl_stanley_cup|2025,sports|win|pittsburgh_penguins|nhl_stanley_cup|2025,0.86,sports outcome template,kalshi,archive,KXNHL-25-PIT,KXNHL-25,,,,False,Will the Pittsburgh Penguins win the Stanley Cup Finals?,Pittsburgh,Pittsburgh,1443.0,2025-01-22 11:57:03.159943-08:00,2025-06-17 19:55:06.386938-07:00,,,sports,win,pittsburgh_penguins,,nhl_stanley_cup,,2025,,,sports|win|pittsburgh_penguins|nhl_stanley_cup|2025,0.86,sports outcome template,0.86,deterministic_contract_key
polymarket,archive,507891,0x4ea1a572e24ed7db20d3550ab0108603150b68f6829750ec331d90cce58a459a,0,Yes,72659076268635854776984289986802263109247479351751091454397676694052042520051,False,Will the Portland Trail Blazers win the 2025 NBA Finals?,,,42820461.103444,2024-09-24 08:33:02.525844-07:00,2025-06-23 05:00:00-07:00,,,sports,win,portland_trail_blazers,,nba_finals,,2025,,,sports|win|portland_trail_blazers|nba_finals|2025,sports|win|portland_trail_blazers|nba_finals|2025,0.86,sports outcome template,kalshi,archive,KXNBA-25-POR,KXNBA-25,,,,False,Will the Portland Trail Blazers win the NBA Finals?,Portland,Portland,1.0,2025-01-22 11:55:27.969466-08:00,2025-06-22 19:51:09.791711-07:00,,,sports,win,portland_trail_blazers,,nba_finals,,2025,,,sports|win|portland_trail_blazers|nba_finals|2025,0.86,sports outcome template,0.86,deterministic_contract_key
polymarket,archive,525530,0x5cbed2da6aafc562a3eac928fd621978713634ec1cc167cd74fd39499581181b,0,Yes,107654564272308262231506160089458694808585216602675371919700683685351739937582,False,Will Rory McIlroy win The 2025 Masters?,,,1499180.499878,2025-02-26 14:38:23.921397-08:00,2025-04-14 05:00:00-07:00,,,sports,win,rory_mcilroy,,masters,,2025,,,sports|win|rory_mcilroy|masters|2025,sports|win|rory_mcilroy|masters|2025,0.86,sports outcome template,kalshi,archive,KXMASTERS-25-RM,KXMASTERS-25,,,,False,Will the Rory McIlroy win the Masters?,Rory McIlroy,Rory McIlroy,22034806.0,2025-02-10 14:40:36.481289-08:00,2025-04-13 16:22:37.423821-07:00,,,sports,win,rory_mcilroy,,masters,,2025,,,sports|win|rory_mcilroy|masters|2025,0.86,sports outcome template,0.86,deterministic_contract_key
polymarket,archive,525624,0xd370dc54fac404cb545564df43d8036500da8ef683cbbc0dc1fbce3ab1e0217b,0,Yes,101428045979338565695516888176413857177159818988762675228033323947252653606553,False,Will Rory McIlroy win The 2025 PGA Championship?,,,205540.651044,2025-02-26 15:53:25.419868-08:00,2025-05-18 05:00:00-07:00,,,sports,win,rory_mcilroy,,pga_championship,,2025,,,sports|win|rory_mcilroy|pga_championship|2025,sports|win|rory_mcilroy|pga_championship|2025,0.86,sports outcome template,kalshi,archive,KXPGA-25-RM,KXPGA-25,,,,False,Will the Rory McIlroy win the PGA Championship?,Rory McIlroy,Rory McIlroy,2828107.0,2025-02-11 15:53:41.064923-08:00,2025-05-18 16:04:37.755488-07:00,,,sports,win,rory_mcilroy,,pga_championship,,2025,,,sports|win|rory_mcilroy|pga_championship|2025,0.86,sports outcome template,0.86,deterministic_contract_key
polymarket,archive,507892,0x763cc84a3cde36b9ce12a8afe6d3e1e3e46e50692e8ec47636c7803c1033cfab,0,Yes,41257670817876317355997233596113195194194608207987371129645019730826567930842,False,Will the Sacramento Kings win the 2025 NBA Finals?,,,378011506.511399,2024-09-24 08:33:30.214289-07:00,2025-06-23 05:00:00-07:00,,,sports,win,sacramento_kings,,nba_finals,,2025,,,sports|win|sacramento_kings|nba_finals|2025,sports|win|sacramento_kings|nba_finals|2025,0.86,sports outcome template,kalshi,archive,KXNBA-25-SAC,KXNBA-25,,,,False,Will the Sacramento Kings win the NBA Finals?,Sacramento,Sacramento,2946.0,2025-01-22 11:55:27.969466-08:00,2025-06-22 19:51:09.791711-07:00,,,sports,win,sacramento_kings,,nba_finals,,2025,,,sports|win|sacramento_kings|nba_finals|2025,0.86,sports outcome template,0.86,deterministic_contract_key
polymarket,archive,507893,0xf04411511f74ed05240b53c97bb578244f3058f8846997d47324f23021d7e0c6,0,Yes,105767875866262323621733282904570879526444130021534612984282712560181020745942,False,Will the San Antonio Spurs win the 2025 NBA Finals?,,,16569228.581386,2024-09-24 08:34:00.264279-07:00,2025-06-23 05:00:00-07:00,,,sports,win,san_antonio_spurs,,nba_finals,,2025,,,sports|win|san_antonio_spurs|nba_finals|2025,sports|win|san_antonio_spurs|nba_finals|2025,0.86,sports outcome template,kalshi,archive,KXNBA-25-SAS,KXNBA-25,,,,False,Will the San Antonio Spurs win the NBA Finals?,San Antonio,San Antonio,65402.0,2025-01-22 11:55:27.969466-08:00,2025-06-22 19:51:09.791711-07:00,,,sports,win,san_antonio_spurs,,nba_finals,,2025,,,sports|win|san_antonio_spurs|nba_finals|2025,0.86,sports outcome template,0.86,deterministic_contract_key
polymarket,archive,509107,0xbe18b72dc5fe801642372b31cf9351a9a35799a06773323a7104e97ebf4d4ec9,0,Yes,54470455522168499008148502075666936091694437787372686731462116764071773146426,False,Will the San Jose Sharks win the 2025 Stanley Cup?,,,43862428.04151,2024-10-07 12:22:38.826465-07:00,2025-06-23 05:00:00-07:00,,,sports,win,san_jose_sharks,,nhl_stanley_cup,,2025,,,sports|win|san_jose_sharks|nhl_stanley_cup|2025,sports|win|san_jose_sharks|nhl_stanley_cup|2025,0.86,sports outcome template,kalshi,archive,KXNHL-25-SJS,KXNHL-25,,,,False,Will the San Jose Sharks win the Stanley Cup Finals?,San Jose,San Jose,1.0,2025-01-22 11:57:03.159943-08:00,2025-06-17 19:55:06.386938-07:00,,,sports,win,san_jose_sharks,,nhl_stanley_cup,,2025,,,sports|win|san_jose_sharks|nhl_stanley_cup|2025,0.86,sports outcome template,0.86,deterministic_contract_key
polymarket,archive,525528,0x5fc9f2bcee3566a981e7d1ee449a2e44cebc2fd35dd1457d2fdd1e5f23b602b4,0,Yes,105518657745700072567660023436401476230142939891846481989443466278371999262726,False,Will Scottie Scheffler win The 2025 Masters?,,,541721.713614,2025-02-26 14:38:23.013928-08:00,2025-04-14 05:00:00-07:00,,,sports,win,scottie_scheffler,,masters,,2025,,,sports|win|scottie_scheffler|masters|2025,sports|win|scottie_scheffler|masters|2025,0.86,sports outcome template,kalshi,archive,KXMASTERS-25-SS,KXMASTERS-25,,,,False,Will the Scottie Scheffler win the Masters?,Scottie Scheffler,Scottie Scheffler,11208837.0,2025-02-10 14:40:36.481289-08:00,2025-04-13 16:22:37.423821-07:00,,,sports,win,scottie_scheffler,,masters,,2025,,,sports|win|scottie_scheffler|masters|2025,0.86,sports outcome template,0.86,deterministic_contract_key
polymarket,archive,525622,0xc312615ee72a15e6b7d3e5db4c01fab5ad57103f1db814a38890eb5aed331f8d,0,Yes,42323714954572328707482317641625597700710364820336085206293887135137818713640,False,Will Scottie Scheffler win The 2025 PGA Championship?,,,316081.297038,2025-02-26 15:53:24.764268-08:00,2025-05-18 05:00:00-07:00,,,sports,win,scottie_scheffler,,pga_championship,,2025,,,sports|win|scottie_scheffler|pga_championship|2025,sports|win|scottie_scheffler|pga_championship|2025,0.86,sports outcome template,kalshi,archive,KXPGA-25-SS,KXPGA-25,,,,False,Will the Scottie Scheffler win the PGA Championship?,Scottie Scheffler,Scottie Scheffler,8517254.0,2025-02-11 15:53:41.064922-08:00,2025-05-18 16:04:37.755488-07:00,,,sports,win,scottie_scheffler,,pga_championship,,2025,,,sports|win|scottie_scheffler|pga_championship|2025,0.86,sports outcome template,0.86,deterministic_contract_key
polymarket,archive,509108,0x98688bb50142d4531dde904f4d3c478f1a6138507877ebb9b3ad17940fee3045,0,Yes,9287485881484875344658992733456501589454490924507589072936221094409090957646,False,Will the Seattle Kraken win the 2025 Stanley Cup?,,,2515029.541912,2024-10-07 12:22:55.177134-07:00,2025-06-23 05:00:00-07:00,,,sports,win,seattle_kraken,,nhl_stanley_cup,,2025,,,sports|win|seattle_kraken|nhl_stanley_cup|2025,sports|win|seattle_kraken|nhl_stanley_cup|2025,0.86,sports outcome template,kalshi,archive,KXNHL-25-SEA,KXNHL-25,,,,False,Will the Seattle Kraken win the Stanley Cup Finals?,Seattle,Seattle,29.0,2025-01-22 11:57:03.159944-08:00,2025-06-17 19:55:06.386938-07:00,,,sports,win,seattle_kraken,,nhl_stanley_cup,,2025,,,sports|win|seattle_kraken|nhl_stanley_cup|2025,0.86,sports outcome template,0.86,deterministic_contract_key
polymarket,archive,525427,0xd97d95f15edfe56fd412a3e95929497903f16069964f63b7ced90172cd723d61,0,Yes,7491181825833000749408896637686433314226589849484936937166464961535602167715,False,Will the Seattle Mariners win the 2025 American League Championship?,,,302901.378535,2025-02-26 10:43:17.573441-08:00,2025-10-31 05:00:00-07:00,,,sports,win,seattle_mariners,,mlb_american_league,,2025,,,sports|win|seattle_mariners|mlb_american_league|2025,sports|win|seattle_mariners|mlb_american_league|2025,0.86,sports outcome template,kalshi,archive,KXMLBAL-25-SEA,KXMLBAL-25,,,,False,Will the Seattle win the Pro Baseball American League Championship?,Seattle,Seattle,9160631.0,2025-02-12 20:39:16.735342-08:00,2025-10-20 20:03:21.236574-07:00,,,sports,win,seattle_mariners,,mlb_american_league,,2025,,,sports|win|seattle_mariners|mlb_american_league|2025,0.86,sports outcome template,0.86,deterministic_contract_key
polymarket,archive,525396,0x68a14da906e9e7cd029f77fcbf8abc7396c5923e14973751a94c99f6daa9d7b8,0,Yes,1543102182465548464344093155243005494230716616021871600417884509419748721046,False,Will the Seattle Mariners win the 2025 World Series?,,,1890660.554161,2025-02-26 10:37:22.744972-08:00,2025-10-31 05:00:00-07:00,,,sports,win,seattle_mariners,,mlb_championship,,2025,,,sports|win|seattle_mariners|mlb_championship|2025,sports|win|seattle_mariners|mlb_championship|2025,0.86,sports outcome template,kalshi,archive,KXMLB-25-SEA,KXMLB-25,,,,False,Will the Seattle win the Pro Baseball Championship?,Seattle,Seattle,4027707.0,2025-02-12 20:32:37.352033-08:00,2025-11-01 21:26:30.868287-07:00,,,sports,win,seattle_mariners,,mlb_championship,,2025,,,sports|win|seattle_mariners|mlb_championship|2025,0.86,sports outcome template,0.86,deterministic_contract_key
polymarket,archive,525550,0xd3515b9a758863a8270f9eb388627b896358ae3f3e7bc9a1cfa05a2e90913962,0,Yes,92448564807623169157044001169380475985746204094626860783618707304813764047189,False,Will Shane Lowry win The 2025 Masters?,,,104435.629695,2025-02-26 14:38:31.305035-08:00,2025-04-14 05:00:00-07:00,,,sports,win,shane_lowry,,masters,,2025,,,sports|win|shane_lowry|masters|2025,sports|win|shane_lowry|masters|2025,0.86,sports outcome template,kalshi,archive,KXMASTERS-25-SL,KXMASTERS-25,,,,False,Will the Shane Lowry win the Masters?,Shane Lowry,Shane Lowry,1108589.0,2025-02-10 14:40:36.481291-08:00,2025-04-13 16:22:37.423821-07:00,,,sports,win,shane_lowry,,masters,,2025,,,sports|win|shane_lowry|masters|2025,0.86,sports outcome template,0.86,deterministic_contract_key
polymarket,archive,509109,0x52933e0208f96c9d8339d686c410cd5a188d9585555996874315d1a534141825,0,Yes,24953665572674412310427939884353164106004854671388967089994030004521482412307,False,Will the St. Louis Blues win the 2025 Stanley Cup?,,,7861942.165596,2024-10-07 12:23:19.007994-07:00,2025-06-23 05:00:00-07:00,,,sports,win,st_louis_blues,,nhl_stanley_cup,,2025,,,sports|win|st_louis_blues|nhl_stanley_cup|2025,sports|win|st_louis_blues|nhl_stanley_cup|2025,0.86,sports outcome template,kalshi,archive,KXNHL-25-STL,KXNHL-25,,,,False,Will the St. Louis Blues win the Stanley Cup Finals?,St. Louis,St. Louis,196072.0,2025-01-22 11:57:03.159944-08:00,2025-06-17 19:55:06.386938-07:00,,,sports,win,st_louis_blues,,nhl_stanley_cup,,2025,,,sports|win|st_louis_blues|nhl_stanley_cup|2025,0.86,sports outcome template,0.86,deterministic_contract_key
polymarket,archive,509110,0xea6add66b06dfdd20b051f6dea7e3ed6e5087a22686f1f65feb8ed14b60e9c2a,0,Yes,64868685591475473687858696407107370675593831251248356443209557157195607719998,False,Will the Tampa Bay Lightning win the 2025 Stanley Cup?,,,1745381.463526,2024-10-07 12:23:35.525546-07:00,2025-06-23 05:00:00-07:00,,,sports,win,tampa_bay_lightning,,nhl_stanley_cup,,2025,,,sports|win|tampa_bay_lightning|nhl_stanley_cup|2025,sports|win|tampa_bay_lightning|nhl_stanley_cup|2025,0.86,sports outcome template,kalshi,archive,KXNHL-25-TBL,KXNHL-25,,,,False,Will the Tampa Bay Lightning win the Stanley Cup Finals?,Tampa Bay,Tampa Bay,173016.0,2025-01-22 11:57:03.159944-08:00,2025-06-17 19:55:06.386938-07:00,,,sports,win,tampa_bay_lightning,,nhl_stanley_cup,,2025,,,sports|win|tampa_bay_lightning|nhl_stanley_cup|2025,0.86,sports outcome template,0.86,deterministic_contract_key
polymarket,archive,525640,0x13041f785614fc083d0d0ad60390b9e7f38daa10afd4f09b498259acfff18bd2,0,Yes,99603810574633082989789180244044801291536617061221171779073835096230452114328,False,Will Tommy Fleetwood win The 2025 PGA Championship?,,,17386.087006,2025-02-26 15:53:30.888262-08:00,2025-05-18 05:00:00-07:00,,,sports,win,tommy_fleetwood,,pga_championship,,2025,,,sports|win|tommy_fleetwood|pga_championship|2025,sports|win|tommy_fleetwood|pga_championship|2025,0.86,sports outcome template,kalshi,archive,KXPGA-25-TF,KXPGA-25,,,,False,Will the Tommy Fleetwood win the PGA Championship?,Tommy Fleetwood,Tommy Fleetwood,207839.0,2025-02-11 15:53:41.064923-08:00,2025-05-18 16:04:37.755488-07:00,,,sports,win,tommy_fleetwood,,pga_championship,,2025,,,sports|win|tommy_fleetwood|pga_championship|2025,0.86,sports outcome template,0.86,deterministic_contract_key
polymarket,archive,525417,0x5cc4f3fe707fda933306e5266a7bb2599dd539da1150bd3293011ea47ee0fe9d,0,Yes,108240113751461050347653363708821998649846036989625386953910511360814242837167,False,Will the Toronto Blue Jays win the 2025 American League Championship?,,,366985.971594,2025-02-26 10:43:13.896058-08:00,2025-10-31 05:00:00-07:00,,,sports,win,toronto_blue_jays,,mlb_american_league,,2025,,,sports|win|toronto_blue_jays|mlb_american_league|2025,sports|win|toronto_blue_jays|mlb_american_league|2025,0.86,sports outcome template,kalshi,archive,KXMLBAL-25-TOR,KXMLBAL-25,,,,False,Will the Toronto win the Pro Baseball American League Championship?,Toronto,Toronto,10077696.0,2025-02-12 20:39:16.735341-08:00,2025-10-20 20:03:21.236574-07:00,,,sports,win,toronto_blue_jays,,mlb_american_league,,2025,,,sports|win|toronto_blue_jays|mlb_american_league|2025,0.86,sports outcome template,0.86,deterministic_contract_key
polymarket,archive,525386,0x4c9ccd1404d105968de9b1ff3226fbafdc0b6e402a26bbcad3a84a1b62296783,0,Yes,53073524502227239529758050797717252074657724728350459794773727601112889922394,False,Will the Toronto Blue Jays win the 2025 World Series?,,,8901922.461705,2025-02-26 10:37:19.279237-08:00,2025-10-31 05:00:00-07:00,,,sports,win,toronto_blue_jays,,mlb_championship,,2025,,,sports|win|toronto_blue_jays|mlb_championship|2025,sports|win|toronto_blue_jays|mlb_championship|2025,0.86,sports outcome template,kalshi,archive,KXMLB-25-TOR,KXMLB-25,,,,False,Will the Toronto win the Pro Baseball Championship?,Toronto,Toronto,25231659.0,2025-02-12 20:32:37.352033-08:00,2025-11-01 21:26:30.868287-07:00,,,sports,win,toronto_blue_jays,,mlb_championship,,2025,,,sports|win|toronto_blue_jays|mlb_championship|2025,0.86,sports outcome template,0.86,deterministic_contract_key
polymarket,archive,509111,0x3f816d82200f0198e72df1175e21d9f757e274307a5f93d075e3c14c7f9a4377,0,Yes,104913688131467717970883447187763450570096908110672951040506021275612794918394,False,Will the Toronto Maple Leafs win the 2025 Stanley Cup?,,,924501.783184,2024-10-07 12:24:38.088917-07:00,2025-06-23 05:00:00-07:00,,,sports,win,toronto_maple_leafs,,nhl_stanley_cup,,2025,,,sports|win|toronto_maple_leafs|nhl_stanley_cup|2025,sports|win|toronto_maple_leafs|nhl_stanley_cup|2025,0.86,sports outcome template,kalshi,archive,KXNHL-25-TOR,KXNHL-25,,,,False,Will the Toronto Maple Leafs win the Stanley Cup Finals?,Toronto,Toronto,407637.0,2025-01-22 11:57:03.159944-08:00,2025-06-17 19:55:06.386938-07:00,,,sports,win,toronto_maple_leafs,,nhl_stanley_cup,,2025,,,sports|win|toronto_maple_leafs|nhl_stanley_cup|2025,0.86,sports outcome template,0.86,deterministic_contract_key
polymarket,archive,507894,0x37963e2b3194455fe768cd470571640c758c049b7cda6967449a43a8bd5c835f,0,Yes,8615283304849028269259042680787343769500144068672958710059180099366119214927,False,Will the Toronto Raptors win the 2025 NBA Finals?,,,154220299.964432,2024-09-24 08:34:33.830533-07:00,2025-06-23 05:00:00-07:00,,,sports,win,toronto_raptors,,nba_finals,,2025,,,sports|win|toronto_raptors|nba_finals|2025,sports|win|toronto_raptors|nba_finals|2025,0.86,sports outcome template,kalshi,archive,KXNBA-25-TOR,KXNBA-25,,,,False,Will the Toronto Raptors win the NBA Finals?,Toronto,Toronto,1.0,2025-01-22 11:55:27.969466-08:00,2025-06-22 19:51:09.791711-07:00,,,sports,win,toronto_raptors,,nba_finals,,2025,,,sports|win|toronto_raptors|nba_finals|2025,0.86,sports outcome template,0.86,deterministic_contract_key
polymarket,archive,525912,0x59a3ce650dec48f8da2bbd3b07ec4920e9a58fcada76e4a6d3cba63284245ea3,0,Yes,72815874719580904092521169097782361143691226245608763257333582006831319713481,False,Will Tyrrell Hatton win The 2025 Masters?,,,31154.468169,2025-02-27 14:07:48.108846-08:00,2025-04-14 05:00:00-07:00,,,sports,win,tyrrell_hatton,,masters,,2025,,,sports|win|tyrrell_hatton|masters|2025,sports|win|tyrrell_hatton|masters|2025,0.86,sports outcome template,kalshi,archive,KXMASTERS-25-TH,KXMASTERS-25,,,,False,Will the Tyrrell Hatton win the Masters?,Tyrrell Hatton,Tyrrell Hatton,949765.0,2025-02-10 14:40:36.481290-08:00,2025-04-13 16:22:37.423821-07:00,,,sports,win,tyrrell_hatton,,masters,,2025,,,sports|win|tyrrell_hatton|masters|2025,0.86,sports outcome template,0.86,deterministic_contract_key
polymarket,archive,509116,0x1cdb1b16949129d7a2b9f044cc6cc6e2b13daa9a2a15e483f171fbe0f31db340,0,Yes,22021036148681867835291524113478524518538318129903753477481619380583028137789,False,Will the Utah Hockey Club win the 2025 Stanley Cup?,,,3116003.472375,2024-10-07 12:30:17.662696-07:00,2025-06-23 05:00:00-07:00,,,sports,win,utah_hockey_club,,nhl_stanley_cup,,2025,,,sports|win|utah_hockey_club|nhl_stanley_cup|2025,sports|win|utah_hockey_club|nhl_stanley_cup|2025,0.86,sports outcome template,kalshi,archive,KXNHL-25-UHC,KXNHL-25,,,,False,Will the Utah Hockey Club win the Stanley Cup Finals?,Utah,Utah,1120.0,2025-01-22 11:57:03.159942-08:00,2025-06-17 19:55:06.386938-07:00,,,sports,win,utah_hockey_club,,nhl_stanley_cup,,2025,,,sports|win|utah_hockey_club|nhl_stanley_cup|2025,0.86,sports outcome template,0.86,deterministic_contract_key
polymarket,archive,507895,0x305df84a4e3cdedb1a70ddec73949c64311247dbf7f41c236ee6a795dcc3d347,0,Yes,76259649122453061705337281599154338919732329508586858056504569811939186829612,False,Will the Utah Jazz win the 2025 NBA Finals?,,,129911351.465261,2024-09-24 08:35:02.582586-07:00,2025-06-23 05:00:00-07:00,,,sports,win,utah_jazz,,nba_finals,,2025,,,sports|win|utah_jazz|nba_finals|2025,sports|win|utah_jazz|nba_finals|2025,0.86,sports outcome template,kalshi,archive,KXNBA-25-UTA,KXNBA-25,,,,False,Will the Utah Jazz win the NBA Finals?,Utah,Utah,0.0,2025-01-22 11:55:27.969466-08:00,2025-06-22 19:51:09.791711-07:00,,,sports,win,utah_jazz,,nba_finals,,2025,,,sports|win|utah_jazz|nba_finals|2025,0.86,sports outcome template,0.86,deterministic_contract_key
polymarket,archive,509112,0xbf44392afde05a6d2bd421d72bbbdbfdaff6650441dee235ba0d83414396e68e,0,Yes,78488080493789878859846482391224822393915508678850650654336402259597663413976,False,Will the Vancouver Canucks win the 2025 Stanley Cup?,,,993919.023155,2024-10-07 12:26:51.976044-07:00,2025-06-23 05:00:00-07:00,,,sports,win,vancouver_canucks,,nhl_stanley_cup,,2025,,,sports|win|vancouver_canucks|nhl_stanley_cup|2025,sports|win|vancouver_canucks|nhl_stanley_cup|2025,0.86,sports outcome template,kalshi,archive,KXNHL-25-VAN,KXNHL-25,,,,False,Will the Vancouver Canucks win the Stanley Cup Finals?,Vancouver,Vancouver,5704.0,2025-01-22 11:57:03.159944-08:00,2025-06-17 19:55:06.386938-07:00,,,sports,win,vancouver_canucks,,nhl_stanley_cup,,2025,,,sports|win|vancouver_canucks|nhl_stanley_cup|2025,0.86,sports outcome template,0.86,deterministic_contract_key
polymarket,archive,509113,0xc022fc3b994509037e6f70adbc3e40b497a6cdc11b6f308a12b3040ba9df9a28,0,Yes,75574148925480863223840208698665534420144790629668876729033647864958604346852,False,Will the Vegas Golden Knights win the 2025 Stanley Cup?,,,568991.849413,2024-10-07 12:27:15.176427-07:00,2025-06-23 05:00:00-07:00,,,sports,win,vegas_golden_knights,,nhl_stanley_cup,,2025,,,sports|win|vegas_golden_knights|nhl_stanley_cup|2025,sports|win|vegas_golden_knights|nhl_stanley_cup|2025,0.86,sports outcome template,kalshi,archive,KXNHL-25-VGK,KXNHL-25,,,,False,Will the Vegas Golden Knights win the Stanley Cup Finals?,Vegas,Vegas,224789.0,2025-01-22 11:57:03.159944-08:00,2025-06-17 19:55:06.386938-07:00,,,sports,win,vegas_golden_knights,,nhl_stanley_cup,,2025,,,sports|win|vegas_golden_knights|nhl_stanley_cup|2025,0.86,sports outcome template,0.86,deterministic_contract_key
polymarket,archive,525533,0x5d5636328cf2d2b1f0cad84989b3cdfdc69a9452522ffc7a8cfa8fb80515bec3,0,Yes,90224633782995309455420320009926635850737342533571201284021135873567393752660,False,Will Viktor Hovland win The 2025 Masters?,,,256161.667069,2025-02-26 14:38:24.958457-08:00,2025-04-14 05:00:00-07:00,,,sports,win,viktor_hovland,,masters,,2025,,,sports|win|viktor_hovland|masters|2025,sports|win|viktor_hovland|masters|2025,0.86,sports outcome template,kalshi,archive,KXMASTERS-25-VH,KXMASTERS-25,,,,False,Will the Viktor Hovland win the Masters?,Viktor Hovland,Viktor Hovland,1062791.0,2025-02-10 14:40:36.481291-08:00,2025-04-13 16:22:37.423821-07:00,,,sports,win,viktor_hovland,,masters,,2025,,,sports|win|viktor_hovland|masters|2025,0.86,sports outcome template,0.86,deterministic_contract_key
polymarket,archive,525627,0x6fd0ee23ef64263510ce90b7d39150842851a8d9b72891854be40f90f5717462,0,Yes,18972350392282429098089548543729261436683778800223586633752808511220448322913,False,Will Viktor Hovland win The 2025 PGA Championship?,,,23381.515247,2025-02-26 15:53:26.447049-08:00,2025-05-18 05:00:00-07:00,,,sports,win,viktor_hovland,,pga_championship,,2025,,,sports|win|viktor_hovland|pga_championship|2025,sports|win|viktor_hovland|pga_championship|2025,0.86,sports outcome template,kalshi,archive,KXPGA-25-VH,KXPGA-25,,,,False,Will the Viktor Hovland win the PGA Championship?,Viktor Hovland,Viktor Hovland,486931.0,2025-02-11 15:53:41.064923-08:00,2025-05-18 16:04:37.755488-07:00,,,sports,win,viktor_hovland,,pga_championship,,2025,,,sports|win|viktor_hovland|pga_championship|2025,0.86,sports outcome template,0.86,deterministic_contract_key
polymarket,archive,507896,0xbba16a21398862877d2ba91d7221be625b4514066580c91c6acbc32b03fe7997,0,Yes,24107569157155697291965151336634632343913784446472286927398284356905040243642,False,Will the Washington Wizards win the 2025 NBA Finals?,,,130194075.547845,2024-09-24 08:35:19.262234-07:00,2025-06-23 05:00:00-07:00,,,sports,win,washington_wizards,,nba_finals,,2025,,,sports|win|washington_wizards|nba_finals|2025,sports|win|washington_wizards|nba_finals|2025,0.86,sports outcome template,kalshi,archive,KXNBA-25-WAS,KXNBA-25,,,,False,Will the Washington Wizards win the NBA Finals?,Washington,Washington,1.0,2025-01-22 11:55:27.969466-08:00,2025-06-22 19:51:09.791711-07:00,,,sports,win,washington_wizards,,nba_finals,,2025,,,sports|win|washington_wizards|nba_finals|2025,0.86,sports outcome template,0.86,deterministic_contract_key
polymarket,archive,509115,0x2f4d4813b59746d5ced985170530331befb399a25acc8540061e0ac8224c9aa2,0,Yes,103413914712036228924063773109954427325178628441071237874092051422860026932077,False,Will the Winnipeg Jets win the 2025 Stanley Cup?,,,13460020.454528,2024-10-07 12:28:06.942911-07:00,2025-06-23 05:00:00-07:00,,,sports,win,winnipeg_jets,,nhl_stanley_cup,,2025,,,sports|win|winnipeg_jets|nhl_stanley_cup|2025,sports|win|winnipeg_jets|nhl_stanley_cup|2025,0.86,sports outcome template,kalshi,archive,KXNHL-25-WPG,KXNHL-25,,,,False,Will the Winnipeg Jets win the Stanley Cup Finals?,Winnipeg,Winnipeg,759360.0,2025-01-22 11:57:03.159944-08:00,2025-06-17 19:55:06.386938-07:00,,,sports,win,winnipeg_jets,,nhl_stanley_cup,,2025,,,sports|win|winnipeg_jets|nhl_stanley_cup|2025,0.86,sports outcome template,0.86,deterministic_contract_key
polymarket,archive,525529,0xcb8162298a401d327612bccf5a784109894c45dbe51f8b2abaf006a964d2802a,0,Yes,31994275627264427525716591793623977847525717714423991970973528585748706386509,False,Will Xander Schauffele win The 2025 Masters?,,,148427.87465,2025-02-26 14:38:23.556349-08:00,2025-04-14 05:00:00-07:00,,,sports,win,xander_schauffele,,masters,,2025,,,sports|win|xander_schauffele|masters|2025,sports|win|xander_schauffele|masters|2025,0.86,sports outcome template,kalshi,archive,KXMASTERS-25-XS,KXMASTERS-25,,,,False,Will the Xander Schauffele win the Masters?,Xander Schauffele,Xander Schauffele,894451.0,2025-02-10 14:40:36.481289-08:00,2025-04-13 16:22:37.423821-07:00,,,sports,win,xander_schauffele,,masters,,2025,,,sports|win|xander_schauffele|masters|2025,0.86,sports outcome template,0.86,deterministic_contract_key
polymarket,archive,525623,0xb6154cde7563e65dcaac821b784ea0b858a4d4c992c733bb69abdbb1ff9acd47,0,Yes,101844242352589281548259072377947885802748412157332050997549524536279224922889,False,Will Xander Schauffele win The 2025 PGA Championship?,,,34025.139548,2025-02-26 15:53:25.092506-08:00,2025-05-18 05:00:00-07:00,,,sports,win,xander_schauffele,,pga_championship,,2025,,,sports|win|xander_schauffele|pga_championship|2025,sports|win|xander_schauffele|pga_championship|2025,0.86,sports outcome template,kalshi,archive,KXPGA-25-XS,KXPGA-25,,,,False,Will the Xander Schauffele win the PGA Championship?,Xander Schauffele,Xander Schauffele,448280.0,2025-02-11 15:53:41.064923-08:00,2025-05-18 16:04:37.755488-07:00,,,sports,win,xander_schauffele,,pga_championship,,2025,,,sports|win|xander_schauffele|pga_championship|2025,0.86,sports outcome template,0.86,deterministic_contract_key
polymarket,archive,525372,0x582b0ea6bd8c5bb2bfeefd34b2f87b79ce133b12bd4c71c3542f3ea6a35d5ba4,0,Yes,23631684112577634966972064066502970799716909122249247351702923742249145919879,False,Will Yuki Tsunoda be the 2025 Drivers Champion?,,,1847541.108196,2025-02-26 10:26:32.363237-08:00,2025-12-07 04:00:00-08:00,,,sports,win,yuki_tsunoda,,formula_1_drivers_championship,,2025,,,sports|win|yuki_tsunoda|formula_1_drivers_championship|2025,sports|win|yuki_tsunoda|formula_1_drivers_championship|2025,0.86,sports outcome template,kalshi,archive,KXF1-25-YT,KXF1-25,,,,False,Will the Yuki Tsunoda win the Formula 1 Drivers Championship?,Yuki Tsunoda,Yuki Tsunoda,3939.0,2025-02-11 15:22:26.139157-08:00,2027-12-07 07:00:00-08:00,,,sports,win,yuki_tsunoda,,formula_1_drivers_championship,,2025,,,sports|win|yuki_tsunoda|formula_1_drivers_championship|2025,0.86,sports outcome template,0.86,deterministic_contract_key
polymarket,archive,516864,0x9aa6086535a4b3145e9f7378dd58a7a8c30c4b15bd4fe17eb6990817f5cd3cd9,0,Yes,87484108660213248881541352117231933897620313251765619093583161767567942237143,False,"Will Bitcoin reach $150,000 by December 31, 2025?",,,16414060.383217,2024-12-30 12:44:03.025659-08:00,2025-12-31 04:00:00-08:00,,,asset_threshold,threshold,bitcoin,,,year:2025,,150000,above,asset_threshold|threshold|bitcoin|year:2025|above|150000,asset_threshold|threshold|bitcoin|above|150000,0.82,asset threshold template,kalshi,archive,KXBTCMAXY-25-DEC31-149999.99,KXBTCMAXY-25,,,,False,How high will Bitcoin get this year?,"$150,000 or above","$150,000 or above",3890623.0,2024-11-11 14:52:21.831422-08:00,2025-12-31 07:00:00-08:00,,,asset_threshold,threshold,bitcoin,,,year:2025,,150000,above,asset_threshold|threshold|bitcoin|above|150000,0.82,asset threshold ladder template,0.82,deterministic_contract_key
polymarket,archive,516863,0x4e2887e913cd6e091c9b07b5e4013b24f372453efa6f11a0b0c5f65371729cf4,0,Yes,85949163243245471221790979452091560100141884930227668573477517865165344048388,False,"Will Bitcoin reach $200,000 by December 31, 2025?",,,19275707.736605,2024-12-30 12:43:40.292689-08:00,2025-12-31 04:00:00-08:00,,,asset_threshold,threshold,bitcoin,,,year:2025,,200000,above,asset_threshold|threshold|bitcoin|year:2025|above|200000,asset_threshold|threshold|bitcoin|above|200000,0.82,asset threshold template,kalshi,archive,KXBTCMAXY-25-DEC31-199999.99,KXBTCMAXY-25,,,,False,How high will Bitcoin get this year?,"$200,000 or above","$200,000 or above",1966708.0,2025-01-02 14:38:42.151964-08:00,2025-12-31 20:59:00-08:00,,,asset_threshold,threshold,bitcoin,,,year:2025,,200000,above,asset_threshold|threshold|bitcoin|above|200000,0.82,asset threshold ladder template,0.82,deterministic_contract_key
polymarket,archive,516862,0xac2be3a5471b343d43b9f0d3f141611b91feb8c66aed8e286cd3d2540714aaba,0,Yes,15600657178409553723631854347165934450743544837722869853285023214749561849304,False,"Will Bitcoin reach $250,000 by December 31, 2025?",,,15857522.578687,2024-12-30 12:43:17.940226-08:00,2025-12-31 04:00:00-08:00,,,asset_threshold,threshold,bitcoin,,,year:2025,,250000,above,asset_threshold|threshold|bitcoin|year:2025|above|250000,asset_threshold|threshold|bitcoin|above|250000,0.82,asset threshold template,kalshi,archive,KXBTCMAXY-25-DEC31-249999.99,KXBTCMAXY-25,,,,False,How high will Bitcoin get this year?,"$250,000 or above","$250,000 or above",661056.0,2025-01-16 07:24:20.270934-08:00,2025-12-31 20:59:00-08:00,,,asset_threshold,threshold,bitcoin,,,year:2025,,250000,above,asset_threshold|threshold|bitcoin|above|250000,0.82,asset threshold ladder template,0.82,deterministic_contract_key
polymarket,archive,516872,0x5e8e585d855c4288c3805064e74fc7ea1dab47dc0e9b42a0dbd9ca5f49c997f9,0,Yes,19172660598358578032571481657371270203404516640166684953652435968273007603461,False,"Will Bitcoin dip to $50,000 by December 31, 2025?",,,4969076.583099,2024-12-30 12:52:00.940565-08:00,2025-12-31 04:00:00-08:00,,,asset_threshold,threshold,bitcoin,,,year:2025,,50000,below,asset_threshold|threshold|bitcoin|year:2025|below|50000,asset_threshold|threshold|bitcoin|below|50000,0.82,asset below threshold template,kalshi,archive,KXBTCMINY-25-DEC31-50000,KXBTCMINY-25,,,,False,How low will Bitcoin get this year?,"Below $50,000","Below $50,000",391259.0,2025-02-05 14:58:53.250791-08:00,2025-12-31 20:59:00-08:00,,,asset_threshold,threshold,bitcoin,,,year:2025,,50000,below,asset_threshold|threshold|bitcoin|below|50000,0.82,asset threshold ladder template,0.82,deterministic_contract_key
polymarket,archive,516871,0x0aeb566c973d193ef7f77d2532ba6bffe4f76d5f6b7c5422ceaa966536b7ef90,0,Yes,95047670164958340277111777643825971965059782358468932324606496632183052684085,False,"Will Bitcoin dip to $70,000 by December 31, 2025?",,,8605610.758506,2024-12-30 12:51:32.263226-08:00,2025-12-31 04:00:00-08:00,,,asset_threshold,threshold,bitcoin,,,year:2025,,70000,below,asset_threshold|threshold|bitcoin|year:2025|below|70000,asset_threshold|threshold|bitcoin|below|70000,0.82,asset below threshold template,kalshi,archive,KXBTCMINY-25-DEC31-70000,KXBTCMINY-25,,,,False,How low will Bitcoin get this year?,"Below $70,000","Below $70,000",737205.0,2025-02-05 14:58:53.250791-08:00,2025-12-31 20:59:00-08:00,,,asset_threshold,threshold,bitcoin,,,year:2025,,70000,below,asset_threshold|threshold|bitcoin|below|70000,0.82,asset threshold ladder template,0.82,deterministic_contract_key
polymarket,archive,516723,0xebfda84c91d3dafde3f49bd132aadc9e762b88023021806e7345cd526fc7e1fa,0,Yes,18020161444416260195750543688224692006431301166904957549340226313298366177208,False,Will no Fed rate cuts happen in 2025?,,,3257922.893311,2024-12-29 11:49:27.907976-08:00,2025-12-10 04:00:00-08:00,,,fed_count,cut,,,fed_rate_cuts,,2025,0,equal,fed_count|cut|fed_rate_cuts|2025|equal|0,fed_count|cut|fed_rate_cuts|2025|equal|0,0.82,fed rate cut count template,kalshi,archive,KXRATECUTCOUNT-25DEC31-T0,KXRATECUTCOUNT-25DEC31,,,,False,Will the Fed cut rates 0 times?,Exactly 0 cuts,Exactly 0 cuts,2670426.0,2024-12-19 15:13:55.310768-08:00,2025-09-18 08:58:24.020448-07:00,,,fed_count,cut,,,fed_rate_cuts,,2025,0,equal,fed_count|cut|fed_rate_cuts|2025|equal|0,0.82,fed rate cut count template,0.82,deterministic_contract_key
polymarket,archive,516724,0x8e9b6942b4dac3117dadfacac2edb390b6d62d59c14152774bb5fcd983fc134e,0,Yes,15353185604353847122370324954202969073036867278400776447048296624042585335546,False,Will 1 Fed rate cut happen in 2025?,,,2906248.945921,2024-12-29 11:53:12.962104-08:00,2025-12-10 04:00:00-08:00,,,fed_count,cut,,,fed_rate_cuts,,2025,1,equal,fed_count|cut|fed_rate_cuts|2025|equal|1,fed_count|cut|fed_rate_cuts|2025|equal|1,0.82,fed rate cut count template,kalshi,archive,KXRATECUTCOUNT-25DEC31-T1,KXRATECUTCOUNT-25DEC31,,,,False,Will the Fed cut rates 1 times?,Exactly 1 cut,Exactly 1 cut,2360575.0,2024-12-19 15:13:55.310768-08:00,2025-10-29 11:10:42.055627-07:00,,,fed_count,cut,,,fed_rate_cuts,,2025,1,equal,fed_count|cut|fed_rate_cuts|2025|equal|1,0.82,fed rate cut count template,0.82,deterministic_contract_key
polymarket,archive,516725,0x05af636e0989accb08334a74f69e5368e0aa28fe498fd16a3ca991e6dc5ae2cc,0,Yes,11661882248425579028730127122226588074844109517532906275870117904036267401870,False,Will 2 Fed rate cuts happen in 2025?,,,3706364.415322,2024-12-29 11:54:57.254583-08:00,2025-12-10 04:00:00-08:00,,,fed_count,cut,,,fed_rate_cuts,,2025,2,equal,fed_count|cut|fed_rate_cuts|2025|equal|2,fed_count|cut|fed_rate_cuts|2025|equal|2,0.82,fed rate cut count template,kalshi,archive,KXRATECUTCOUNT-25DEC31-T2,KXRATECUTCOUNT-25DEC31,,,,False,Will the Fed cut rates 2 times?,Exactly 2 cuts,Exactly 2 cuts,4141167.0,2024-12-19 15:13:55.310768-08:00,2025-12-31 20:59:00-08:00,,,fed_count,cut,,,fed_rate_cuts,,2025,2,equal,fed_count|cut|fed_rate_cuts|2025|equal|2,0.82,fed rate cut count template,0.82,deterministic_contract_key
polymarket,archive,516726,0x6df2f2ca434b5bacaef33d6b24edf42845199f4f794e66580de2d2c880a25275,0,Yes,17601770442239563289082275181138749951422899442850916335476881677007065139739,False,Will 3 Fed rate cuts happen in 2025?,,,3568731.458998,2024-12-29 11:57:11.618587-08:00,2025-12-10 04:00:00-08:00,,,fed_count,cut,,,fed_rate_cuts,,2025,3,equal,fed_count|cut|fed_rate_cuts|2025|equal|3,fed_count|cut|fed_rate_cuts|2025|equal|3,0.82,fed rate cut count template,kalshi,archive,KXRATECUTCOUNT-25DEC31-T3,KXRATECUTCOUNT-25DEC31,,,,False,Will the Fed cut rates 3 times?,Exactly 3 cuts,Exactly 3 cuts,4303982.0,2024-12-19 15:13:55.310768-08:00,2025-12-31 20:59:00-08:00,,,fed_count,cut,,,fed_rate_cuts,,2025,3,equal,fed_count|cut|fed_rate_cuts|2025|equal|3,0.82,fed rate cut count template,0.82,deterministic_contract_key
polymarket,archive,516727,0xc2846f35e85eb09a094edbd4e93e345d3c682dc0436615adc27122222fccbd81,0,Yes,89004595068776945908481855030043950109477136860300352348370395226706216458498,False,Will 4 Fed rate cuts happen in 2025?,,,3089647.671223,2024-12-29 11:58:26.387182-08:00,2025-12-10 04:00:00-08:00,,,fed_count,cut,,,fed_rate_cuts,,2025,4,equal,fed_count|cut|fed_rate_cuts|2025|equal|4,fed_count|cut|fed_rate_cuts|2025|equal|4,0.82,fed rate cut count template,kalshi,archive,KXRATECUTCOUNT-25DEC31-T4,KXRATECUTCOUNT-25DEC31,,,,False,Will the Fed cut rates 4 times?,Exactly 4 cuts,Exactly 4 cuts,1995296.0,2024-12-19 15:13:55.310768-08:00,2025-12-31 20:59:00-08:00,,,fed_count,cut,,,fed_rate_cuts,,2025,4,equal,fed_count|cut|fed_rate_cuts|2025|equal|4,0.82,fed rate cut count template,0.82,deterministic_contract_key
polymarket,archive,516728,0x6ee22365b6602d928aa7136f549cc0d718bb16b044a6d15191041b84b5f1f43d,0,Yes,302273160494790559492931429044277112497487176914839291053945756072421867571,False,Will 5 Fed rate cuts happen in 2025?,,,2273086.225375,2024-12-29 11:59:42.523614-08:00,2025-12-10 04:00:00-08:00,,,fed_count,cut,,,fed_rate_cuts,,2025,5,equal,fed_count|cut|fed_rate_cuts|2025|equal|5,fed_count|cut|fed_rate_cuts|2025|equal|5,0.82,fed rate cut count template,kalshi,archive,KXRATECUTCOUNT-25DEC31-T5,KXRATECUTCOUNT-25DEC31,,,,False,Will the Fed cut rates 5 times?,Exactly 5 cuts,Exactly 5 cuts,1315229.0,2024-12-19 15:13:55.310768-08:00,2025-12-31 20:59:00-08:00,,,fed_count,cut,,,fed_rate_cuts,,2025,5,equal,fed_count|cut|fed_rate_cuts|2025|equal|5,0.82,fed rate cut count template,0.82,deterministic_contract_key
polymarket,archive,516731,0x37100ed3560699c48d90a027e65da10a04e395785b598289163e3bbfdaca99e6,0,Yes,35428628589990747181456921610814206632405028717182760412162159083085892664954,False,Will 6 Fed rate cuts happen in 2025?,,,2623047.127032,2024-12-29 12:36:57.617602-08:00,2025-12-10 04:00:00-08:00,,,fed_count,cut,,,fed_rate_cuts,,2025,6,equal,fed_count|cut|fed_rate_cuts|2025|equal|6,fed_count|cut|fed_rate_cuts|2025|equal|6,0.82,fed rate cut count template,kalshi,archive,KXRATECUTCOUNT-25DEC31-T6,KXRATECUTCOUNT-25DEC31,,,,False,Will the Fed cut rates 6 times?,Exactly 6 cuts,Exactly 6 cuts,493177.0,2024-12-19 15:13:55.310768-08:00,2025-12-31 20:59:00-08:00,,,fed_count,cut,,,fed_rate_cuts,,2025,6,equal,fed_count|cut|fed_rate_cuts|2025|equal|6,0.82,fed rate cut count template,0.82,deterministic_contract_key
polymarket,archive,516730,0xf4d03ce9ce65ea06654f23e26dead828005511d65bb650cd5a9dc77891406d12,0,Yes,106637218023173886895550072700357013102189022015797096007920322441434274793343,False,Will 7 Fed rate cuts happen in 2025?,,,6045992.73764,2024-12-29 12:35:34.291374-08:00,2025-12-10 04:00:00-08:00,,,fed_count,cut,,,fed_rate_cuts,,2025,7,equal,fed_count|cut|fed_rate_cuts|2025|equal|7,fed_count|cut|fed_rate_cuts|2025|equal|7,0.82,fed rate cut count template,kalshi,archive,KXRATECUTCOUNT-25DEC31-T7,KXRATECUTCOUNT-25DEC31,,,,False,Will the Fed cut rates 7 times?,Exactly 7 cuts,Exactly 7 cuts,134841.0,2024-12-19 15:13:55.310769-08:00,2025-12-31 20:59:00-08:00,,,fed_count,cut,,,fed_rate_cuts,,2025,7,equal,fed_count|cut|fed_rate_cuts|2025|equal|7,0.82,fed rate cut count template,0.82,deterministic_contract_key
polymarket,archive,518901,0x629991508180f4ee4ba17c62fc19fbfbd95563b8a7e9d28b096f11418dbb1f07,0,Yes,108694680056826771513727361737568313266027710115630595991317876664602548455545,False,Texas Strategic Bitcoin Reserve Act (H.B. 1598) signed in 2025?,,,214638.028966,2025-01-16 12:34:05.484328-08:00,2025-12-31 04:00:00-08:00,,,policy_action,pass_law,strategic_bitcoin_reserve_act,texas,,year:2025,,,,policy_action|pass_law|strategic_bitcoin_reserve_act|texas|year:2025,policy_action|pass_law|strategic_bitcoin_reserve_act|texas,0.8,state bitcoin reserve law template,kalshi,archive,KXTEXASBTC-26,KXTEXASBTC-26,,,,False,Will the Texas Strategic Bitcoin Reserve Act become law before 2026?,Before 2026,Before 2026,104233.0,2024-12-18 13:05:50.412132-08:00,2025-06-24 07:45:24.569446-07:00,,,policy_action,pass_law,strategic_bitcoin_reserve_act,texas,,year:2025,,,,policy_action|pass_law|strategic_bitcoin_reserve_act|texas,0.8,state bitcoin reserve law template,0.8,deterministic_contract_key
polymarket,archive,528684,0xe03d57b46639f895cd964478206dcd03c1ff4c243a9ccd73a24952cd44669591,0,Yes,109718131470861256421274398367940808599890153764152100993838826884043156090391,False,Will CHEGA win the most seats in the 2025 Portuguese legislative election?,,,606685.545017,2025-03-17 13:41:07.111178-07:00,2025-05-18 05:00:00-07:00,,,election,win_most_seats,chega,,portugal_parliament,year:2025,2025,,,election|win_most_seats|chega|portugal_parliament|year:2025|2025,election|win_most_seats|chega|portugal_parliament|2025,0.78,generic election winner template,kalshi,archive,KXPORTUGALPARTY-25-CHEGA,KXPORTUGALPARTY-25,,,,False,Will Chega win the most seats in the Portuguese general election?,Chega,Chega,400.0,2025-03-18 18:56:35.259548-07:00,2025-05-29 20:25:43.048224-07:00,,,election,win_most_seats,chega,,portugal_parliament,year:2025,2025,,,election|win_most_seats|chega|portugal_parliament|2025,0.78,generic election winner template,0.78,deterministic_contract_key
polymarket,archive,517585,0x51f7452fddea310ba15955cfa8fa21419335b16f8310074e43f48c4856d7e0b8,0,Yes,13613076726717814638495632178711195398447760389342275247699985009794802626720,False,Will the Conservative Party win the most seats in the next Canadian election?,,,3398500.815959,2025-01-06 08:38:46.798801-08:00,2025-04-28 05:00:00-07:00,,,election,win_most_seats,conservative_party,,canada_federal,year:2025,2025,,,election|win_most_seats|conservative_party|canada_federal|year:2025|2025,election|win_most_seats|conservative_party|canada_federal|2025,0.78,generic election winner template,kalshi,archive,KXCANADAPARTY-C,KXCANADAPARTY,,,,False,Will the Conservative party win the most seats in the 2025 Canadian House of Commons election?,Conservative party,Conservative party,239727.0,2024-10-24 13:29:31.545195-07:00,2025-05-27 08:34:12.730121-07:00,,,election,win_most_seats,conservative_party,,canada_federal,year:2025,2025,,,election|win_most_seats|conservative_party|canada_federal|2025,0.78,generic election winner template,0.78,deterministic_contract_key
polymarket,archive,517589,0xc1a5352b767a581a9840feebc0d0b71f0034c9fcc14b5ad74431d6c95e50796d,0,Yes,3211614129944227350467144707715596262030687550208593094459440419541034878114,False,Will the Green Party win the most seats in the next Canadian election?,,,556690.074432,2025-01-06 08:49:55.308049-08:00,2025-04-28 05:00:00-07:00,,,election,win_most_seats,green_party,,canada_federal,year:2025,2025,,,election|win_most_seats|green_party|canada_federal|year:2025|2025,election|win_most_seats|green_party|canada_federal|2025,0.78,generic election winner template,kalshi,archive,KXCANADAPARTY-G,KXCANADAPARTY,,,,False,Will the Green party win the most seats in the 2025 Canadian House of Commons election?,Green party,Green party,15.0,2024-10-24 13:29:31.545195-07:00,2025-05-27 08:34:12.730121-07:00,,,election,win_most_seats,green_party,,canada_federal,year:2025,2025,,,election|win_most_seats|green_party|canada_federal|2025,0.78,generic election winner template,0.78,deterministic_contract_key
polymarket,archive,517586,0xae6dab898b0531faf72bf9f09517538249131850cfe48b309f7f91124411c380,0,Yes,97369614101217511684993615789719226906296227283714425485701044468625942166745,False,Will the Liberal Party win the most seats in the next Canadian election?,,,5152025.201466,2025-01-06 08:43:44.894139-08:00,2025-04-28 05:00:00-07:00,,,election,win_most_seats,liberal_party,,canada_federal,year:2025,2025,,,election|win_most_seats|liberal_party|canada_federal|year:2025|2025,election|win_most_seats|liberal_party|canada_federal|2025,0.78,generic election winner template,kalshi,archive,KXCANADAPARTY-L,KXCANADAPARTY,,,,False,Will the Liberal party win the most seats in the 2025 Canadian House of Commons election?,Liberal party,Liberal party,333466.0,2024-10-24 13:29:31.545195-07:00,2025-05-27 08:34:12.730121-07:00,,,election,win_most_seats,liberal_party,,canada_federal,year:2025,2025,,,election|win_most_seats|liberal_party|canada_federal|2025,0.78,generic election winner template,0.78,deterministic_contract_key
polymarket,archive,528688,0x88e1379369e64f6a3fff8e0da42a136862e227eb516977832e04511bd778e8b8,0,Yes,52751046452229649713496016650084639987245509474072726014183432115433475908011,False,Will Livre win the most seats in the 2025 Portuguese legislative election?,,,330488.439275,2025-03-17 13:41:08.599485-07:00,2025-05-18 05:00:00-07:00,,,election,win_most_seats,livre,,portugal_parliament,year:2025,2025,,,election|win_most_seats|livre|portugal_parliament|year:2025|2025,election|win_most_seats|livre|portugal_parliament|2025,0.78,generic election winner template,kalshi,archive,KXPORTUGALPARTY-25-LIVRE,KXPORTUGALPARTY-25,,,,False,Will LIVRE win the most seats in the Portuguese general election?,LIVRE,LIVRE,100.0,2025-03-18 18:56:35.259548-07:00,2025-05-29 20:25:43.048224-07:00,,,election,win_most_seats,livre,,portugal_parliament,year:2025,2025,,,election|win_most_seats|livre|portugal_parliament|2025,0.78,generic election winner template,0.78,deterministic_contract_key
polymarket,archive,517588,0xa8ad29b208d9b2e79c4ae9cd22a85c8b875ced0a1fd6eab6f00a92055d603be2,0,Yes,61721130084132619913581051002732915282372399124203265415318459530632824389380,False,Will the New Democratic Party win the most seats in the next Canadian election?,,,761989.03803,2025-01-06 08:48:09.478561-08:00,2025-04-28 05:00:00-07:00,,,election,win_most_seats,new_democratic_party,,canada_federal,year:2025,2025,,,election|win_most_seats|new_democratic_party|canada_federal|year:2025|2025,election|win_most_seats|new_democratic_party|canada_federal|2025,0.78,generic election winner template,kalshi,archive,KXCANADAPARTY-ND,KXCANADAPARTY,,,,False,Will the New Democratic party win the most seats in the 2025 Canadian House of Commons election?,New Democratic party,New Democratic party,15.0,2024-10-24 13:29:31.545195-07:00,2025-05-27 08:34:12.730121-07:00,,,election,win_most_seats,new_democratic_party,,canada_federal,year:2025,2025,,,election|win_most_seats|new_democratic_party|canada_federal|2025,0.78,generic election winner template,0.78,deterministic_contract_key
polymarket,archive,517590,0x7b94d6cef097f44d4f2327f2777b0c3f79048d25dad50bd9e752c7ea3fb80acc,0,Yes,35924832551646767782758424953354849643043645213249703917795372244091393088355,False,Will the People's party win the most seats in the next Canadian election?,,,1139787.923504,2025-01-06 08:50:24.138827-08:00,2025-04-28 05:00:00-07:00,,,election,win_most_seats,peoples_party,,canada_federal,year:2025,2025,,,election|win_most_seats|peoples_party|canada_federal|year:2025|2025,election|win_most_seats|peoples_party|canada_federal|2025,0.78,generic election winner template,kalshi,archive,KXCANADAPARTY-P,KXCANADAPARTY,,,,False,Will the People's party win the most seats in the 2025 Canadian House of Commons election?,People's party,People's party,2909.0,2024-10-24 13:29:31.545195-07:00,2025-05-27 08:34:12.730121-07:00,,,election,win_most_seats,peoples_party,,canada_federal,year:2025,2025,,,election|win_most_seats|peoples_party|canada_federal|2025,0.78,generic election winner template,0.78,deterministic_contract_key
polymarket,archive,543259,0xec0a4d2952cb62ca55e16a4ad879aae5c988309f71a8f16fc3c65fe0a8df52d4,0,Yes,21349083717605037525723335754807560771874175181325455859992777238860289139531,False,Will Andrónico Rodríguez win the 2025 Bolivia presidential election?,,,7326758.679552,2025-05-09 14:39:14.001066-07:00,2025-10-18 17:00:00-07:00,,,election,win,andr_nico_rodr_guez,,bolivia_president,year:2025,2025,,,election|win|andr_nico_rodr_guez|bolivia_president|year:2025|2025,election|win|andr_nico_rodr_guez|bolivia_president|2025,0.78,generic election winner template,kalshi,archive,KXBOLIVIAPRES-25-AR,KXBOLIVIAPRES-25,,,,False,Who will win the Bolivian presidential election?,Andrónico Rodríguez,Andrónico Rodríguez,93008.0,2025-01-06 11:35:26.886973-08:00,2025-11-08 15:36:02.514057-08:00,,,election,win,andr_nico_rodr_guez,,bolivia_president,year:2025,2025,,,election|win|andr_nico_rodr_guez|bolivia_president|2025,0.78,generic election winner template,0.78,deterministic_contract_key
polymarket,archive,543274,0x60e541066412fd81be728abbbdcf8128f4d2bb70d18f8c66a276bc75707e99f3,0,Yes,17849683858069937637491725401516486250615904612932801425636311554981022266375,False,Will Branko Marinković win the 2025 Bolivia presidential election?,,,337382.708581,2025-05-09 14:39:19.137544-07:00,2025-10-18 17:00:00-07:00,,,election,win,branko_marinkovi,,bolivia_president,year:2025,2025,,,election|win|branko_marinkovi|bolivia_president|year:2025|2025,election|win|branko_marinkovi|bolivia_president|2025,0.78,generic election winner template,kalshi,archive,KXBOLIVIAPRES-25-BM,KXBOLIVIAPRES-25,,,,False,Who will win the Bolivian presidential election?,Branko Marinković,Branko Marinković,123.0,2025-01-06 11:35:26.886973-08:00,2025-11-08 15:36:02.514057-08:00,,,election,win,branko_marinkovi,,bolivia_president,year:2025,2025,,,election|win|branko_marinkovi|bolivia_president|2025,0.78,generic election winner template,0.78,deterministic_contract_key
polymarket,archive,543272,0xc984e72be5b7445bac6319af55b23873d156590da74e68ef21be6fc8d5ae6499,0,Yes,5155771438049038691591616286902599050479389630640577499227050564598703370124,False,Will Carlos Mesa win the 2025 Bolivia presidential election?,,,289029.991001,2025-05-09 14:39:18.532568-07:00,2025-10-18 17:00:00-07:00,,,election,win,carlos_mesa,,bolivia_president,year:2025,2025,,,election|win|carlos_mesa|bolivia_president|year:2025|2025,election|win|carlos_mesa|bolivia_president|2025,0.78,generic election winner template,kalshi,archive,KXBOLIVIAPRES-25-CM,KXBOLIVIAPRES-25,,,,False,Who will win the Bolivian presidential election?,Carlos Mesa,Carlos Mesa,93.0,2025-01-06 11:35:26.886973-08:00,2025-11-08 15:36:02.514057-08:00,,,election,win,carlos_mesa,,bolivia_president,year:2025,2025,,,election|win|carlos_mesa|bolivia_president|2025,0.78,generic election winner template,0.78,deterministic_contract_key
polymarket,archive,543263,0xf690d66f5e516216fa145f1578f95b5897678be255127ebe390c2b51d8656bdb,0,Yes,65182144144608433456123000312637003192540674831461667961211058718188030456494,False,Will Chi Hyun Chung win the 2025 Bolivia presidential election?,,,119579.506818,2025-05-09 14:39:15.337186-07:00,2025-10-18 17:00:00-07:00,,,election,win,chi_hyun_chung,,bolivia_president,year:2025,2025,,,election|win|chi_hyun_chung|bolivia_president|year:2025|2025,election|win|chi_hyun_chung|bolivia_president|2025,0.78,generic election winner template,kalshi,archive,KXBOLIVIAPRES-25-CHC,KXBOLIVIAPRES-25,,,,False,Who will win the Bolivian presidential election?,Chi Hyun Chung,Chi Hyun Chung,1655.0,2025-01-06 11:35:26.886973-08:00,2025-11-08 15:36:02.514057-08:00,,,election,win,chi_hyun_chung,,bolivia_president,year:2025,2025,,,election|win|chi_hyun_chung|bolivia_president|2025,0.78,generic election winner template,0.78,deterministic_contract_key
polymarket,archive,514172,0x961ee2529ff3c3b27a9b7dc424c1d7046f52bdd5b4ae38bd74ae65f0838fabaa,0,Yes,78529201497074592652635694767108128464886305064134175900444209409569043565924,False,Will Daniel Noboa win the 2025 Ecuadorian Presidential Election? ,,,1360386.018944,2024-11-26 14:18:21.416707-08:00,2025-04-13 05:00:00-07:00,,,election,win,daniel_noboa,,ecuadorian_presidential,year:2025,2025,,,election|win|daniel_noboa|ecuadorian_presidential|year:2025|2025,election|win|daniel_noboa|ecuadorian_presidential|2025,0.78,generic election winner template,kalshi,archive,KXPRESECUADOR25-DN,KXPRESECUADOR25,,,,False,Will Daniel Noboa win the 2025 Ecuadorian presidential election?,Daniel Noboa,Daniel Noboa,153234.0,2024-10-24 13:29:36.790992-07:00,2025-04-14 10:21:23.057426-07:00,,,election,win,daniel_noboa,,ecuadorian_presidential,year:2025,2025,,,election|win|daniel_noboa|ecuadorian_presidential|2025,0.78,generic election winner template,0.78,deterministic_contract_key
polymarket,archive,514184,0x5ab99b5c84e83438d0919125c4bb9fa883fb5238388b2803aa998f434a073dec,0,Yes,66470790651114265883665273202647553543294020337592564761176793976039112555937,False,Will Henry Cucalón win the 2025 Ecuadorian Presidential Election?,,,673558.825845,2024-11-26 14:45:24.091733-08:00,2025-04-13 05:00:00-07:00,,,election,win,henry_cucal_n,,ecuadorian_presidential,year:2025,2025,,,election|win|henry_cucal_n|ecuadorian_presidential|year:2025|2025,election|win|henry_cucal_n|ecuadorian_presidential|2025,0.78,generic election winner template,kalshi,archive,KXPRESECUADOR25-HC,KXPRESECUADOR25,,,,False,Will Henry Cucalón win the 2025 Ecuadorian presidential election?,Henry Cucalón,Henry Cucalón,15.0,2024-10-24 13:29:36.790993-07:00,2025-04-14 10:21:23.057426-07:00,,,election,win,henry_cucal_n,,ecuadorian_presidential,year:2025,2025,,,election|win|henry_cucal_n|ecuadorian_presidential|2025,0.78,generic election winner template,0.78,deterministic_contract_key
polymarket,archive,551143,0xda8ebb9d7998b0e37f912b78d8f71a9e36b8a8b5b2afff4bb1f8106e29ae0604,0,Yes,53937473648188783569836457104933054364348579768036516690207399280597410899636,False,Will Jack Ciattarelli win the New Jersey Governor Election in 2025,,,6037389.579269,2025-06-09 18:40:24.780746-07:00,2025-11-03 16:00:00-08:00,,,election,win,jack_ciattarelli,,new_jersey_governor,year:2025,2025,,,election|win|jack_ciattarelli|new_jersey_governor|year:2025|2025,election|win|jack_ciattarelli|new_jersey_governor|2025,0.78,generic election winner template,kalshi,archive,GOVPARTYNJ-25-R,GOVPARTYNJ-25,,,,False,Will Jack Ciattarelli win the 2025 New Jersey gubernatorial election?,Jack Ciattarelli,Jack Ciattarelli,15671279.0,2024-11-06 12:17:19.621720-08:00,2025-11-06 19:18:14.146204-08:00,,,election,win,jack_ciattarelli,,new_jersey_governor,year:2025,2025,,,election|win|jack_ciattarelli|new_jersey_governor|2025,0.84,candidate office template,0.78,deterministic_contract_key
polymarket,archive,543258,0xd35959d5208eda42fce49fd5b752380dee17813a98c96d87308ed8a324608a4e,0,Yes,111174020960637389416810264600941186414004753111164399059354703606902594067832,False,Will Luis Arce win the 2025 Bolivia presidential election?,,,203278.343149,2025-05-09 14:39:13.663587-07:00,2025-10-18 17:00:00-07:00,,,election,win,luis_arce,,bolivia_president,year:2025,2025,,,election|win|luis_arce|bolivia_president|year:2025|2025,election|win|luis_arce|bolivia_president|2025,0.78,generic election winner template,kalshi,archive,KXBOLIVIAPRES-25-LA,KXBOLIVIAPRES-25,,,,False,Who will win the Bolivian presidential election?,Luis Arce,Luis Arce,3211.0,2025-01-06 11:35:26.886973-08:00,2025-11-08 15:36:02.514057-08:00,,,election,win,luis_arce,,bolivia_president,year:2025,2025,,,election|win|luis_arce|bolivia_president|2025,0.78,generic election winner template,0.78,deterministic_contract_key
polymarket,archive,514181,0x73f531e7088e7da29626e152d60566aa71a4a078b6ae6b7215577a963edc376c,0,Yes,31462369160152841995177527804912923307710608138814696727701585015260363916969,False,Will Luisa González win the 2025 Ecuadorian Presidential Election? ,,,1274030.578608,2024-11-26 14:39:48.907119-08:00,2025-04-13 05:00:00-07:00,,,election,win,luisa_gonz_lez,,ecuadorian_presidential,year:2025,2025,,,election|win|luisa_gonz_lez|ecuadorian_presidential|year:2025|2025,election|win|luisa_gonz_lez|ecuadorian_presidential|2025,0.78,generic election winner template,kalshi,archive,KXPRESECUADOR25-LG,KXPRESECUADOR25,,,,False,Will Luisa González win the 2025 Ecuadorian presidential election?,Luisa González,Luisa González,92342.0,2024-10-24 13:29:36.790992-07:00,2025-04-14 10:21:23.057426-07:00,,,election,win,luisa_gonz_lez,,ecuadorian_presidential,year:2025,2025,,,election|win|luisa_gonz_lez|ecuadorian_presidential|2025,0.78,generic election winner template,0.78,deterministic_contract_key
polymarket,archive,543261,0x9ec056d5b1c7793835a46928ca3db97f1df589765e099964b04215d12db65250,0,Yes,6152631328921183884174711861052249809252829304303011603856221267194446351460,False,Will Manfred Reyes Villa win the 2025 Bolivia presidential election?,,,842586.658604,2025-05-09 14:39:14.625783-07:00,2025-10-18 17:00:00-07:00,,,election,win,manfred_reyes_villa,,bolivia_president,year:2025,2025,,,election|win|manfred_reyes_villa|bolivia_president|year:2025|2025,election|win|manfred_reyes_villa|bolivia_president|2025,0.78,generic election winner template,kalshi,archive,KXBOLIVIAPRES-25-MRV,KXBOLIVIAPRES-25,,,,False,Who will win the Bolivian presidential election?,Manfred Reyes Villa,Manfred Reyes Villa,82177.0,2025-01-06 11:35:26.886972-08:00,2025-11-08 15:36:02.514057-08:00,,,election,win,manfred_reyes_villa,,bolivia_president,year:2025,2025,,,election|win|manfred_reyes_villa|bolivia_president|2025,0.78,generic election winner template,0.78,deterministic_contract_key
polymarket,archive,551137,0x027eeeaba097b5f3b166eace64668b2e6b327acc7c6b314ae5f03b33b51425e7,0,Yes,23056089932958374419797522644901592808991002026498053086166940911059008923379,False,Will Mikie Sherrill win the New Jersey Governor Election in 2025,,,7479198.557189,2025-06-09 18:40:21.526391-07:00,2025-11-03 16:00:00-08:00,,,election,win,mikie_sherrill,,new_jersey_governor,year:2025,2025,,,election|win|mikie_sherrill|new_jersey_governor|year:2025|2025,election|win|mikie_sherrill|new_jersey_governor|2025,0.78,generic election winner template,kalshi,archive,GOVPARTYNJ-25-D,GOVPARTYNJ-25,,,,False,Will Mikie Sherrill win the 2025 New Jersey gubernatorial election?,Mikie Sherrill,Mikie Sherrill,5968724.0,2024-11-06 12:17:19.621720-08:00,2025-11-06 19:18:14.146204-08:00,,,election,win,mikie_sherrill,,new_jersey_governor,year:2025,2025,,,election|win|mikie_sherrill|new_jersey_governor|2025,0.84,candidate office template,0.78,deterministic_contract_key
polymarket,archive,543260,0xaf2193cd6b091db90642fb9b9fd7f3c4a1c280373357081ec68c9841e864b207,0,Yes,86337476411225396782940416611040694123774553224828196996839974817619931765236,False,Will Samuel Doria Medina win the 2025 Bolivia presidential election?,,,1166200.271818,2025-05-09 14:39:14.312071-07:00,2025-10-18 17:00:00-07:00,,,election,win,samuel_doria_medina,,bolivia_president,year:2025,2025,,,election|win|samuel_doria_medina|bolivia_president|year:2025|2025,election|win|samuel_doria_medina|bolivia_president|2025,0.78,generic election winner template,kalshi,archive,KXBOLIVIAPRES-25-SDM,KXBOLIVIAPRES-25,,,,False,Who will win the Bolivian presidential election?,Samuel Doria Medina,Samuel Doria Medina,98253.0,2025-01-06 11:35:26.886973-08:00,2025-11-08 15:36:02.514057-08:00,,,election,win,samuel_doria_medina,,bolivia_president,year:2025,2025,,,election|win|samuel_doria_medina|bolivia_president|2025,0.78,generic election winner template,0.78,deterministic_contract_key
polymarket,archive,516937,0x80026f98f9de40aea8dba02798c4f0067942bba401fa3715209ee7c27482640b,0,Yes,83894672511259544049673946661753374355328822374216474995072428966535091173758,False,US national Bitcoin reserve in 2025?,,,5526758.797978,2024-12-31 08:52:52.674002-08:00,2025-12-31 04:00:00-08:00,,,policy_action,create,national_bitcoin_reserve,united_states,,year:2025,,,,policy_action|create|national_bitcoin_reserve|united_states|year:2025,policy_action|create|national_bitcoin_reserve|united_states,0.78,policy action template,kalshi,archive,KXBTCRESERVE-26-JAN01,KXBTCRESERVE-26,,,,False,"Will Trump create a National Bitcoin Reserve before Jan 1, 2026?","Before Jan 1, 2026","Before Jan 1, 2026",2469042.0,2024-11-09 09:44:33.181329-08:00,2026-01-01 07:00:00-08:00,,,policy_action,create,national_bitcoin_reserve,united_states,,year:2025,,,,policy_action|create|national_bitcoin_reserve|united_states,0.78,policy action template,0.78,deterministic_contract_key
polymarket,archive,523188,0x2e1bd18c2e34f82daf04485029d16017f79914fc273d8a8a6bab02a2fdbeeb29,0,Yes,60661165588332286306443081468695135979348107944620337686282849990456442563142,False,Will Trump end Department of Education in 2025?,,,900396.416301,2025-02-12 13:28:26.522588-08:00,2025-12-31 04:00:00-08:00,,,policy_action,eliminate,department_of_education,united_states,,year:2025,,,,policy_action|eliminate|department_of_education|united_states|year:2025,policy_action|eliminate|department_of_education|united_states,0.78,policy action template,kalshi,archive,KXDOED-26-JAN01,KXDOED-26,,,,False,"Will the Department of Education be eliminated before Jan 1, 2026?","Before Jan 1, 2026","Before Jan 1, 2026",3807901.0,2024-11-20 14:06:36.210022-08:00,2026-01-01 07:00:00-08:00,,,policy_action,eliminate,department_of_education,united_states,,year:2025,,,,policy_action|eliminate|department_of_education|united_states,0.78,policy action template,0.78,deterministic_contract_key
polymarket,archive,537892,0x2865bc483dd523f4a36eb961f7467c8635ee9a13f39748bad55f645ce1f61512,0,Yes,51488901526730069771868285104742328410384372749069959905403041328868803754709,False,Trump declassifies UFO files in 2025?,,,16680240.903723,2025-04-17 14:46:01.668012-07:00,2025-12-31 04:00:00-08:00,,,policy_action,release,ufo_files,united_states,,year:2025,,,,policy_action|release|ufo_files|united_states|year:2025,policy_action|release|ufo_files|united_states,0.78,policy action template,kalshi,archive,KXUAPFILES-25,KXUAPFILES-25,,,,False,Will Trump release new UFO files this year?,In 2025,In 2025,15032.0,2025-03-18 19:01:29.937227-07:00,2025-04-28 12:15:33.403233-07:00,,,policy_action,release,ufo_files,united_states,,year:2025,,,,policy_action|release|ufo_files|united_states,0.78,policy action template,0.78,deterministic_contract_key
polymarket,archive,516710,0xfa48a99317daef1654d5b03e30557c4222f276657275628d9475e141c64b545d,0,Yes,104173557214744537570424345347209544585775842950109756851652855913015295701992,False,US recession in 2025?,,,11734512.428529,2024-12-29 10:04:31.897422-08:00,2026-02-28 04:00:00-08:00,,,policy_action,start,recession,united_states,,year:2025,,,,policy_action|start|recession|united_states|year:2025,policy_action|start|recession|united_states,0.78,policy action template,kalshi,archive,RECSSNBER-25,RECSSNBER-25,,,,False,Will there be a recession in 2025?,Starts,Doesn't start,4113005.0,2024-08-05 04:20:53.467781-07:00,2026-01-31 05:25:00-08:00,,,policy_action,start,recession,united_states,,year:2025,,,,policy_action|start|recession|united_states,0.78,policy action template,0.78,deterministic_contract_key
