exchange,source_slug,market_id,event_group,title,yes_sub_title,no_sub_title,volume,created_at,end_date,market_family,predicate,subject,obj,scope,deadline,season,threshold,direction,contract_key,entity_signature,parse_confidence,parse_reason
kalshi,archive,CABINETMUSK-25-FEB01,CABINETMUSK-25,"Elon Musk nominated to the Cabinet before Feb 1, 2025?","Before Feb 1, 2025","Before Feb 1, 2025",6808311.0,2024-10-15 17:23:04.371912-07:00,2025-01-31 20:59:00-08:00,,,,,,,,,,,,0.0,no supported template
kalshi,archive,CLOSESTSTATE-24-AZ,CLOSESTSTATE-24,Will Arizona be the closest state in the Presidential election?,Arizona,Arizona,4748001.0,2024-10-04 19:45:30.290475-07:00,2025-01-06 11:04:12.996516-08:00,,,,,,,,,,,,0.0,no supported template
kalshi,archive,CLOSESTSTATE-24-WI,CLOSESTSTATE-24,Will Wisconsin be the closest state in the Presidential election?,Wisconsin,Wisconsin,4315827.0,2024-10-04 19:45:30.290475-07:00,2025-01-06 11:04:12.996516-08:00,,,,,,,,,,,,0.0,no supported template
kalshi,archive,ECMOV-24-D-B1-4,ECMOV-24,Will the electoral college margin of victory be between 1 and 4 for Democratic?,Harris by 1-4,Harris by 1-4,5383556.0,2024-10-04 19:49:34.510049-07:00,2025-01-06 11:03:57.487573-08:00,,,,,,,,,,,,0.0,no supported template
kalshi,archive,ECMOV-24-D-B105-154,ECMOV-24,Will the electoral college margin of victory be between 105 and 154 for Democratic?,Harris by 105-154,Harris by 105-154,4073792.0,2024-10-04 19:49:34.510049-07:00,2025-01-06 11:03:57.487573-08:00,,,,,,,,,,,,0.0,no supported template
kalshi,archive,ECMOV-24-D-B15-34,ECMOV-24,Will the electoral college margin of victory be between 15 and 34 for Democratic?,Harris by 15-34,Harris by 15-34,5140925.0,2024-10-04 19:49:34.510049-07:00,2025-01-06 11:03:57.487573-08:00,,,,,,,,,,,,0.0,no supported template
kalshi,archive,ECMOV-24-D-B155-214,ECMOV-24,Will the electoral college margin of victory be between 155 and 214 for Democratic?,Harris by 155-214,Harris by 155-214,4379068.0,2024-10-04 19:49:34.510049-07:00,2025-01-06 11:03:57.487573-08:00,,,,,,,,,,,,0.0,no supported template
kalshi,archive,ECMOV-24-D-B35-64,ECMOV-24,Will the electoral college margin of victory be between 35 and 64 for Democratic?,Harris by 35-64,Harris by 35-64,5233495.0,2024-10-04 19:49:34.510049-07:00,2025-01-06 11:03:57.487573-08:00,,,,,,,,,,,,0.0,no supported template
kalshi,archive,ECMOV-24-D-B5-14,ECMOV-24,Will the electoral college margin of victory be between 5 and 14 for Democratic?,Harris by 5-14,Harris by 5-14,5531990.0,2024-10-04 19:49:34.510049-07:00,2025-01-06 11:03:57.487573-08:00,,,,,,,,,,,,0.0,no supported template
kalshi,archive,ECMOV-24-D-B65-104,ECMOV-24,Will the electoral college margin of victory be between 65 and 104 for Democratic?,Harris by 65-104,Harris by 65-104,5173878.0,2024-10-04 19:49:34.510049-07:00,2025-01-06 11:03:57.487573-08:00,,,,,,,,,,,,0.0,no supported template
kalshi,archive,ECMOV-24-D-T215,ECMOV-24,Will the electoral college margin of victory be above 214 for Democratic?,Harris by 215 or more,Harris by 215 or more,4106632.0,2024-10-04 19:49:34.510049-07:00,2025-01-06 11:03:57.487573-08:00,,,,,,,,,,,,0.0,no supported template
kalshi,archive,ECMOV-24-R-B105-154,ECMOV-24,Will the electoral college margin of victory be between -105 and -154 for Republican?,Trump by 105-154,Trump by 105-154,5018198.0,2024-10-04 19:49:34.510050-07:00,2025-01-06 11:03:57.487573-08:00,,,,,,,,,,,,0.0,no supported template
kalshi,archive,ECMOV-24-R-B15-34,ECMOV-24,Will the electoral college margin of victory be between -15 and -34 for Republican?,Trump by 15-34,Trump by 15-34,5991993.0,2024-10-04 19:49:34.510050-07:00,2025-01-06 11:03:57.487573-08:00,,,,,,,,,,,,0.0,no supported template
kalshi,archive,ECMOV-24-R-B35-64,ECMOV-24,Will the electoral college margin of victory be between -35 and -64 for Republican?,Trump by 35-64,Trump by 35-64,10534367.0,2024-10-04 19:49:34.510050-07:00,2025-01-06 11:03:57.487573-08:00,,,,,,,,,,,,0.0,no supported template
kalshi,archive,ECMOV-24-R-B5-14,ECMOV-24,Will the electoral college margin of victory be between -5 and -14 for Republican?,Trump by 5-14,Trump by 5-14,4974141.0,2024-10-04 19:49:34.510050-07:00,2025-01-06 11:03:57.487573-08:00,,,,,,,,,,,,0.0,no supported template
kalshi,archive,ECMOV-24-R-B65-104,ECMOV-24,Will the electoral college margin of victory be between -65 and -104 for Republican?,Trump by 65-104,Trump by 65-104,10352544.0,2024-10-04 19:49:34.510050-07:00,2025-01-06 11:03:57.487573-08:00,,,,,,,,,,,,0.0,no supported template
kalshi,archive,FED-25MAY-T4.25,FED-25MAY,"Will the upper bound of the federal funds rate be above 4.25% following the Fed's May 7, 2025 meeting?",Above 4.25%,Above 4.25%,3745708.0,2024-08-20 06:27:29.903468-07:00,2025-05-07 10:55:00-07:00,,,,,,,,,,,,0.0,no supported template
kalshi,archive,GOVPARTYNJ-25-D,GOVPARTYNJ-25,Will Mikie Sherrill win the 2025 New Jersey gubernatorial election?,Mikie Sherrill,Mikie Sherrill,5968724.0,2024-11-06 12:17:19.621720-08:00,2025-11-06 19:18:14.146204-08:00,,,,,,,,,,,,0.0,no supported template
kalshi,archive,GOVPARTYNJ-25-R,GOVPARTYNJ-25,Will Jack Ciattarelli win the 2025 New Jersey gubernatorial election?,Jack Ciattarelli,Jack Ciattarelli,15671279.0,2024-11-06 12:17:19.621720-08:00,2025-11-06 19:18:14.146204-08:00,,,,,,,,,,,,0.0,no supported template
kalshi,archive,HOUSECA13-24-R,HOUSECA13-24,Will Republican win the House race for CA-13?,John Duarte,John Duarte,6164234.0,2024-10-30 18:32:31.818765-07:00,2025-01-03 12:20:06.845584-08:00,,,,,,,,,,,,0.0,no supported template
kalshi,archive,HOUSEMOV-24-R-B1-5,HOUSEMOV-24,Will the House margin of victory for Republicans be 1-5 ?,R by 1-5,R by 1-5,5491300.0,2024-10-04 19:47:29.545405-07:00,2025-02-01 07:00:09.745528-08:00,,,,,,,,,,,,0.0,no supported template
kalshi,archive,HOUSEMOV-24-R-B6-10,HOUSEMOV-24,Will the House margin of victory for Republicans be 6-10 ?,R by 6-10,R by 6-10,4743609.0,2024-10-04 19:47:29.545405-07:00,2025-02-01 07:00:09.745528-08:00,,,,,,,,,,,,0.0,no supported template
kalshi,archive,KXATPMATCH-25JUL11FRIALC-ALC,KXATPMATCH-25JUL11FRIALC,Will Carlos Alcaraz be a winner of the semifinal of Wimbledon Men Singles?,Carlos Alcaraz,Carlos Alcaraz,5837893.0,2025-07-08 11:00:39.482037-07:00,2025-07-11 08:30:29.544767-07:00,,,,,,,,,,,,0.0,no supported template
kalshi,archive,KXATPMATCH-25JUL11SINDJO-DJO,KXATPMATCH-25JUL11SINDJO,Will Novak Djokovic be a winner of the semifinal of Wimbledon Men Singles?,Novak Djokovic,Novak Djokovic,4475576.0,2025-07-09 11:40:36.175897-07:00,2025-07-11 11:00:53.109089-07:00,,,,,,,,,,,,0.0,no supported template
kalshi,archive,KXATPMATCH-25JUL11SINDJO-SIN,KXATPMATCH-25JUL11SINDJO,Will Jannik Sinner be a winner of the semifinal of Wimbledon Men Singles?,Jannik Sinner,Jannik Sinner,5448503.0,2025-07-09 11:40:36.175896-07:00,2025-07-11 11:00:53.109089-07:00,,,,,,,,,,,,0.0,no supported template
kalshi,archive,KXATPMATCH-25NOV11MUSDE-DE,KXATPMATCH-25NOV11MUSDE,Will Alex de Minaur win the Musetti vs de Minaur match?,Alex de Minaur,Alex de Minaur,3740814.0,2025-11-10 11:30:32.900296-08:00,2025-11-11 14:29:50.439038-08:00,,,,,,,,,,,,0.0,no supported template
kalshi,archive,KXATPMATCH-25SEP02AUGDE-AUG,KXATPMATCH-25SEP02AUGDE,Will Felix Auger-Aliassime win the Auger-Aliassime vs de Minaur match?,Felix Auger-Aliassime,Felix Auger-Aliassime,4517386.0,2025-09-01 11:10:49.559774-07:00,2025-09-03 13:01:04.203979-07:00,,,,,,,,,,,,0.0,no supported template
kalshi,archive,KXATPMATCH-25SEP02AUGDE-DE,KXATPMATCH-25SEP02AUGDE,Will Alex de Minaur win the Auger-Aliassime vs de Minaur match?,Alex de Minaur,Alex de Minaur,4113501.0,2025-09-01 11:10:49.559775-07:00,2025-09-03 13:01:04.203979-07:00,,,,,,,,,,,,0.0,no supported template
kalshi,archive,KXATPMATCH-25SEP02DJOFRI-DJO,KXATPMATCH-25SEP02DJOFRI,Will Novak Djokovic win the Djokovic vs Fritz match?,Novak Djokovic,Novak Djokovic,4360065.0,2025-08-31 18:20:35.772101-07:00,2025-09-02 20:40:58.303081-07:00,,,,,,,,,,,,0.0,no supported template
kalshi,archive,KXATPMATCH-25SEP05DJOALC-ALC,KXATPMATCH-25SEP05DJOALC,Will Carlos Alcaraz win the Djokovic vs Alcaraz match?,Carlos Alcaraz,Carlos Alcaraz,5694817.0,2025-09-02 20:40:52.369401-07:00,2025-09-05 14:50:56.143948-07:00,,,,,,,,,,,,0.0,no supported template
kalshi,archive,KXATPMATCH-25SEP05DJOALC-DJO,KXATPMATCH-25SEP05DJOALC,Will Novak Djokovic win the Djokovic vs Alcaraz match?,Novak Djokovic,Novak Djokovic,5741569.0,2025-09-02 20:40:52.369401-07:00,2025-09-05 14:50:56.143948-07:00,,,,,,,,,,,,0.0,no supported template
kalshi,archive,KXATPMATCH-25SEP05SINAUG-AUG,KXATPMATCH-25SEP05SINAUG,Will Felix Auger-Aliassime win the Sinner vs Auger-Aliassime match?,Felix Auger-Aliassime,Felix Auger-Aliassime,4564471.0,2025-09-03 20:50:36.209061-07:00,2025-09-05 20:01:05.956041-07:00,,,,,,,,,,,,0.0,no supported template
kalshi,archive,KXBOXING-25SEP13CALVTCRA-CALV,KXBOXING-25SEP13CALVTCRA,Canelo vs. Crawford Winner?,Canelo Alvarez,Canelo Alvarez,14209642.0,2025-09-08 12:42:42.535477-07:00,2025-09-13 23:07:02.181864-07:00,,,,,,,,,,,,0.0,no supported template
kalshi,archive,KXBOXING-25SEP13CALVTCRA-TCRA,KXBOXING-25SEP13CALVTCRA,Canelo vs. Crawford Winner?,Terence Crawford,Terence Crawford,8624601.0,2025-09-08 12:42:42.535478-07:00,2025-09-13 23:07:02.181864-07:00,,,,,,,,,,,,0.0,no supported template
kalshi,archive,KXBTCMAX125-1-25-AUG31-124999.99,KXBTCMAX125-1,When will Bitcoin hit $125k?,Before Sep 2025,Before Sep 2025,4229887.0,2025-08-10 11:30:26.829109-07:00,2025-08-31 20:59:00-07:00,,,,,,,,,,,,0.0,no supported template
kalshi,archive,KXBTCMAXY-25-DEC31-129999.99,KXBTCMAXY-25,How high will Bitcoin get this year?,"$130,000 or above","$130,000 or above",6238804.0,2025-07-28 21:59:07.479837-07:00,2025-12-31 20:59:00-08:00,,,,,,,,,,,,0.0,no supported template
kalshi,archive,KXBTCMAXY-25-DEC31-139999.99,KXBTCMAXY-25,How high will Bitcoin get this year?,"$140,000 or above","$140,000 or above",4093294.0,2025-07-28 22:01:35.609165-07:00,2025-12-31 20:59:00-08:00,,,,,,,,,,,,0.0,no supported template
kalshi,archive,KXBTCMAXY-25-DEC31-149999.99,KXBTCMAXY-25,How high will Bitcoin get this year?,"$150,000 or above","$150,000 or above",3890623.0,2024-11-11 14:52:21.831422-08:00,2025-12-31 07:00:00-08:00,,,,,,,,,,,,0.0,no supported template
kalshi,archive,KXCANADAPM-45-C,KXCANADAPM-45,Will  win the Canadian Prime Ministry?,Conservative Party,Conservative Party,6449240.0,2024-11-03 19:15:50.300324-08:00,2025-05-27 09:27:05.757591-07:00,,,,,,,,,,,,0.0,no supported template
kalshi,archive,KXCANADAPM-45-L,KXCANADAPM-45,Will  win the Canadian Prime Ministry?,Liberal Party,Liberal Party,6597235.0,2024-11-03 19:15:50.300324-08:00,2025-05-27 09:27:05.757591-07:00,,,,,,,,,,,,0.0,no supported template
kalshi,archive,KXDEMSWEEP-25NOV04,KXDEMSWEEP-25NOV04,Will Democrats win VA Governor AND VA House of Delegates AND NJ Governor AND Mamdani wins NYC Mayor all win their elections?,Yes,Yes,3999435.0,2025-09-16 17:40:14.285042-07:00,2025-11-07 08:56:28.490856-08:00,election,win,yes,,nyc_mayor_candidate,,,,,election|win|yes|nyc_mayor_candidate,election|win|yes|nyc_mayor_candidate,0.86,election template
kalshi,archive,KXDNI-26DEC31-TG,KXDNI-26DEC31,"Will Tulsi Gabbard be confirmed as Director of National Intelligence by Dec 31, 2026?",Tulsi Gabbard,Tulsi Gabbard,5723479.0,2024-11-13 17:14:57.779569-08:00,2025-02-12 15:28:04.152493-08:00,,,,,,,,,,,,0.0,no supported template
kalshi,archive,KXDOED-26-JAN01,KXDOED-26,"Will the Department of Education be eliminated before Jan 1, 2026?","Before Jan 1, 2026","Before Jan 1, 2026",3807901.0,2024-11-20 14:06:36.210022-08:00,2026-01-01 07:00:00-08:00,,,,,,,,,,,,0.0,no supported template
kalshi,archive,KXEOCOUNTDAY1B-25JAN20-49,KXEOCOUNTDAY1B-25JAN20,Will Trump issue above 50 or above executive orders on day one?,50 or above,50 or above,4048640.0,2025-01-16 11:38:11.815932-08:00,2025-01-21 07:00:00-08:00,,,,,,,,,,,,0.0,no supported template
kalshi,archive,KXETHMAXY-25DEC31-4999.99,KXETHMAXY-25DEC31,How high will Ethereum get this year?,"$5,000 or above","$5,000 or above",5857071.0,2024-11-05 06:42:30.593218-08:00,2025-12-31 07:00:00-08:00,,,,,,,,,,,,0.0,no supported template
kalshi,archive,KXFEDDECISION-25DEC-C25,KXFEDDECISION-25DEC,Will the Federal Reserve Cut rates by 25bps at their December 2025 meeting?,Cut 25bps,Cut 25bps,4648686.0,2025-08-04 16:28:13.421044-07:00,2025-12-10 10:59:00-08:00,,,,,,,,,,,,0.0,no supported template
kalshi,archive,KXFEDDECISION-25DEC-H0,KXFEDDECISION-25DEC,Will the Federal Reserve Hike rates by 0bps at their December 2025 meeting?,Fed maintains rate,Fed maintains rate,4986191.0,2025-08-04 16:28:13.421044-07:00,2025-12-10 10:59:00-08:00,,,,,,,,,,,,0.0,no supported template
kalshi,archive,KXFEDDECISION-25JUL-C25,KXFEDDECISION-25JUL,Will the Federal Reserve Cut rates by 25bps at their July 2025 meeting?,Cut 25bps,Cut 25bps,20535325.0,2025-05-21 17:21:05.152477-07:00,2025-07-30 10:55:00-07:00,,,,,,,,,,,,0.0,no supported template
kalshi,archive,KXFEDDECISION-25JUL-C26,KXFEDDECISION-25JUL,Will the Federal Reserve Cut rates by >25bps at their July 2025 meeting?,Cut >25bps,Cut >25bps,11766116.0,2025-05-21 17:21:05.152477-07:00,2025-07-30 10:55:00-07:00,,,,,,,,,,,,0.0,no supported template
kalshi,archive,KXFEDDECISION-25JUL-H0,KXFEDDECISION-25JUL,Will the Federal Reserve Hike rates by 0bps at their July 2025 meeting?,Fed maintains rate,Fed maintains rate,15032203.0,2025-05-21 17:21:05.152477-07:00,2025-07-30 10:55:00-07:00,,,,,,,,,,,,0.0,no supported template
kalshi,archive,KXFEDDECISION-25JUN-C25,KXFEDDECISION-25JUN,Will the Federal Reserve Cut rates by 25bps at their June 2025 meeting?,Cut 25bps,Cut 25bps,17062008.0,2025-03-17 09:40:37.055470-07:00,2025-06-18 10:55:00-07:00,,,,,,,,,,,,0.0,no supported template
kalshi,archive,KXFEDDECISION-25JUN-C26,KXFEDDECISION-25JUN,Will the Federal Reserve Cut rates by >25bps at their June 2025 meeting?,Cut >25bps,Cut >25bps,6007639.0,2025-03-17 09:40:37.055470-07:00,2025-06-18 10:55:00-07:00,,,,,,,,,,,,0.0,no supported template
kalshi,archive,KXFEDDECISION-25JUN-H0,KXFEDDECISION-25JUN,Will the Federal Reserve Hike rates by 0bps at their June 2025 meeting?,No change,No change,12292142.0,2025-03-17 09:40:37.055470-07:00,2025-06-18 10:55:00-07:00,,,,,,,,,,,,0.0,no supported template
kalshi,archive,KXFEDDECISION-25MAY-C25,KXFEDDECISION-25MAY,Will the Federal Reserve Cut rates by 25bps at their May 2025 meeting?,Cut 25bps,Cut 25bps,17739576.0,2025-02-11 06:02:25.939029-08:00,2025-05-07 10:55:00-07:00,,,,,,,,,,,,0.0,no supported template
kalshi,archive,KXFEDDECISION-25MAY-C26,KXFEDDECISION-25MAY,Will the Federal Reserve Cut rates by >25bps at their May 2025 meeting?,Cut >25bps,Cut >25bps,7617148.0,2025-02-11 06:02:25.939029-08:00,2025-05-07 10:55:00-07:00,,,,,,,,,,,,0.0,no supported template
kalshi,archive,KXFEDDECISION-25MAY-H0,KXFEDDECISION-25MAY,Will the Federal Reserve Hike rates by 0bps at their May 2025 meeting?,No change,No change,13237803.0,2025-02-11 06:02:25.939029-08:00,2025-05-07 10:55:00-07:00,,,,,,,,,,,,0.0,no supported template
kalshi,archive,KXFEDDECISION-25OCT-C25,KXFEDDECISION-25OCT,Will the Federal Reserve Cut rates by 25bps at their October 2025 meeting?,Cut 25bps,Cut 25bps,9914224.0,2025-08-04 16:27:33.500074-07:00,2025-10-29 10:59:00-07:00,,,,,,,,,,,,0.0,no supported template
kalshi,archive,KXFEDDECISION-25OCT-C26,KXFEDDECISION-25OCT,Will the Federal Reserve Cut rates by >25bps at their October 2025 meeting?,Cut >25bps,Cut >25bps,13693429.0,2025-08-04 16:27:33.500074-07:00,2025-10-29 10:59:00-07:00,,,,,,,,,,,,0.0,no supported template
kalshi,archive,KXFEDDECISION-25OCT-H0,KXFEDDECISION-25OCT,Will the Federal Reserve Hike rates by 0bps at their October 2025 meeting?,Fed maintains rate,Fed maintains rate,15137495.0,2025-08-04 16:27:33.500074-07:00,2025-10-29 10:59:00-07:00,,,,,,,,,,,,0.0,no supported template
kalshi,archive,KXFEDDECISION-25SEP-C25,KXFEDDECISION-25SEP,Will the Federal Reserve Cut rates by 25bps at their September 2025 meeting?,Cut 25bps,Cut 25bps,18168848.0,2025-07-16 08:55:23.022283-07:00,2025-09-17 10:55:00-07:00,,,,,,,,,,,,0.0,no supported template
kalshi,archive,KXFEDDECISION-25SEP-C26,KXFEDDECISION-25SEP,Will the Federal Reserve Cut rates by >25bps at their September 2025 meeting?,Cut >25bps,Cut >25bps,29261331.0,2025-07-16 08:55:23.022283-07:00,2025-09-17 10:55:00-07:00,,,,,,,,,,,,0.0,no supported template
kalshi,archive,KXFEDDECISION-25SEP-H0,KXFEDDECISION-25SEP,Will the Federal Reserve Hike rates by 0bps at their September 2025 meeting?,Fed maintains rate,Fed maintains rate,42718863.0,2025-07-16 08:55:23.022283-07:00,2025-09-17 10:55:00-07:00,,,,,,,,,,,,0.0,no supported template
kalshi,archive,KXFOMEN-25SINDJO-DJO,KXFOMEN-25SINDJO,Will Novak Djokovic be a winner of the semifinal of French Open Men Singles?,Novak Djokovic,Novak Djokovic,3903684.0,2025-06-04 15:08:19.862173-07:00,2025-06-06 13:33:18.908465-07:00,,,,,,,,,,,,0.0,no supported template
kalshi,archive,KXFOMENSINGLES-25-CA,KXFOMENSINGLES-25,Will the Carlos Alcaraz win the French Open Men's Singles Championship?,Carlos Alcaraz,Carlos Alcaraz,15412666.0,2025-01-30 17:52:54.389971-08:00,2025-06-08 12:01:41.154364-07:00,,,,,,,,,,,,0.0,no supported template
kalshi,archive,KXFOMENSINGLES-25-JS,KXFOMENSINGLES-25,Will the Jannik Sinner win the French Open Men's Singles Championship?,Jannik Sinner,Jannik Sinner,11859282.0,2025-01-30 17:52:54.389971-08:00,2025-06-08 12:01:41.154364-07:00,,,,,,,,,,,,0.0,no supported template
kalshi,archive,KXFOWOMENSINGLES-25-AS,KXFOWOMENSINGLES-25,Will the Aryna Sabalenka win the French Open Women's Singles Championship?,Aryna Sabalenka,Aryna Sabalenka,7152075.0,2025-01-30 17:24:22.067900-08:00,2025-06-07 09:12:04.404359-07:00,,,,,,,,,,,,0.0,no supported template
kalshi,archive,KXFOWOMENSINGLES-25-CG,KXFOWOMENSINGLES-25,Will the Coco Gauff win the French Open Women's Singles Championship?,Coco Gauff,Coco Gauff,5147391.0,2025-01-30 17:24:22.067900-08:00,2025-06-07 09:12:04.404359-07:00,,,,,,,,,,,,0.0,no supported template
kalshi,archive,KXGOVREOPEN2025-26JAN01,KXGOVREOPEN2025-26JAN01,Will the federal government shut down for fewer than 92 days?,Yes,Yes,4205749.0,2025-10-26 08:48:28.039395-07:00,2025-11-13 07:41:25.922519-08:00,,,,,,,,,,,,0.0,no supported template
kalshi,archive,KXGOVSHUT-25OCT01,KXGOVSHUT-25OCT01,Will the government be shut down on October 01?,Shut down,Shut down,6796800.0,2025-09-15 15:50:11.566165-07:00,2025-10-01 07:00:00-07:00,,,,,,,,,,,,0.0,no supported template
kalshi,archive,KXGOVSHUTLENGTH-26JAN01-40D,KXGOVSHUTLENGTH-26JAN01,Will the federal government shut down for more than 40 days?,More than 40 days,More than 40 days,6712056.0,2025-10-03 12:09:40.105560-07:00,2025-11-13 07:00:00-08:00,,,,,,,,,,,,0.0,no supported template
kalshi,archive,KXGOVSHUTLENGTH-26JAN01-42D,KXGOVSHUTLENGTH-26JAN01,Will the federal government shut down for more than 42 days?,More than 42 days,More than 42 days,5384841.0,2025-10-30 10:45:04.930875-07:00,2025-11-13 07:00:00-08:00,,,,,,,,,,,,0.0,no supported template
kalshi,archive,KXGOVSHUTLENGTH-26JAN01-43D,KXGOVSHUTLENGTH-26JAN01,Will the federal government shut down for more than 43 days?,More than 43 days,More than 43 days,16709286.0,2025-10-30 10:45:46.486822-07:00,2025-11-13 07:00:00-08:00,,,,,,,,,,,,0.0,no supported template
kalshi,archive,KXGOVSHUTLENGTH-26JAN01-44D,KXGOVSHUTLENGTH-26JAN01,Will the federal government shut down for more than 44 days?,More than 44 days,More than 44 days,5442901.0,2025-10-30 10:46:25.686350-07:00,2025-11-13 07:00:00-08:00,,,,,,,,,,,,0.0,no supported template
kalshi,archive,KXGOVSHUTLENGTH-26JAN01-45D,KXGOVSHUTLENGTH-26JAN01,Will the federal government shut down for more than 45 days?,More than 45 days,More than 45 days,5741506.0,2025-10-10 15:46:04.372691-07:00,2025-11-13 07:00:00-08:00,,,,,,,,,,,,0.0,no supported template
kalshi,archive,KXGOVSHUTLENGTH-26JAN01-60D,KXGOVSHUTLENGTH-26JAN01,Will the federal government shut down for more than 60 days?,More than 60 days,More than 60 days,3922698.0,2025-10-10 15:47:43.561147-07:00,2025-11-13 07:00:00-08:00,,,,,,,,,,,,0.0,no supported template
kalshi,archive,KXMARMAD-25-DU,KXMARMAD-25,Will the Duke win the March Madness?,Duke,Duke,10597884.0,2025-01-22 11:57:26.415631-08:00,2025-04-07 20:12:42.509214-07:00,,,,,,,,,,,,0.0,no supported template
kalshi,archive,KXMARMAD-25-FL,KXMARMAD-25,Will the Florida win the March Madness?,Florida,Florida,23409231.0,2025-01-22 11:57:26.415631-08:00,2025-04-07 20:12:42.509214-07:00,,,,,,,,,,,,0.0,no supported template
kalshi,archive,KXMARMAD-25-HOU,KXMARMAD-25,Will the Houston win the March Madness?,Houston,Houston,20109449.0,2025-01-22 11:57:26.415631-08:00,2025-04-07 20:12:42.509214-07:00,,,,,,,,,,,,0.0,no supported template
kalshi,archive,KXMARMAD-25R16G1-AUB,KXMARMAD-25R16G1,Will Auburn qualify for Round of 8?,Auburn,Auburn,5364142.0,2025-03-16 19:55:34.887623-07:00,2025-03-28 21:15:19.885083-07:00,,,,,,,,,,,,0.0,no supported template
kalshi,archive,KXMARMAD-25R16G1-MICH,KXMARMAD-25R16G1,Will Michigan qualify for Round of 8?,Michigan,Michigan,4041757.0,2025-03-16 19:55:34.887622-07:00,2025-03-28 21:15:19.885083-07:00,,,,,,,,,,,,0.0,no supported template
kalshi,archive,KXMARMAD-25R16G2-MSU,KXMARMAD-25R16G2,Will Michigan State qualify for Round of 8?,Michigan State,Michigan State,5425526.0,2025-03-16 19:55:47.183797-07:00,2025-03-28 18:31:08.002412-07:00,,,,,,,,,,,,0.0,no supported template
kalshi,archive,KXMARMAD-25R16G3-FLA,KXMARMAD-25R16G3,Will Florida qualify for Round of 8?,Florida,Florida,3868224.0,2025-03-16 19:56:00.506139-07:00,2025-03-27 18:50:40.857121-07:00,,,,,,,,,,,,0.0,no supported template
kalshi,archive,KXMARMAD-25R16G4-ARK,KXMARMAD-25R16G4,Will Arkansas qualify for Round of 8?,Arkansas,Arkansas,5016217.0,2025-03-16 19:56:12.814546-07:00,2025-03-27 21:46:43.135933-07:00,,,,,,,,,,,,0.0,no supported template
kalshi,archive,KXMARMAD-25R16G4-TTU,KXMARMAD-25R16G4,Will Texas Tech qualify for Round of 8?,Texas Tech,Texas Tech,5710765.0,2025-03-16 19:56:12.814545-07:00,2025-03-27 21:46:43.135933-07:00,,,,,,,,,,,,0.0,no supported template
kalshi,archive,KXMARMAD-25R16G5-DUKE,KXMARMAD-25R16G5,Will Duke qualify for Round of 8?,Duke,Duke,6003823.0,2025-03-16 19:56:25.291884-07:00,2025-03-27 21:29:24.508966-07:00,,,,,,,,,,,,0.0,no supported template
kalshi,archive,KXMARMAD-25R16G6-ALA,KXMARMAD-25R16G6,Will Alabama qualify for Round of 8?,Alabama,Alabama,4043728.0,2025-03-16 19:56:37.634928-07:00,2025-03-27 18:40:54.065512-07:00,,,,,,,,,,,,0.0,no supported template
kalshi,archive,KXMARMAD-25R16G7-HOU,KXMARMAD-25R16G7,Will Houston qualify for Round of 8?,Houston,Houston,5525973.0,2025-03-16 19:56:49.993150-07:00,2025-03-28 21:46:53.548284-07:00,,,,,,,,,,,,0.0,no supported template
kalshi,archive,KXMARMAD-25R32G10-ARIZ,KXMARMAD-25R32G10,Will Arizona qualify for Round of 16?,Arizona,Arizona,4907850.0,2025-03-16 19:54:10.129048-07:00,2025-03-23 21:20:40.585603-07:00,,,,,,,,,,,,0.0,no supported template
kalshi,archive,KXMARMAD-25R32G10-ORE,KXMARMAD-25R32G10,Will Oregon qualify for Round of 16?,Oregon,Oregon,4725662.0,2025-03-16 19:54:10.129048-07:00,2025-03-23 21:20:40.585603-07:00,,,,,,,,,,,,0.0,no supported template
kalshi,archive,KXMARMAD-25R32G11-WIS,KXMARMAD-25R32G11,Will Wisconsin qualify for Round of 16?,Wisconsin,Wisconsin,4081150.0,2025-03-16 19:54:22.110218-07:00,2025-03-22 19:48:54.885976-07:00,,,,,,,,,,,,0.0,no supported template
kalshi,archive,KXMARMAD-25R32G15-UK,KXMARMAD-25R32G15,Will Kentucky qualify for Round of 16?,Kentucky,Kentucky,4816629.0,2025-03-16 19:55:10.181412-07:00,2025-03-23 16:48:35.981305-07:00,,,,,,,,,,,,0.0,no supported template
kalshi,archive,KXMARMAD-25R32G2-TXAM,KXMARMAD-25R32G2,Will Texas A&M qualify for Round of 16?,Texas A&M,Texas A&M,3862735.0,2025-03-16 19:52:34.492043-07:00,2025-03-22 16:56:51.109940-07:00,,,,,,,,,,,,0.0,no supported template
kalshi,archive,KXMARMAD-25R32G4-MSU,KXMARMAD-25R32G4,Will Michigan State qualify for Round of 16?,Michigan State,Michigan State,4848634.0,2025-03-16 19:52:58.421971-07:00,2025-03-23 20:10:39.137768-07:00,,,,,,,,,,,,0.0,no supported template
kalshi,archive,KXMARMAD-25R32G5-FLA,KXMARMAD-25R32G5,Will Florida qualify for Round of 16?,Florida,Florida,4559885.0,2025-03-16 19:53:10.331636-07:00,2025-03-23 11:34:57.997784-07:00,,,,,,,,,,,,0.0,no supported template
kalshi,archive,KXMARMAD-25R32G6-MD,KXMARMAD-25R32G6,Will Maryland qualify for Round of 16?,Maryland,Maryland,4232990.0,2025-03-16 19:53:22.276592-07:00,2025-03-23 18:21:42.840401-07:00,,,,,,,,,,,,0.0,no supported template
kalshi,archive,KXMARMAD-25R32G8-ARK,KXMARMAD-25R32G8,Will Arkansas qualify for Round of 16?,Arkansas,Arkansas,3816803.0,2025-03-16 19:53:46.150949-07:00,2025-03-22 14:26:59.876046-07:00,,,,,,,,,,,,0.0,no supported template
kalshi,archive,KXMARMAD-25R32G8-SJU,KXMARMAD-25R32G8,Will St. John's qualify for Round of 16?,St. John's,St. John's,4420049.0,2025-03-16 19:53:46.150950-07:00,2025-03-22 14:26:59.876046-07:00,,,,,,,,,,,,0.0,no supported template
kalshi,archive,KXMARMAD-25R4G1-AUB,KXMARMAD-25R4G1,Will Auburn qualify for Final?,Auburn,Auburn,10087212.0,2025-03-16 19:58:08.651438-07:00,2025-04-05 17:44:48.297767-07:00,,,,,,,,,,,,0.0,no supported template
kalshi,archive,KXMARMAD-25R4G1-FLA,KXMARMAD-25R4G1,Will Florida qualify for Final?,Florida,Florida,10844017.0,2025-03-16 19:58:08.651438-07:00,2025-04-05 17:44:48.297767-07:00,,,,,,,,,,,,0.0,no supported template
kalshi,archive,KXMARMAD-25R4G2-DUKE,KXMARMAD-25R4G2,Will Duke qualify for Final?,Duke,Duke,17209494.0,2025-03-16 19:58:22.898095-07:00,2025-04-05 20:52:53.563995-07:00,,,,,,,,,,,,0.0,no supported template
kalshi,archive,KXMARMAD-25R4G2-HOU,KXMARMAD-25R4G2,Will Houston qualify for Final?,Houston,Houston,9389917.0,2025-03-16 19:58:22.898096-07:00,2025-04-05 20:52:53.563995-07:00,,,,,,,,,,,,0.0,no supported template
kalshi,archive,KXMARMAD-25R64G3-MICH,KXMARMAD-25R64G3,Will Michigan qualify for Second Round?,Michigan,Michigan,3849272.0,2025-03-16 19:45:26.396539-07:00,2025-03-20 21:20:35.175187-07:00,,,,,,,,,,,,0.0,no supported template
kalshi,archive,KXMARMAD-25R8G1-AUB,KXMARMAD-25R8G1,Will Auburn qualify for Semifinal?,Auburn,Auburn,8455292.0,2025-03-16 19:57:15.597063-07:00,2025-03-30 16:25:11.322193-07:00,,,,,,,,,,,,0.0,no supported template
kalshi,archive,KXMARMAD-25R8G1-MSU,KXMARMAD-25R8G1,Will Michigan State qualify for Semifinal?,Michigan State,Michigan State,5334668.0,2025-03-16 19:57:15.597063-07:00,2025-03-30 16:25:11.322193-07:00,,,,,,,,,,,,0.0,no supported template
kalshi,archive,KXMARMAD-25R8G2-FLA,KXMARMAD-25R8G2,Will Florida qualify for Semifinal?,Florida,Florida,10448689.0,2025-03-16 19:57:28.397677-07:00,2025-03-29 17:34:49.930278-07:00,,,,,,,,,,,,0.0,no supported template
kalshi,archive,KXMARMAD-25R8G2-TTU,KXMARMAD-25R8G2,Will Texas Tech qualify for Semifinal?,Texas Tech,Texas Tech,6852653.0,2025-03-16 19:57:28.397677-07:00,2025-03-29 17:34:49.930278-07:00,,,,,,,,,,,,0.0,no supported template
kalshi,archive,KXMARMAD-25R8G3-ALA,KXMARMAD-25R8G3,Will Alabama qualify for Semifinal?,Alabama,Alabama,4636433.0,2025-03-16 19:57:41.383453-07:00,2025-03-29 20:18:06.431585-07:00,,,,,,,,,,,,0.0,no supported template
kalshi,archive,KXMARMAD-25R8G3-DUKE,KXMARMAD-25R8G3,Will Duke qualify for Semifinal?,Duke,Duke,6567574.0,2025-03-16 19:57:41.383453-07:00,2025-03-29 20:18:06.431585-07:00,,,,,,,,,,,,0.0,no supported template
kalshi,archive,KXMARMAD-25R8G4-HOU,KXMARMAD-25R8G4,Will Houston qualify for Semifinal?,Houston,Houston,4153689.0,2025-03-16 19:57:54.271958-07:00,2025-03-30 13:47:07.189019-07:00,,,,,,,,,,,,0.0,no supported template
kalshi,archive,KXMARMAD-25R8G4-TENN,KXMARMAD-25R8G4,Will Tennessee qualify for Semifinal?,Tennessee,Tennessee,3806387.0,2025-03-16 19:57:54.271957-07:00,2025-03-30 13:47:07.189019-07:00,,,,,,,,,,,,0.0,no supported template
kalshi,archive,KXMASTERS-25-BD,KXMASTERS-25,Will the Bryson DeChambeau win the Masters?,Bryson DeChambeau,Bryson DeChambeau,13770315.0,2025-02-10 14:40:36.481290-08:00,2025-04-13 16:22:37.423821-07:00,,,,,,,,,,,,0.0,no supported template
kalshi,archive,KXMASTERS-25-JROS,KXMASTERS-25,Will Justin Rose win the Masters?,Justin Rose,Justin Rose,11652729.0,2025-04-06 08:49:14.601185-07:00,2025-04-13 16:22:37.423821-07:00,,,,,,,,,,,,0.0,no supported template
kalshi,archive,KXMASTERS-25-LA,KXMASTERS-25,Will the Ludvig Aberg win the Masters?,Ludvig Aberg,Ludvig Aberg,5155842.0,2025-02-10 14:40:36.481290-08:00,2025-04-13 16:22:37.423821-07:00,,,,,,,,,,,,0.0,no supported template
kalshi,archive,KXMASTERS-25-RM,KXMASTERS-25,Will the Rory McIlroy win the Masters?,Rory McIlroy,Rory McIlroy,22034806.0,2025-02-10 14:40:36.481289-08:00,2025-04-13 16:22:37.423821-07:00,,,,,,,,,,,,0.0,no supported template
kalshi,archive,KXMASTERS-25-SS,KXMASTERS-25,Will the Scottie Scheffler win the Masters?,Scottie Scheffler,Scottie Scheffler,11208837.0,2025-02-10 14:40:36.481289-08:00,2025-04-13 16:22:37.423821-07:00,,,,,,,,,,,,0.0,no supported template
kalshi,archive,KXMAYORNYCNOMD-25-AC,KXMAYORNYCNOMD-25,Will Andrew Cuomo be the nominee for the NYC Mayorship for the Democratic party in 2025?,Andrew Cuomo,Andrew Cuomo,7378777.0,2024-11-07 18:11:33.003983-08:00,2025-07-01 11:09:49.555096-07:00,,,,,,,,,,,,0.0,no supported template
kalshi,archive,KXMAYORNYCNOMD-25-ZM,KXMAYORNYCNOMD-25,Will Zohran Mamdani be the nominee for the NYC Mayorship for the Democratic party in 2025?,Zohran Mamdani,Zohran Mamdani,7827456.0,2024-11-07 18:11:33.003983-08:00,2025-07-01 11:09:49.555096-07:00,,,,,,,,,,,,0.0,no supported template
kalshi,archive,KXMAYORNYCPARTY-25-AC,KXMAYORNYCPARTY-25,Will a representative of the Andrew Cuomo party win the NYC Mayor race in 2025?,Andrew Cuomo,Andrew Cuomo,53423150.0,2025-06-24 20:44:32.918657-07:00,2025-11-06 19:18:58.747249-08:00,election,win,andrew_cuomo,,nyc_mayor_party_line,year:2025,2025,,,election|win|andrew_cuomo|nyc_mayor_party_line|year:2025|2025,election|win|andrew_cuomo|nyc_mayor_party_line|2025,0.86,election template
kalshi,archive,KXMAYORNYCPARTY-25-D,KXMAYORNYCPARTY-25,Will a representative of the Democratic party win the NYC Mayor race in 2025?,Zohran Mamdani,Zohran Mamdani,48713982.0,2024-11-09 09:46:54.098780-08:00,2025-11-06 19:18:58.747249-08:00,election,win,democratic,,nyc_mayor_party_line,year:2025,2025,,,election|win|democratic|nyc_mayor_party_line|year:2025|2025,election|win|democratic|nyc_mayor_party_line|2025,0.86,election template
kalshi,archive,KXMAYORNYCPARTY-25-EADA,KXMAYORNYCPARTY-25,Will a representative of the Eric Adams party win the NYC Mayor race in 2025?,Eric Adams,Eric Adams,6244276.0,2025-06-22 17:49:22.243855-07:00,2025-11-06 19:18:58.747249-08:00,election,win,eric_adams,,nyc_mayor_party_line,year:2025,2025,,,election|win|eric_adams|nyc_mayor_party_line|year:2025|2025,election|win|eric_adams|nyc_mayor_party_line|2025,0.86,election template
kalshi,archive,KXMAYORNYCPARTY-25-R,KXMAYORNYCPARTY-25,Will a representative of the Republican party win the NYC Mayor race in 2025?,Curtis Sliwa,Curtis Sliwa,11492105.0,2024-11-09 09:46:54.098780-08:00,2025-11-06 19:18:58.747249-08:00,election,win,republican,,nyc_mayor_party_line,year:2025,2025,,,election|win|republican|nyc_mayor_party_line|year:2025|2025,election|win|republican|nyc_mayor_party_line|2025,0.86,election template
kalshi,archive,KXMLB-25-LAD,KXMLB-25,Will the Los Angeles D win the Pro Baseball Championship?,Los Angeles D,Los Angeles D,41324295.0,2025-02-12 20:32:37.352032-08:00,2025-11-01 21:26:30.868287-07:00,sports,win,los_angeles_dodgers,,mlb_championship,,2025,,,sports|win|los_angeles_dodgers|mlb_championship|2025,sports|win|los_angeles_dodgers|mlb_championship|2025,0.86,sports outcome template
kalshi,archive,KXMLB-25-MIL,KXMLB-25,Will the Milwaukee win the Pro Baseball Championship?,Milwaukee,Milwaukee,3702139.0,2025-02-12 20:32:37.352032-08:00,2025-11-01 21:26:30.868287-07:00,sports,win,milwaukee,,mlb_championship,,2025,,,sports|win|milwaukee|mlb_championship|2025,sports|win|milwaukee|mlb_championship|2025,0.86,sports outcome template
kalshi,archive,KXMLB-25-SEA,KXMLB-25,Will the Seattle win the Pro Baseball Championship?,Seattle,Seattle,4027707.0,2025-02-12 20:32:37.352033-08:00,2025-11-01 21:26:30.868287-07:00,sports,win,seattle,,mlb_championship,,2025,,,sports|win|seattle|mlb_championship|2025,sports|win|seattle|mlb_championship|2025,0.86,sports outcome template
kalshi,archive,KXMLB-25-TOR,KXMLB-25,Will the Toronto win the Pro Baseball Championship?,Toronto,Toronto,25231659.0,2025-02-12 20:32:37.352033-08:00,2025-11-01 21:26:30.868287-07:00,sports,win,toronto,,mlb_championship,,2025,,,sports|win|toronto|mlb_championship|2025,sports|win|toronto|mlb_championship|2025,0.86,sports outcome template
kalshi,archive,KXMLBAL-25-SEA,KXMLBAL-25,Will the Seattle win the Pro Baseball American League Championship?,Seattle,Seattle,9160631.0,2025-02-12 20:39:16.735342-08:00,2025-10-20 20:03:21.236574-07:00,,,,,,,,,,,,0.0,no supported template
kalshi,archive,KXMLBAL-25-TOR,KXMLBAL-25,Will the Toronto win the Pro Baseball American League Championship?,Toronto,Toronto,10077696.0,2025-02-12 20:39:16.735341-08:00,2025-10-20 20:03:21.236574-07:00,,,,,,,,,,,,0.0,no supported template
kalshi,archive,KXMLBASGAME-25JUL15ALNL-AL,KXMLBASGAME-25JUL15ALNL,Pro Baseball All Star Game Winner?,American League,American League,6515174.0,2025-07-07 18:48:02.936873-07:00,2025-07-15 21:00:32.933603-07:00,,,,,,,,,,,,0.0,no supported template
kalshi,archive,KXMLBASGAME-25JUL15ALNL-NL,KXMLBASGAME-25JUL15ALNL,Pro Baseball All Star Game Winner?,National League,National League,4865244.0,2025-07-07 18:48:02.936873-07:00,2025-07-15 21:00:32.933603-07:00,,,,,,,,,,,,0.0,no supported template
kalshi,archive,KXMLBGAME-25OCT01BOSNYY-BOS,KXMLBGAME-25OCT01BOSNYY,Boston vs New York Y (Game 2) Winner?,Boston,Boston,7194811.0,2025-09-29 12:53:39.440536-07:00,2025-10-01 18:04:38.153001-07:00,,,,,,,,,,,,0.0,no supported template
kalshi,archive,KXMLBGAME-25OCT01BOSNYY-NYY,KXMLBGAME-25OCT01BOSNYY,Boston vs New York Y (Game 2) Winner?,New York Y,New York Y,6639145.0,2025-09-29 12:53:39.440536-07:00,2025-10-01 18:04:38.153001-07:00,,,,,,,,,,,,0.0,no supported template
kalshi,archive,KXMLBGAME-25OCT01CINLAD-CIN,KXMLBGAME-25OCT01CINLAD,Cincinnati vs Los Angeles D (Game 2) Winner?,Cincinnati,Cincinnati,6117085.0,2025-09-29 12:53:40.815352-07:00,2025-10-01 21:09:33.296819-07:00,,,,,,,,,,,,0.0,no supported template
kalshi,archive,KXMLBGAME-25OCT01CINLAD-LAD,KXMLBGAME-25OCT01CINLAD,Cincinnati vs Los Angeles D (Game 2) Winner?,Los Angeles D,Los Angeles D,9852329.0,2025-09-29 12:53:40.815352-07:00,2025-10-01 21:09:33.296819-07:00,,,,,,,,,,,,0.0,no supported template
kalshi,archive,KXMLBGAME-25OCT01DETCLE-CLE,KXMLBGAME-25OCT01DETCLE,Detroit vs Cleveland (Game 2) Winner?,Cleveland,Cleveland,3741160.0,2025-09-29 12:53:39.349600-07:00,2025-10-01 13:29:38.417816-07:00,,,,,,,,,,,,0.0,no supported template
kalshi,archive,KXMLBGAME-25OCT01SDCHC-CHC,KXMLBGAME-25OCT01SDCHC,San Diego vs Chicago C (Game 2) Winner?,Chicago C,Chicago C,3759525.0,2025-09-29 12:53:39.146067-07:00,2025-10-01 15:04:48.568077-07:00,,,,,,,,,,,,0.0,no supported template
kalshi,archive,KXMLBGAME-25OCT04LADPHI-LAD,KXMLBGAME-25OCT04LADPHI,Los Angeles D vs Philadelphia (Game 1) Winner?,Los Angeles D,Los Angeles D,6141494.0,2025-10-02 08:00:56.655326-07:00,2025-10-04 18:49:36.390815-07:00,,,,,,,,,,,,0.0,no supported template
kalshi,archive,KXMLBGAME-25OCT05DETSEA-SEA,KXMLBGAME-25OCT05DETSEA,Detroit vs Seattle (Game 2) Winner?,Seattle,Seattle,3812031.0,2025-10-02 20:06:37.183372-07:00,2025-10-05 19:54:38.293426-07:00,,,,,,,,,,,,0.0,no supported template
kalshi,archive,KXMLBGAME-25OCT06LADPHI-LAD,KXMLBGAME-25OCT06LADPHI,Los Angeles D vs Philadelphia (Game 2) Winner?,Los Angeles D,Los Angeles D,6326960.0,2025-10-02 08:01:01.943431-07:00,2025-10-06 18:18:06.766144-07:00,,,,,,,,,,,,0.0,no supported template
kalshi,archive,KXMLBGAME-25OCT06LADPHI-PHI,KXMLBGAME-25OCT06LADPHI,Los Angeles D vs Philadelphia (Game 2) Winner?,Philadelphia,Philadelphia,5256800.0,2025-10-02 08:01:01.943431-07:00,2025-10-06 18:18:06.766144-07:00,,,,,,,,,,,,0.0,no supported template
kalshi,archive,KXMLBGAME-25OCT07SEADET-DET,KXMLBGAME-25OCT07SEADET,Seattle vs Detroit (Game 3) Winner?,Detroit,Detroit,6287436.0,2025-10-02 20:06:43.295664-07:00,2025-10-07 18:59:45.719447-07:00,,,,,,,,,,,,0.0,no supported template
kalshi,archive,KXMLBGAME-25OCT07SEADET-SEA,KXMLBGAME-25OCT07SEADET,Seattle vs Detroit (Game 3) Winner?,Seattle,Seattle,5849058.0,2025-10-02 20:06:43.295664-07:00,2025-10-07 18:59:45.719447-07:00,,,,,,,,,,,,0.0,no supported template
kalshi,archive,KXMLBGAME-25OCT07TORNYY-NYY,KXMLBGAME-25OCT07TORNYY,Toronto vs New York Y (Game 3) Winner?,New York Y,New York Y,8840216.0,2025-10-02 20:06:38.512122-07:00,2025-10-07 20:39:37.359231-07:00,,,,,,,,,,,,0.0,no supported template
kalshi,archive,KXMLBGAME-25OCT07TORNYY-TOR,KXMLBGAME-25OCT07TORNYY,Toronto vs New York Y (Game 3) Winner?,Toronto,Toronto,11225689.0,2025-10-02 20:06:38.512122-07:00,2025-10-07 20:39:37.359231-07:00,,,,,,,,,,,,0.0,no supported template
kalshi,archive,KXMLBGAME-25OCT08MILCHC-CHC,KXMLBGAME-25OCT08MILCHC,Milwaukee vs Chicago C (Game 3) Winner?,Chicago C,Chicago C,3981904.0,2025-10-02 20:06:38.569075-07:00,2025-10-08 17:29:40.986153-07:00,,,,,,,,,,,,0.0,no supported template
kalshi,archive,KXMLBGAME-25OCT08MILCHC-MIL,KXMLBGAME-25OCT08MILCHC,Milwaukee vs Chicago C (Game 3) Winner?,Milwaukee,Milwaukee,8589941.0,2025-10-02 20:06:38.569075-07:00,2025-10-08 17:29:40.986153-07:00,,,,,,,,,,,,0.0,no supported template
kalshi,archive,KXMLBGAME-25OCT08PHILAD-LAD,KXMLBGAME-25OCT08PHILAD,Philadelphia vs Los Angeles D (Game 3) Winner?,Los Angeles D,Los Angeles D,7087853.0,2025-10-02 20:06:22.566257-07:00,2025-10-08 21:04:37.229480-07:00,,,,,,,,,,,,0.0,no supported template
kalshi,archive,KXMLBGAME-25OCT08PHILAD-PHI,KXMLBGAME-25OCT08PHILAD,Philadelphia vs Los Angeles D (Game 3) Winner?,Philadelphia,Philadelphia,6240427.0,2025-10-02 20:06:22.566257-07:00,2025-10-08 21:04:37.229480-07:00,,,,,,,,,,,,0.0,no supported template
kalshi,archive,KXMLBGAME-25OCT08SEADET-DET,KXMLBGAME-25OCT08SEADET,Seattle vs Detroit (Game 4) Winner?,Detroit,Detroit,5622199.0,2025-10-07 12:58:32.696542-07:00,2025-10-08 15:04:40.195492-07:00,,,,,,,,,,,,0.0,no supported template
kalshi,archive,KXMLBGAME-25OCT08SEADET-SEA,KXMLBGAME-25OCT08SEADET,Seattle vs Detroit (Game 4) Winner?,Seattle,Seattle,6257273.0,2025-10-07 12:58:32.696542-07:00,2025-10-08 15:04:40.195492-07:00,,,,,,,,,,,,0.0,no supported template
kalshi,archive,KXMLBGAME-25OCT08TORNYY-NYY,KXMLBGAME-25OCT08TORNYY,Toronto vs New York Y (Game 4) Winner?,New York Y,New York Y,6807625.0,2025-10-07 22:46:01.076860-07:00,2025-10-08 19:34:35.697079-07:00,,,,,,,,,,,,0.0,no supported template
kalshi,archive,KXMLBGAME-25OCT08TORNYY-TOR,KXMLBGAME-25OCT08TORNYY,Toronto vs New York Y (Game 4) Winner?,Toronto,Toronto,7066054.0,2025-10-07 22:46:01.076860-07:00,2025-10-08 19:34:35.697079-07:00,,,,,,,,,,,,0.0,no supported template
kalshi,archive,KXMLBGAME-25OCT09MILCHC-MIL,KXMLBGAME-25OCT09MILCHC,Milwaukee vs Chicago C (Game 4) Winner?,Milwaukee,Milwaukee,6291781.0,2025-10-08 17:37:19.471022-07:00,2025-10-09 21:14:39.189400-07:00,,,,,,,,,,,,0.0,no supported template
kalshi,archive,KXMLBGAME-25OCT09PHILAD-LAD,KXMLBGAME-25OCT09PHILAD,Philadelphia vs Los Angeles D (Game 4) Winner?,Los Angeles D,Los Angeles D,6953728.0,2025-10-09 06:50:30.481061-07:00,2025-10-09 18:50:11.580463-07:00,,,,,,,,,,,,0.0,no supported template
kalshi,archive,KXMLBGAME-25OCT09PHILAD-PHI,KXMLBGAME-25OCT09PHILAD,Philadelphia vs Los Angeles D (Game 4) Winner?,Philadelphia,Philadelphia,5182136.0,2025-10-09 06:50:30.481061-07:00,2025-10-09 18:50:11.580463-07:00,,,,,,,,,,,,0.0,no supported template
kalshi,archive,KXMLBGAME-25OCT12SEATOR-SEA,KXMLBGAME-25OCT12SEATOR,Seattle vs Toronto (Game 1) Winner?,Seattle,Seattle,3886332.0,2025-10-11 12:05:41.974063-07:00,2025-10-12 19:59:52.295638-07:00,,,,,,,,,,,,0.0,no supported template
kalshi,archive,KXMLBGAME-25OCT12SEATOR-TOR,KXMLBGAME-25OCT12SEATOR,Seattle vs Toronto (Game 1) Winner?,Toronto,Toronto,4084675.0,2025-10-11 12:05:41.974063-07:00,2025-10-12 19:59:52.295638-07:00,,,,,,,,,,,,0.0,no supported template
kalshi,archive,KXMLBGAME-25OCT13LADMIL-MIL,KXMLBGAME-25OCT13LADMIL,Los Angeles D vs Milwaukee (Game 1) Winner?,Milwaukee,Milwaukee,3875059.0,2025-10-12 06:48:13.256880-07:00,2025-10-13 20:06:17.994580-07:00,,,,,,,,,,,,0.0,no supported template
kalshi,archive,KXMLBGAME-25OCT13SEATOR-TOR,KXMLBGAME-25OCT13SEATOR,Seattle vs Toronto (Game 2) Winner?,Toronto,Toronto,5152540.0,2025-10-11 12:05:47.501281-07:00,2025-10-13 17:34:48.535842-07:00,,,,,,,,,,,,0.0,no supported template
kalshi,archive,KXMLBGAME-25OCT14LADMIL-LAD,KXMLBGAME-25OCT14LADMIL,Los Angeles D vs Milwaukee (Game 2) Winner?,Los Angeles D,Los Angeles D,6156129.0,2025-10-12 06:48:19.183169-07:00,2025-10-14 20:04:39.788765-07:00,,,,,,,,,,,,0.0,no supported template
kalshi,archive,KXMLBGAME-25OCT14LADMIL-MIL,KXMLBGAME-25OCT14LADMIL,Los Angeles D vs Milwaukee (Game 2) Winner?,Milwaukee,Milwaukee,5984706.0,2025-10-12 06:48:19.183169-07:00,2025-10-14 20:04:39.788765-07:00,,,,,,,,,,,,0.0,no supported template
kalshi,archive,KXMLBGAME-25OCT15TORSEA-SEA,KXMLBGAME-25OCT15TORSEA,Toronto vs Seattle (Game 3) Winner?,Seattle,Seattle,7636780.0,2025-10-11 12:05:53.153443-07:00,2025-10-15 19:59:50.189544-07:00,,,,,,,,,,,,0.0,no supported template
kalshi,archive,KXMLBGAME-25OCT15TORSEA-TOR,KXMLBGAME-25OCT15TORSEA,Toronto vs Seattle (Game 3) Winner?,Toronto,Toronto,7259332.0,2025-10-11 12:05:53.153443-07:00,2025-10-15 19:59:50.189544-07:00,,,,,,,,,,,,0.0,no supported template
kalshi,archive,KXMLBGAME-25OCT16MILLAD-LAD,KXMLBGAME-25OCT16MILLAD,Milwaukee vs Los Angeles D (Game 3) Winner?,Los Angeles D,Los Angeles D,4456368.0,2025-10-12 06:48:25.284424-07:00,2025-10-16 18:04:48.128423-07:00,,,,,,,,,,,,0.0,no supported template
kalshi,archive,KXMLBGAME-25OCT16MILLAD-MIL,KXMLBGAME-25OCT16MILLAD,Milwaukee vs Los Angeles D (Game 3) Winner?,Milwaukee,Milwaukee,4765230.0,2025-10-12 06:48:25.284424-07:00,2025-10-16 18:04:48.128423-07:00,,,,,,,,,,,,0.0,no supported template
kalshi,archive,KXMLBGAME-25OCT16TORSEA-TOR,KXMLBGAME-25OCT16TORSEA,Toronto vs Seattle (Game 4) Winner?,Toronto,Toronto,3967531.0,2025-10-11 12:08:06.201770-07:00,2025-10-16 20:29:53.240536-07:00,,,,,,,,,,,,0.0,no supported template
kalshi,archive,KXMLBGAME-25OCT17MILLAD-LAD,KXMLBGAME-25OCT17MILLAD,Milwaukee vs Los Angeles D (Game 4) Winner?,Los Angeles D,Los Angeles D,3944179.0,2025-10-12 06:48:31.081240-07:00,2025-10-17 20:24:31.859091-07:00,,,,,,,,,,,,0.0,no supported template
kalshi,archive,KXMLBGAME-25OCT17MILLAD-MIL,KXMLBGAME-25OCT17MILLAD,Milwaukee vs Los Angeles D (Game 4) Winner?,Milwaukee,Milwaukee,4342882.0,2025-10-12 06:48:31.081240-07:00,2025-10-17 20:24:31.859091-07:00,,,,,,,,,,,,0.0,no supported template
kalshi,archive,KXMLBGAME-25OCT17TORSEA-SEA,KXMLBGAME-25OCT17TORSEA,Toronto vs Seattle (Game 5) Winner?,Seattle,Seattle,4425497.0,2025-10-15 21:20:43.139907-07:00,2025-10-17 18:14:48.554023-07:00,,,,,,,,,,,,0.0,no supported template
kalshi,archive,KXMLBGAME-25OCT17TORSEA-TOR,KXMLBGAME-25OCT17TORSEA,Toronto vs Seattle (Game 5) Winner?,Toronto,Toronto,5524213.0,2025-10-15 21:20:43.139907-07:00,2025-10-17 18:14:48.554023-07:00,,,,,,,,,,,,0.0,no supported template
kalshi,archive,KXMLBGAME-25OCT19SEATOR-SEA,KXMLBGAME-25OCT19SEATOR,Seattle vs Toronto (Game 6) Winner?,Seattle,Seattle,5931431.0,2025-10-16 21:19:05.442644-07:00,2025-10-19 19:59:45.977888-07:00,,,,,,,,,,,,0.0,no supported template
kalshi,archive,KXMLBGAME-25OCT24LADTOR-LAD,KXMLBGAME-25OCT24LADTOR,Los Angeles D vs Toronto (Game 1) Winner?,Los Angeles D,Los Angeles D,11049877.0,2025-10-20 22:08:38.046975-07:00,2025-10-24 20:31:27.860469-07:00,,,,,,,,,,,,0.0,no supported template
kalshi,archive,KXMLBGAME-25OCT24LADTOR-TOR,KXMLBGAME-25OCT24LADTOR,Los Angeles D vs Toronto (Game 1) Winner?,Toronto,Toronto,4437693.0,2025-10-20 22:08:38.046975-07:00,2025-10-24 20:31:27.860469-07:00,,,,,,,,,,,,0.0,no supported template
kalshi,archive,KXMLBGAME-25OCT25LADTOR-LAD,KXMLBGAME-25OCT25LADTOR,Los Angeles D vs Toronto (Game 2) Winner?,Los Angeles D,Los Angeles D,6293834.0,2025-10-20 22:08:42.036909-07:00,2025-10-25 19:46:56.382599-07:00,,,,,,,,,,,,0.0,no supported template
kalshi,archive,KXMLBGAME-25OCT25LADTOR-TOR,KXMLBGAME-25OCT25LADTOR,Los Angeles D vs Toronto (Game 2) Winner?,Toronto,Toronto,3795532.0,2025-10-20 22:08:42.036909-07:00,2025-10-25 19:46:56.382599-07:00,,,,,,,,,,,,0.0,no supported template
kalshi,archive,KXMLBGAME-25OCT27TORLAD-LAD,KXMLBGAME-25OCT27TORLAD,Toronto vs Los Angeles D (Game 3) Winner?,Los Angeles D,Los Angeles D,15399655.0,2025-10-20 22:08:46.320299-07:00,2025-10-27 23:54:43.367033-07:00,,,,,,,,,,,,0.0,no supported template
kalshi,archive,KXMLBGAME-25OCT27TORLAD-TOR,KXMLBGAME-25OCT27TORLAD,Toronto vs Los Angeles D (Game 3) Winner?,Toronto,Toronto,12702943.0,2025-10-20 22:08:46.320299-07:00,2025-10-27 23:54:43.367033-07:00,,,,,,,,,,,,0.0,no supported template
kalshi,archive,KXMLBGAME-25OCT28TORLAD-LAD,KXMLBGAME-25OCT28TORLAD,Toronto vs Los Angeles D (Game 4) Winner?,Los Angeles D,Los Angeles D,9001270.0,2025-10-20 22:08:50.437537-07:00,2025-10-28 20:09:44.970322-07:00,,,,,,,,,,,,0.0,no supported template
kalshi,archive,KXMLBGAME-25OCT28TORLAD-TOR,KXMLBGAME-25OCT28TORLAD,Toronto vs Los Angeles D (Game 4) Winner?,Toronto,Toronto,6767584.0,2025-10-20 22:08:50.437537-07:00,2025-10-28 20:09:44.970322-07:00,,,,,,,,,,,,0.0,no supported template
kalshi,archive,KXMLBGAME-25OCT29TORLAD-LAD,KXMLBGAME-25OCT29TORLAD,Toronto vs Los Angeles D (Game 5) Winner?,Los Angeles D,Los Angeles D,7678203.0,2025-10-26 09:35:32.775058-07:00,2025-10-29 20:14:52.906023-07:00,,,,,,,,,,,,0.0,no supported template
kalshi,archive,KXMLBGAME-25OCT29TORLAD-TOR,KXMLBGAME-25OCT29TORLAD,Toronto vs Los Angeles D (Game 5) Winner?,Toronto,Toronto,7098191.0,2025-10-26 09:35:32.775058-07:00,2025-10-29 20:14:52.906023-07:00,,,,,,,,,,,,0.0,no supported template
kalshi,archive,KXMLBGAME-25OCT31LADTOR-LAD,KXMLBGAME-25OCT31LADTOR,Los Angeles D vs Toronto (Game 6) Winner?,Los Angeles D,Los Angeles D,9908907.0,2025-10-28 20:39:41.654466-07:00,2025-10-31 20:20:17.157302-07:00,,,,,,,,,,,,0.0,no supported template
kalshi,archive,KXMLBGAME-25OCT31LADTOR-TOR,KXMLBGAME-25OCT31LADTOR,Los Angeles D vs Toronto (Game 6) Winner?,Toronto,Toronto,8625277.0,2025-10-28 20:39:41.654466-07:00,2025-10-31 20:20:17.157302-07:00,,,,,,,,,,,,0.0,no supported template
kalshi,archive,KXMLBGAME-25SEP30BOSNYY-BOS,KXMLBGAME-25SEP30BOSNYY,Boston vs New York Y (Game 1) Winner?,Boston,Boston,5619403.0,2025-09-28 22:47:48.575298-07:00,2025-09-30 18:16:28.973899-07:00,,,,,,,,,,,,0.0,no supported template
kalshi,archive,KXMLBGAME-25SEP30BOSNYY-NYY,KXMLBGAME-25SEP30BOSNYY,Boston vs New York Y (Game 1) Winner?,New York Y,New York Y,6408441.0,2025-09-28 22:47:48.575298-07:00,2025-09-30 18:16:28.973899-07:00,,,,,,,,,,,,0.0,no supported template
kalshi,archive,KXMLBGAME-25SEP30CINLAD-LAD,KXMLBGAME-25SEP30CINLAD,Cincinnati vs Los Angeles D (Game 1) Winner?,Los Angeles D,Los Angeles D,4810465.0,2025-09-28 22:47:49.281126-07:00,2025-09-30 22:27:34.309138-07:00,,,,,,,,,,,,0.0,no supported template
kalshi,archive,KXMLBHRDERBY-25-CRAL,KXMLBHRDERBY-25,Will the Cal Raleigh win the Homerun Derby?,Cal Raleigh,Cal Raleigh,4765415.0,2025-07-07 15:37:09.865201-07:00,2025-07-14 19:52:38.487206-07:00,,,,,,,,,,,,0.0,no supported template
kalshi,archive,KXMLBSERIES-25BOSNYY-BOS,KXMLBSERIES-25BOSNYY,Boston vs New York Y Series Winner?,Boston,Boston,4188639.0,2025-09-29 07:24:22.435938-07:00,2025-10-02 19:47:10.275045-07:00,,,,,,,,,,,,0.0,no supported template
kalshi,archive,KXMLBSERIES-25BOSNYY-NYY,KXMLBSERIES-25BOSNYY,Boston vs New York Y Series Winner?,New York Y,New York Y,5344546.0,2025-09-29 07:24:22.435938-07:00,2025-10-02 19:47:10.275045-07:00,,,,,,,,,,,,0.0,no supported template
kalshi,archive,KXMLBSERIES-25DETCLE-CLE,KXMLBSERIES-25DETCLE,Detroit vs Cleveland Series Winner?,Cleveland,Cleveland,4783481.0,2025-09-29 07:24:57.681011-07:00,2025-10-02 15:06:12.778732-07:00,,,,,,,,,,,,0.0,no supported template
kalshi,archive,KXMLBSERIES-25DETCLE-DET,KXMLBSERIES-25DETCLE,Detroit vs Cleveland Series Winner?,Detroit,Detroit,4446871.0,2025-09-29 07:24:57.681011-07:00,2025-10-02 15:06:12.778732-07:00,,,,,,,,,,,,0.0,no supported template
kalshi,archive,KXMLBSERIES-25DETSEA-DET,KXMLBSERIES-25DETSEA,Detroit vs Seattle Series Winner?,Detroit,Detroit,12816300.0,2025-10-02 20:06:50.369465-07:00,2025-10-10 22:11:41.093249-07:00,,,,,,,,,,,,0.0,no supported template
kalshi,archive,KXMLBSERIES-25DETSEA-SEA,KXMLBSERIES-25DETSEA,Detroit vs Seattle Series Winner?,Seattle,Seattle,13806666.0,2025-10-02 20:06:50.369465-07:00,2025-10-10 22:11:41.093249-07:00,,,,,,,,,,,,0.0,no supported template
kalshi,archive,KXMLBSERIES-25SDCHC-CHC,KXMLBSERIES-25SDCHC,San Diego vs Chicago C Series Winner?,Chicago C,Chicago C,5106851.0,2025-09-29 07:25:17.708212-07:00,2025-10-02 17:19:47.075203-07:00,,,,,,,,,,,,0.0,no supported template
kalshi,archive,KXMLBSERIES-25SDCHC-SD,KXMLBSERIES-25SDCHC,San Diego vs Chicago C Series Winner?,San Diego,San Diego,5665543.0,2025-09-29 07:25:17.708212-07:00,2025-10-02 17:19:47.075203-07:00,,,,,,,,,,,,0.0,no supported template
kalshi,archive,KXNATHANSHD-25-JCHE,KXNATHANSHD-25,Will the Joey Chestnut win the Nathan's Hot Dog Eating Contest?,Joey Chestnut,Joey Chestnut,5952894.0,2025-06-18 12:11:10.591852-07:00,2025-07-04 10:00:05.128221-07:00,,,,,,,,,,,,0.0,no supported template
kalshi,archive,KXNBA-25-DEN,KXNBA-25,Will the Denver Nuggets win the NBA Finals?,Denver,Denver,5379153.0,2025-01-22 11:55:27.969465-08:00,2025-06-22 19:51:09.791711-07:00,sports,win,denver_nuggets,,nba_finals,,2025,,,sports|win|denver_nuggets|nba_finals|2025,sports|win|denver_nuggets|nba_finals|2025,0.86,sports outcome template
kalshi,archive,KXNBA-25-GSW,KXNBA-25,Will the Golden State Warriors win the NBA Finals?,Golden State,Golden State,4843736.0,2025-01-22 11:55:27.969465-08:00,2025-06-22 19:51:09.791711-07:00,sports,win,golden_state_warriors,,nba_finals,,2025,,,sports|win|golden_state_warriors|nba_finals|2025,sports|win|golden_state_warriors|nba_finals|2025,0.86,sports outcome template
kalshi,archive,KXNBA-25-IND,KXNBA-25,Will the Indiana Pacers win the NBA Finals?,Indiana,Indiana,58114197.0,2025-01-22 11:55:27.969465-08:00,2025-06-22 19:51:09.791711-07:00,sports,win,indiana_pacers,,nba_finals,,2025,,,sports|win|indiana_pacers|nba_finals|2025,sports|win|indiana_pacers|nba_finals|2025,0.86,sports outcome template
kalshi,archive,KXNBA-25-MIN,KXNBA-25,Will the Minnesota Timberwolves win the NBA Finals?,Minnesota,Minnesota,6131569.0,2025-01-22 11:55:27.969465-08:00,2025-06-22 19:51:09.791711-07:00,sports,win,minnesota_timberwolves,,nba_finals,,2025,,,sports|win|minnesota_timberwolves|nba_finals|2025,sports|win|minnesota_timberwolves|nba_finals|2025,0.86,sports outcome template
kalshi,archive,KXNBA-25-NYK,KXNBA-25,Will the New York Knicks win the NBA Finals?,New York,New York,6742838.0,2025-01-22 11:55:27.969466-08:00,2025-06-22 19:51:09.791711-07:00,sports,win,new_york_knicks,,nba_finals,,2025,,,sports|win|new_york_knicks|nba_finals|2025,sports|win|new_york_knicks|nba_finals|2025,0.86,sports outcome template
kalshi,archive,KXNBA-25-OKC,KXNBA-25,Will the Oklahoma City Thunder win the NBA Finals?,Oklahoma City,Oklahoma City,35691758.0,2025-01-22 11:55:27.969466-08:00,2025-06-22 19:51:09.791711-07:00,sports,win,oklahoma_city_thunder,,nba_finals,,2025,,,sports|win|oklahoma_city_thunder|nba_finals|2025,sports|win|oklahoma_city_thunder|nba_finals|2025,0.86,sports outcome template
kalshi,archive,KXNBAEAST-25-IND,KXNBAEAST-25,Will the Indiana Pacers win the NBA Eastern Conference Championship?,Indiana,Indiana,10027893.0,2025-01-22 11:57:39.542398-08:00,2025-05-31 19:39:32.574571-07:00,,,,,,,,,,,,0.0,no supported template
kalshi,archive,KXNBAEAST-25-NYK,KXNBAEAST-25,Will the New York Knicks win the NBA Eastern Conference Championship?,New York,New York,6891752.0,2025-01-22 11:57:39.542398-08:00,2025-05-31 19:39:32.574571-07:00,,,,,,,,,,,,0.0,no supported template
kalshi,archive,KXNBAFINALSMVP-25-SGA,KXNBAFINALSMVP-25,Pro Basketball Championship MVP in 2025?,Shai Gilgeous-Alexander,Shai Gilgeous-Alexander,4071714.0,2025-06-02 10:58:20.475378-07:00,2025-06-22 20:05:42.449549-07:00,,,,,,,,,,,,0.0,no supported template
kalshi,archive,KXNBAFINALSMVP-25-THA,KXNBAFINALSMVP-25,Pro Basketball Championship MVP in 2025?,Tyrese Haliburton,Tyrese Haliburton,4597149.0,2025-06-02 10:58:20.475378-07:00,2025-06-22 20:05:42.449549-07:00,,,,,,,,,,,,0.0,no supported template
kalshi,archive,KXNBAGAME-25JUN05INDOKC-IND,KXNBAGAME-25JUN05INDOKC,Indiana vs Oklahoma City Winner?,Indiana,Indiana,13250075.0,2025-05-31 19:45:17.255928-07:00,2025-06-05 20:14:12.160004-07:00,,,,,,,,,,,,0.0,no supported template
kalshi,archive,KXNBAGAME-25JUN05INDOKC-OKC,KXNBAGAME-25JUN05INDOKC,Indiana vs Oklahoma City Winner?,Oklahoma City,Oklahoma City,8544503.0,2025-05-31 19:45:17.255928-07:00,2025-06-05 20:14:12.160004-07:00,,,,,,,,,,,,0.0,no supported template
kalshi,archive,KXNBAGAME-25JUN08INDOKC-IND,KXNBAGAME-25JUN08INDOKC,Indiana vs Oklahoma City Winner?,Indiana,Indiana,17109369.0,2025-06-05 20:10:25.309820-07:00,2025-06-08 19:49:06.233903-07:00,,,,,,,,,,,,0.0,no supported template
kalshi,archive,KXNBAGAME-25JUN08INDOKC-OKC,KXNBAGAME-25JUN08INDOKC,Indiana vs Oklahoma City Winner?,Oklahoma City,Oklahoma City,5545802.0,2025-06-05 20:10:25.309820-07:00,2025-06-08 19:49:06.233903-07:00,,,,,,,,,,,,0.0,no supported template
kalshi,archive,KXNBAGAME-25JUN11OKCIND-IND,KXNBAGAME-25JUN11OKCIND,Oklahoma City vs Indiana Winner?,Indiana,Indiana,11251045.0,2025-06-08 19:40:24.057046-07:00,2025-06-11 20:24:18.186502-07:00,,,,,,,,,,,,0.0,no supported template
kalshi,archive,KXNBAGAME-25JUN11OKCIND-OKC,KXNBAGAME-25JUN11OKCIND,Oklahoma City vs Indiana Winner?,Oklahoma City,Oklahoma City,13737622.0,2025-06-08 19:40:24.057046-07:00,2025-06-11 20:24:18.186502-07:00,,,,,,,,,,,,0.0,no supported template
kalshi,archive,KXNBAGAME-25JUN13OKCIND-IND,KXNBAGAME-25JUN13OKCIND,Oklahoma City vs Indiana Winner?,Indiana,Indiana,14418904.0,2025-06-11 20:15:30.465601-07:00,2025-06-13 20:51:27.445045-07:00,,,,,,,,,,,,0.0,no supported template
kalshi,archive,KXNBAGAME-25JUN13OKCIND-OKC,KXNBAGAME-25JUN13OKCIND,Oklahoma City vs Indiana Winner?,Oklahoma City,Oklahoma City,13321614.0,2025-06-11 20:15:30.465601-07:00,2025-06-13 20:51:27.445045-07:00,,,,,,,,,,,,0.0,no supported template
kalshi,archive,KXNBAGAME-25JUN16INDOKC-IND,KXNBAGAME-25JUN16INDOKC,Indiana vs Oklahoma City Winner?,Indiana,Indiana,20174462.0,2025-06-13 20:30:25.358859-07:00,2025-06-16 20:28:33.114115-07:00,,,,,,,,,,,,0.0,no supported template
kalshi,archive,KXNBAGAME-25JUN16INDOKC-OKC,KXNBAGAME-25JUN16INDOKC,Indiana vs Oklahoma City Winner?,Oklahoma City,Oklahoma City,6251804.0,2025-06-13 20:30:25.358860-07:00,2025-06-16 20:28:33.114115-07:00,,,,,,,,,,,,0.0,no supported template
kalshi,archive,KXNBAGAME-25JUN19OKCIND-IND,KXNBAGAME-25JUN19OKCIND,Oklahoma City vs Indiana Winner?,Indiana,Indiana,11837192.0,2025-06-16 20:20:28.848166-07:00,2025-06-19 20:21:05.664258-07:00,,,,,,,,,,,,0.0,no supported template
kalshi,archive,KXNBAGAME-25JUN19OKCIND-OKC,KXNBAGAME-25JUN19OKCIND,Oklahoma City vs Indiana Winner?,Oklahoma City,Oklahoma City,16555809.0,2025-06-16 20:20:28.848165-07:00,2025-06-19 20:21:05.664258-07:00,,,,,,,,,,,,0.0,no supported template
kalshi,archive,KXNBAGAME-25MAY20MINOKC-MIN,KXNBAGAME-25MAY20MINOKC,Minnesota vs Oklahoma City Winner?,Minnesota,Minnesota,6155947.0,2025-05-18 15:15:18.111803-07:00,2025-05-20 20:16:11.274785-07:00,,,,,,,,,,,,0.0,no supported template
kalshi,archive,KXNBAGAME-25MAY20MINOKC-OKC,KXNBAGAME-25MAY20MINOKC,Minnesota vs Oklahoma City Winner?,Oklahoma City,Oklahoma City,3976949.0,2025-05-18 15:15:18.111804-07:00,2025-05-20 20:16:11.274785-07:00,,,,,,,,,,,,0.0,no supported template
kalshi,archive,KXNBAGAME-25MAY21INDNYK-IND,KXNBAGAME-25MAY21INDNYK,Indiana vs New York Winner?,Indiana,Indiana,8322724.0,2025-05-16 19:45:27.732040-07:00,2025-05-21 20:26:10.505455-07:00,,,,,,,,,,,,0.0,no supported template
kalshi,archive,KXNBAGAME-25MAY21INDNYK-NYK,KXNBAGAME-25MAY21INDNYK,Indiana vs New York Winner?,New York,New York,5615216.0,2025-05-16 19:45:27.732040-07:00,2025-05-21 20:26:10.505455-07:00,,,,,,,,,,,,0.0,no supported template
kalshi,archive,KXNBAGAME-25MAY22MINOKC-MIN,KXNBAGAME-25MAY22MINOKC,Minnesota vs Oklahoma City Winner?,Minnesota,Minnesota,7507257.0,2025-05-20 20:15:13.668711-07:00,2025-05-22 20:24:20.959200-07:00,,,,,,,,,,,,0.0,no supported template
kalshi,archive,KXNBAGAME-25MAY23INDNYK-IND,KXNBAGAME-25MAY23INDNYK,Indiana vs New York Winner?,Indiana,Indiana,7417523.0,2025-05-21 20:15:16.947730-07:00,2025-05-23 19:46:28.711439-07:00,,,,,,,,,,,,0.0,no supported template
kalshi,archive,KXNBAGAME-25MAY23INDNYK-NYK,KXNBAGAME-25MAY23INDNYK,Indiana vs New York Winner?,New York,New York,5963575.0,2025-05-21 20:15:16.947730-07:00,2025-05-23 19:46:28.711439-07:00,,,,,,,,,,,,0.0,no supported template
kalshi,archive,KXNBAGAME-25MAY24OKCMIN-MIN,KXNBAGAME-25MAY24OKCMIN,Oklahoma City vs Minnesota Winner?,Minnesota,Minnesota,3829565.0,2025-05-22 20:20:12.222443-07:00,2025-05-24 20:04:35.330259-07:00,,,,,,,,,,,,0.0,no supported template
kalshi,archive,KXNBAGAME-25MAY24OKCMIN-OKC,KXNBAGAME-25MAY24OKCMIN,Oklahoma City vs Minnesota Winner?,Oklahoma City,Oklahoma City,6860619.0,2025-05-22 20:20:12.222443-07:00,2025-05-24 20:04:35.330259-07:00,,,,,,,,,,,,0.0,no supported template
kalshi,archive,KXNBAGAME-25MAY25NYKIND-IND,KXNBAGAME-25MAY25NYKIND,New York vs Indiana Winner?,Indiana,Indiana,8374795.0,2025-05-23 19:40:17.071265-07:00,2025-05-25 19:56:10.818211-07:00,,,,,,,,,,,,0.0,no supported template
kalshi,archive,KXNBAGAME-25MAY25NYKIND-NYK,KXNBAGAME-25MAY25NYKIND,New York vs Indiana Winner?,New York,New York,10415197.0,2025-05-23 19:40:17.071265-07:00,2025-05-25 19:56:10.818211-07:00,,,,,,,,,,,,0.0,no supported template
kalshi,archive,KXNBAGAME-25MAY26OKCMIN-MIN,KXNBAGAME-25MAY26OKCMIN,Oklahoma City vs Minnesota Winner?,Minnesota,Minnesota,8507259.0,2025-05-24 20:00:38.949402-07:00,2025-05-26 20:30:51.072523-07:00,,,,,,,,,,,,0.0,no supported template
kalshi,archive,KXNBAGAME-25MAY26OKCMIN-OKC,KXNBAGAME-25MAY26OKCMIN,Oklahoma City vs Minnesota Winner?,Oklahoma City,Oklahoma City,6957701.0,2025-05-24 20:00:38.949401-07:00,2025-05-26 20:30:51.072523-07:00,,,,,,,,,,,,0.0,no supported template
kalshi,archive,KXNBAGAME-25MAY27NYKIND-IND,KXNBAGAME-25MAY27NYKIND,New York vs Indiana Winner?,Indiana,Indiana,5065108.0,2025-05-25 19:50:21.819747-07:00,2025-05-27 19:56:11.443986-07:00,,,,,,,,,,,,0.0,no supported template
kalshi,archive,KXNBAGAME-25MAY27NYKIND-NYK,KXNBAGAME-25MAY27NYKIND,New York vs Indiana Winner?,New York,New York,9014356.0,2025-05-25 19:50:21.819747-07:00,2025-05-27 19:56:11.443986-07:00,,,,,,,,,,,,0.0,no supported template
kalshi,archive,KXNBAGAME-25MAY28MINOKC-MIN,KXNBAGAME-25MAY28MINOKC,Minnesota vs Oklahoma City Winner?,Minnesota,Minnesota,7963959.0,2025-05-26 20:20:13.819594-07:00,2025-05-28 20:04:17.700411-07:00,,,,,,,,,,,,0.0,no supported template
kalshi,archive,KXNBAGAME-25MAY29INDNYK-IND,KXNBAGAME-25MAY29INDNYK,Indiana vs New York Winner?,Indiana,Indiana,10884622.0,2025-05-27 19:50:19.720647-07:00,2025-05-29 19:44:23.395070-07:00,,,,,,,,,,,,0.0,no supported template
kalshi,archive,KXNBAGAME-25MAY29INDNYK-NYK,KXNBAGAME-25MAY29INDNYK,Indiana vs New York Winner?,New York,New York,4232583.0,2025-05-27 19:50:19.720648-07:00,2025-05-29 19:44:23.395070-07:00,,,,,,,,,,,,0.0,no supported template
kalshi,archive,KXNBAGAME-25MAY31NYKIND-IND,KXNBAGAME-25MAY31NYKIND,New York vs Indiana Winner?,Indiana,Indiana,8147464.0,2025-05-29 19:40:17.164901-07:00,2025-05-31 19:44:22.781087-07:00,,,,,,,,,,,,0.0,no supported template
kalshi,archive,KXNBAGAME-25MAY31NYKIND-NYK,KXNBAGAME-25MAY31NYKIND,New York vs Indiana Winner?,New York,New York,7597473.0,2025-05-29 19:40:17.164901-07:00,2025-05-31 19:44:22.781087-07:00,,,,,,,,,,,,0.0,no supported template
kalshi,archive,KXNBAGAME-25NOV01SACMIL-MIL,KXNBAGAME-25NOV01SACMIL,Sacramento vs Milwaukee Winner?,Milwaukee,Milwaukee,3716742.0,2025-10-30 03:01:53.522999-07:00,2025-11-01 17:05:33.881643-07:00,,,,,,,,,,,,0.0,no supported template
kalshi,archive,KXNBAGAME-25NOV02MIALAL-LAL,KXNBAGAME-25NOV02MIALAL,Miami vs Los Angeles Winner?,Los Angeles,Los Angeles,5049529.0,2025-10-31 09:02:18.389966-07:00,2025-11-02 21:19:56.983983-08:00,,,,,,,,,,,,0.0,no supported template
kalshi,archive,KXNBAGAME-25NOV02MIALAL-MIA,KXNBAGAME-25NOV02MIALAL,Miami vs Los Angeles Winner?,Miami,Miami,4139443.0,2025-10-31 09:02:18.389966-07:00,2025-11-02 21:19:56.983983-08:00,,,,,,,,,,,,0.0,no supported template
kalshi,archive,KXNBAGAME-25NOV02SASPHX-SAS,KXNBAGAME-25NOV02SASPHX,San Antonio vs Phoenix Winner?,San Antonio,San Antonio,4494937.0,2025-10-31 06:02:11.043774-07:00,2025-11-02 19:39:53.748952-08:00,,,,,,,,,,,,0.0,no supported template
kalshi,archive,KXNBAGAME-25NOV03LALPOR-LAL,KXNBAGAME-25NOV03LALPOR,Los Angeles vs Portland Winner?,Los Angeles,Los Angeles,6886565.0,2025-11-01 09:03:16.264456-07:00,2025-11-03 21:39:53.430103-08:00,,,,,,,,,,,,0.0,no supported template
kalshi,archive,KXNBAGAME-25NOV03MIALAC-LAC,KXNBAGAME-25NOV03MIALAC,Miami vs LA Winner?,LA,LA,4132870.0,2025-11-01 09:03:17.520779-07:00,2025-11-03 22:09:52.367704-08:00,,,,,,,,,,,,0.0,no supported template
kalshi,archive,KXNBAGAME-25NOV03MIALAC-MIA,KXNBAGAME-25NOV03MIALAC,Miami vs LA Winner?,Miami,Miami,5826698.0,2025-11-01 09:03:17.520779-07:00,2025-11-03 22:09:52.367704-08:00,,,,,,,,,,,,0.0,no supported template
kalshi,archive,KXNBAGAME-25NOV04MILTOR-MIL,KXNBAGAME-25NOV04MILTOR,Milwaukee vs Toronto Winner?,Milwaukee,Milwaukee,4774695.0,2025-11-02 06:03:08.369883-08:00,2025-11-04 19:10:13.263851-08:00,,,,,,,,,,,,0.0,no supported template
kalshi,archive,KXNBAGAME-25NOV04OKCLAC-LAC,KXNBAGAME-25NOV04OKCLAC,Oklahoma City vs Los Angeles C Winner?,Los Angeles C,Los Angeles C,5816486.0,2025-11-02 09:03:37.990605-08:00,2025-11-04 22:44:56.102453-08:00,,,,,,,,,,,,0.0,no supported template
kalshi,archive,KXNBAGAME-25NOV04OKCLAC-OKC,KXNBAGAME-25NOV04OKCLAC,Oklahoma City vs LA Winner?,Oklahoma City,Oklahoma City,5669155.0,2025-11-02 09:03:37.990605-08:00,2025-11-04 22:44:56.102453-08:00,,,,,,,,,,,,0.0,no supported template
kalshi,archive,KXNBAGAME-25NOV04PHXGSW-PHX,KXNBAGAME-25NOV04PHXGSW,Phoenix vs Golden State Winner?,Phoenix,Phoenix,3888996.0,2025-11-02 09:03:37.080370-08:00,2025-11-04 21:44:58.222264-08:00,,,,,,,,,,,,0.0,no supported template
kalshi,archive,KXNBAGAME-25NOV05GSWSAC-GSW,KXNBAGAME-25NOV05GSWSAC,Golden State vs Sacramento Winner?,Golden State,Golden State,4581563.0,2025-11-03 09:02:45.449623-08:00,2025-11-05 21:49:55.145384-08:00,,,,,,,,,,,,0.0,no supported template
kalshi,archive,KXNBAGAME-25NOV05OKCPOR-OKC,KXNBAGAME-25NOV05OKCPOR,Oklahoma City vs Portland Winner?,Oklahoma City,Oklahoma City,6826935.0,2025-11-03 09:02:45.167775-08:00,2025-11-05 22:04:55.074866-08:00,,,,,,,,,,,,0.0,no supported template
kalshi,archive,KXNBAGAME-25NOV05OKCPOR-POR,KXNBAGAME-25NOV05OKCPOR,Oklahoma City vs Portland Winner?,Portland,Portland,3989983.0,2025-11-03 09:02:45.167775-08:00,2025-11-05 22:04:55.074866-08:00,,,,,,,,,,,,0.0,no supported template
kalshi,archive,KXNBAGAME-25NOV05PHICLE-PHI,KXNBAGAME-25NOV05PHICLE,Philadelphia vs Cleveland Winner?,Philadelphia,Philadelphia,4605304.0,2025-11-03 06:02:22.802052-08:00,2025-11-05 18:45:39.616350-08:00,,,,,,,,,,,,0.0,no supported template
kalshi,archive,KXNBAGAME-25NOV05SASLAL-LAL,KXNBAGAME-25NOV05SASLAL,San Antonio vs Los Angeles L Winner?,Los Angeles L,Los Angeles L,9464298.0,2025-11-03 09:02:45.174652-08:00,2025-11-05 22:19:48.268222-08:00,,,,,,,,,,,,0.0,no supported template
kalshi,archive,KXNBAGAME-25NOV05SASLAL-SAS,KXNBAGAME-25NOV05SASLAL,San Antonio vs Los Angeles Winner?,San Antonio,San Antonio,6683269.0,2025-11-03 09:02:45.174652-08:00,2025-11-05 22:19:48.268222-08:00,,,,,,,,,,,,0.0,no supported template
kalshi,archive,KXNBAGAME-25NOV07GSWDEN-DEN,KXNBAGAME-25NOV07GSWDEN,Golden State vs Denver Winner?,Denver,Denver,3873637.0,2025-11-05 18:02:34.926168-08:00,2025-11-07 21:34:25.196060-08:00,,,,,,,,,,,,0.0,no supported template
kalshi,archive,KXNBAGAME-25NOV08PHXLAC-LAC,KXNBAGAME-25NOV08PHXLAC,Phoenix vs Los Angeles C Winner?,Los Angeles C,Los Angeles C,4053809.0,2025-11-06 06:02:27.601215-08:00,2025-11-08 22:14:26.510704-08:00,,,,,,,,,,,,0.0,no supported template
kalshi,archive,KXNBAGAME-25NOV08PHXLAC-PHX,KXNBAGAME-25NOV08PHXLAC,Phoenix vs Los Angeles C Winner?,Phoenix,Phoenix,5059644.0,2025-11-06 06:02:27.601215-08:00,2025-11-08 22:14:26.510704-08:00,,,,,,,,,,,,0.0,no supported template
kalshi,archive,KXNBAGAME-25NOV09HOUMIL-HOU,KXNBAGAME-25NOV09HOUMIL,Houston vs Milwaukee Winner?,Houston,Houston,3981091.0,2025-11-07 00:02:36.724263-08:00,2025-11-09 15:24:36.321072-08:00,,,,,,,,,,,,0.0,no supported template
kalshi,archive,KXNBAGAME-25NOV10ATLLAC-ATL,KXNBAGAME-25NOV10ATLLAC,Atlanta vs Los Angeles C Winner?,Atlanta,Atlanta,6593772.0,2025-11-08 06:01:31.105124-08:00,2025-11-10 22:09:27.784284-08:00,,,,,,,,,,,,0.0,no supported template
kalshi,archive,KXNBAGAME-25NOV10ATLLAC-LAC,KXNBAGAME-25NOV10ATLLAC,Atlanta vs Los Angeles C Winner?,Los Angeles C,Los Angeles C,5948450.0,2025-11-08 06:01:31.105124-08:00,2025-11-10 22:09:27.784284-08:00,,,,,,,,,,,,0.0,no supported template
kalshi,archive,KXNBAGAME-25NOV10MILDAL-MIL,KXNBAGAME-25NOV10MILDAL,Milwaukee vs Dallas Winner?,Milwaukee,Milwaukee,3835218.0,2025-11-08 06:01:31.468408-08:00,2025-11-10 20:34:29.344952-08:00,,,,,,,,,,,,0.0,no supported template
kalshi,archive,KXNBAGAME-25NOV10WASDET-DET,KXNBAGAME-25NOV10WASDET,Washington vs Detroit Winner?,Detroit,Detroit,4083804.0,2025-11-08 03:01:13.665387-08:00,2025-11-10 19:24:34.929716-08:00,,,,,,,,,,,,0.0,no supported template
kalshi,archive,KXNBAGAME-25NOV11BOSPHI-BOS,KXNBAGAME-25NOV11BOSPHI,Boston vs Philadelphia Winner?,Boston,Boston,3760271.0,2025-11-09 03:01:16.037101-08:00,2025-11-11 19:44:29.706977-08:00,,,,,,,,,,,,0.0,no supported template
kalshi,archive,KXNBAGAME-25NOV11BOSPHI-PHI,KXNBAGAME-25NOV11BOSPHI,Boston vs Philadelphia Winner?,Philadelphia,Philadelphia,4838098.0,2025-11-09 03:01:16.037101-08:00,2025-11-11 19:44:29.706977-08:00,,,,,,,,,,,,0.0,no supported template
kalshi,archive,KXNBAGAME-25NOV11DENSAC-DEN,KXNBAGAME-25NOV11DENSAC,Denver vs Sacramento Winner?,Denver,Denver,6795702.0,2025-11-09 06:01:29.862383-08:00,2025-11-11 22:49:28.240117-08:00,,,,,,,,,,,,0.0,no supported template
kalshi,archive,KXNBAGAME-25NOV11DENSAC-SAC,KXNBAGAME-25NOV11DENSAC,Denver vs Sacramento Winner?,Sacramento,Sacramento,4663929.0,2025-11-09 06:01:29.862383-08:00,2025-11-11 22:49:28.240117-08:00,,,,,,,,,,,,0.0,no supported template
kalshi,archive,KXNBAGAME-25NOV12DENLAC-DEN,KXNBAGAME-25NOV12DENLAC,Denver vs Los Angeles C Winner?,Denver,Denver,7951024.0,2025-11-10 06:01:41.647490-08:00,2025-11-12 22:19:26.346969-08:00,,,,,,,,,,,,0.0,no supported template
kalshi,archive,KXNBAGAME-25NOV12GSWSAS-GSW,KXNBAGAME-25NOV12GSWSAS,Golden State vs San Antonio Winner?,Golden State,Golden State,3894621.0,2025-11-10 03:01:45.371450-08:00,2025-11-12 20:14:32.565636-08:00,,,,,,,,,,,,0.0,no supported template
kalshi,archive,KXNBAGAME-25NOV12GSWSAS-SAS,KXNBAGAME-25NOV12GSWSAS,Golden State vs San Antonio Winner?,San Antonio,San Antonio,4190907.0,2025-11-10 03:01:45.371450-08:00,2025-11-12 20:14:32.565636-08:00,,,,,,,,,,,,0.0,no supported template
kalshi,archive,KXNBAGAME-25NOV12ORLNYK-NYK,KXNBAGAME-25NOV12ORLNYK,Orlando vs New York K Winner?,New York K,New York K,4383548.0,2025-11-10 03:01:37.568366-08:00,2025-11-12 19:09:48.725350-08:00,,,,,,,,,,,,0.0,no supported template
kalshi,archive,KXNBAGAME-25NOV13ATLUTA-ATL,KXNBAGAME-25NOV13ATLUTA,Atlanta vs Utah Winner?,Atlanta,Atlanta,5240575.0,2025-11-11 06:01:35.410454-08:00,2025-11-13 20:44:30.133759-08:00,,,,,,,,,,,,0.0,no supported template
kalshi,archive,KXNBAGAME-25NOV13ATLUTA-UTA,KXNBAGAME-25NOV13ATLUTA,Atlanta vs Utah Winner?,Utah,Utah,4115243.0,2025-11-11 06:01:35.410454-08:00,2025-11-13 20:44:30.133759-08:00,,,,,,,,,,,,0.0,no supported template
kalshi,archive,KXNBAGAME-25NOV13INDPHX-PHX,KXNBAGAME-25NOV13INDPHX,Indiana vs Phoenix Winner?,Phoenix,Phoenix,5038311.0,2025-11-11 06:01:36.390558-08:00,2025-11-13 21:09:31.392812-08:00,,,,,,,,,,,,0.0,no supported template
kalshi,archive,KXNBAGAME-25NOV13TORCLE-CLE,KXNBAGAME-25NOV13TORCLE,Toronto vs Cleveland Winner?,Cleveland,Cleveland,4125129.0,2025-11-11 03:01:17.189170-08:00,2025-11-13 18:49:29.743787-08:00,,,,,,,,,,,,0.0,no supported template
kalshi,archive,KXNBAGAME-25NOV13TORCLE-TOR,KXNBAGAME-25NOV13TORCLE,Toronto vs Cleveland Winner?,Toronto,Toronto,4106661.0,2025-11-11 03:01:17.189170-08:00,2025-11-13 18:49:29.743787-08:00,,,,,,,,,,,,0.0,no supported template
kalshi,archive,KXNBAGAME-25NOV14BKNORL-BKN,KXNBAGAME-25NOV14BKNORL,Brooklyn vs Orlando Winner?,Brooklyn,Brooklyn,3717680.0,2025-11-12 03:01:29.900334-08:00,2025-11-14 18:49:43.309393-08:00,,,,,,,,,,,,0.0,no supported template
kalshi,archive,KXNBAGAME-25NOV14CHAMIL-MIL,KXNBAGAME-25NOV14CHAMIL,Charlotte vs Milwaukee Winner?,Milwaukee,Milwaukee,3930118.0,2025-11-12 03:01:34.431544-08:00,2025-11-14 20:04:28.885810-08:00,,,,,,,,,,,,0.0,no supported template
kalshi,archive,KXNBAGAME-25NOV14GSWSAS-GSW,KXNBAGAME-25NOV14GSWSAS,Golden State vs San Antonio Winner?,Golden State,Golden State,6372260.0,2025-11-12 06:01:50.299625-08:00,2025-11-14 21:24:25.702232-08:00,,,,,,,,,,,,0.0,no supported template
kalshi,archive,KXNBAGAME-25NOV14GSWSAS-SAS,KXNBAGAME-25NOV14GSWSAS,Golden State vs San Antonio Winner?,San Antonio,San Antonio,5349394.0,2025-11-12 06:01:50.299625-08:00,2025-11-14 21:24:25.702232-08:00,,,,,,,,,,,,0.0,no supported template
kalshi,archive,KXNBAGAME-25NOV14LACDAL-DAL,KXNBAGAME-25NOV14LACDAL,Los Angeles C vs Dallas Winner?,Dallas,Dallas,3884153.0,2025-11-12 06:01:50.159360-08:00,2025-11-14 21:14:29.811719-08:00,,,,,,,,,,,,0.0,no supported template
kalshi,archive,KXNBAGAME-25NOV14LACDAL-LAC,KXNBAGAME-25NOV14LACDAL,Los Angeles C vs Dallas Winner?,Los Angeles C,Los Angeles C,5256730.0,2025-11-12 06:01:50.159360-08:00,2025-11-14 21:14:29.811719-08:00,,,,,,,,,,,,0.0,no supported template
kalshi,archive,KXNBAGAME-25NOV14MIANYK-MIA,KXNBAGAME-25NOV14MIANYK,Miami vs New York K Winner?,Miami,Miami,4153460.0,2025-11-12 03:01:29.781230-08:00,2025-11-14 19:04:37.290467-08:00,,,,,,,,,,,,0.0,no supported template
kalshi,archive,KXNBAGAME-25NOV15DENMIN-DEN,KXNBAGAME-25NOV15DENMIN,Denver vs Minnesota Winner?,Denver,Denver,5020619.0,2025-11-13 03:01:11.512392-08:00,2025-11-15 20:03:59.829116-08:00,,,,,,,,,,,,0.0,no supported template
kalshi,archive,KXNBAGAME-25NOV15DENMIN-MIN,KXNBAGAME-25NOV15DENMIN,Denver vs Minnesota Winner?,Minnesota,Minnesota,4420459.0,2025-11-13 03:01:11.512392-08:00,2025-11-15 20:03:59.829116-08:00,,,,,,,,,,,,0.0,no supported template
kalshi,archive,KXNBAGAME-25NOV16CHIUTA-CHI,KXNBAGAME-25NOV16CHIUTA,Chicago vs Utah Winner?,Chicago,Chicago,4381454.0,2025-11-14 03:01:38.165692-08:00,2025-11-16 20:39:28.917803-08:00,,,,,,,,,,,,0.0,no supported template
kalshi,archive,KXNBAGAME-25NOV16ORLHOU-HOU,KXNBAGAME-25NOV16ORLHOU,Orlando vs Houston Winner?,Houston,Houston,6555288.0,2025-11-14 03:01:36.807153-08:00,2025-11-16 19:19:35.837001-08:00,,,,,,,,,,,,0.0,no supported template
kalshi,archive,KXNBAGAME-25NOV17CHIDEN-CHI,KXNBAGAME-25NOV17CHIDEN,Chicago vs Denver Winner?,Chicago,Chicago,7153449.0,2025-11-15 06:01:40.809492-08:00,2025-11-17 21:04:29.851064-08:00,,,,,,,,,,,,0.0,no supported template
kalshi,archive,KXNBAGAME-25NOV17CHIDEN-DEN,KXNBAGAME-25NOV17CHIDEN,Chicago vs Denver Winner?,Denver,Denver,8303303.0,2025-11-15 06:01:40.809492-08:00,2025-11-17 21:04:29.851064-08:00,,,,,,,,,,,,0.0,no supported template
kalshi,archive,KXNBAGAME-25NOV17LACPHI-PHI,KXNBAGAME-25NOV17LACPHI,Los Angeles C vs Philadelphia Winner?,Philadelphia,Philadelphia,4885696.0,2025-11-15 03:01:22.633178-08:00,2025-11-17 18:49:41.129036-08:00,,,,,,,,,,,,0.0,no supported template
kalshi,archive,KXNBAGAME-25NOV18DETATL-DET,KXNBAGAME-25NOV18DETATL,Detroit vs Atlanta Winner?,Detroit,Detroit,4233844.0,2025-11-16 03:01:20.783051-08:00,2025-11-18 19:14:34.931877-08:00,,,,,,,,,,,,0.0,no supported template
kalshi,archive,KXNBAGAME-25NOV18GSWORL-GSW,KXNBAGAME-25NOV18GSWORL,Golden State vs Orlando Winner?,Golden State,Golden State,8006907.0,2025-11-16 03:01:20.987089-08:00,2025-11-18 18:54:34.340968-08:00,,,,,,,,,,,,0.0,no supported template
kalshi,archive,KXNBAGAME-25NOV18MEMSAS-SAS,KXNBAGAME-25NOV18MEMSAS,Memphis vs San Antonio Winner?,San Antonio,San Antonio,3835437.0,2025-11-16 03:01:21.149493-08:00,2025-11-18 19:44:35.309143-08:00,,,,,,,,,,,,0.0,no supported template
kalshi,archive,KXNBAGAME-25NOV18PHXPOR-PHX,KXNBAGAME-25NOV18PHXPOR,Phoenix vs Portland Winner?,Phoenix,Phoenix,4942048.0,2025-11-16 06:01:30.461039-08:00,2025-11-18 22:44:32.328838-08:00,,,,,,,,,,,,0.0,no supported template
kalshi,archive,KXNBAGAME-25NOV18UTALAL-LAL,KXNBAGAME-25NOV18UTALAL,Utah vs Los Angeles L Winner?,Los Angeles L,Los Angeles L,4742113.0,2025-11-16 06:01:30.419778-08:00,2025-11-18 22:24:28.090048-08:00,,,,,,,,,,,,0.0,no supported template
kalshi,archive,KXNBAGAME-25NOV18UTALAL-UTA,KXNBAGAME-25NOV18UTALAL,Utah vs Los Angeles L Winner?,Utah,Utah,5137947.0,2025-11-16 06:01:30.419778-08:00,2025-11-18 22:24:28.090048-08:00,,,,,,,,,,,,0.0,no supported template
kalshi,archive,KXNBAGAME-25NOV19CHIPOR-CHI,KXNBAGAME-25NOV19CHIPOR,Chicago vs Portland Winner?,Chicago,Chicago,6426685.0,2025-11-17 06:01:38.036093-08:00,2025-11-19 21:44:37.587377-08:00,,,,,,,,,,,,0.0,no supported template
kalshi,archive,KXNBAGAME-25NOV19GSWMIA-GSW,KXNBAGAME-25NOV19GSWMIA,Golden State vs Miami Winner?,Golden State,Golden State,4516162.0,2025-11-17 03:01:21.323881-08:00,2025-11-19 19:09:42.866012-08:00,,,,,,,,,,,,0.0,no supported template
kalshi,archive,KXNBAGAME-25NOV19HOUCLE-HOU,KXNBAGAME-25NOV19HOUCLE,Houston vs Cleveland Winner?,Houston,Houston,3929814.0,2025-11-17 03:01:20.906472-08:00,2025-11-19 18:59:52.611705-08:00,,,,,,,,,,,,0.0,no supported template
kalshi,archive,KXNBAGAME-25NOV19NYKDAL-DAL,KXNBAGAME-25NOV19NYKDAL,New York K vs Dallas Winner?,Dallas,Dallas,5641020.0,2025-11-17 06:01:38.183148-08:00,2025-11-19 21:34:31.950631-08:00,,,,,,,,,,,,0.0,no supported template
kalshi,archive,KXNBAGAME-25NOV19NYKDAL-NYK,KXNBAGAME-25NOV19NYKDAL,New York K vs Dallas Winner?,New York K,New York K,7808362.0,2025-11-17 06:01:38.183148-08:00,2025-11-19 21:34:31.950631-08:00,,,,,,,,,,,,0.0,no supported template
kalshi,archive,KXNBAGAME-25NOV20PHIMIL-PHI,KXNBAGAME-25NOV20PHIMIL,Philadelphia vs Milwaukee Winner?,Philadelphia,Philadelphia,4740136.0,2025-11-18 03:01:32.648830-08:00,2025-11-20 19:54:33.142864-08:00,,,,,,,,,,,,0.0,no supported template
kalshi,archive,KXNBAGAME-25NOV21BKNBOS-BOS,KXNBAGAME-25NOV21BKNBOS,Brooklyn vs Boston Winner?,Boston,Boston,3864659.0,2025-11-19 03:01:37.782909-08:00,2025-11-21 19:14:50.822407-08:00,,,,,,,,,,,,0.0,no supported template
kalshi,archive,KXNBAGAME-25NOV21DENHOU-DEN,KXNBAGAME-25NOV21DENHOU,Denver vs Houston Winner?,Denver,Denver,6457568.0,2025-11-19 06:01:52.669033-08:00,2025-11-21 21:29:49.528374-08:00,,,,,,,,,,,,0.0,no supported template
kalshi,archive,KXNBAGAME-25NOV21DENHOU-HOU,KXNBAGAME-25NOV21DENHOU,Denver vs Houston Winner?,Houston,Houston,4863924.0,2025-11-19 06:01:52.669033-08:00,2025-11-21 21:29:49.528374-08:00,,,,,,,,,,,,0.0,no supported template
kalshi,archive,KXNBAGAME-25NOV21MINPHX-PHX,KXNBAGAME-25NOV21MINPHX,Minnesota vs Phoenix Winner?,Phoenix,Phoenix,3736512.0,2025-11-19 06:01:51.790488-08:00,2025-11-21 21:04:38.541794-08:00,,,,,,,,,,,,0.0,no supported template
kalshi,archive,KXNBAGAME-25NOV21NOPDAL-DAL,KXNBAGAME-25NOV21NOPDAL,New Orleans vs Dallas Winner?,Dallas,Dallas,4060080.0,2025-11-19 06:01:48.782694-08:00,2025-11-21 20:24:37.434753-08:00,,,,,,,,,,,,0.0,no supported template
kalshi,archive,KXNBAGAME-25NOV21PORGSW-GSW,KXNBAGAME-25NOV21PORGSW,Portland vs Golden State Winner?,Golden State,Golden State,5077845.0,2025-11-19 06:01:52.792094-08:00,2025-11-21 22:09:34.725960-08:00,,,,,,,,,,,,0.0,no supported template
kalshi,archive,KXNBAGAME-25NOV21PORGSW-POR,KXNBAGAME-25NOV21PORGSW,Portland vs Golden State Winner?,Portland,Portland,4005013.0,2025-11-19 06:01:52.792094-08:00,2025-11-21 22:09:34.725960-08:00,,,,,,,,,,,,0.0,no supported template
kalshi,archive,KXNBAGAME-25NOV22MEMDAL-DAL,KXNBAGAME-25NOV22MEMDAL,Memphis vs Dallas Winner?,Dallas,Dallas,3766023.0,2025-11-20 06:01:59.145047-08:00,2025-11-22 20:04:33.142009-08:00,,,,,,,,,,,,0.0,no supported template
kalshi,archive,KXNBAGAME-25NOV22NYKORL-NYK,KXNBAGAME-25NOV22NYKORL,New York K vs Orlando Winner?,New York K,New York K,4213558.0,2025-11-20 00:01:28.923724-08:00,2025-11-22 17:19:50.804337-08:00,,,,,,,,,,,,0.0,no supported template
kalshi,archive,KXNBAGAME-25NOV22SACDEN-DEN,KXNBAGAME-25NOV22SACDEN,Sacramento vs Denver Winner?,Denver,Denver,6059124.0,2025-11-20 06:01:59.120582-08:00,2025-11-22 21:54:31.810031-08:00,,,,,,,,,,,,0.0,no supported template
kalshi,archive,KXNBAGAME-25NOV22SACDEN-SAC,KXNBAGAME-25NOV22SACDEN,Sacramento vs Denver Winner?,Sacramento,Sacramento,4104757.0,2025-11-20 06:01:59.120582-08:00,2025-11-22 21:54:31.810031-08:00,,,,,,,,,,,,0.0,no supported template
kalshi,archive,KXNBAGAME-25OCT21GSWLAL-GSW,KXNBAGAME-25OCT21GSWLAL,Golden State vs Los Angeles L Winner?,Golden State,Golden State,7018210.0,2025-10-19 15:36:24.277946-07:00,2025-10-21 21:59:50.457820-07:00,,,,,,,,,,,,0.0,no supported template
kalshi,archive,KXNBAGAME-25OCT21GSWLAL-LAL,KXNBAGAME-25OCT21GSWLAL,Golden State vs Los Angeles L Winner?,Los Angeles L,Los Angeles L,6938516.0,2025-10-19 15:36:24.277946-07:00,2025-10-21 21:59:50.457820-07:00,,,,,,,,,,,,0.0,no supported template
kalshi,archive,KXNBAGAME-25OCT21HOUOKC-HOU,KXNBAGAME-25OCT21HOUOKC,Houston vs Oklahoma City Winner?,Houston,Houston,12314637.0,2025-10-19 15:36:23.405877-07:00,2025-10-21 20:19:37.795636-07:00,,,,,,,,,,,,0.0,no supported template
kalshi,archive,KXNBAGAME-25OCT21HOUOKC-OKC,KXNBAGAME-25OCT21HOUOKC,Houston vs Oklahoma City Winner?,Oklahoma City,Oklahoma City,10654946.0,2025-10-19 15:36:23.405877-07:00,2025-10-21 20:19:37.795636-07:00,,,,,,,,,,,,0.0,no supported template
kalshi,archive,KXNBAGAME-25OCT22CLENYK-CLE,KXNBAGAME-25OCT22CLENYK,Cleveland vs New York Winner?,Cleveland,Cleveland,5197070.0,2025-10-19 15:36:24.868015-07:00,2025-10-22 19:00:23.367911-07:00,,,,,,,,,,,,0.0,no supported template
kalshi,archive,KXNBAGAME-25OCT22CLENYK-NYK,KXNBAGAME-25OCT22CLENYK,Cleveland vs New York Winner?,New York,New York,4635331.0,2025-10-19 15:36:24.868015-07:00,2025-10-22 19:00:23.367911-07:00,,,,,,,,,,,,0.0,no supported template
kalshi,archive,KXNBAGAME-25OCT22MIAORL-MIA,KXNBAGAME-25OCT22MIAORL,Miami vs Orlando Winner?,Miami,Miami,4169923.0,2025-10-19 15:36:25.449077-07:00,2025-10-22 19:00:23.968287-07:00,,,,,,,,,,,,0.0,no supported template
kalshi,archive,KXNBAGAME-25OCT22MINPOR-MIN,KXNBAGAME-25OCT22MINPOR,Minnesota vs Portland Winner?,Minnesota,Minnesota,4475182.0,2025-10-19 15:36:26.285352-07:00,2025-10-22 23:29:47.781837-07:00,,,,,,,,,,,,0.0,no supported template
kalshi,archive,KXNBAGAME-25OCT22SASDAL-DAL,KXNBAGAME-25OCT22SASDAL,San Antonio vs Dallas Winner?,Dallas,Dallas,4272826.0,2025-10-19 15:36:26.201145-07:00,2025-10-22 23:29:47.138180-07:00,,,,,,,,,,,,0.0,no supported template
kalshi,archive,KXNBAGAME-25OCT23DENGSW-DEN,KXNBAGAME-25OCT23DENGSW,Denver vs Golden State Winner?,Denver,Denver,7412539.0,2025-10-21 14:45:51.313151-07:00,2025-10-23 22:04:43.838283-07:00,,,,,,,,,,,,0.0,no supported template
kalshi,archive,KXNBAGAME-25OCT23DENGSW-GSW,KXNBAGAME-25OCT23DENGSW,Denver vs Golden State Winner?,Golden State,Golden State,10262593.0,2025-10-21 14:45:51.313151-07:00,2025-10-23 22:04:43.838283-07:00,,,,,,,,,,,,0.0,no supported template
kalshi,archive,KXNBAGAME-25OCT23OKCIND-IND,KXNBAGAME-25OCT23OKCIND,Oklahoma City vs Indiana Winner?,Indiana,Indiana,7230759.0,2025-10-21 14:45:55.178256-07:00,2025-10-23 20:09:59.121008-07:00,,,,,,,,,,,,0.0,no supported template
kalshi,archive,KXNBAGAME-25OCT23OKCIND-OKC,KXNBAGAME-25OCT23OKCIND,Oklahoma City vs Indiana Winner?,Oklahoma City,Oklahoma City,7878572.0,2025-10-21 14:45:55.178256-07:00,2025-10-23 20:09:59.121008-07:00,,,,,,,,,,,,0.0,no supported template
kalshi,archive,KXNBAGAME-25OCT24GSWPOR-GSW,KXNBAGAME-25OCT24GSWPOR,Golden State vs Portland Winner?,Golden State,Golden State,7051307.0,2025-10-22 21:36:16.511637-07:00,2025-10-24 21:52:05.768602-07:00,,,,,,,,,,,,0.0,no supported template
kalshi,archive,KXNBAGAME-25OCT24MILTOR-MIL,KXNBAGAME-25OCT24MILTOR,Milwaukee vs Toronto Winner?,Milwaukee,Milwaukee,4197163.0,2025-10-22 21:36:00.339404-07:00,2025-10-24 18:35:58.693331-07:00,,,,,,,,,,,,0.0,no supported template
kalshi,archive,KXNBAGAME-25OCT24MINLAL-MIN,KXNBAGAME-25OCT24MINLAL,Minnesota vs Los Angeles L Winner?,Minnesota,Minnesota,3790509.0,2025-10-22 21:36:16.122752-07:00,2025-10-24 22:06:50.219976-07:00,,,,,,,,,,,,0.0,no supported template
kalshi,archive,KXNBAGAME-25OCT24SASNOP-SAS,KXNBAGAME-25OCT24SASNOP,San Antonio vs New Orleans Winner?,San Antonio,San Antonio,3858535.0,2025-10-22 21:36:08.969784-07:00,2025-10-24 20:32:12.042650-07:00,,,,,,,,,,,,0.0,no supported template
kalshi,archive,KXNBAGAME-25OCT26LALSAC-LAL,KXNBAGAME-25OCT26LALSAC,Los Angeles L vs Sacramento Winner?,Los Angeles L,Los Angeles L,4602546.0,2025-10-24 06:02:32.377305-07:00,2025-10-26 21:00:33.538795-07:00,,,,,,,,,,,,0.0,no supported template
kalshi,archive,KXNBAGAME-25OCT26MILCLE-MIL,KXNBAGAME-25OCT26MILCLE,Milwaukee vs Cleveland Winner?,Milwaukee,Milwaukee,4507684.0,2025-10-24 06:02:31.129181-07:00,2025-10-26 18:15:49.415991-07:00,,,,,,,,,,,,0.0,no supported template
kalshi,archive,KXNBAGAME-25OCT28LACGSW-GSW,KXNBAGAME-25OCT28LACGSW,Los Angeles C vs Golden State Winner?,Golden State,Golden State,8293173.0,2025-10-26 09:03:40.838826-07:00,2025-10-28 22:39:48.076391-07:00,,,,,,,,,,,,0.0,no supported template
kalshi,archive,KXNBAGAME-25OCT28LACGSW-LAC,KXNBAGAME-25OCT28LACGSW,Los Angeles C vs Golden State Winner?,Los Angeles C,Los Angeles C,4887287.0,2025-10-26 09:03:40.838826-07:00,2025-10-28 22:39:48.076391-07:00,,,,,,,,,,,,0.0,no supported template
kalshi,archive,KXNBAGAME-25OCT28PHIWAS-PHI,KXNBAGAME-25OCT28PHIWAS,Philadelphia vs Washington Winner?,Philadelphia,Philadelphia,8661745.0,2025-10-26 06:03:01.718858-07:00,2025-10-28 19:05:58.457868-07:00,,,,,,,,,,,,0.0,no supported template
kalshi,archive,KXNBAGAME-25OCT28PHIWAS-WAS,KXNBAGAME-25OCT28PHIWAS,Philadelphia vs Washington Winner?,Washington,Washington,3809275.0,2025-10-26 06:03:01.718858-07:00,2025-10-28 19:05:58.457868-07:00,,,,,,,,,,,,0.0,no supported template
kalshi,archive,KXNBAGAME-25OCT28SACOKC-OKC,KXNBAGAME-25OCT28SACOKC,Sacramento vs Oklahoma City Winner?,Oklahoma City,Oklahoma City,3777588.0,2025-10-26 06:03:03.446236-07:00,2025-10-28 19:30:11.030265-07:00,,,,,,,,,,,,0.0,no supported template
kalshi,archive,KXNBAGAME-25OCT29CLEBOS-CLE,KXNBAGAME-25OCT29CLEBOS,Cleveland vs Boston Winner?,Cleveland,Cleveland,4767966.0,2025-10-27 06:03:17.978923-07:00,2025-10-29 18:55:10.265996-07:00,,,,,,,,,,,,0.0,no supported template
kalshi,archive,KXNBAGAME-25OCT29LALMIN-LAL,KXNBAGAME-25OCT29LALMIN,Los Angeles L vs Minnesota Winner?,Los Angeles L,Los Angeles L,6026906.0,2025-10-27 09:03:22.675591-07:00,2025-10-29 21:19:54.089461-07:00,,,,,,,,,,,,0.0,no supported template
kalshi,archive,KXNBAGAME-25OCT29LALMIN-MIN,KXNBAGAME-25OCT29LALMIN,Los Angeles L vs Minnesota Winner?,Minnesota,Minnesota,4600596.0,2025-10-27 09:03:22.675591-07:00,2025-10-29 21:19:54.089461-07:00,,,,,,,,,,,,0.0,no supported template
kalshi,archive,KXNBAGAME-25OCT29MEMPHX-MEM,KXNBAGAME-25OCT29MEMPHX,Memphis vs Phoenix Winner?,Memphis,Memphis,4836615.0,2025-10-27 09:03:23.229276-07:00,2025-10-29 21:39:45.623344-07:00,,,,,,,,,,,,0.0,no supported template
kalshi,archive,KXNBAGAME-25OCT29MEMPHX-PHX,KXNBAGAME-25OCT29MEMPHX,Memphis vs Phoenix Winner?,Phoenix,Phoenix,3810330.0,2025-10-27 09:03:23.229276-07:00,2025-10-29 21:39:45.623344-07:00,,,,,,,,,,,,0.0,no supported template
kalshi,archive,KXNBAGAME-25OCT30GSWMIL-GSW,KXNBAGAME-25OCT30GSWMIL,Golden State vs Milwaukee Winner?,Golden State,Golden State,5211264.0,2025-10-28 06:02:02.292732-07:00,2025-10-30 20:00:09.967816-07:00,,,,,,,,,,,,0.0,no supported template
kalshi,archive,KXNBAGAME-25OCT30GSWMIL-MIL,KXNBAGAME-25OCT30GSWMIL,Golden State vs Milwaukee Winner?,Milwaukee,Milwaukee,4168523.0,2025-10-28 06:02:02.292732-07:00,2025-10-30 20:00:09.967816-07:00,,,,,,,,,,,,0.0,no supported template
kalshi,archive,KXNBAGAME-25OCT31BOSPHI-BOS,KXNBAGAME-25OCT31BOSPHI,Boston vs Philadelphia Winner?,Boston,Boston,4321101.0,2025-10-29 06:01:51.088236-07:00,2025-10-31 19:00:28.851247-07:00,,,,,,,,,,,,0.0,no supported template
kalshi,archive,KXNBAGAME-25OCT31BOSPHI-PHI,KXNBAGAME-25OCT31BOSPHI,Boston vs Philadelphia Winner?,Philadelphia,Philadelphia,7811196.0,2025-10-29 06:01:51.088236-07:00,2025-10-31 19:00:28.851247-07:00,,,,,,,,,,,,0.0,no supported template
kalshi,archive,KXNBAGAME-25OCT31DENPOR-DEN,KXNBAGAME-25OCT31DENPOR,Denver vs Portland Winner?,Denver,Denver,4377894.0,2025-10-29 08:08:19.255367-07:00,2025-10-31 22:04:57.114621-07:00,,,,,,,,,,,,0.0,no supported template
kalshi,archive,KXNBAGAME-25OCT31DENPOR-POR,KXNBAGAME-25OCT31DENPOR,Denver vs Portland Winner?,Portland,Portland,4143022.0,2025-10-29 08:08:19.255367-07:00,2025-10-31 22:04:57.114621-07:00,,,,,,,,,,,,0.0,no supported template
kalshi,archive,KXNBAGAME-25OCT31LALMEM-LAL,KXNBAGAME-25OCT31LALMEM,Los Angeles L vs Memphis Winner?,Los Angeles L,Los Angeles L,6023112.0,2025-10-29 08:08:13.979471-07:00,2025-10-31 21:20:16.553297-07:00,,,,,,,,,,,,0.0,no supported template
kalshi,archive,KXNBASERIES-25DENOKC-DEN,KXNBASERIES-25DENOKC,Denver vs Oklahoma City Series Winner?,Denver,Denver,18498098.0,2025-05-03 19:10:18.870077-07:00,2025-05-18 15:06:18.110183-07:00,,,,,,,,,,,,0.0,no supported template
kalshi,archive,KXNBASERIES-25DENOKC-OKC,KXNBASERIES-25DENOKC,Denver vs Oklahoma City Series Winner?,Oklahoma City,Oklahoma City,6620089.0,2025-05-03 19:10:18.870078-07:00,2025-05-18 15:06:18.110183-07:00,,,,,,,,,,,,0.0,no supported template
kalshi,archive,KXNBASERIES-25GSWHOU-GSW,KXNBASERIES-25GSWHOU,Golden State vs Houston Series Winner?,Golden State,Golden State,8813965.0,2025-04-18 12:04:23.500694-07:00,2025-05-04 20:10:37.851273-07:00,,,,,,,,,,,,0.0,no supported template
kalshi,archive,KXNBASERIES-25GSWHOU-HOU,KXNBASERIES-25GSWHOU,Golden State vs Houston Series Winner?,Houston,Houston,8192528.0,2025-04-18 12:04:23.500694-07:00,2025-05-04 20:10:37.851273-07:00,,,,,,,,,,,,0.0,no supported template
kalshi,archive,KXNBASERIES-25GSWMIN-GSW,KXNBASERIES-25GSWMIN,Golden State vs Minnesota Series Winner?,Golden State,Golden State,5991398.0,2025-05-04 20:20:17.592810-07:00,2025-05-14 21:23:55.029104-07:00,,,,,,,,,,,,0.0,no supported template
kalshi,archive,KXNBASERIES-25GSWMIN-MIN,KXNBASERIES-25GSWMIN,Golden State vs Minnesota Series Winner?,Minnesota,Minnesota,3768710.0,2025-05-04 20:20:17.592811-07:00,2025-05-14 21:23:55.029104-07:00,,,,,,,,,,,,0.0,no supported template
kalshi,archive,KXNBASERIES-25INDCLE-CLE,KXNBASERIES-25INDCLE,Indiana vs Cleveland Series Winner?,Cleveland,Cleveland,4827917.0,2025-05-01 21:30:20.989008-07:00,2025-05-13 18:46:30.904105-07:00,,,,,,,,,,,,0.0,no supported template
kalshi,archive,KXNBASERIES-25INDCLE-IND,KXNBASERIES-25INDCLE,Indiana vs Cleveland Series Winner?,Indiana,Indiana,6733363.0,2025-05-01 21:30:20.989007-07:00,2025-05-13 18:46:30.904105-07:00,,,,,,,,,,,,0.0,no supported template
kalshi,archive,KXNBASERIES-25LACDEN-DEN,KXNBASERIES-25LACDEN,Los Angeles C vs Denver Series Winner?,Denver,Denver,5373836.0,2025-04-17 20:56:56.279031-07:00,2025-05-03 19:00:58.585235-07:00,,,,,,,,,,,,0.0,no supported template
kalshi,archive,KXNBASERIES-25LACDEN-LAC,KXNBASERIES-25LACDEN,Los Angeles C vs Denver: Series Winner?,Los Angeles C,Los Angeles C,4259320.0,2025-04-17 20:56:56.279030-07:00,2025-05-03 19:00:58.585235-07:00,,,,,,,,,,,,0.0,no supported template
kalshi,archive,KXNBASERIES-25MINLAL-LAL,KXNBASERIES-25MINLAL,Minnesota vs Los Angeles L Series Winner?,Los Angeles L,Los Angeles L,4608778.0,2025-04-18 12:08:00.526857-07:00,2025-04-30 21:57:30.860713-07:00,,,,,,,,,,,,0.0,no supported template
kalshi,archive,KXNBASERIES-25NYKBOS-BOS,KXNBASERIES-25NYKBOS,New York vs Boston Series Winner?,Boston,Boston,7621494.0,2025-05-01 21:30:23.663213-07:00,2025-05-16 19:43:44.057345-07:00,,,,,,,,,,,,0.0,no supported template
kalshi,archive,KXNBASERIES-25NYKBOS-NYK,KXNBASERIES-25NYKBOS,New York vs Boston Series Winner?,New York,New York,10650409.0,2025-05-01 21:30:23.663213-07:00,2025-05-16 19:43:44.057345-07:00,,,,,,,,,,,,0.0,no supported template
kalshi,archive,KXNBAWEST-25-MIN,KXNBAWEST-25,Will the Minnesota Timberwolves win the NBA Western Conference Finals?,Minnesota,Minnesota,7081140.0,2025-01-22 11:57:45.862405-08:00,2025-05-28 20:07:49.865235-07:00,,,,,,,,,,,,0.0,no supported template
kalshi,archive,KXNBAWEST-25-OKC,KXNBAWEST-25,Will the Oklahoma City Thunder win the NBA Western Conference Finals?,Oklahoma City,Oklahoma City,5620383.0,2025-01-22 11:57:45.862406-08:00,2025-05-28 20:07:49.865235-07:00,,,,,,,,,,,,0.0,no supported template
kalshi,archive,KXNCAAFGAME-25AUG30ALAFSU-ALA,KXNCAAFGAME-25AUG30ALAFSU,Alabama vs Florida St. Winner?,Alabama,Alabama,7472375.0,2025-07-01 13:35:30.378212-07:00,2025-08-30 16:24:45.535660-07:00,,,,,,,,,,,,0.0,no supported template
kalshi,archive,KXNCAAFGAME-25AUG30ALAFSU-FSU,KXNCAAFGAME-25AUG30ALAFSU,Alabama vs Florida St. Winner?,Florida St.,Florida St.,6548081.0,2025-07-01 13:35:30.378212-07:00,2025-08-30 16:24:45.535660-07:00,,,,,,,,,,,,0.0,no supported template
kalshi,archive,KXNCAAFGAME-25AUG30LSUCLEM-CLEM,KXNCAAFGAME-25AUG30LSUCLEM,LSU vs Clemson Winner?,Clemson,Clemson,6957987.0,2025-07-01 13:39:47.161090-07:00,2025-08-30 20:24:58.149681-07:00,,,,,,,,,,,,0.0,no supported template
kalshi,archive,KXNCAAFGAME-25AUG30LSUCLEM-LSU,KXNCAAFGAME-25AUG30LSUCLEM,LSU vs Clemson Winner?,LSU,LSU,8553793.0,2025-07-01 13:39:47.161090-07:00,2025-08-30 20:24:58.149681-07:00,,,,,,,,,,,,0.0,no supported template
kalshi,archive,KXNCAAFGAME-25AUG30TEXOSU-OSU,KXNCAAFGAME-25AUG30TEXOSU,Texas vs Ohio St. Winner?,Ohio St.,Ohio St.,5631598.0,2025-07-01 13:32:20.665268-07:00,2025-08-30 12:33:55.874264-07:00,,,,,,,,,,,,0.0,no supported template
kalshi,archive,KXNCAAFGAME-25AUG30TEXOSU-TEX,KXNCAAFGAME-25AUG30TEXOSU,Texas vs Ohio St. Winner?,Texas,Texas,8817334.0,2025-07-01 13:32:20.665268-07:00,2025-08-30 12:33:55.874264-07:00,,,,,,,,,,,,0.0,no supported template
kalshi,archive,KXNCAAFGAME-25AUG31NDMIA-MIA,KXNCAAFGAME-25AUG31NDMIA,Notre Dame vs Miami (FL) Winner?,Miami (FL),Miami (FL),9026288.0,2025-07-01 13:42:39.085215-07:00,2025-08-31 20:15:12.720111-07:00,,,,,,,,,,,,0.0,no supported template
kalshi,archive,KXNCAAFGAME-25AUG31NDMIA-ND,KXNCAAFGAME-25AUG31NDMIA,Notre Dame vs Miami (FL) Winner?,Notre Dame,Notre Dame,10971964.0,2025-07-01 13:42:39.085216-07:00,2025-08-31 20:15:12.720111-07:00,,,,,,,,,,,,0.0,no supported template
kalshi,archive,KXNCAAFGAME-25AUG31VTSCAR-SCAR,KXNCAAFGAME-25AUG31VTSCAR,Virginia Tech vs South Carolina Winner?,South Carolina,South Carolina,6070533.0,2025-07-01 13:42:32.138712-07:00,2025-08-31 15:47:26.869861-07:00,,,,,,,,,,,,0.0,no supported template
kalshi,archive,KXNCAAFGAME-25NOV01ASUISU-ASU,KXNCAAFGAME-25NOV01ASUISU,Arizona St. at Iowa St. Winner?,Arizona St.,Arizona St.,4460511.0,2025-10-17 13:10:38.858925-07:00,2025-11-01 13:42:32.457306-07:00,,,,,,,,,,,,0.0,no supported template
kalshi,archive,KXNCAAFGAME-25NOV01CINUTAH-CIN,KXNCAAFGAME-25NOV01CINUTAH,Cincinnati at Utah Winner?,Cincinnati,Cincinnati,6479023.0,2025-10-17 13:10:28.940393-07:00,2025-11-01 22:54:54.957692-07:00,,,,,,,,,,,,0.0,no supported template
kalshi,archive,KXNCAAFGAME-25NOV01DUKECLEM-CLEM,KXNCAAFGAME-25NOV01DUKECLEM,Duke at Clemson Winner?,Clemson,Clemson,3939232.0,2025-10-17 13:10:36.071576-07:00,2025-11-01 12:44:36.522505-07:00,,,,,,,,,,,,0.0,no supported template
kalshi,archive,KXNCAAFGAME-25NOV01DUKECLEM-DUKE,KXNCAAFGAME-25NOV01DUKECLEM,Duke at Clemson Winner?,Duke,Duke,4553590.0,2025-10-17 13:10:36.071576-07:00,2025-11-01 12:44:36.522505-07:00,,,,,,,,,,,,0.0,no supported template
kalshi,archive,KXNCAAFGAME-25NOV01GTNCST-GT,KXNCAAFGAME-25NOV01GTNCST,Georgia Tech at North Carolina St. Winner?,Georgia Tech,Georgia Tech,6877466.0,2025-10-17 13:10:43.329978-07:00,2025-11-01 20:05:28.877871-07:00,,,,,,,,,,,,0.0,no supported template
kalshi,archive,KXNCAAFGAME-25NOV01HAWSJSU-HAW,KXNCAAFGAME-25NOV01HAWSJSU,Hawai'i at San Jose St. Winner?,Hawai'i,Hawai'i,4140675.0,2025-10-17 13:11:25.043247-07:00,2025-11-01 23:24:52.032038-07:00,,,,,,,,,,,,0.0,no supported template
kalshi,archive,KXNCAAFGAME-25NOV01MIASMU-MIA,KXNCAAFGAME-25NOV01MIASMU,Miami (FL) at SMU Winner?,Miami (FL),Miami (FL),5290483.0,2025-10-17 13:10:50.252852-07:00,2025-11-01 13:03:10.714951-07:00,,,,,,,,,,,,0.0,no supported template
kalshi,archive,KXNCAAFGAME-25NOV01MIASMU-SMU,KXNCAAFGAME-25NOV01MIASMU,Miami (FL) at SMU Winner?,SMU,SMU,4793949.0,2025-10-17 13:10:50.252852-07:00,2025-11-01 13:03:10.714951-07:00,,,,,,,,,,,,0.0,no supported template
kalshi,archive,KXNCAAFGAME-25NOV01MSSTARK-MSST,KXNCAAFGAME-25NOV01MSSTARK,Mississippi St. at Arkansas Winner?,Mississippi St.,Mississippi St.,3817627.0,2025-10-17 13:10:19.412773-07:00,2025-11-01 16:51:17.695715-07:00,,,,,,,,,,,,0.0,no supported template
kalshi,archive,KXNCAAFGAME-25NOV01OKLATENN-OKLA,KXNCAAFGAME-25NOV01OKLATENN,Oklahoma at Tennessee Winner?,Oklahoma,Oklahoma,6321272.0,2025-10-17 13:10:23.830637-07:00,2025-11-01 20:35:08.745714-07:00,,,,,,,,,,,,0.0,no supported template
kalshi,archive,KXNCAAFGAME-25NOV01OKLATENN-TENN,KXNCAAFGAME-25NOV01OKLATENN,Oklahoma at Tennessee Winner?,Tennessee,Tennessee,6691739.0,2025-10-17 13:10:23.830637-07:00,2025-11-01 20:35:08.745714-07:00,,,,,,,,,,,,0.0,no supported template
kalshi,archive,KXNCAAFGAME-25NOV01PSUOSU-PSU,KXNCAAFGAME-25NOV01PSUOSU,Penn St. at Ohio St. Winner?,Penn St.,Penn St.,4669594.0,2025-10-17 13:10:37.239580-07:00,2025-11-01 12:12:55.499464-07:00,,,,,,,,,,,,0.0,no supported template
kalshi,archive,KXNCAAFGAME-25NOV01UGAFLA-FLA,KXNCAAFGAME-25NOV01UGAFLA,Georgia at Florida Winner?,Florida,Florida,6144718.0,2025-10-17 13:11:05.742150-07:00,2025-11-01 16:16:20.026980-07:00,,,,,,,,,,,,0.0,no supported template
kalshi,archive,KXNCAAFGAME-25NOV01UGAFLA-UGA,KXNCAAFGAME-25NOV01UGAFLA,Georgia at Florida Winner?,Georgia,Georgia,10530396.0,2025-10-17 13:11:05.742150-07:00,2025-11-01 16:16:20.026980-07:00,,,,,,,,,,,,0.0,no supported template
kalshi,archive,KXNCAAFGAME-25NOV01VANTEX-TEX,KXNCAAFGAME-25NOV01VANTEX,Vanderbilt at Texas Winner?,Texas,Texas,4865814.0,2025-10-17 13:10:16.710026-07:00,2025-11-01 12:38:18.617305-07:00,,,,,,,,,,,,0.0,no supported template
kalshi,archive,KXNCAAFGAME-25NOV01VANTEX-VAN,KXNCAAFGAME-25NOV01VANTEX,Vanderbilt at Texas Winner?,Vanderbilt,Vanderbilt,7732104.0,2025-10-17 13:10:16.710026-07:00,2025-11-01 12:38:18.617305-07:00,,,,,,,,,,,,0.0,no supported template
kalshi,archive,KXNCAAFGAME-25NOV01WVUHOU-HOU,KXNCAAFGAME-25NOV01WVUHOU,West Virginia at Houston Winner?,Houston,Houston,4940614.0,2025-10-17 13:10:49.665554-07:00,2025-11-01 12:32:52.948604-07:00,,,,,,,,,,,,0.0,no supported template
kalshi,archive,KXNCAAFGAME-25NOV01WVUHOU-WVU,KXNCAAFGAME-25NOV01WVUHOU,West Virginia at Houston Winner?,West Virginia,West Virginia,4423240.0,2025-10-17 13:10:49.665554-07:00,2025-11-01 12:32:52.948604-07:00,,,,,,,,,,,,0.0,no supported template
kalshi,archive,KXNCAAFGAME-25NOV05KENTBALL-BALL,KXNCAAFGAME-25NOV05KENTBALL,Kent St. at Ball St. Winner?,Ball St.,Ball St.,4165339.0,2025-10-31 08:10:09.203668-07:00,2025-11-05 19:10:48.120081-08:00,,,,,,,,,,,,0.0,no supported template
kalshi,archive,KXNCAAFGAME-25NOV06GASOAPP-APP,KXNCAAFGAME-25NOV06GASOAPP,Georgia Southern at Appalachian St. Winner?,Appalachian St.,Appalachian St.,3732291.0,2025-10-31 08:10:09.220822-07:00,2025-11-06 20:50:30.316158-08:00,,,,,,,,,,,,0.0,no supported template
kalshi,archive,KXNCAAFGAME-25NOV06GASOAPP-GASO,KXNCAAFGAME-25NOV06GASOAPP,Georgia Southern at Appalachian St. Winner?,Georgia Southern,Georgia Southern,5605816.0,2025-10-31 08:10:09.220822-07:00,2025-11-06 20:50:30.316158-08:00,,,,,,,,,,,,0.0,no supported template
kalshi,archive,KXNCAAFGAME-25NOV07HOUUCF-HOU,KXNCAAFGAME-25NOV07HOUUCF,Houston at UCF Winner?,Houston,Houston,9827085.0,2025-10-31 08:10:10.364558-07:00,2025-11-07 20:49:34.191733-08:00,,,,,,,,,,,,0.0,no supported template
kalshi,archive,KXNCAAFGAME-25NOV07HOUUCF-UCF,KXNCAAFGAME-25NOV07HOUUCF,Houston at UCF Winner?,UCF,UCF,4511483.0,2025-10-31 08:10:10.364558-07:00,2025-11-07 20:49:34.191733-08:00,,,,,,,,,,,,0.0,no supported template
kalshi,archive,KXNCAAFGAME-25NOV07TULNMEM-MEM,KXNCAAFGAME-25NOV07TULNMEM,Tulane at Memphis Winner?,Memphis,Memphis,8248665.0,2025-10-31 08:10:11.888059-07:00,2025-11-07 21:39:33.673987-08:00,,,,,,,,,,,,0.0,no supported template
kalshi,archive,KXNCAAFGAME-25NOV07TULNMEM-TULN,KXNCAAFGAME-25NOV07TULNMEM,Tulane at Memphis Winner?,Tulane,Tulane,6197934.0,2025-10-31 08:10:11.888059-07:00,2025-11-07 21:39:33.673987-08:00,,,,,,,,,,,,0.0,no supported template
kalshi,archive,KXNCAAFGAME-25NOV08AUBVAN-AUB,KXNCAAFGAME-25NOV08AUBVAN,Auburn at Vanderbilt Winner?,Auburn,Auburn,5060298.0,2025-10-31 08:10:54.948199-07:00,2025-11-08 17:04:56.688384-08:00,,,,,,,,,,,,0.0,no supported template
kalshi,archive,KXNCAAFGAME-25NOV08AUBVAN-VAN,KXNCAAFGAME-25NOV08AUBVAN,Auburn at Vanderbilt Winner?,Vanderbilt,Vanderbilt,7779901.0,2025-10-31 08:10:54.948199-07:00,2025-11-08 17:04:56.688384-08:00,,,,,,,,,,,,0.0,no supported template
kalshi,archive,KXNCAAFGAME-25NOV08BYUTTU-BYU,KXNCAAFGAME-25NOV08BYUTTU,BYU at Texas Tech Winner?,BYU,BYU,8964088.0,2025-10-31 08:10:17.996811-07:00,2025-11-08 12:35:52.334972-08:00,,,,,,,,,,,,0.0,no supported template
kalshi,archive,KXNCAAFGAME-25NOV08CALLOU-CAL,KXNCAAFGAME-25NOV08CALLOU,California at Louisville Winner?,California,California,5990089.0,2025-10-31 08:11:00.480631-07:00,2025-11-08 19:49:39.308095-08:00,,,,,,,,,,,,0.0,no supported template
kalshi,archive,KXNCAAFGAME-25NOV08CALLOU-LOU,KXNCAAFGAME-25NOV08CALLOU,California at Louisville Winner?,Louisville,Louisville,4508531.0,2025-10-31 08:11:00.480631-07:00,2025-11-08 19:49:39.308095-08:00,,,,,,,,,,,,0.0,no supported template
kalshi,archive,KXNCAAFGAME-25NOV08INDPSU-IND,KXNCAAFGAME-25NOV08INDPSU,Indiana at Penn St. Winner?,Indiana,Indiana,12651476.0,2025-10-31 08:10:31.123366-07:00,2025-11-08 12:40:44.777432-08:00,,,,,,,,,,,,0.0,no supported template
kalshi,archive,KXNCAAFGAME-25NOV08INDPSU-PSU,KXNCAAFGAME-25NOV08INDPSU,Indiana at Penn St. Winner?,Penn St.,Penn St.,9610995.0,2025-10-31 08:10:31.123366-07:00,2025-11-08 12:40:44.777432-08:00,,,,,,,,,,,,0.0,no supported template
kalshi,archive,KXNCAAFGAME-25NOV08LSUALA-ALA,KXNCAAFGAME-25NOV08LSUALA,LSU at Alabama Winner?,Alabama,Alabama,5108910.0,2025-10-31 08:11:01.869839-07:00,2025-11-08 20:04:31.787125-08:00,,,,,,,,,,,,0.0,no supported template
kalshi,archive,KXNCAAFGAME-25NOV08NEBUCLA-UCLA,KXNCAAFGAME-25NOV08NEBUCLA,Nebraska at UCLA Winner?,UCLA,UCLA,3729553.0,2025-10-31 08:10:23.275731-07:00,2025-11-08 21:29:33.017957-08:00,,,,,,,,,,,,0.0,no supported template
kalshi,archive,KXNCAAFGAME-25NOV08OREIOWA-IOWA,KXNCAAFGAME-25NOV08OREIOWA,Oregon at Iowa Winner?,Iowa,Iowa,5951744.0,2025-10-31 08:10:22.889637-07:00,2025-11-08 16:12:53.065675-08:00,,,,,,,,,,,,0.0,no supported template
kalshi,archive,KXNCAAFGAME-25NOV08OREIOWA-ORE,KXNCAAFGAME-25NOV08OREIOWA,Oregon at Iowa Winner?,Oregon,Oregon,6307925.0,2025-10-31 08:10:22.889637-07:00,2025-11-08 16:12:53.065675-08:00,,,,,,,,,,,,0.0,no supported template
kalshi,archive,KXNCAAFGAME-25NOV08SHSUORST-SHSU,KXNCAAFGAME-25NOV08SHSUORST,Sam Houston at Oregon St. Winner?,Sam Houston,Sam Houston,4329737.0,2025-10-31 08:11:02.959444-07:00,2025-11-08 22:34:30.024457-08:00,,,,,,,,,,,,0.0,no supported template
kalshi,archive,KXNCAAFGAME-25NOV08WAKEUVA-UVA,KXNCAAFGAME-25NOV08WAKEUVA,Wake Forest at Virginia Winner?,Virginia,Virginia,5632979.0,2025-10-31 08:11:05.930682-07:00,2025-11-08 19:24:46.436603-08:00,,,,,,,,,,,,0.0,no supported template
kalshi,archive,KXNCAAFGAME-25NOV11KENTAKR-AKR,KXNCAAFGAME-25NOV11KENTAKR,Kent St. at Akron Winner?,Akron,Akron,5336663.0,2025-11-02 18:31:42.057666-08:00,2025-11-11 20:19:32.100618-08:00,,,,,,,,,,,,0.0,no supported template
kalshi,archive,KXNCAAFGAME-25NOV11KENTAKR-KENT,KXNCAAFGAME-25NOV11KENTAKR,Kent St. at Akron Winner?,Kent St.,Kent St.,6813331.0,2025-11-02 18:31:42.057666-08:00,2025-11-11 20:19:32.100618-08:00,,,,,,,,,,,,0.0,no supported template
kalshi,archive,KXNCAAFGAME-25NOV14CLEMLOU-CLEM,KXNCAAFGAME-25NOV14CLEMLOU,Clemson at Louisville Winner?,Clemson,Clemson,9252054.0,2025-11-02 18:31:51.764709-08:00,2025-11-14 20:16:32.424702-08:00,,,,,,,,,,,,0.0,no supported template
kalshi,archive,KXNCAAFGAME-25NOV14CLEMLOU-LOU,KXNCAAFGAME-25NOV14CLEMLOU,Clemson at Louisville Winner?,Louisville,Louisville,12126409.0,2025-11-02 18:31:51.764709-08:00,2025-11-14 20:16:32.424702-08:00,,,,,,,,,,,,0.0,no supported template
kalshi,archive,KXNCAAFGAME-25NOV15ARKLSU-LSU,KXNCAAFGAME-25NOV15ARKLSU,Arkansas at LSU Winner?,LSU,LSU,3996282.0,2025-11-02 18:33:04.476266-08:00,2025-11-15 13:15:09.701390-08:00,,,,,,,,,,,,0.0,no supported template
kalshi,archive,KXNCAAFGAME-25NOV15FLAMISS-FLA,KXNCAAFGAME-25NOV15FLAMISS,Florida at Ole Miss Winner?,Florida,Florida,4218409.0,2025-11-02 18:32:48.542989-08:00,2025-11-15 19:35:02.297610-08:00,,,,,,,,,,,,0.0,no supported template
kalshi,archive,KXNCAAFGAME-25NOV15FLAMISS-MISS,KXNCAAFGAME-25NOV15FLAMISS,Florida at Ole Miss Winner?,Ole Miss,Ole Miss,5582164.0,2025-11-02 18:32:48.542989-08:00,2025-11-15 19:35:02.297610-08:00,,,,,,,,,,,,0.0,no supported template
kalshi,archive,KXNCAAFGAME-25NOV15IOWAUSC-IOWA,KXNCAAFGAME-25NOV15IOWAUSC,Iowa at USC Winner?,Iowa,Iowa,3869687.0,2025-11-02 18:32:54.386433-08:00,2025-11-15 15:40:44.449197-08:00,,,,,,,,,,,,0.0,no supported template
kalshi,archive,KXNCAAFGAME-25NOV15IOWAUSC-USC,KXNCAAFGAME-25NOV15IOWAUSC,Iowa at USC Winner?,USC,USC,4337902.0,2025-11-02 18:32:54.386433-08:00,2025-11-15 15:40:44.449197-08:00,,,,,,,,,,,,0.0,no supported template
kalshi,archive,KXNCAAFGAME-25NOV15MICHNW-MICH,KXNCAAFGAME-25NOV15MICHNW,Michigan at Northwestern Winner?,Michigan,Michigan,4241205.0,2025-11-02 18:32:35.580201-08:00,2025-11-15 12:58:24.613853-08:00,,,,,,,,,,,,0.0,no supported template
kalshi,archive,KXNCAAFGAME-25NOV15MICHNW-NW,KXNCAAFGAME-25NOV15MICHNW,Michigan at Northwestern Winner?,Northwestern,Northwestern,3836741.0,2025-11-02 18:32:35.580201-08:00,2025-11-15 12:58:24.613853-08:00,,,,,,,,,,,,0.0,no supported template
kalshi,archive,KXNCAAFGAME-25NOV15OKLAALA-ALA,KXNCAAFGAME-25NOV15OKLAALA,Oklahoma at Alabama Winner?,Alabama,Alabama,12264042.0,2025-11-02 18:32:44.134203-08:00,2025-11-15 16:35:30.998064-08:00,,,,,,,,,,,,0.0,no supported template
kalshi,archive,KXNCAAFGAME-25NOV15OKLAALA-OKLA,KXNCAAFGAME-25NOV15OKLAALA,Oklahoma at Alabama Winner?,Oklahoma,Oklahoma,5825632.0,2025-11-02 18:32:44.134203-08:00,2025-11-15 16:35:30.998064-08:00,,,,,,,,,,,,0.0,no supported template
kalshi,archive,KXNCAAFGAME-25NOV15SCARTXAM-SCAR,KXNCAAFGAME-25NOV15SCARTXAM,South Carolina at Texas A&M Winner?,South Carolina,South Carolina,10259897.0,2025-11-02 18:32:42.390719-08:00,2025-11-15 12:40:34.165308-08:00,,,,,,,,,,,,0.0,no supported template
kalshi,archive,KXNCAAFGAME-25NOV15SCARTXAM-TXAM,KXNCAAFGAME-25NOV15SCARTXAM,South Carolina at Texas A&M Winner?,Texas A&M,Texas A&M,14165411.0,2025-11-02 18:32:42.390719-08:00,2025-11-15 12:40:34.165308-08:00,,,,,,,,,,,,0.0,no supported template
kalshi,archive,KXNCAAFGAME-25NOV15TCUBYU-BYU,KXNCAAFGAME-25NOV15TCUBYU,TCU at BYU Winner?,BYU,BYU,5337303.0,2025-11-02 18:32:50.178555-08:00,2025-11-15 22:39:33.050853-08:00,,,,,,,,,,,,0.0,no supported template
kalshi,archive,KXNCAAFGAME-25NOV15TEXUGA-TEX,KXNCAAFGAME-25NOV15TEXUGA,Texas at Georgia Winner?,Texas,Texas,6460214.0,2025-11-02 18:32:56.533228-08:00,2025-11-15 20:09:46.885471-08:00,,,,,,,,,,,,0.0,no supported template
kalshi,archive,KXNCAAFGAME-25NOV15TEXUGA-UGA,KXNCAAFGAME-25NOV15TEXUGA,Texas at Georgia Winner?,Georgia,Georgia,5972496.0,2025-11-02 18:32:56.533228-08:00,2025-11-15 20:09:46.885471-08:00,,,,,,,,,,,,0.0,no supported template
kalshi,archive,KXNCAAFGAME-25NOV15USFNAVY-NAVY,KXNCAAFGAME-25NOV15USFNAVY,South Florida at Navy Winner?,Navy,Navy,3894226.0,2025-11-02 18:32:01.880769-08:00,2025-11-15 12:46:07.967509-08:00,,,,,,,,,,,,0.0,no supported template
kalshi,archive,KXNCAAFGAME-25NOV18AKRBGSU-AKR,KXNCAAFGAME-25NOV18AKRBGSU,Akron at Bowling Green Winner?,Akron,Akron,3729967.0,2025-11-09 18:12:18.042287-08:00,2025-11-18 19:39:45.127286-08:00,,,,,,,,,,,,0.0,no supported template
kalshi,archive,KXNCAAFGAME-25NOV19MOHBUFF-BUFF,KXNCAAFGAME-25NOV19MOHBUFF,Miami (OH) at Buffalo Winner?,Buffalo,Buffalo,4390391.0,2025-11-17 19:17:54.575605-08:00,2025-11-19 19:44:54.457820-08:00,,,,,,,,,,,,0.0,no supported template
kalshi,archive,KXNCAAFGAME-25NOV19MOHBUFF-MOH,KXNCAAFGAME-25NOV19MOHBUFF,Miami (OH) at Buffalo Winner?,Miami (OH),Miami (OH),3839458.0,2025-11-17 19:17:54.575605-08:00,2025-11-19 19:44:54.457820-08:00,,,,,,,,,,,,0.0,no supported template
kalshi,archive,KXNCAAFGAME-25NOV20ULLARST-ARST,KXNCAAFGAME-25NOV20ULLARST,Louisiana at Arkansas St. Winner?,Arkansas St.,Arkansas St.,3791539.0,2025-11-09 18:12:23.141006-08:00,2025-11-20 20:24:41.836076-08:00,,,,,,,,,,,,0.0,no supported template
kalshi,archive,KXNCAAFGAME-25NOV21FSUNCST-FSU,KXNCAAFGAME-25NOV21FSUNCST,Florida St. at North Carolina St. Winner?,Florida St.,Florida St.,6205114.0,2025-11-09 18:12:25.072384-08:00,2025-11-21 20:29:55.778658-08:00,,,,,,,,,,,,0.0,no supported template
kalshi,archive,KXNCAAFGAME-25NOV21FSUNCST-NCST,KXNCAAFGAME-25NOV21FSUNCST,Florida St. at North Carolina St. Winner?,North Carolina St.,North Carolina St.,7265443.0,2025-11-09 18:12:25.072384-08:00,2025-11-21 20:29:55.778658-08:00,,,,,,,,,,,,0.0,no supported template
kalshi,archive,KXNCAAFGAME-25NOV21HAWUNLV-UNLV,KXNCAAFGAME-25NOV21HAWUNLV,Hawai'i at UNLV Winner?,UNLV,UNLV,4853228.0,2025-11-09 18:12:27.028875-08:00,2025-11-21 22:49:42.346331-08:00,,,,,,,,,,,,0.0,no supported template
kalshi,archive,KXNCAAFGAME-25NOV22BYUCIN-BYU,KXNCAAFGAME-25NOV22BYUCIN,BYU at Cincinnati Winner?,BYU,BYU,7002429.0,2025-11-10 07:52:01.817512-08:00,2025-11-22 20:34:42.390065-08:00,,,,,,,,,,,,0.0,no supported template
kalshi,archive,KXNCAAFGAME-25NOV22KSUUTAH-KSU,KXNCAAFGAME-25NOV22KSUUTAH,Kansas St. at Utah Winner?,Kansas St.,Kansas St.,3975813.0,2025-11-10 07:52:24.688171-08:00,2025-11-22 16:55:13.525611-08:00,,,,,,,,,,,,0.0,no supported template
kalshi,archive,KXNCAAFGAME-25NOV22KSUUTAH-UTAH,KXNCAAFGAME-25NOV22KSUUTAH,Kansas St. at Utah Winner?,Utah,Utah,4723326.0,2025-11-10 07:52:24.688171-08:00,2025-11-22 16:55:13.525611-08:00,,,,,,,,,,,,0.0,no supported template
kalshi,archive,KXNCAAFGAME-25NOV22MINNNW-NW,KXNCAAFGAME-25NOV22MINNNW,Minnesota at Northwestern Winner?,Northwestern,Northwestern,3828088.0,2025-11-10 07:52:39.737727-08:00,2025-11-22 12:26:35.187588-08:00,,,,,,,,,,,,0.0,no supported template
kalshi,archive,KXNCAAFGAME-25NOV22MIZZOKLA-OKLA,KXNCAAFGAME-25NOV22MIZZOKLA,Missouri at Oklahoma Winner?,Oklahoma,Oklahoma,7600228.0,2025-11-09 18:12:36.298306-08:00,2025-11-22 12:41:56.585275-08:00,,,,,,,,,,,,0.0,no supported template
kalshi,archive,KXNCAAFGAME-25NOV22PITTGT-GT,KXNCAAFGAME-25NOV22PITTGT,Pittsburgh at Georgia Tech Winner?,Georgia Tech,Georgia Tech,9444944.0,2025-11-10 07:52:23.227508-08:00,2025-11-22 19:45:03.538093-08:00,,,,,,,,,,,,0.0,no supported template
kalshi,archive,KXNCAAFGAME-25NOV22PITTGT-PITT,KXNCAAFGAME-25NOV22PITTGT,Pittsburgh at Georgia Tech Winner?,Pittsburgh,Pittsburgh,4621949.0,2025-11-10 07:52:23.227508-08:00,2025-11-22 19:45:03.538093-08:00,,,,,,,,,,,,0.0,no supported template
kalshi,archive,KXNCAAFGAME-25NOV22USCORE-ORE,KXNCAAFGAME-25NOV22USCORE,USC at Oregon Winner?,Oregon,Oregon,3749933.0,2025-11-10 07:52:00.455661-08:00,2025-11-22 16:35:19.377684-08:00,,,,,,,,,,,,0.0,no supported template
kalshi,archive,KXNCAAFGAME-25NOV22USCORE-USC,KXNCAAFGAME-25NOV22USCORE,USC at Oregon Winner?,USC,USC,5487642.0,2025-11-10 07:52:00.455661-08:00,2025-11-22 16:35:19.377684-08:00,,,,,,,,,,,,0.0,no supported template
kalshi,archive,KXNCAAFGAME-25NOV22USUFRES-FRES,KXNCAAFGAME-25NOV22USUFRES,Utah St. at Fresno St. Winner?,Fresno St.,Fresno St.,4797238.0,2025-11-09 18:13:43.230196-08:00,2025-11-22 22:59:51.736579-08:00,,,,,,,,,,,,0.0,no supported template
kalshi,archive,KXNCAAFGAME-25OCT03WVUBYU-BYU,KXNCAAFGAME-25OCT03WVUBYU,West Virginia at BYU Winner?,BYU,BYU,4088396.0,2025-09-26 14:51:13.531597-07:00,2025-10-03 22:59:54.795461-07:00,,,,,,,,,,,,0.0,no supported template
kalshi,archive,KXNCAAFGAME-25OCT03WVUBYU-WVU,KXNCAAFGAME-25OCT03WVUBYU,West Virginia at BYU Winner?,West Virginia,West Virginia,8591694.0,2025-09-26 14:51:13.531597-07:00,2025-10-03 22:59:54.795461-07:00,,,,,,,,,,,,0.0,no supported template
kalshi,archive,KXNCAAFGAME-25OCT04COLOTCU-COLO,KXNCAAFGAME-25OCT04COLOTCU,Colorado at TCU Winner?,Colorado,Colorado,5851619.0,2025-09-26 14:51:36.328835-07:00,2025-10-04 20:19:46.674335-07:00,,,,,,,,,,,,0.0,no supported template
kalshi,archive,KXNCAAFGAME-25OCT04COLOTCU-TCU,KXNCAAFGAME-25OCT04COLOTCU,Colorado at TCU Winner?,TCU,TCU,4103436.0,2025-09-26 14:51:36.328835-07:00,2025-10-04 20:19:46.674335-07:00,,,,,,,,,,,,0.0,no supported template
kalshi,archive,KXNCAAFGAME-25OCT04DUKECAL-CAL,KXNCAAFGAME-25OCT04DUKECAL,Duke at California Winner?,California,California,9012531.0,2025-09-26 14:51:37.886886-07:00,2025-10-04 22:59:48.405555-07:00,,,,,,,,,,,,0.0,no supported template
kalshi,archive,KXNCAAFGAME-25OCT04DUKECAL-DUKE,KXNCAAFGAME-25OCT04DUKECAL,Duke at California Winner?,Duke,Duke,8461568.0,2025-09-26 14:51:37.886886-07:00,2025-10-04 22:59:48.405555-07:00,,,,,,,,,,,,0.0,no supported template
kalshi,archive,KXNCAAFGAME-25OCT04ISUCIN-CIN,KXNCAAFGAME-25OCT04ISUCIN,Iowa St. at Cincinnati Winner?,Cincinnati,Cincinnati,7104935.0,2025-09-26 14:51:14.578898-07:00,2025-10-04 12:55:12.514292-07:00,,,,,,,,,,,,0.0,no supported template
kalshi,archive,KXNCAAFGAME-25OCT04ISUCIN-ISU,KXNCAAFGAME-25OCT04ISUCIN,Iowa St. at Cincinnati Winner?,Iowa St.,Iowa St.,12855694.0,2025-09-26 14:51:14.578898-07:00,2025-10-04 12:55:12.514292-07:00,,,,,,,,,,,,0.0,no supported template
kalshi,archive,KXNCAAFGAME-25OCT04KSUBAY-BAY,KXNCAAFGAME-25OCT04KSUBAY,Kansas St. at Baylor Winner?,Baylor,Baylor,5822999.0,2025-09-26 14:51:14.123401-07:00,2025-10-04 12:43:37.026800-07:00,,,,,,,,,,,,0.0,no supported template
kalshi,archive,KXNCAAFGAME-25OCT04KSUBAY-KSU,KXNCAAFGAME-25OCT04KSUBAY,Kansas St. at Baylor Winner?,Kansas St.,Kansas St.,4451412.0,2025-09-26 14:51:14.123401-07:00,2025-10-04 12:43:37.026800-07:00,,,,,,,,,,,,0.0,no supported template
kalshi,archive,KXNCAAFGAME-25OCT04KUUCF-KU,KXNCAAFGAME-25OCT04KUUCF,Kansas at UCF Winner?,Kansas,Kansas,4644362.0,2025-09-26 14:51:34.435619-07:00,2025-10-04 20:04:46.853099-07:00,,,,,,,,,,,,0.0,no supported template
kalshi,archive,KXNCAAFGAME-25OCT04KUUCF-UCF,KXNCAAFGAME-25OCT04KUUCF,Kansas at UCF Winner?,UCF,UCF,4952644.0,2025-09-26 14:51:34.435619-07:00,2025-10-04 20:04:46.853099-07:00,,,,,,,,,,,,0.0,no supported template
kalshi,archive,KXNCAAFGAME-25OCT04MIAFSU-FSU,KXNCAAFGAME-25OCT04MIAFSU,Miami (FL) at Florida St. Winner?,Florida St.,Florida St.,5903851.0,2025-09-26 14:51:35.824655-07:00,2025-10-04 20:19:46.610799-07:00,,,,,,,,,,,,0.0,no supported template
kalshi,archive,KXNCAAFGAME-25OCT04MIAFSU-MIA,KXNCAAFGAME-25OCT04MIAFSU,Miami (FL) at Florida St. Winner?,Miami (FL),Miami (FL),8398175.0,2025-09-26 14:51:35.824655-07:00,2025-10-04 20:19:46.610799-07:00,,,,,,,,,,,,0.0,no supported template
kalshi,archive,KXNCAAFGAME-25OCT04MSSTTXAM-MSST,KXNCAAFGAME-25OCT04MSSTTXAM,Mississippi St. at Texas A&M Winner?,Mississippi St.,Mississippi St.,3827162.0,2025-09-26 14:51:35.393049-07:00,2025-10-04 19:54:48.105134-07:00,,,,,,,,,,,,0.0,no supported template
kalshi,archive,KXNCAAFGAME-25OCT04PSUUCLA-PSU,KXNCAAFGAME-25OCT04PSUUCLA,Penn St. at UCLA Winner?,Penn St.,Penn St.,7640737.0,2025-09-26 14:51:26.299953-07:00,2025-10-04 16:00:30.388761-07:00,,,,,,,,,,,,0.0,no supported template
kalshi,archive,KXNCAAFGAME-25OCT04PSUUCLA-UCLA,KXNCAAFGAME-25OCT04PSUUCLA,Penn St. at UCLA Winner?,UCLA,UCLA,10240872.0,2025-09-26 14:51:26.299953-07:00,2025-10-04 16:00:30.388761-07:00,,,,,,,,,,,,0.0,no supported template
kalshi,archive,KXNCAAFGAME-25OCT04TEXFLA-FLA,KXNCAAFGAME-25OCT04TEXFLA,Texas at Florida Winner?,Florida,Florida,5598355.0,2025-09-26 14:51:25.325931-07:00,2025-10-04 16:10:05.514363-07:00,,,,,,,,,,,,0.0,no supported template
kalshi,archive,KXNCAAFGAME-25OCT04TEXFLA-TEX,KXNCAAFGAME-25OCT04TEXFLA,Texas at Florida Winner?,Texas,Texas,12348289.0,2025-09-26 14:51:25.325931-07:00,2025-10-04 16:10:05.514363-07:00,,,,,,,,,,,,0.0,no supported template
kalshi,archive,KXNCAAFGAME-25OCT04TTUHOU-HOU,KXNCAAFGAME-25OCT04TTUHOU,Texas Tech at Houston Winner?,Houston,Houston,4419233.0,2025-09-26 14:51:33.725388-07:00,2025-10-04 19:39:59.055824-07:00,,,,,,,,,,,,0.0,no supported template
kalshi,archive,KXNCAAFGAME-25OCT04UVALOU-UVA,KXNCAAFGAME-25OCT04UVALOU,Virginia at Louisville Winner?,Virginia,Virginia,4314952.0,2025-09-26 14:51:27.289250-07:00,2025-10-04 16:15:00.887372-07:00,,,,,,,,,,,,0.0,no supported template
kalshi,archive,KXNCAAFGAME-25OCT04VANALA-ALA,KXNCAAFGAME-25OCT04VANALA,Vanderbilt at Alabama Winner?,Alabama,Alabama,4798470.0,2025-09-26 14:51:28.243572-07:00,2025-10-04 16:10:02.256207-07:00,,,,,,,,,,,,0.0,no supported template
kalshi,archive,KXNCAAFGAME-25OCT04VANALA-VAN,KXNCAAFGAME-25OCT04VANALA,Vanderbilt at Alabama Winner?,Vanderbilt,Vanderbilt,8672597.0,2025-09-26 14:51:28.243572-07:00,2025-10-04 16:10:02.256207-07:00,,,,,,,,,,,,0.0,no supported template
kalshi,archive,KXNCAAFGAME-25OCT10RUTGWASH-RUTG,KXNCAAFGAME-25OCT10RUTGWASH,Rutgers at Washington Winner?,Rutgers,Rutgers,8477468.0,2025-10-02 21:38:19.544157-07:00,2025-10-10 21:29:54.087757-07:00,,,,,,,,,,,,0.0,no supported template
kalshi,archive,KXNCAAFGAME-25OCT10RUTGWASH-WASH,KXNCAAFGAME-25OCT10RUTGWASH,Rutgers at Washington Winner?,Washington,Washington,5184931.0,2025-10-02 21:38:19.544157-07:00,2025-10-10 21:29:54.087757-07:00,,,,,,,,,,,,0.0,no supported template
kalshi,archive,KXNCAAFGAME-25OCT10USFUNT-UNT,KXNCAAFGAME-25OCT10USFUNT,South Florida at North Texas Winner?,North Texas,North Texas,5180837.0,2025-10-02 21:38:18.477881-07:00,2025-10-10 20:34:52.670417-07:00,,,,,,,,,,,,0.0,no supported template
kalshi,archive,KXNCAAFGAME-25OCT10USFUNT-USF,KXNCAAFGAME-25OCT10USFUNT,South Florida at North Texas Winner?,South Florida,South Florida,7988619.0,2025-10-02 21:38:18.477881-07:00,2025-10-10 20:34:52.670417-07:00,,,,,,,,,,,,0.0,no supported template
kalshi,archive,KXNCAAFGAME-25OCT11ALAMIZZ-ALA,KXNCAAFGAME-25OCT11ALAMIZZ,Alabama at Missouri Winner?,Alabama,Alabama,10021170.0,2025-10-02 21:38:22.029994-07:00,2025-10-11 12:35:52.340455-07:00,,,,,,,,,,,,0.0,no supported template
kalshi,archive,KXNCAAFGAME-25OCT11ALAMIZZ-MIZZ,KXNCAAFGAME-25OCT11ALAMIZZ,Alabama at Missouri Winner?,Missouri,Missouri,7260243.0,2025-10-02 21:38:22.029994-07:00,2025-10-11 12:35:52.340455-07:00,,,,,,,,,,,,0.0,no supported template
kalshi,archive,KXNCAAFGAME-25OCT11BYUARIZ-ARIZ,KXNCAAFGAME-25OCT11BYUARIZ,BYU at Arizona Winner?,Arizona,Arizona,7911770.0,2025-10-02 21:38:42.548245-07:00,2025-10-11 22:12:14.256220-07:00,,,,,,,,,,,,0.0,no supported template
kalshi,archive,KXNCAAFGAME-25OCT11BYUARIZ-BYU,KXNCAAFGAME-25OCT11BYUARIZ,BYU at Arizona Winner?,BYU,BYU,9510102.0,2025-10-02 21:38:42.548245-07:00,2025-10-11 22:12:14.256220-07:00,,,,,,,,,,,,0.0,no supported template
kalshi,archive,KXNCAAFGAME-25OCT11FLATXAM-FLA,KXNCAAFGAME-25OCT11FLATXAM,Florida at Texas A&M Winner?,Florida,Florida,6293146.0,2025-10-02 21:38:26.083932-07:00,2025-10-11 19:46:50.708183-07:00,,,,,,,,,,,,0.0,no supported template
kalshi,archive,KXNCAAFGAME-25OCT11INDORE-IND,KXNCAAFGAME-25OCT11INDORE,Indiana at Oregon Winner?,Indiana,Indiana,5037111.0,2025-10-02 21:38:32.291521-07:00,2025-10-11 16:15:55.547953-07:00,,,,,,,,,,,,0.0,no supported template
kalshi,archive,KXNCAAFGAME-25OCT11INDORE-ORE,KXNCAAFGAME-25OCT11INDORE,Indiana at Oregon Winner?,Oregon,Oregon,6675437.0,2025-10-02 21:38:32.291521-07:00,2025-10-11 16:15:55.547953-07:00,,,,,,,,,,,,0.0,no supported template
kalshi,archive,KXNCAAFGAME-25OCT11ISUCOLO-ISU,KXNCAAFGAME-25OCT11ISUCOLO,Iowa St. at Colorado Winner?,Iowa St.,Iowa St.,4386346.0,2025-10-02 21:38:30.356876-07:00,2025-10-11 16:01:37.084689-07:00,,,,,,,,,,,,0.0,no supported template
kalshi,archive,KXNCAAFGAME-25OCT11MICHUSC-MICH,KXNCAAFGAME-25OCT11MICHUSC,Michigan at USC Winner?,Michigan,Michigan,5890723.0,2025-10-02 21:38:40.982450-07:00,2025-10-11 19:56:07.610367-07:00,,,,,,,,,,,,0.0,no supported template
kalshi,archive,KXNCAAFGAME-25OCT11NCSTND-NCST,KXNCAAFGAME-25OCT11NCSTND,North Carolina St. at Notre Dame Winner?,North Carolina St.,North Carolina St.,3721906.0,2025-10-02 21:38:31.311613-07:00,2025-10-11 16:05:47.700897-07:00,,,,,,,,,,,,0.0,no supported template
kalshi,archive,KXNCAAFGAME-25OCT11NWPSU-NW,KXNCAAFGAME-25OCT11NWPSU,Northwestern at Penn St. Winner?,Northwestern,Northwestern,3835698.0,2025-10-02 21:38:31.790409-07:00,2025-10-11 16:10:02.039377-07:00,,,,,,,,,,,,0.0,no supported template
kalshi,archive,KXNCAAFGAME-25OCT11OKLATEX-OKLA,KXNCAAFGAME-25OCT11OKLATEX,Oklahoma at Texas Winner?,Oklahoma,Oklahoma,12342982.0,2025-10-02 21:38:33.884629-07:00,2025-10-11 16:01:31.253107-07:00,,,,,,,,,,,,0.0,no supported template
kalshi,archive,KXNCAAFGAME-25OCT11OKLATEX-TEX,KXNCAAFGAME-25OCT11OKLATEX,Oklahoma at Texas Winner?,Texas,Texas,5071696.0,2025-10-02 21:38:33.884629-07:00,2025-10-11 16:01:31.253107-07:00,,,,,,,,,,,,0.0,no supported template
kalshi,archive,KXNCAAFGAME-25OCT11OSUILL-ILL,KXNCAAFGAME-25OCT11OSUILL,Ohio St. at Illinois Winner?,Illinois,Illinois,3817988.0,2025-10-02 21:38:23.560028-07:00,2025-10-11 12:45:59.773831-07:00,,,,,,,,,,,,0.0,no supported template
kalshi,archive,KXNCAAFGAME-25OCT11PITTFSU-PITT,KXNCAAFGAME-25OCT11PITTFSU,Pittsburgh at Florida St. Winner?,Pittsburgh,Pittsburgh,4180874.0,2025-10-02 21:38:20.456600-07:00,2025-10-11 12:45:59.806515-07:00,,,,,,,,,,,,0.0,no supported template
kalshi,archive,KXNCAAFGAME-25OCT11UGAAUB-AUB,KXNCAAFGAME-25OCT11UGAAUB,Georgia at Auburn Winner?,Auburn,Auburn,5991348.0,2025-10-02 21:38:27.368523-07:00,2025-10-11 20:31:31.816945-07:00,,,,,,,,,,,,0.0,no supported template
kalshi,archive,KXNCAAFGAME-25OCT11UGAAUB-UGA,KXNCAAFGAME-25OCT11UGAAUB,Georgia at Auburn Winner?,Georgia,Georgia,11004252.0,2025-10-02 21:38:27.368523-07:00,2025-10-11 20:31:31.816945-07:00,,,,,,,,,,,,0.0,no supported template
kalshi,archive,KXNCAAFGAME-25OCT11WSUMISS-WSU,KXNCAAFGAME-25OCT11WSUMISS,Washington St. at Ole Miss Winner?,Washington St.,Washington St.,8174363.0,2025-10-02 21:38:25.610074-07:00,2025-10-11 13:05:45.876491-07:00,,,,,,,,,,,,0.0,no supported template
kalshi,archive,KXNCAAFGAME-25OCT17LOUMIA-LOU,KXNCAAFGAME-25OCT17LOUMIA,Louisville at Miami (FL) Winner?,Louisville,Louisville,9217797.0,2025-10-10 11:49:21.753975-07:00,2025-10-17 19:24:54.465486-07:00,,,,,,,,,,,,0.0,no supported template
kalshi,archive,KXNCAAFGAME-25OCT17LOUMIA-MIA,KXNCAAFGAME-25OCT17LOUMIA,Louisville at Miami (FL) Winner?,Miami (FL),Miami (FL),13097323.0,2025-10-10 11:49:21.753975-07:00,2025-10-17 19:24:54.465486-07:00,,,,,,,,,,,,0.0,no supported template
kalshi,archive,KXNCAAFGAME-25OCT17NEBMINN-MINN,KXNCAAFGAME-25OCT17NEBMINN,Nebraska at Minnesota Winner?,Minnesota,Minnesota,4248604.0,2025-10-10 11:49:21.878276-07:00,2025-10-17 20:15:12.083519-07:00,,,,,,,,,,,,0.0,no supported template
kalshi,archive,KXNCAAFGAME-25OCT17NEBMINN-NEB,KXNCAAFGAME-25OCT17NEBMINN,Nebraska at Minnesota Winner?,Nebraska,Nebraska,4882750.0,2025-10-10 11:49:21.878276-07:00,2025-10-17 20:15:12.083519-07:00,,,,,,,,,,,,0.0,no supported template
kalshi,archive,KXNCAAFGAME-25OCT17UNCCAL-CAL,KXNCAAFGAME-25OCT17UNCCAL,North Carolina at California Winner?,California,California,6058297.0,2025-10-10 11:49:24.227965-07:00,2025-10-17 23:15:40.754267-07:00,,,,,,,,,,,,0.0,no supported template
kalshi,archive,KXNCAAFGAME-25OCT17UNCCAL-UNC,KXNCAAFGAME-25OCT17UNCCAL,North Carolina at California Winner?,North Carolina,North Carolina,11311512.0,2025-10-10 11:49:24.227965-07:00,2025-10-17 23:15:40.754267-07:00,,,,,,,,,,,,0.0,no supported template
kalshi,archive,KXNCAAFGAME-25OCT18FSUSTAN-FSU,KXNCAAFGAME-25OCT18FSUSTAN,Florida St. at Stanford Winner?,Florida St.,Florida St.,9409752.0,2025-10-10 11:50:23.061532-07:00,2025-10-18 23:19:59.454235-07:00,,,,,,,,,,,,0.0,no supported template
kalshi,archive,KXNCAAFGAME-25OCT18FSUSTAN-STAN,KXNCAAFGAME-25OCT18FSUSTAN,Florida St. at Stanford Winner?,Stanford,Stanford,12774708.0,2025-10-10 11:50:23.061532-07:00,2025-10-18 23:19:59.454235-07:00,,,,,,,,,,,,0.0,no supported template
kalshi,archive,KXNCAAFGAME-25OCT18GTDUKE-GT,KXNCAAFGAME-25OCT18GTDUKE,Georgia Tech at Duke Winner?,Georgia Tech,Georgia Tech,7642462.0,2025-10-10 11:49:34.471284-07:00,2025-10-18 13:39:44.927766-07:00,,,,,,,,,,,,0.0,no supported template
kalshi,archive,KXNCAAFGAME-25OCT18LSUVAN-LSU,KXNCAAFGAME-25OCT18LSUVAN,LSU at Vanderbilt Winner?,LSU,LSU,4990024.0,2025-10-13 14:28:34.008579-07:00,2025-10-18 13:41:09.268124-07:00,,,,,,,,,,,,0.0,no supported template
kalshi,archive,KXNCAAFGAME-25OCT18MISSUGA-MISS,KXNCAAFGAME-25OCT18MISSUGA,Ole Miss at Georgia Winner?,Ole Miss,Ole Miss,9475332.0,2025-10-10 11:49:58.491162-07:00,2025-10-18 16:01:20.488009-07:00,,,,,,,,,,,,0.0,no supported template
kalshi,archive,KXNCAAFGAME-25OCT18MISSUGA-UGA,KXNCAAFGAME-25OCT18MISSUGA,Ole Miss at Georgia Winner?,Georgia,Georgia,7099303.0,2025-10-10 11:49:58.491162-07:00,2025-10-18 16:01:20.488009-07:00,,,,,,,,,,,,0.0,no supported template
kalshi,archive,KXNCAAFGAME-25OCT18MIZZAUB-AUB,KXNCAAFGAME-25OCT18MIZZAUB,Missouri at Auburn Winner?,Auburn,Auburn,4857274.0,2025-10-13 14:29:53.523322-07:00,2025-10-18 20:45:32.539415-07:00,,,,,,,,,,,,0.0,no supported template
kalshi,archive,KXNCAAFGAME-25OCT18MIZZAUB-MIZZ,KXNCAAFGAME-25OCT18MIZZAUB,Missouri at Auburn Winner?,Missouri,Missouri,5786110.0,2025-10-13 14:29:53.523322-07:00,2025-10-18 20:45:32.539415-07:00,,,,,,,,,,,,0.0,no supported template
kalshi,archive,KXNCAAFGAME-25OCT18MSSTFLA-MSST,KXNCAAFGAME-25OCT18MSSTFLA,Mississippi St. at Florida Winner?,Mississippi St.,Mississippi St.,3735899.0,2025-10-10 11:50:04.633367-07:00,2025-10-18 17:30:46.440313-07:00,,,,,,,,,,,,0.0,no supported template
kalshi,archive,KXNCAAFGAME-25OCT18MSUIND-MSU,KXNCAAFGAME-25OCT18MSUIND,Michigan St. at Indiana Winner?,Michigan St.,Michigan St.,3783680.0,2025-10-10 11:49:55.291823-07:00,2025-10-18 16:01:20.600040-07:00,,,,,,,,,,,,0.0,no supported template
kalshi,archive,KXNCAAFGAME-25OCT18TENNALA-TENN,KXNCAAFGAME-25OCT18TENNALA,Tennessee at Alabama Winner?,Tennessee,Tennessee,4937047.0,2025-10-10 11:50:17.172089-07:00,2025-10-18 20:20:54.480632-07:00,,,,,,,,,,,,0.0,no supported template
kalshi,archive,KXNCAAFGAME-25OCT18TEXUK-TEX,KXNCAAFGAME-25OCT18TEXUK,Texas at Kentucky Winner?,Texas,Texas,4391628.0,2025-10-13 14:29:44.264237-07:00,2025-10-18 19:51:07.966467-07:00,,,,,,,,,,,,0.0,no supported template
kalshi,archive,KXNCAAFGAME-25OCT18TEXUK-UK,KXNCAAFGAME-25OCT18TEXUK,Texas at Kentucky Winner?,Kentucky,Kentucky,4500547.0,2025-10-13 14:29:44.264237-07:00,2025-10-18 19:51:07.966467-07:00,,,,,,,,,,,,0.0,no supported template
kalshi,archive,KXNCAAFGAME-25OCT18TTUASU-ASU,KXNCAAFGAME-25OCT18TTUASU,Texas Tech at Arizona St. Winner?,Arizona St.,Arizona St.,5991241.0,2025-10-10 11:50:03.121179-07:00,2025-10-18 16:55:43.056652-07:00,,,,,,,,,,,,0.0,no supported template
kalshi,archive,KXNCAAFGAME-25OCT18TTUASU-TTU,KXNCAAFGAME-25OCT18TTUASU,Texas Tech at Arizona St. Winner?,Texas Tech,Texas Tech,7181591.0,2025-10-10 11:50:03.121179-07:00,2025-10-18 16:55:43.056652-07:00,,,,,,,,,,,,0.0,no supported template
kalshi,archive,KXNCAAFGAME-25OCT18TXAMARK-TXAM,KXNCAAFGAME-25OCT18TXAMARK,Texas A&M at Arkansas Winner?,Texas A&M,Texas A&M,4261863.0,2025-10-10 11:50:02.942899-07:00,2025-10-18 18:05:55.825269-07:00,,,,,,,,,,,,0.0,no supported template
kalshi,archive,KXNCAAFGAME-25OCT18USCND-USC,KXNCAAFGAME-25OCT18USCND,USC at Notre Dame Winner?,USC,USC,8365036.0,2025-10-10 11:50:18.297570-07:00,2025-10-18 20:11:05.234837-07:00,,,,,,,,,,,,0.0,no supported template
kalshi,archive,KXNCAAFGAME-25OCT18UTAHBYU-BYU,KXNCAAFGAME-25OCT18UTAHBYU,Utah at BYU Winner?,BYU,BYU,5164397.0,2025-10-10 11:50:20.878802-07:00,2025-10-18 20:40:33.731139-07:00,,,,,,,,,,,,0.0,no supported template
kalshi,archive,KXNCAAFGAME-25OCT18WASHMICH-WASH,KXNCAAFGAME-25OCT18WASHMICH,Washington at Michigan Winner?,Washington,Washington,3963817.0,2025-10-10 11:49:27.898608-07:00,2025-10-18 13:40:42.824666-07:00,,,,,,,,,,,,0.0,no supported template
kalshi,archive,KXNCAAFGAME-25OCT18WSUUVA-WSU,KXNCAAFGAME-25OCT18WSUUVA,Washington St. at Virginia Winner?,Washington St.,Washington St.,4165034.0,2025-10-10 11:50:09.292904-07:00,2025-10-18 19:02:25.256427-07:00,,,,,,,,,,,,0.0,no supported template
kalshi,archive,KXNCAAFGAME-25OCT24CALVT-CAL,KXNCAAFGAME-25OCT24CALVT,California at Virginia Tech Winner?,California,California,11076161.0,2025-10-08 11:58:21.610944-07:00,2025-10-24 20:33:11.418449-07:00,,,,,,,,,,,,0.0,no supported template
kalshi,archive,KXNCAAFGAME-25OCT24CALVT-VT,KXNCAAFGAME-25OCT24CALVT,California at Virginia Tech Winner?,Virginia Tech,Virginia Tech,6873044.0,2025-10-08 11:58:21.610944-07:00,2025-10-24 20:33:11.418449-07:00,,,,,,,,,,,,0.0,no supported template
kalshi,archive,KXNCAAFGAME-25OCT25ALASCAR-ALA,KXNCAAFGAME-25OCT25ALASCAR,Alabama at South Carolina Winner?,Alabama,Alabama,8918337.0,2025-10-17 12:33:08.039604-07:00,2025-10-25 16:21:09.061569-07:00,,,,,,,,,,,,0.0,no supported template
kalshi,archive,KXNCAAFGAME-25OCT25ALASCAR-SCAR,KXNCAAFGAME-25OCT25ALASCAR,Alabama at South Carolina Winner?,South Carolina,South Carolina,5475275.0,2025-10-17 12:33:08.039604-07:00,2025-10-25 16:21:09.061569-07:00,,,,,,,,,,,,0.0,no supported template
kalshi,archive,KXNCAAFGAME-25OCT25BYUISU-BYU,KXNCAAFGAME-25OCT25BYUISU,BYU at Iowa St. Winner?,BYU,BYU,8437805.0,2025-10-17 12:33:02.435615-07:00,2025-10-25 16:07:56.529474-07:00,,,,,,,,,,,,0.0,no supported template
kalshi,archive,KXNCAAFGAME-25OCT25HOUASU-ASU,KXNCAAFGAME-25OCT25HOUASU,Houston at Arizona St. Winner?,Arizona St.,Arizona St.,4241037.0,2025-10-17 12:33:17.492457-07:00,2025-10-25 20:41:54.317508-07:00,,,,,,,,,,,,0.0,no supported template
kalshi,archive,KXNCAAFGAME-25OCT25MISSOKLA-MISS,KXNCAAFGAME-25OCT25MISSOKLA,Ole Miss at Oklahoma Winner?,Ole Miss,Ole Miss,10791181.0,2025-10-17 12:32:29.604606-07:00,2025-10-25 12:50:56.798277-07:00,,,,,,,,,,,,0.0,no supported template
kalshi,archive,KXNCAAFGAME-25OCT25MISSOKLA-OKLA,KXNCAAFGAME-25OCT25MISSOKLA,Ole Miss at Oklahoma Winner?,Oklahoma,Oklahoma,7701251.0,2025-10-17 12:32:29.604606-07:00,2025-10-25 12:50:56.798277-07:00,,,,,,,,,,,,0.0,no supported template
kalshi,archive,KXNCAAFGAME-25OCT25MIZZVAN-MIZZ,KXNCAAFGAME-25OCT25MIZZVAN,Missouri at Vanderbilt Winner?,Missouri,Missouri,4926628.0,2025-10-17 12:32:41.001205-07:00,2025-10-25 16:11:45.636908-07:00,,,,,,,,,,,,0.0,no supported template
kalshi,archive,KXNCAAFGAME-25OCT25MIZZVAN-VAN,KXNCAAFGAME-25OCT25MIZZVAN,Missouri at Vanderbilt Winner?,Vanderbilt,Vanderbilt,5275347.0,2025-10-17 12:32:41.001205-07:00,2025-10-25 16:11:45.636908-07:00,,,,,,,,,,,,0.0,no supported template
kalshi,archive,KXNCAAFGAME-25OCT25STANMIA-STAN,KXNCAAFGAME-25OCT25STANMIA,Stanford at Miami (FL) Winner?,Stanford,Stanford,5095181.0,2025-10-17 12:33:14.012862-07:00,2025-10-25 19:07:48.747605-07:00,,,,,,,,,,,,0.0,no supported template
kalshi,archive,KXNCAAFGAME-25OCT25TEXMSST-MSST,KXNCAAFGAME-25OCT25TEXMSST,Texas at Mississippi St. Winner?,Mississippi St.,Mississippi St.,5910301.0,2025-10-17 12:32:45.220702-07:00,2025-10-25 17:14:24.828430-07:00,,,,,,,,,,,,0.0,no supported template
kalshi,archive,KXNCAAFGAME-25OCT25TEXMSST-TEX,KXNCAAFGAME-25OCT25TEXMSST,Texas at Mississippi St. Winner?,Texas,Texas,6785523.0,2025-10-17 12:32:45.220702-07:00,2025-10-25 17:14:24.828430-07:00,,,,,,,,,,,,0.0,no supported template
kalshi,archive,KXNCAAFGAME-25OCT25TXAMLSU-LSU,KXNCAAFGAME-25OCT25TXAMLSU,Texas A&M at LSU Winner?,LSU,LSU,6034501.0,2025-10-17 12:33:15.072094-07:00,2025-10-25 20:16:27.789102-07:00,,,,,,,,,,,,0.0,no supported template
kalshi,archive,KXNCAAFGAME-25OCT25TXAMLSU-TXAM,KXNCAAFGAME-25OCT25TXAMLSU,Texas A&M at LSU Winner?,Texas A&M,Texas A&M,8481653.0,2025-10-17 12:33:15.072094-07:00,2025-10-25 20:16:27.789102-07:00,,,,,,,,,,,,0.0,no supported template
kalshi,archive,KXNCAAFGAME-25OCT25UCLAIND-UCLA,KXNCAAFGAME-25OCT25UCLAIND,UCLA at Indiana Winner?,UCLA,UCLA,5186820.0,2025-10-17 12:32:46.831868-07:00,2025-10-25 12:36:54.448548-07:00,,,,,,,,,,,,0.0,no supported template
kalshi,archive,KXNCAAFGAME-25OCT25USFMEM-USF,KXNCAAFGAME-25OCT25USFMEM,South Florida at Memphis Winner?,South Florida,South Florida,3718174.0,2025-10-17 12:32:34.287900-07:00,2025-10-25 12:55:45.967472-07:00,,,,,,,,,,,,0.0,no supported template
kalshi,archive,KXNCAAFGAME-25OCT29JVSTMTU-JVST,KXNCAAFGAME-25OCT29JVSTMTU,Jacksonville St. at Middle Tennessee Winner?,Jacksonville St.,Jacksonville St.,5258983.0,2025-10-17 13:10:10.864650-07:00,2025-10-29 20:05:11.516165-07:00,,,,,,,,,,,,0.0,no supported template
kalshi,archive,KXNCAAFGAME-25OCT30TULNUTSA-TULN,KXNCAAFGAME-25OCT30TULNUTSA,Tulane at UTSA Winner?,Tulane,Tulane,4839944.0,2025-10-17 13:10:12.122517-07:00,2025-10-30 20:25:08.563837-07:00,,,,,,,,,,,,0.0,no supported template
kalshi,archive,KXNCAAFGAME-25OCT31UNCSYR-SYR,KXNCAAFGAME-25OCT31UNCSYR,North Carolina at Syracuse Winner?,Syracuse,Syracuse,3933310.0,2025-10-17 13:10:14.021101-07:00,2025-10-31 19:55:07.679119-07:00,,,,,,,,,,,,0.0,no supported template
kalshi,archive,KXNCAAFGAME-25OCT31UNCSYR-UNC,KXNCAAFGAME-25OCT31UNCSYR,North Carolina at Syracuse Winner?,North Carolina,North Carolina,4237052.0,2025-10-17 13:10:14.021101-07:00,2025-10-31 19:55:07.679119-07:00,,,,,,,,,,,,0.0,no supported template
kalshi,archive,KXNCAAFGAME-25SEP01TCUUNC-TCU,KXNCAAFGAME-25SEP01TCUUNC,TCU vs North Carolina Winner?,TCU,TCU,6327353.0,2025-07-01 13:42:46.076051-07:00,2025-09-01 20:28:23.406461-07:00,,,,,,,,,,,,0.0,no supported template
kalshi,archive,KXNCAAFGAME-25SEP01TCUUNC-UNC,KXNCAAFGAME-25SEP01TCUUNC,TCU vs North Carolina Winner?,North Carolina,North Carolina,7074534.0,2025-07-01 13:42:46.076050-07:00,2025-09-01 20:28:23.406461-07:00,,,,,,,,,,,,0.0,no supported template
kalshi,archive,KXNCAAFGAME-25SEP06IOWAISU-ISU,KXNCAAFGAME-25SEP06IOWAISU,Iowa vs Iowa St. Winner?,Iowa St.,Iowa St.,4456970.0,2025-07-02 12:24:21.467671-07:00,2025-09-06 12:35:09.924322-07:00,,,,,,,,,,,,0.0,no supported template
kalshi,archive,KXNCAAFGAME-25SEP06MICHOKLA-MICH,KXNCAAFGAME-25SEP06MICHOKLA,Michigan vs Oklahoma Winner?,Michigan,Michigan,6478551.0,2025-07-02 12:33:52.965501-07:00,2025-09-06 20:12:49.334461-07:00,,,,,,,,,,,,0.0,no supported template
kalshi,archive,KXNCAAFGAME-25SEP06MICHOKLA-OKLA,KXNCAAFGAME-25SEP06MICHOKLA,Michigan vs Oklahoma Winner?,Oklahoma,Oklahoma,4004205.0,2025-07-02 12:33:52.965500-07:00,2025-09-06 20:12:49.334461-07:00,,,,,,,,,,,,0.0,no supported template
kalshi,archive,KXNCAAFGAME-25SEP06MISSUK-MISS,KXNCAAFGAME-25SEP06MISSUK,Ole Miss vs Kentucky Winner?,Ole Miss,Ole Miss,4032616.0,2025-07-02 12:26:15.884357-07:00,2025-09-06 16:40:42.068563-07:00,,,,,,,,,,,,0.0,no supported template
kalshi,archive,KXNCAAFGAME-25SEP11NCSTWAKE-NCST,KXNCAAFGAME-25SEP11NCSTWAKE,North Carolina St. at Wake Forest Winner?,North Carolina St.,North Carolina St.,4060292.0,2025-09-01 08:59:19.133249-07:00,2025-09-11 20:38:34.966854-07:00,,,,,,,,,,,,0.0,no supported template
kalshi,archive,KXNCAAFGAME-25SEP11NCSTWAKE-WAKE,KXNCAAFGAME-25SEP11NCSTWAKE,North Carolina St. at Wake Forest Winner?,Wake Forest,Wake Forest,4161874.0,2025-09-01 08:59:19.133248-07:00,2025-09-11 20:38:34.966854-07:00,,,,,,,,,,,,0.0,no supported template
kalshi,archive,KXNCAAFGAME-25SEP12COLOHOU-COLO,KXNCAAFGAME-25SEP12COLOHOU,Colorado at Houston Winner?,Colorado,Colorado,4584974.0,2025-09-01 08:59:20.706490-07:00,2025-09-12 20:19:28.471936-07:00,,,,,,,,,,,,0.0,no supported template
kalshi,archive,KXNCAAFGAME-25SEP12COLOHOU-HOU,KXNCAAFGAME-25SEP12COLOHOU,Colorado at Houston Winner?,Houston,Houston,5556562.0,2025-09-01 08:59:20.706490-07:00,2025-09-12 20:19:28.471936-07:00,,,,,,,,,,,,0.0,no supported template
kalshi,archive,KXNCAAFGAME-25SEP12KSUARIZ-ARIZ,KXNCAAFGAME-25SEP12KSUARIZ,Kansas St. at Arizona Winner?,Arizona,Arizona,5610630.0,2025-09-01 08:59:21.268126-07:00,2025-09-12 21:45:07.037377-07:00,,,,,,,,,,,,0.0,no supported template
kalshi,archive,KXNCAAFGAME-25SEP12KSUARIZ-KSU,KXNCAAFGAME-25SEP12KSUARIZ,Kansas St. at Arizona Winner?,Kansas St.,Kansas St.,4912634.0,2025-09-01 08:59:21.268126-07:00,2025-09-12 21:45:07.037377-07:00,,,,,,,,,,,,0.0,no supported template
kalshi,archive,KXNCAAFGAME-25SEP12UNMUCLA-UCLA,KXNCAAFGAME-25SEP12UNMUCLA,New Mexico at UCLA Winner?,UCLA,UCLA,4017978.0,2025-09-01 08:59:21.793408-07:00,2025-09-12 22:24:23.540426-07:00,,,,,,,,,,,,0.0,no supported template
kalshi,archive,KXNCAAFGAME-25SEP12UNMUCLA-UNM,KXNCAAFGAME-25SEP12UNMUCLA,New Mexico at UCLA Winner?,New Mexico,New Mexico,4641096.0,2025-09-01 08:59:21.793409-07:00,2025-09-12 22:24:23.540426-07:00,,,,,,,,,,,,0.0,no supported template
kalshi,archive,KXNCAAFGAME-25SEP13CLEMGT-CLEM,KXNCAAFGAME-25SEP13CLEMGT,Clemson at Georgia Tech Winner?,Clemson,Clemson,11840084.0,2025-09-01 08:59:28.366526-07:00,2025-09-13 12:29:21.439438-07:00,,,,,,,,,,,,0.0,no supported template
kalshi,archive,KXNCAAFGAME-25SEP13CLEMGT-GT,KXNCAAFGAME-25SEP13CLEMGT,Clemson at Georgia Tech Winner?,Georgia Tech,Georgia Tech,7974872.0,2025-09-01 08:59:28.366526-07:00,2025-09-13 12:29:21.439438-07:00,,,,,,,,,,,,0.0,no supported template
kalshi,archive,KXNCAAFGAME-25SEP13FLALSU-FLA,KXNCAAFGAME-25SEP13FLALSU,Florida at LSU Winner?,Florida,Florida,3911511.0,2025-09-01 08:59:51.747982-07:00,2025-09-13 20:09:46.001986-07:00,,,,,,,,,,,,0.0,no supported template
kalshi,archive,KXNCAAFGAME-25SEP13FLALSU-LSU,KXNCAAFGAME-25SEP13FLALSU,Florida at LSU Winner?,LSU,LSU,6322638.0,2025-09-01 08:59:51.747982-07:00,2025-09-13 20:09:46.001986-07:00,,,,,,,,,,,,0.0,no supported template
kalshi,archive,KXNCAAFGAME-25SEP13MINNCAL-CAL,KXNCAAFGAME-25SEP13MINNCAL,Minnesota at California Winner?,California,California,5006341.0,2025-09-01 08:59:59.153936-07:00,2025-09-13 23:04:29.362559-07:00,,,,,,,,,,,,0.0,no supported template
kalshi,archive,KXNCAAFGAME-25SEP13MINNCAL-MINN,KXNCAAFGAME-25SEP13MINNCAL,Minnesota at California Winner?,Minnesota,Minnesota,4017328.0,2025-09-01 08:59:59.153936-07:00,2025-09-13 23:04:29.362559-07:00,,,,,,,,,,,,0.0,no supported template
kalshi,archive,KXNCAAFGAME-25SEP13TXAMND-ND,KXNCAAFGAME-25SEP13TXAMND,Texas A&M at Notre Dame Winner?,Notre Dame,Notre Dame,5783030.0,2025-09-01 08:59:52.975035-07:00,2025-09-13 20:42:34.043723-07:00,,,,,,,,,,,,0.0,no supported template
kalshi,archive,KXNCAAFGAME-25SEP13TXAMND-TXAM,KXNCAAFGAME-25SEP13TXAMND,Texas A&M at Notre Dame Winner?,Texas A&M,Texas A&M,8624580.0,2025-09-01 08:59:52.975035-07:00,2025-09-13 20:42:34.043723-07:00,,,,,,,,,,,,0.0,no supported template
kalshi,archive,KXNCAAFGAME-25SEP13UGATENN-TENN,KXNCAAFGAME-25SEP13UGATENN,Georgia at Tennessee Winner?,Tennessee,Tennessee,11619868.0,2025-09-01 08:59:33.203331-07:00,2025-09-13 16:41:28.353128-07:00,,,,,,,,,,,,0.0,no supported template
kalshi,archive,KXNCAAFGAME-25SEP13UGATENN-UGA,KXNCAAFGAME-25SEP13UGATENN,Georgia at Tennessee Winner?,Georgia,Georgia,13498093.0,2025-09-01 08:59:33.203331-07:00,2025-09-13 16:41:28.353128-07:00,,,,,,,,,,,,0.0,no supported template
kalshi,archive,KXNCAAFGAME-25SEP13VANSCAR-SCAR,KXNCAAFGAME-25SEP13VANSCAR,Vanderbilt at South Carolina Winner?,South Carolina,South Carolina,3752319.0,2025-09-01 08:59:29.770080-07:00,2025-09-13 20:09:43.066653-07:00,,,,,,,,,,,,0.0,no supported template
kalshi,archive,KXNCAAFGAME-25SEP19IOWARUTG-IOWA,KXNCAAFGAME-25SEP19IOWARUTG,Iowa at Rutgers Winner?,Iowa,Iowa,10133588.0,2025-09-11 15:35:56.790696-07:00,2025-09-19 20:34:43.002862-07:00,,,,,,,,,,,,0.0,no supported template
kalshi,archive,KXNCAAFGAME-25SEP19IOWARUTG-RUTG,KXNCAAFGAME-25SEP19IOWARUTG,Iowa at Rutgers Winner?,Rutgers,Rutgers,7219721.0,2025-09-11 15:35:56.790696-07:00,2025-09-19 20:34:43.002862-07:00,,,,,,,,,,,,0.0,no supported template
kalshi,archive,KXNCAAFGAME-25SEP19TLSAOKST-OKST,KXNCAAFGAME-25SEP19TLSAOKST,Tulsa at Oklahoma St. Winner?,Oklahoma St.,Oklahoma St.,8947384.0,2025-09-11 15:35:56.339884-07:00,2025-09-19 20:14:11.148906-07:00,,,,,,,,,,,,0.0,no supported template
kalshi,archive,KXNCAAFGAME-25SEP19TLSAOKST-TLSA,KXNCAAFGAME-25SEP19TLSAOKST,Tulsa at Oklahoma St. Winner?,Tulsa,Tulsa,8170176.0,2025-09-11 15:35:56.339885-07:00,2025-09-19 20:14:11.148906-07:00,,,,,,,,,,,,0.0,no supported template
kalshi,archive,KXNCAAFGAME-25SEP20ARKMEM-MEM,KXNCAAFGAME-25SEP20ARKMEM,Arkansas at Memphis Winner?,Memphis,Memphis,3798528.0,2025-09-11 15:35:58.849007-07:00,2025-09-20 12:38:52.985071-07:00,,,,,,,,,,,,0.0,no supported template
kalshi,archive,KXNCAAFGAME-25SEP20ASUBAY-ASU,KXNCAAFGAME-25SEP20ASUBAY,Arizona St. at Baylor Winner?,Arizona St.,Arizona St.,5973066.0,2025-09-11 15:36:23.199551-07:00,2025-09-20 20:06:57.097109-07:00,,,,,,,,,,,,0.0,no supported template
kalshi,archive,KXNCAAFGAME-25SEP20ASUBAY-BAY,KXNCAAFGAME-25SEP20ASUBAY,Arizona St. at Baylor Winner?,Baylor,Baylor,5905445.0,2025-09-11 15:36:23.199551-07:00,2025-09-20 20:06:57.097109-07:00,,,,,,,,,,,,0.0,no supported template
kalshi,archive,KXNCAAFGAME-25SEP20AUBOKLA-AUB,KXNCAAFGAME-25SEP20AUBOKLA,Auburn at Oklahoma Winner?,Auburn,Auburn,6665749.0,2025-09-11 15:36:09.867362-07:00,2025-09-20 16:29:02.455323-07:00,,,,,,,,,,,,0.0,no supported template
kalshi,archive,KXNCAAFGAME-25SEP20AUBOKLA-OKLA,KXNCAAFGAME-25SEP20AUBOKLA,Auburn at Oklahoma Winner?,Oklahoma,Oklahoma,6889562.0,2025-09-11 15:36:09.867362-07:00,2025-09-20 16:29:02.455323-07:00,,,,,,,,,,,,0.0,no supported template
kalshi,archive,KXNCAAFGAME-25SEP20CALSDSU-SDSU,KXNCAAFGAME-25SEP20CALSDSU,California at San Diego St. Winner?,San Diego St.,San Diego St.,4479332.0,2025-09-11 15:36:28.625332-07:00,2025-09-20 22:54:27.141454-07:00,,,,,,,,,,,,0.0,no supported template
kalshi,archive,KXNCAAFGAME-25SEP20FLAMIA-FLA,KXNCAAFGAME-25SEP20FLAMIA,Florida at Miami (FL) Winner?,Florida,Florida,3913630.0,2025-09-11 15:36:03.075081-07:00,2025-09-20 20:09:51.720661-07:00,,,,,,,,,,,,0.0,no supported template
kalshi,archive,KXNCAAFGAME-25SEP20FLAMIA-MIA,KXNCAAFGAME-25SEP20FLAMIA,Florida at Miami (FL) Winner?,Miami (FL),Miami (FL),6128869.0,2025-09-11 15:36:03.075080-07:00,2025-09-20 20:09:51.720661-07:00,,,,,,,,,,,,0.0,no supported template
kalshi,archive,KXNCAAFGAME-25SEP20ILLIND-ILL,KXNCAAFGAME-25SEP20ILLIND,Illinois at Indiana Winner?,Illinois,Illinois,5565508.0,2025-09-11 15:36:23.796180-07:00,2025-09-20 20:00:04.261113-07:00,,,,,,,,,,,,0.0,no supported template
kalshi,archive,KXNCAAFGAME-25SEP20MICHNEB-MICH,KXNCAAFGAME-25SEP20MICHNEB,Michigan at Nebraska Winner?,Michigan,Michigan,7864011.0,2025-09-11 15:36:07.182266-07:00,2025-09-20 16:08:14.211477-07:00,,,,,,,,,,,,0.0,no supported template
kalshi,archive,KXNCAAFGAME-25SEP20MICHNEB-NEB,KXNCAAFGAME-25SEP20MICHNEB,Michigan at Nebraska Winner?,Nebraska,Nebraska,6068372.0,2025-09-11 15:36:07.182266-07:00,2025-09-20 16:08:14.211477-07:00,,,,,,,,,,,,0.0,no supported template
kalshi,archive,KXNCAAFGAME-25SEP20MSUUSC-MSU,KXNCAAFGAME-25SEP20MSUUSC,Michigan St. at USC Winner?,Michigan St.,Michigan St.,5605303.0,2025-09-11 15:36:29.359282-07:00,2025-09-20 23:59:39.300544-07:00,,,,,,,,,,,,0.0,no supported template
kalshi,archive,KXNCAAFGAME-25SEP20SCARMIZZ-MIZZ,KXNCAAFGAME-25SEP20SCARMIZZ,South Carolina at Missouri Winner?,Missouri,Missouri,4510007.0,2025-09-11 15:36:03.588577-07:00,2025-09-20 19:34:56.864302-07:00,,,,,,,,,,,,0.0,no supported template
kalshi,archive,KXNCAAFGAME-25SEP20SCARMIZZ-SCAR,KXNCAAFGAME-25SEP20SCARMIZZ,South Carolina at Missouri Winner?,South Carolina,South Carolina,5438994.0,2025-09-11 15:36:03.588577-07:00,2025-09-20 19:34:56.864302-07:00,,,,,,,,,,,,0.0,no supported template
kalshi,archive,KXNCAAFGAME-25SEP20SYRCLEM-CLEM,KXNCAAFGAME-25SEP20SYRCLEM,Syracuse at Clemson Winner?,Clemson,Clemson,5113625.0,2025-09-11 15:36:00.395665-07:00,2025-09-20 14:35:14.100293-07:00,,,,,,,,,,,,0.0,no supported template
kalshi,archive,KXNCAAFGAME-25SEP20SYRCLEM-SYR,KXNCAAFGAME-25SEP20SYRCLEM,Syracuse at Clemson Winner?,Syracuse,Syracuse,9605073.0,2025-09-11 15:36:00.395666-07:00,2025-09-20 14:35:14.100293-07:00,,,,,,,,,,,,0.0,no supported template
kalshi,archive,KXNCAAFGAME-25SEP20TTUUTAH-TTU,KXNCAAFGAME-25SEP20TTUUTAH,Texas Tech at Utah Winner?,Texas Tech,Texas Tech,7366944.0,2025-09-11 15:35:58.333926-07:00,2025-09-20 12:40:03.201306-07:00,,,,,,,,,,,,0.0,no supported template
kalshi,archive,KXNCAAFGAME-25SEP20TTUUTAH-UTAH,KXNCAAFGAME-25SEP20TTUUTAH,Texas Tech at Utah Winner?,Utah,Utah,6908635.0,2025-09-11 15:35:58.333926-07:00,2025-09-20 12:40:03.201306-07:00,,,,,,,,,,,,0.0,no supported template
kalshi,archive,KXNCAAFGAME-25SEP26FSUUVA-FSU,KXNCAAFGAME-25SEP26FSUUVA,Florida St. at Virginia Winner?,Florida St.,Florida St.,22959683.0,2025-09-11 15:39:48.171638-07:00,2025-09-26 19:54:57.960383-07:00,,,,,,,,,,,,0.0,no supported template
kalshi,archive,KXNCAAFGAME-25SEP26FSUUVA-UVA,KXNCAAFGAME-25SEP26FSUUVA,Florida St. at Virginia Winner?,Virginia,Virginia,17269219.0,2025-09-11 15:39:48.171637-07:00,2025-09-26 19:54:57.960383-07:00,,,,,,,,,,,,0.0,no supported template
kalshi,archive,KXNCAAFGAME-25SEP26HOUORST-HOU,KXNCAAFGAME-25SEP26HOUORST,Houston at Oregon St. Winner?,Houston,Houston,15105915.0,2025-09-11 15:39:49.171726-07:00,2025-09-26 23:25:52.507428-07:00,,,,,,,,,,,,0.0,no supported template
kalshi,archive,KXNCAAFGAME-25SEP26HOUORST-ORST,KXNCAAFGAME-25SEP26HOUORST,Houston at Oregon St. Winner?,Oregon St.,Oregon St.,11719358.0,2025-09-11 15:39:49.171726-07:00,2025-09-26 23:25:52.507428-07:00,,,,,,,,,,,,0.0,no supported template
kalshi,archive,KXNCAAFGAME-25SEP26TCUASU-ASU,KXNCAAFGAME-25SEP26TCUASU,TCU at Arizona St. Winner?,Arizona St.,Arizona St.,10629046.0,2025-09-11 15:39:48.690149-07:00,2025-09-26 21:52:04.702618-07:00,,,,,,,,,,,,0.0,no supported template
kalshi,archive,KXNCAAFGAME-25SEP26TCUASU-TCU,KXNCAAFGAME-25SEP26TCUASU,TCU at Arizona St. Winner?,TCU,TCU,12543381.0,2025-09-11 15:39:48.690149-07:00,2025-09-26 21:52:04.702618-07:00,,,,,,,,,,,,0.0,no supported template
kalshi,archive,KXNCAAFGAME-25SEP27ALAUGA-ALA,KXNCAAFGAME-25SEP27ALAUGA,Alabama at Georgia Winner?,Alabama,Alabama,8159998.0,2025-09-11 15:40:20.287284-07:00,2025-09-27 20:14:36.778187-07:00,,,,,,,,,,,,0.0,no supported template
kalshi,archive,KXNCAAFGAME-25SEP27ALAUGA-UGA,KXNCAAFGAME-25SEP27ALAUGA,Alabama at Georgia Winner?,Georgia,Georgia,15737462.0,2025-09-11 15:40:20.287283-07:00,2025-09-27 20:14:36.778187-07:00,,,,,,,,,,,,0.0,no supported template
kalshi,archive,KXNCAAFGAME-25SEP27BAYOKST-OKST,KXNCAAFGAME-25SEP27BAYOKST,Baylor at Oklahoma St. Winner?,Oklahoma St.,Oklahoma St.,4770523.0,2025-09-11 15:39:54.832202-07:00,2025-09-27 16:15:02.804932-07:00,,,,,,,,,,,,0.0,no supported template
kalshi,archive,KXNCAAFGAME-25SEP27BYUCOLO-BYU,KXNCAAFGAME-25SEP27BYUCOLO,BYU at Colorado Winner?,BYU,BYU,10443216.0,2025-09-11 15:40:23.411685-07:00,2025-09-27 22:34:25.459408-07:00,,,,,,,,,,,,0.0,no supported template
kalshi,archive,KXNCAAFGAME-25SEP27BYUCOLO-COLO,KXNCAAFGAME-25SEP27BYUCOLO,BYU at Colorado Winner?,Colorado,Colorado,7893019.0,2025-09-11 15:40:23.411685-07:00,2025-09-27 22:34:25.459408-07:00,,,,,,,,,,,,0.0,no supported template
kalshi,archive,KXNCAAFGAME-25SEP27DUKESYR-SYR,KXNCAAFGAME-25SEP27DUKESYR,Duke at Syracuse Winner?,Syracuse,Syracuse,4201395.0,2025-09-11 15:39:51.648520-07:00,2025-09-27 12:14:53.498733-07:00,,,,,,,,,,,,0.0,no supported template
kalshi,archive,KXNCAAFGAME-25SEP27GTWAKE-GT,KXNCAAFGAME-25SEP27GTWAKE,Georgia Tech at Wake Forest Winner?,Georgia Tech,Georgia Tech,7834141.0,2025-09-11 15:39:53.747719-07:00,2025-09-27 13:11:06.227174-07:00,,,,,,,,,,,,0.0,no supported template
kalshi,archive,KXNCAAFGAME-25SEP27GTWAKE-WAKE,KXNCAAFGAME-25SEP27GTWAKE,Georgia Tech at Wake Forest Winner?,Wake Forest,Wake Forest,5924664.0,2025-09-11 15:39:53.747719-07:00,2025-09-27 13:11:06.227174-07:00,,,,,,,,,,,,0.0,no supported template
kalshi,archive,KXNCAAFGAME-25SEP27LSUMISS-LSU,KXNCAAFGAME-25SEP27LSUMISS,LSU at Ole Miss Winner?,LSU,LSU,10779475.0,2025-09-11 15:39:58.471068-07:00,2025-09-27 16:30:03.861883-07:00,,,,,,,,,,,,0.0,no supported template
kalshi,archive,KXNCAAFGAME-25SEP27LSUMISS-MISS,KXNCAAFGAME-25SEP27LSUMISS,LSU at Ole Miss Winner?,Ole Miss,Ole Miss,6615444.0,2025-09-11 15:39:58.471068-07:00,2025-09-27 16:30:03.861883-07:00,,,,,,,,,,,,0.0,no supported template
kalshi,archive,KXNCAAFGAME-25SEP27OREPSU-ORE,KXNCAAFGAME-25SEP27OREPSU,Oregon at Penn St. Winner?,Oregon,Oregon,11219431.0,2025-09-11 15:40:20.894807-07:00,2025-09-27 20:14:35.172188-07:00,,,,,,,,,,,,0.0,no supported template
kalshi,archive,KXNCAAFGAME-25SEP27OREPSU-PSU,KXNCAAFGAME-25SEP27OREPSU,Oregon at Penn St. Winner?,Penn St.,Penn St.,8596051.0,2025-09-11 15:40:20.894807-07:00,2025-09-27 20:14:35.172188-07:00,,,,,,,,,,,,0.0,no supported template
kalshi,archive,KXNCAAFGAME-25SEP27OSUWASH-OSU,KXNCAAFGAME-25SEP27OSUWASH,Ohio St. at Washington Winner?,Ohio St.,Ohio St.,5582783.0,2025-09-11 15:40:08.268391-07:00,2025-09-27 15:40:05.011350-07:00,,,,,,,,,,,,0.0,no supported template
kalshi,archive,KXNCAAFGAME-25SEP27OSUWASH-WASH,KXNCAAFGAME-25SEP27OSUWASH,Ohio St. at Washington Winner?,Washington,Washington,4091791.0,2025-09-11 15:40:08.268391-07:00,2025-09-27 15:40:05.011350-07:00,,,,,,,,,,,,0.0,no supported template
kalshi,archive,KXNCAAFGAME-25SEP27TENNMSST-MSST,KXNCAAFGAME-25SEP27TENNMSST,Tennessee at Mississippi St. Winner?,Mississippi St.,Mississippi St.,5405447.0,2025-09-11 15:40:03.038557-07:00,2025-09-27 17:14:56.539760-07:00,,,,,,,,,,,,0.0,no supported template
kalshi,archive,KXNCAAFGAME-25SEP27TENNMSST-TENN,KXNCAAFGAME-25SEP27TENNMSST,Tennessee at Mississippi St. Winner?,Tennessee,Tennessee,6757605.0,2025-09-11 15:40:03.038557-07:00,2025-09-27 17:14:56.539760-07:00,,,,,,,,,,,,0.0,no supported template
kalshi,archive,KXNCAAFGAME-25SEP27USCILL-ILL,KXNCAAFGAME-25SEP27USCILL,USC at Illinois Winner?,Illinois,Illinois,6467512.0,2025-09-11 15:39:57.985541-07:00,2025-09-27 12:55:11.489689-07:00,,,,,,,,,,,,0.0,no supported template
kalshi,archive,KXNCAAFGAME-25SEP27USCILL-USC,KXNCAAFGAME-25SEP27USCILL,USC at Illinois Winner?,USC,USC,6509418.0,2025-09-11 15:39:57.985541-07:00,2025-09-27 12:55:11.489689-07:00,,,,,,,,,,,,0.0,no supported template
kalshi,archive,KXNFLGAME-25NOV02ATLNE-ATL,KXNFLGAME-25NOV02ATLNE,Atlanta at New England Winner?,Atlanta,Atlanta,4327272.0,2025-10-20 10:40:33.418908-07:00,2025-11-02 13:03:03.403171-08:00,,,,,,,,,,,,0.0,no supported template
kalshi,archive,KXNFLGAME-25NOV02ATLNE-NE,KXNFLGAME-25NOV02ATLNE,Atlanta at New England Winner?,New England,New England,4598618.0,2025-10-20 10:40:33.418908-07:00,2025-11-02 13:03:03.403171-08:00,,,,,,,,,,,,0.0,no supported template
kalshi,archive,KXNFLGAME-25NOV02CARGB-CAR,KXNFLGAME-25NOV02CARGB,Carolina at Green Bay Winner?,Carolina,Carolina,5569852.0,2025-10-20 10:40:37.057033-07:00,2025-11-02 13:08:12.757186-08:00,,,,,,,,,,,,0.0,no supported template
kalshi,archive,KXNFLGAME-25NOV02CARGB-GB,KXNFLGAME-25NOV02CARGB,Carolina at Green Bay Winner?,Green Bay,Green Bay,3923082.0,2025-10-20 10:40:37.057033-07:00,2025-11-02 13:08:12.757186-08:00,,,,,,,,,,,,0.0,no supported template
kalshi,archive,KXNFLGAME-25NOV02CHICIN-CHI,KXNFLGAME-25NOV02CHICIN,Chicago at Cincinnati Winner?,Chicago,Chicago,5609494.0,2025-10-20 10:40:37.015665-07:00,2025-11-02 13:36:59.513033-08:00,,,,,,,,,,,,0.0,no supported template
kalshi,archive,KXNFLGAME-25NOV02CHICIN-CIN,KXNFLGAME-25NOV02CHICIN,Chicago at Cincinnati Winner?,Cincinnati,Cincinnati,8808306.0,2025-10-20 10:40:37.015665-07:00,2025-11-02 13:36:59.513033-08:00,,,,,,,,,,,,0.0,no supported template
kalshi,archive,KXNFLGAME-25NOV02DENHOU-DEN,KXNFLGAME-25NOV02DENHOU,Denver at Houston Winner?,Denver,Denver,13229771.0,2025-10-20 10:40:33.304049-07:00,2025-11-02 13:27:44.414920-08:00,,,,,,,,,,,,0.0,no supported template
kalshi,archive,KXNFLGAME-25NOV02DENHOU-HOU,KXNFLGAME-25NOV02DENHOU,Denver at Houston Winner?,Houston,Houston,8274446.0,2025-10-20 10:40:33.304049-07:00,2025-11-02 13:27:44.414920-08:00,,,,,,,,,,,,0.0,no supported template
kalshi,archive,KXNFLGAME-25NOV02INDPIT-IND,KXNFLGAME-25NOV02INDPIT,Indianapolis at Pittsburgh Winner?,Indianapolis,Indianapolis,8472043.0,2025-10-20 10:40:33.621314-07:00,2025-11-02 13:22:57.867549-08:00,,,,,,,,,,,,0.0,no supported template
kalshi,archive,KXNFLGAME-25NOV02INDPIT-PIT,KXNFLGAME-25NOV02INDPIT,Indianapolis at Pittsburgh Winner?,Pittsburgh,Pittsburgh,6396682.0,2025-10-20 10:40:33.621314-07:00,2025-11-02 13:22:57.867549-08:00,,,,,,,,,,,,0.0,no supported template
kalshi,archive,KXNFLGAME-25NOV02JACLV-JAC,KXNFLGAME-25NOV02JACLV,Jacksonville at Las Vegas Winner?,Jacksonville,Jacksonville,13315769.0,2025-10-20 10:40:37.537685-07:00,2025-11-02 16:35:09.042060-08:00,,,,,,,,,,,,0.0,no supported template
kalshi,archive,KXNFLGAME-25NOV02JACLV-LV,KXNFLGAME-25NOV02JACLV,Jacksonville at Las Vegas Winner?,Las Vegas,Las Vegas,8103319.0,2025-10-20 10:40:37.537685-07:00,2025-11-02 16:35:09.042060-08:00,,,,,,,,,,,,0.0,no supported template
kalshi,archive,KXNFLGAME-25NOV02KCBUF-BUF,KXNFLGAME-25NOV02KCBUF,Kansas City at Buffalo Winner?,Buffalo,Buffalo,13763433.0,2025-10-20 10:40:38.760822-07:00,2025-11-02 16:26:05.535946-08:00,,,,,,,,,,,,0.0,no supported template
kalshi,archive,KXNFLGAME-25NOV02KCBUF-KC,KXNFLGAME-25NOV02KCBUF,Kansas City at Buffalo Winner?,Kansas City,Kansas City,18672082.0,2025-10-20 10:40:38.760822-07:00,2025-11-02 16:26:05.535946-08:00,,,,,,,,,,,,0.0,no supported template
kalshi,archive,KXNFLGAME-25NOV02MINDET-DET,KXNFLGAME-25NOV02MINDET,Minnesota at Detroit Winner?,Detroit,Detroit,8105944.0,2025-10-20 10:40:37.054034-07:00,2025-11-02 13:18:05.310257-08:00,,,,,,,,,,,,0.0,no supported template
kalshi,archive,KXNFLGAME-25NOV02MINDET-MIN,KXNFLGAME-25NOV02MINDET,Minnesota at Detroit Winner?,Minnesota,Minnesota,5747017.0,2025-10-20 10:40:37.054034-07:00,2025-11-02 13:18:05.310257-08:00,,,,,,,,,,,,0.0,no supported template
kalshi,archive,KXNFLGAME-25NOV02NOLA-NO,KXNFLGAME-25NOV02NOLA,New Orleans at Los Angeles R Winner?,New Orleans,New Orleans,4485202.0,2025-10-20 10:40:38.691767-07:00,2025-11-02 15:55:17.372111-08:00,,,,,,,,,,,,0.0,no supported template
kalshi,archive,KXNFLGAME-25NOV02SEAWAS-SEA,KXNFLGAME-25NOV02SEAWAS,Seattle at Washington Winner?,Seattle,Seattle,11960493.0,2025-10-20 10:40:38.945925-07:00,2025-11-02 20:20:01.880918-08:00,,,,,,,,,,,,0.0,no supported template
kalshi,archive,KXNFLGAME-25NOV02SEAWAS-WAS,KXNFLGAME-25NOV02SEAWAS,Seattle at Washington Winner?,Washington,Washington,14601749.0,2025-10-20 10:40:38.945925-07:00,2025-11-02 20:20:01.880918-08:00,,,,,,,,,,,,0.0,no supported template
kalshi,archive,KXNFLGAME-25NOV02SFNYG-SF,KXNFLGAME-25NOV02SFNYG,San Francisco at New York G Winner?,San Francisco,San Francisco,6246272.0,2025-10-20 10:40:33.284758-07:00,2025-11-02 13:06:32.933442-08:00,,,,,,,,,,,,0.0,no supported template
kalshi,archive,KXNFLGAME-25NOV03ARIDAL-ARI,KXNFLGAME-25NOV03ARIDAL,Arizona at Dallas Winner?,Arizona,Arizona,14090904.0,2025-10-20 10:40:38.909751-07:00,2025-11-03 20:15:17.334930-08:00,,,,,,,,,,,,0.0,no supported template
kalshi,archive,KXNFLGAME-25NOV03ARIDAL-DAL,KXNFLGAME-25NOV03ARIDAL,Arizona at Dallas Winner?,Dallas,Dallas,27487556.0,2025-10-20 10:40:38.909751-07:00,2025-11-03 20:15:17.334930-08:00,,,,,,,,,,,,0.0,no supported template
kalshi,archive,KXNFLGAME-25NOV06LVDEN-DEN,KXNFLGAME-25NOV06LVDEN,Las Vegas at Denver Winner?,Denver,Denver,14751343.0,2025-10-31 07:44:11.967883-07:00,2025-11-06 20:20:18.017466-08:00,,,,,,,,,,,,0.0,no supported template
kalshi,archive,KXNFLGAME-25NOV06LVDEN-LV,KXNFLGAME-25NOV06LVDEN,Las Vegas at Denver Winner?,Las Vegas,Las Vegas,12070522.0,2025-10-31 07:44:11.967883-07:00,2025-11-06 20:20:18.017466-08:00,,,,,,,,,,,,0.0,no supported template
kalshi,archive,KXNFLGAME-25NOV09ATLIND-ATL,KXNFLGAME-25NOV09ATLIND,Atlanta at Indianapolis Winner?,Atlanta,Atlanta,10595002.0,2025-10-31 07:44:14.241572-07:00,2025-11-09 10:00:02.505334-08:00,,,,,,,,,,,,0.0,no supported template
kalshi,archive,KXNFLGAME-25NOV09ATLIND-IND,KXNFLGAME-25NOV09ATLIND,Atlanta at Indianapolis Winner?,Indianapolis,Indianapolis,14973392.0,2025-10-31 07:44:14.241572-07:00,2025-11-09 10:00:02.505334-08:00,,,,,,,,,,,,0.0,no supported template
kalshi,archive,KXNFLGAME-25NOV09BALMIN-BAL,KXNFLGAME-25NOV09BALMIN,Baltimore at Minnesota Winner?,Baltimore,Baltimore,5302574.0,2025-10-31 07:44:14.244891-07:00,2025-11-09 13:19:39.053267-08:00,,,,,,,,,,,,0.0,no supported template
kalshi,archive,KXNFLGAME-25NOV09BALMIN-MIN,KXNFLGAME-25NOV09BALMIN,Baltimore at Minnesota Winner?,Minnesota,Minnesota,5867726.0,2025-10-31 07:44:14.244891-07:00,2025-11-09 13:19:39.053267-08:00,,,,,,,,,,,,0.0,no supported template
kalshi,archive,KXNFLGAME-25NOV09BUFMIA-BUF,KXNFLGAME-25NOV09BUFMIA,Buffalo at Miami Winner?,Buffalo,Buffalo,14707452.0,2025-10-31 07:44:26.258408-07:00,2025-11-09 13:04:46.488690-08:00,,,,,,,,,,,,0.0,no supported template
kalshi,archive,KXNFLGAME-25NOV09BUFMIA-MIA,KXNFLGAME-25NOV09BUFMIA,Buffalo at Miami Winner?,Miami,Miami,7608589.0,2025-10-31 07:44:26.258408-07:00,2025-11-09 13:04:46.488690-08:00,,,,,,,,,,,,0.0,no supported template
kalshi,archive,KXNFLGAME-25NOV09CLENYJ-CLE,KXNFLGAME-25NOV09CLENYJ,Cleveland at New York J Winner?,Cleveland,Cleveland,4314300.0,2025-10-31 07:44:16.906175-07:00,2025-11-09 13:04:46.211096-08:00,,,,,,,,,,,,0.0,no supported template
kalshi,archive,KXNFLGAME-25NOV09DETWAS-DET,KXNFLGAME-25NOV09DETWAS,Detroit at Washington Winner?,Detroit,Detroit,4903078.0,2025-10-31 07:44:35.141670-07:00,2025-11-09 16:24:37.813028-08:00,,,,,,,,,,,,0.0,no supported template
kalshi,archive,KXNFLGAME-25NOV09DETWAS-WAS,KXNFLGAME-25NOV09DETWAS,Detroit at Washington Winner?,Washington,Washington,4367358.0,2025-10-31 07:44:35.141670-07:00,2025-11-09 16:24:37.813028-08:00,,,,,,,,,,,,0.0,no supported template
kalshi,archive,KXNFLGAME-25NOV09JACHOU-HOU,KXNFLGAME-25NOV09JACHOU,Jacksonville at Houston Winner?,Houston,Houston,10542170.0,2025-10-31 07:44:16.438998-07:00,2025-11-09 13:34:40.197225-08:00,,,,,,,,,,,,0.0,no supported template
kalshi,archive,KXNFLGAME-25NOV09JACHOU-JAC,KXNFLGAME-25NOV09JACHOU,Jacksonville at Houston Winner?,Jacksonville,Jacksonville,7724042.0,2025-10-31 07:44:16.438998-07:00,2025-11-09 13:34:40.197225-08:00,,,,,,,,,,,,0.0,no supported template
kalshi,archive,KXNFLGAME-25NOV09LASF-LA,KXNFLGAME-25NOV09LASF,Los Angeles R at San Francisco Winner?,Los Angeles R,Los Angeles R,5880494.0,2025-10-31 07:44:33.009281-07:00,2025-11-09 16:24:37.550724-08:00,,,,,,,,,,,,0.0,no supported template
kalshi,archive,KXNFLGAME-25NOV09LASF-SF,KXNFLGAME-25NOV09LASF,Los Angeles R at San Francisco Winner?,San Francisco,San Francisco,11905320.0,2025-10-31 07:44:33.009281-07:00,2025-11-09 16:24:37.550724-08:00,,,,,,,,,,,,0.0,no supported template
kalshi,archive,KXNFLGAME-25NOV09NETB-NE,KXNFLGAME-25NOV09NETB,New England at Tampa Bay Winner?,New England,New England,6990512.0,2025-10-31 07:44:14.336791-07:00,2025-11-09 13:09:38.960873-08:00,,,,,,,,,,,,0.0,no supported template
kalshi,archive,KXNFLGAME-25NOV09NETB-TB,KXNFLGAME-25NOV09NETB,New England at Tampa Bay Winner?,Tampa Bay,Tampa Bay,6544882.0,2025-10-31 07:44:14.336791-07:00,2025-11-09 13:09:38.960873-08:00,,,,,,,,,,,,0.0,no supported template
kalshi,archive,KXNFLGAME-25NOV09NYGCHI-CHI,KXNFLGAME-25NOV09NYGCHI,New York G at Chicago Winner?,Chicago,Chicago,7905401.0,2025-10-31 07:44:17.578737-07:00,2025-11-09 13:14:42.566370-08:00,,,,,,,,,,,,0.0,no supported template
kalshi,archive,KXNFLGAME-25NOV09NYGCHI-NYG,KXNFLGAME-25NOV09NYGCHI,New York G at Chicago Winner?,New York G,New York G,7243599.0,2025-10-31 07:44:17.578737-07:00,2025-11-09 13:14:42.566370-08:00,,,,,,,,,,,,0.0,no supported template
kalshi,archive,KXNFLGAME-25NOV09PITLAC-LAC,KXNFLGAME-25NOV09PITLAC,Pittsburgh at Los Angeles C Winner?,Los Angeles C,Los Angeles C,10660872.0,2025-10-31 07:44:35.779867-07:00,2025-11-09 20:29:30.020777-08:00,,,,,,,,,,,,0.0,no supported template
kalshi,archive,KXNFLGAME-25NOV09PITLAC-PIT,KXNFLGAME-25NOV09PITLAC,Pittsburgh at Los Angeles C Winner?,Pittsburgh,Pittsburgh,17521663.0,2025-10-31 07:44:35.779867-07:00,2025-11-09 20:29:30.020777-08:00,,,,,,,,,,,,0.0,no supported template
kalshi,archive,KXNFLGAME-25NOV10PHIGB-GB,KXNFLGAME-25NOV10PHIGB,Philadelphia at Green Bay Winner?,Green Bay,Green Bay,16934563.0,2025-10-31 07:44:35.907123-07:00,2025-11-10 20:24:29.422217-08:00,,,,,,,,,,,,0.0,no supported template
kalshi,archive,KXNFLGAME-25NOV10PHIGB-PHI,KXNFLGAME-25NOV10PHIGB,Philadelphia at Green Bay Winner?,Philadelphia,Philadelphia,24374392.0,2025-10-31 07:44:35.907123-07:00,2025-11-10 20:24:29.422217-08:00,,,,,,,,,,,,0.0,no supported template
kalshi,archive,KXNFLGAME-25NOV13NYJNE-NE,KXNFLGAME-25NOV13NYJNE,New York J at New England Winner?,New England,New England,9641479.0,2025-11-07 08:05:42.584221-08:00,2025-11-13 20:09:30.393994-08:00,,,,,,,,,,,,0.0,no supported template
kalshi,archive,KXNFLGAME-25NOV13NYJNE-NYJ,KXNFLGAME-25NOV13NYJNE,New York J at New England Winner?,New York J,New York J,12326994.0,2025-11-07 08:05:42.584221-08:00,2025-11-13 20:09:30.393994-08:00,,,,,,,,,,,,0.0,no supported template
kalshi,archive,KXNFLGAME-25NOV16BALCLE-BAL,KXNFLGAME-25NOV16BALCLE,Baltimore at Cleveland Winner?,Baltimore,Baltimore,7124614.0,2025-11-07 08:06:10.942083-08:00,2025-11-16 16:29:43.301976-08:00,,,,,,,,,,,,0.0,no supported template
kalshi,archive,KXNFLGAME-25NOV16BALCLE-CLE,KXNFLGAME-25NOV16BALCLE,Baltimore at Cleveland Winner?,Cleveland,Cleveland,4345546.0,2025-11-07 08:06:10.942083-08:00,2025-11-16 16:29:43.301976-08:00,,,,,,,,,,,,0.0,no supported template
kalshi,archive,KXNFLGAME-25NOV16CARATL-ATL,KXNFLGAME-25NOV16CARATL,Carolina at Atlanta Winner?,Atlanta,Atlanta,5651009.0,2025-11-07 08:05:44.176814-08:00,2025-11-16 13:34:40.416534-08:00,,,,,,,,,,,,0.0,no supported template
kalshi,archive,KXNFLGAME-25NOV16CARATL-CAR,KXNFLGAME-25NOV16CARATL,Carolina at Atlanta Winner?,Carolina,Carolina,7540657.0,2025-11-07 08:05:44.176814-08:00,2025-11-16 13:34:40.416534-08:00,,,,,,,,,,,,0.0,no supported template
kalshi,archive,KXNFLGAME-25NOV16CHIMIN-CHI,KXNFLGAME-25NOV16CHIMIN,Chicago at Minnesota Winner?,Chicago,Chicago,5507711.0,2025-11-07 08:05:43.864157-08:00,2025-11-16 13:06:25.089119-08:00,,,,,,,,,,,,0.0,no supported template
kalshi,archive,KXNFLGAME-25NOV16CHIMIN-MIN,KXNFLGAME-25NOV16CHIMIN,Chicago at Minnesota Winner?,Minnesota,Minnesota,5164669.0,2025-11-07 08:05:43.864157-08:00,2025-11-16 13:06:25.089119-08:00,,,,,,,,,,,,0.0,no supported template
kalshi,archive,KXNFLGAME-25NOV16CINPIT-PIT,KXNFLGAME-25NOV16CINPIT,Cincinnati at Pittsburgh Winner?,Pittsburgh,Pittsburgh,3833534.0,2025-11-07 08:06:03.361186-08:00,2025-11-16 13:14:55.419077-08:00,,,,,,,,,,,,0.0,no supported template
kalshi,archive,KXNFLGAME-25NOV16DETPHI-DET,KXNFLGAME-25NOV16DETPHI,Detroit at Philadelphia Winner?,Detroit,Detroit,16924421.0,2025-11-07 08:06:11.818315-08:00,2025-11-16 20:34:30.991227-08:00,,,,,,,,,,,,0.0,no supported template
kalshi,archive,KXNFLGAME-25NOV16DETPHI-PHI,KXNFLGAME-25NOV16DETPHI,Detroit at Philadelphia Winner?,Philadelphia,Philadelphia,14054569.0,2025-11-07 08:06:11.818315-08:00,2025-11-16 20:34:30.991227-08:00,,,,,,,,,,,,0.0,no supported template
kalshi,archive,KXNFLGAME-25NOV16GBNYG-GB,KXNFLGAME-25NOV16GBNYG,Green Bay at New York G Winner?,Green Bay,Green Bay,7246738.0,2025-11-07 08:05:44.181284-08:00,2025-11-16 13:05:02.076612-08:00,,,,,,,,,,,,0.0,no supported template
kalshi,archive,KXNFLGAME-25NOV16GBNYG-NYG,KXNFLGAME-25NOV16GBNYG,Green Bay at New York G Winner?,New York G,New York G,6606639.0,2025-11-07 08:05:44.181284-08:00,2025-11-16 13:05:02.076612-08:00,,,,,,,,,,,,0.0,no supported template
kalshi,archive,KXNFLGAME-25NOV16HOUTEN-HOU,KXNFLGAME-25NOV16HOUTEN,Houston at Tennessee Winner?,Houston,Houston,3727232.0,2025-11-07 08:05:44.152045-08:00,2025-11-16 13:09:53.164543-08:00,,,,,,,,,,,,0.0,no supported template
kalshi,archive,KXNFLGAME-25NOV16KCDEN-DEN,KXNFLGAME-25NOV16KCDEN,Kansas City at Denver Winner?,Denver,Denver,12100926.0,2025-11-07 08:06:11.493793-08:00,2025-11-16 16:39:32.954387-08:00,,,,,,,,,,,,0.0,no supported template
kalshi,archive,KXNFLGAME-25NOV16KCDEN-KC,KXNFLGAME-25NOV16KCDEN,Kansas City at Denver Winner?,Kansas City,Kansas City,10842269.0,2025-11-07 08:06:11.493793-08:00,2025-11-16 16:39:32.954387-08:00,,,,,,,,,,,,0.0,no supported template
kalshi,archive,KXNFLGAME-25NOV16LACJAC-LAC,KXNFLGAME-25NOV16LACJAC,Los Angeles C at Jacksonville Winner?,Los Angeles C,Los Angeles C,7474365.0,2025-11-07 08:05:44.156381-08:00,2025-11-16 12:50:05.901989-08:00,,,,,,,,,,,,0.0,no supported template
kalshi,archive,KXNFLGAME-25NOV16SEALA-LA,KXNFLGAME-25NOV16SEALA,Seattle at Los Angeles R Winner?,Los Angeles R,Los Angeles R,7574085.0,2025-11-07 08:06:08.596535-08:00,2025-11-16 16:12:44.596064-08:00,,,,,,,,,,,,0.0,no supported template
kalshi,archive,KXNFLGAME-25NOV16SEALA-SEA,KXNFLGAME-25NOV16SEALA,Seattle at Los Angeles R Winner?,Seattle,Seattle,11152906.0,2025-11-07 08:06:08.596535-08:00,2025-11-16 16:12:44.596064-08:00,,,,,,,,,,,,0.0,no supported template
kalshi,archive,KXNFLGAME-25NOV16SFARI-ARI,KXNFLGAME-25NOV16SFARI,San Francisco at Arizona Winner?,Arizona,Arizona,4995808.0,2025-11-07 08:06:06.740922-08:00,2025-11-16 16:14:36.763545-08:00,,,,,,,,,,,,0.0,no supported template
kalshi,archive,KXNFLGAME-25NOV16SFARI-SF,KXNFLGAME-25NOV16SFARI,San Francisco at Arizona Winner?,San Francisco,San Francisco,6297593.0,2025-11-07 08:06:06.740922-08:00,2025-11-16 16:14:36.763545-08:00,,,,,,,,,,,,0.0,no supported template
kalshi,archive,KXNFLGAME-25NOV16TBBUF-BUF,KXNFLGAME-25NOV16TBBUF,Tampa Bay at Buffalo Winner?,Buffalo,Buffalo,4837105.0,2025-11-07 08:05:44.191896-08:00,2025-11-16 13:19:45.514988-08:00,,,,,,,,,,,,0.0,no supported template
kalshi,archive,KXNFLGAME-25NOV16TBBUF-TB,KXNFLGAME-25NOV16TBBUF,Tampa Bay at Buffalo Winner?,Tampa Bay,Tampa Bay,6854820.0,2025-11-07 08:05:44.191896-08:00,2025-11-16 13:19:45.514988-08:00,,,,,,,,,,,,0.0,no supported template
kalshi,archive,KXNFLGAME-25NOV16WASMIA-MIA,KXNFLGAME-25NOV16WASMIA,Washington at Miami Winner?,Miami,Miami,14084686.0,2025-11-07 08:05:44.206643-08:00,2025-11-16 09:45:01.417482-08:00,,,,,,,,,,,,0.0,no supported template
kalshi,archive,KXNFLGAME-25NOV16WASMIA-WAS,KXNFLGAME-25NOV16WASMIA,Washington at Miami Winner?,Washington,Washington,6925190.0,2025-11-07 08:05:44.206643-08:00,2025-11-16 09:45:01.417482-08:00,,,,,,,,,,,,0.0,no supported template
kalshi,archive,KXNFLGAME-25NOV17DALLV-DAL,KXNFLGAME-25NOV17DALLV,Dallas at Las Vegas Winner?,Dallas,Dallas,13231524.0,2025-11-07 08:06:12.004131-08:00,2025-11-17 20:14:40.013437-08:00,,,,,,,,,,,,0.0,no supported template
kalshi,archive,KXNFLGAME-25NOV17DALLV-LV,KXNFLGAME-25NOV17DALLV,Dallas at Las Vegas Winner?,Las Vegas,Las Vegas,7239566.0,2025-11-07 08:06:12.004131-08:00,2025-11-17 20:14:40.013437-08:00,,,,,,,,,,,,0.0,no supported template
kalshi,archive,KXNFLGAME-25NOV20BUFHOU-BUF,KXNFLGAME-25NOV20BUFHOU,Buffalo at Houston Winner?,Buffalo,Buffalo,23840340.0,2025-11-10 18:01:30.293837-08:00,2025-11-20 20:29:48.704215-08:00,,,,,,,,,,,,0.0,no supported template
kalshi,archive,KXNFLGAME-25NOV20BUFHOU-HOU,KXNFLGAME-25NOV20BUFHOU,Buffalo at Houston Winner?,Houston,Houston,14121156.0,2025-11-10 18:01:30.293837-08:00,2025-11-20 20:29:48.704215-08:00,,,,,,,,,,,,0.0,no supported template
kalshi,archive,KXNFLGAME-25NOV23INDKC-IND,KXNFLGAME-25NOV23INDKC,Indianapolis at Kansas City Winner?,Indianapolis,Indianapolis,6229870.0,2025-11-10 18:01:31.778675-08:00,2025-12-07 10:00:00-08:00,,,,,,,,,,,,0.0,no supported template
kalshi,archive,KXNFLGAME-25NOV23NECIN-NE,KXNFLGAME-25NOV23NECIN,New England at Cincinnati Winner?,New England,New England,4132948.0,2025-11-10 18:01:32.201487-08:00,2025-12-07 10:00:00-08:00,,,,,,,,,,,,0.0,no supported template
kalshi,archive,KXNFLGAME-25OCT02SFLA-LA,KXNFLGAME-25OCT02SFLA,San Francisco at Los Angeles R Winner?,Los Angeles R,Los Angeles R,31935100.0,2025-09-26 20:13:50.038462-07:00,2025-10-02 20:39:38.741547-07:00,,,,,,,,,,,,0.0,no supported template
kalshi,archive,KXNFLGAME-25OCT02SFLA-SF,KXNFLGAME-25OCT02SFLA,San Francisco at Los Angeles R Winner?,San Francisco,San Francisco,32893708.0,2025-09-26 20:13:50.038462-07:00,2025-10-02 20:39:38.741547-07:00,,,,,,,,,,,,0.0,no supported template
kalshi,archive,KXNFLGAME-25OCT05DALNYJ-DAL,KXNFLGAME-25OCT05DALNYJ,Dallas at New York J Winner?,Dallas,Dallas,8979589.0,2025-09-26 20:13:51.118877-07:00,2025-10-05 13:14:55.196631-07:00,,,,,,,,,,,,0.0,no supported template
kalshi,archive,KXNFLGAME-25OCT05DALNYJ-NYJ,KXNFLGAME-25OCT05DALNYJ,Dallas at New York J Winner?,New York J,New York J,4420795.0,2025-09-26 20:13:51.118877-07:00,2025-10-05 13:14:55.196631-07:00,,,,,,,,,,,,0.0,no supported template
kalshi,archive,KXNFLGAME-25OCT05DENPHI-DEN,KXNFLGAME-25OCT05DENPHI,Denver at Philadelphia Winner?,Denver,Denver,11588837.0,2025-09-26 20:13:51.679340-07:00,2025-10-05 13:24:49.196699-07:00,,,,,,,,,,,,0.0,no supported template
kalshi,archive,KXNFLGAME-25OCT05DENPHI-PHI,KXNFLGAME-25OCT05DENPHI,Denver at Philadelphia Winner?,Philadelphia,Philadelphia,14926375.0,2025-09-26 20:13:51.679340-07:00,2025-10-05 13:24:49.196699-07:00,,,,,,,,,,,,0.0,no supported template
kalshi,archive,KXNFLGAME-25OCT05DETCIN-DET,KXNFLGAME-25OCT05DETCIN,Detroit at Cincinnati Winner?,Detroit,Detroit,5126187.0,2025-09-26 20:13:55.323429-07:00,2025-10-05 16:29:38.194299-07:00,,,,,,,,,,,,0.0,no supported template
kalshi,archive,KXNFLGAME-25OCT05HOUBAL-BAL,KXNFLGAME-25OCT05HOUBAL,Houston at Baltimore Winner?,Baltimore,Baltimore,4977279.0,2025-09-26 20:13:52.115814-07:00,2025-10-05 12:54:49.554786-07:00,,,,,,,,,,,,0.0,no supported template
kalshi,archive,KXNFLGAME-25OCT05MIACAR-CAR,KXNFLGAME-25OCT05MIACAR,Miami at Carolina Winner?,Carolina,Carolina,7519012.0,2025-09-26 20:13:53.592086-07:00,2025-10-05 13:09:54.262202-07:00,,,,,,,,,,,,0.0,no supported template
kalshi,archive,KXNFLGAME-25OCT05MIACAR-MIA,KXNFLGAME-25OCT05MIACAR,Miami at Carolina Winner?,Miami,Miami,7442924.0,2025-09-26 20:13:53.592086-07:00,2025-10-05 13:09:54.262202-07:00,,,,,,,,,,,,0.0,no supported template
kalshi,archive,KXNFLGAME-25OCT05MINCLE-CLE,KXNFLGAME-25OCT05MINCLE,Minnesota at Cleveland Winner?,Cleveland,Cleveland,8984654.0,2025-09-26 20:13:50.569360-07:00,2025-10-05 09:44:43.860801-07:00,,,,,,,,,,,,0.0,no supported template
kalshi,archive,KXNFLGAME-25OCT05MINCLE-MIN,KXNFLGAME-25OCT05MINCLE,Minnesota at Cleveland Winner?,Minnesota,Minnesota,15829213.0,2025-09-26 20:13:50.569360-07:00,2025-10-05 09:44:43.860801-07:00,,,,,,,,,,,,0.0,no supported template
kalshi,archive,KXNFLGAME-25OCT05NEBUF-BUF,KXNFLGAME-25OCT05NEBUF,New England at Buffalo Winner?,Buffalo,Buffalo,27573236.0,2025-09-26 20:13:55.769543-07:00,2025-10-05 20:31:48.574062-07:00,,,,,,,,,,,,0.0,no supported template
kalshi,archive,KXNFLGAME-25OCT05NEBUF-NE,KXNFLGAME-25OCT05NEBUF,New England at Buffalo Winner?,New England,New England,24199998.0,2025-09-26 20:13:55.769543-07:00,2025-10-05 20:31:48.574062-07:00,,,,,,,,,,,,0.0,no supported template
kalshi,archive,KXNFLGAME-25OCT05NYGNO-NO,KXNFLGAME-25OCT05NYGNO,New York G at New Orleans Winner?,New Orleans,New Orleans,6452198.0,2025-09-26 20:13:52.590851-07:00,2025-10-05 13:09:57.284673-07:00,,,,,,,,,,,,0.0,no supported template
kalshi,archive,KXNFLGAME-25OCT05NYGNO-NYG,KXNFLGAME-25OCT05NYGNO,New York G at New Orleans Winner?,New York G,New York G,8868024.0,2025-09-26 20:13:52.590851-07:00,2025-10-05 13:09:57.284673-07:00,,,,,,,,,,,,0.0,no supported template
kalshi,archive,KXNFLGAME-25OCT05TBSEA-SEA,KXNFLGAME-25OCT05TBSEA,Tampa Bay at Seattle Winner?,Seattle,Seattle,13901578.0,2025-09-26 20:13:54.017921-07:00,2025-10-05 16:04:48.381393-07:00,,,,,,,,,,,,0.0,no supported template
kalshi,archive,KXNFLGAME-25OCT05TBSEA-TB,KXNFLGAME-25OCT05TBSEA,Tampa Bay at Seattle Winner?,Tampa Bay,Tampa Bay,16820433.0,2025-09-26 20:13:54.017921-07:00,2025-10-05 16:04:48.381393-07:00,,,,,,,,,,,,0.0,no supported template
kalshi,archive,KXNFLGAME-25OCT05TENARI-ARI,KXNFLGAME-25OCT05TENARI,Tennessee at Arizona Winner?,Arizona,Arizona,6136772.0,2025-09-26 20:13:54.458835-07:00,2025-10-05 16:23:40.800607-07:00,,,,,,,,,,,,0.0,no supported template
kalshi,archive,KXNFLGAME-25OCT05TENARI-TEN,KXNFLGAME-25OCT05TENARI,Tennessee at Arizona Winner?,Tennessee,Tennessee,8609116.0,2025-09-26 20:13:54.458835-07:00,2025-10-05 16:23:40.800607-07:00,,,,,,,,,,,,0.0,no supported template
kalshi,archive,KXNFLGAME-25OCT05WASLAC-LAC,KXNFLGAME-25OCT05WASLAC,Washington at Los Angeles C Winner?,Los Angeles C,Los Angeles C,10288108.0,2025-09-26 20:13:54.889832-07:00,2025-10-05 16:24:34.203555-07:00,,,,,,,,,,,,0.0,no supported template
kalshi,archive,KXNFLGAME-25OCT05WASLAC-WAS,KXNFLGAME-25OCT05WASLAC,Washington at Los Angeles C Winner?,Washington,Washington,7449654.0,2025-09-26 20:13:54.889832-07:00,2025-10-05 16:24:34.203555-07:00,,,,,,,,,,,,0.0,no supported template
kalshi,archive,KXNFLGAME-25OCT06KCJAC-JAC,KXNFLGAME-25OCT06KCJAC,Kansas City at Jacksonville Winner?,Jacksonville,Jacksonville,29088340.0,2025-09-26 20:13:56.281343-07:00,2025-10-06 20:19:39.351962-07:00,,,,,,,,,,,,0.0,no supported template
kalshi,archive,KXNFLGAME-25OCT06KCJAC-KC,KXNFLGAME-25OCT06KCJAC,Kansas City at Jacksonville Winner?,Kansas City,Kansas City,29934749.0,2025-09-26 20:13:56.281343-07:00,2025-10-06 20:19:39.351962-07:00,,,,,,,,,,,,0.0,no supported template
kalshi,archive,KXNFLGAME-25OCT09PHINYG-NYG,KXNFLGAME-25OCT09PHINYG,Philadelphia at New York G Winner?,New York G,New York G,19882009.0,2025-10-02 21:29:06.138279-07:00,2025-10-09 20:16:00.083211-07:00,,,,,,,,,,,,0.0,no supported template
kalshi,archive,KXNFLGAME-25OCT09PHINYG-PHI,KXNFLGAME-25OCT09PHINYG,Philadelphia at New York G Winner?,Philadelphia,Philadelphia,26087486.0,2025-10-02 21:29:06.138279-07:00,2025-10-09 20:16:00.083211-07:00,,,,,,,,,,,,0.0,no supported template
kalshi,archive,KXNFLGAME-25OCT12ARIIND-ARI,KXNFLGAME-25OCT12ARIIND,Arizona at Indianapolis Winner?,Arizona,Arizona,4783504.0,2025-10-02 21:29:07.414197-07:00,2025-10-12 13:05:11.572208-07:00,,,,,,,,,,,,0.0,no supported template
kalshi,archive,KXNFLGAME-25OCT12CINGB-CIN,KXNFLGAME-25OCT12CINGB,Cincinnati at Green Bay Winner?,Cincinnati,Cincinnati,16480474.0,2025-10-02 21:29:11.665870-07:00,2025-10-12 16:19:52.444264-07:00,,,,,,,,,,,,0.0,no supported template
kalshi,archive,KXNFLGAME-25OCT12CINGB-GB,KXNFLGAME-25OCT12CINGB,Cincinnati at Green Bay Winner?,Green Bay,Green Bay,4939728.0,2025-10-02 21:29:11.665870-07:00,2025-10-12 16:19:52.444264-07:00,,,,,,,,,,,,0.0,no supported template
kalshi,archive,KXNFLGAME-25OCT12DALCAR-CAR,KXNFLGAME-25OCT12DALCAR,Dallas at Carolina Winner?,Carolina,Carolina,5392660.0,2025-10-02 21:29:10.321406-07:00,2025-10-12 13:05:11.687410-07:00,,,,,,,,,,,,0.0,no supported template
kalshi,archive,KXNFLGAME-25OCT12DALCAR-DAL,KXNFLGAME-25OCT12DALCAR,Dallas at Carolina Winner?,Dallas,Dallas,9869991.0,2025-10-02 21:29:10.321406-07:00,2025-10-12 13:05:11.687410-07:00,,,,,,,,,,,,0.0,no supported template
kalshi,archive,KXNFLGAME-25OCT12DENNYJ-DEN,KXNFLGAME-25OCT12DENNYJ,Denver at New York J Winner?,Denver,Denver,8631418.0,2025-10-02 21:29:06.733273-07:00,2025-10-12 09:37:16.483645-07:00,,,,,,,,,,,,0.0,no supported template
kalshi,archive,KXNFLGAME-25OCT12DENNYJ-NYJ,KXNFLGAME-25OCT12DENNYJ,Denver at New York J Winner?,New York J,New York J,9883262.0,2025-10-02 21:29:06.733273-07:00,2025-10-12 09:37:16.483645-07:00,,,,,,,,,,,,0.0,no supported template
kalshi,archive,KXNFLGAME-25OCT12DETKC-DET,KXNFLGAME-25OCT12DETKC,Detroit at Kansas City Winner?,Detroit,Detroit,22923219.0,2025-10-02 21:29:12.143245-07:00,2025-10-12 20:09:44.405906-07:00,,,,,,,,,,,,0.0,no supported template
kalshi,archive,KXNFLGAME-25OCT12DETKC-KC,KXNFLGAME-25OCT12DETKC,Detroit at Kansas City Winner?,Kansas City,Kansas City,12025258.0,2025-10-02 21:29:12.143245-07:00,2025-10-12 20:09:44.405906-07:00,,,,,,,,,,,,0.0,no supported template
kalshi,archive,KXNFLGAME-25OCT12LABAL-BAL,KXNFLGAME-25OCT12LABAL,Los Angeles R at Baltimore Winner?,Baltimore,Baltimore,3928323.0,2025-10-02 21:29:08.372638-07:00,2025-10-12 12:55:16.953347-07:00,,,,,,,,,,,,0.0,no supported template
kalshi,archive,KXNFLGAME-25OCT12LACMIA-LAC,KXNFLGAME-25OCT12LACMIA,Los Angeles C at Miami Winner?,Los Angeles C,Los Angeles C,4587517.0,2025-10-02 21:29:09.852680-07:00,2025-10-12 13:05:55.943167-07:00,,,,,,,,,,,,0.0,no supported template
kalshi,archive,KXNFLGAME-25OCT12LACMIA-MIA,KXNFLGAME-25OCT12LACMIA,Los Angeles C at Miami Winner?,Miami,Miami,4468589.0,2025-10-02 21:29:09.852680-07:00,2025-10-12 13:05:55.943167-07:00,,,,,,,,,,,,0.0,no supported template
kalshi,archive,KXNFLGAME-25OCT12SEAJAC-JAC,KXNFLGAME-25OCT12SEAJAC,Seattle at Jacksonville Winner?,Jacksonville,Jacksonville,5774335.0,2025-10-02 21:29:09.311307-07:00,2025-10-12 13:10:05.913947-07:00,,,,,,,,,,,,0.0,no supported template
kalshi,archive,KXNFLGAME-25OCT12SEAJAC-SEA,KXNFLGAME-25OCT12SEAJAC,Seattle at Jacksonville Winner?,Seattle,Seattle,4631611.0,2025-10-02 21:29:09.311307-07:00,2025-10-12 13:10:05.913947-07:00,,,,,,,,,,,,0.0,no supported template
kalshi,archive,KXNFLGAME-25OCT12SFTB-SF,KXNFLGAME-25OCT12SFTB,San Francisco at Tampa Bay Winner?,San Francisco,San Francisco,11835738.0,2025-10-02 21:29:11.235298-07:00,2025-10-12 16:24:43.347626-07:00,,,,,,,,,,,,0.0,no supported template
kalshi,archive,KXNFLGAME-25OCT12SFTB-TB,KXNFLGAME-25OCT12SFTB,San Francisco at Tampa Bay Winner?,Tampa Bay,Tampa Bay,7654817.0,2025-10-02 21:29:11.235298-07:00,2025-10-12 16:24:43.347626-07:00,,,,,,,,,,,,0.0,no supported template
kalshi,archive,KXNFLGAME-25OCT12TENLV-TEN,KXNFLGAME-25OCT12TENLV,Tennessee at Las Vegas Winner?,Tennessee,Tennessee,6181044.0,2025-10-02 21:29:10.776525-07:00,2025-10-12 16:00:26.264927-07:00,,,,,,,,,,,,0.0,no supported template
kalshi,archive,KXNFLGAME-25OCT13BUFATL-ATL,KXNFLGAME-25OCT13BUFATL,Buffalo at Atlanta Winner?,Atlanta,Atlanta,11722673.0,2025-10-02 21:29:12.583585-07:00,2025-10-13 19:24:47.709860-07:00,,,,,,,,,,,,0.0,no supported template
kalshi,archive,KXNFLGAME-25OCT13BUFATL-BUF,KXNFLGAME-25OCT13BUFATL,Buffalo at Atlanta Winner?,Buffalo,Buffalo,26504071.0,2025-10-02 21:29:12.583585-07:00,2025-10-13 19:24:47.709860-07:00,,,,,,,,,,,,0.0,no supported template
kalshi,archive,KXNFLGAME-25OCT13CHIWAS-CHI,KXNFLGAME-25OCT13CHIWAS,Chicago at Washington Winner?,Chicago,Chicago,17078981.0,2025-10-02 21:29:13.051457-07:00,2025-10-13 20:21:54.976471-07:00,,,,,,,,,,,,0.0,no supported template
kalshi,archive,KXNFLGAME-25OCT13CHIWAS-WAS,KXNFLGAME-25OCT13CHIWAS,Chicago at Washington Winner?,Washington,Washington,13386108.0,2025-10-02 21:29:13.051457-07:00,2025-10-13 20:21:54.976471-07:00,,,,,,,,,,,,0.0,no supported template
kalshi,archive,KXNFLGAME-25OCT16PITCIN-CIN,KXNFLGAME-25OCT16PITCIN,Pittsburgh at Cincinnati Winner?,Cincinnati,Cincinnati,21096185.0,2025-10-08 11:54:35.283151-07:00,2025-10-16 20:38:05.565359-07:00,,,,,,,,,,,,0.0,no supported template
kalshi,archive,KXNFLGAME-25OCT16PITCIN-PIT,KXNFLGAME-25OCT16PITCIN,Pittsburgh at Cincinnati Winner?,Pittsburgh,Pittsburgh,20893992.0,2025-10-08 11:54:35.283151-07:00,2025-10-16 20:38:05.565359-07:00,,,,,,,,,,,,0.0,no supported template
kalshi,archive,KXNFLGAME-25OCT19ATLSF-ATL,KXNFLGAME-25OCT19ATLSF,Atlanta at San Francisco Winner?,Atlanta,Atlanta,15943454.0,2025-10-08 11:54:41.139262-07:00,2025-10-19 20:19:43.143434-07:00,,,,,,,,,,,,0.0,no supported template
kalshi,archive,KXNFLGAME-25OCT19ATLSF-SF,KXNFLGAME-25OCT19ATLSF,Atlanta at San Francisco Winner?,San Francisco,San Francisco,16156801.0,2025-10-08 11:54:41.139262-07:00,2025-10-19 20:19:43.143434-07:00,,,,,,,,,,,,0.0,no supported template
kalshi,archive,KXNFLGAME-25OCT19CARNYJ-CAR,KXNFLGAME-25OCT19CARNYJ,Carolina at New York J Winner?,Carolina,Carolina,5674078.0,2025-10-08 11:54:39.586839-07:00,2025-10-19 13:10:15.940954-07:00,,,,,,,,,,,,0.0,no supported template
kalshi,archive,KXNFLGAME-25OCT19CARNYJ-NYJ,KXNFLGAME-25OCT19CARNYJ,Carolina at New York J Winner?,New York J,New York J,4196684.0,2025-10-08 11:54:39.586839-07:00,2025-10-19 13:10:15.940954-07:00,,,,,,,,,,,,0.0,no supported template
kalshi,archive,KXNFLGAME-25OCT19GBARI-ARI,KXNFLGAME-25OCT19GBARI,Green Bay at Arizona Winner?,Arizona,Arizona,7463321.0,2025-10-08 11:54:40.889881-07:00,2025-10-19 16:35:16.997437-07:00,,,,,,,,,,,,0.0,no supported template
kalshi,archive,KXNFLGAME-25OCT19GBARI-GB,KXNFLGAME-25OCT19GBARI,Green Bay at Arizona Winner?,Green Bay,Green Bay,9422079.0,2025-10-08 11:54:40.889881-07:00,2025-10-19 16:35:16.997437-07:00,,,,,,,,,,,,0.0,no supported template
kalshi,archive,KXNFLGAME-25OCT19INDLAC-IND,KXNFLGAME-25OCT19INDLAC,Indianapolis at Los Angeles C Winner?,Indianapolis,Indianapolis,7210670.0,2025-10-08 11:54:39.993391-07:00,2025-10-19 16:15:02.584512-07:00,,,,,,,,,,,,0.0,no supported template
kalshi,archive,KXNFLGAME-25OCT19INDLAC-LAC,KXNFLGAME-25OCT19INDLAC,Indianapolis at Los Angeles C Winner?,Los Angeles C,Los Angeles C,7109844.0,2025-10-08 11:54:39.993391-07:00,2025-10-19 16:15:02.584512-07:00,,,,,,,,,,,,0.0,no supported template
kalshi,archive,KXNFLGAME-25OCT19LAJAC-JAC,KXNFLGAME-25OCT19LAJAC,Los Angeles R at Jacksonville Winner?,Jacksonville,Jacksonville,7751494.0,2025-10-08 11:54:35.043741-07:00,2025-10-19 09:49:53.139726-07:00,,,,,,,,,,,,0.0,no supported template
kalshi,archive,KXNFLGAME-25OCT19LAJAC-LA,KXNFLGAME-25OCT19LAJAC,Los Angeles R at Jacksonville Winner?,Los Angeles R,Los Angeles R,5338197.0,2025-10-08 11:54:35.043741-07:00,2025-10-19 09:49:53.139726-07:00,,,,,,,,,,,,0.0,no supported template
kalshi,archive,KXNFLGAME-25OCT19LVKC-LV,KXNFLGAME-25OCT19LVKC,Las Vegas at Kansas City Winner?,Las Vegas,Las Vegas,7029505.0,2025-10-08 11:54:39.671720-07:00,2025-10-19 12:45:06.055269-07:00,,,,,,,,,,,,0.0,no supported template
kalshi,archive,KXNFLGAME-25OCT19NETEN-NE,KXNFLGAME-25OCT19NETEN,New England at Tennessee Winner?,New England,New England,4158213.0,2025-10-08 11:54:35.571128-07:00,2025-10-19 12:45:05.871384-07:00,,,,,,,,,,,,0.0,no supported template
kalshi,archive,KXNFLGAME-25OCT19NOCHI-NO,KXNFLGAME-25OCT19NOCHI,New Orleans at Chicago Winner?,New Orleans,New Orleans,3876936.0,2025-10-08 11:54:40.106806-07:00,2025-10-19 13:00:13.899192-07:00,,,,,,,,,,,,0.0,no supported template
kalshi,archive,KXNFLGAME-25OCT19NYGDEN-DEN,KXNFLGAME-25OCT19NYGDEN,New York G at Denver Winner?,Denver,Denver,12259714.0,2025-10-08 11:54:40.022407-07:00,2025-10-19 16:40:34.053874-07:00,,,,,,,,,,,,0.0,no supported template
kalshi,archive,KXNFLGAME-25OCT19NYGDEN-NYG,KXNFLGAME-25OCT19NYGDEN,New York G at Denver Winner?,New York G,New York G,19817436.0,2025-10-08 11:54:40.022407-07:00,2025-10-19 16:40:34.053874-07:00,,,,,,,,,,,,0.0,no supported template
kalshi,archive,KXNFLGAME-25OCT19PHIMIN-MIN,KXNFLGAME-25OCT19PHIMIN,Philadelphia at Minnesota Winner?,Minnesota,Minnesota,6832093.0,2025-10-08 11:54:35.637185-07:00,2025-10-19 13:10:15.339735-07:00,,,,,,,,,,,,0.0,no supported template
kalshi,archive,KXNFLGAME-25OCT19PHIMIN-PHI,KXNFLGAME-25OCT19PHIMIN,Philadelphia at Minnesota Winner?,Philadelphia,Philadelphia,10852277.0,2025-10-08 11:54:35.637185-07:00,2025-10-19 13:10:15.339735-07:00,,,,,,,,,,,,0.0,no supported template
kalshi,archive,KXNFLGAME-25OCT19WASDAL-DAL,KXNFLGAME-25OCT19WASDAL,Washington at Dallas Winner?,Dallas,Dallas,5821874.0,2025-10-08 11:54:40.823628-07:00,2025-10-19 16:40:01.542416-07:00,,,,,,,,,,,,0.0,no supported template
kalshi,archive,KXNFLGAME-25OCT19WASDAL-WAS,KXNFLGAME-25OCT19WASDAL,Washington at Dallas Winner?,Washington,Washington,5131254.0,2025-10-08 11:54:40.823628-07:00,2025-10-19 16:40:01.542416-07:00,,,,,,,,,,,,0.0,no supported template
kalshi,archive,KXNFLGAME-25OCT20HOUSEA-HOU,KXNFLGAME-25OCT20HOUSEA,Houston at Seattle Winner?,Houston,Houston,13224110.0,2025-10-08 11:54:41.163991-07:00,2025-10-20 22:29:49.653184-07:00,,,,,,,,,,,,0.0,no supported template
kalshi,archive,KXNFLGAME-25OCT20HOUSEA-SEA,KXNFLGAME-25OCT20HOUSEA,Houston at Seattle Winner?,Seattle,Seattle,12408599.0,2025-10-08 11:54:41.163991-07:00,2025-10-20 22:29:49.653184-07:00,,,,,,,,,,,,0.0,no supported template
kalshi,archive,KXNFLGAME-25OCT20TBDET-DET,KXNFLGAME-25OCT20TBDET,Tampa Bay at Detroit Winner?,Detroit,Detroit,11311124.0,2025-10-08 11:54:41.120469-07:00,2025-10-20 19:24:49.572489-07:00,,,,,,,,,,,,0.0,no supported template
kalshi,archive,KXNFLGAME-25OCT20TBDET-TB,KXNFLGAME-25OCT20TBDET,Tampa Bay at Detroit Winner?,Tampa Bay,Tampa Bay,30937684.0,2025-10-08 11:54:41.120469-07:00,2025-10-20 19:24:49.572489-07:00,,,,,,,,,,,,0.0,no supported template
kalshi,archive,KXNFLGAME-25OCT23MINLAC-LAC,KXNFLGAME-25OCT23MINLAC,Minnesota at Los Angeles C Winner?,Los Angeles C,Los Angeles C,9564268.0,2025-10-14 12:01:12.768054-07:00,2025-10-23 20:20:04.937900-07:00,,,,,,,,,,,,0.0,no supported template
kalshi,archive,KXNFLGAME-25OCT23MINLAC-MIN,KXNFLGAME-25OCT23MINLAC,Minnesota at Los Angeles C Winner?,Minnesota,Minnesota,14785265.0,2025-10-14 12:01:12.768054-07:00,2025-10-23 20:20:04.937900-07:00,,,,,,,,,,,,0.0,no supported template
kalshi,archive,KXNFLGAME-25OCT26CHIBAL-BAL,KXNFLGAME-25OCT26CHIBAL,Chicago at Baltimore Winner?,Baltimore,Baltimore,6313368.0,2025-10-14 12:01:20.946387-07:00,2025-10-26 13:06:37.020908-07:00,,,,,,,,,,,,0.0,no supported template
kalshi,archive,KXNFLGAME-25OCT26CHIBAL-CHI,KXNFLGAME-25OCT26CHIBAL,Chicago at Baltimore Winner?,Chicago,Chicago,15305857.0,2025-10-14 12:01:20.946387-07:00,2025-10-26 13:06:37.020908-07:00,,,,,,,,,,,,0.0,no supported template
kalshi,archive,KXNFLGAME-25OCT26DALDEN-DAL,KXNFLGAME-25OCT26DALDEN,Dallas at Denver Winner?,Dallas,Dallas,13039472.0,2025-10-14 12:01:21.761024-07:00,2025-10-26 16:33:45.173310-07:00,,,,,,,,,,,,0.0,no supported template
kalshi,archive,KXNFLGAME-25OCT26DALDEN-DEN,KXNFLGAME-25OCT26DALDEN,Dallas at Denver Winner?,Denver,Denver,5957604.0,2025-10-14 12:01:21.761024-07:00,2025-10-26 16:33:45.173310-07:00,,,,,,,,,,,,0.0,no supported template
kalshi,archive,KXNFLGAME-25OCT26GBPIT-GB,KXNFLGAME-25OCT26GBPIT,Green Bay at Pittsburgh Winner?,Green Bay,Green Bay,19299314.0,2025-10-14 12:01:21.770451-07:00,2025-10-26 20:36:28.409625-07:00,,,,,,,,,,,,0.0,no supported template
kalshi,archive,KXNFLGAME-25OCT26GBPIT-PIT,KXNFLGAME-25OCT26GBPIT,Green Bay at Pittsburgh Winner?,Pittsburgh,Pittsburgh,16876652.0,2025-10-14 12:01:21.770451-07:00,2025-10-26 20:36:28.409625-07:00,,,,,,,,,,,,0.0,no supported template
kalshi,archive,KXNFLGAME-25OCT26NYGPHI-NYG,KXNFLGAME-25OCT26NYGPHI,New York G at Philadelphia Winner?,New York G,New York G,4779142.0,2025-10-14 12:01:12.733725-07:00,2025-10-26 13:06:04.689974-07:00,,,,,,,,,,,,0.0,no supported template
kalshi,archive,KXNFLGAME-25OCT26NYJCIN-CIN,KXNFLGAME-25OCT26NYJCIN,New York J at Cincinnati Winner?,Cincinnati,Cincinnati,6353551.0,2025-10-14 12:01:11.548198-07:00,2025-10-26 13:16:43.013517-07:00,,,,,,,,,,,,0.0,no supported template
kalshi,archive,KXNFLGAME-25OCT26NYJCIN-NYJ,KXNFLGAME-25OCT26NYJCIN,New York J at Cincinnati Winner?,New York J,New York J,6132129.0,2025-10-14 12:01:11.548198-07:00,2025-10-26 13:16:43.013517-07:00,,,,,,,,,,,,0.0,no supported template
kalshi,archive,KXNFLGAME-25OCT26SFHOU-HOU,KXNFLGAME-25OCT26SFHOU,San Francisco at Houston Winner?,Houston,Houston,3889347.0,2025-10-14 12:01:12.284491-07:00,2025-10-26 13:06:03.175785-07:00,,,,,,,,,,,,0.0,no supported template
kalshi,archive,KXNFLGAME-25OCT26SFHOU-SF,KXNFLGAME-25OCT26SFHOU,San Francisco at Houston Winner?,San Francisco,San Francisco,11708552.0,2025-10-14 12:01:12.284491-07:00,2025-10-26 13:06:03.175785-07:00,,,,,,,,,,,,0.0,no supported template
kalshi,archive,KXNFLGAME-25OCT26TBNO-NO,KXNFLGAME-25OCT26TBNO,Tampa Bay at New Orleans Winner?,New Orleans,New Orleans,4485425.0,2025-10-14 12:01:21.551660-07:00,2025-10-26 16:03:30.458433-07:00,,,,,,,,,,,,0.0,no supported template
kalshi,archive,KXNFLGAME-25OCT26TBNO-TB,KXNFLGAME-25OCT26TBNO,Tampa Bay at New Orleans Winner?,Tampa Bay,Tampa Bay,9397489.0,2025-10-14 12:01:21.551660-07:00,2025-10-26 16:03:30.458433-07:00,,,,,,,,,,,,0.0,no supported template
kalshi,archive,KXNFLGAME-25OCT26TENIND-TEN,KXNFLGAME-25OCT26TENIND,Tennessee at Indianapolis Winner?,Tennessee,Tennessee,3809528.0,2025-10-14 12:01:22.088283-07:00,2025-10-26 16:23:15.860863-07:00,,,,,,,,,,,,0.0,no supported template
kalshi,archive,KXNFLGAME-25OCT27WASKC-KC,KXNFLGAME-25OCT27WASKC,Washington at Kansas City Winner?,Kansas City,Kansas City,11623325.0,2025-10-14 12:01:22.104777-07:00,2025-10-27 20:07:33.916450-07:00,,,,,,,,,,,,0.0,no supported template
kalshi,archive,KXNFLGAME-25OCT27WASKC-WAS,KXNFLGAME-25OCT27WASKC,Washington at Kansas City Winner?,Washington,Washington,12094918.0,2025-10-14 12:01:22.104777-07:00,2025-10-27 20:07:33.916450-07:00,,,,,,,,,,,,0.0,no supported template
kalshi,archive,KXNFLGAME-25OCT30BALMIA-BAL,KXNFLGAME-25OCT30BALMIA,Baltimore at Miami Winner?,Baltimore,Baltimore,7209020.0,2025-10-20 10:40:33.830912-07:00,2025-10-30 20:10:04.748157-07:00,,,,,,,,,,,,0.0,no supported template
kalshi,archive,KXNFLGAME-25OCT30BALMIA-MIA,KXNFLGAME-25OCT30BALMIA,Baltimore at Miami Winner?,Miami,Miami,9737872.0,2025-10-20 10:40:33.830912-07:00,2025-10-30 20:10:04.748157-07:00,,,,,,,,,,,,0.0,no supported template
kalshi,archive,KXNFLGAME-25SEP04DALPHI-DAL,KXNFLGAME-25SEP04DALPHI,Dallas vs Philadelphia Winner?,Dallas,Dallas,12943250.0,2025-05-19 20:18:52.023109-07:00,2025-09-04 21:29:13.061741-07:00,,,,,,,,,,,,0.0,no supported template
kalshi,archive,KXNFLGAME-25SEP04DALPHI-PHI,KXNFLGAME-25SEP04DALPHI,Dallas vs Philadelphia Winner?,Philadelphia,Philadelphia,13774654.0,2025-05-19 20:18:52.023108-07:00,2025-09-04 21:29:13.061741-07:00,,,,,,,,,,,,0.0,no supported template
kalshi,archive,KXNFLGAME-25SEP05KCLAC-KC,KXNFLGAME-25SEP05KCLAC,Kansas City vs Los Angeles C Winner?,Kansas City,Kansas City,17567284.0,2025-05-19 20:18:58.605105-07:00,2025-09-05 20:14:15.684801-07:00,,,,,,,,,,,,0.0,no supported template
kalshi,archive,KXNFLGAME-25SEP05KCLAC-LAC,KXNFLGAME-25SEP05KCLAC,Kansas City vs Los Angeles C Winner?,Los Angeles C,Los Angeles C,9746347.0,2025-05-19 20:18:58.605105-07:00,2025-09-05 20:14:15.684801-07:00,,,,,,,,,,,,0.0,no supported template
kalshi,archive,KXNFLGAME-25SEP07ARINO-ARI,KXNFLGAME-25SEP07ARINO,Arizona vs New Orleans Winner?,Arizona,Arizona,7053203.0,2025-05-19 20:19:38.334308-07:00,2025-09-07 13:11:46.249261-07:00,,,,,,,,,,,,0.0,no supported template
kalshi,archive,KXNFLGAME-25SEP07ARINO-NO,KXNFLGAME-25SEP07ARINO,Arizona vs New Orleans Winner?,New Orleans,New Orleans,5591129.0,2025-05-19 20:19:38.334307-07:00,2025-09-07 13:11:46.249261-07:00,,,,,,,,,,,,0.0,no supported template
kalshi,archive,KXNFLGAME-25SEP07BALBUF-BAL,KXNFLGAME-25SEP07BALBUF,Baltimore vs Buffalo Winner?,Baltimore,Baltimore,17937996.0,2025-05-19 20:20:24.651066-07:00,2025-09-07 20:39:18.677910-07:00,,,,,,,,,,,,0.0,no supported template
kalshi,archive,KXNFLGAME-25SEP07BALBUF-BUF,KXNFLGAME-25SEP07BALBUF,Baltimore vs Buffalo Winner?,Buffalo,Buffalo,18061979.0,2025-05-19 20:20:24.651066-07:00,2025-09-07 20:39:18.677910-07:00,,,,,,,,,,,,0.0,no supported template
kalshi,archive,KXNFLGAME-25SEP07CINCLE-CIN,KXNFLGAME-25SEP07CINCLE,Cincinnati vs Cleveland Winner?,Cincinnati,Cincinnati,6892588.0,2025-05-19 20:19:44.916990-07:00,2025-09-07 13:13:09.087886-07:00,,,,,,,,,,,,0.0,no supported template
kalshi,archive,KXNFLGAME-25SEP07CINCLE-CLE,KXNFLGAME-25SEP07CINCLE,Cincinnati vs Cleveland Winner?,Cleveland,Cleveland,4368071.0,2025-05-19 20:19:44.916990-07:00,2025-09-07 13:13:09.087886-07:00,,,,,,,,,,,,0.0,no supported template
kalshi,archive,KXNFLGAME-25SEP07DETGB-DET,KXNFLGAME-25SEP07DETGB,Detroit vs Green Bay Winner?,Detroit,Detroit,6306957.0,2025-05-19 20:20:11.429166-07:00,2025-09-07 16:26:00.989398-07:00,,,,,,,,,,,,0.0,no supported template
kalshi,archive,KXNFLGAME-25SEP07DETGB-GB,KXNFLGAME-25SEP07DETGB,Detroit vs Green Bay Winner?,Green Bay,Green Bay,4218950.0,2025-05-19 20:20:11.429165-07:00,2025-09-07 16:26:00.989398-07:00,,,,,,,,,,,,0.0,no supported template
kalshi,archive,KXNFLGAME-25SEP07HOULA-HOU,KXNFLGAME-25SEP07HOULA,Houston vs Los Angeles R Winner?,Houston,Houston,7842819.0,2025-05-19 20:20:18.055685-07:00,2025-09-07 16:23:40.971457-07:00,,,,,,,,,,,,0.0,no supported template
kalshi,archive,KXNFLGAME-25SEP07HOULA-LA,KXNFLGAME-25SEP07HOULA,Houston vs Los Angeles R Winner?,Los Angeles R,Los Angeles R,7191979.0,2025-05-19 20:20:18.055685-07:00,2025-09-07 16:23:40.971457-07:00,,,,,,,,,,,,0.0,no supported template
kalshi,archive,KXNFLGAME-25SEP07LVNE-LV,KXNFLGAME-25SEP07LVNE,Las Vegas vs New England Winner?,Las Vegas,Las Vegas,3762399.0,2025-05-19 20:19:51.593887-07:00,2025-09-07 13:14:01.231335-07:00,,,,,,,,,,,,0.0,no supported template
kalshi,archive,KXNFLGAME-25SEP07LVNE-NE,KXNFLGAME-25SEP07LVNE,Las Vegas vs New England Winner?,New England,New England,3797011.0,2025-05-19 20:19:51.593887-07:00,2025-09-07 13:14:01.231335-07:00,,,,,,,,,,,,0.0,no supported template
kalshi,archive,KXNFLGAME-25SEP07MIAIND-MIA,KXNFLGAME-25SEP07MIAIND,Miami vs Indianapolis Winner?,Miami,Miami,4844782.0,2025-05-19 20:19:18.526885-07:00,2025-09-07 12:50:38.344397-07:00,,,,,,,,,,,,0.0,no supported template
kalshi,archive,KXNFLGAME-25SEP07PITNYJ-NYJ,KXNFLGAME-25SEP07PITNYJ,Pittsburgh vs New York J Winner?,New York J,New York J,7164540.0,2025-05-19 20:19:11.893974-07:00,2025-09-07 13:11:17.094750-07:00,,,,,,,,,,,,0.0,no supported template
kalshi,archive,KXNFLGAME-25SEP07PITNYJ-PIT,KXNFLGAME-25SEP07PITNYJ,Pittsburgh vs New York J Winner?,Pittsburgh,Pittsburgh,8670027.0,2025-05-19 20:19:11.893974-07:00,2025-09-07 13:11:17.094750-07:00,,,,,,,,,,,,0.0,no supported template
kalshi,archive,KXNFLGAME-25SEP07SFSEA-SEA,KXNFLGAME-25SEP07SFSEA,San Francisco vs Seattle Winner?,Seattle,Seattle,8750374.0,2025-05-19 20:19:58.180334-07:00,2025-09-07 16:07:41.351531-07:00,,,,,,,,,,,,0.0,no supported template
kalshi,archive,KXNFLGAME-25SEP07SFSEA-SF,KXNFLGAME-25SEP07SFSEA,San Francisco vs Seattle Winner?,San Francisco,San Francisco,9586657.0,2025-05-19 20:19:58.180334-07:00,2025-09-07 16:07:41.351531-07:00,,,,,,,,,,,,0.0,no supported template
kalshi,archive,KXNFLGAME-25SEP07TBATL-ATL,KXNFLGAME-25SEP07TBATL,Tampa Bay vs Atlanta Winner?,Atlanta,Atlanta,5171339.0,2025-05-19 20:19:05.303546-07:00,2025-09-07 13:29:21.971762-07:00,,,,,,,,,,,,0.0,no supported template
kalshi,archive,KXNFLGAME-25SEP07TBATL-TB,KXNFLGAME-25SEP07TBATL,Tampa Bay vs Atlanta Winner?,Tampa Bay,Tampa Bay,6440226.0,2025-05-19 20:19:05.303546-07:00,2025-09-07 13:29:21.971762-07:00,,,,,,,,,,,,0.0,no supported template
kalshi,archive,KXNFLGAME-25SEP07TENDEN-DEN,KXNFLGAME-25SEP07TENDEN,Tennessee vs Denver Winner?,Denver,Denver,5996384.0,2025-05-19 20:20:04.845719-07:00,2025-09-07 16:35:51.768886-07:00,,,,,,,,,,,,0.0,no supported template
kalshi,archive,KXNFLGAME-25SEP07TENDEN-TEN,KXNFLGAME-25SEP07TENDEN,Tennessee vs Denver Winner?,Tennessee,Tennessee,5002800.0,2025-05-19 20:20:04.845719-07:00,2025-09-07 16:35:51.768886-07:00,,,,,,,,,,,,0.0,no supported template
kalshi,archive,KXNFLGAME-25SEP08MINCHI-CHI,KXNFLGAME-25SEP08MINCHI,Minnesota vs Chicago Winner?,Chicago,Chicago,17211746.0,2025-05-19 20:20:31.241837-07:00,2025-09-08 20:34:31.444354-07:00,,,,,,,,,,,,0.0,no supported template
kalshi,archive,KXNFLGAME-25SEP08MINCHI-MIN,KXNFLGAME-25SEP08MINCHI,Minnesota vs Chicago Winner?,Minnesota,Minnesota,22940034.0,2025-05-19 20:20:31.241838-07:00,2025-09-08 20:34:31.444354-07:00,,,,,,,,,,,,0.0,no supported template
kalshi,archive,KXNFLGAME-25SEP11WASGB-GB,KXNFLGAME-25SEP11WASGB,Washington vs Green Bay Winner?,Green Bay,Green Bay,10048071.0,2025-06-30 11:12:40.869973-07:00,2025-09-11 20:29:48.860275-07:00,,,,,,,,,,,,0.0,no supported template
kalshi,archive,KXNFLGAME-25SEP11WASGB-WAS,KXNFLGAME-25SEP11WASGB,Washington vs Green Bay Winner?,Washington,Washington,11985320.0,2025-06-30 11:12:40.869973-07:00,2025-09-11 20:29:48.860275-07:00,,,,,,,,,,,,0.0,no supported template
kalshi,archive,KXNFLGAME-25SEP14ATLMIN-ATL,KXNFLGAME-25SEP14ATLMIN,Atlanta vs Minnesota Winner?,Atlanta,Atlanta,11979075.0,2025-06-30 11:14:11.569218-07:00,2025-09-14 20:19:28.285249-07:00,,,,,,,,,,,,0.0,no supported template
kalshi,archive,KXNFLGAME-25SEP14ATLMIN-MIN,KXNFLGAME-25SEP14ATLMIN,Atlanta vs Minnesota Winner?,Minnesota,Minnesota,15849675.0,2025-06-30 11:14:11.569218-07:00,2025-09-14 20:19:28.285249-07:00,,,,,,,,,,,,0.0,no supported template
kalshi,archive,KXNFLGAME-25SEP14CARARI-CAR,KXNFLGAME-25SEP14CARARI,Carolina vs Arizona Winner?,Carolina,Carolina,4782072.0,2025-06-30 11:13:50.577036-07:00,2025-09-14 16:24:28.260677-07:00,,,,,,,,,,,,0.0,no supported template
kalshi,archive,KXNFLGAME-25SEP14DENIND-DEN,KXNFLGAME-25SEP14DENIND,Denver vs Indianapolis Winner?,Denver,Denver,6824992.0,2025-06-30 11:13:57.465277-07:00,2025-09-14 16:10:52.197021-07:00,,,,,,,,,,,,0.0,no supported template
kalshi,archive,KXNFLGAME-25SEP14DENIND-IND,KXNFLGAME-25SEP14DENIND,Denver vs Indianapolis Winner?,Indianapolis,Indianapolis,7159950.0,2025-06-30 11:13:57.465276-07:00,2025-09-14 16:10:52.197021-07:00,,,,,,,,,,,,0.0,no supported template
kalshi,archive,KXNFLGAME-25SEP14JACCIN-CIN,KXNFLGAME-25SEP14JACCIN,Jacksonville vs Cincinnati Winner?,Cincinnati,Cincinnati,5023317.0,2025-06-30 11:13:43.734420-07:00,2025-09-14 13:15:48.291747-07:00,,,,,,,,,,,,0.0,no supported template
kalshi,archive,KXNFLGAME-25SEP14NEMIA-MIA,KXNFLGAME-25SEP14NEMIA,New England vs Miami Winner?,Miami,Miami,3744328.0,2025-06-30 11:13:36.867294-07:00,2025-09-14 13:16:17.877966-07:00,,,,,,,,,,,,0.0,no supported template
kalshi,archive,KXNFLGAME-25SEP14NEMIA-NE,KXNFLGAME-25SEP14NEMIA,New England vs Miami Winner?,New England,New England,3708266.0,2025-06-30 11:13:36.867294-07:00,2025-09-14 13:16:17.877966-07:00,,,,,,,,,,,,0.0,no supported template
kalshi,archive,KXNFLGAME-25SEP14NYGDAL-DAL,KXNFLGAME-25SEP14NYGDAL,New York G vs Dallas Winner?,Dallas,Dallas,16212110.0,2025-06-30 11:13:15.870093-07:00,2025-09-14 13:44:37.448287-07:00,,,,,,,,,,,,0.0,no supported template
kalshi,archive,KXNFLGAME-25SEP14NYGDAL-NYG,KXNFLGAME-25SEP14NYGDAL,New York G vs Dallas Winner?,New York G,New York G,9033890.0,2025-06-30 11:13:15.870093-07:00,2025-09-14 13:44:37.448287-07:00,,,,,,,,,,,,0.0,no supported template
kalshi,archive,KXNFLGAME-25SEP14PHIKC-KC,KXNFLGAME-25SEP14PHIKC,Philadelphia vs Kansas City Winner?,Kansas City,Kansas City,9592174.0,2025-06-30 11:14:04.767621-07:00,2025-09-14 16:24:16.927702-07:00,,,,,,,,,,,,0.0,no supported template
kalshi,archive,KXNFLGAME-25SEP14PHIKC-PHI,KXNFLGAME-25SEP14PHIKC,Philadelphia vs Kansas City Winner?,Philadelphia,Philadelphia,13189764.0,2025-06-30 11:14:04.767621-07:00,2025-09-14 16:24:16.927702-07:00,,,,,,,,,,,,0.0,no supported template
kalshi,archive,KXNFLGAME-25SEP14SEAPIT-PIT,KXNFLGAME-25SEP14SEAPIT,Seattle vs Pittsburgh Winner?,Pittsburgh,Pittsburgh,4370986.0,2025-06-30 11:12:54.664897-07:00,2025-09-14 13:07:41.382041-07:00,,,,,,,,,,,,0.0,no supported template
kalshi,archive,KXNFLGAME-25SEP14SEAPIT-SEA,KXNFLGAME-25SEP14SEAPIT,Seattle vs Pittsburgh Winner?,Seattle,Seattle,3780739.0,2025-06-30 11:12:54.664898-07:00,2025-09-14 13:07:41.382041-07:00,,,,,,,,,,,,0.0,no supported template
kalshi,archive,KXNFLGAME-25SEP15LACLV-LAC,KXNFLGAME-25SEP15LACLV,Los Angeles C vs Las Vegas Winner?,Los Angeles C,Los Angeles C,15219947.0,2025-06-30 11:14:25.595728-07:00,2025-09-15 21:59:38.776757-07:00,,,,,,,,,,,,0.0,no supported template
kalshi,archive,KXNFLGAME-25SEP15LACLV-LV,KXNFLGAME-25SEP15LACLV,Los Angeles C vs Las Vegas Winner?,Las Vegas,Las Vegas,14203538.0,2025-06-30 11:14:25.595727-07:00,2025-09-15 21:59:38.776757-07:00,,,,,,,,,,,,0.0,no supported template
kalshi,archive,KXNFLGAME-25SEP15TBHOU-HOU,KXNFLGAME-25SEP15TBHOU,Tampa Bay vs Houston Winner?,Houston,Houston,15039204.0,2025-06-30 11:14:18.461669-07:00,2025-09-15 19:04:02.523317-07:00,,,,,,,,,,,,0.0,no supported template
kalshi,archive,KXNFLGAME-25SEP15TBHOU-TB,KXNFLGAME-25SEP15TBHOU,Tampa Bay vs Houston Winner?,Tampa Bay,Tampa Bay,21637148.0,2025-06-30 11:14:18.461669-07:00,2025-09-15 19:04:02.523317-07:00,,,,,,,,,,,,0.0,no supported template
kalshi,archive,KXNFLGAME-25SEP18MIABUF-BUF,KXNFLGAME-25SEP18MIABUF,Miami at Buffalo Winner?,Buffalo,Buffalo,17358872.0,2025-09-10 18:34:00.502655-07:00,2025-09-18 20:14:37.004124-07:00,,,,,,,,,,,,0.0,no supported template
kalshi,archive,KXNFLGAME-25SEP18MIABUF-MIA,KXNFLGAME-25SEP18MIABUF,Miami at Buffalo Winner?,Miami,Miami,21038896.0,2025-09-10 18:34:00.502655-07:00,2025-09-18 20:14:37.004124-07:00,,,,,,,,,,,,0.0,no supported template
kalshi,archive,KXNFLGAME-25SEP21ARISF-ARI,KXNFLGAME-25SEP21ARISF,Arizona at San Francisco Winner?,Arizona,Arizona,7138347.0,2025-09-10 18:34:21.879279-07:00,2025-09-21 16:22:40.532553-07:00,,,,,,,,,,,,0.0,no supported template
kalshi,archive,KXNFLGAME-25SEP21ARISF-SF,KXNFLGAME-25SEP21ARISF,Arizona at San Francisco Winner?,San Francisco,San Francisco,9006004.0,2025-09-10 18:34:21.879278-07:00,2025-09-21 16:22:40.532553-07:00,,,,,,,,,,,,0.0,no supported template
kalshi,archive,KXNFLGAME-25SEP21ATLCAR-ATL,KXNFLGAME-25SEP21ATLCAR,Atlanta at Carolina Winner?,Atlanta,Atlanta,4488498.0,2025-09-10 18:34:11.266339-07:00,2025-09-21 13:00:36.076049-07:00,,,,,,,,,,,,0.0,no supported template
kalshi,archive,KXNFLGAME-25SEP21DALCHI-CHI,KXNFLGAME-25SEP21DALCHI,Dallas at Chicago Winner?,Chicago,Chicago,5860441.0,2025-09-10 18:34:23.558027-07:00,2025-09-21 16:19:33.649416-07:00,,,,,,,,,,,,0.0,no supported template
kalshi,archive,KXNFLGAME-25SEP21DALCHI-DAL,KXNFLGAME-25SEP21DALCHI,Dallas at Chicago Winner?,Dallas,Dallas,15344011.0,2025-09-10 18:34:23.558027-07:00,2025-09-21 16:19:33.649416-07:00,,,,,,,,,,,,0.0,no supported template
kalshi,archive,KXNFLGAME-25SEP21DENLAC-DEN,KXNFLGAME-25SEP21DENLAC,Denver at Los Angeles C Winner?,Denver,Denver,7204869.0,2025-09-10 18:34:18.640339-07:00,2025-09-21 16:19:33.427108-07:00,,,,,,,,,,,,0.0,no supported template
kalshi,archive,KXNFLGAME-25SEP21DENLAC-LAC,KXNFLGAME-25SEP21DENLAC,Denver at Los Angeles C Winner?,Los Angeles C,Los Angeles C,15636897.0,2025-09-10 18:34:18.640339-07:00,2025-09-21 16:19:33.427108-07:00,,,,,,,,,,,,0.0,no supported template
kalshi,archive,KXNFLGAME-25SEP21GBCLE-CLE,KXNFLGAME-25SEP21GBCLE,Green Bay at Cleveland Winner?,Cleveland,Cleveland,4018832.0,2025-09-10 18:34:16.995996-07:00,2025-09-21 13:10:07.999605-07:00,,,,,,,,,,,,0.0,no supported template
kalshi,archive,KXNFLGAME-25SEP21GBCLE-GB,KXNFLGAME-25SEP21GBCLE,Green Bay at Cleveland Winner?,Green Bay,Green Bay,9004059.0,2025-09-10 18:34:16.995996-07:00,2025-09-21 13:10:07.999605-07:00,,,,,,,,,,,,0.0,no supported template
kalshi,archive,KXNFLGAME-25SEP21HOUJAC-HOU,KXNFLGAME-25SEP21HOUJAC,Houston at Jacksonville Winner?,Houston,Houston,5148188.0,2025-09-10 18:34:14.434699-07:00,2025-09-21 13:10:06.504174-07:00,,,,,,,,,,,,0.0,no supported template
kalshi,archive,KXNFLGAME-25SEP21KCNYG-KC,KXNFLGAME-25SEP21KCNYG,Kansas City at New York G Winner?,Kansas City,Kansas City,18403697.0,2025-09-10 18:34:25.307903-07:00,2025-09-21 20:29:39.727297-07:00,,,,,,,,,,,,0.0,no supported template
kalshi,archive,KXNFLGAME-25SEP21KCNYG-NYG,KXNFLGAME-25SEP21KCNYG,Kansas City at New York G Winner?,New York G,New York G,19103570.0,2025-09-10 18:34:25.307902-07:00,2025-09-21 20:29:39.727297-07:00,,,,,,,,,,,,0.0,no supported template
kalshi,archive,KXNFLGAME-25SEP21LAPHI-LA,KXNFLGAME-25SEP21LAPHI,Los Angeles R at Philadelphia Winner?,Los Angeles R,Los Angeles R,9752492.0,2025-09-10 18:34:09.370551-07:00,2025-09-21 13:10:07.969303-07:00,,,,,,,,,,,,0.0,no supported template
kalshi,archive,KXNFLGAME-25SEP21LAPHI-PHI,KXNFLGAME-25SEP21LAPHI,Los Angeles R at Philadelphia Winner?,Philadelphia,Philadelphia,12729448.0,2025-09-10 18:34:09.370551-07:00,2025-09-21 13:10:07.969303-07:00,,,,,,,,,,,,0.0,no supported template
kalshi,archive,KXNFLGAME-25SEP21NYJTB-TB,KXNFLGAME-25SEP21NYJTB,New York J at Tampa Bay Winner?,Tampa Bay,Tampa Bay,5508578.0,2025-09-10 18:34:05.654371-07:00,2025-09-21 13:21:54.333285-07:00,,,,,,,,,,,,0.0,no supported template
kalshi,archive,KXNFLGAME-25SEP21PITNE-PIT,KXNFLGAME-25SEP21PITNE,Pittsburgh at New England Winner?,Pittsburgh,Pittsburgh,4646695.0,2025-09-10 18:34:04.040340-07:00,2025-09-21 13:00:24.136244-07:00,,,,,,,,,,,,0.0,no supported template
kalshi,archive,KXNFLGAME-25SEP22DETBAL-BAL,KXNFLGAME-25SEP22DETBAL,Detroit at Baltimore Winner?,Baltimore,Baltimore,23318771.0,2025-09-10 18:34:26.991273-07:00,2025-09-22 20:19:33.437786-07:00,,,,,,,,,,,,0.0,no supported template
kalshi,archive,KXNFLGAME-25SEP22DETBAL-DET,KXNFLGAME-25SEP22DETBAL,Detroit at Baltimore Winner?,Detroit,Detroit,26208155.0,2025-09-10 18:34:26.991273-07:00,2025-09-22 20:19:33.437786-07:00,,,,,,,,,,,,0.0,no supported template
kalshi,archive,KXNFLGAME-25SEP25SEAARI-ARI,KXNFLGAME-25SEP25SEAARI,Seattle at Arizona Winner?,Arizona,Arizona,15553868.0,2025-09-17 11:53:17.911283-07:00,2025-09-25 20:19:34.712183-07:00,,,,,,,,,,,,0.0,no supported template
kalshi,archive,KXNFLGAME-25SEP25SEAARI-SEA,KXNFLGAME-25SEP25SEAARI,Seattle at Arizona Winner?,Seattle,Seattle,24710233.0,2025-09-17 11:53:17.911283-07:00,2025-09-25 20:19:34.712183-07:00,,,,,,,,,,,,0.0,no supported template
kalshi,archive,KXNFLGAME-25SEP28BALKC-BAL,KXNFLGAME-25SEP28BALKC,Baltimore at Kansas City Winner?,Baltimore,Baltimore,7928907.0,2025-09-17 11:53:23.736339-07:00,2025-09-28 16:24:29.319040-07:00,,,,,,,,,,,,0.0,no supported template
kalshi,archive,KXNFLGAME-25SEP28BALKC-KC,KXNFLGAME-25SEP28BALKC,Baltimore at Kansas City Winner?,Kansas City,Kansas City,9443531.0,2025-09-17 11:53:23.736339-07:00,2025-09-28 16:24:29.319040-07:00,,,,,,,,,,,,0.0,no supported template
kalshi,archive,KXNFLGAME-25SEP28CHILV-CHI,KXNFLGAME-25SEP28CHILV,Chicago at Las Vegas Winner?,Chicago,Chicago,11590568.0,2025-09-17 11:53:23.271636-07:00,2025-09-28 16:31:37.538062-07:00,,,,,,,,,,,,0.0,no supported template
kalshi,archive,KXNFLGAME-25SEP28CHILV-LV,KXNFLGAME-25SEP28CHILV,Chicago at Las Vegas Winner?,Las Vegas,Las Vegas,7291865.0,2025-09-17 11:53:23.271636-07:00,2025-09-28 16:31:37.538062-07:00,,,,,,,,,,,,0.0,no supported template
kalshi,archive,KXNFLGAME-25SEP28GBDAL-DAL,KXNFLGAME-25SEP28GBDAL,Green Bay at Dallas Winner?,Dallas,Dallas,36933533.0,2025-09-17 11:53:24.459887-07:00,2025-09-28 09:00:00-07:00,,,,,,,,,,,,0.0,no supported template
kalshi,archive,KXNFLGAME-25SEP28GBDAL-GB,KXNFLGAME-25SEP28GBDAL,Green Bay at Dallas Winner?,Green Bay,Green Bay,31498533.0,2025-09-17 11:53:24.459887-07:00,2025-09-28 09:00:00-07:00,,,,,,,,,,,,0.0,no supported template
kalshi,archive,KXNFLGAME-25SEP28INDLA-IND,KXNFLGAME-25SEP28INDLA,Indianapolis at Los Angeles R Winner?,Indianapolis,Indianapolis,7930891.0,2025-09-17 11:53:22.845119-07:00,2025-09-28 16:04:35.579737-07:00,,,,,,,,,,,,0.0,no supported template
kalshi,archive,KXNFLGAME-25SEP28INDLA-LA,KXNFLGAME-25SEP28INDLA,Indianapolis at Los Angeles R Winner?,Los Angeles R,Los Angeles R,7657115.0,2025-09-17 11:53:22.845119-07:00,2025-09-28 16:04:35.579737-07:00,,,,,,,,,,,,0.0,no supported template
kalshi,archive,KXNFLGAME-25SEP28JACSF-JAC,KXNFLGAME-25SEP28JACSF,Jacksonville at San Francisco Winner?,Jacksonville,Jacksonville,7463467.0,2025-09-17 11:53:22.209663-07:00,2025-09-28 16:14:40.787307-07:00,,,,,,,,,,,,0.0,no supported template
kalshi,archive,KXNFLGAME-25SEP28JACSF-SF,KXNFLGAME-25SEP28JACSF,Jacksonville at San Francisco Winner?,San Francisco,San Francisco,11245985.0,2025-09-17 11:53:22.209663-07:00,2025-09-28 16:14:40.787307-07:00,,,,,,,,,,,,0.0,no supported template
kalshi,archive,KXNFLGAME-25SEP28LACNYG-LAC,KXNFLGAME-25SEP28LACNYG,Los Angeles C at New York G Winner?,Los Angeles C,Los Angeles C,19753028.0,2025-09-17 11:53:21.738522-07:00,2025-09-28 13:14:48.963656-07:00,,,,,,,,,,,,0.0,no supported template
kalshi,archive,KXNFLGAME-25SEP28LACNYG-NYG,KXNFLGAME-25SEP28LACNYG,Los Angeles C at New York G Winner?,New York G,New York G,10437050.0,2025-09-17 11:53:21.738522-07:00,2025-09-28 13:14:48.963656-07:00,,,,,,,,,,,,0.0,no supported template
kalshi,archive,KXNFLGAME-25SEP28MINPIT-MIN,KXNFLGAME-25SEP28MINPIT,Minnesota at Pittsburgh Winner?,Minnesota,Minnesota,14592783.0,2025-09-17 11:53:18.358633-07:00,2025-09-28 09:49:31.360098-07:00,,,,,,,,,,,,0.0,no supported template
kalshi,archive,KXNFLGAME-25SEP28MINPIT-PIT,KXNFLGAME-25SEP28MINPIT,Minnesota at Pittsburgh Winner?,Pittsburgh,Pittsburgh,10544156.0,2025-09-17 11:53:18.358633-07:00,2025-09-28 09:49:31.360098-07:00,,,,,,,,,,,,0.0,no supported template
kalshi,archive,KXNFLGAME-25SEP28NOBUF-BUF,KXNFLGAME-25SEP28NOBUF,New Orleans at Buffalo Winner?,Buffalo,Buffalo,3704117.0,2025-09-17 11:53:18.910111-07:00,2025-09-28 13:14:49.553576-07:00,,,,,,,,,,,,0.0,no supported template
kalshi,archive,KXNFLGAME-25SEP28NOBUF-NO,KXNFLGAME-25SEP28NOBUF,New Orleans at Buffalo Winner?,New Orleans,New Orleans,5773777.0,2025-09-17 11:53:18.910111-07:00,2025-09-28 13:14:49.553576-07:00,,,,,,,,,,,,0.0,no supported template
kalshi,archive,KXNFLGAME-25SEP28PHITB-PHI,KXNFLGAME-25SEP28PHITB,Philadelphia at Tampa Bay Winner?,Philadelphia,Philadelphia,5934913.0,2025-09-17 11:53:20.813591-07:00,2025-09-28 13:24:40.184829-07:00,,,,,,,,,,,,0.0,no supported template
kalshi,archive,KXNFLGAME-25SEP28PHITB-TB,KXNFLGAME-25SEP28PHITB,Philadelphia at Tampa Bay Winner?,Tampa Bay,Tampa Bay,8787783.0,2025-09-17 11:53:20.813590-07:00,2025-09-28 13:24:40.184829-07:00,,,,,,,,,,,,0.0,no supported template
kalshi,archive,KXNFLGAME-25SEP28WASATL-WAS,KXNFLGAME-25SEP28WASATL,Washington at Atlanta Winner?,Washington,Washington,5558835.0,2025-09-17 11:53:20.273276-07:00,2025-09-28 13:00:00.694647-07:00,,,,,,,,,,,,0.0,no supported template
kalshi,archive,KXNFLGAME-25SEP29CINDEN-CIN,KXNFLGAME-25SEP29CINDEN,Cincinnati at Denver Winner?,Cincinnati,Cincinnati,13333024.0,2025-09-17 11:53:25.512159-07:00,2025-09-29 20:14:38.825828-07:00,,,,,,,,,,,,0.0,no supported template
kalshi,archive,KXNFLGAME-25SEP29CINDEN-DEN,KXNFLGAME-25SEP29CINDEN,Cincinnati at Denver Winner?,Denver,Denver,6368723.0,2025-09-17 11:53:25.512159-07:00,2025-09-29 20:14:38.825828-07:00,,,,,,,,,,,,0.0,no supported template
kalshi,archive,KXNFLGAME-25SEP29NYJMIA-MIA,KXNFLGAME-25SEP29NYJMIA,New York J at Miami Winner?,Miami,Miami,12584041.0,2025-09-17 11:53:25.065528-07:00,2025-09-29 19:19:38.182218-07:00,,,,,,,,,,,,0.0,no supported template
kalshi,archive,KXNFLGAME-25SEP29NYJMIA-NYJ,KXNFLGAME-25SEP29NYJMIA,New York J at Miami Winner?,New York J,New York J,16046601.0,2025-09-17 11:53:25.065529-07:00,2025-09-29 19:19:38.182218-07:00,,,,,,,,,,,,0.0,no supported template
kalshi,archive,KXNHL-25-EDM,KXNHL-25,Will the Edmonton Oilers win the Stanley Cup Finals?,Edmonton,Edmonton,4317589.0,2025-01-22 11:57:03.159942-08:00,2025-06-17 19:55:06.386938-07:00,sports,win,edmonton_oilers,,nhl_stanley_cup,,2025,,,sports|win|edmonton_oilers|nhl_stanley_cup|2025,sports|win|edmonton_oilers|nhl_stanley_cup|2025,0.86,sports outcome template
kalshi,archive,KXNHL-25-FLA,KXNHL-25,Will the Florida Panthers win the Stanley Cup Finals?,Florida,Florida,4301692.0,2025-01-22 11:57:03.159943-08:00,2025-06-17 19:55:06.386938-07:00,sports,win,florida_panthers,,nhl_stanley_cup,,2025,,,sports|win|florida_panthers|nhl_stanley_cup|2025,sports|win|florida_panthers|nhl_stanley_cup|2025,0.86,sports outcome template
kalshi,archive,KXNHLGAME-25JUN04FLAEDM-EDM,KXNHLGAME-25JUN04FLAEDM,Florida vs Edmonton Winner?,Edmonton,Edmonton,4361693.0,2025-05-29 20:20:14.179266-07:00,2025-06-04 21:08:29.377643-07:00,,,,,,,,,,,,0.0,no supported template
kalshi,archive,KXNHLGAME-25JUN04FLAEDM-FLA,KXNHLGAME-25JUN04FLAEDM,Florida vs Edmonton Winner?,Florida,Florida,3814225.0,2025-05-29 20:20:14.179266-07:00,2025-06-04 21:08:29.377643-07:00,,,,,,,,,,,,0.0,no supported template
kalshi,archive,KXNHLGAME-25JUN06FLAEDM-EDM,KXNHLGAME-25JUN06FLAEDM,Florida vs Edmonton Winner?,Edmonton,Edmonton,4419233.0,2025-06-04 20:50:25.988564-07:00,2025-06-06 21:58:10.096525-07:00,,,,,,,,,,,,0.0,no supported template
kalshi,archive,KXNHLGAME-25JUN06FLAEDM-FLA,KXNHLGAME-25JUN06FLAEDM,Florida vs Edmonton Winner?,Florida,Florida,6549392.0,2025-06-04 20:50:25.988564-07:00,2025-06-06 21:58:10.096525-07:00,,,,,,,,,,,,0.0,no supported template
kalshi,archive,KXNHLGAME-25JUN09EDMFLA-EDM,KXNHLGAME-25JUN09EDMFLA,Edmonton vs Florida Winner?,Edmonton,Edmonton,3958764.0,2025-06-06 21:30:28.530117-07:00,2025-06-09 20:48:46.544567-07:00,,,,,,,,,,,,0.0,no supported template
kalshi,archive,KXNHLGAME-25JUN12EDMFLA-EDM,KXNHLGAME-25JUN12EDMFLA,Edmonton vs Florida Winner?,Edmonton,Edmonton,7806656.0,2025-06-09 20:10:15.771314-07:00,2025-06-12 20:53:08.971242-07:00,,,,,,,,,,,,0.0,no supported template
kalshi,archive,KXNHLGAME-25JUN12EDMFLA-FLA,KXNHLGAME-25JUN12EDMFLA,Edmonton vs Florida Winner?,Florida,Florida,6003707.0,2025-06-09 20:10:15.771314-07:00,2025-06-12 20:53:08.971242-07:00,,,,,,,,,,,,0.0,no supported template
kalshi,archive,KXNHLGAME-25JUN14FLAEDM-EDM,KXNHLGAME-25JUN14FLAEDM,Florida vs Edmonton Winner?,Edmonton,Edmonton,4393699.0,2025-06-12 20:40:23.768704-07:00,2025-06-14 20:24:43.704601-07:00,,,,,,,,,,,,0.0,no supported template
kalshi,archive,KXNHLGAME-25JUN14FLAEDM-FLA,KXNHLGAME-25JUN14FLAEDM,Florida vs Edmonton Winner?,Florida,Florida,4228525.0,2025-06-12 20:40:23.768704-07:00,2025-06-14 20:24:43.704601-07:00,,,,,,,,,,,,0.0,no supported template
kalshi,archive,KXNHLGAME-25JUN17EDMFLA-EDM,KXNHLGAME-25JUN17EDMFLA,Edmonton vs Florida Winner?,Edmonton,Edmonton,4645256.0,2025-06-14 19:50:18.720144-07:00,2025-06-17 19:54:13.694215-07:00,,,,,,,,,,,,0.0,no supported template
kalshi,archive,KXNHLGAME-25JUN17EDMFLA-FLA,KXNHLGAME-25JUN17EDMFLA,Edmonton vs Florida Winner?,Florida,Florida,3818601.0,2025-06-14 19:50:18.720144-07:00,2025-06-17 19:54:13.694215-07:00,,,,,,,,,,,,0.0,no supported template
kalshi,archive,KXNOBELPEACE-25-DJT,KXNOBELPEACE-25,Who will win the Nobel Peace Prize?,Donald Trump,Donald Trump,10211607.0,2024-11-27 15:38:03.830573-08:00,2025-10-10 04:59:30.858196-07:00,,,,,,,,,,,,0.0,no supported template
kalshi,archive,KXPGA-25-SS,KXPGA-25,Will the Scottie Scheffler win the PGA Championship?,Scottie Scheffler,Scottie Scheffler,8517254.0,2025-02-11 15:53:41.064922-08:00,2025-05-18 16:04:37.755488-07:00,,,,,,,,,,,,0.0,no supported template
kalshi,archive,KXPGARYDER-RC25-EU,KXPGARYDER-RC25,Will Europe win the Ryder Cup?,Europe,Europe,6182062.0,2025-03-31 15:47:51.415165-07:00,2025-09-28 15:04:09.330119-07:00,,,,,,,,,,,,0.0,no supported template
kalshi,archive,KXPGARYDER-RC25-USA,KXPGARYDER-RC25,Will United States win the Ryder Cup?,United States,United States,7060413.0,2025-03-31 15:47:51.415165-07:00,2025-09-28 15:04:09.330119-07:00,,,,,,,,,,,,0.0,no supported template
kalshi,archive,KXPGATOUR-3O25-CGOT,KXPGATOUR-3O25,Will Chris Gotterup win the 3M Open?,Chris Gotterup,Chris Gotterup,6334968.0,2025-07-22 08:24:07.368534-07:00,2025-07-27 15:09:32.464846-07:00,,,,,,,,,,,,0.0,no supported template
kalshi,archive,KXPGATOUR-3O25-JKNA,KXPGATOUR-3O25,Will Jake Knapp win the 3M Open?,Jake Knapp,Jake Knapp,4570616.0,2025-07-22 08:24:07.368538-07:00,2025-07-27 15:09:32.464846-07:00,,,,,,,,,,,,0.0,no supported template
kalshi,archive,KXPGATOUR-3O25-KKIT,KXPGATOUR-3O25,Will Kurt Kitayama win the 3M Open?,Kurt Kitayama,Kurt Kitayama,5121351.0,2025-07-22 08:24:07.368537-07:00,2025-07-27 15:09:32.464846-07:00,,,,,,,,,,,,0.0,no supported template
kalshi,archive,KXPGATOUR-3O25-SBUR,KXPGATOUR-3O25,Will Sam Burns win the 3M Open?,Sam Burns,Sam Burns,5074569.0,2025-07-22 08:24:07.368526-07:00,2025-07-27 15:09:32.464846-07:00,,,,,,,,,,,,0.0,no supported template
kalshi,archive,KXPGATOUR-BC25-RMAC,KXPGATOUR-BC25,Will Robert Macintyre win the BMW Championship?,Robert Macintyre,Robert Macintyre,9074418.0,2025-08-08 17:01:01.572438-07:00,2025-08-17 15:23:21.225403-07:00,,,,,,,,,,,,0.0,no supported template
kalshi,archive,KXPGATOUR-BC25-SSCH,KXPGATOUR-BC25,Will Scottie Scheffler win the BMW Championship?,Scottie Scheffler,Scottie Scheffler,11187038.0,2025-08-08 17:01:01.572439-07:00,2025-08-17 15:23:21.225403-07:00,,,,,,,,,,,,0.0,no supported template
kalshi,archive,KXPGATOUR-FSJC25-JROS,KXPGATOUR-FSJC25,Will Justin Rose win the FedEx St. Jude Championship?,Justin Rose,Justin Rose,8102351.0,2025-08-01 17:00:43.931989-07:00,2025-08-10 16:13:58.006165-07:00,,,,,,,,,,,,0.0,no supported template
kalshi,archive,KXPGATOUR-FSJC25-JSPA,KXPGATOUR-FSJC25,Will J.J. Spaun win the FedEx St. Jude Championship?,J.J. Spaun,J.J. Spaun,4538017.0,2025-08-01 17:00:43.931989-07:00,2025-08-10 16:13:58.006165-07:00,,,,,,,,,,,,0.0,no supported template
kalshi,archive,KXPGATOUR-FSJC25-SSCH,KXPGATOUR-FSJC25,Will Scottie Scheffler win the FedEx St. Jude Championship?,Scottie Scheffler,Scottie Scheffler,14608240.0,2025-08-01 17:00:43.931989-07:00,2025-08-10 16:13:58.006165-07:00,,,,,,,,,,,,0.0,no supported template
kalshi,archive,KXPGATOUR-FSJC25-TFLE,KXPGATOUR-FSJC25,Will Tommy Fleetwood win the FedEx St. Jude Championship?,Tommy Fleetwood,Tommy Fleetwood,10429001.0,2025-08-01 17:00:43.931986-07:00,2025-08-10 16:13:58.006165-07:00,,,,,,,,,,,,0.0,no supported template
kalshi,archive,KXPGATOUR-TOC25-SSCH,KXPGATOUR-TOC25,Will Scottie Scheffler win the TOUR Championship?,Scottie Scheffler,Scottie Scheffler,11771112.0,2025-08-15 17:00:57.007399-07:00,2025-08-24 14:54:36.078810-07:00,,,,,,,,,,,,0.0,no supported template
kalshi,archive,KXPGATOUR-TOC25-TFLE,KXPGATOUR-TOC25,Will Tommy Fleetwood win the TOUR Championship?,Tommy Fleetwood,Tommy Fleetwood,8791493.0,2025-08-15 17:00:57.007398-07:00,2025-08-24 14:54:36.078810-07:00,,,,,,,,,,,,0.0,no supported template
kalshi,archive,KXPGATOUR-WC25-CAME,KXPGATOUR-WC25,Will Cameron Young win the Wyndham Championship?,Cameron Young,Cameron Young,6603169.0,2025-07-28 08:55:47.368244-07:00,2025-08-03 14:59:52.806605-07:00,,,,,,,,,,,,0.0,no supported template
kalshi,archive,KXRANKLISTGOOGLESEARCH-26JAN-DON,KXRANKLISTGOOGLESEARCH-26JAN,#1 search on Google’s Year in Search 2025 Global – People?,Donald Trump,Donald Trump,4009866.0,2025-10-09 11:20:15.954596-07:00,2026-01-31 07:00:00-08:00,,,,,,,,,,,,0.0,no supported template
kalshi,archive,KXRATECUTCOUNT-25DEC31-T2,KXRATECUTCOUNT-25DEC31,Will the Fed cut rates 2 times?,Exactly 2 cuts,Exactly 2 cuts,4141167.0,2024-12-19 15:13:55.310768-08:00,2025-12-31 20:59:00-08:00,,,,,,,,,,,,0.0,no supported template
kalshi,archive,KXRATECUTCOUNT-25DEC31-T3,KXRATECUTCOUNT-25DEC31,Will the Fed cut rates 3 times?,Exactly 3 cuts,Exactly 3 cuts,4303982.0,2024-12-19 15:13:55.310768-08:00,2025-12-31 20:59:00-08:00,,,,,,,,,,,,0.0,no supported template
kalshi,archive,KXSB-25-KC,KXSB-25,Will the Kansas City Chiefs win the Super Bowl?,Kansas City,Kansas City,16362674.0,2025-01-22 11:54:59.680168-08:00,2025-02-09 19:21:23.156239-08:00,sports,win,kansas_city_chiefs,,nfl_super_bowl,,2025,,,sports|win|kansas_city_chiefs|nfl_super_bowl|2025,sports|win|kansas_city_chiefs|nfl_super_bowl|2025,0.86,sports outcome template
kalshi,archive,KXSB-25-PHI,KXSB-25,Will the Philadelphia Eagles win the Super Bowl?,Philadelphia,Philadelphia,10049818.0,2025-01-22 11:54:59.680169-08:00,2025-02-09 19:21:23.156239-08:00,sports,win,philadelphia_eagles,,nfl_super_bowl,,2025,,,sports|win|philadelphia_eagles|nfl_super_bowl|2025,sports|win|philadelphia_eagles|nfl_super_bowl|2025,0.86,sports outcome template
kalshi,archive,KXSECAG-26DEC31-MG,KXSECAG-26DEC31,"Will Matt Gaetz be confirmed as Attorney General by Dec 31, 2026?",Matt Gaetz,Matt Gaetz,10117556.0,2024-11-13 12:35:24.772139-08:00,2025-02-05 05:24:46.878651-08:00,,,,,,,,,,,,0.0,no supported template
kalshi,archive,KXSECDEF-26DEC31-PH,KXSECDEF-26DEC31,"Will Pete Hegseth be confirmed as Secretary of Defense by Dec 31, 2026?",Pete Hegseth,Pete Hegseth,8545836.0,2024-11-12 16:37:59.498173-08:00,2025-01-24 21:39:04.042035-08:00,,,,,,,,,,,,0.0,no supported template
kalshi,archive,KXSECHHS-26DEC31-RFK,KXSECHHS-26DEC31,"Will Robert F. Kennedy Jr. be confirmed as Secretary of Health and Human Services by Dec 31, 2026?",Robert F. Kennedy Jr.,Robert F. Kennedy Jr.,10941800.0,2024-11-06 12:24:35.437579-08:00,2025-02-13 09:45:47.505055-08:00,,,,,,,,,,,,0.0,no supported template
kalshi,archive,KXSENMAJORITY-RS,KXSENMAJORITY,Will Rick Scott be Senate Majority Leader?,Rick Scott,Rick Scott,4073225.0,2024-10-24 12:10:40.343954-07:00,2025-02-01 07:00:18.406376-08:00,,,,,,,,,,,,0.0,no supported template
kalshi,archive,KXSONGSONCHARTTSWIFT-25OCT18,KXSONGSONCHARTTSWIFT-25OCT18,"Will exactly 12 unique songs from Taylor Swift be on the Top 12 songs on the Billboard Hot 100 chart for October 18, 2025?","On the chart dated Oct 18, 2025","On the chart dated Oct 18, 2025",5350164.0,2025-09-30 08:38:33.328867-07:00,2025-10-13 12:00:20.028832-07:00,,,,,,,,,,,,0.0,no supported template
kalshi,archive,KXSTATEDEEPDJT-24-R,KXSTATEDEEPDJT-24-R,Will Trump win a deep blue state?,Yes,Yes,6143975.0,2024-10-24 12:10:50.546261-07:00,2025-01-06 12:49:20.134401-08:00,,,,,,,,,,,,0.0,no supported template
kalshi,archive,KXTHEOPEN-25-RM,KXTHEOPEN-25,Will the Rory McIlroy win the The Open Championship?,Rory McIlroy,Rory McIlroy,4578275.0,2025-02-11 15:38:43.444104-08:00,2025-07-20 11:01:53.298177-07:00,,,,,,,,,,,,0.0,no supported template
kalshi,archive,KXTHEOPEN-25-SS,KXTHEOPEN-25,Will the Scottie Scheffler win the The Open Championship?,Scottie Scheffler,Scottie Scheffler,9579983.0,2025-02-11 15:38:43.444103-08:00,2025-07-20 11:01:53.298177-07:00,,,,,,,,,,,,0.0,no supported template
kalshi,archive,KXTOPARTIST-25-TS,KXTOPARTIST-25,Who will be the top Spotify artist this year?,Taylor Swift,Taylor Swift,4539079.0,2024-11-05 06:46:46.361354-08:00,2025-12-31 20:59:00-08:00,,,,,,,,,,,,0.0,no supported template
kalshi,archive,KXTRUMPOUT-26-TRUMP,KXTRUMPOUT-26,Donald Trump out this year?,Donald Trump,Donald Trump,8382643.0,2025-08-30 07:37:18.595229-07:00,2025-12-31 20:59:00-08:00,office_exit,leave_office,donald_trump,,,year:2025,,,,office_exit|leave_office|donald_trump|year:2025,office_exit|leave_office|donald_trump,0.88,office exit template
kalshi,archive,KXUFCFIGHT-25AUG16DUCHI-CHI,KXUFCFIGHT-25AUG16DUCHI,"Will Khamzat Chimaev win the Du Plessis vs Chimaev professional MMA fight scheduled for Aug 16, 2025?",Khamzat Chimaev,Khamzat Chimaev,4868982.0,2025-08-11 09:36:13.304045-07:00,2025-08-16 21:58:56.021458-07:00,,,,,,,,,,,,0.0,no supported template
kalshi,archive,KXUFCFIGHT-25AUG16DUCHI-DU,KXUFCFIGHT-25AUG16DUCHI,"Will Dricus Du Plessis win the Du Plessis vs Chimaev professional MMA fight scheduled for Aug 16, 2025?",Dricus Du Plessis,Dricus Du Plessis,5194644.0,2025-08-11 09:36:13.304044-07:00,2025-08-16 21:58:56.021458-07:00,,,,,,,,,,,,0.0,no supported template
kalshi,archive,KXUFCFIGHT-25JUL19POIHOL-HOL,KXUFCFIGHT-25JUL19POIHOL,"Will Max Holloway win the Poirier vs Holloway professional MMA fight scheduled for Jul 19, 2025?",Max Holloway,Max Holloway,4084262.0,2025-07-14 08:17:30.665143-07:00,2025-07-19 22:24:19.451531-07:00,,,,,,,,,,,,0.0,no supported template
kalshi,archive,KXUFCFIGHT-25JUL19POIHOL-POI,KXUFCFIGHT-25JUL19POIHOL,"Will Dustin Poirier win the Poirier vs Holloway professional MMA fight scheduled for Jul 19, 2025?",Dustin Poirier,Dustin Poirier,7074364.0,2025-07-14 08:17:30.665143-07:00,2025-07-19 22:24:19.451531-07:00,,,,,,,,,,,,0.0,no supported template
kalshi,archive,KXUFCFIGHT-25JUN28TOPOLI-OLI,KXUFCFIGHT-25JUN28TOPOLI,"Will Charles Oliveira win the Topuria vs Oliveira professional MMA fight scheduled for Jun 28, 2025?",Charles Oliveira,Charles Oliveira,3831012.0,2025-06-22 16:40:50.046712-07:00,2025-06-28 22:02:38.746673-07:00,,,,,,,,,,,,0.0,no supported template
kalshi,archive,KXUFCFIGHT-25NOV15DELMAK-MAK,KXUFCFIGHT-25NOV15DELMAK,"Will Islam Makhachev win the Maddalena vs Makhachev professional MMA fight scheduled for Nov 15, 2025?",Islam Makhachev,Islam Makhachev,3904386.0,2025-11-10 09:16:42.996830-08:00,2025-11-15 22:08:18.574951-08:00,,,,,,,,,,,,0.0,no supported template
kalshi,archive,KXUFCFIGHT-25OCT04ANKPER-PER,KXUFCFIGHT-25OCT04ANKPER,"Will Alex Pereira win the Ankalaev vs Pereira professional MMA fight scheduled for Oct 4, 2025?",Alex Pereira,Alex Pereira,4370395.0,2025-10-01 13:05:16.867974-07:00,2025-10-04 21:57:05.388487-07:00,,,,,,,,,,,,0.0,no supported template
kalshi,archive,KXUSOMENSINGLES-25-CA,KXUSOMENSINGLES-25,Will the Carlos Alcaraz win the Men's US Open?,Carlos Alcaraz,Carlos Alcaraz,13906619.0,2025-02-11 15:36:29.699656-08:00,2025-09-07 14:33:10.289766-07:00,,,,,,,,,,,,0.0,no supported template
kalshi,archive,KXUSOMENSINGLES-25-JS,KXUSOMENSINGLES-25,Will the Jannik Sinner win the Men's US Open?,Jannik Sinner,Jannik Sinner,12371236.0,2025-02-11 15:36:29.699655-08:00,2025-09-07 14:33:10.289766-07:00,,,,,,,,,,,,0.0,no supported template
kalshi,archive,KXUSOMENSINGLES-25-ND,KXUSOMENSINGLES-25,Will the Novak Djokovic win the Men's US Open?,Novak Djokovic,Novak Djokovic,4159868.0,2025-02-11 15:36:29.699656-08:00,2025-09-07 14:33:10.289766-07:00,,,,,,,,,,,,0.0,no supported template
kalshi,archive,KXUSOPEN-25-ASCO,KXUSOPEN-25,Will the Adam Scott win the US Open Championship?,Adam Scott,Adam Scott,4700340.0,2025-06-02 14:45:34.323748-07:00,2025-06-15 17:12:35.004674-07:00,,,,,,,,,,,,0.0,no supported template
kalshi,archive,KXUSOPEN-25-JSPA,KXUSOPEN-25,Will the J.J. Spaun win the US Open Championship?,J.J. Spaun,J.J. Spaun,7160546.0,2025-06-02 14:45:58.151218-07:00,2025-06-15 17:12:35.004674-07:00,,,,,,,,,,,,0.0,no supported template
kalshi,archive,KXUSOPEN-25-SBUR,KXUSOPEN-25,Will the Sam Burns win the US Open Championship?,Sam Burns,Sam Burns,7998956.0,2025-06-02 14:36:42.712833-07:00,2025-06-15 17:12:35.004674-07:00,,,,,,,,,,,,0.0,no supported template
kalshi,archive,KXUSOPEN-25-SS,KXUSOPEN-25,Will the Scottie Scheffler win the US Open Championship?,Scottie Scheffler,Scottie Scheffler,10117485.0,2025-02-11 15:41:13.878323-08:00,2025-06-15 17:12:35.004674-07:00,,,,,,,,,,,,0.0,no supported template
kalshi,archive,KXUSOPEN-25-VH,KXUSOPEN-25,Will the Viktor Hovland win the US Open Championship?,Viktor Hovland,Viktor Hovland,4718800.0,2025-02-11 15:41:13.878324-08:00,2025-06-15 17:12:35.004674-07:00,,,,,,,,,,,,0.0,no supported template
kalshi,archive,KXUSOWOMENSINGLES-25-AA,KXUSOWOMENSINGLES-25,Will the Amanda Anisimova win the US Open Women's Tennis?,Amanda Anisimova,Amanda Anisimova,5016191.0,2025-05-13 12:28:44.497819-07:00,2025-09-06 14:59:21.899897-07:00,,,,,,,,,,,,0.0,no supported template
kalshi,archive,KXUSOWOMENSINGLES-25-AS,KXUSOWOMENSINGLES-25,Will the Aryna Sabalenka win the US Open Women's Tennis?,Aryna Sabalenka,Aryna Sabalenka,7615441.0,2025-05-13 12:28:44.497817-07:00,2025-09-06 14:59:21.899897-07:00,,,,,,,,,,,,0.0,no supported template
kalshi,archive,KXWMARMAD-25-SC,KXWMARMAD-25,Will the South Carolina win the Women's College Basketball D1 Championship?,South Carolina,South Carolina,6103898.0,2025-02-10 14:44:07.039438-08:00,2025-04-06 14:17:46.615292-07:00,,,,,,,,,,,,0.0,no supported template
kalshi,archive,KXWMARMAD-25-UCONN,KXWMARMAD-25,Will the UConn win the Women's College Basketball D1 Championship?,UConn,UConn,6209676.0,2025-02-10 14:44:07.039438-08:00,2025-04-06 14:17:46.615292-07:00,,,,,,,,,,,,0.0,no supported template
kalshi,archive,KXWMARMAD-25R4G2-SCAR,KXWMARMAD-25R4G2,Will South Carolina qualify for Final?,South Carolina,South Carolina,4182525.0,2025-03-16 21:45:55.118383-07:00,2025-04-04 18:11:51.760194-07:00,,,,,,,,,,,,0.0,no supported template
kalshi,archive,KXWMARMAD-25R8G3-TEX,KXWMARMAD-25R8G3,Will Texas qualify for Semifinal?,Texas,Texas,4074956.0,2025-03-16 21:45:09.810470-07:00,2025-03-31 18:20:12.703013-07:00,,,,,,,,,,,,0.0,no supported template
kalshi,archive,KXWMARMAD-25R8G4-USC,KXWMARMAD-25R8G4,Will USC qualify for Semifinal?,USC,USC,3925071.0,2025-03-16 21:45:24.126449-07:00,2025-03-31 20:33:39.229150-07:00,,,,,,,,,,,,0.0,no supported template
kalshi,archive,KXWMENSINGLES-25-CA,KXWMENSINGLES-25,Will the Carlos Alcaraz win the 2025 Wimbledon?,Carlos Alcaraz,Carlos Alcaraz,21590923.0,2025-02-10 14:44:51.372221-08:00,2025-07-13 11:26:07.523678-07:00,,,,,,,,,,,,0.0,no supported template
kalshi,archive,KXWMENSINGLES-25-JS,KXWMENSINGLES-25,Will the Jannik Sinner win the 2025 Wimbledon?,Jannik Sinner,Jannik Sinner,14331063.0,2025-02-10 14:44:51.372221-08:00,2025-07-13 11:26:07.523678-07:00,,,,,,,,,,,,0.0,no supported template
kalshi,archive,KXWMENSINGLES-25-ND,KXWMENSINGLES-25,Will the Novak Djokovic win the 2025 Wimbledon?,Novak Djokovic,Novak Djokovic,4306446.0,2025-02-10 14:44:51.372221-08:00,2025-07-13 11:26:07.523678-07:00,,,,,,,,,,,,0.0,no supported template
kalshi,archive,KXWTAMATCH-25JUL10SABANI-ANI,KXWTAMATCH-25JUL10SABANI,Will Amanda Anisimova be a winner of the semifinal of Wimbledon Women Singles?,Amanda Anisimova,Amanda Anisimova,4172427.0,2025-07-08 10:00:40.805230-07:00,2025-07-10 08:19:04.317105-07:00,,,,,,,,,,,,0.0,no supported template
kalshi,archive,KXWTAMATCH-25JUL10SABANI-SAB,KXWTAMATCH-25JUL10SABANI,Will Aryna Sabalenka be a winner of the semifinal of Wimbledon Women Singles?,Aryna Sabalenka,Aryna Sabalenka,6470058.0,2025-07-08 10:00:40.805230-07:00,2025-07-10 08:19:04.317105-07:00,,,,,,,,,,,,0.0,no supported template
kalshi,archive,KXWTAMATCH-25SEP02MUCOSA-OSA,KXWTAMATCH-25SEP02MUCOSA,Will Naomi Osaka win the Muchova vs Osaka match?,Naomi Osaka,Naomi Osaka,4465638.0,2025-09-01 13:40:44.954109-07:00,2025-09-03 18:25:31.478287-07:00,,,,,,,,,,,,0.0,no supported template
kalshi,archive,KXWTAMATCH-25SEP03ANISWI-SWI,KXWTAMATCH-25SEP03ANISWI,Will Iga Swiatek win the Anisimova vs Swiatek match?,Iga Swiatek,Iga Swiatek,4544247.0,2025-09-01 19:30:52.879315-07:00,2025-09-03 15:00:56.070384-07:00,,,,,,,,,,,,0.0,no supported template
kalshi,archive,KXWTAMATCH-25SEP04OSAANI-ANI,KXWTAMATCH-25SEP04OSAANI,Will Amanda Anisimova win the Osaka vs Anisimova match?,Amanda Anisimova,Amanda Anisimova,5289148.0,2025-09-03 18:30:38.570734-07:00,2025-09-04 22:00:50.830630-07:00,,,,,,,,,,,,0.0,no supported template
kalshi,archive,KXWTAMATCH-25SEP04OSAANI-OSA,KXWTAMATCH-25SEP04OSAANI,Will Naomi Osaka win the Osaka vs Anisimova match?,Naomi Osaka,Naomi Osaka,5007989.0,2025-09-03 18:30:38.570734-07:00,2025-09-04 22:00:50.830630-07:00,,,,,,,,,,,,0.0,no supported template
kalshi,archive,KXWTAMATCH-25SEP04SABPEG-SAB,KXWTAMATCH-25SEP04SABPEG,Will Aryna Sabalenka win the Sabalenka vs Pegula match?,Aryna Sabalenka,Aryna Sabalenka,4326988.0,2025-09-02 15:00:50.305115-07:00,2025-09-04 18:30:55.056415-07:00,,,,,,,,,,,,0.0,no supported template
kalshi,archive,KXWWOMENSINGLES-25-ANA,KXWWOMENSINGLES-25,Will the Amanda Anisimova win the Wimbledon Women's Tennis?,Amanda Anisimova,Amanda Anisimova,3959381.0,2025-06-27 09:03:18.849585-07:00,2025-07-12 09:23:28.243991-07:00,,,,,,,,,,,,0.0,no supported template
kalshi,archive,KXWWOMENSINGLES-25-AS,KXWWOMENSINGLES-25,Will the Aryna Sabalenka win the Wimbledon Women's Tennis?,Aryna Sabalenka,Aryna Sabalenka,4575757.0,2025-05-13 12:30:24.262335-07:00,2025-07-12 09:23:28.243991-07:00,,,,,,,,,,,,0.0,no supported template
kalshi,archive,KXWWOMENSINGLES-25-IS,KXWWOMENSINGLES-25,Will the Iga Swiatek win the Wimbledon Women's Tennis?,Iga Swiatek,Iga Swiatek,5628831.0,2025-05-13 12:30:24.262335-07:00,2025-07-12 09:23:28.243991-07:00,,,,,,,,,,,,0.0,no supported template
kalshi,archive,LEAVEPOWELL-25-DEC31,LEAVEPOWELL-25,Powell leaves before 2026?,Before 2026,Before 2026,6116626.0,2024-04-30 10:30:15.117453-07:00,2025-12-31 20:59:00-08:00,,,,,,,,,,,,0.0,no supported template
kalshi,archive,NASDAQ100Y-24DEC31-B12250,NASDAQ100Y-24DEC31,"Will the Nasdaq-100 be between 12000 and 12499.99 at the end of Dec 31, 2024?","12,000 to 12,499.99","12,000 to 12,499.99",4284612.0,2023-07-05 07:38:46.191513-07:00,2024-12-31 13:00:00-08:00,,,,,,,,,,,,0.0,no supported template
kalshi,archive,POPVOTE-24-D,POPVOTE-24,Will the Democratic party win the popular vote?,Kamala Harris,Kamala Harris,45192568.0,2024-10-04 19:31:27.818150-07:00,2025-01-06 11:16:12.683659-08:00,,,,,,,,,,,,0.0,no supported template
kalshi,archive,POPVOTE-24-R,POPVOTE-24,Will the Republican party win the popular vote?,Donald Trump,Donald Trump,36740947.0,2024-10-04 19:31:27.818151-07:00,2025-01-06 11:16:12.683659-08:00,,,,,,,,,,,,0.0,no supported template
kalshi,archive,POPVOTEKHNM-2024-D-T6,POPVOTEKHNM-2024,Will the popular vote margin of victory for Kamala Harris in New Mexico be 6% or more?,Kamala Harris by more than 6%,Kamala Harris by more than 6%,5518133.0,2024-10-31 21:07:23.967489-07:00,2025-01-06 12:16:26.229231-08:00,,,,,,,,,,,,0.0,no supported template
kalshi,archive,POPVOTEMOV-24-D-B0.5,POPVOTEMOV-24,Will the popular vote margin of victory for  be between 0.00 and 0.99?,Harris by 0-0.99%,Harris by 0-0.99%,6865045.0,2024-10-04 19:51:45.839298-07:00,2025-01-06 10:59:46.641806-08:00,,,,,,,,,,,,0.0,no supported template
kalshi,archive,POPVOTEMOV-24-D-B1.5,POPVOTEMOV-24,Will the popular vote margin of victory for  be between 1.00 and 1.99?,Harris by 1-1.99%,Harris by 1-1.99%,4377443.0,2024-10-04 19:51:45.839298-07:00,2025-01-06 10:59:46.641806-08:00,,,,,,,,,,,,0.0,no supported template
kalshi,archive,POPVOTEMOV-24-D-B2.5,POPVOTEMOV-24,Will the popular vote margin of victory for  be between 2.00 and 2.99?,Harris by 2-2.99%,Harris by 2-2.99%,3979315.0,2024-10-04 19:51:45.839298-07:00,2025-01-06 10:59:46.641806-08:00,,,,,,,,,,,,0.0,no supported template
kalshi,archive,POPVOTEMOV-24-R-B-0.5,POPVOTEMOV-24,Will the popular vote margin of victory for  be between -0.01 and -0.99?,Trump by 0-0.99%,Trump by 0-0.99%,15068035.0,2024-10-04 19:51:45.839298-07:00,2025-01-06 10:59:46.641806-08:00,,,,,,,,,,,,0.0,no supported template
kalshi,archive,POPVOTEMOV-24-R-B-1.5,POPVOTEMOV-24,Will the popular vote margin of victory for  be between -1.00 and -1.99?,Trump by 1-1.99%,Trump by 1-1.99%,19244235.0,2024-10-04 19:51:45.839298-07:00,2025-01-06 10:59:46.641806-08:00,,,,,,,,,,,,0.0,no supported template
kalshi,archive,POPVOTEMOV-24-R-B-2.5,POPVOTEMOV-24,Will the popular vote margin of victory for  be between -2.00 and -2.99?,Trump by 2-2.99%,Trump by 2-2.99%,23594158.0,2024-10-04 19:51:45.839298-07:00,2025-01-06 10:59:46.641806-08:00,,,,,,,,,,,,0.0,no supported template
kalshi,archive,POPVOTEMOV-24-R-B-3.5,POPVOTEMOV-24,Will the popular vote margin of victory for  be between -3.00 and -3.99?,Trump by 3-3.99%,Trump by 3-3.99%,23225275.0,2024-10-04 19:51:45.839298-07:00,2025-01-06 10:59:46.641806-08:00,,,,,,,,,,,,0.0,no supported template
kalshi,archive,POPVOTEMOV-24-R-B-4.5,POPVOTEMOV-24,Will the popular vote margin of victory for  be between -4.00 and -4.99?,Trump by 4-4.99%,Trump by 4-4.99%,8002433.0,2024-10-04 19:51:45.839298-07:00,2025-01-06 10:59:46.641806-08:00,,,,,,,,,,,,0.0,no supported template
kalshi,archive,POPVOTEMOVSMALL-24-R-B0.9,POPVOTEMOVSMALL-24,Will the popular vote margin of victory for  be between 0.75 and 0.99?,Trump by 0.75-0.99%,Trump by 0.75-0.99%,5607587.0,2024-11-07 14:56:51.691959-08:00,2025-01-06 11:00:08.553340-08:00,,,,,,,,,,,,0.0,no supported template
kalshi,archive,POPVOTEMOVSMALL-24-R-B1.1,POPVOTEMOVSMALL-24,Will the popular vote margin of victory for  be between 1.00 and 1.24?,Trump by 1.00-1.24%,Trump by 1.00-1.24%,15737400.0,2024-11-07 14:56:51.691959-08:00,2025-01-06 11:00:08.553340-08:00,,,,,,,,,,,,0.0,no supported template
kalshi,archive,POPVOTEMOVSMALL-24-R-B1.4,POPVOTEMOVSMALL-24,Will the popular vote margin of victory for  be between 1.25 and 1.49?,Trump by 1.25-1.49%,Trump by 1.25-1.49%,21459103.0,2024-11-07 14:56:51.691959-08:00,2025-01-06 11:00:08.553340-08:00,,,,,,,,,,,,0.0,no supported template
kalshi,archive,POPVOTEMOVSMALL-24-R-B1.6,POPVOTEMOVSMALL-24,Will the popular vote margin of victory for  be between 1.50 and 1.74?,Trump by 1.50-1.74%,Trump by 1.50-1.74%,14737117.0,2024-11-07 14:56:51.691959-08:00,2025-01-06 11:00:08.553340-08:00,,,,,,,,,,,,0.0,no supported template
kalshi,archive,POPVOTEMOVSMALL-24-R-B1.9,POPVOTEMOVSMALL-24,Will the popular vote margin of victory for  be between 1.75 and 1.99?,Trump by 1.75-1.99%,Trump by 1.75-1.99%,11565550.0,2024-11-07 14:56:51.691959-08:00,2025-01-06 11:00:08.553340-08:00,,,,,,,,,,,,0.0,no supported template
kalshi,archive,POPVOTEMOVSMALL-24-R-B2.1,POPVOTEMOVSMALL-24,Will the popular vote margin of victory for  be between 2.00 and 2.24?,Trump by 2.00-2.24%,Trump by 2.00-2.24%,8322046.0,2024-11-07 14:56:51.691959-08:00,2025-01-06 11:00:08.553340-08:00,,,,,,,,,,,,0.0,no supported template
kalshi,archive,POPVOTEMOVSMALLER-24-R-B1.3,POPVOTEMOVSMALLER-24,Will the popular vote margin of victory for  be between 1.30 and 1.39?,Trump by 1.30-1.39%,Trump by 1.30-1.39%,13101377.0,2024-11-14 13:13:58.959612-08:00,2025-01-06 11:01:56.941923-08:00,,,,,,,,,,,,0.0,no supported template
kalshi,archive,POPVOTEMOVSMALLER-24-R-B1.4,POPVOTEMOVSMALLER-24,Will the popular vote margin of victory for  be between 1.40 and 1.49?,Trump by 1.40-1.49%,Trump by 1.40-1.49%,5598129.0,2024-11-14 13:13:58.959612-08:00,2025-01-06 11:01:56.941923-08:00,,,,,,,,,,,,0.0,no supported template
kalshi,archive,POPVOTEMOVSMALLER-24-R-B1.5,POPVOTEMOVSMALLER-24,Will the popular vote margin of victory for  be between 1.50 and 1.59?,Trump by 1.50-1.59%,Trump by 1.50-1.59%,7208428.0,2024-11-14 13:13:58.959612-08:00,2025-01-06 11:01:56.941923-08:00,,,,,,,,,,,,0.0,no supported template
kalshi,archive,POPVOTEMOVSMALLER-24-R-B1.6,POPVOTEMOVSMALLER-24,Will the popular vote margin of victory for  be between 1.60 and 1.69?,Trump by 1.60-1.69%,Trump by 1.60-1.69%,5686261.0,2024-11-14 13:13:58.959612-08:00,2025-01-06 11:01:56.941923-08:00,,,,,,,,,,,,0.0,no supported template
kalshi,archive,POWER-24-DH-RS-RP,POWER-24,"Will the Democratic party win the House, the Republican party win the Senate, and the Republican party win the Presidency?","D-House, R-Senate, R-President","D-House, R-Senate, R-President",6403928.0,2024-10-04 19:55:20.028551-07:00,2025-02-01 07:00:18.061322-08:00,,,,,,,,,,,,0.0,no supported template
kalshi,archive,POWER-24-RH-RS-RP,POWER-24,"Will the Republican party win the House, the Republican party win the Senate, and the Republican party win the Presidency?",Republican Sweep,Republican Sweep,8516308.0,2024-10-04 19:55:20.028551-07:00,2025-02-01 07:00:18.061322-08:00,,,,,,,,,,,,0.0,no supported template
kalshi,archive,PRES-2024-DJT,PRES-2024,Will Donald Trump or another Republican win the Presidency?,Donald Trump,Donald Trump,262334207.0,2024-10-03 13:35:43.364143-07:00,2025-01-20 09:03:48.078202-08:00,,,,,,,,,,,,0.0,no supported template
kalshi,archive,PRES-2024-KH,PRES-2024,Will Kamala Harris or another Democrat win the Presidency?,Kamala Harris,Kamala Harris,273312857.0,2024-10-03 13:35:43.364142-07:00,2025-01-20 09:03:48.078202-08:00,,,,,,,,,,,,0.0,no supported template
kalshi,archive,PRESPARTYAZ-24-D,PRESPARTYAZ-24,Will the Democratic party win Arizona in the presidential election?,Kamala Harris,Kamala Harris,3973870.0,2024-10-04 19:34:19.898568-07:00,2025-01-06 11:21:21.224633-08:00,,,,,,,,,,,,0.0,no supported template
kalshi,archive,PRESPARTYFULL-24-DEC-DPV,PRESPARTYFULL-24,Will Harris win the Electoral College and Harris win the Popular Vote?,"Harris wins Electoral College, Harris wins Popular Vote","Harris wins Electoral College, Harris wins Popular Vote",5670551.0,2024-10-04 19:33:56.767577-07:00,2025-01-06 11:02:35.659601-08:00,,,,,,,,,,,,0.0,no supported template
kalshi,archive,PRESPARTYFULL-24-DEC-RPV,PRESPARTYFULL-24,Will Harris win the Electoral College and Trump win the Popular Vote?,"Harris wins Electoral College, Trump wins Popular Vote","Harris wins Electoral College, Trump wins Popular Vote",5620863.0,2024-10-04 19:33:56.767577-07:00,2025-01-06 11:02:35.659601-08:00,,,,,,,,,,,,0.0,no supported template
kalshi,archive,PRESPARTYFULL-24-REC-DPV,PRESPARTYFULL-24,Will Trump win the Electoral College and Harris win the Popular Vote?,"Trump wins Electoral College, Harris wins Popular Vote","Trump wins Electoral College, Harris wins Popular Vote",8551731.0,2024-10-04 19:33:56.767577-07:00,2025-01-06 11:02:35.659601-08:00,,,,,,,,,,,,0.0,no supported template
kalshi,archive,PRESPARTYFULL-24-REC-RPV,PRESPARTYFULL-24,Will Trump win the Electoral College and Trump win the Popular Vote?,"Trump wins Electoral College, Trump wins Popular Vote","Trump wins Electoral College, Trump wins Popular Vote",9077861.0,2024-10-04 19:33:56.767577-07:00,2025-01-06 11:02:35.659601-08:00,,,,,,,,,,,,0.0,no supported template
kalshi,archive,PRESPARTYGA-24-D,PRESPARTYGA-24,Will the Democratic party win Georgia in the presidential election?,Kamala Harris,Kamala Harris,9725076.0,2024-10-04 19:36:28.760378-07:00,2025-01-06 11:17:32.233155-08:00,,,,,,,,,,,,0.0,no supported template
kalshi,archive,PRESPARTYGA-24-R,PRESPARTYGA-24,Will the Republican party win Georgia in the presidential election?,Donald Trump,Donald Trump,10159128.0,2024-10-04 19:36:28.760378-07:00,2025-01-06 11:17:32.233155-08:00,,,,,,,,,,,,0.0,no supported template
kalshi,archive,PRESPARTYIA-24-D,PRESPARTYIA-24,Will the Democratic party win Iowa in the presidential election?,Kamala Harris,Kamala Harris,7532814.0,2024-10-12 22:18:56.662574-07:00,2025-01-06 11:56:36.600781-08:00,,,,,,,,,,,,0.0,no supported template
kalshi,archive,PRESPARTYIA-24-R,PRESPARTYIA-24,Will the Republican party win Iowa in the presidential election?,Donald Trump,Donald Trump,5397872.0,2024-10-12 22:18:56.662574-07:00,2025-01-06 11:56:36.600781-08:00,,,,,,,,,,,,0.0,no supported template
kalshi,archive,PRESPARTYMI-24-D,PRESPARTYMI-24,Will the Democratic party win Michigan in the presidential election?,Kamala Harris,Kamala Harris,7819510.0,2024-10-04 19:35:26.981744-07:00,2025-01-06 11:27:11.240901-08:00,,,,,,,,,,,,0.0,no supported template
kalshi,archive,PRESPARTYMI-24-R,PRESPARTYMI-24,Will the Republican party win Michigan in the presidential election?,Donald Trump,Donald Trump,6728815.0,2024-10-04 19:35:26.981745-07:00,2025-01-06 11:27:11.240901-08:00,,,,,,,,,,,,0.0,no supported template
kalshi,archive,PRESPARTYNC-24-D,PRESPARTYNC-24,Will the Democratic party win North Carolina in the presidential election?,Kamala Harris,Kamala Harris,5599605.0,2024-10-04 19:35:09.733687-07:00,2025-01-06 11:25:24.991174-08:00,,,,,,,,,,,,0.0,no supported template
kalshi,archive,PRESPARTYNC-24-R,PRESPARTYNC-24,Will the Republican party win North Carolina in the presidential election?,Donald Trump,Donald Trump,6633779.0,2024-10-04 19:35:09.733687-07:00,2025-01-06 11:25:24.991174-08:00,,,,,,,,,,,,0.0,no supported template
kalshi,archive,PRESPARTYNV-24-D,PRESPARTYNV-24,Will the Democratic party win Nevada in the presidential election?,Kamala Harris,Kamala Harris,4924466.0,2024-10-04 19:36:55.275898-07:00,2025-01-06 11:56:58.030744-08:00,,,,,,,,,,,,0.0,no supported template
kalshi,archive,PRESPARTYNV-24-R,PRESPARTYNV-24,Will the Republican party win Nevada in the presidential election?,Donald Trump,Donald Trump,5683000.0,2024-10-04 19:36:55.275898-07:00,2025-01-06 11:56:58.030744-08:00,,,,,,,,,,,,0.0,no supported template
kalshi,archive,PRESPARTYNY-24-R,PRESPARTYNY-24,Will the Republican party win New York in the presidential election?,Donald Trump,Donald Trump,5256376.0,2024-10-10 20:46:02.004560-07:00,2025-01-06 11:42:10.386279-08:00,,,,,,,,,,,,0.0,no supported template
kalshi,archive,PRESPARTYPA-24-D,PRESPARTYPA-24,Will the Democratic party win Pennsylvania in the presidential election?,Kamala Harris,Kamala Harris,7917321.0,2024-10-04 19:35:54.746847-07:00,2025-01-06 11:43:52.293518-08:00,,,,,,,,,,,,0.0,no supported template
kalshi,archive,PRESPARTYPA-24-R,PRESPARTYPA-24,Will the Republican party win Pennsylvania in the presidential election?,Donald Trump,Donald Trump,9124687.0,2024-10-04 19:35:54.746847-07:00,2025-01-06 11:43:52.293518-08:00,,,,,,,,,,,,0.0,no supported template
kalshi,archive,PRESPARTYVA-24-R,PRESPARTYVA-24,Will the Republican party win Virginia in the presidential election?,Donald Trump,Donald Trump,5647260.0,2024-10-12 15:48:56.385151-07:00,2025-01-06 11:44:50.224521-08:00,,,,,,,,,,,,0.0,no supported template
kalshi,archive,PRESPARTYWI-24-R,PRESPARTYWI-24,Will the Republican party win Wisconsin in the presidential election?,Donald Trump,Donald Trump,4064759.0,2024-10-04 19:36:11.520439-07:00,2025-01-06 11:45:58.595673-08:00,,,,,,,,,,,,0.0,no supported template
kalshi,archive,RECSSNBER-25,RECSSNBER-25,Will there be a recession in 2025?,Starts,Doesn't start,4113005.0,2024-08-05 04:20:53.467781-07:00,2026-01-31 05:25:00-08:00,,,,,,,,,,,,0.0,no supported template
kalshi,archive,SENATEAZ-24-D,SENATEAZ-24,Will Democratics win the Senate race in Arizona?,Ruben Gallego,Ruben Gallego,12874654.0,2024-10-04 19:34:59.889201-07:00,2025-01-03 12:20:05.754858-08:00,,,,,,,,,,,,0.0,no supported template
kalshi,archive,SENATEAZ-24-R,SENATEAZ-24,Will Republicans win the Senate race in Arizona?,Kari Lake,Kari Lake,22619372.0,2024-10-04 19:34:59.889202-07:00,2025-01-03 12:20:05.754858-08:00,,,,,,,,,,,,0.0,no supported template
kalshi,archive,SHUTDOWNBY-24,SHUTDOWNBY-24,Government shutdown in 2024?,In 2024,Not In 2024,4184398.0,2024-03-14 14:29:05.727733-07:00,2024-12-31 07:00:00-08:00,,,,,,,,,,,,0.0,no supported template
polymarket,archive,1082748,0x9708334534b504e2025a5a6af92f8600808c10be577e5066f920c40625fbec16,"Will Bitcoin reach $150,000 in January?",,,26660909.268647,2026-01-01 11:17:42.086698-08:00,2026-01-31 21:00:00-08:00,,,,,,,,,,,,0.0,no supported template
polymarket,archive,1082749,0x49c6ce5c8bb91c380e5bf9c5d495a40178ac10377aa7bb5bbf0d40a34830bb2f,"Will Ethereum reach $6,000 in January?",,,13219840.034141,2026-01-01 11:17:42.307199-08:00,2026-01-31 21:00:00-08:00,,,,,,,,,,,,0.0,no supported template
polymarket,archive,1082757,0xddf42243d621feb727bd250e913fdaaa5fd9fa3a6b73ac0d25113472a8bf5689,"Will Bitcoin reach $125,000 in January?",,,7080988.613707,2026-01-01 11:17:43.757755-08:00,2026-01-31 21:00:00-08:00,,,,,,,,,,,,0.0,no supported template
polymarket,archive,1082777,0x542fb07feb00feddb87c1d9e93ebf439a692c6b12e81e935ef2a5cda7de70dfb,"Will Bitcoin reach $105,000 in January?",,,6931678.684053,2026-01-01 11:17:47.383889-08:00,2026-01-31 21:00:00-08:00,,,,,,,,,,,,0.0,no supported template
polymarket,archive,1082781,0x2603d5576c488e4f2a4fa41677917044e796917b2ff251d639b635062fe6b068,"Will Bitcoin reach $100,000 in January?",,,13025594.701676,2026-01-01 11:17:48.248103-08:00,2026-01-31 21:00:00-08:00,,,,,,,,,,,,0.0,no supported template
polymarket,archive,1082793,0x62f01109c53d585406b4545e5538b52d76f2895affd933da75190be788afc6ab,"Will Bitcoin dip to $85,000 in January?",,,8583813.346589,2026-01-01 11:17:50.811713-08:00,2026-01-31 21:00:00-08:00,,,,,,,,,,,,0.0,no supported template
polymarket,archive,1082796,0x17a2466c34d9a93dbef8bda91bc56005b4162666901df319bcddb063d6bd8991,"Will Bitcoin dip to $80,000 in January?",,,6752276.849259,2026-01-01 11:17:51.662997-08:00,2026-01-31 21:00:00-08:00,,,,,,,,,,,,0.0,no supported template
polymarket,archive,1089757,0xb4840e43bbe04f2c4526a1dc5cc67aed93f4d21e5bbdf429f22786883f2947ca,Over $20M committed to the Ranger public sale?,,,6136975.185555,2026-01-02 12:23:56.308769-08:00,2026-01-31 21:00:00-08:00,,,,,,,,,,,,0.0,no supported template
polymarket,archive,1092199,0xabb86b080e9858dcb3f46954010e49b6f539c20036856c7f999395bfd58d01e6,"US strikes Iran by January 31, 2026?",,,41754060.055673,2026-01-02 17:33:05.536589-08:00,2026-01-30 16:00:00-08:00,,,,,,,,,,,,0.0,no supported template
polymarket,archive,1094682,0xbfa45527ec959aacc36f7c312bd4f328171a7681ef1aeb3a7e34db5fb47d3f1d,Maduro in U.S. custody by January 31?,,,11034069.967475,2026-01-02 23:47:51.145417-08:00,2026-01-30 16:00:00-08:00,,,,,,,,,,,,0.0,no supported template
polymarket,archive,1102112,0x7b6629cca58b0a3be21a2e448f8d92c930e78d26d5f6d6dd58ab18a62f659ad9,Will Tottenham Hotspur FC win on 2026-01-17?,,,8408043.507648,2026-01-03 21:00:10.821215-08:00,2026-01-17 07:00:00-08:00,,,,,,,,,,,,0.0,no supported template
polymarket,archive,1106713,0xa8b744720006da3c08b4dc8a61a5ce930542f550fcf8d27380ae898de636799d,Khamenei out as Supreme Leader of Iran by January 31?,,,49748804.334599,2026-01-04 10:56:17.032325-08:00,2026-01-30 16:00:00-08:00,,,,,,,,,,,,0.0,no supported template
polymarket,archive,1111834,0x77b9b065f487d1e18d005465d221ec6c84ed3babfaf6ecf62f20baeaa9fc3038,Will the Iranian regime fall by January 31?,,,11825309.806933,2026-01-04 20:45:10.213555-08:00,2026-01-30 16:00:00-08:00,,,,,,,,,,,,0.0,no supported template
polymarket,archive,1111915,0x207995ff48217719db39a7769cfda4f8f11ba9320e6ec71371095267a22de39a,Will Aston Villa FC win on 2026-01-18?,,,8195506.559319,2026-01-04 21:00:10.927305-08:00,2026-01-18 08:30:00-08:00,,,,,,,,,,,,0.0,no supported template
polymarket,archive,1111919,0x6420e6b28debd80b59d9bf220e5dddd0808f8f20acde1495f7e1ab3c84cdcdd8,Will Stade Rennais FC 1901 win on 2026-01-18?,,,6995887.520583,2026-01-04 21:00:11.055992-08:00,2026-01-18 08:15:00-08:00,,,,,,,,,,,,0.0,no supported template
polymarket,archive,1112525,0x6e937a4f6bf71a13a8bb08be32b1a9de516cc1a76fcbef61a7ca3567f5558165,Will FC Barcelona win on 2026-01-18?,,,7976026.758481,2026-01-04 23:00:08.079057-08:00,2026-01-18 12:00:00-08:00,,,,,,,,,,,,0.0,no supported template
polymarket,archive,1114728,0xdf4e320be9cc1aed9c66e568033cd8d80c019f9dd6c5dceffebe82b22f475eb9,"UFC 324: Gaethje vs. Pimblett (Lightweight, Main Card)",,,6575675.308982,2026-01-05 08:26:27.720193-08:00,2026-01-24 20:59:59.999000-08:00,,,,,,,,,,,,0.0,non-binary or non-yes-no polymarket outcome
polymarket,archive,1116452,0xfc15a3210a81303405a1f9b21c73f27dc647364a7e08bace4778e652b813a4de,49ers vs. Eagles,,,6540367.131337,2026-01-05 13:21:22.768509-08:00,2026-01-11 13:30:00-08:00,,,,,,,,,,,,0.0,non-binary or non-yes-no polymarket outcome
polymarket,archive,1116464,0x32102e4ab8969621cab85949c3c571b5008a4aa30d31022fa659d0ed287686a9,Rams vs. Panthers,,,6224876.050835,2026-01-05 13:21:26.453385-08:00,2026-01-10 13:30:00-08:00,,,,,,,,,,,,0.0,non-binary or non-yes-no polymarket outcome
polymarket,archive,1116472,0x889771fe1ffdfa067c4493ae89a11e1d2cb2699b0bb048e00ce8ba10d27dad84,Packers vs. Bears,,,9202019.48984,,2026-01-10 17:00:00-08:00,,,,,,,,,,,,0.0,non-binary or non-yes-no polymarket outcome
polymarket,archive,1116482,0x50d6d3fde46f4d141a22712e2a6f356edf8cdddff04242922e806a55ba97c2a8,Bills vs. Jaguars,,,10668681.308752,2026-01-05 13:21:32.624236-08:00,2026-01-11 10:00:00-08:00,,,,,,,,,,,,0.0,non-binary or non-yes-no polymarket outcome
polymarket,archive,1116492,0xbfa2065aca0ad40d731bb8d249e14bbffd54a57fe5bbeb6b438f714bf7a564eb,Texans vs. Steelers,,,6167901.184811,2026-01-05 13:21:36.177168-08:00,2026-01-12 17:15:00-08:00,,,,,,,,,,,,0.0,non-binary or non-yes-no polymarket outcome
polymarket,archive,1116706,0xc111415f3e8d30760497cafd642d2672ce63c476769e4ddf95472e02e3931aea,"New ""Stranger Things"" episode released by Wednesday? ",,,15181604.224152,2026-01-05 14:13:25.763647-08:00,2026-01-06 16:00:00-08:00,,,,,,,,,,,,0.0,no supported template
polymarket,archive,1119646,0x3d109c1fe77572356951368f363ea16c6d8fd0fe78bd0ef2a51af572ae9a4c67,"New ""Stranger Things"" episode released by January 31? ",,,10643992.245096,2026-01-05 21:21:58.933905-08:00,2026-01-06 16:00:00-08:00,,,,,,,,,,,,0.0,no supported template
polymarket,archive,1126504,0x890fc3ba40458db0b67560691aa1597344c2a0560d18e80f586a4b35f510b4ce,Will the US acquire part of Greenland in 2026?,,,7502219.276628,2026-01-06 17:51:35.201916-08:00,2026-12-30 16:00:00-08:00,,,,,,,,,,,,0.0,no supported template
polymarket,archive,1130334,0xdece3c9a32a0244f9dc4622feadd31f74dec86b02399454db743cc59a5e23eb2,Will Villarreal CF win on 2026-01-20?,,,6204761.308836,2026-01-07 11:00:07.809347-08:00,2026-01-20 12:00:00-08:00,,,,,,,,,,,,0.0,no supported template
polymarket,archive,1130345,0x5738020f4942e54c0124f8b3576d028e383484d26d3f35afefecae5833531771,Will Paris Saint-Germain FC win on 2026-01-20?,,,7769518.680133,2026-01-07 11:00:11.433321-08:00,2026-01-20 12:00:00-08:00,,,,,,,,,,,,0.0,no supported template
polymarket,archive,1138265,0xab4fab2240e0ff00691add26fa2c5d56d715dbbc12262ec0349b2587d8ffae9f,Will Liverpool FC win on 2026-01-21?,,,9940935.873046,,2026-01-21 12:00:00-08:00,,,,,,,,,,,,0.0,no supported template
polymarket,archive,1138269,0x7b281363227e98a8177e1e5e81dc3bd1e48e8594383258ebb807a62f57770742,Will FC Barcelona win on 2026-01-21?,,,8584792.035064,2026-01-08 11:00:07.974698-08:00,2026-01-21 12:00:00-08:00,,,,,,,,,,,,0.0,no supported template
polymarket,archive,1139942,0x391e2cca67a2d49030baf239fdebb1d428b732a00d0af46a0c98866a0a8eee8a,"Will US or Israel strike Iran by January 31, 2026?",,,6455319.003647,2026-01-08 14:35:07.495804-08:00,2026-01-11 16:00:00-08:00,,,,,,,,,,,,0.0,no supported template
polymarket,archive,1144023,0x05beef793157deb1cc34e2d3159539f461b73c7eeaa3b5348617c10eed5509d0,U.S. anti-cartel ground operation in Mexico by January 31?,,,28408393.436147,2026-01-09 08:57:03.322051-08:00,2026-01-30 16:00:00-08:00,,,,,,,,,,,,0.0,no supported template
polymarket,archive,1154327,0x15d93d47ffd15f0283d73fe25fc61964035250382647c7fcd40cc92bad2cf8d5,Miami vs. Indiana,,,8545588.387148,2026-01-10 10:25:14.334411-08:00,2026-01-19 16:30:00-08:00,,,,,,,,,,,,0.0,non-binary or non-yes-no polymarket outcome
polymarket,archive,1157310,0x041e692cdfeaf09060e83e42d34657a7989c46f7be2472982f55244607be2de6,Will Liverpool FC win on 2026-01-24?,,,6555920.232116,2026-01-10 21:00:12.525868-08:00,2026-01-24 09:30:00-08:00,,,,,,,,,,,,0.0,no supported template
polymarket,archive,1157513,0xd1047755d35a03b7ceea9923daae56ecf67784446daa63e87eebc471b4b9dbd9,"US strikes Iran by January 16, 2026?",,,8491722.888278,,2026-01-30 16:00:00-08:00,,,,,,,,,,,,0.0,no supported template
polymarket,archive,1168265,0x3afaa6c9c9487ab0eff39abb4e93be2647afcb4069e1ce8e6af5cca37de14438,"Will Netflix say ""Warner Bros"" during earnings call?",,,6527474.190661,2026-01-12 08:55:34.320682-08:00,2026-01-20 13:45:00-08:00,,,,,,,,,,,,0.0,no supported template
polymarket,archive,1168862,0x843fc1f23d8cfd3df343031312a8a3f0a930ad118c0c0e81a56c21f0ea9ff217,"US strikes Iran by January 23, 2026?",,,12296618.229974,2026-01-12 09:48:38.940031-08:00,2026-01-30 16:00:00-08:00,,,,,,,,,,,,0.0,no supported template
polymarket,archive,1174854,0xd08c51ab1dd3c9ea3ddaae80b06cc2aedf67f2609c52148a3465345bb1d6e49e,Rams vs. Bears,,,12527242.425586,2026-01-13 06:51:42.289339-08:00,2026-01-18 15:30:00-08:00,,,,,,,,,,,,0.0,non-binary or non-yes-no polymarket outcome
polymarket,archive,1174855,0x746f66fb1859ce9f795b0bbe0b4fede7666bfe4de95b2aa280296b25f763deee,Bills vs. Broncos,,,12391201.173008,2026-01-13 06:51:45.284317-08:00,2026-01-17 13:30:00-08:00,,,,,,,,,,,,0.0,non-binary or non-yes-no polymarket outcome
polymarket,archive,1174856,0x4195016305dc0e1b849be8f3a39721c57c9a2c9717b9a050abfd10014de03078,Texans vs. Patriots,,,10271202.959333,2026-01-13 06:51:48.407034-08:00,2026-01-18 12:00:00-08:00,,,,,,,,,,,,0.0,non-binary or non-yes-no polymarket outcome
polymarket,archive,1175378,0x0328fd8fc790c29ec43d59eebd58067431a901a92451c001b9b55f4377779da3,49ers vs. Seahawks,,,9511184.942198,2026-01-13 07:36:11.687751-08:00,2026-01-17 17:00:00-08:00,,,,,,,,,,,,0.0,non-binary or non-yes-no polymarket outcome
polymarket,archive,1175504,0x64b14a09a6cf9dc02b840bc83f4dcfd41ca6108544c47ecabc6e5d00bc15fd2e,"US strikes Iran by January 14, 2026?",,,13619741.635223,2026-01-13 08:00:07.364424-08:00,2026-01-13 16:00:00-08:00,,,,,,,,,,,,0.0,no supported template
polymarket,archive,1175524,0x2d4d7f2eea43913d65c93351621a733f66ec079e111c278b34e8cc9e06ebe751,"US strikes Iran by January 15, 2026?",,,7975001.728113,2026-01-13 08:00:38.315685-08:00,2026-01-14 16:00:00-08:00,,,,,,,,,,,,0.0,no supported template
polymarket,archive,1192781,0xb3dbb0f2e1df15cc820e0cde749eb112bf160994ec53a8ac57dceff9dbe5007e,"Will Melania say ""Career"" during AI talk on Friday?",,,31097575.061839,2026-01-15 09:04:53.359797-08:00,2026-01-15 16:00:00-08:00,,,,,,,,,,,,0.0,no supported template
polymarket,archive,1193623,0x90cda6e854383eff1f0599306b70341775771d32168e75cff29a607eb55e8bc1,Will Paris Saint-Germain FC win on 2026-01-28?,,,9860208.306297,2026-01-15 11:00:21.664884-08:00,2026-01-28 12:00:00-08:00,,,,,,,,,,,,0.0,no supported template
polymarket,archive,1198423,0x3488f31e6449f9803f99a8b5dd232c7ad883637f1c86e6953305a2ef19c77f20,"US strikes Iran by February 28, 2026?",,,7283753.111027,2026-01-16 06:49:30.227059-08:00,2026-01-30 16:00:00-08:00,,,,,,,,,,,,0.0,no supported template
polymarket,archive,11991,0x27d2c539ab4f349b603d4a47f071f581c06fd13f668d58ed35ae96eada116961,"Will 100 million people have received a dose of an approved COVID-19 vaccine in the US by April 1, 2021?",,,7116763.863114,2020-12-21 12:30:44.783000-08:00,2021-03-31 17:00:00-07:00,,,,,,,,,,,,0.0,no supported template
polymarket,archive,1199779,0x78a7554bdf3861f7557bc637ae5298d948fbe26632e10042b34b8a0f6724cc4a,Will the US strike Somalia next?,,,12430945.086593,2026-01-16 10:55:29.640007-08:00,,,,,,,,,,,,,0.0,no supported template
polymarket,archive,1209703,0x82f2498ebce9cab4841428279222d72ed52b1ba6727100216c8c9a97e32aa07c,Will Chelsea FC win on 2026-01-31?,,,6112737.801484,2026-01-17 13:48:03.934048-08:00,2026-01-31 09:30:00-08:00,,,,,,,,,,,,0.0,no supported template
polymarket,archive,1209706,0xe0e9b323fd61665061deb2b2a0b91668eb4222fc698e62676a64712afb05a5d2,Will Liverpool FC win on 2026-01-31?,,,10673406.910317,2026-01-17 13:48:06.373355-08:00,2026-01-31 12:00:00-08:00,,,,,,,,,,,,0.0,no supported template
polymarket,archive,1219722,0x393557eaf4c3ec53cf4a341d12263914944220359b6f02b703109ce220257641,Patriots vs. Broncos,,,12245929.37084,2026-01-19 05:00:05.587213-08:00,2026-01-25 12:00:00-08:00,,,,,,,,,,,,0.0,non-binary or non-yes-no polymarket outcome
polymarket,archive,1219725,0x0074ba8b521e1cb18ef3befdfa5e586a3d9c3b0aefae2eb2d80f99b1e594f7a1,Rams vs. Seahawks,,,13597731.415087,2026-01-19 05:00:06.802362-08:00,2026-01-25 15:30:00-08:00,,,,,,,,,,,,0.0,non-binary or non-yes-no polymarket outcome
polymarket,archive,1231388,0xe867ba2fa5fe6b2a6353eea0cd9398a9d03a9a952fbe274d5048db8789498cae,"Will Trump say ""Million"" or ""Billion"" or ""Trillion"" 10+ times during CNBC interview?",,,6298467.984748,2026-01-20 16:05:08.087838-08:00,2026-01-20 16:00:00-08:00,,,,,,,,,,,,0.0,no supported template
polymarket,archive,1236230,0x76a213c1f24dd30025a9f20355341a7a0fefcf1499b7c015ebd8493f55794d7a,"US strikes Iran by January 26, 2026?",,,6908537.995966,2026-01-21 11:04:49.245762-08:00,2026-01-30 16:00:00-08:00,,,,,,,,,,,,0.0,no supported template
polymarket,archive,1276989,0x0e40c82ceb1b5d1ef770c2c7369d2374a0132ef18df7b55ed28a311cdb758d84,Australian Open Men's: Carlos Alcaraz vs Alexander Zverev,,,6642471.831306,2026-01-27 05:00:13.847587-08:00,2026-02-12 19:30:00-08:00,,,,,,,,,,,,0.0,non-binary or non-yes-no polymarket outcome
polymarket,archive,1277549,0xaa0f4e7dac1cdb9a2c3d87be90f9f218d64f9350b22c29d168cafdc356de883a,76ers vs. Clippers,,,6168488.553783,2026-01-27 07:00:18.991993-08:00,2026-02-02 19:00:00-08:00,,,,,,,,,,,,0.0,non-binary or non-yes-no polymarket outcome
polymarket,archive,1294616,0x8fcd8d30e559d75d1f1ac26fb61c118910d271a55ecce8e05367b1a6114bf20e,"US strikes Iran by February 1, 2026?",,,6629658.109989,2026-01-29 10:35:44.751137-08:00,2026-01-31 16:00:00-08:00,,,,,,,,,,,,0.0,no supported template
polymarket,archive,1299670,0xc4dc63fff275ce636a25ccdbc7439a1a9a838fc0e9dfd5ff69b6319ae537dd22,Australian Open Men's: Carlos Alcaraz vs Novak Djokovic,,,6849886.730076,2026-01-30 09:00:08.682303-08:00,2026-02-15 00:30:00-08:00,,,,,,,,,,,,0.0,non-binary or non-yes-no polymarket outcome
polymarket,archive,1299962,0xd5a91c9ee50ba80385283714f2a66b1e16d544a682af2af06a8f57fcf1d0233d,Will the government shutdown last 5 days or more?,,,6112652.707367,2026-01-30 09:49:07.008728-08:00,2026-03-30 17:00:00-07:00,,,,,,,,,,,,0.0,no supported template
polymarket,archive,13107,0xf86032dc2a893df839b93c7868e6cb206db8d5f083c2861554e7fd1deab7dd52,"Will Joe Biden be inaugurated as President of the USA on January 20th, 2021?",,,8582604.040652,2020-12-23 08:15:24.326000-08:00,2021-01-19 16:00:00-08:00,,,,,,,,,,,,0.0,no supported template
polymarket,archive,240380,0x41190eb9336ae73949c04f4900f9865092e69a57cf9c942a6157abf6ae8d16c6,[Single Market] Will Donald J. Trump win the U.S. 2024 Republican presidential nomination?,,,6552460.323992,2022-01-10 18:08:51.147000-08:00,2024-09-09 17:00:00-07:00,,,,,,,,,,,,0.0,no supported template
polymarket,archive,240613,0x26ee82bee2493a302d21283cb578f7e2fff2dd15743854f53034d12420863b55,Which party wins 2024 US Presidential Election?,,,8828319.27610304,2022-01-12 03:02:46.648000-08:00,2024-11-08 04:00:00-08:00,,,,,,,,,,,,0.0,non-binary or non-yes-no polymarket outcome
polymarket,archive,252294,0x3ac961dca3c4f0fc34bf94c661962012ab5e8bcdcadfc99affa06eddde00b29f,Biden drops out of presidential race?,,,21122389.820576,2023-09-19 09:08:10.891000-07:00,2024-11-04 04:00:00-08:00,,,,,,,,,,,,0.0,no supported template
polymarket,archive,253254,0xb36886bb0cf7cede4fd57fedbbbf80342ec76921d567fa9958275c22e1df04bd,Bitcoin ETF approved by Jan 15?,,,12622418.419238001,2023-12-01 10:42:34.088000-08:00,2024-01-14 16:00:00-08:00,,,,,,,,,,,,0.0,no supported template
polymarket,archive,253591,0xdd22472e552920b8438158ea7238bfadfa4f736aa4cee91a6b86c39ead110917,Will Donald Trump win the 2024 US Presidential Election?,,,1531479284.504353,2024-01-04 09:33:51.332000-08:00,2024-11-05 04:00:00-08:00,,,,,,,,,,,,0.0,no supported template
polymarket,archive,253592,0x14018049e265a2d88f284be9588e2e3542e3a3df08ccdb344d28355dd7fdd8ef,Will Joe Biden win the 2024 US Presidential Election?,,,72176112.338298,,2024-11-05 04:00:00-08:00,,,,,,,,,,,,0.0,no supported template
polymarket,archive,253593,0xced9f9d90c94db9f1e1dbd7d9fba82fe4fa7431c0d4e91e28896c8ac2d6acadd,Will Nikki Haley win the 2024 US Presidential Election?,,,107529158.083605,,2024-11-04 16:00:00-08:00,,,,,,,,,,,,0.0,no supported template
polymarket,archive,253594,0x40bbdd26dc08406eedcb913efee7f7faddf50e16fc21caedb4972d57fd71e0d1,Will Gavin Newsom win the 2024 US Presidential Election?,,,54161276.228088,2024-01-04 09:37:48.563000-08:00,2024-11-04 16:00:00-08:00,,,,,,,,,,,,0.0,no supported template
polymarket,archive,253595,0x7da35195ac3c7bf167f88ab0c27067a99020e36de67d39968b71d9debcdd925e,Will Robert F. Kennedy Jr. win the 2024 US Presidential Election?,,,141605110.748029,2024-01-04 09:39:07.759000-08:00,2024-11-04 04:00:00-08:00,,,,,,,,,,,,0.0,no supported template
polymarket,archive,253596,0xad6d309aaa500d96855996e84da00dfb2379548a693ca684d0877cf94fec05d1,Will Ron DeSantis win the 2024 US Presidential Election?,,,46309049.202369,2024-01-04 09:39:50.077000-08:00,2024-11-05 04:00:00-08:00,,,,,,,,,,,,0.0,no supported template
polymarket,archive,253597,0xc6485bb7ea46d7bb89beb9c91e7572ecfc72a6273789496f78bc5e989e4d1638,Will Kamala Harris win the 2024 US Presidential Election?,,,1037039118.18879,2024-01-04 09:40:17.792000-08:00,2024-11-04 04:00:00-08:00,,,,,,,,,,,,0.0,no supported template
polymarket,archive,253598,0x696baf880832d000a37ea87cc94235b1ac58e7e9fe7a144ccf5d141877629134,Will Vivek Ramaswamy win the 2024 US Presidential Election?,,,21181731.472915,2024-01-04 09:40:59.956000-08:00,2024-11-04 16:00:00-08:00,,,,,,,,,,,,0.0,no supported template
polymarket,archive,253609,0x230144e34a84dfd0ebdc6de7fde37780e28154f6f84dd8880c7f0e58d302d448,Will Michelle Obama win the 2024 US Presidential Election?,,,153382275.618594,2024-01-05 12:53:17.668000-08:00,2024-11-04 16:00:00-08:00,,,,,,,,,,,,0.0,no supported template
polymarket,archive,253610,0x63634b4e14297a748923f86dca4fa0c6c659db0f5fadeeb8e419e48e20759c34,Will Hillary Clinton win the 2024 US Presidential Election?,,,93307167.686999,2024-01-05 12:53:17.733000-08:00,2024-11-04 16:00:00-08:00,,,,,,,,,,,,0.0,no supported template
polymarket,archive,253634,0xf6106065ec5d5dae7eca350be64e5246ae331b35937ea55b64152f65fbc0b37f,Will Chris Christie win the 2024 US Presidential Election?,,,14192736.345,2024-01-06 11:28:37.815000-08:00,2024-11-04 16:00:00-08:00,,,,,,,,,,,,0.0,no supported template
polymarket,archive,253635,0xd1cce1f51effdf3957144fdc87b5e8aace1d1f7ab21976a046b71744ecad8443,Will AOC win the 2024 US Presidential Election?,,,22011560.654836,,2024-11-05 04:00:00-08:00,,,,,,,,,,,,0.0,no supported template
polymarket,archive,253639,0x3120827dc12167d09fd9f08233e2b540054a2ed90aad65c023bc1da9d38b29d9,Will Elizabeth Warren win the 2024 US Presidential Election?,,,14714813.728,2024-01-06 11:32:19.994000-08:00,2024-11-04 16:00:00-08:00,,,,,,,,,,,,0.0,no supported template
polymarket,archive,253640,0x08f5fe8d0d29c08a96f0bc3dfb52f50e0caf470d94d133d95d38fa6c847e0925,Will Bernie Sanders win the 2024 US Presidential Election?,,,9829356.367,2024-01-06 11:32:20.052000-08:00,2024-11-04 16:00:00-08:00,,,,,,,,,,,,0.0,no supported template
polymarket,archive,253641,0xb92f22143e7b48609a82573fa8197dc73683a15acb467b0f51ee63da7e3f520b,Will any other Democratic Politician win the 2024 US Presidential Election?,,,116558196.386525,2024-01-06 11:52:35.348000-08:00,2024-11-04 16:00:00-08:00,,,,,,,,,,,,0.0,no supported template
polymarket,archive,253642,0x55c551896c10a74861f2fd88b4f928694310114704cc74b29b9760d1156cade6,Will any other Republican Politician win the 2024 US Presidential Election?,,,241655099.850067,2024-01-06 11:52:35.394000-08:00,2024-11-04 16:00:00-08:00,,,,,,,,,,,,0.0,no supported template
polymarket,archive,253643,0x73ac4c1e5be0a89685328c9f5b833d828ffd62dfa07ceaf8536edbc43aa5f51e,Will Kanye West win the 2024 US Presidential Election?,,,9203011.891998,,2024-11-04 16:00:00-08:00,,,,,,,,,,,,0.0,no supported template
polymarket,archive,253675,0xb0a06b05d49947a302d0c3648add3b6d6660380de6bdb6b79f0007f18daf3adb,2024 presidential election: GOP wins by 215+,,,7262055.993012,2024-01-08 13:14:19.528000-08:00,2024-11-04 04:00:00-08:00,,,,,,,,,,,,0.0,no supported template
polymarket,archive,253677,0xfdcd333ff42c2908a1c1ba56435e9de40969c32c1e83a1c2bc76352a74c5c0d8,2024 presidential election: GOP wins by 65-104,,,7563202.909916,2024-01-08 13:19:54.593000-08:00,2024-11-04 04:00:00-08:00,,,,,,,,,,,,0.0,no supported template
polymarket,archive,253678,0x2a9c818392b7e213bebe13ef773d2ecfe637221dbe04c4b9f47a3ce890f1cf4c,2024 presidential election: GOP wins by 35-64,,,6753406.418423,2024-01-08 13:19:54.641000-08:00,2024-11-04 04:00:00-08:00,,,,,,,,,,,,0.0,no supported template
polymarket,archive,253683,0x272461ac34da7a85f4c7f6cad291b10b9268061e5813cad8c9cb9897cf0d94a9,2024 presidential election: Democrats win by 5-14,,,6235007.012558,2024-01-08 13:24:21.852000-08:00,2024-11-04 04:00:00-08:00,,,,,,,,,,,,0.0,no supported template
polymarket,archive,253687,0x23df7c359c5641fceed71bd62edda6a4a4997b66566d137a5e639434c8444b2c,2024 presidential election: Democrats win by 105-154,,,6153981.286456,2024-01-08 13:26:42.847000-08:00,2024-11-04 04:00:00-08:00,,,,,,,,,,,,0.0,no supported template
polymarket,archive,253688,0xff5c1e73e31ad495136fcafce90710a3a1771a96f07116db60aeaae095c0ec29,2024 presidential election: Democrats win by 215+,,,6016787.147049,2024-01-08 13:27:34.486000-08:00,2024-11-04 04:00:00-08:00,,,,,,,,,,,,0.0,no supported template
polymarket,archive,253691,0x911d086ef50a087b694d40ffa105b8a384a3275aa66ff4fa66e55da1ff91f6b3,Will Donald J. Trump win the 2024 Republican presidential nomination?,,,6074886.86245,2024-01-08 14:01:41.041000-08:00,2024-07-12 17:00:00-07:00,,,,,,,,,,,,0.0,no supported template
polymarket,archive,253697,0x653483009043f1663360bc35ed8fb542d3f9453916082d20ff025adaa2fe7032,Will Joe Biden win the 2024 Democratic Presidential Nomination?,,,57519438.444639,2024-01-08 14:29:46.401000-08:00,2024-08-18 05:00:00-07:00,,,,,,,,,,,,0.0,no supported template
polymarket,archive,253698,0xd6f4c41fd20b8c6d5b48d528ead981d8fdf3da99d05018443e2d5bc60085e3dd,Will Gavin Newsom win the 2024 Democratic Presidential Nomination?,,,37514692.524769,,2024-08-18 17:00:00-07:00,,,,,,,,,,,,0.0,no supported template
polymarket,archive,253699,0xd28eff5dc23bc2520042f8722add1afc39cdc9ea00650262e75a5d3bafeed06b,Will Robert F. Kennedy Jr. win the 2024 Democratic Presidential Nomination?,,,28528853.89392,2024-01-08 14:29:46.579000-08:00,2024-08-18 17:00:00-07:00,,,,,,,,,,,,0.0,no supported template
polymarket,archive,253701,0x9e9071636d176562592a98dfede865385ba0cff7864cfa01f0479ca6e9e26e1b,Will Kamala Harris win the 2024 Democratic Presidential Nomination?,,,54563172.651864,2024-01-08 14:29:46.585000-08:00,2024-08-18 17:00:00-07:00,,,,,,,,,,,,0.0,no supported template
polymarket,archive,253702,0xea236b37f6ba053c48240dafea9b4b745ce43aebd44d8911df35302d1ac951a3,Will Hillary Clinton win the 2024 Democratic Presidential Nomination?,,,35289981.75504,2024-01-08 14:29:46.588000-08:00,2024-08-18 17:00:00-07:00,,,,,,,,,,,,0.0,no supported template
polymarket,archive,253703,0x2d606a51f902a4d934a4b810dd77cb28bb8e40268f42354057b5a47f9799efad,Will Michelle Obama win the 2024 Democratic Presidential Nomination?,,,47510450.440678,2024-01-08 14:29:46.589000-08:00,2024-08-18 17:00:00-07:00,,,,,,,,,,,,0.0,no supported template
polymarket,archive,253704,0x475e0fd32b211c0cfe6755638efceba2373d01a7224c7750f77f978db104f639,2024 presidential election: GOP wins by 105-154,,,6473740.733323,2024-01-08 15:05:47.007000-08:00,2024-11-04 04:00:00-08:00,,,,,,,,,,,,0.0,no supported template
polymarket,archive,253706,0xcd1b6b71a1964f15e2c14809594cbfa0d576270e8ef94c8c24913121097e09e5,Will Donald Trump win the popular vote in the 2024 Presidential Election?,,,119932620.818624,2024-01-09 10:05:18.484000-08:00,2024-11-05 04:00:00-08:00,,,,,,,,,,,,0.0,no supported template
polymarket,archive,253722,0xb26fd99a7b7bae4e13c9bb3becf65353708a805f9c1aea74484d107e6ba512cd,Biden wins the Popular Vote?,,,12582924.999919,2024-01-09 10:24:12.176000-08:00,2024-11-04 04:00:00-08:00,,,,,,,,,,,,0.0,no supported template
polymarket,archive,253723,0x0c12d7b5322f432a0c4ac8806b476c7483c4d44061ca1188b6f749ec9db34996,Will Nikki Haley win the popular vote in the 2024 Presidential Election?,,,21923974.494067,2024-01-09 10:29:49.048000-08:00,2024-11-04 16:00:00-08:00,,,,,,,,,,,,0.0,no supported template
polymarket,archive,253724,0xf488aacaba74914fe181c68d8b6195e13c4ec8b6c1b215c299d297666297200e,Will RFK Jr. win the popular vote in the 2024 Presidential Election?,,,47770370.83836,,2024-11-04 16:00:00-08:00,,,,,,,,,,,,0.0,no supported template
polymarket,archive,253725,0x534da3946b8da84a8687e346e735fcc1d7c7078c057b1a7769cb9991b3e67968,Will Gavin Newsom win the popular vote in the 2024 Presidential Election?,,,8544095.827944,2024-01-09 10:29:49.166000-08:00,2024-11-04 16:00:00-08:00,,,,,,,,,,,,0.0,no supported template
polymarket,archive,253727,0x265366ede72d73e137b2b9095a6cdc9be6149290caa295738a95e3d881ad0865,Kamala Harris wins the popular vote?,,,163779786.645492,2024-01-09 10:29:49.185000-08:00,2024-11-05 04:00:00-08:00,,,,,,,,,,,,0.0,no supported template
polymarket,archive,253728,0x037c9d29c04a2f6a5373ae7db7779cb40a751ca372de1e55999397a8f571c67e,Will Ron DeSantis win the popular vote in the 2024 Presidential Election?,,,39315353.333832,2024-01-09 10:29:49.174000-08:00,2024-11-04 16:00:00-08:00,,,,,,,,,,,,0.0,no supported template
polymarket,archive,253730,0x215625b9e962f3f499f832c77dd4caa400bd8435369b5fd65e8673c8b2c4da66,Will Michelle Obama win the popular vote in the 2024 Presidential Election?,,,36970806.278363,2024-01-09 10:32:21.834000-08:00,2024-11-04 16:00:00-08:00,,,,,,,,,,,,0.0,no supported template
polymarket,archive,253731,0xf3a7a2365b6ec113117184bb2d1b020577355a1028fde0b32671c4cfbbbbd589,Will Hillary Clinton win the popular vote in the 2024 Presidential Election?,,,70237132.505143,2024-01-09 10:32:21.837000-08:00,2024-11-04 16:00:00-08:00,,,,,,,,,,,,0.0,no supported template
polymarket,archive,253734,0x21dacbae08cd922e9fe1e5f3a4b2ea09820d36f2ed368d6b53683b0fc1f16fe1,Will AOC win the popular vote in the 2024 Presidential Election?,,,6367580.896,,2024-11-04 16:00:00-08:00,,,,,,,,,,,,0.0,no supported template
polymarket,archive,253735,0x37658cacdccbb4d2d6dd4cae8cfd43b268e695aab51973a70be339f1b90d9a94,Will Kanye West win the popular vote in the 2024 Presidential Election?,,,6217811.572499,2024-01-09 11:43:19.105000-08:00,2024-11-04 16:00:00-08:00,,,,,,,,,,,,0.0,no supported template
polymarket,archive,253736,0x198d833c085ed0c858165192e9fd446c5392dbcdedd1132d89c578c0b5c29b2f,Will any other Democrat Politician win the popular vote in the 2024 Presidential Election?,,,36496306.548087,2024-01-09 11:43:19.196000-08:00,2024-11-04 16:00:00-08:00,,,,,,,,,,,,0.0,no supported template
polymarket,archive,253737,0x34b8fa269775d034f3d98b6848e0a7c5212efcaa0c98e6f8fb54c5d6f72b3705,Will any other Republican Politician win the popular vote in the 2024 Presidential Election?,,,35232789.166403,2024-01-09 11:43:19.198000-08:00,2024-11-04 04:00:00-08:00,,,,,,,,,,,,0.0,no supported template
polymarket,archive,253750,0x4fdc8c72f3013001dccc152e318cb3fcb16da16c741816c3078a42947702ece5,Ethereum ETF approved by May 31?,,,13226512.327129,2024-01-09 13:13:02.839000-08:00,2024-05-31 05:00:00-07:00,,,,,,,,,,,,0.0,no supported template
polymarket,archive,253836,0x547171b466f04230c9a6bfd13a71fb24de3442e10ce5cea95232d970f36fd5bf,Democrats and Republicans both lose the 2024 Presidential Election?,,,20963826.152231,2024-01-11 15:30:49.853000-08:00,2024-11-04 16:00:00-08:00,,,,,,,,,,,,0.0,no supported template
polymarket,archive,253842,0xe721d257bb72949a6c61a77847b7880519a6164a8211e815da15eccd750c4626,Will Elizabeth Warren win the 2024 Democratic Presidential Nomination?,,,16590051.97809,2024-01-12 10:50:26.718000-08:00,2024-08-18 17:00:00-07:00,,,,,,,,,,,,0.0,no supported template
polymarket,archive,253843,0x3faf3dbf90050968deafdc980118910ebe8d2410a573bc265ba81fc4658c793b,Will someone else win the 2024 Democratic Presidential Nomination?,,,28123133.590498,2024-01-12 11:04:45.875000-08:00,2024-08-18 05:00:00-07:00,,,,,,,,,,,,0.0,no supported template
polymarket,archive,253874,0x9b277b355e9fff465381229667e064abb97ee74934af5e1a2278293f41e69708,Will Dean Phillips win the 2024 Democratic Presidential Nomination?,,,22226397.943736,2024-01-12 14:42:53.818000-08:00,2024-08-18 17:00:00-07:00,,,,,,,,,,,,0.0,no supported template
polymarket,archive,253912,0x2c2dc19efecfd9943c54e116f3a07f57026d3f38ad7c6e0019c628baceb5bc14,Will USDC flip USDT in market cap in 2024?,,,6194780.65828928,,2024-12-30 16:00:00-08:00,,,,,,,,,,,,0.0,no supported template
polymarket,archive,253995,0x99c0965b13b8374737bf087337afe310fe9fe22d0b2a35d7972cae10ddba2711,Will Vivek Ramaswamy win the 2024 Republican VP nomination?,,,6674832.408846,2024-01-18 11:18:33.484000-08:00,2024-09-05 05:00:00-07:00,,,,,,,,,,,,0.0,no supported template
polymarket,archive,254001,0xdc0305fbe2b2851d4820af3461fa70c43641cbe4fb0e74dd79bfbd6dc89f170d,Will Tucker Carlson win the 2024 Republican VP nomination?,,,6008855.235884,2024-01-18 11:46:58.756000-08:00,2024-09-05 05:00:00-07:00,,,,,,,,,,,,0.0,no supported template
polymarket,archive,254112,0x6a031c4888fcfb886861d3616cce760ea284dbf46e355b197400c2b12a4c37a6,Will JD Vance win the 2024 Republican VP nomination?,,,6452293.0115,2024-01-25 11:39:03.074000-08:00,2024-09-04 05:00:00-07:00,,,,,,,,,,,,0.0,no supported template
polymarket,archive,254248,0xbce0ff6f8ee396ec39e76c8b60d747272e8bf4bd65f31d0e131b64aceb0be3b5,Will 'Deadpool 3' gross most in 2024?,,,8771933.14124493,2024-01-31 14:05:51.691000-08:00,2024-12-28 16:00:00-08:00,,,,,,,,,,,,0.0,no supported template
polymarket,archive,254249,0xf80032ad5496e997beb357f01e9fe69382d7c755cde2352eba37410db006c21d,Will 'Dune: Part 2' gross most in 2024?,,,19502938.234954,2024-01-31 14:05:51.734000-08:00,2024-12-28 16:00:00-08:00,,,,,,,,,,,,0.0,no supported template
polymarket,archive,254250,0x87ebcc9f6660a5b9613650c3d91bae01f4503b11eb61a782b993bbc3a5d41b04,Will 'Joker 2' gross most in 2024?,,,27351093.5083624,2024-01-31 14:05:51.735000-08:00,2024-12-28 16:00:00-08:00,,,,,,,,,,,,0.0,no supported template
polymarket,archive,254251,0x62c1c246437874dc270d9d9019b6228532a394ea2a6ffa36190c7075a2732ae6,Will 'Furiosa: A Mad Max Saga' gross most in 2024?,,,21691619.0902797,2024-01-31 14:07:55.428000-08:00,2024-12-28 16:00:00-08:00,,,,,,,,,,,,0.0,no supported template
polymarket,archive,254252,0x1742f180a7ff24c2a89f3775e8f4243169085b7a25a50f15c76090b816e4c994,Will 'Despicable Me 4' gross most in 2024?,,,25803996.5807667,2024-01-31 14:13:18.311000-08:00,2024-12-28 16:00:00-08:00,,,,,,,,,,,,0.0,no supported template
polymarket,archive,254253,0x1ab07117f9f698f28490f57754d6fe5309374230c95867a7eba572892a11d710,Will 'Inside Out 2' gross most in 2024?,,,8909465.21794603,2024-01-31 14:13:18.379000-08:00,2024-12-28 16:00:00-08:00,,,,,,,,,,,,0.0,no supported template
polymarket,archive,254432,0x5401278f7f9c9df79552148e2b280dea9ea91431a77c2c46686b8bec598970e7,Ethereum all time high in 2024?,,,19510179.2052032,2024-02-12 13:15:20.422000-08:00,2024-12-30 04:00:00-08:00,,,,,,,,,,,,0.0,no supported template
polymarket,archive,254577,0x260fd9d6b10746909a26c2af7a68b409f757c95a07dc57ddd480774a36c8399b,Will Fed cut interest rates 3 times in 2024?,,,8337156.91915808,2024-02-21 11:37:12.662000-08:00,2024-12-30 04:00:00-08:00,,,,,,,,,,,,0.0,no supported template
polymarket,archive,254578,0x9d1f0296f3a016727193d2b45704e0debc3b8048fe0715f8bb1e91550d321872,Will Fed cut interest rates 4 times in 2024?,,,6812524.970527,2024-02-21 11:37:12.693000-08:00,2024-12-30 04:00:00-08:00,,,,,,,,,,,,0.0,no supported template
polymarket,archive,254579,0x13d3e3531ecc4d6096ffe53c9a34f73ea56ed9b4404f87366e708d3d3a7be699,Will Fed cut interest rates 5 times in 2024?,,,6683117.51304494,2024-02-21 11:37:12.709000-08:00,2024-12-30 04:00:00-08:00,,,,,,,,,,,,0.0,no supported template
polymarket,archive,254580,0x1070c27e30447364ed6602778729203d29aaa8860cb0a24779eb3a26f68b245f,Will Fed cut interest rates 6+ times in 2024?,,,20169086.258574,2024-02-21 11:37:12.714000-08:00,2024-12-30 04:00:00-08:00,,,,,,,,,,,,0.0,no supported template
polymarket,archive,254600,0x1b43e21dc696e34154ba0d0a9b351264a86d773bf381ffd0eb5d2124ee783b33,House control after 2024 election?,,,7967497.858254,2024-02-21 12:48:49.582000-08:00,2024-11-04 16:00:00-08:00,,,,,,,,,,,,0.0,non-binary or non-yes-no polymarket outcome
polymarket,archive,254759,0xb09684e11fb40f40cfb2fec4a8e08fe2b021a82b0803756a90f04e1364efa94f,Ethereum all time high in Q4 2024?,,,6082769.27339299,2024-02-26 13:45:04.797000-08:00,2024-12-30 16:00:00-08:00,,,,,,,,,,,,0.0,no supported template
polymarket,archive,255054,0xdd2f4921a562fc4d18c0bde327d2a9315352a3ba4137656112b9b1770fd1f2a9,Will a Republican win Nevada Presidential Election?,,,6181381.804395,,2024-11-05 04:00:00-08:00,,,,,,,,,,,,0.0,no supported template
polymarket,archive,255087,0x7606802127355512c8f8ff9c70ef27a2717a8554374d84452de4c7d28147338d,Will a Republican win Georgia Presidential Election?,,,6457569.386048,2024-03-01 10:05:26.964000-08:00,2024-11-05 04:00:00-08:00,,,,,,,,,,,,0.0,no supported template
polymarket,archive,255088,0xe1dc4ae259d47a61f59c76462e1f087e94cd027a3c79827f476469f1cf1c1982,Will a candidate from another party win Georgia Presidential Election?,,,8662433.017881,2024-03-01 10:05:26.981000-08:00,2024-11-02 17:00:00-07:00,,,,,,,,,,,,0.0,no supported template
polymarket,archive,255103,0x373f49179e6675ebf892ab562da3ca812280705e530dab69a30712ee13b22b49,Will a candidate from another party win Illinois Presidential Election?,,,9443651.744845,2024-03-01 10:20:28.168000-08:00,2024-11-05 04:00:00-08:00,,,,,,,,,,,,0.0,no supported template
polymarket,archive,255143,0x1092f6af37037a3539947b2052eeffff3608e2b68926340cab146369d3d2aac9,Will a Democrat win Michigan Presidential Election?,,,10404102.083081,2024-03-01 10:52:06.609000-08:00,2024-11-05 04:00:00-08:00,,,,,,,,,,,,0.0,no supported template
polymarket,archive,255144,0xbb01eefb24a38a9aa1921ec168d3049e7374b28a2540937d06b3ff2524d66627,Will a Republican win Michigan Presidential Election?,,,8427215.034753,2024-03-01 10:52:06.662000-08:00,2024-11-05 04:00:00-08:00,,,,,,,,,,,,0.0,no supported template
polymarket,archive,255145,0x972520d8ed44dcd71fff95b44e2593750d0e44323a5ccd2ce4bbbc540427bce9,Will a candidate from another party win Michigan Presidential Election?,,,9629392.83715,2024-03-01 10:52:06.666000-08:00,2024-11-03 16:00:00-08:00,,,,,,,,,,,,0.0,no supported template
polymarket,archive,255151,0x02bc0bbff054877a08cdc4f9ccf4e7606804bc05c27f5faccf26c6e1666a5558,Will a Democrat win Pennsylvania Presidential Election?,,,12960333.136703,2024-03-01 10:56:41.231000-08:00,2024-11-05 04:00:00-08:00,,,,,,,,,,,,0.0,no supported template
polymarket,archive,255152,0xa923afcb8297e3ade170f2f8c088f3c277557fadef2c67054d72cc59f8504b2b,Will a Republican win Pennsylvania Presidential Election?,,,12519682.451836,2024-03-01 10:57:20.607000-08:00,2024-11-05 04:00:00-08:00,,,,,,,,,,,,0.0,no supported template
polymarket,archive,255156,0xa744830d0000a092e0151db9be472b5d79ab2f0a04aaba32fb92d6be49cbb521,Will a candidate from another party win Pennsylvania Presidential Election?,,,7698840.763822,2024-03-01 10:58:46.028000-08:00,2024-11-02 17:00:00-07:00,,,,,,,,,,,,0.0,no supported template
polymarket,archive,255175,0x6f12706a5caa97080ff196422c499704adeb814787c63d4fbac1b0daa21952f8,Will a candidate from another party win Texas Presidential Election?,,,7693577.100653,2024-03-01 11:33:41.362000-08:00,2024-11-04 16:00:00-08:00,,,,,,,,,,,,0.0,no supported template
polymarket,archive,255198,0x39739e38954e57138565a5b3acf5209c902b495a5c89b09b8b39812768cb3a59,Will a candidate from another party win Virginia Presidential Election?,,,10128418.660898,2024-03-01 11:56:17.842000-08:00,2024-11-05 04:00:00-08:00,,,,,,,,,,,,0.0,no supported template
polymarket,archive,255229,0x9c66114d2dfe2139325cc7a408a5cd5d2e73b55d919e2141b3a0ed83fc15895d,Will Bitcoin hit $100k in 2024?,,,22807235.891544,2024-03-04 07:54:19.095000-08:00,2024-12-30 04:00:00-08:00,,,,,,,,,,,,0.0,no supported template
polymarket,archive,255322,0xbd3ed58e5472776516683cce181509b05bd07ef687997795d1cfb70fa7c4bc55,Will Bitcoin hit $250k in 2024?,,,9422713.94942905,2024-03-06 12:57:31.879000-08:00,2024-12-30 04:00:00-08:00,,,,,,,,,,,,0.0,no supported template
polymarket,archive,255335,0xa0811c97f529d627b7774a5b188e605736b745a1f892c39e16c5a022fdb84b8b,Fed rate cut by September 18?,,,20345317.826273,2024-03-07 10:53:28.276000-08:00,2024-09-17 17:00:00-07:00,,,,,,,,,,,,0.0,no supported template
polymarket,archive,255396,0x9c23593b309f27a4e05f059032d59c2a37f8bb10d126ac7e22014593a07fa9a6,Will Jake Paul win his boxing match against Mike Tyson?,,,15917754.336328,2024-03-08 12:46:18.325000-08:00,2024-07-19 17:00:00-07:00,,,,,,,,,,,,0.0,no supported template
polymarket,archive,255397,0xb4961db4b70b4ebeebce6dee9816eda7a18443ae2d25240a70a0614a01f44ed2,Will Mike Tyson win his boxing match against Jake Paul?,,,32399877.164035,2024-03-08 12:46:18.503000-08:00,2024-07-19 17:00:00-07:00,,,,,,,,,,,,0.0,no supported template
polymarket,archive,255398,0xb41303fef1fad2465522ed3d9a0d26d7593733e3b567d7888b981056b33865df,Will Jake Paul vs. Mike Tyson have no official winner?,,,14968970.920633,2024-03-08 12:46:18.507000-08:00,2024-07-19 17:00:00-07:00,,,,,,,,,,,,0.0,no supported template
polymarket,archive,40,0xf2e631ea675c5b09caea0bf65cf7887e25907af2657c8c907f02d9afbff20d05,Will Trump win the 2020 U.S. presidential election?,,,10802601.987023,2020-10-09 10:00:08.468000-07:00,2020-11-19 16:00:00-08:00,,,,,,,,,,,,0.0,no supported template
polymarket,archive,47250,0x46f4890c7c37a14453d8381426d70596213a4e25dd76d6b7b927a8940b49bf66,"Will Donald Trump be President of the USA on March 31, 2021?",,,6253674.443228,2021-01-18 13:20:01.644000-08:00,2021-03-31 17:00:00-07:00,,,,,,,,,,,,0.0,no supported template
polymarket,archive,500120,0xa6e7131f295407c7f56304d6a368a3b98ec280e162bfb38537da392305b202cb,Will a candidate from another party win Ohio US Senate Election?,,,13006615.346782,,2024-11-05 04:00:00-08:00,,,,,,,,,,,,0.0,no supported template
polymarket,archive,500502,0xf4078ddd084c8979c81f1ac4674d5e846b87a13b7f568bdd402296181e83b4d9,Will Biden pardon SBF?,,,8209070.796648,2024-03-28 09:43:29.623851-07:00,2025-01-20 04:00:00-08:00,,,,,,,,,,,,0.0,no supported template
polymarket,archive,500614,0xb17631413f217b33763f011a61990dd420f760af13bba6cdccd68c52b2b72d4e,Will a Democrat win Arizona US Senate Election?,,,6754633.942725,2024-04-02 09:18:36.616087-07:00,2024-11-05 04:00:00-08:00,,,,,,,,,,,,0.0,no supported template
polymarket,archive,500615,0xac7162f96876ea602d984de6f9800b8a4b8a45897e798a7630d9e004ae5b9a0b,Will a Republican win Arizona US Senate Election?,,,8258327.18658,2024-04-02 09:19:32.623115-07:00,2024-11-05 04:00:00-08:00,,,,,,,,,,,,0.0,no supported template
polymarket,archive,500631,0x96f6fb6567b5938fc3c2e75f9829d7287340b9581a9c4817b8bc0aff82e1c45f,2024 Balance of Power: R Prez R Senate R House,,,11132803.610888,,2024-11-05 04:00:00-08:00,,,,,,,,,,,,0.0,no supported template
polymarket,archive,500636,0xbb958c943dab682a60d421effb917b6b66760905c23e58efd22699f278185444,"2024 Balance of Power: R Prez, D Senate, R House",,,6332605.568078,2024-04-02 14:40:20.976759-07:00,2024-11-05 04:00:00-08:00,,,,,,,,,,,,0.0,no supported template
polymarket,archive,500637,0x78e20dcb15d578061a6df0c5014d66cc21244bad6848336f3513493c65cf09c1,"2024 Balance of Power: R Prez, R Senate, D House",,,9322470.30561,2024-04-02 14:41:51.408166-07:00,2024-11-05 04:00:00-08:00,,,,,,,,,,,,0.0,no supported template
polymarket,archive,500639,0xcbecefa16a7a3531950c1b5f327a83ad0fdf448bea6f4ec7bc5b913f89ad3b05,"2024 Balance of Power: R Prez, D Senate, D House",,,6481908.722395,2024-04-02 15:14:51.719826-07:00,2024-11-05 04:00:00-08:00,,,,,,,,,,,,0.0,no supported template
polymarket,archive,500640,0x4302790173d1f5b438ac937d1fd64360f8a134589f3d490626f7c1f67b2b3611,2024 Balance of Power: Other,,,24501103.382891,2024-04-02 15:28:25.603084-07:00,2024-11-05 04:00:00-08:00,,,,,,,,,,,,0.0,no supported template
polymarket,archive,501585,0xafde9e890a2db339b6515cd75c2d09574dcaf731b483a1ef6ea0a3abc5ec8abd,Will a Democrat win the popular vote and the Presidency? ,,,14756382.198283,2024-05-14 08:49:07.689964-07:00,2024-11-05 04:00:00-08:00,,,,,,,,,,,,0.0,no supported template
polymarket,archive,501587,0x2010ff3939e8e664dd57369aa907bbaa6d03ae18be27fe3ab2f4cdcb95a8b2ab,Will a Republican win the popular vote and the Presidency? ,,,15286458.166973,2024-05-14 09:02:14.999364-07:00,2024-11-05 04:00:00-08:00,,,,,,,,,,,,0.0,no supported template
polymarket,archive,501588,0x136e99098f7d4087b4c5775d9f9a512de67e50bda37e88fa86b05a226c390182,Will a Republican win the popular vote and a Democrat win the Presidency?,,,17751068.899255,2024-05-14 09:05:06.417442-07:00,2024-11-05 04:00:00-08:00,,,,,,,,,,,,0.0,no supported template
polymarket,archive,501589,0xc53c00d3ed7df96cb528e049ca2d8a6056b620a82bfffd3ad58d35c5f92c02d6,Will a Democrat win the popular vote and a Republican win the Presidency?,,,18758441.931819,2024-05-14 09:10:31.756762-07:00,2024-11-05 04:00:00-08:00,,,,,,,,,,,,0.0,no supported template
polymarket,archive,501590,0xab0132a0b89e43d95c2643ac835877c757849e9a64ebac3c9f0c4696db41a288,Will a 3rd party candidate win the popular vote or the Presidency?,,,16641464.207499,2024-05-14 09:18:31.245027-07:00,2024-11-05 04:00:00-08:00,,,,,,,,,,,,0.0,no supported template
polymarket,archive,502128,0xbe14bea177600f534d0e9a863ecf69122171bb90444a0d6c8cb4f7d1e8cd3d59,Will Ethereum hit $10k in 2024?,,,7059606.46183396,2024-06-05 09:57:19.709409-07:00,2024-12-31 04:00:00-08:00,,,,,,,,,,,,0.0,no supported template
polymarket,archive,502570,0x58f67944066937674a50be515da512f99c6ac01f9820f72386a135ea98326e46,Is $DJT real?,,,6383820.759521,,2024-06-21 05:00:00-07:00,,,,,,,,,,,,0.0,no supported template
polymarket,archive,502571,0x70de1b06646805d289744df352ed58b5612fafb3d0322e483243c32cb110f8a7,Will Trump launch a coin before the election?,,,76899060.598799,2024-06-17 16:34:44.236874-07:00,2024-11-04 04:00:00-08:00,,,,,,,,,,,,0.0,no supported template
polymarket,archive,503011,0x74f97b1c6caf682f5ef9ccd325b3344959bf8fd38fe565e5398ecfebb827b4c0,Will Biden announce resignation by July 31?,,,11663215.117532,2024-06-28 13:09:49.820513-07:00,2024-07-31 05:00:00-07:00,,,,,,,,,,,,0.0,no supported template
polymarket,archive,503013,0xd1e760f57415093db2e8378b79fe37ec8dc9ad09ee57f6f0cdc2468ae29fea23,Will Biden finish his term?,,,64552171.3431552,2024-06-28 13:58:53.038399-07:00,2025-01-20 04:00:00-08:00,,,,,,,,,,,,0.0,no supported template
polymarket,archive,503175,0x2975406109ebf92cedda5862edc43997e1e5464fe5b2c27d4ba9f1cfbd39b8ba,Will Pete Buttigieg be the 2024 Democratic VP nominee?,,,9023366.085835,2024-07-03 09:55:26.421174-07:00,2024-08-22 05:00:00-07:00,,,,,,,,,,,,0.0,no supported template
polymarket,archive,503181,0x1115c00bd814cc2f621c497bc3d76e18446cfe559b0786c72422dd6e663f4dbf,Will Michelle Obama be the 2024 Democratic VP nominee?,,,6557745.539392,2024-07-03 10:22:08.347735-07:00,2024-08-22 05:00:00-07:00,,,,,,,,,,,,0.0,no supported template
polymarket,archive,503190,0x1b60fead57018405d3555612030acdf7f46a35955bdc697445708be31188cd71,Will Andy Beshear be the 2024 Democratic VP nominee?,,,11499090.465783,2024-07-03 10:39:41.483147-07:00,2024-08-22 05:00:00-07:00,,,,,,,,,,,,0.0,no supported template
polymarket,archive,503191,0x57f90c89879a5b5e69fad9c2a261fa6f44f3653001aa3a02446aed92aaff21bf,Will Tim Walz be the 2024 Democratic VP nominee?,,,12902914.060547,2024-07-03 10:41:24.071756-07:00,2024-08-22 05:00:00-07:00,,,,,,,,,,,,0.0,no supported template
polymarket,archive,503227,0xe64f063b9e2b02f8ac679ebacfb938088c1ddde2a953a1ebfd4a92b802910371,Will Josh Shapiro be the 2024 Democratic VP nominee?,,,16505096.89462,2024-07-05 11:21:02.174484-07:00,2024-08-22 05:00:00-07:00,,,,,,,,,,,,0.0,no supported template
polymarket,archive,503228,0xd83c13f14529750b296d6d2b327cbcadd34c2c3e673f4242c1be94d462a36617,Will Mark Kelly be the 2024 Democratic VP nominee?,,,12826516.149532,2024-07-05 11:21:39.658477-07:00,2024-08-22 05:00:00-07:00,,,,,,,,,,,,0.0,no supported template
polymarket,archive,503297,0x729a3298ae0559a4eebd1320216c8c9b8d51381ce5ce690da7e8df1f951a923a,Will the Cardinals win Super Bowl 2025?,,,43228740.8968111,2024-07-09 07:51:27.110595-07:00,2025-02-09 04:00:00-08:00,sports,win,,,nfl_super_bowl,,2025,,,sports|win|nfl_super_bowl|2025,sports|win|nfl_super_bowl|2025,0.86,sports outcome template
polymarket,archive,503298,0x441e51dcff7c576a75d9a72d920b1e55e7173bcd9905dc499c5000fb39588b3c,Will the Falcons win Super Bowl 2025?,,,49889785.2261379,2024-07-09 07:55:40.277835-07:00,2025-02-09 04:00:00-08:00,sports,win,,,nfl_super_bowl,,2025,,,sports|win|nfl_super_bowl|2025,sports|win|nfl_super_bowl|2025,0.86,sports outcome template
polymarket,archive,503299,0x0e73cc6c999f4fc1e3692905fc99fe7eb98beb16a284c4be762e3e64c42d1544,Will the Ravens win Super Bowl 2025?,,,6399020.27254501,2024-07-09 07:56:31.518667-07:00,2025-02-09 04:00:00-08:00,sports,win,,,nfl_super_bowl,,2025,,,sports|win|nfl_super_bowl|2025,sports|win|nfl_super_bowl|2025,0.86,sports outcome template
polymarket,archive,503300,0xeb52004d81a0458910b98afbab213f85e488d0046a2241ab5e70c7b3aa2dee23,Will the Bills win Super Bowl 2025?,,,8862284.68531611,2024-07-09 07:57:37.971057-07:00,2025-02-09 04:00:00-08:00,sports,win,,,nfl_super_bowl,,2025,,,sports|win|nfl_super_bowl|2025,sports|win|nfl_super_bowl|2025,0.86,sports outcome template
polymarket,archive,503301,0xb018023b67a978fa9a4d43a13f6f0a8e29b1516c36b4721b3983eafdc86b3bf9,Will the Panthers win Super Bowl 2025?,,,139314923.974714,2024-07-09 07:59:57.650118-07:00,2025-02-09 04:00:00-08:00,sports,win,,,nfl_super_bowl,,2025,,,sports|win|nfl_super_bowl|2025,sports|win|nfl_super_bowl|2025,0.86,sports outcome template
polymarket,archive,503302,0xd280ef888530239f255b3efc0487a9f4d28039d24f50d8080a51a75927bc1a3a,Will the Bears win Super Bowl 2025?,,,8672879.684546,2024-07-09 08:00:36.571551-07:00,2025-02-09 04:00:00-08:00,sports,win,,,nfl_super_bowl,,2025,,,sports|win|nfl_super_bowl|2025,sports|win|nfl_super_bowl|2025,0.86,sports outcome template
polymarket,archive,503303,0x339ea91e747d04777adfb737a264debeddd1b90f527abe02ce2cbee395455169,Will the Bengals win Super Bowl 2025?,,,16154547.0860739,2024-07-09 08:03:51.254245-07:00,2025-02-09 04:00:00-08:00,sports,win,,,nfl_super_bowl,,2025,,,sports|win|nfl_super_bowl|2025,sports|win|nfl_super_bowl|2025,0.86,sports outcome template
polymarket,archive,503304,0xad80eb89c63afba0adaede4350c2dae8088d0faf00d598d72edd3446929019c8,Will the Browns win Super Bowl 2025?,,,115257552.257456,2024-07-09 08:04:22.106699-07:00,2025-02-09 04:00:00-08:00,sports,win,,,nfl_super_bowl,,2025,,,sports|win|nfl_super_bowl|2025,sports|win|nfl_super_bowl|2025,0.86,sports outcome template
polymarket,archive,503305,0x381b7b45c22f94e13fac89bf754bf3611414d5f2e739eab374072125e1a716ee,Will the Cowboys win Super Bowl 2025?,,,12217168.9475818,2024-07-09 08:04:47.913132-07:00,2025-02-09 04:00:00-08:00,sports,win,,,nfl_super_bowl,,2025,,,sports|win|nfl_super_bowl|2025,sports|win|nfl_super_bowl|2025,0.86,sports outcome template
polymarket,archive,503306,0x0f812245214ee9e3b8e7c5057df1474a1f427e633e895b8f698da7e1d56be643,Will the Broncos win Super Bowl 2025?,,,14117540.8412919,2024-07-09 08:05:16.794969-07:00,2025-02-09 04:00:00-08:00,sports,win,,,nfl_super_bowl,,2025,,,sports|win|nfl_super_bowl|2025,sports|win|nfl_super_bowl|2025,0.86,sports outcome template
polymarket,archive,503307,0xeb3cef6b7f43fcd35ce139e89c0b00cbc3a70a556c87ef934f8ca984208aaaa8,Will the Lions win Super Bowl 2025?,,,12167588.6404789,2024-07-09 08:08:23.113204-07:00,2025-02-09 04:00:00-08:00,sports,win,,,nfl_super_bowl,,2025,,,sports|win|nfl_super_bowl|2025,sports|win|nfl_super_bowl|2025,0.86,sports outcome template
polymarket,archive,503309,0xeb12fb23c56c8d690c51f6b2501c62fa0dcf25f8af04c0f92c68f94167a1f43b,Will the Packers win Super Bowl 2025?,,,7565957.35661803,2024-07-09 08:08:58.968482-07:00,2025-02-09 04:00:00-08:00,sports,win,,,nfl_super_bowl,,2025,,,sports|win|nfl_super_bowl|2025,sports|win|nfl_super_bowl|2025,0.86,sports outcome template
polymarket,archive,503310,0x436c765bcbdca98b4b773fc87be547dd1a3b7155eece9870bcb997e89b184950,Will the Texans win Super Bowl 2025?,,,33300682.7113171,2024-07-09 08:09:41.450874-07:00,2025-02-10 04:00:00-08:00,sports,win,,,nfl_super_bowl,,2025,,,sports|win|nfl_super_bowl|2025,sports|win|nfl_super_bowl|2025,0.86,sports outcome template
polymarket,archive,503311,0xcbbff50d5b91df1c098990afb653c799660e7bb2a818501b00f03bdfadb351c0,Will the Colts win Super Bowl 2025?,,,26827625.2609891,2024-07-09 08:10:16.745857-07:00,2025-02-09 04:00:00-08:00,sports,win,,,nfl_super_bowl,,2025,,,sports|win|nfl_super_bowl|2025,sports|win|nfl_super_bowl|2025,0.86,sports outcome template
polymarket,archive,503312,0xb96cfedc967f531ebcad8cdfd69dc0537583c630b0e070811bf67d67239db172,Will the Jaguars win Super Bowl 2025?,,,25428418.733293,,2025-02-09 04:00:00-08:00,sports,win,,,nfl_super_bowl,,2025,,,sports|win|nfl_super_bowl|2025,sports|win|nfl_super_bowl|2025,0.86,sports outcome template
polymarket,archive,503313,0xcd14a0b8d67206ebf320c3e7754c5a1db352c4b163a90c2d6c598024e465a2b0,Will the Chiefs win Super Bowl 2025?,,,16403932.8394891,2024-07-09 08:16:06.199002-07:00,2025-02-09 04:00:00-08:00,sports,win,,,nfl_super_bowl,,2025,,,sports|win|nfl_super_bowl|2025,sports|win|nfl_super_bowl|2025,0.86,sports outcome template
polymarket,archive,503314,0x59c211bdc7743b11eefa59e0d87802445980cf27e63dbdad2f6668ea0f139fdb,Will the Raiders win Super Bowl 2025?,,,123969933.295517,,2025-02-09 04:00:00-08:00,sports,win,,,nfl_super_bowl,,2025,,,sports|win|nfl_super_bowl|2025,sports|win|nfl_super_bowl|2025,0.86,sports outcome template
polymarket,archive,503315,0x446e2d8e2ffbe7db85cd2239892df5447e73325b3552d07d5d6901b2eff95a59,Will the Chargers win Super Bowl 2025?,,,13879054.4825222,2024-07-09 08:29:29.936472-07:00,2025-02-09 04:00:00-08:00,sports,win,,,nfl_super_bowl,,2025,,,sports|win|nfl_super_bowl|2025,sports|win|nfl_super_bowl|2025,0.86,sports outcome template
polymarket,archive,503316,0xe80491f1675238b1e1bd3705520d1fe2539ecfacb42716f5558b10b6efa95d91,Will the Rams win Super Bowl 2025?,,,9140068.05236717,2024-07-09 08:30:10.097829-07:00,2025-02-09 04:00:00-08:00,sports,win,,,nfl_super_bowl,,2025,,,sports|win|nfl_super_bowl|2025,sports|win|nfl_super_bowl|2025,0.86,sports outcome template
polymarket,archive,503317,0x9a8987859d0109cbd84d4ab1bdc7041233e7ce8810d52f148b078f9cf6fa73a8,Will the Dolphins win Super Bowl 2025?,,,23773212.1942749,,2025-02-09 04:00:00-08:00,sports,win,,,nfl_super_bowl,,2025,,,sports|win|nfl_super_bowl|2025,sports|win|nfl_super_bowl|2025,0.86,sports outcome template
polymarket,archive,503318,0xa20bb3917e90f70e503d00387741ae8e65470de61e39ad46c09df3eafd599d4b,Will the Vikings win Super Bowl 2025?,,,6450183.56028005,2024-07-09 08:31:07.963785-07:00,2025-02-09 04:00:00-08:00,sports,win,,,nfl_super_bowl,,2025,,,sports|win|nfl_super_bowl|2025,sports|win|nfl_super_bowl|2025,0.86,sports outcome template
polymarket,archive,503319,0x95effab3f01f856708b93dd1e9cc92c8774eba9e387c49128007d6a19f6b035c,Will the Saints win Super Bowl 2025?,,,9156142.64710284,2024-07-09 08:33:38.199595-07:00,2025-02-09 04:00:00-08:00,sports,win,,,nfl_super_bowl,,2025,,,sports|win|nfl_super_bowl|2025,sports|win|nfl_super_bowl|2025,0.86,sports outcome template
polymarket,archive,503320,0x7dcaa5bd1b8842fb522b076001dcab4621e4146085a5cf2d4371fab60c3a014f,Will the Giants win Super Bowl 2025?,,,107857306.638451,2024-07-09 08:36:12.169062-07:00,2025-02-09 04:00:00-08:00,sports,win,,,nfl_super_bowl,,2025,,,sports|win|nfl_super_bowl|2025,sports|win|nfl_super_bowl|2025,0.86,sports outcome template
polymarket,archive,503321,0x5bc9ab2b40953e2baf98609e054d089e87937b78a3c8a634cc1fc50c392166a4,Will the Jets win Super Bowl 2025?,,,13428656.912382,2024-07-09 08:36:33.626123-07:00,2025-02-09 04:00:00-08:00,sports,win,,,nfl_super_bowl,,2025,,,sports|win|nfl_super_bowl|2025,sports|win|nfl_super_bowl|2025,0.86,sports outcome template
polymarket,archive,503322,0x399b3e538eae06db62ba0e166cf3772276dabf75862c938119d17d59684c7e40,Will the Eagles win Super Bowl 2025?,,,11829712.587561,2024-07-09 08:37:44.526787-07:00,2025-02-09 04:00:00-08:00,sports,win,,,nfl_super_bowl,,2025,,,sports|win|nfl_super_bowl|2025,sports|win|nfl_super_bowl|2025,0.86,sports outcome template
polymarket,archive,503323,0xde00758fcf1165cfce32dc4f85f021e71da12e40c4b9140117c9beddd090776d,Will the Steelers win Super Bowl 2025?,,,32651063.5802148,2024-07-09 08:42:19.607439-07:00,2025-02-09 04:00:00-08:00,sports,win,,,nfl_super_bowl,,2025,,,sports|win|nfl_super_bowl|2025,sports|win|nfl_super_bowl|2025,0.86,sports outcome template
polymarket,archive,503324,0x67e68c5eee8ac767dd1177de8c653b20642fee48f0f2a56d784e4856b130749d,Will the 49ers win Super Bowl 2025?,,,11810114.778477,2024-07-09 08:51:52.581614-07:00,2025-02-09 04:00:00-08:00,sports,win,,,nfl_super_bowl,,2025,,,sports|win|nfl_super_bowl|2025,sports|win|nfl_super_bowl|2025,0.86,sports outcome template
polymarket,archive,503325,0xe14a4418679b88bab097a05f2e7d598d9cec0b11824464aef949ca3c9c90440c,Will the Seahawks win Super Bowl 2025?,,,20673323.934183,2024-07-09 08:52:41.331393-07:00,2025-02-09 04:00:00-08:00,sports,win,,,nfl_super_bowl,,2025,,,sports|win|nfl_super_bowl|2025,sports|win|nfl_super_bowl|2025,0.86,sports outcome template
polymarket,archive,503326,0xd2850d5a4e221848fb7fe1b0d09259a516653bf5f59de50ad76520e9a70d56da,Will the Buccaneers win Super Bowl 2025?,,,7542108.76883002,,2025-02-09 04:00:00-08:00,sports,win,,,nfl_super_bowl,,2025,,,sports|win|nfl_super_bowl|2025,sports|win|nfl_super_bowl|2025,0.86,sports outcome template
polymarket,archive,503327,0x5c37735c8442b1a29a42a163c62c02fa640ca054f46375649bfb3e867439a35d,Will the Titans win Super Bowl 2025?,,,119500829.411718,2024-07-09 09:00:51.730176-07:00,2025-02-09 04:00:00-08:00,sports,win,,,nfl_super_bowl,,2025,,,sports|win|nfl_super_bowl|2025,sports|win|nfl_super_bowl|2025,0.86,sports outcome template
polymarket,archive,503328,0x80b4f6ca982ba1ff550316f725193f5f29761bf65770e37f11fa4b9736f1f7c1,Will the Commanders win Super Bowl 2025?,,,30528260.8240941,2024-07-09 09:01:49.928011-07:00,2025-02-09 04:00:00-08:00,sports,win,,,nfl_super_bowl,,2025,,,sports|win|nfl_super_bowl|2025,sports|win|nfl_super_bowl|2025,0.86,sports outcome template
polymarket,archive,503329,0xa8a63360ae663bec3cff1f34357c9a73378767f6ef1853f15de47701027fd141,Will the Patriots win Super Bowl 2025?,,,74275772.258203,2024-07-09 09:03:13.039758-07:00,2025-02-09 04:00:00-08:00,sports,win,,,nfl_super_bowl,,2025,,,sports|win|nfl_super_bowl|2025,sports|win|nfl_super_bowl|2025,0.86,sports outcome template
polymarket,archive,503385,0xcf263497b4bd594b3eaf650de77df2483c3443a929e815a4bb8ce2b8cce50de1,Trump wins every swing state?,,,16221133.479478,2024-07-11 08:02:59.257651-07:00,2024-11-05 04:00:00-08:00,,,,,,,,,,,,0.0,no supported template
polymarket,archive,503517,0x9216286e80bbcd2c6fbb7a976666a945c87f7072733fcb0d1ffcb5a25655a81b,Will Maine be the tipping point state?,,,12544524.2995,2024-07-15 12:39:13.891575-07:00,2024-11-05 04:00:00-08:00,,,,,,,,,,,,0.0,no supported template
polymarket,archive,503535,0xde20ba1b4fa2f2aae4e0c2dae0e8e111986743b094952272730607dc9d4cd8e1,RFK Jr. endorses Trump in August?,,,6195836.686467,2024-07-16 08:16:11.091148-07:00,2024-08-31 05:00:00-07:00,,,,,,,,,,,,0.0,no supported template
polymarket,archive,503972,0x40e783a12a83c36df40550c3f5a2433ba55a9cd312c31d808cc0c2c3ea747b1d,Will Biden resign before the election?,,,11004839.289589,2024-07-21 14:42:28.288867-07:00,2024-11-04 04:00:00-08:00,,,,,,,,,,,,0.0,no supported template
polymarket,archive,503989,0x50f6877cec5baf47454a2c29395050fe48df421e4425bcc71925267452ab4fd1,JD Vance replaced as Republican VP nominee?,,,7019568.870406,2024-07-22 09:05:56.438132-07:00,2024-08-31 05:00:00-07:00,,,,,,,,,,,,0.0,no supported template
polymarket,archive,504069,0x6cc501fa617e3a46ececf6e3990fe1afeeaa6bc897d3c7049c005fd1bdc42c2f,Fed decreases interest rates by 50+ bps after September 2024 meeting?,,,10906333.42219,2024-07-25 07:47:42.952096-07:00,2024-09-18 05:00:00-07:00,,,,,,,,,,,,0.0,no supported template
polymarket,archive,504070,0x70357debf15a956d82d8b2022aaf5f868763d1d0716d2c6e5ce35712e49a3b0f,Fed decreases interest rates by 25 bps after September 2024 meeting?,,,6660914.249885,2024-07-25 07:48:32.558007-07:00,2024-09-18 05:00:00-07:00,,,,,,,,,,,,0.0,no supported template
polymarket,archive,504071,0xb20072387cd12bc73f3a6fd30fdd5aa1644c8f72f958803d90fc05c51db0ac49,No change in Fed interest rates after 2024 September meeting?,,,23499210.730061,2024-07-25 07:49:06.609703-07:00,2024-09-18 05:00:00-07:00,,,,,,,,,,,,0.0,no supported template
polymarket,archive,504072,0x0a533c938200a10df86423dfbe621a2f36bfd4abc457615cf4992ed721c566bf,Fed increases interest rates by 25+ bps after September 2024 meeting?,,,17625581.465252,2024-07-25 07:50:10.874134-07:00,2024-09-18 05:00:00-07:00,,,,,,,,,,,,0.0,no supported template
polymarket,archive,504490,0x20e2d5f8c92270e87a3f60672a67c649e781f9c2ab8b30055ce4e2fb48c458dd,Fed decreases interest rates by 75+ bps after November 2024 meeting?,,,15031954.754479,2024-08-02 12:28:58.198711-07:00,2024-11-07 04:00:00-08:00,,,,,,,,,,,,0.0,no supported template
polymarket,archive,504491,0xe4a9b98237a29e778ac5717e3d29220bb2f0c0370e8e3436d4a277853556355f,Fed decreases interest rates by 50 bps after November 2024 meeting?,,,8393267.791414,2024-08-02 12:30:38.497246-07:00,2024-11-07 04:00:00-08:00,,,,,,,,,,,,0.0,no supported template
polymarket,archive,504493,0x2a3a29b57597777e5d2941c419716b02a7b8c43b5c19c4ac746ae2d9c720cbe1,No change in Fed interest rates after 2024 November meeting?,,,7995206.758932,2024-08-02 12:35:38.051127-07:00,2024-11-07 04:00:00-08:00,,,,,,,,,,,,0.0,no supported template
polymarket,archive,504494,0x1fc1e5595adab4d8160b2fe72cfed61131e3d5e61b5c334160d1729d7380ab16,Fed increases interest rates by 25+ bps after November 2024 meeting?,,,133955589.249666,2024-08-02 12:36:17.448261-07:00,2024-11-07 04:00:00-08:00,,,,,,,,,,,,0.0,no supported template
polymarket,archive,504584,0xde507497bdd5d63090dfd8e6e29167216c66576bf8d029d87c99bef4e357c696,Fed decreases interest rates by 75+ bps after December 2024 meeting?,,,13304399.0156328,2024-08-06 09:06:01.725999-07:00,2024-12-18 04:00:00-08:00,,,,,,,,,,,,0.0,no supported template
polymarket,archive,504585,0x004e19d419d05dd366793689ce2af457d51bc921d9da4af867de09f0864a4305,Fed decreases interest rates by 50 bps after December 2024 meeting?,,,9192309.53167407,2024-08-06 09:08:18.509642-07:00,2024-12-18 04:00:00-08:00,,,,,,,,,,,,0.0,no supported template
polymarket,archive,504586,0xa11a9c66032cbe8c607bf1b21591f65dfee9d5eb65d73cc8ad5009c1f9826fa3,Fed decreases interest rates by 25 bps after December 2024 meeting?,,,7490697.06615098,2024-08-06 09:08:38.675523-07:00,2024-12-18 04:00:00-08:00,,,,,,,,,,,,0.0,no supported template
polymarket,archive,504587,0x71da2bbc04a7eae0d8ef739c17025d85917c0ea7db07646b6400a4f6ccb9f304,No change in Fed interest rates after December 2024 meeting?,,,7400313.75189,2024-08-06 09:09:17.291199-07:00,2024-12-18 04:00:00-08:00,,,,,,,,,,,,0.0,no supported template
polymarket,archive,504588,0xb685671ec5f12410f48006fad1ec60fa1a1e19f3a5ba09a81ab45b026821252d,Fed increases interest rates by 25+ bps after December 2024 meeting?,,,10228496.464075,2024-08-06 09:10:13.881646-07:00,2024-12-18 04:00:00-08:00,,,,,,,,,,,,0.0,no supported template
polymarket,archive,504603,0x8ec05d89f299aed5c6513939dc5f2067ac6e7b3139d3671a54d784a709cf79ad,Harris-Walz Democratic ticket on election day?,,,6199670.522839,2024-08-06 11:20:20.964166-07:00,2024-11-04 04:00:00-08:00,,,,,,,,,,,,0.0,no supported template
polymarket,archive,504653,0x4aa64e62f39f54545369c372da7de8bfc6b2e178b5c0f121a0177a225eca9eeb,Kamala Harris replaced as nominee at DNC?,,,15865808.651939,2024-08-07 09:16:52.663796-07:00,2024-08-22 05:00:00-07:00,,,,,,,,,,,,0.0,no supported template
polymarket,archive,504666,0x5d4e8d237be6d11bb1c5630e41309a25620ed5c649772d9a26ae895beaa724dc,GOP wins popular vote by 7% or more?,,,7624129.30776,2024-08-07 11:36:12.535597-07:00,2025-01-31 04:00:00-08:00,,,,,,,,,,,,0.0,no supported template
polymarket,archive,504676,0x117e99b2f41a10df9e5d1df85e05f96fac445976ab5da2cf2ec968660bb281ae,GOP wins popular vote by 4-5%?,,,8672934.847148,2024-08-07 13:48:31.179286-07:00,2025-01-31 04:00:00-08:00,,,,,,,,,,,,0.0,no supported template
polymarket,archive,504677,0x32f8d40aaacb6b8b94395555d1e82ee75a84ba5e62e15ab2966b78b5e2f332a4,GOP wins popular vote by 3-4%?,,,15905191.80409,2024-08-07 13:48:42.306977-07:00,2025-01-31 04:00:00-08:00,,,,,,,,,,,,0.0,no supported template
polymarket,archive,504678,0x0d6e93bb2d55968edbbd7355d00cc1c5749cddae0d526c1f8e6bdb55ace99900,GOP wins popular vote by 2-3%?,,,7125730.542055,2024-08-07 13:49:22.522906-07:00,2025-01-31 04:00:00-08:00,,,,,,,,,,,,0.0,no supported template
polymarket,archive,504680,0x291fdff65865b39477b7fdad7a8cffb89dfc9387ee65e65b403a9f9dcc2d2bc4,GOP wins popular vote by 0-1%?,,,8452706.021642,2024-08-07 13:50:23.579488-07:00,2025-01-31 04:00:00-08:00,,,,,,,,,,,,0.0,no supported template
polymarket,archive,504700,0x3f008ca09147ae7da60bd7ed135f7e9c1a92459ae74253c3f2b897bb31ce5062,Democrats win popular vote by 1-2%?,,,12680742.873291,2024-08-07 14:11:04.129797-07:00,2025-01-31 04:00:00-08:00,,,,,,,,,,,,0.0,no supported template
polymarket,archive,504701,0xe05a262633ef0c31792b22f77906c539a0d9437ab7196dc0bc565539b7f6bdcd,Democrats win popular vote by 2-3%?,,,7582278.116697,2024-08-07 14:12:19.246984-07:00,2025-01-31 04:00:00-08:00,,,,,,,,,,,,0.0,no supported template
polymarket,archive,504706,0x8f3a5a7a725e2e60aac0c59e50c9f2c6b5c1b22164696a71320d275234c742ce,Democrats win popular vote by 7% or more?,,,20419616.790282,2024-08-07 14:16:24.649281-07:00,2025-01-31 04:00:00-08:00,,,,,,,,,,,,0.0,no supported template
polymarket,archive,504707,0x4216ea4eec58946ea322cdf9e7d407e8e6f6793190aca3b2954bebf164b2411d,Neither a Democrat nor a Republican wins popular vote?,,,7166377.557479,2024-08-07 14:51:49.207901-07:00,2025-01-31 04:00:00-08:00,,,,,,,,,,,,0.0,no supported template
polymarket,archive,504868,0x52a9a4b7a35c757a59ad12148cfb59c2eb31b95a52067fc6ee30e31c65469195,Will Michelle Obama be D-nom for VP on Election Day?,,,36277175.060258,2024-08-09 12:36:32.920875-07:00,2024-11-04 04:00:00-08:00,,,,,,,,,,,,0.0,no supported template
polymarket,archive,504869,0x2d705e1f43d6460d03dd62f0161c21d685332b419e075a7b7e1b6ab95e9543e1,Will Kamala Harris be D-nom for VP on Election Day?,,,15875426.270427,2024-08-09 13:11:42.444146-07:00,2024-11-04 04:00:00-08:00,,,,,,,,,,,,0.0,no supported template
polymarket,archive,504870,0x600cf95bedf92ad19b05f4528595e8b4e25cce738b644646f9a49e4c84081b41,Will Joe Biden be D-nom for VP on Election Day?,,,8004700.213785,,2024-11-04 04:00:00-08:00,,,,,,,,,,,,0.0,no supported template
polymarket,archive,504871,0xa6189bf3578eaf477e1af4cf60253cde50c66a6db9f311d8e6d4424734bd602d,Will Pete Buttigieg be D-nom for VP on Election Day?,,,7459053.994745,2024-08-09 13:11:43.433335-07:00,2024-11-04 04:00:00-08:00,,,,,,,,,,,,0.0,no supported template
polymarket,archive,504872,0xdf6d80630b1a593fd771ad168e2c02dfbda514316ac7a316595aba06980502e2,Will Gretchen Whitmer be D-nom for VP on Election Day?,,,10905761.722365,2024-08-09 13:13:30.615483-07:00,2024-11-04 04:00:00-08:00,,,,,,,,,,,,0.0,no supported template
polymarket,archive,504873,0x90f5098954615b11f095156ac37913a70f8c7cf2978ab6b61d8d789bab1cf2d9,Will Gavin Newsom be D-nom for VP on Election Day?,,,92886849.31616,2024-08-09 13:14:00.895466-07:00,2024-11-04 04:00:00-08:00,,,,,,,,,,,,0.0,no supported template
polymarket,archive,504874,0xa172152ff025922441a9ab090b09193c5890800b1545c08faccb0ba37a67e3bf,Will J.B. Pritzker be D-nom for VP on Election Day?,,,9478960.092443,2024-08-09 13:14:24.928636-07:00,2024-11-04 04:00:00-08:00,,,,,,,,,,,,0.0,no supported template
polymarket,archive,504875,0x7414ed5a8062029b6c25257247ecea29227827578db089960b7e3ba1c203cb60,Will Hillary Clinton be D-nom for VP on Election Day?,,,7638434.260629,2024-08-09 13:14:49.731991-07:00,2024-11-04 04:00:00-08:00,,,,,,,,,,,,0.0,no supported template
polymarket,archive,504876,0x38c7a14f589e49f43e6bfa9ed465441cac588d2d1c7c1415945df80e111fa5da,Will Andy Beshear be D-nom for VP on Election Day?,,,8399891.747017,2024-08-09 13:16:10.178473-07:00,2024-11-04 04:00:00-08:00,,,,,,,,,,,,0.0,no supported template
polymarket,archive,504878,0x76dbb81a9fd937efa736aa23e6c0eb33aaf0f2ca4aa6c06da1d5529ed236ebfb,Will Tim Walz be D-nom for VP on Election Day?,,,8356293.128019,2024-08-09 13:16:28.950117-07:00,2024-11-04 04:00:00-08:00,,,,,,,,,,,,0.0,no supported template
polymarket,archive,504880,0x92b8d97f175b4461fdc7db0f2bff9408e0dc03a23b2d51ab64f9f808c41aa3d5,Will Josh Shapiro be D-nom for VP on Election Day?,,,8974653.311908,,2024-11-04 04:00:00-08:00,,,,,,,,,,,,0.0,no supported template
polymarket,archive,504881,0xd3075114225f4516ac3443314200c9324cc3c8ff16587ca6a01aa7876c8391a1,Will Mark Kelly be D-nom for VP on Election Day?,,,11192303.07877,,2024-11-04 04:00:00-08:00,,,,,,,,,,,,0.0,no supported template
polymarket,archive,504883,0xd01fe5978b6bdd202a82abeabdfd6a32552c15de538a8f17e4ca18af3757f9af,Will Gina Raimondo be D-nom for VP on Election Day?,,,10481810.746408,2024-08-09 13:18:21.352742-07:00,2024-11-04 04:00:00-08:00,,,,,,,,,,,,0.0,no supported template
polymarket,archive,504884,0x438a3a56964f33c393d34b0e57f709bc1721a679c962e81642e5487930e4dc96,Will another candidate be D-nom for VP on Election Day?,,,8594756.837968,2024-08-09 13:20:39.030488-07:00,2024-11-04 04:00:00-08:00,,,,,,,,,,,,0.0,no supported template
polymarket,archive,504903,0xa405336b05bc3d7459f6fbb9a334865842a9c2b9a50c0a6abaf61621b9d828d6,Will Josh Allen be the top Fantasy Quarterback?,,,7783375.01711,2024-08-12 08:25:03.800808-07:00,2025-01-06 04:00:00-08:00,,,,,,,,,,,,0.0,no supported template
polymarket,archive,505028,0x8dc0c564ae1486c731438d78ae019dd2b7ea7cfd12913f0ac980e06136afcbc8,Will Tyreek Hill be the top Fantasy Flex Player?,,,7570580.29802725,2024-08-13 09:44:46.121566-07:00,2025-01-07 04:00:00-08:00,,,,,,,,,,,,0.0,no supported template
polymarket,archive,505036,0x8ecbb7197fd88bd369950124296783c66ab12ea0d2ad970913b6ef28c8e67ca0,Will Garrett Wilson be the top Fantasy Flex Player?,,,10474614.47247,2024-08-13 09:53:41.832159-07:00,2025-01-07 04:00:00-08:00,,,,,,,,,,,,0.0,no supported template
polymarket,archive,505409,0xab6797800d382aa14617453d1f106ef94cae69ffe0cc1a2b35c5eb3a531ac8a1,Will LSU win the 2025 College Football Playoff?,,,8659804.933809,2024-08-19 18:17:38.693752-07:00,2025-01-20 04:00:00-08:00,,,,,,,,,,,,0.0,no supported template
polymarket,archive,505412,0xf8d15df1eaf5906059cc1ec214666b0eccab367eb8b57f66afceacf3bdecff1d,Will Florida State win the 2025 College Football Playoff?,,,15876071.38908,2024-08-19 18:28:47.484868-07:00,2025-01-20 04:00:00-08:00,,,,,,,,,,,,0.0,no supported template
polymarket,archive,505414,0xd33c1b67dd81a5d13f9a557088c49d8dcde6b1ecb54a2d29bcb9b7cb7267c32d,Will Michigan win the 2025 College Football Playoff?,,,7387325.629928,2024-08-20 07:43:22.502442-07:00,2025-01-20 04:00:00-08:00,,,,,,,,,,,,0.0,no supported template
polymarket,archive,505427,0xcf2bc0cf3da098898e500fbc56df22e9d1e18fdfa87b448f79efb805f1d2a1ba,Will Oklahoma win the 2025 College Football Playoff?,,,7158919.137297,2024-08-20 08:03:14.856231-07:00,2025-01-20 04:00:00-08:00,,,,,,,,,,,,0.0,no supported template
polymarket,archive,505429,0x05a432f96892cf176e8351cfd9db00c46daa082a10e22dff586e0efa75e4a72b,Will NC State win the 2025 College Football Playoff?,,,12151636.838837,2024-08-20 08:05:33.126848-07:00,2025-01-20 04:00:00-08:00,,,,,,,,,,,,0.0,no supported template
polymarket,archive,505430,0xa46150a5692d868952b619c742509efe9281d2aba0fd4df17164e56ab4638790,Will Louisville win the 2025 College Football Playoff?,,,17644160.157113,2024-08-20 08:05:57.233949-07:00,2025-01-20 04:00:00-08:00,,,,,,,,,,,,0.0,no supported template
polymarket,archive,505431,0xb5e7fa7b2af314faac654f73168a0ccbe359634306a4d98edcff8e7b273aecee,Will Oklahoma State win the 2025 College Football Playoff?,,,9828619.3758,,2025-01-20 04:00:00-08:00,,,,,,,,,,,,0.0,no supported template
polymarket,archive,505432,0x984e49b672837255b519c4b0ec6965e8036d24346edaa1d7a31ae7eced0d4cba,Will Nebraska win the 2025 College Football Playoff?,,,7367244.91299,2024-08-20 08:06:42.094294-07:00,2025-01-20 04:00:00-08:00,,,,,,,,,,,,0.0,no supported template
polymarket,archive,505437,0xa78d39676ef44a148c1b847597eb7fb318649b91cb4ff16af97909e4b4ede082,Favorite to win on Polymarket day before election?,,,7048870.471444,2024-08-20 08:46:53.195933-07:00,2024-11-04 04:00:00-08:00,,,,,,,,,,,,0.0,non-binary or non-yes-no polymarket outcome
polymarket,archive,505567,0xf43e04b0ede60be1bd19d17e2cd9a7e52709b667e9f0bebbef34e3e8c53a6ff3,Will RFK Jr. drop out by Friday?,,,9659775.259074,2024-08-21 10:16:45.190439-07:00,2024-08-23 05:00:00-07:00,,,,,,,,,,,,0.0,no supported template
polymarket,archive,505616,0x11b847e867790ba1bba5761385873df9d0cba324710fb93f2fdfd34aeda595cf,Will Drake Maye win NFL Offensive Rookie of the Year?,,,15477473.036279,2024-08-21 23:27:45.784132-07:00,2025-02-06 04:00:00-08:00,,,,,,,,,,,,0.0,no supported template
polymarket,archive,505971,0x357b7ca82e9d8b75557b32b207288377ba99897c3f6d12222824a78260f2c50f,Will another team win the 2024 F1 Constructors Championship?,,,31284285.708133,2024-08-28 06:59:36.789887-07:00,2024-12-08 04:00:00-08:00,,,,,,,,,,,,0.0,no supported template
polymarket,archive,506006,0x43905da101b102a1867fcb36b15b41b29282b568202f079152933e021cc2b8cf,Global heat increase between 1.22°C and 1.24°C for 2024?,,,9466873.29085309,2024-08-28 12:44:12.930829-07:00,2024-12-31 04:00:00-08:00,,,,,,,,,,,,0.0,no supported template
polymarket,archive,506008,0x42ca9db95b6df7587663308a7c275fdc2199a99b774366fb7b0f0550e6f563a0,Will the Bengals win the AFC Championship?,,,11263774.3642499,2024-08-28 12:44:41.917534-07:00,2025-01-26 04:00:00-08:00,,,,,,,,,,,,0.0,no supported template
polymarket,archive,506011,0x7f869993ad783e083661147cfcb54e6304a3d1d1cf4fef3c21d97114c258ffb1,Will the Colts win the AFC Championship?,,,18226414.886526,2024-08-28 12:45:21.042847-07:00,2025-01-26 04:00:00-08:00,,,,,,,,,,,,0.0,no supported template
polymarket,archive,506013,0x81a58e23bb2a6af50c841b7d65dc703175999cd1a0d3e522180823acfc262fcb,Will the Jaguars win the AFC Championship?,,,13874915.27278,2024-08-28 12:45:46.482774-07:00,2025-01-26 04:00:00-08:00,,,,,,,,,,,,0.0,no supported template
polymarket,archive,506015,0xd3f732bba5fc2e780d9cb5fa897c03014fadbcf4d1da1fac58f54ed1b0352141,Will the Raiders win the AFC Championship?,,,6045279.927979,2024-08-28 12:46:03.589669-07:00,2025-01-26 04:00:00-08:00,,,,,,,,,,,,0.0,no supported template
polymarket,archive,506021,0x5b372378e0cf11ca55bfd7d57d02d3690a1abb7e8656c356b174ae23a16672b8,Will the Jets win the AFC Championship?,,,18544716.995136,2024-08-28 12:47:08.619819-07:00,2025-01-26 04:00:00-08:00,,,,,,,,,,,,0.0,no supported template
polymarket,archive,506027,0x79566ed33397fe20cd12e7aaa0860ea4abb37f39e58b60d382a8fbf54ec7b5db,Will the Panthers win the NFC Championship?,,,9139034.759551,2024-08-28 12:51:27.535071-07:00,2025-01-26 04:00:00-08:00,,,,,,,,,,,,0.0,no supported template
polymarket,archive,506029,0xe7904e3d8b0f47371fb5826fd7349f85a9a0cff8de5486998d42482112339de6,Will the Cowboys win the NFC Championship?,,,7261101.88149901,2024-08-28 12:51:56.842301-07:00,2025-01-26 04:00:00-08:00,,,,,,,,,,,,0.0,no supported template
polymarket,archive,506034,0x742aae6cb21426e13f44c569870dc7550b7bf61121abec0b65ac4edb60464a6f,Will the Saints win the NFC Championship?,,,7851090.76555299,2024-08-28 12:53:18.690367-07:00,2025-01-26 04:00:00-08:00,,,,,,,,,,,,0.0,no supported template
polymarket,archive,506037,0x8f57f5c38e16cf4a65d15a7d19df897d535782e51a40056abda9f68b06690f14,Will the 49ers win the NFC Championship?,,,10176706.869723,2024-08-28 12:54:00.610227-07:00,2025-01-26 04:00:00-08:00,,,,,,,,,,,,0.0,no supported template
polymarket,archive,506096,0x1d13fe684aff966b48c1f14778a8aa46294e94405238aaa496c526968268b6a2,Will Patrick Mahomes win NFL MVP for the 2024-25 season?,,,6777464.20697301,2024-08-29 12:46:25.998646-07:00,2025-02-09 04:00:00-08:00,,,,,,,,,,,,0.0,no supported template
polymarket,archive,506103,0x75ba88e8d698ac926742aadee2abd94f2a82a3daa0058a9c615139494c769d0c,Will Jordan Love win NFL MVP for the 2024-25 season?,,,9584927.109699,2024-08-29 12:52:26.664108-07:00,2025-02-09 04:00:00-08:00,,,,,,,,,,,,0.0,no supported template
polymarket,archive,506105,0x64300d0e8784825451fc7832a2cbdecb34de8baf54d7066f2bd7ac3c241ff1e1,Will Dak Prescott win NFL MVP for the 2024-25 season?,,,37958529.9175012,2024-08-29 12:53:13.923397-07:00,2025-02-09 04:00:00-08:00,,,,,,,,,,,,0.0,no supported template
polymarket,archive,506106,0x0f1a5b86948292aa2e6195e00d036d0e1a13038c0b5337e00d0714b7ea9667dc,Will Tua Tagovailoa win NFL MVP for the 2024-25 season?,,,8565492.57583894,2024-08-29 12:53:32.835077-07:00,2025-02-09 04:00:00-08:00,,,,,,,,,,,,0.0,no supported template
polymarket,archive,506108,0x8965a43e19c3f5ca3e3f340ed14a18c0b47ec71283e00db546c9de0722bb0854,Will Aaron Rodgers win NFL MVP for the 2024-25 season?,,,7734192.69611796,2024-08-29 12:54:20.128054-07:00,2025-02-09 04:00:00-08:00,,,,,,,,,,,,0.0,no supported template
polymarket,archive,506109,0x10cacd5e8672cbd40b6d746998440b4b86a51579120cc14f150594a4175a9304,Will Matthew Stafford win NFL MVP for the 2024-25 season?,,,18886263.2792296,,2025-02-09 04:00:00-08:00,,,,,,,,,,,,0.0,no supported template
polymarket,archive,506110,0x47d6f932d95372380b2653461e1ab8b80b9f58d985d57c855a5ca09e0224da9d,Will Trevor Lawrence win NFL MVP for the 2024-25 season?,,,6114807.967656,2024-08-29 12:55:00.024495-07:00,2025-02-09 04:00:00-08:00,,,,,,,,,,,,0.0,no supported template
polymarket,archive,506113,0x289895f4217d5b6808f87c94584eb8fdb5db872b6b8fa00be2e79e99272dc673,Will Anthony Richardson win NFL MVP for the 2024-25 season?,,,11881499.246865,2024-08-29 13:06:08.499471-07:00,2025-02-09 04:00:00-08:00,,,,,,,,,,,,0.0,no supported template
polymarket,archive,506116,0xce4f634a7a9c3b1688fbc6ce302c08deeb1c3313abf1f5e63bb5806d631549ce,Will Kyler Murray win NFL MVP for the 2024-25 season?,,,19618409.681784,2024-08-29 13:06:57.224946-07:00,2025-02-09 04:00:00-08:00,,,,,,,,,,,,0.0,no supported template
polymarket,archive,506125,0xe80c03604e9055bfa5ed975f54f0e49b2846048a15e65541a066a8cdc984f139,Will Marina Helena win the 2024 São Paulo mayoral election?,,,14849907.389069,,2024-10-06 05:00:00-07:00,,,,,,,,,,,,0.0,no supported template
polymarket,archive,506126,0xa334392ed0a06006c57dbf787ee9eaf69d52535ee8b8d8786ca271592a7f46d9,Will another candidate win the 2024 São Paulo mayoral election?,,,21001687.12647,2024-08-29 13:40:46.820792-07:00,2024-10-06 05:00:00-07:00,,,,,,,,,,,,0.0,no supported template
polymarket,archive,506202,0x87d67272f0ce1bb0d80ba12a1ab79287b2a235a5f361f5bcbc06ea0ce34e61c5,Will there be a US Government shutdown? ,,,53500373.740494,2024-08-31 13:30:49.284344-07:00,2024-12-31 04:00:00-08:00,,,,,,,,,,,,0.0,no supported template
polymarket,archive,506316,0xadc5b66649ae1804da1d1ca2fc7bae8c84ee11261f03a19a057b1b097a17d652,Will Lionel Messi win the Ballon d’Or?,,,6976098.476255,2024-09-03 12:02:32.465428-07:00,2024-10-28 05:00:00-07:00,,,,,,,,,,,,0.0,no supported template
polymarket,archive,506322,0x304d51387ba144ce767972b037a1fcdefd67010e0d6fbd5d5c685298ff1b4c6d,Will Harry Kane win the Ballon d’Or?,,,6241329.781569,2024-09-03 12:03:53.000445-07:00,2024-10-28 05:00:00-07:00,,,,,,,,,,,,0.0,no supported template
polymarket,archive,506323,0xbb8a26b72efb465ee4f3e21651c5984bd7cc7664af09becb349a6c242e36281d,Will Phil Foden win the Ballon d’Or?,,,6183473.395939,2024-09-03 12:04:16.140443-07:00,2024-10-28 05:00:00-07:00,,,,,,,,,,,,0.0,no supported template
polymarket,archive,506488,0xccece58bebd2d498802da6e5dec1251bf9529eca4cfce7d43abd39ecd7ab4cd3,Will Biden pardon Trump?,,,6028443.253136,2024-09-05 14:53:49.571000-07:00,2025-01-20 04:00:00-08:00,,,,,,,,,,,,0.0,no supported template
polymarket,archive,506728,0xeba50b6a5e1a5a682c8aaf34152d4eb91e0410d59117392f09ac2fca9735c366,Manchester City wins the Premier League?,,,16810964.857629,2024-09-09 12:20:24.423034-07:00,2025-05-25 05:00:00-07:00,,,,,,,,,,,,0.0,no supported template
polymarket,archive,506729,0x320045be25e331375755d9126cbe20a319ace7c7d9258227e3ccdc9267d786a0,Arsenal wins the Premier League?,,,8273559.07700099,2024-09-09 12:26:26.263206-07:00,2025-05-25 05:00:00-07:00,,,,,,,,,,,,0.0,no supported template
polymarket,archive,506730,0x951ead358ab84c4314b8a619593471d80c687cc0272015dddac97fa1094b860e,Aston Villa wins the Premier League?,,,32877839.687567,2024-09-09 12:26:26.958579-07:00,2025-05-25 05:00:00-07:00,,,,,,,,,,,,0.0,no supported template
polymarket,archive,506731,0xd35868afa9257d08411f4c7d61601213fc3d9fa1ebbc1d963572263904be2616,Bournemouth wins the Premier League?,,,45034352.6773588,2024-09-09 12:26:52.639211-07:00,2025-05-25 05:00:00-07:00,,,,,,,,,,,,0.0,no supported template
polymarket,archive,506732,0x5fd3d8604616935f40f6e57ba23f1b57ed8550f2a9df09b2c8be044c4c2489b8,Brentford wins the Premier League?,,,39954624.5030888,2024-09-09 12:27:29.596765-07:00,2025-05-25 05:00:00-07:00,,,,,,,,,,,,0.0,no supported template
polymarket,archive,506733,0xc69bb8590ecd5f8be946fc6efc4b5783b005e3e121e057f6297fa8e0b8852f1c,Brighton & Hove Albion wins the Premier League?,,,67314791.6835854,2024-09-09 12:27:55.155801-07:00,2025-05-25 05:00:00-07:00,,,,,,,,,,,,0.0,no supported template
polymarket,archive,506734,0x902b551eabdaeaf91d9679365ad4bdf258fbd1b85246dee247b30aa8e3d4f4a2,Chelsea wins the Premier League?,,,17337443.2679159,2024-09-09 12:28:26.186317-07:00,2025-05-25 05:00:00-07:00,,,,,,,,,,,,0.0,no supported template
polymarket,archive,506735,0xdc42f4785d777459645f7d5373c8f6eddbb30b703e1316ac17c527b22694f1b7,Crystal Palace wins the Premier League?,,,35267758.6719579,2024-09-09 12:28:49.918112-07:00,2025-05-25 05:00:00-07:00,,,,,,,,,,,,0.0,no supported template
polymarket,archive,506736,0xa5bfa29f27399fce767abbff2d875bb5ad7a236748fb2818762641c4c1992632,Everton wins the Premier League?,,,47715614.588373,2024-09-09 12:29:10.144374-07:00,2025-05-25 05:00:00-07:00,,,,,,,,,,,,0.0,no supported template
polymarket,archive,506737,0x030ffc12d4619622e3d318526e306008bc1fbf982fe95e92b649c9f40a135ad3,Fulham wins the Premier League?,,,45980562.580378,2024-09-09 12:30:38.724764-07:00,2025-05-25 05:00:00-07:00,,,,,,,,,,,,0.0,no supported template
polymarket,archive,506738,0xde8ca3ccc8e3de8f8325258b4c99f704ae8084b07b00666097223f25351ab1f1,Ipswich Town wins the Premier League?,,,25067843.3244858,2024-09-09 12:31:14.421226-07:00,2025-05-25 05:00:00-07:00,,,,,,,,,,,,0.0,no supported template
polymarket,archive,506739,0x70752303a2d5fafa21bd6df7c7b90d63ab8ec71b56a7cf3fc49a9617633fd87a,Leicester City wins the Premier League?,,,39993196.630568,2024-09-09 12:31:48.933418-07:00,2025-05-25 05:00:00-07:00,,,,,,,,,,,,0.0,no supported template
polymarket,archive,506740,0xc3c4c99a9b9173154a4b121e3a996c685a2a481a7da0aea144eb600886d85560,Manchester United wins the Premier League?,,,71063868.0240101,2024-09-09 12:32:26.091515-07:00,2025-05-25 05:00:00-07:00,,,,,,,,,,,,0.0,no supported template
polymarket,archive,506741,0x940480935f624dee9e9fa9820159dfdecae3b20b85f9f96a59d54c8fff63daf9,Newcastle United wins the Premier League?,,,21287440.646068,2024-09-09 12:32:46.177704-07:00,2025-05-25 05:00:00-07:00,,,,,,,,,,,,0.0,no supported template
polymarket,archive,506742,0x341f95039c52c92771e5bc889c2482ef8472bf82a1a5d222051eb0b62a6cf23f,Nottingham Forest wins the Premier League?,,,101429202.233424,2024-09-09 12:33:14.819631-07:00,2025-05-25 05:00:00-07:00,,,,,,,,,,,,0.0,no supported template
polymarket,archive,506743,0x0c0fbd8b82167afa7d8549d04d9e8f7accb3ae0e93395935ca7c2c03977f4760,Southampton wins the Premier League?,,,88209349.4471296,2024-09-09 12:33:35.897468-07:00,2025-05-25 05:00:00-07:00,,,,,,,,,,,,0.0,no supported template
polymarket,archive,506744,0x7a04d6df56abc69278d849cb3fff7995d776b77b29ebaab6823bd7f0569df9af,Tottenham Hotspur wins the Premier League?,,,31125019.5095731,,2025-05-25 05:00:00-07:00,,,,,,,,,,,,0.0,no supported template
polymarket,archive,506745,0xab608570086569af43cff6c998de1de6859af5261d6c3b1003d1ffa3f91a7e8a,West Ham United wins the Premier League?,,,25297879.8134599,2024-09-09 12:34:49.183167-07:00,2025-05-25 05:00:00-07:00,,,,,,,,,,,,0.0,no supported template
polymarket,archive,506746,0x005d2eab3e9c9b0418c45c8e97303668d88630a7287261180dc5edf700f197f9,Wolverhampton Wanderers win the Premier League?,,,34783333.4737516,2024-09-09 12:35:38.883846-07:00,2025-05-25 05:00:00-07:00,,,,,,,,,,,,0.0,no supported template
polymarket,archive,506747,0x405534c03f82e56a397478db7b068dbb683fb46c976265f650ba6510200749da,Liverpool wins the Premier League?,,,13840974.4237339,2024-09-09 12:36:38.679705-07:00,2025-05-25 05:00:00-07:00,,,,,,,,,,,,0.0,no supported template
polymarket,archive,506968,0x7949174f6cb3b0781fbd1a63a51fb7d2e72ac2d7cff1628f2c62477b64734bff,Will Israel invade Syria in 2024?,,,16819559.7366551,2024-09-13 07:38:52.303694-07:00,2024-12-31 04:00:00-08:00,,,,,,,,,,,,0.0,no supported template
polymarket,archive,507236,0x642fcb3aa23395cc587a7825a37694867f440cd71976849589041e2361fb5c86,Will the Democratic candidate win Pennsylvania by 0%-0.5%?,,,12530511.484186,2024-09-16 13:27:23.714056-07:00,2024-11-05 04:00:00-08:00,,,,,,,,,,,,0.0,no supported template
polymarket,archive,507237,0x13137815713e2549030a2cd576f14c4e0442a7794782bc0ecd392b2090edfc1c,Will the Democratic candidate win Pennsylvania by 0.5%-1%?,,,33119218.154897,2024-09-16 13:28:21.066846-07:00,2024-11-05 04:00:00-08:00,,,,,,,,,,,,0.0,no supported template
polymarket,archive,507238,0xcbf51fc68dba66dd5715fd69c9cf5abea1fd8634c8df380bf79eecf0a89d3e09,Will the Democratic candidate win Pennsylvania by 1.0%-1.5%?,,,16035015.066406,2024-09-16 13:29:24.942008-07:00,2024-11-05 04:00:00-08:00,,,,,,,,,,,,0.0,no supported template
polymarket,archive,507242,0xfc85294228f82de21e18774b133a6db99ddaf4ebe5bf8c4f6c356ae4901d1165,Will the Democratic candidate win Pennsylvania by 1.5%-2.0%?,,,109063759.600993,2024-09-16 13:31:19.288737-07:00,2024-11-05 04:00:00-08:00,,,,,,,,,,,,0.0,no supported template
polymarket,archive,507243,0xf54c534528539874c62dc06c41267493e44c21e47a0206fadf77beec68019578,Will the Democratic candidate win Pennsylvania by 2.0%-2.5%?,,,6020782.439055,2024-09-16 13:32:07.370045-07:00,2024-11-05 04:00:00-08:00,,,,,,,,,,,,0.0,no supported template
polymarket,archive,507245,0x940dcb3b8d94c9325d574b277fad827b8c73985f79eceb8f3f37fc8c9c7fa413,Will the Democratic candidate win Pennsylvania by 2.5% or more?,,,8343710.123152,2024-09-16 13:33:06.664493-07:00,2024-11-05 04:00:00-08:00,,,,,,,,,,,,0.0,no supported template
polymarket,archive,507276,0xef8cf8b45ef7e3a607a72b6e1d56bede869fdd81795b63db847de1090bf11c41,TikTok banned in the US before May 2025?,,,119653357.735965,2024-09-17 07:54:44.751998-07:00,2025-04-30 05:00:00-07:00,,,,,,,,,,,,0.0,no supported template
polymarket,archive,507284,0x1af6dd3e572d4a2bb12f326ad8cbc20971b2066e05e97469d32646f696d066b8,Will AC Milan win the UEFA Champions League?,,,20482954.41667,2024-09-17 10:20:17.756723-07:00,2025-05-31 05:00:00-07:00,sports,win,ac_milan,,uefa_champions_league,,,,,sports|win|ac_milan|uefa_champions_league,sports|win|ac_milan|uefa_champions_league,0.86,sports outcome template
polymarket,archive,507286,0xce0f82dc8bb789ffd3bc2928db80bbc539fa04dd223d6e15e2d81eabf8e279fe,Will Aston Villa win the UEFA Champions League?,,,133113813.382904,2024-09-17 10:21:16.527578-07:00,2025-05-31 05:00:00-07:00,sports,win,aston_villa,,uefa_champions_league,,,,,sports|win|aston_villa|uefa_champions_league,sports|win|aston_villa|uefa_champions_league,0.86,sports outcome template
polymarket,archive,507287,0x7a05161e35d72488237eb8cbb91820097742ecc798600ef765b6199ddcf32e53,Will Atalanta win the UEFA Champions League?,,,6978774.16140899,2024-09-17 10:21:35.017933-07:00,2025-05-31 05:00:00-07:00,sports,win,atalanta,,uefa_champions_league,,,,,sports|win|atalanta|uefa_champions_league,sports|win|atalanta|uefa_champions_league,0.86,sports outcome template
polymarket,archive,507288,0xe88dc3c12f17baf276d8a018cdc6ff3b40e7c3be42d646a0fc8e06696db97c33,Will Atletico Madrid win the UEFA Champions League?,,,27136004.4218702,2024-09-17 10:22:09.697435-07:00,2025-05-31 05:00:00-07:00,sports,win,atletico_madrid,,uefa_champions_league,,,,,sports|win|atletico_madrid|uefa_champions_league,sports|win|atletico_madrid|uefa_champions_league,0.86,sports outcome template
polymarket,archive,507290,0x75f14012151c638174d87bdd4a758fac9270555bb3a525e55d447e1f3233e1e0,Will Bayer Leverkusen win the UEFA Champions League?,,,46780244.180184,,2025-05-31 05:00:00-07:00,sports,win,bayer_leverkusen,,uefa_champions_league,,,,,sports|win|bayer_leverkusen|uefa_champions_league,sports|win|bayer_leverkusen|uefa_champions_league,0.86,sports outcome template
polymarket,archive,507292,0x127721b6a12d0d47c6f9fe7eddebb8af81461374fd89d0ff01d2da76bf7b3668,Will Benfica win the UEFA Champions League?,,,35397837.4947546,2024-09-17 10:24:01.258056-07:00,2025-05-31 05:00:00-07:00,sports,win,benfica,,uefa_champions_league,,,,,sports|win|benfica|uefa_champions_league,sports|win|benfica|uefa_champions_league,0.86,sports outcome template
polymarket,archive,507293,0x0e521f1ab1dfa3a37423f2ee229f7fc4907a9ef52fade96d112f11aa35591b71,Will Bologna win the UEFA Champions League? ,,,36952708.8056862,2024-09-17 10:25:01.678242-07:00,2025-05-31 05:00:00-07:00,sports,win,bologna,,uefa_champions_league,,,,,sports|win|bologna|uefa_champions_league,sports|win|bologna|uefa_champions_league,0.86,sports outcome template
polymarket,archive,507294,0x9a5759b5121f0efc7e725deeb95b2599c2d8c197d750120e491af3d808943935,Will Borussia Dortmund win the UEFA Champions League?,,,20166955.363376,2024-09-17 10:25:22.617605-07:00,2025-05-31 05:00:00-07:00,sports,win,borussia_dortmund,,uefa_champions_league,,,,,sports|win|borussia_dortmund|uefa_champions_league,sports|win|borussia_dortmund|uefa_champions_league,0.86,sports outcome template
polymarket,archive,507295,0xf1f68f8726c496661aa48560424dda3203b709fb76abb79c29aa16d4eb8911fc,Will Celtic win the UEFA Champions League?,,,19306736.3224968,2024-09-17 10:25:43.460059-07:00,2025-05-31 05:00:00-07:00,sports,win,celtic,,uefa_champions_league,,,,,sports|win|celtic|uefa_champions_league,sports|win|celtic|uefa_champions_league,0.86,sports outcome template
polymarket,archive,507296,0xb00aab48f34c40b2e127a4f7bd71fd6bd4047e33749efc3a4c70349557a266b2,Will Club Brugge win the UEFA Champions League?,,,20699749.799626,2024-09-17 10:26:01.283643-07:00,2025-05-31 05:00:00-07:00,sports,win,club_brugge,,uefa_champions_league,,,,,sports|win|club_brugge|uefa_champions_league,sports|win|club_brugge|uefa_champions_league,0.86,sports outcome template
polymarket,archive,507297,0xbfe1547b3582fb5307c604f62d6f5818adadf9260a1f5a93f16216c41baba964,Will Dinamo Zagreb win the UEFA Champions League?,,,24315628.8213214,,2025-05-31 05:00:00-07:00,sports,win,dinamo_zagreb,,uefa_champions_league,,,,,sports|win|dinamo_zagreb|uefa_champions_league,sports|win|dinamo_zagreb|uefa_champions_league,0.86,sports outcome template
polymarket,archive,507298,0xd3ba7529a09565c7b00390e2f0f8440e30e48bb7216e7e6fa5d65e545db1862e, Will Feyenoord win the UEFA Champions League?,,,22723022.6502971,2024-09-17 10:26:37.404234-07:00,,sports,win,feyenoord,,uefa_champions_league,,,,,sports|win|feyenoord|uefa_champions_league,sports|win|feyenoord|uefa_champions_league,0.86,sports outcome template
polymarket,archive,507299,0xb7fb3f239091d211540f4672c95f624f891a9ed84cbb912621cd0768af9d3743,Will Girona win the UEFA Champions League?,,,26451524.6750097,2024-09-17 10:26:54.380708-07:00,2025-05-31 05:00:00-07:00,sports,win,girona,,uefa_champions_league,,,,,sports|win|girona|uefa_champions_league,sports|win|girona|uefa_champions_league,0.86,sports outcome template
polymarket,archive,507300,0x7beceb04f7b1d4f0dde80b58c6f43c23b8ad54b21c693e172c974f480b46483c,Will Inter Milan win the UEFA Champions League?,,,82978657.0443518,2024-09-17 10:27:16.600626-07:00,2025-05-31 05:00:00-07:00,sports,win,inter_milan,,uefa_champions_league,,,,,sports|win|inter_milan|uefa_champions_league,sports|win|inter_milan|uefa_champions_league,0.86,sports outcome template
polymarket,archive,507301,0x1459fcca779f3b97a765d02ac9a881892244aad836604fa8a534b4e365ae5b4b,Will Juventus win the UEFA Champions League?,,,16171963.9601959,,2025-05-31 05:00:00-07:00,sports,win,juventus,,uefa_champions_league,,,,,sports|win|juventus|uefa_champions_league,sports|win|juventus|uefa_champions_league,0.86,sports outcome template
polymarket,archive,507302,0xcf6ee989453b44e532516119deeb5b581119bd0f09e065b4adec62ab280744d8,Will Lille win the UEFA Champions League?,,,19772120.9330179,2024-09-17 10:27:52.778322-07:00,2025-05-31 05:00:00-07:00,sports,win,lille,,uefa_champions_league,,,,,sports|win|lille|uefa_champions_league,sports|win|lille|uefa_champions_league,0.86,sports outcome template
polymarket,archive,507303,0x4549ef05bb9b63f2934e36a4ea57942d8be4d45aeae3add4bf510b3edf9cb712,Will Liverpool win the UEFA Champions League?,,,8175076.65724502,2024-09-17 10:28:05.162383-07:00,,sports,win,liverpool,,uefa_champions_league,,,,,sports|win|liverpool|uefa_champions_league,sports|win|liverpool|uefa_champions_league,0.86,sports outcome template
polymarket,archive,507304,0xeda024367dd24ff6425696d2020d4938a6143d8c58829c09e3030556d788d68a,Will Monaco win the UEFA Champions League?,,,31076588.4007154,2024-09-17 10:29:50.960042-07:00,2025-05-31 05:00:00-07:00,sports,win,monaco,,uefa_champions_league,,,,,sports|win|monaco|uefa_champions_league,sports|win|monaco|uefa_champions_league,0.86,sports outcome template
polymarket,archive,507305,0x6cf8b2ebe77711ab5c32fac330b8d493640cf25d278fa98bf65ddcfcb891171e,Will Paris Saint-Germain win the UEFA Champions League?,,,51320576.4557441,2024-09-17 10:30:16.770942-07:00,2025-05-31 05:00:00-07:00,sports,win,paris_saint_germain,,uefa_champions_league,,,,,sports|win|paris_saint_germain|uefa_champions_league,sports|win|paris_saint_germain|uefa_champions_league,0.86,sports outcome template
polymarket,archive,507306,0x70755cd933b53e8181425a2664f2a46acfd66f2544a2dd5bd808ccc7d6ebe673,Will PSV Eindhoven win the UEFA Champions League?,,,13261779.2282109,2024-09-17 10:30:40.239281-07:00,2025-05-31 05:00:00-07:00,sports,win,psv_eindhoven,,uefa_champions_league,,,,,sports|win|psv_eindhoven|uefa_champions_league,sports|win|psv_eindhoven|uefa_champions_league,0.86,sports outcome template
polymarket,archive,507309,0x921e34141afd24816bd0ab761487ece71b8aa15157f1500e272aed6a90ee1c3e,Will Red Bull Salzburg win the UEFA Champions League?,,,27714016.7026868,2024-09-17 10:31:50.588738-07:00,,sports,win,red_bull_salzburg,,uefa_champions_league,,,,,sports|win|red_bull_salzburg|uefa_champions_league,sports|win|red_bull_salzburg|uefa_champions_league,0.86,sports outcome template
polymarket,archive,507310,0x49508de1a82f3bacb7aa0cb80f33b06b147d648f6318e9e3732e949466b7026f,Will Red Star Belgrade win the UEFA Champions League?,,,69281806.2784465,2024-09-17 10:35:44.247259-07:00,2025-05-31 05:00:00-07:00,sports,win,red_star_belgrade,,uefa_champions_league,,,,,sports|win|red_star_belgrade|uefa_champions_league,sports|win|red_star_belgrade|uefa_champions_league,0.86,sports outcome template
polymarket,archive,507311,0x9de98a4e1f5736ced9bdb199025024b77c1a0df3927c651b4e60a33fb4289695,Will Shakhtar Donetsk win the UEFA Champions League?,,,25469002.1878365,2024-09-17 10:36:10.084639-07:00,2025-05-31 05:00:00-07:00,sports,win,shakhtar_donetsk,,uefa_champions_league,,,,,sports|win|shakhtar_donetsk|uefa_champions_league,sports|win|shakhtar_donetsk|uefa_champions_league,0.86,sports outcome template
polymarket,archive,507312,0xb050853ef167805e2d876f5ada36f41c51f42006492f8d1dfc97572ca1c345f4,Will Slovan Bratislava win the UEFA Champions League?,,,32130923.31674,2024-09-17 10:36:37.248983-07:00,2025-05-31 05:00:00-07:00,sports,win,slovan_bratislava,,uefa_champions_league,,,,,sports|win|slovan_bratislava|uefa_champions_league,sports|win|slovan_bratislava|uefa_champions_league,0.86,sports outcome template
polymarket,archive,507313,0xf4a30579c97e8607d50812def8c039fb94bac8498d2a6b8bf36f5781bd66c6c5,Will Sparta Prague win the UEFA Champions League?,,,18106557.5313308,2024-09-17 10:37:09.918556-07:00,2025-05-31 05:00:00-07:00,sports,win,sparta_prague,,uefa_champions_league,,,,,sports|win|sparta_prague|uefa_champions_league,sports|win|sparta_prague|uefa_champions_league,0.86,sports outcome template
polymarket,archive,507314,0xba9b415a5b642f5b483c6ca06641e5b0db60ed7ac60e4011d0c99282c67cc201,Will Sporting CP win the UEFA Champions League?,,,22953896.156353,2024-09-17 10:37:31.718322-07:00,2025-05-31 05:00:00-07:00,sports,win,sporting_cp,,uefa_champions_league,,,,,sports|win|sporting_cp|uefa_champions_league,sports|win|sporting_cp|uefa_champions_league,0.86,sports outcome template
polymarket,archive,507316,0x9714a3fec906de2b561a39e764df29320444cc69a53bec753a52270012019712,Will Stade Brestois win the UEFA Champions League?,,,41179694.4249909,,2025-05-31 05:00:00-07:00,sports,win,stade_brestois,,uefa_champions_league,,,,,sports|win|stade_brestois|uefa_champions_league,sports|win|stade_brestois|uefa_champions_league,0.86,sports outcome template
polymarket,archive,507317,0x9504d1af8c51f94a1d8a2028fc28b59f11a479594407b57bcad8fb28dbf29575,Will Sturm Graz win the UEFA Champions League?,,,29584491.9710941,2024-09-17 10:38:33.237815-07:00,2025-05-31 05:00:00-07:00,sports,win,sturm_graz,,uefa_champions_league,,,,,sports|win|sturm_graz|uefa_champions_league,sports|win|sturm_graz|uefa_champions_league,0.86,sports outcome template
polymarket,archive,507318,0xfd0451aa2068ff1a333b56f4b37d0dc079d38ff5d6218af9aeb93e50deddebe5,Will Stuttgart win the UEFA Champions League?,,,29357939.5502645,2024-09-17 10:38:53.347222-07:00,2025-05-31 05:00:00-07:00,sports,win,stuttgart,,uefa_champions_league,,,,,sports|win|stuttgart|uefa_champions_league,sports|win|stuttgart|uefa_champions_league,0.86,sports outcome template
polymarket,archive,507319,0xeb67c932740eec9d25d7e540252090a03624625b8d2de78f92c208e53bf5f078,Will Young Boys win the UEFA Champions League?,,,22343123.836472,2024-09-17 10:39:13.583999-07:00,2025-05-31 05:00:00-07:00,sports,win,young_boys,,uefa_champions_league,,,,,sports|win|young_boys|uefa_champions_league,sports|win|young_boys|uefa_champions_league,0.86,sports outcome template
polymarket,archive,507398,0x7da6e2fbf085bff83d6da206fda2cd42ba8fb35f3eb98ddc0fc16634604eb1da,Will Girona FC win La Liga?,,,21954118.510273,2024-09-17 19:37:54.547574-07:00,2025-05-25 05:00:00-07:00,,,,,,,,,,,,0.0,no supported template
polymarket,archive,507399,0x75bea962b6045705ea0f7f6c3ed71694e9e4527fc34ad9d75bef913aedd5fb99,Will Athletic Bilbao win La Liga?,,,15460273.9096011,2024-09-17 19:39:01.561419-07:00,2025-05-25 05:00:00-07:00,,,,,,,,,,,,0.0,no supported template
polymarket,archive,507400,0xf47e011bd226aadfb048aff7a6f9e67c1be56ab8635407aac93d8879389a2830,Will Real Sociedad win La Liga?,,,18436538.011735,2024-09-17 19:39:29.737502-07:00,2025-05-25 05:00:00-07:00,,,,,,,,,,,,0.0,no supported template
polymarket,archive,507401,0x7e84002d49c772d2083afaec7fbe129481f7ef8d269973dfa9b14c7fe9ee0b03,Will Real Betis win La Liga?,,,71762810.4120828,2024-09-17 19:39:50.598799-07:00,2025-05-25 05:00:00-07:00,,,,,,,,,,,,0.0,no supported template
polymarket,archive,507402,0x3ad961317dd47e978c66cef2c52af7c1179b6380057c974fc7dfe814ce227218,Will Villarreal CF win La Liga?,,,8327875.64314602,2024-09-17 19:40:14.429349-07:00,2025-05-25 05:00:00-07:00,,,,,,,,,,,,0.0,no supported template
polymarket,archive,507403,0x4e9d8233066ff2d1254385f120014a49ed708d67db8c4562f37a9b2592a5084b,Will RC Celta de Vigo win La Liga?,,,33181867.8214223,,2025-05-25 05:00:00-07:00,,,,,,,,,,,,0.0,no supported template
polymarket,archive,507404,0x4a64f9884cca36e19d0647221e43dd231489b675b66e993a0493903323ff080c,Will Valencia CF win La Liga?,,,22406816.3646214,2024-09-17 19:41:25.796634-07:00,2025-05-25 05:00:00-07:00,,,,,,,,,,,,0.0,no supported template
polymarket,archive,507405,0xc5f98eb484b9ff5c33ed17906eac4b3784eb4ca3928a5bd0b9d15175a4fd1a02,Will Sevilla FC win La Liga?,,,24658718.6499668,2024-09-17 19:41:54.357608-07:00,2025-05-25 05:00:00-07:00,,,,,,,,,,,,0.0,no supported template
polymarket,archive,507413,0xee922ba545ca6b4c9a8837b2827634cfc86ac6e0e74b2026c7f1212629a46fa0,Will another team win La Liga?,,,46180509.9261022,2024-09-18 09:15:52.297219-07:00,2025-05-25 05:00:00-07:00,,,,,,,,,,,,0.0,no supported template
polymarket,archive,507417,0xab66a7d5745fc4da8a30a67665ee1de894b740644e643a6c6ec39b17212e4df5,Will Israel invade Lebanon in September?,,,13817736.165943,2024-09-18 10:52:27.740401-07:00,2024-09-30 05:00:00-07:00,,,,,,,,,,,,0.0,no supported template
polymarket,archive,507418,0x61962c3f51c9c2e4f3885da88b70d3378a822830e42df02a19c7b035737515bc,Will the FED change rates to another level after Nov meeting?,,,19150629.538967,2024-09-18 11:03:17.068712-07:00,2024-11-07 04:00:00-08:00,,,,,,,,,,,,0.0,no supported template
polymarket,archive,507419,0x3a5d8047acd8aa377956e65bd40bfafd47ff6d528559b22530fb3822bc1afbbe,Will the FED change rates to another level after December meeting?,,,11155452.805379,2024-09-18 11:17:39.371819-07:00,2024-12-18 04:00:00-08:00,,,,,,,,,,,,0.0,no supported template
polymarket,archive,507472,0x006ee68a0b2273785450167ca50b8d27f2149946ac513fde4e86765e53e35d52,Israeli forces enters Lebanon in September?,,,10886668.249385,2024-09-19 09:28:19.813272-07:00,2024-09-30 05:00:00-07:00,,,,,,,,,,,,0.0,no supported template
polymarket,archive,507792,0x54a1d0da9b18ac0dd1b1ae10fad2eb782427733e4ad2f14f190b979bbb5c7d65,Israel x Hezbollah Ceasefire in 2024?,,,40061277.633281,2024-09-23 13:21:02.008203-07:00,2024-12-31 04:00:00-08:00,,,,,,,,,,,,0.0,no supported template
polymarket,archive,507856,0x68c8641a89ffa9cd42c09216f63ed188b42302103edfa691c3f70fc55e7fc195,Will the Atlanta Hawks win the 2025 NBA Finals?,,,62225174.1342532,,2025-06-23 05:00:00-07:00,sports,win,atlanta_hawks,,nba_finals,,2025,,,sports|win|atlanta_hawks|nba_finals|2025,sports|win|atlanta_hawks|nba_finals|2025,0.86,sports outcome template
polymarket,archive,507857,0xd1cfd61da9ac8931fc3aa48ad05eb9687e6f925a15502eb23a04e0174d2c9f30,Will the Boston Celtics win the 2025 NBA Finals?,,,8564198.99508098,2024-09-24 08:19:05.446328-07:00,2025-06-23 05:00:00-07:00,sports,win,boston_celtics,,nba_finals,,2025,,,sports|win|boston_celtics|nba_finals|2025,sports|win|boston_celtics|nba_finals|2025,0.86,sports outcome template
polymarket,archive,507858,0x2ee656b8bc037e24df53a6b1e33bd9ad12c913c065f564d965ebbfc79b5a4a8b,Will the Brooklyn Nets win the 2025 NBA Finals?,,,56529405.934386,2024-09-24 08:19:25.773874-07:00,2025-06-23 05:00:00-07:00,sports,win,brooklyn_nets,,nba_finals,,2025,,,sports|win|brooklyn_nets|nba_finals|2025,sports|win|brooklyn_nets|nba_finals|2025,0.86,sports outcome template
polymarket,archive,507859,0x3329697f75e759b7fb781e52314d4322492a6d0816e8465d90091af88a3f4219,Will the Charlotte Hornets win the 2025 NBA Finals?,,,116668813.604393,2024-09-24 08:19:44.221043-07:00,2025-06-23 05:00:00-07:00,sports,win,charlotte_hornets,,nba_finals,,2025,,,sports|win|charlotte_hornets|nba_finals|2025,sports|win|charlotte_hornets|nba_finals|2025,0.86,sports outcome template
polymarket,archive,507860,0xc635cfc916000aff903b80fe81472fd8e6cdccb88f616e8d8befb78db66552d3,Will the Chicago Bulls win the 2025 NBA Finals?,,,53153256.9951301,2024-09-24 08:20:08.778442-07:00,2025-06-23 05:00:00-07:00,sports,win,chicago_bulls,,nba_finals,,2025,,,sports|win|chicago_bulls|nba_finals|2025,sports|win|chicago_bulls|nba_finals|2025,0.86,sports outcome template
polymarket,archive,507861,0xc28a6a59080f7ed26620bfe111ce0bac356057cdd182a252f26632a0524aaa09,Will the Cleveland Cavaliers win the 2025 NBA Finals?,,,10061160.550156,2024-09-24 08:20:31.827225-07:00,2025-06-23 05:00:00-07:00,sports,win,cleveland_cavaliers,,nba_finals,,2025,,,sports|win|cleveland_cavaliers|nba_finals|2025,sports|win|cleveland_cavaliers|nba_finals|2025,0.86,sports outcome template
polymarket,archive,507862,0xad506c65823a0f12dcdb38b19bef3b12f2c655d9d6c5512586d56b1d597cbc7c,Will the Dallas Mavericks win the 2025 NBA Finals?,,,17928016.989254,,2025-06-23 05:00:00-07:00,sports,win,dallas_mavericks,,nba_finals,,2025,,,sports|win|dallas_mavericks|nba_finals|2025,sports|win|dallas_mavericks|nba_finals|2025,0.86,sports outcome template
polymarket,archive,507863,0x497d6cf1098ea666aed470ead36e66ab5a9d54ff29cdf6357708a20aa1808e6e,Will the Denver Nuggets win the 2025 NBA Finals?,,,38846310.001327,2024-09-24 08:21:38.740908-07:00,2025-06-23 05:00:00-07:00,sports,win,denver_nuggets,,nba_finals,,2025,,,sports|win|denver_nuggets|nba_finals|2025,sports|win|denver_nuggets|nba_finals|2025,0.86,sports outcome template
polymarket,archive,507864,0xba6c5ece6d70e46fc4fe5dfd73db248bc1a1a162bebc05e9b2cd8b91293cccce,Will the Detroit Pistons win the 2025 NBA Finals?,,,61077508.080874,2024-09-24 08:21:59.638942-07:00,2025-06-23 05:00:00-07:00,sports,win,detroit_pistons,,nba_finals,,2025,,,sports|win|detroit_pistons|nba_finals|2025,sports|win|detroit_pistons|nba_finals|2025,0.86,sports outcome template
polymarket,archive,507865,0xa9abf9bd04f8853b341ceb26cf3d003ec1edb1483c4a856bc043dd4213b7235f,Will the Golden State Warriors win the 2025 NBA Finals?,,,12404981.247292,,2025-06-23 05:00:00-07:00,sports,win,golden_state_warriors,,nba_finals,,2025,,,sports|win|golden_state_warriors|nba_finals|2025,sports|win|golden_state_warriors|nba_finals|2025,0.86,sports outcome template
polymarket,archive,507866,0x5f437a76e4e76fbe81b4269e5f8ffd98ade4751ec849baa0a68284723645904d,Will the Houston Rockets win the 2025 NBA Finals?,,,20431507.65441,2024-09-24 08:22:40.522919-07:00,2025-06-23 05:00:00-07:00,sports,win,houston_rockets,,nba_finals,,2025,,,sports|win|houston_rockets|nba_finals|2025,sports|win|houston_rockets|nba_finals|2025,0.86,sports outcome template
polymarket,archive,507868,0xf2a89afeddff5315e37211b0b0e4e93ed167fba2694cd35c252672d0aca73711,Will the Indiana Pacers win the 2025 NBA Finals?,,,73646892.531998,,2025-06-23 05:00:00-07:00,sports,win,indiana_pacers,,nba_finals,,2025,,,sports|win|indiana_pacers|nba_finals|2025,sports|win|indiana_pacers|nba_finals|2025,0.86,sports outcome template
polymarket,archive,507869,0x4e2dd28f54a645ac62743a49116dfae0b6fd22ef4187ee2a340d1346ca612bcf,Will the LA Clippers win the 2025 NBA Finals?,,,69838997.3981325,2024-09-24 08:23:47.197063-07:00,2025-06-23 05:00:00-07:00,sports,win,la_clippers,,nba_finals,,2025,,,sports|win|la_clippers|nba_finals|2025,sports|win|la_clippers|nba_finals|2025,0.86,sports outcome template
polymarket,archive,507871,0x1f9161d0cf8cc197b458673137fb200b3760ba8f1ba2c59949614017eac25cf9,Will the Los Angeles Lakers win the 2025 NBA Finals?,,,12930041.559916,,2025-06-23 05:00:00-07:00,sports,win,los_angeles_lakers,,nba_finals,,2025,,,sports|win|los_angeles_lakers|nba_finals|2025,sports|win|los_angeles_lakers|nba_finals|2025,0.86,sports outcome template
polymarket,archive,507872,0x86d89ba9a7cf636633bce9844a6e0eef07126f6bb3705aab1f5afa5d4851eb97,Will the Memphis Grizzlies win the 2025 NBA Finals?,,,12841366.931312,2024-09-24 08:24:37.056688-07:00,2025-06-23 05:00:00-07:00,sports,win,memphis_grizzlies,,nba_finals,,2025,,,sports|win|memphis_grizzlies|nba_finals|2025,sports|win|memphis_grizzlies|nba_finals|2025,0.86,sports outcome template
polymarket,archive,507873,0xadc74c7282d955d2603b56ba7eee2831b295bb71596a056e46e5848b13562377,Will the Miami Heat win the 2025 NBA Finals?,,,86041732.719889,2024-09-24 08:24:58.212755-07:00,2025-06-23 05:00:00-07:00,sports,win,miami_heat,,nba_finals,,2025,,,sports|win|miami_heat|nba_finals|2025,sports|win|miami_heat|nba_finals|2025,0.86,sports outcome template
polymarket,archive,507875,0x101de66e10fed9c9e44a516de28398b72d1bee3df9d5818914c9ddbfc24e7e8f,Will the Milwaukee Bucks win the 2025 NBA Finals?,,,9997936.81755901,2024-09-24 08:25:33.468605-07:00,2025-06-23 05:00:00-07:00,sports,win,milwaukee_bucks,,nba_finals,,2025,,,sports|win|milwaukee_bucks|nba_finals|2025,sports|win|milwaukee_bucks|nba_finals|2025,0.86,sports outcome template
polymarket,archive,507876,0xf4472853ab134236dbfe4cd5f83fcbc60f62767b2a474a1c0b0ed3190d813084,Will the Minnesota Timberwolves win the 2025 NBA Finals?,,,11741770.864215,2024-09-24 08:25:52.073463-07:00,2025-06-23 05:00:00-07:00,sports,win,minnesota_timberwolves,,nba_finals,,2025,,,sports|win|minnesota_timberwolves|nba_finals|2025,sports|win|minnesota_timberwolves|nba_finals|2025,0.86,sports outcome template
polymarket,archive,507882,0x4b73d2b80fcc70e12ba15b7c7ebe0c0a05a425d9b0c7707b03d3ae918c0e4d4b,Will the New Orleans Pelicans win the 2025 NBA Finals?,,,59019076.767924,2024-09-24 08:28:16.311938-07:00,2025-06-23 05:00:00-07:00,sports,win,new_orleans_pelicans,,nba_finals,,2025,,,sports|win|new_orleans_pelicans|nba_finals|2025,sports|win|new_orleans_pelicans|nba_finals|2025,0.86,sports outcome template
polymarket,archive,507883,0xb3af306795f672a0bcaf4bd529ffa8343e88949bc74b098ccd2a0238ce676cd3,Will the New York Knicks win the 2025 NBA Finals?,,,9626994.082908,2024-09-24 08:28:16.673393-07:00,2025-06-23 05:00:00-07:00,sports,win,new_york_knicks,,nba_finals,,2025,,,sports|win|new_york_knicks|nba_finals|2025,sports|win|new_york_knicks|nba_finals|2025,0.86,sports outcome template
polymarket,archive,507884,0x6edc6c77c16ef3ba1bcd646159f12f8b8a39528e500dcff95b9220ccfbb75141,Will the Oklahoma City Thunder win the 2025 NBA Finals?,,,17203993.307106,2024-09-24 08:28:42.840486-07:00,2025-06-23 05:00:00-07:00,sports,win,oklahoma_city_thunder,,nba_finals,,2025,,,sports|win|oklahoma_city_thunder|nba_finals|2025,sports|win|oklahoma_city_thunder|nba_finals|2025,0.86,sports outcome template
polymarket,archive,507888,0xbeea0aff752734aa33484711d15695dff9694b2092a8c0ab71fbf2ec74e7fb11,Will the Orlando Magic win the 2025 NBA Finals?,,,22654093.030353,2024-09-24 08:31:02.732122-07:00,2025-06-23 05:00:00-07:00,sports,win,orlando_magic,,nba_finals,,2025,,,sports|win|orlando_magic|nba_finals|2025,sports|win|orlando_magic|nba_finals|2025,0.86,sports outcome template
polymarket,archive,507889,0xbde7cb252ead2a71c66998e33c76cb1a5462d5c5bd970d0adc38c2d9dffdd807,Will the Philadelphia 76ers win the 2025 NBA Finals?,,,6983777.488505,2024-09-24 08:31:03.250377-07:00,2025-06-23 05:00:00-07:00,sports,win,philadelphia_76ers,,nba_finals,,2025,,,sports|win|philadelphia_76ers|nba_finals|2025,sports|win|philadelphia_76ers|nba_finals|2025,0.86,sports outcome template
polymarket,archive,507890,0xb2527b0abc0dde233f5478d1fa6f043cd9fbe6a79ee1e02711773a3e3a869d53, Will the Phoenix Suns win the 2025 NBA Finals?,,,9988733.101464,2024-09-24 08:32:39.664675-07:00,2025-06-23 05:00:00-07:00,sports,win,phoenix_suns,,nba_finals,,2025,,,sports|win|phoenix_suns|nba_finals|2025,sports|win|phoenix_suns|nba_finals|2025,0.86,sports outcome template
polymarket,archive,507891,0x4ea1a572e24ed7db20d3550ab0108603150b68f6829750ec331d90cce58a459a,Will the Portland Trail Blazers win the 2025 NBA Finals?,,,42820461.103444,2024-09-24 08:33:02.525844-07:00,2025-06-23 05:00:00-07:00,sports,win,portland_trail_blazers,,nba_finals,,2025,,,sports|win|portland_trail_blazers|nba_finals|2025,sports|win|portland_trail_blazers|nba_finals|2025,0.86,sports outcome template
polymarket,archive,507892,0x763cc84a3cde36b9ce12a8afe6d3e1e3e46e50692e8ec47636c7803c1033cfab,Will the Sacramento Kings win the 2025 NBA Finals?,,,378011506.511399,2024-09-24 08:33:30.214289-07:00,2025-06-23 05:00:00-07:00,sports,win,sacramento_kings,,nba_finals,,2025,,,sports|win|sacramento_kings|nba_finals|2025,sports|win|sacramento_kings|nba_finals|2025,0.86,sports outcome template
polymarket,archive,507893,0xf04411511f74ed05240b53c97bb578244f3058f8846997d47324f23021d7e0c6,Will the San Antonio Spurs win the 2025 NBA Finals?,,,16569228.581386,2024-09-24 08:34:00.264279-07:00,2025-06-23 05:00:00-07:00,sports,win,san_antonio_spurs,,nba_finals,,2025,,,sports|win|san_antonio_spurs|nba_finals|2025,sports|win|san_antonio_spurs|nba_finals|2025,0.86,sports outcome template
polymarket,archive,507894,0x37963e2b3194455fe768cd470571640c758c049b7cda6967449a43a8bd5c835f,Will the Toronto Raptors win the 2025 NBA Finals?,,,154220299.964432,2024-09-24 08:34:33.830533-07:00,2025-06-23 05:00:00-07:00,sports,win,toronto_raptors,,nba_finals,,2025,,,sports|win|toronto_raptors|nba_finals|2025,sports|win|toronto_raptors|nba_finals|2025,0.86,sports outcome template
polymarket,archive,507895,0x305df84a4e3cdedb1a70ddec73949c64311247dbf7f41c236ee6a795dcc3d347,Will the Utah Jazz win the 2025 NBA Finals?,,,129911351.465261,2024-09-24 08:35:02.582586-07:00,2025-06-23 05:00:00-07:00,sports,win,utah_jazz,,nba_finals,,2025,,,sports|win|utah_jazz|nba_finals|2025,sports|win|utah_jazz|nba_finals|2025,0.86,sports outcome template
polymarket,archive,507896,0xbba16a21398862877d2ba91d7221be625b4514066580c91c6acbc32b03fe7997,Will the Washington Wizards win the 2025 NBA Finals?,,,130194075.547845,2024-09-24 08:35:19.262234-07:00,2025-06-23 05:00:00-07:00,sports,win,washington_wizards,,nba_finals,,2025,,,sports|win|washington_wizards|nba_finals|2025,sports|win|washington_wizards|nba_finals|2025,0.86,sports outcome template
polymarket,archive,507984,0xfca3e637b1b126a59dd2aac2ca89d501f30c0aacb5dbf9b7b5f1d2c18ca00a55,Will Dynamo Kyiv win the UEFA Europa League?,,,6108207.296014,2024-09-24 12:11:29.177343-07:00,2025-05-21 05:00:00-07:00,,,,,,,,,,,,0.0,no supported template
polymarket,archive,508113,0x683ac98a5ff611628226142e9ec0a9c55efd1db1a570b5f5703b65c133b006ac,Will another team win LoL Worlds 2024?,,,7184260.217852,2024-09-25 10:21:37.450005-07:00,2024-11-02 05:00:00-07:00,,,,,,,,,,,,0.0,no supported template
polymarket,archive,508671,0x57d84abe570ed54c362a54e5a77489fa051c3e0d0cdfeae36148e244668bf403,Israel strike on Iranian nuclear facility in 2024?,,,10075557.869042,2024-10-02 08:30:55.281585-07:00,2024-12-31 04:00:00-08:00,,,,,,,,,,,,0.0,no supported template
polymarket,archive,508788,0x36486ce8c3fa43e8f3c3c030fb1e9dd90d25304acedb008f5663ddcd528b9565,Will the HBO documentary identify Adam Back as Satoshi?,,,7341786.79342,2024-10-03 13:53:43.648823-07:00,2024-10-15 05:00:00-07:00,,,,,,,,,,,,0.0,no supported template
polymarket,archive,508800,0x307f1107750a342fce55b4ea3ef41b972321bd0ab8fbd77bbd47871f8ecf6692,Will the Atlanta Hawks win the Eastern Conference?,,,6272657.35110099,2024-10-03 14:57:11.803352-07:00,2025-06-05 05:00:00-07:00,,,,,,,,,,,,0.0,no supported template
polymarket,archive,508801,0xd7c733237a4b3526149b88fd91044fbec5a3a7c7e4995f18172e677b49ee4a7d,Will the Brooklyn Nets win the Eastern Conference?,,,21812165.00846,2024-10-03 14:57:40.290787-07:00,2025-06-05 05:00:00-07:00,,,,,,,,,,,,0.0,no supported template
polymarket,archive,508802,0xc04462123e838b52edd396aeb20c6b1486cb82c01d3d8932d531d1e0dd612c80,Will the Charlotte Hornets win the Eastern Conference?,,,71286704.6916941,2024-10-03 14:57:59.629409-07:00,2025-06-05 05:00:00-07:00,,,,,,,,,,,,0.0,no supported template
polymarket,archive,508803,0x0e39b9278b0d78d49ffca1360bce084fd09506ac794f297a5a83cdaaedb6394d,Will the Chicago Bulls win the Eastern Conference?,,,8684834.34721,2024-10-03 14:59:20.577584-07:00,2025-06-05 05:00:00-07:00,,,,,,,,,,,,0.0,no supported template
polymarket,archive,508804,0xbb49aeb60fc5454f81c518b8578c0f4e92715193359c6d056b4fee6b1c7e5358,Will the Cleveland Cavaliers win the Eastern Conference?,,,7200741.10033,2024-10-03 14:59:39.188058-07:00,2025-06-05 05:00:00-07:00,,,,,,,,,,,,0.0,no supported template
polymarket,archive,508805,0x8ee22fe88cca072ae19d757cea3c4ace6712d149d633185f85f583bd8fa73ed5,Will the Detroit Pistons win the Eastern Conference?,,,60253518.153967,2024-10-03 14:59:54.517164-07:00,2025-06-05 05:00:00-07:00,,,,,,,,,,,,0.0,no supported template
polymarket,archive,508806,0x5b8e32e1fbc08f9e7ab47d24593e67b950d95c13899a79a92921bfc106d0d7e1,Will the Indiana Pacers win the Eastern Conference?,,,37391614.253381,2024-10-03 15:00:13.529373-07:00,2025-06-05 05:00:00-07:00,,,,,,,,,,,,0.0,no supported template
polymarket,archive,508812,0xbbd9d59bd4984d26b101e6663a65dbd1490c1760706491185c47bea143d73f70,Will the Toronto Raptors win the Eastern Conference?,,,26567469.375132,,2025-06-05 05:00:00-07:00,,,,,,,,,,,,0.0,no supported template
polymarket,archive,508813,0x28624023f5d4a16e390ea851cb59ee009552043dacc5498eea2fdfd149826073,Will the Washington Wizards win the Eastern Conference?,,,32891504.500887,2024-10-03 15:02:46.101791-07:00,2025-06-05 05:00:00-07:00,,,,,,,,,,,,0.0,no supported template
polymarket,archive,508825,0xb2e47b4a917489fd7f6b3aae5cc8f00955370864c72de45e6b5176279302a211,Will the Portland Trail Blazers win the Western Conference?,,,23193818.2541841,2024-10-03 15:19:43.809273-07:00,2025-06-05 05:00:00-07:00,,,,,,,,,,,,0.0,no supported template
polymarket,archive,508829,0x999d66a5154ae42b1dad6e1d8ea5a56418469d9f0e21f17a8eb948238ed3d266,Will the Utah Jazz win the Western Conference?,,,8795430.24684899,2024-10-03 19:00:19.850182-07:00,2025-06-05 05:00:00-07:00,,,,,,,,,,,,0.0,no supported template
polymarket,archive,509083,0xa1cee304c35d3821b004b633d7ec69cb445600085549f0ec8d431083fdb784a3,Will the Anaheim Ducks win the 2025 Stanley Cup?,,,7426385.033368,2024-10-07 11:47:30.335993-07:00,2025-06-23 05:00:00-07:00,sports,win,anaheim_ducks,,nhl_stanley_cup,,2025,,,sports|win|anaheim_ducks|nhl_stanley_cup|2025,sports|win|anaheim_ducks|nhl_stanley_cup|2025,0.86,sports outcome template
polymarket,archive,509088,0x996589e16b968a560860def78785a4a415ac8e43d9b56e651e230fef73bd565a,Will the Buffalo Sabres win the 2025 Stanley Cup?,,,14029683.089652,2024-10-07 12:03:06.092746-07:00,2025-06-23 05:00:00-07:00,sports,win,buffalo_sabres,,nhl_stanley_cup,,2025,,,sports|win|buffalo_sabres|nhl_stanley_cup|2025,sports|win|buffalo_sabres|nhl_stanley_cup|2025,0.86,sports outcome template
polymarket,archive,509091,0xcc846e4e2304f3076a69a7b8bfdc930aa6a772002a79915b741520eddb5ef492,Will the Chicago Blackhawks win the 2025 Stanley Cup?,,,31500276.745636,2024-10-07 12:04:20.240878-07:00,2025-06-23 05:00:00-07:00,sports,win,chicago_blackhawks,,nhl_stanley_cup,,2025,,,sports|win|chicago_blackhawks|nhl_stanley_cup|2025,sports|win|chicago_blackhawks|nhl_stanley_cup|2025,0.86,sports outcome template
polymarket,archive,509094,0x91a8c7c495ada985d50969aaa2bb3555a998a652845c0e0cbe5bc1ecedd42e88,Will the Detroit Red Wings win the 2025 Stanley Cup?,,,11066493.763857,,2025-06-23 05:00:00-07:00,sports,win,detroit_red_wings,,nhl_stanley_cup,,2025,,,sports|win|detroit_red_wings|nhl_stanley_cup|2025,sports|win|detroit_red_wings|nhl_stanley_cup|2025,0.86,sports outcome template
polymarket,archive,509099,0xf0f0189519f8b6a4a96677ade840c6a39b3d1df83205c143f998cc4c2e87f59f,Will the Montreal Canadiens win the 2025 Stanley Cup?,,,20010091.315551,2024-10-07 12:19:51.351698-07:00,2025-06-23 05:00:00-07:00,sports,win,montreal_canadiens,,nhl_stanley_cup,,2025,,,sports|win|montreal_canadiens|nhl_stanley_cup|2025,sports|win|montreal_canadiens|nhl_stanley_cup|2025,0.86,sports outcome template
polymarket,archive,509105,0xbc67af13da50b8d9282d5f332b8835f8ab039c8f584a78695fddf1450a1c8679,Will the Philadelphia Flyers win the 2025 Stanley Cup?,,,45686975.6152203,2024-10-07 12:22:00.208202-07:00,2025-06-23 05:00:00-07:00,sports,win,philadelphia_flyers,,nhl_stanley_cup,,2025,,,sports|win|philadelphia_flyers|nhl_stanley_cup|2025,sports|win|philadelphia_flyers|nhl_stanley_cup|2025,0.86,sports outcome template
polymarket,archive,509106,0x872b293fc86a2e392b344fcda74799c8a77f6d54e17b1eaf2ac04b81edb45505,Will the Pittsburgh Penguins win the 2025 Stanley Cup?,,,8418555.753739,2024-10-07 12:22:19.649008-07:00,2025-06-23 05:00:00-07:00,sports,win,pittsburgh_penguins,,nhl_stanley_cup,,2025,,,sports|win|pittsburgh_penguins|nhl_stanley_cup|2025,sports|win|pittsburgh_penguins|nhl_stanley_cup|2025,0.86,sports outcome template
polymarket,archive,509107,0xbe18b72dc5fe801642372b31cf9351a9a35799a06773323a7104e97ebf4d4ec9,Will the San Jose Sharks win the 2025 Stanley Cup?,,,43862428.04151,2024-10-07 12:22:38.826465-07:00,2025-06-23 05:00:00-07:00,sports,win,san_jose_sharks,,nhl_stanley_cup,,2025,,,sports|win|san_jose_sharks|nhl_stanley_cup|2025,sports|win|san_jose_sharks|nhl_stanley_cup|2025,0.86,sports outcome template
polymarket,archive,509109,0x52933e0208f96c9d8339d686c410cd5a188d9585555996874315d1a534141825,Will the St. Louis Blues win the 2025 Stanley Cup?,,,7861942.165596,2024-10-07 12:23:19.007994-07:00,2025-06-23 05:00:00-07:00,sports,win,st_louis_blues,,nhl_stanley_cup,,2025,,,sports|win|st_louis_blues|nhl_stanley_cup|2025,sports|win|st_louis_blues|nhl_stanley_cup|2025,0.86,sports outcome template
polymarket,archive,509115,0x2f4d4813b59746d5ced985170530331befb399a25acc8540061e0ac8224c9aa2,Will the Winnipeg Jets win the 2025 Stanley Cup?,,,13460020.454528,2024-10-07 12:28:06.942911-07:00,2025-06-23 05:00:00-07:00,sports,win,winnipeg_jets,,nhl_stanley_cup,,2025,,,sports|win|winnipeg_jets|nhl_stanley_cup|2025,sports|win|winnipeg_jets|nhl_stanley_cup|2025,0.86,sports outcome template
polymarket,archive,509188,0xec759fdefb182af4237d9e42a7c715be7a4213afacb484ddc066290a0f84221f,Will the Democratic candidate win Wisconsin by 3%-4.0%? ,,,37386911.778964,2024-10-07 15:47:50.390111-07:00,2024-11-05 04:00:00-08:00,,,,,,,,,,,,0.0,no supported template
polymarket,archive,509218,0x63b1697d66131bce1b4d406599548bb6007671197a1596b6403335f2592a61f1,Will the Democratic candidate win Nevada by 3.0%-4.0%? ,,,47843276.232386,,2024-11-05 04:00:00-08:00,,,,,,,,,,,,0.0,no supported template
polymarket,archive,509219,0x979cbb2e8d07cc08126c046b3a5fefadc73ff770389f46ca89dcd76de1e60ed7,Will the Democratic candidate win Nevada by 4.0% or more?,,,10836422.212859,2024-10-07 17:04:03.386058-07:00,2024-11-05 04:00:00-08:00,,,,,,,,,,,,0.0,no supported template
polymarket,archive,509235,0x9a8337f8f916283c359fd01452ed5d5e1e5e64f5287191b4f134f25fdc8e849a,Will Nevada be the closest state?,,,30180182.963199,2024-10-07 23:28:24.699887-07:00,2024-11-05 04:00:00-08:00,,,,,,,,,,,,0.0,no supported template
polymarket,archive,509307,0xd5fca9b9146866df0df3211bb9008d884a2648e3b15ca6ec51d4a5b50084d9d6,Will New Hampshire be the closest state?,,,50856971.134739,2024-10-08 13:40:04.475329-07:00,2024-11-05 04:00:00-08:00,,,,,,,,,,,,0.0,no supported template
polymarket,archive,509311,0x2e317c0dceb7b4ab2abe7c43f302b0253321f92a941709f871975799fd5a168b,Will Florida be the closest state?,,,8214061.612692,2024-10-08 13:42:06.508322-07:00,2024-11-05 04:00:00-08:00,,,,,,,,,,,,0.0,no supported template
polymarket,archive,509413,0x861e411e687fdde2753c7723f238bfd028b6b1aa3d0de97b141d244acdc5854d,Will Giannis Antetokounmpo lead the NBA in Assists?,,,18101044.353532,2024-10-09 11:35:46.196038-07:00,2025-04-13 05:00:00-07:00,,,,,,,,,,,,0.0,no supported template
polymarket,archive,509536,0xeaca183c14ce24a6d6d016a9b4cf5103a22ea7b8f8cb7cff1834e3225c720404,Will Paul George lead the NBA in Scoring?,,,9427745.240114,2024-10-10 12:34:12.059679-07:00,2025-04-13 05:00:00-07:00,,,,,,,,,,,,0.0,no supported template
polymarket,archive,509855,0x825979da04e73c1f0df28132de975b19a53b54faf7e672e822aa10c9031c1201,Israel military action against Iraq before November?,,,27780153.857752,2024-10-14 15:55:42.355163-07:00,2024-10-31 05:00:00-07:00,,,,,,,,,,,,0.0,no supported template
polymarket,archive,509919,0x6a9ececdb52d5bb1d70780199610060207bd80bfdad40234adf069f1d7a11667,Will Juventus win the Serie A?,,,11373886.175883,2024-10-15 11:59:42.754178-07:00,2025-05-25 05:00:00-07:00,,,,,,,,,,,,0.0,no supported template
polymarket,archive,509944,0xed0d61e40b7d25b1d78f7dd7fdb9de052302a72dd8b5b0a5e8d182853cf48c02,Will Stuttgart win the Bundesliga?,,,6831904.362965,2024-10-15 12:29:32.798015-07:00,2025-05-25 05:00:00-07:00,,,,,,,,,,,,0.0,no supported template
polymarket,archive,510319,0xa5ac4cdcfff44ddfb0d332d33575f766414465786fb7d4350782db40d5e9da11,Trump ends Ukraine war in first 90 days?,,,56491984.2956951,2024-10-21 11:09:12.014074-07:00,2025-04-20 05:00:00-07:00,,,,,,,,,,,,0.0,no supported template
polymarket,archive,510340,0x38bc6b9fbc7f22b58a9b83330709e2fbb15ddbed7f2277831c8c3df0ee20475b,Will ≥2% of votes go to 3rd Party candidates?,,,9870739.05869,2024-10-21 13:01:59.135347-07:00,2024-11-05 04:00:00-08:00,,,,,,,,,,,,0.0,no supported template
polymarket,archive,510854,0x6c690bec3395d02419c4ab3fefbdcff6bc8e589eccc49a4d8d62cf51912e56d6,MSFT shareholders vote for Bitcoin investment? ,,,7603059.085456,2024-10-24 14:48:43.735783-07:00,2024-12-10 04:00:00-08:00,,,,,,,,,,,,0.0,no supported template
polymarket,archive,511359,0x0a006c3843ea6b6959b46a46b7a0cdc52ed8773ba19d769b71d0d8b2650476b5,Will Trump get 70-72m votes in the 2024 U.S. Presidential Election?,,,7204168.458315,2024-10-29 13:25:05.255339-07:00,2024-11-05 04:00:00-08:00,,,,,,,,,,,,0.0,no supported template
polymarket,archive,511582,0x952e8d6dcd67c7d28720491a798e96a2729a57598cb04b4de6f6c2e6f75fd12b,"Will Bitcoin reach $90,000 in November?",,,6310335.340742,2024-11-01 07:37:37.759503-07:00,2024-11-30 04:00:00-08:00,,,,,,,,,,,,0.0,no supported template
polymarket,archive,511753,0xc5a29d7da91c765c5b8b45dc5f86147558ad0d16bb18e7ca14a74e3b5e3ebf9a,Will Kamala Harris be inaugurated?,,,72247146.4466322,2024-11-01 13:58:51.527989-07:00,2024-12-20 04:00:00-08:00,,,,,,,,,,,,0.0,no supported template
polymarket,archive,511754,0xc3d4155148681756bfe67bb41d8d0882a8a122e7d3762b3591bf6598c9bd198b,Will Donald Trump be inaugurated?,,,400409526.886835,2024-11-01 13:59:58.040376-07:00,2025-01-20 04:00:00-08:00,,,,,,,,,,,,0.0,no supported template
polymarket,archive,511755,0x21559998482bf5dfbcaf0f5409edd34eebd84c8998df622f9da8ff1e1f248a26,Will someone else be inaugurated?,,,28689878.975383,2024-11-01 14:18:14.303418-07:00,2025-01-20 04:00:00-08:00,,,,,,,,,,,,0.0,no supported template
polymarket,archive,511851,0x3b31077b28d3b1173b625165d647cd5d1ce3fb123d1eecd7fd81d54f2722058b,Will the Republican candidate win Iowa by 9.0-10.0%? ,,,17135203.886696,2024-11-02 17:10:03.859789-07:00,2024-11-05 04:00:00-08:00,,,,,,,,,,,,0.0,no supported template
polymarket,archive,511857,0xc38d749d7d1b64e8c720cf6440f095773069b8243e7a347f651782c2ec566ea5,Will the Republican candidate win Iowa by 3.0-4.0%? ,,,15358928.308862,2024-11-02 17:13:39.128038-07:00,2024-11-05 04:00:00-08:00,,,,,,,,,,,,0.0,no supported template
polymarket,archive,512159,0xe6e0208a9e5014ff507d16a359db466bd98c0414be72982835001eee2fd8f5ae,Will Trump pardon Ross Ulbricht in his first 100 days?,,,6087387.385208,,2025-04-29 05:00:00-07:00,,,,,,,,,,,,0.0,no supported template
polymarket,archive,512245,0x0e07d28fc57cf979bb6b09fa7ca9e7530c86fa5ac16bf0171a53d58cfd420e6b,Will Jack Bergman be the first elected Speaker of the House for the 119th congress?,,,58633495.646624,2024-11-06 14:46:16.163597-08:00,2025-06-30 05:00:00-07:00,,,,,,,,,,,,0.0,no supported template
polymarket,archive,512246,0x9170008ce066642f6dfe51292fe526bd842bd9ffa121ec9b053de8dfc1444123,Will Austin Scott be the first elected Speaker of the House for the 119th congress?,,,67258993.77656,2024-11-06 14:47:25.949244-08:00,2025-06-30 05:00:00-07:00,,,,,,,,,,,,0.0,no supported template
polymarket,archive,512248,0x34d650cd671bfe703a0bbb2b2aab0387afb6292a6cdf4a08836245246b4f7b54,Will Elise Stefanik be the first elected Speaker of the House for the 119th congress?,,,54151183.846678,2024-11-06 14:50:38.866524-08:00,2025-06-30 05:00:00-07:00,,,,,,,,,,,,0.0,no supported template
polymarket,archive,512250,0xd6c186dd4a5167684c27462d0bb541bd22ca4861298c00ade1991c6240364762,Will Trump create Bitcoin reserve in first 100 days?,,,23324353.367396,2024-11-06 15:05:42.309468-08:00,2025-04-29 05:00:00-07:00,,,,,,,,,,,,0.0,no supported template
polymarket,archive,512320,0x64123306a517e078fa636231a9cc9339a46bcfe3fadf62c92fdb031881c5d0d8,Fed decreases interest rates by 75+ bps after January 2025 meeting?,,,48840781.093981,2024-11-07 13:09:40.268862-08:00,2025-01-29 04:00:00-08:00,,,,,,,,,,,,0.0,no supported template
polymarket,archive,512321,0x7883a3c40bb01cbd3b9ec9e3b73d75af705e300c9369f27178739cf3f4fa089a,Fed decreases interest rates by 50 bps after January 2025 meeting?,,,42815445.766141,2024-11-07 13:16:00.358677-08:00,2025-01-29 04:00:00-08:00,,,,,,,,,,,,0.0,no supported template
polymarket,archive,512323,0xf48f79d8e60ab1efa76e53bec8c005611bfdc097cc0e51dc2f612709c04f5acf,Fed decreases interest rates by 25 bps after January 2025 meeting?,,,21247359.999879,2024-11-07 13:18:00.511997-08:00,2025-01-29 04:00:00-08:00,,,,,,,,,,,,0.0,no supported template
polymarket,archive,512324,0x4e0f29885709d63bfcff29e80f4a8df1da9e97906ba9e21577b46a70858d8e06,No change in Fed interest rates after January 2025 meeting?,,,21033386.279391,2024-11-07 13:20:49.045919-08:00,2025-01-29 04:00:00-08:00,,,,,,,,,,,,0.0,no supported template
polymarket,archive,512325,0x04e07c6085d96ecc1ac7568d6cb640f09e4d300a25afc763b67f15d8f2c8597c,Fed increases interest rates by 25+ bps after January 2025 meeting?,,,56978076.059909,,2025-01-29 04:00:00-08:00,,,,,,,,,,,,0.0,no supported template
polymarket,archive,512338,0xa2f0eb0b70c25a2f4c5c0493b593a36c35d3fe964e51f306ec0ad1f76be2da85,Will Marcel Ciolacu win the 2024 Romanian Presidential election?,,,9941723.513819,,2024-12-08 04:00:00-08:00,,,,,,,,,,,,0.0,no supported template
polymarket,archive,512339,0x062b8e11f9c1d54268dc61a754e130d04d596076f2dfc288cc102e8c38d06020,Will George Simion win the 2024 Romanian Presidential election?,,,7430035.51406298,,2024-12-08 04:00:00-08:00,,,,,,,,,,,,0.0,no supported template
polymarket,archive,512340,0x9872fe47fbf6284e5399c0f41d6d2c8fb310d2f4d2d50635ab3b36f6a0a7f5b0,Will Nicolae Ciucă win the 2024 Romanian Presidential election?,,,326507670.562732,2024-11-07 15:53:29.207545-08:00,2024-12-08 04:00:00-08:00,,,,,,,,,,,,0.0,no supported template
polymarket,archive,512341,0x84c0ffe3f56cb357ff5ff8bc5d2182ae90be4dd6718e8403a6af472b452dbfa8,Will Elena Lasconi win the 2024 Romanian Presidential election?,,,9657896.45691801,2024-11-07 15:54:05.925441-08:00,2024-12-08 04:00:00-08:00,,,,,,,,,,,,0.0,no supported template
polymarket,archive,512342,0x00595863287c7c30148d0714255073d0ae0cf338f5287195b720b4ad1c5cbab7,Will another candidate win the 2024 Romanian Presidential election?,,,12316645.738355,2024-11-07 15:56:13.108055-08:00,2024-12-08 04:00:00-08:00,,,,,,,,,,,,0.0,no supported template
polymarket,archive,512600,0xb803598e76d5fb6841e1f4dec4adc2e6f43fab996eb2a552f9cccfc5938b15cb,Will Bitcoin hit $100k in November?,,,28587434.430255,2024-11-08 14:55:15.867472-08:00,2024-11-30 04:00:00-08:00,,,,,,,,,,,,0.0,no supported template
polymarket,archive,512635,0x426e4a6c280ff563c54bb0111006fb4f80d98473e70986f39274e6b8e33b2df3,Will Republicans control 224 seats in the House after the election?,,,8877331.460853,,2024-12-17 04:00:00-08:00,,,,,,,,,,,,0.0,no supported template
polymarket,archive,512638,0x032fdecdd447cd46d01f31a8946265ed30158b643226926b0960ec3e27b09f8e,Will Republicans control 227 seats in the House after the election?,,,9120266.821,2024-11-09 12:36:31.570913-08:00,2024-12-17 04:00:00-08:00,,,,,,,,,,,,0.0,no supported template
polymarket,archive,512640,0xead8e3e869421d90a3e3c3ea6c474aaf1cd3a832a2c6a62ae45d2536fbc0e2d3,Will Republicans control 229 seats in the House after the election?,,,8077852.296,2024-11-09 12:37:12.580515-08:00,2024-12-17 04:00:00-08:00,,,,,,,,,,,,0.0,no supported template
polymarket,archive,512641,0x1328e81691c0fc8e60fdbea018fe05846aa6ce07376f6894bda2917c2d038a10,Will Republicans control 230 or more seats in the House after the election?,,,6051808.633322,,2024-12-17 04:00:00-08:00,,,,,,,,,,,,0.0,no supported template
polymarket,archive,512649,0x7fd6b916e92d0ef96ca9f92098cd572024975b84bbcc742255ceec4e958fca10,"Will Bitcoin reach $95,000 in November?",,,7758070.262013,2024-11-11 09:00:40.199558-08:00,2024-11-30 04:00:00-08:00,,,,,,,,,,,,0.0,no supported template
polymarket,archive,512660,0x393f8148b0b67bcf945fdd07988c771aacb363d589d9a1be7fd58f5261ce2f8a,"Will Ethereum reach $3,750 in November?",,,6198332.729911,2024-11-11 09:06:41.360619-08:00,2024-11-30 04:00:00-08:00,,,,,,,,,,,,0.0,no supported template
polymarket,archive,512662,0x7d72074a017bb2b409b5291e417034b5c6203d420e068b3edbf5ad5ca0cd589a,"Will Bitcoin reach $105,000 in November?",,,8039368.329515,,2024-11-30 04:00:00-08:00,,,,,,,,,,,,0.0,no supported template
polymarket,archive,512832,0x3376277f95016b046ccc398942605382ebce0673ca2934c0732f61ace19ccd06,Will Conor McGregor be the next Prime Minister of Ireland?,,,9363171.56371809,2024-11-12 08:02:50.691391-08:00,2024-11-29 04:00:00-08:00,,,,,,,,,,,,0.0,no supported template
polymarket,archive,513096,0x896e2fbb7fc0edce895caa8098501a320e0e11d23de4d81ec609d5e1533ce123,Will Robert O'Brien be Trump's Defense Secretary?,,,6904059.912498,2024-11-14 15:32:57.714783-08:00,2025-06-30 05:00:00-07:00,,,,,,,,,,,,0.0,no supported template
polymarket,archive,513158,0xa6b3d50d6d1b60296fcf781134fb363ce9c6fe39f47fb03131b7d8af259fce66,Will Keith Rabois be appointed as the next Florida senator?,,,44989666.665491,2024-11-15 11:04:16.776366-08:00,2025-06-30 05:00:00-07:00,,,,,,,,,,,,0.0,no supported template
polymarket,archive,513168,0xaa6f9221b4c9dccf452f901c61539edf399755dc8fd4e411c4f51554d7a7a7e9,Will James Fishback be appointed as the next Florida senator?,,,9251912.589984,2024-11-15 11:11:03.248821-08:00,2025-06-30 05:00:00-07:00,,,,,,,,,,,,0.0,no supported template
polymarket,archive,513334,0x9ce4ce441b98560634b67589135dac0034a45edaacf13455c9add1ddbb6b7dec,Will Assad remain President of Syria through 2024?,,,7577895.740092,2024-11-18 07:19:55.295371-08:00,2024-12-31 04:00:00-08:00,,,,,,,,,,,,0.0,no supported template
polymarket,archive,513499,0x1f37446953386f655a6032c9a51c9cc552efa4c1b61c456bd40e1353423d7405,Will Bitcoin hit $100k today?,,,9846390.507191,2024-11-19 12:15:05.918951-08:00,2024-11-22 04:00:00-08:00,,,,,,,,,,,,0.0,no supported template
polymarket,archive,514027,0xf4c062740bed86e48b44177aae609c9c76e44cba5318aba240b94066939b672b,Will SPD win the most seats in the next German election?,,,15970450.902698,2024-11-25 14:32:02.400026-08:00,2025-02-23 04:00:00-08:00,,,,,,,,,,,,0.0,no supported template
polymarket,archive,514138,0x5ce0d897bd66142c43a38204a67ad85bc3e0643382258411a5aa58ca3e825082,Will Karol Nawrocki be the next President of Poland?,,,31735999.949038,2024-11-26 07:44:20.868949-08:00,2025-05-18 05:00:00-07:00,,,,,,,,,,,,0.0,no supported template
polymarket,archive,514139,0xd009ac14bccdd12925a2d9f8d910411556e4ed153337abb18a97b97fabcf7db0,Will Rafał Trzaskowski be the next President of Poland?,,,40863065.298881,2024-11-26 07:55:19.072758-08:00,2025-05-18 05:00:00-07:00,,,,,,,,,,,,0.0,no supported template
polymarket,archive,514142,0x95874e7c989d91e5268ed7e880acb9269f13803ea0b5629f4a6acd1a4b5d6fbb,Will Marek Jakubiak be the next President of Poland?,,,13480557.035509,2024-11-26 07:57:25.604394-08:00,2025-05-18 05:00:00-07:00,,,,,,,,,,,,0.0,no supported template
polymarket,archive,514143,0xcf703c240cb264953898e97eab0ee287df5b750f1df8e4cfde7a9af940797f19,Will Waldemar Witkowski be the next President of Poland?,,,8469812.975078,2024-11-26 07:57:56.133002-08:00,2025-05-18 05:00:00-07:00,,,,,,,,,,,,0.0,no supported template
polymarket,archive,514144,0x43e3f41dcc39116738cab3b8cef2002ce7eb514ced96d66aec12848437fb7afe,Will Romuald Starosielec be the next President of Poland?,,,8085883.314604,2024-11-26 07:58:31.036608-08:00,2025-05-18 05:00:00-07:00,,,,,,,,,,,,0.0,no supported template
polymarket,archive,514161,0x1921202aa3f884b9c562a244f1e58417d93c9315e6768d27768eb3b2abc2c95b,Will Union win the most seats in the next German election?,,,11315209.134728,2024-11-26 10:14:54.301075-08:00,2025-02-23 04:00:00-08:00,,,,,,,,,,,,0.0,no supported template
polymarket,archive,514162,0x3f56bae1879b7336e2e77fd2955557216cd305cff2481844e799050b364a3ef8,Will AfD win the most seats in the next German election?,,,18597089.079314,2024-11-26 10:17:51.736564-08:00,2025-02-23 04:00:00-08:00,,,,,,,,,,,,0.0,no supported template
polymarket,archive,514163,0x9203212d0b10814e22dc330443cbdf57c5cb9401e2cc1befd8d22aea679a7d87,Will Grünen win the most seats in the next German election?,,,19221605.525162,2024-11-26 10:27:11.868025-08:00,2025-02-23 04:00:00-08:00,,,,,,,,,,,,0.0,no supported template
polymarket,archive,514164,0xfac2af4b0dd00903861de0d99be87c71c9f45824e002fef274677c9f3fd4051c,Will BSW win the most seats in the next German election?,,,19989626.707533,2024-11-26 10:29:47.796123-08:00,2025-02-23 04:00:00-08:00,,,,,,,,,,,,0.0,no supported template
polymarket,archive,514165,0xba3e7e0ef13d5a888b976cf79a341620e5a59b120875ed28f87b6d0f2d6db7ff,Will another party win the most seats in the next German election?,,,28301064.519864,2024-11-26 10:30:46.758849-08:00,2025-02-23 04:00:00-08:00,,,,,,,,,,,,0.0,no supported template
polymarket,archive,514215,0x95474ea98c1e6a6bc501b952fad567a4228735fdda5f21aba306b7bd1ce3e089,"Bitcoin above $98,000 on December 6?",,,10177786.150918,,2024-12-06 04:00:00-08:00,,,,,,,,,,,,0.0,no supported template
polymarket,archive,514368,0xc3af3780145b55e1c2357cb208565f2ab2986db46184929978b79d7536bbe6ed,"Will Bitcoin reach $110,000 in December?",,,10676794.972932,2024-12-02 08:08:52.453334-08:00,2024-12-31 04:00:00-08:00,,,,,,,,,,,,0.0,no supported template
polymarket,archive,514370,0xf59ab9ea10ad31d32596c2107b29bec13770b5ee142a70784327c2ffea916f69,"Will Bitcoin reach $130,000 in December?",,,6174845.90904198,2024-12-02 08:12:31.515132-08:00,2024-12-31 04:00:00-08:00,,,,,,,,,,,,0.0,no supported template
polymarket,archive,514371,0xaba66851cb5937ef54bcf5803d78b52297fe99d8142f82792cb588a62e2b71a2,"Will Bitcoin reach $90,000 in December?",,,8400868.19698,2024-12-02 08:19:44.982756-08:00,2024-12-31 04:00:00-08:00,,,,,,,,,,,,0.0,no supported template
polymarket,archive,514497,0x1b2b69401b202d313f8909800ca7e5b1c631de6782d0b74e7cc827e1873abfb0,Khamenei out as Supreme Leader of Iran by June 30?,,,8130895.805353,2024-12-02 12:50:43.141484-08:00,2025-06-30 05:00:00-07:00,,,,,,,,,,,,0.0,no supported template
polymarket,archive,514550,0x2dee7133255484468b06465e9de2ef3efeab7b0ba6e58ce0a965f73a24e134b1,Yoon out as president of South Korea in 2024?,,,8436634.21764899,2024-12-03 07:25:17.980371-08:00,2024-12-31 04:00:00-08:00,,,,,,,,,,,,0.0,no supported template
polymarket,archive,514670,0xa638577415195ac2ca0e8ab8befd45e3991612be6d2cf64e661abc6350c7900a,Yoon out as president of South Korea before April?,,,32369092.703828,2024-12-04 09:09:19.761091-08:00,2025-03-31 05:00:00-07:00,,,,,,,,,,,,0.0,no supported template
polymarket,archive,514949,0xa8019c363268cbe8864c032b133631c5fd2e0bf437135cdbff7c97903532a154,"Bitcoin above $100,000 on December 13?",,,7211697.798539,2024-12-06 09:46:51.165687-08:00,2024-12-13 04:00:00-08:00,,,,,,,,,,,,0.0,no supported template
polymarket,archive,515502,0x39bc347a1bb74a3f410ea850a46962572e3d932bf00f0f99b7a3d2b4141fa87a,"Will Bitcoin reach $200,000 by March 31?",,,6211260.142575,2024-12-12 12:17:14.961743-08:00,2025-03-31 05:00:00-07:00,,,,,,,,,,,,0.0,no supported template
polymarket,archive,515506,0x1f44bd0ee7132279c4f0a4db305650f84a3abccdf5d6bf3f96bdcbcd7119ff64,"Will Bitcoin reach $110,000 by March 31?",,,6976571.855402,2024-12-12 12:19:58.922158-08:00,2025-03-31 05:00:00-07:00,,,,,,,,,,,,0.0,no supported template
polymarket,archive,515539,0x455d36c6d66605476a94cba6251f188c9cc228809481623ae84d35ed7b100cc5,"Bitcoin above $100,000 on December 20?",,,10202409.081955,2024-12-13 08:03:16.993221-08:00,2024-12-20 04:00:00-08:00,,,,,,,,,,,,0.0,no supported template
polymarket,archive,515761,0xcce535ee3d3b54b4f67165ccfa0a60195ff155afdc51db66c6d5f7d4af0f29a8,Will FDP win the most seats in the next German election?,,,21222938.680058,2024-12-16 10:10:05.763543-08:00,2025-02-23 04:00:00-08:00,,,,,,,,,,,,0.0,no supported template
polymarket,archive,515766,0x37e6c1227c1ee562cbd906099dadbd658ddca8cdb9730736857b4d82701c6393,Will Friedrich Merz be the next Chancellor of Germany?,,,8653917.429013,2024-12-16 10:35:00.499139-08:00,2025-02-23 04:00:00-08:00,,,,,,,,,,,,0.0,no supported template
polymarket,archive,515796,0x87c91c07f3f83b6a52d816d8e95d3be0c1040857e9d2949d67302a0288f181ef,Will  Alice Weidel be the next Chancellor of Germany?,,,7815463.900607,2024-12-16 12:17:10.995095-08:00,2025-02-23 04:00:00-08:00,,,,,,,,,,,,0.0,no supported template
polymarket,archive,515806,0x6edda3512ecf43002ea175e0af667868979a83994111a6103d845b4df5f88ba6,Will Heidi Reichinnek be the next Chancellor of Germany?,,,9431118.222613,2024-12-16 12:25:45.210951-08:00,2025-02-23 04:00:00-08:00,,,,,,,,,,,,0.0,no supported template
polymarket,archive,515864,0x557da4819e732f2d2d4a7fb469bca4bd8be40b2a9782b5e2c8ae2a4c17a0bf72,Will BSW win the second most seats in the next German election?,,,8068149.044278,,2025-02-23 04:00:00-08:00,,,,,,,,,,,,0.0,no supported template
polymarket,archive,515874,0xd9ce9f9f9b9c193c06b8fbab9284a3b5de28570ba21333df27138c60af1ce24a,Will the AfD win less than 10% of the vote in the German election?,,,12752500.374611,2024-12-17 12:17:03.228731-08:00,2025-02-23 04:00:00-08:00,,,,,,,,,,,,0.0,no supported template
polymarket,archive,515878,0xaf1a2b4ccf8b92efc3710b5d3bb263aa28c9ecf4858abb6c73047c1c0d7b9416,Will the AfD win 25-30% of the vote in the German election?,,,6805513.851318,,2025-02-23 04:00:00-08:00,,,,,,,,,,,,0.0,no supported template
polymarket,archive,516008,0x5dbbf4cbb4cbca7c5967bfe92c0bd1667ac508fecb1e548c01def1a8cb43ea53,Fed decreases interest rates by 50+ bps after March 2025 meeting?,,,22150914.603213,2024-12-18 11:56:14.466297-08:00,2025-03-19 05:00:00-07:00,,,,,,,,,,,,0.0,no supported template
polymarket,archive,516009,0xeed6da09683149b433aeb802bd8d3f78a6b6d8799fa75bd0d73c3f87c6b2b592,Fed decreases interest rates by 25 bps after March 2025 meeting?,,,17180913.164155,2024-12-18 11:58:36.940604-08:00,2025-03-19 05:00:00-07:00,,,,,,,,,,,,0.0,no supported template
polymarket,archive,516010,0xef5604329fee713a68f4faa9d3014614c7486525864a11f2ebb054179a0c362e,No change in Fed interest rates after March 2025 meeting?,,,17161804.938166,2024-12-18 12:02:35.317348-08:00,2025-03-19 05:00:00-07:00,,,,,,,,,,,,0.0,no supported template
polymarket,archive,516011,0xf7050a33a8444389ef1800e4476b43a987ff72668be0b616a4b457f5ba944a00,Fed increases interest rates by 25+ bps after March 2025 meeting?,,,21544318.532625,2024-12-18 12:03:56.900742-08:00,2025-03-19 05:00:00-07:00,,,,,,,,,,,,0.0,no supported template
polymarket,archive,516143,0x4cfe8afc969fc85f4aa92ef01e8c82b84f773ea1cdf198d694ef9da1155393eb,Will Putin meet with Trump in first 100 days?,,,6796181.626846,2024-12-20 10:24:41.141666-08:00,2025-04-29 05:00:00-07:00,leader_contact,meet,donald_trump,vladimir_putin,,period:first_100_days,,,,leader_contact|meet|donald_trump|vladimir_putin|period:first_100_days,leader_contact|meet|donald_trump|vladimir_putin,0.92,leader contact template
polymarket,archive,516349,0x97587c58a3407fcc9a8df6396aaa8b66eff8b0c799fdf81880f258755b7d529c,Will Bitcoin hit $100k again in 2024?,,,6225944.470833,2024-12-23 11:48:13.542102-08:00,2024-12-31 04:00:00-08:00,,,,,,,,,,,,0.0,no supported template
polymarket,archive,516497,0x2e52a72e036adfba7577a3f04f08b4b49e379a66837760bc567504b8ea88a759,Yoon arrested by January 31?,,,8759994.498878,2024-12-27 08:10:56.791929-08:00,2025-01-31 04:00:00-08:00,,,,,,,,,,,,0.0,no supported template
polymarket,archive,516710,0xfa48a99317daef1654d5b03e30557c4222f276657275628d9475e141c64b545d,US recession in 2025?,,,11734512.428529,2024-12-29 10:04:31.897422-08:00,2026-02-28 04:00:00-08:00,,,,,,,,,,,,0.0,no supported template
polymarket,archive,516716,0x1b6f76e5b8587ee896c35847e12d11e75290a8c3934c5952e8a9d6e4c6f03cfa,Khamenei out as Supreme Leader of Iran in 2025?,,,10993955.915443,2024-12-29 10:46:01.774765-08:00,2025-12-31 04:00:00-08:00,,,,,,,,,,,,0.0,no supported template
polymarket,archive,516719,0x8ee2f1640386310eb5e7ffa596ba9335f2d324e303d21b0dfea6998874445791,Russia x Ukraine ceasefire in 2025?,,,73752993.267722,2024-12-29 10:47:35.140745-08:00,2025-12-31 04:00:00-08:00,,,,,,,,,,,,0.0,no supported template
polymarket,archive,516730,0xf4d03ce9ce65ea06654f23e26dead828005511d65bb650cd5a9dc77891406d12,Will 7 Fed rate cuts happen in 2025?,,,6045992.73764,2024-12-29 12:35:34.291374-08:00,2025-12-10 04:00:00-08:00,,,,,,,,,,,,0.0,no supported template
polymarket,archive,516767,0x244c75b2c6095b2e67699c10d0c6548d757d58a1ffea32ad6882c9a389803bd4,Will Pierre Poilievre be the next Canadian Prime Minister?,,,67376035.838465,2024-12-29 22:30:06.032869-08:00,2025-04-28 05:00:00-07:00,,,,,,,,,,,,0.0,no supported template
polymarket,archive,516769,0x87822b3d4ccba1835d698354b01c050b55f20c5f34b14908bff4ea5a6d58af4c,Will Mark Carney be the next Canadian Prime Minister?,,,36416000.185007,,2025-04-28 05:00:00-07:00,,,,,,,,,,,,0.0,no supported template
polymarket,archive,516770,0x79468f3bf680347cf7970d985f2e0029789ae5c416edfc201d222074c12633c6,Will Jagmeet Singh be the next Canadian Prime Minister?,,,8476681.915239,2024-12-29 22:35:38.828293-08:00,2025-04-28 05:00:00-07:00,,,,,,,,,,,,0.0,no supported template
polymarket,archive,516785,0x26ed2c7b22d8bbf6789e76bdcd88c22b605df53e88c7b57fb3dc48b7ab259a8f,Will Andrew Cuomo win the Democratic Primary for Mayor of New York City?,,,17826731.742495,2024-12-30 01:19:31.607916-08:00,2025-06-24 05:00:00-07:00,,,,,,,,,,,,0.0,no supported template
polymarket,archive,516792,0x6220c4164a293367cd40eba018dd6e67c78e4d48e74158845cc9361230bcb34d,Will  Zohran Mamdani win the Democratic Primary for Mayor of New York City?,,,17848349.233334,2024-12-30 01:31:17.263449-08:00,2025-06-24 05:00:00-07:00,,,,,,,,,,,,0.0,no supported template
polymarket,archive,516818,0x0b16eb7741855ca3d4383fabb8b760c897c2165d603916497f484b87ba9826dc,Will NVIDIA be the largest company in the world by market cap on December 31?,,,9158406.645494,2024-12-30 08:40:34.475787-08:00,2025-12-31 04:00:00-08:00,,,,,,,,,,,,0.0,no supported template
polymarket,archive,516824,0x3ec75c0ecab502fb3b43b03cb6760ff02036c8d227a98c3beceb955c22aaa6fd,Will Tesla be the largest company in the world by market cap on December 31?,,,12050070.052878,,2025-12-31 04:00:00-08:00,,,,,,,,,,,,0.0,no supported template
polymarket,archive,516846,0xb1a6136ad23d19526c4929d2e79c79e999628de931ca2475d138fb31637fd2c4,Will Saudi Aramco be the largest company in the world by market cap on December 31?,,,25240782.288934,2024-12-30 09:31:17.463555-08:00,2025-12-31 04:00:00-08:00,,,,,,,,,,,,0.0,no supported template
polymarket,archive,516861,0xd8b9ff369452daebce1ac8cb6a29d6817903e85168356c72812317f38e317613,"Will Bitcoin reach $1,000,000 by December 31, 2025?",,,31394607.518008,2024-12-30 12:41:14.977618-08:00,2025-12-31 04:00:00-08:00,,,,,,,,,,,,0.0,no supported template
polymarket,archive,516862,0xac2be3a5471b343d43b9f0d3f141611b91feb8c66aed8e286cd3d2540714aaba,"Will Bitcoin reach $250,000 by December 31, 2025?",,,15857522.578687,2024-12-30 12:43:17.940226-08:00,2025-12-31 04:00:00-08:00,,,,,,,,,,,,0.0,no supported template
polymarket,archive,516863,0x4e2887e913cd6e091c9b07b5e4013b24f372453efa6f11a0b0c5f65371729cf4,"Will Bitcoin reach $200,000 by December 31, 2025?",,,19275707.736605,2024-12-30 12:43:40.292689-08:00,2025-12-31 04:00:00-08:00,,,,,,,,,,,,0.0,no supported template
polymarket,archive,516864,0x9aa6086535a4b3145e9f7378dd58a7a8c30c4b15bd4fe17eb6990817f5cd3cd9,"Will Bitcoin reach $150,000 by December 31, 2025?",,,16414060.383217,2024-12-30 12:44:03.025659-08:00,2025-12-31 04:00:00-08:00,,,,,,,,,,,,0.0,no supported template
polymarket,archive,516865,0xe84b1fdc087f4153ebf15cfc07f065dd5a66f3caf370b4547ea8e02100be95be,"Will Bitcoin reach $130,000 by December 31, 2025?",,,13211425.234841,2024-12-30 12:47:15.792078-08:00,2025-12-31 04:00:00-08:00,,,,,,,,,,,,0.0,no supported template
polymarket,archive,516871,0x0aeb566c973d193ef7f77d2532ba6bffe4f76d5f6b7c5422ceaa966536b7ef90,"Will Bitcoin dip to $70,000 by December 31, 2025?",,,8605610.758506,2024-12-30 12:51:32.263226-08:00,2025-12-31 04:00:00-08:00,,,,,,,,,,,,0.0,no supported template
polymarket,archive,516874,0x3d0a731ba69f087ccde2a2287ffc5fda1f8228a133711a068c96dbe428f5d30f,"Will Ethereum hit $10,000 by December 31?",,,9488801.522718,,2025-12-31 04:00:00-08:00,,,,,,,,,,,,0.0,no supported template
polymarket,archive,516876,0xb7f9d3f61910ecf7a5e6e46f487a039e91a92b68585f05ec9b22cb34d3804bbd,"Will Ethereum hit $7,000 by December 31?",,,7570762.533718,2024-12-30 13:09:17.221567-08:00,2025-12-31 04:00:00-08:00,,,,,,,,,,,,0.0,no supported template
polymarket,archive,516877,0x9c08beafa73308625ad24e270e44d9edd634585f2424eea8df262a05a2337613,"Will Ethereum hit $6,000 by December 31?",,,9995564.195892,2024-12-30 13:10:46.384465-08:00,2025-12-31 04:00:00-08:00,,,,,,,,,,,,0.0,no supported template
polymarket,archive,516878,0xeeb92ddd77d671d1f9ea1f5727208d1fa91896a6d1f657fdcd7c9d578fe5c46c,"Will Ethereum hit $5,000 by December 31?",,,18467737.400303,2024-12-30 13:11:24.320452-08:00,2025-12-31 04:00:00-08:00,,,,,,,,,,,,0.0,no supported template
polymarket,archive,516925,0x2df7bb9bb2d044408af2a3ef947fd1eb7f5a167d7322cdbb410588af4974ab4e,Will the US confirm that aliens exist in 2025?,,,8394057.087119,2024-12-31 07:54:17.745217-08:00,2025-12-31 04:00:00-08:00,,,,,,,,,,,,0.0,no supported template
polymarket,archive,516926,0x19ee98e348c0ccb341d1b9566fa14521566e9b2ea7aed34dc407a0ec56be36a2,MicroStrategy sells any Bitcoin in 2025?,,,17976157.529867,2024-12-31 08:02:33.362936-08:00,2025-12-31 04:00:00-08:00,,,,,,,,,,,,0.0,no supported template
polymarket,archive,516944,0xab6faa3e66abacc484bbb4bd31ae5e2a56d6f6252b5023631f1bd9e5299fa2f8,Will Donald Trump win Nobel Peace Prize in 2025?,,,29847196.049885,2024-12-31 10:04:22.961222-08:00,2025-12-31 04:00:00-08:00,,,,,,,,,,,,0.0,no supported template
polymarket,archive,516947,0xafc235557ace53ff0b0d2e93392314a7c3f3daab26a79050e985c11282f66df7,Maduro out in 2025?,,,34641400.627049,2024-12-31 10:11:41.090452-08:00,2025-12-31 04:00:00-08:00,,,,,,,,,,,,0.0,no supported template
polymarket,archive,516969,0xf2b177d6267194487880857175f9876fb2d352188f681dfe8bb732a665512305,Will Microsoft have the top AI model on December 31?,,,8697440.388086,2024-12-31 12:01:02.861184-08:00,2025-12-31 04:00:00-08:00,,,,,,,,,,,,0.0,no supported template
polymarket,archive,517011,0x21400affa8e3fdfff07bb8421d708635bc7be52f5396268dd281ef92a31bb86f,Will Avatar 3 be the top grossing movie of 2025?,,,11060840.318713,2025-01-01 04:33:23.025504-08:00,2025-12-31 04:00:00-08:00,,,,,,,,,,,,0.0,no supported template
polymarket,archive,517013,0x039b48827f3c6b83f50153715af8a66f2b74b04fcfc5def13acb3f151eeb3d81,Will Superman be the top grossing movie of 2025?,,,10206722.937634,2025-01-01 04:40:26.820038-08:00,2025-12-31 04:00:00-08:00,,,,,,,,,,,,0.0,no supported template
polymarket,archive,517014,0x1cfde498b977cf83dd6a0276fb287de98dbeb79554c61368d074736730883ad8,Will The Fantastic Four: First Steps be the top grossing movie of 2025?,,,13703460.344383,2025-01-01 04:42:11.509033-08:00,2025-12-31 04:00:00-08:00,,,,,,,,,,,,0.0,no supported template
polymarket,archive,517015,0x6e9fda006161184b29a2df3754b5b9c3757f8a2adc1f44291fe9907f8fc6ae97,Will Jurassic World: Rebirth be the top grossing movie of 2025?,,,11628811.048951,2025-01-01 04:42:50.005176-08:00,2025-12-31 04:00:00-08:00,,,,,,,,,,,,0.0,no supported template
polymarket,archive,517016,0x2993e8c18922f93787756e02dc262c193b79f05c7b952a0c9656e948f9977c88,Will Captain America: Brave New World be the top grossing movie of 2025?,,,14777643.890922,2025-01-01 04:47:25.668337-08:00,2025-12-31 04:00:00-08:00,,,,,,,,,,,,0.0,no supported template
polymarket,archive,517017,0x6fa38b11b1909151a7c1c3bdfb77b24716adbd7ecbe9904ed14a572886120e76,Will Zootopia 2 be the top grossing movie of 2025?,,,8506626.949584,2025-01-01 04:48:16.420017-08:00,2025-12-31 04:00:00-08:00,,,,,,,,,,,,0.0,no supported template
polymarket,archive,517018,0x46fb01da8662e5eb2496b600bbe874d230f05f3e99b382f2791015ef55b464af,Will Thunderbolts be the top grossing movie of 2025?,,,15699200.216287,2025-01-01 04:49:25.106155-08:00,2025-12-31 04:00:00-08:00,,,,,,,,,,,,0.0,no supported template
polymarket,archive,517019,0x22fa7126aad142e3e7cd7dc6ae6669b86e28ff8ae6f07a57e1a05403c8074b5f,Will How to Train Your Dragon be the top grossing movie of 2025?,,,13968519.399758,2025-01-01 04:51:30.849417-08:00,2025-12-31 04:00:00-08:00,,,,,,,,,,,,0.0,no supported template
polymarket,archive,517020,0xe87b10afe191706bb36b22526b65983e2a88a12ccce36827e857e16791973493,Will A Minecraft Movie be the top grossing movie of 2025?,,,11754769.393814,2025-01-01 04:52:54.221418-08:00,2025-12-31 04:00:00-08:00,,,,,,,,,,,,0.0,no supported template
polymarket,archive,517021,0x6541a8761b97d252205e5934fb7f3312cd460cb1d07c722e0bbe3f8181ddbcb7,Will Lilo & Stitch be the top grossing movie of 2025?,,,8381808.523194,2025-01-01 04:54:32.983993-08:00,2025-12-31 04:00:00-08:00,,,,,,,,,,,,0.0,no supported template
polymarket,archive,517082,0x0f3131c874579825ecdbbda8c7aeed071aa908d7c993792c393285900e68906f,"Will Bitcoin reach $110,000 by January 31, 2025?",,,8061597.738611,2025-01-02 08:48:36.773569-08:00,2025-01-31 04:00:00-08:00,,,,,,,,,,,,0.0,no supported template
polymarket,archive,517185,0x689eb479c285abbe526ea31e32f3b300c8f77d7f144e78f3f2d35e200e52c2b6,Yoon out as president of South Korea in 2025?,,,6477096.275677,2025-01-02 19:06:18.660491-08:00,2025-12-31 04:00:00-08:00,,,,,,,,,,,,0.0,no supported template
polymarket,archive,517192,0xe84982410314f815056eb56397b0d0cceeb8b16777d0667ab6f0e373a5c2cc19,"Bitcoin above $97,000 on January 10?",,,8846664.201678,,2025-01-10 04:00:00-08:00,,,,,,,,,,,,0.0,no supported template
polymarket,archive,517558,0xd51b3d7c933d2c1310825bccc2e0e764ae050f8b210e9293dfad76d2c45dd822,Will Jaime Battiste be the next leader of the Canadian Liberal Party?,,,15348884.243,2025-01-06 05:53:19.792973-08:00,2025-12-31 04:00:00-08:00,,,,,,,,,,,,0.0,no supported template
polymarket,archive,517600,0x09c314ec8306ecadfd263d7fdef1425a44791547474a92be675c70ae451277ad,Conservatives win majority in Canadian election?,,,7322211.32496,2025-01-06 09:21:31.648992-08:00,2025-04-28 05:00:00-07:00,,,,,,,,,,,,0.0,no supported template
polymarket,archive,518009,0xed85b5d16739e076cd5cc3a705467df14abc2f23d1b16ae26cd660e8e0b38c54,U.S. Government funding lapse on March 15?,,,9824901.649265,2025-01-09 11:11:41.702636-08:00,2025-03-15 05:00:00-07:00,,,,,,,,,,,,0.0,no supported template
polymarket,archive,518514,0x3015ee036921f18ee3e446556335c6c2301e8666279e33ff15d21d851ff1e316,Will 'Michael' have the best domestic opening weekend in 2025?,,,6625690.684365,2025-01-14 10:37:32.537587-08:00,2025-12-31 04:00:00-08:00,,,,,,,,,,,,0.0,no supported template
polymarket,archive,518549,0xf9d3879ad2fdd6dee5a176ec3169e411aed674a27fc805506b59bf70ac64bba7,Will the Edmonton Oilers win the 2025 President’s Trophy?,,,7128891.93502,2025-01-14 12:23:13.408589-08:00,2025-04-17 05:00:00-07:00,,,,,,,,,,,,0.0,no supported template
polymarket,archive,518601,0x43ce56a77ac3618591961284e329a239ff5fca163428e0a685a54f81c3d7a2fa,Will the Calgary Flames win the 2025 President’s Trophy?,,,7824700.712076,2025-01-14 15:41:09.088415-08:00,2025-04-17 05:00:00-07:00,,,,,,,,,,,,0.0,no supported template
polymarket,archive,518609,0xd43ab72fc9f4fd6e7ddc7773cc74d6f67d65f2b5960fcebf520b5965e46695be,Will the San Jose Sharks win the 2025 President’s Trophy?,,,17217303.425142,2025-01-14 15:49:16.088886-08:00,2025-04-17 05:00:00-07:00,,,,,,,,,,,,0.0,no supported template
polymarket,archive,519027,0xf0264f7c572758ec4f4090625ede5244d42a2fbd4244b3ea860f5c69a802d7db,"Bitcoin above $103,000 on January 24?",,,6959870.453636,2025-01-17 09:22:00.887123-08:00,2025-01-24 04:00:00-08:00,,,,,,,,,,,,0.0,no supported template
polymarket,archive,519040,0x8d52fed4ae101977e7807fe97c503bb0124c8a9947e02dd8507b3191bf220d87,"Ethereum above $3,400 on January 24?",,,6209816.038245,2025-01-17 09:23:02.408832-08:00,2025-01-24 04:00:00-08:00,,,,,,,,,,,,0.0,no supported template
polymarket,archive,519066,0x5fc28bfcb6f16080415695b53f1f60820f403a94ce16696eea2f0085d823bc92,Will George Simion win the Romanian presidential election?,,,31796892.976285,2025-01-17 13:29:03.361633-08:00,2025-12-31 04:00:00-08:00,,,,,,,,,,,,0.0,no supported template
polymarket,archive,519067,0x995206207b19045aa5cfb42f5338ffd2642a851fe682363bc0c5848e6b1b6072,Will Victor Ponta win the Romanian presidential election?,,,9883931.329149,2025-01-17 13:29:03.670706-08:00,2025-12-31 04:00:00-08:00,,,,,,,,,,,,0.0,no supported template
polymarket,archive,519068,0xaf51603d78545c838490bafe178ee9ff4c23d0c2161f15e0e530d3735229ad3f,Will Nicușor Dan win the Romanian presidential election?,,,50991003.196931,2025-01-17 13:29:03.998361-08:00,2025-12-31 04:00:00-08:00,,,,,,,,,,,,0.0,no supported template
polymarket,archive,519070,0xf759fba6c4fd415128bc840a1bf99708244720d7e613ef4ca02f0e15157b2f14,Will Crin Antonescu win the Romanian presidential election?,,,7373293.389946,2025-01-17 13:29:04.738255-08:00,2025-12-31 04:00:00-08:00,,,,,,,,,,,,0.0,no supported template
polymarket,archive,519072,0x220e7bb73147e5df24c4ce15cec6e21d19eb9f46d61f1d4b823e6e0d0c6ff65b,Will Ana Birchall win the Romanian presidential election?,,,15606066.322637,2025-01-17 13:29:05.355261-08:00,2025-12-31 04:00:00-08:00,,,,,,,,,,,,0.0,no supported template
polymarket,archive,519075,0x784d67eb3b205e7f6543b09d8737d5dc1c2a14d43a102bbb59f7f4f94fc56135,Will Hunor Kelemen win the Romanian presidential election?,,,80897096.543524,2025-01-17 13:29:06.381245-08:00,2025-12-31 04:00:00-08:00,,,,,,,,,,,,0.0,no supported template
polymarket,archive,519089,0xde69f3a4ea109f797c51b5c166e78ffaa79efbaea7d7f64c74638cbb529f7fdd,Will any other candidate win the Romanian presidential election?,,,15687662.574508,2025-01-17 13:29:11.048114-08:00,2025-12-31 04:00:00-08:00,,,,,,,,,,,,0.0,no supported template
polymarket,archive,519110,0x0221121b0f6acc9552c43795bac9b0fcc4e7ea0ea9b717b33372b7795f1ac25d,Was Trump hacked?,,,22213305.879178,2025-01-17 18:52:38.911765-08:00,2025-01-19 04:00:00-08:00,,,,,,,,,,,,0.0,no supported template
polymarket,archive,519284,0x9645a29e64ce8d9612cf700b1dd7a3ca1ad10d6f60c99fe4edc3670844cd02e2,Elon Musk out as Head of DOGE in 2025?,,,7292393.067868,,2025-12-31 04:00:00-08:00,,,,,,,,,,,,0.0,no supported template
polymarket,archive,519628,0x5412ae25e97078f814157de948459d59c6221b4c4c495fdd57b536543ad36729,Russia x Ukraine ceasefire before July?,,,17125742.5248,2025-01-22 10:49:18.013328-08:00,2025-06-30 05:00:00-07:00,,,,,,,,,,,,0.0,no supported template
polymarket,archive,519776,0x10bb455936cf8f22777bdb8d3a1b97760cae2215d60c15001c5d252c0f26478e,Fed decreases interest rates by 50+ bps after May 2025 meeting?,,,22089574.500042,2025-01-23 11:07:41.022079-08:00,2025-05-07 05:00:00-07:00,,,,,,,,,,,,0.0,no supported template
polymarket,archive,519777,0xc5821602b440e61665dce5dcdc0fd20153864ba185d26a13e9be80fe98bb9e97,Fed decreases interest rates by 25 bps after May 2025 meeting?,,,21653201.774564,2025-01-23 11:07:41.305869-08:00,2025-05-07 05:00:00-07:00,,,,,,,,,,,,0.0,no supported template
polymarket,archive,519778,0xffffb2874475ae9c1e3a0e3c3c4b4e329eb3105427aa484f357bf41c5fd77c4f,No change in Fed interest rates after May 2025 meeting?,,,20629387.641397,2025-01-23 11:07:41.675536-08:00,2025-05-07 05:00:00-07:00,,,,,,,,,,,,0.0,no supported template
polymarket,archive,519784,0xbf1e237a1e8cbf9c0b454dc984f5dc789f57f85b077a6a7383489b00b75dc4af,Fed increases interest rates by 25+ bps after May 2025 meeting?,,,24000661.535559,,2025-05-07 05:00:00-07:00,,,,,,,,,,,,0.0,no supported template
polymarket,archive,519870,0x2b81c94088d069ab6358ec80e826229e8d1b89b1586ae97cf26cc19ad0824b4c,"Bitcoin above $105,000 on January 31?",,,8422456.623766,2025-01-24 08:09:01.686701-08:00,2025-01-31 04:00:00-08:00,,,,,,,,,,,,0.0,no supported template
polymarket,archive,519906,0x6924e1f680ceef1cf6cc14a4704a3b455b0816f04e1e09523fac4c2769aaa56a,Was JFK assassination an inside job?,,,10929301.182604,2025-01-24 10:02:10.570904-08:00,2025-03-31 05:00:00-07:00,,,,,,,,,,,,0.0,no supported template
polymarket,archive,520358,0x0d2b2dbef0efeeb942f4de41dabe268552a07426b8fc19a8b85d602f6af5653d,Super Bowl LIX Winner,,,17538567.611072,2025-01-27 09:35:24.085879-08:00,2025-02-16 04:00:00-08:00,,,,,,,,,,,,0.0,non-binary or non-yes-no polymarket outcome
polymarket,archive,520420,0xcb091b62f4d383e6a351630c099d565927c19b3d213ffc323d2e404ec9672530,Will CDU/CSU and Greens form the next German Government?,,,8182738.957633,2025-01-27 10:20:21.987185-08:00,2025-02-23 04:00:00-08:00,,,,,,,,,,,,0.0,no supported template
polymarket,archive,520423,0x40ea3197c420060b496893c32d8329cbe983cfd0e5b8e101ce4668314739bb66,"Will SPD, FDP, and Greens form the next German Government?",,,7222531.294491,2025-01-27 10:20:23.140862-08:00,2025-02-23 04:00:00-08:00,,,,,,,,,,,,0.0,no supported template
polymarket,archive,520630,0xcb1531b00e984865530f13e4ce35bcbc7d71615af98827b5e9aee2ca2984b626,Will China invade Taiwan in 2025?,,,12364377.621775,2025-01-28 08:46:22.373024-08:00,2025-12-31 04:00:00-08:00,,,,,,,,,,,,0.0,no supported template
polymarket,archive,520930,0x01d5f475cb30704216ae9906d369c0b2991cafec882ab4888a66ff11eb03e569,Jerome Powell out as Fed Chair in 2025?,,,11760101.336012,2025-01-29 15:08:05.442231-08:00,2025-12-31 04:00:00-08:00,,,,,,,,,,,,0.0,no supported template
polymarket,archive,521588,0x4833d7259bc503e8d211c477f7d21a00629e926382f920195d697fca38d4ad9b,Will Latvia win Eurovision 2025?,,,7323970.262349,2025-02-03 11:56:05.443881-08:00,2025-05-17 05:00:00-07:00,,,,,,,,,,,,0.0,no supported template
polymarket,archive,521607,0x1663edea3eba0d1ae8f064276dd426cb0497a19bb5188dae48a2f8fa8ea34da8,Ukraine agrees to Trump mineral deal before April?,,,7079947.244644,2025-02-03 12:08:04.503107-08:00,2025-03-31 05:00:00-07:00,,,,,,,,,,,,0.0,no supported template
polymarket,archive,521834,0x834a4109dbd18f97695e4858b3a18d21fff19bc2dc7c055f18b96843ac1de17b,Fed decreases interest rates by 50+ bps after June 2025 meeting?,,,29564378.908894,2025-02-04 13:57:44.947276-08:00,2025-06-18 05:00:00-07:00,,,,,,,,,,,,0.0,no supported template
polymarket,archive,521835,0x872c8e9a4e4808a2ab714c267bd8a93f63cb739c853d7e4de2b42009e73f9b3f,Fed decreases interest rates by 25 bps after June 2025 meeting?,,,22347675.300958,2025-02-04 13:57:45.227112-08:00,2025-06-18 05:00:00-07:00,,,,,,,,,,,,0.0,no supported template
polymarket,archive,521836,0xffdd774123c13df21ce755bfd4f65bde47a74f1377ea73c8b130d84c59831173,No change in Fed interest rates after June 2025 meeting?,,,28071372.791282,2025-02-04 13:57:45.490441-08:00,2025-06-18 05:00:00-07:00,,,,,,,,,,,,0.0,no supported template
polymarket,archive,521837,0x3a92a26ce837b361bd044acc2c0b81346ad66e9a891fc5ad27b9a35e6701c6e7,Fed increases interest rates by 25+ bps after June 2025 meeting?,,,26912558.981079,2025-02-04 13:57:45.734461-08:00,2025-06-18 05:00:00-07:00,,,,,,,,,,,,0.0,no supported template
polymarket,archive,521918,0x937d7afc09f1d2a16a4daa1928798725ba97c809bccac841d0907117dbccceca,Will UCR hold the most seats in the Chamber of Deputies following the 2025 Argentina election?,,,10876038.028228,2025-02-05 12:51:42.718449-08:00,2025-10-26 05:00:00-07:00,,,,,,,,,,,,0.0,no supported template
polymarket,archive,522036,0x8ccff45ee33d6e8be19e552f9ecbcd066733fc6a1eea3a1fcb629e3ded130717,"Bitcoin above $97,000 on February 14?",,,10056695.402617,2025-02-06 10:30:50.416909-08:00,2025-02-14 04:00:00-08:00,,,,,,,,,,,,0.0,no supported template
polymarket,archive,522080,0x93ec7298069d02293cf8cf4261e0c6bcee2f83b4a4ff11ffb9abaa8c4261c681,Will Kanye launch a coin in February?,,,27507326.472995,2025-02-07 06:01:01.741824-08:00,2025-02-28 04:00:00-08:00,,,,,,,,,,,,0.0,no supported template
polymarket,archive,523483,0xcca9cf39b58e258061af40fe6f433656a25d5251f1e21724b45111396586bf49,"Bitcoin above $97,000 on February 21?",,,6418927.421659,2025-02-14 08:52:55.826055-08:00,2025-02-21 04:00:00-08:00,,,,,,,,,,,,0.0,no supported template
polymarket,archive,523558,0x301b154251f874fe66587efb5131bde608022e3816decc893051f6986da34f4f,Was Milei hacked?,,,8660155.482632,2025-02-14 14:23:18.561827-08:00,2025-02-16 04:00:00-08:00,,,,,,,,,,,,0.0,no supported template
polymarket,archive,525358,0xe3afb091ba0c2bd1d0660ac9256f37e0c7560b02eee15641c6cce6ceb62f3769,Will Max Verstappen be the 2025 Drivers Champion?,,,11422382.278709,2025-02-26 10:26:26.582172-08:00,2025-12-07 04:00:00-08:00,,,,,,,,,,,,0.0,no supported template
polymarket,archive,525359,0x95eacefecbaa3b2f14229e0db54c426775ef3a33086d0749fa8480982a639d1f,Will Liam Lawson be the 2025 Drivers Champion?,,,7447070.749679,,2025-12-07 04:00:00-08:00,,,,,,,,,,,,0.0,no supported template
polymarket,archive,525360,0x8e7409627b88e0e5745859ccfef3a7d75f57c95b639650c7b5340865ad5ca70c,Will Charles Leclerc be the 2025 Drivers Champion?,,,14052024.984162,2025-02-26 10:26:27.359907-08:00,2025-12-07 04:00:00-08:00,,,,,,,,,,,,0.0,no supported template
polymarket,archive,525361,0x9c60e608e40b658cf15c18b0aaaddda7c6614e66187ec4ecc34be6c8526ef16f,Will Lewis Hamilton be the 2025 Drivers Champion?,,,20546601.59142,2025-02-26 10:26:27.761644-08:00,2025-12-07 04:00:00-08:00,,,,,,,,,,,,0.0,no supported template
polymarket,archive,525362,0x7e8953cc66f9dabfe80fb0d1a9284bffb7a293f700b21027261fade58a082d73,Will George Russell be the 2025 Drivers Champion?,,,29698106.695952,2025-02-26 10:26:28.214761-08:00,2025-12-07 04:00:00-08:00,,,,,,,,,,,,0.0,no supported template
polymarket,archive,525363,0x56e8cd19951bf3f7fb74866ba579db274ebbb11ccadcaed40cf45c028e403b9c,Will Andrea Kimi Antonelli be the 2025 Drivers Champion?,,,8484175.16981,2025-02-26 10:26:28.601262-08:00,2025-12-07 04:00:00-08:00,,,,,,,,,,,,0.0,no supported template
polymarket,archive,525364,0xd8fb9e7567f1d4d9cbcf9c31ea3461181fab7299d7483d019a911c6c056ad0e1,Will Lando Norris be the 2025 Drivers Champion?,,,7095379.332337,,2025-12-07 04:00:00-08:00,,,,,,,,,,,,0.0,no supported template
polymarket,archive,525365,0xa56ac5f70b0a4ac821cfe4ac8ddce319633aef33063546b55b0ad7da3325f207,Will Oscar Piastri be the 2025 Drivers Champion?,,,7895976.526057,2025-02-26 10:26:29.445199-08:00,2025-12-07 04:00:00-08:00,,,,,,,,,,,,0.0,no supported template
polymarket,archive,525367,0x703cac2f85877a6640fb0e949776b59983442c46af8d263aa107e88e04d620a1,Will Lance Stroll be the 2025 Drivers Champion?,,,7792973.95416,2025-02-26 10:26:30.234516-08:00,2025-12-07 04:00:00-08:00,,,,,,,,,,,,0.0,no supported template
polymarket,archive,525370,0x9939fd74f2d2078cafd04de7a9a8060b27ff331f8db4a737121519b81440de1e,Will Esteban Ocon be the 2025 Drivers Champion?,,,6589357.845451,2025-02-26 10:26:31.593558-08:00,2025-12-07 04:00:00-08:00,,,,,,,,,,,,0.0,no supported template
polymarket,archive,525375,0x92007bff181c69633e52a717a9086801a327e8f74c03c5dbbe8321b267586540,Will Carlos Sainz Jr. be the 2025 Drivers Champion?,,,8198274.247992,2025-02-26 10:26:33.616306-08:00,2025-12-07 04:00:00-08:00,,,,,,,,,,,,0.0,no supported template
polymarket,archive,525386,0x4c9ccd1404d105968de9b1ff3226fbafdc0b6e402a26bbcad3a84a1b62296783,Will the Toronto Blue Jays win the 2025 World Series?,,,8901922.461705,2025-02-26 10:37:19.279237-08:00,2025-10-31 05:00:00-07:00,sports,win,toronto_blue_jays,,mlb_championship,,2025,,,sports|win|toronto_blue_jays|mlb_championship|2025,sports|win|toronto_blue_jays|mlb_championship|2025,0.86,sports outcome template
polymarket,archive,525410,0x1073cc3483263763397b853cb095ac8451f7e26b5a94231b5973c14bf6e7a95a,Will the Los Angeles Dodgers win the 2025 World Series?,,,10561644.990771,2025-02-26 10:37:27.649954-08:00,2025-10-31 05:00:00-07:00,sports,win,los_angeles_dodgers,,mlb_championship,,2025,,,sports|win|los_angeles_dodgers|mlb_championship|2025,sports|win|los_angeles_dodgers|mlb_championship|2025,0.86,sports outcome template
polymarket,archive,525726,0x6a1048bfe5eb87c5529277963b33d42a40ee2c8478c8bc6307352e27bec8e221,Trump releases Epstein list today?,,,8632486.304193,2025-02-26 21:32:01.185326-08:00,2025-02-27 04:00:00-08:00,,,,,,,,,,,,0.0,no supported template
polymarket,archive,526067,0xc4ccf5b4e94d9be31598aef97fd85dc0f0d9d18f6415256bf3504029c3e7c054,"Bitcoin above $84,000 on March 7?",,,6513649.365194,2025-02-28 08:16:10.306108-08:00,2025-03-07 04:00:00-08:00,,,,,,,,,,,,0.0,no supported template
polymarket,archive,526842,0x22ef905d2c1f47b416c783a43cf06eea3cd73732ca0ed4d021aab8423924bdb3,Will Fed end QT before May?,,,6253067.825541,,2025-04-30 05:00:00-07:00,,,,,,,,,,,,0.0,no supported template
polymarket,archive,527795,0x2135c61c38d5a7bd7fe24eb35b920bf92213573d33373a80e4ae9a7b3b2f435d,Will Anthony Albanese be the first leader out in 2025?,,,17791731.033893,,2025-12-31 04:00:00-08:00,,,,,,,,,,,,0.0,no supported template
polymarket,archive,527805,0x580174081f344662e6f9873d1a2ae03e665bb663aa18c53b249dcdabf9080a9f,Will Luiz Inácio Lula da Silva be the first leader out in 2025?,,,10288595.526434,2025-03-11 13:33:19.123206-07:00,2025-12-31 04:00:00-08:00,,,,,,,,,,,,0.0,no supported template
polymarket,archive,527813,0x4b4925cfe0431f35c000320bb1abb44dea1d18982a914f9bd174f29464147a7e,Will Kim Jong Un be the first leader out in 2025?,,,10492184.744058,,2025-12-31 04:00:00-08:00,,,,,,,,,,,,0.0,no supported template
polymarket,archive,528972,0x0d09f8cb4ac601074c02828328a893fdab030ece3ca682faaef89d82c43daec2,Fed decreases interest rates by 50+ bps after July 2025 meeting?,,,40912544.015545,2025-03-19 12:32:15.916884-07:00,2025-07-30 05:00:00-07:00,,,,,,,,,,,,0.0,no supported template
polymarket,archive,528973,0x812d8819cda5c57e824719de0381d8e207a45b5b71da31a6425f6c2f181a3fc4,Fed decreases interest rates by 25 bps after July 2025 meeting?,,,23551704.395621,2025-03-19 12:32:16.262451-07:00,2025-07-30 05:00:00-07:00,,,,,,,,,,,,0.0,no supported template
polymarket,archive,528974,0x4a68d828f7263f34391484404380c34efa9566f12a08a88553ddbe8e285c3ae9,No change in Fed interest rates after July 2025 meeting?,,,28670116.640169,2025-03-19 12:32:16.594619-07:00,2025-07-30 05:00:00-07:00,,,,,,,,,,,,0.0,no supported template
polymarket,archive,528975,0x362c61cfb577a719526b03e7596a3ef3d6d9aadf5292e2e2391c2cdf62892730,Fed increases interest rates by 25+ bps after July 2025 meeting?,,,43479262.352112,2025-03-19 12:32:16.924739-07:00,2025-07-30 05:00:00-07:00,,,,,,,,,,,,0.0,no supported template
polymarket,archive,528977,0x052d57cb01437fefba9bef4c0fd06c4cd97acd628d193697bbd11f6c8bd62d68,Israel x Hamas ceasefire before July?,,,6106878.070705,2025-03-19 12:39:36.610985-07:00,2025-06-30 05:00:00-07:00,,,,,,,,,,,,0.0,no supported template
polymarket,archive,529277,0xfc53b987bb73eea0705fd7b13dd4c61371953f992e1c10e3566479049fe8723b,Will Peter Casey win the Irish Presidential Election?,,,9175537.640013,2025-03-20 12:34:20.622683-07:00,2025-11-11 04:00:00-08:00,,,,,,,,,,,,0.0,no supported template
polymarket,archive,529278,0x4037ced85ebd734a30727e948abfe77b19fc2ce7ee0560a933d0c080fe076516,Will Frances Fitzgerald win the Irish Presidential Election?,,,115067178.333268,2025-03-20 12:34:21.094698-07:00,2025-11-11 04:00:00-08:00,,,,,,,,,,,,0.0,no supported template
polymarket,archive,529303,0xcd431b0a6ae946eda6891f3ef73156b4a917c97d85d3ec35aff79c62f00397b6,Will Emily O'Reilly win the Irish Presidential Election?,,,8574343.518392,2025-03-20 12:42:20.578282-07:00,2025-11-11 04:00:00-08:00,,,,,,,,,,,,0.0,no supported template
polymarket,archive,529312,0x6b24a578e8644f45e49130da20267e466163dc35fee34dd23357a68530d34381,Yoon out as president of South Korea before May?,,,40212917.298398,2025-03-20 13:52:30.649344-07:00,2025-04-30 05:00:00-07:00,,,,,,,,,,,,0.0,no supported template
polymarket,archive,531734,0x696ba4726b7a261960878b703c525857ba5a08ee7e1404aa83bd8faa1e1d8687,Will the next Government of Canada be a Liberal majority?,,,6726160.903071,2025-03-27 14:16:22.829333-07:00,2025-04-28 05:00:00-07:00,,,,,,,,,,,,0.0,no supported template
polymarket,archive,532741,0x6a67b9d828d53862160e470329ffea5246f338ecfffdf2cab45211ec578b0347,US military action against Iran before July?,,,29917021.2541,,2025-06-30 05:00:00-07:00,,,,,,,,,,,,0.0,no supported template
polymarket,archive,532869,0xe3700c888e30ea8d3e21a72422a87a6663a8165db4597611dd9f1ac93a636ac6,Will Dogecoin reach $0.50 in April?,,,6043088.094674,2025-03-31 14:22:04.161608-07:00,2025-04-30 05:00:00-07:00,,,,,,,,,,,,0.0,no supported template
polymarket,archive,532897,0x94631ed57d3803fe789adbbba4c0d66ef2a8ed4f800c1a6897a37ad076cf309d,Trump x Ukraine mineral deal signed before May?,,,6833523.777216,2025-03-31 15:39:04.832546-07:00,2025-04-30 05:00:00-07:00,,,,,,,,,,,,0.0,no supported template
polymarket,archive,533245,0x9e40f50dc9a31cab9c596c20fd9b86e6668be54531e83dc43ccc67f1bafa4135,Will another party win the most seats in New Brunswick in the next Canadian Election?,,,8479328.57891,2025-04-01 14:21:12.207454-07:00,2025-04-28 05:00:00-07:00,,,,,,,,,,,,0.0,no supported template
polymarket,archive,533253,0xf86d87db5976adacb2ddf74ded65011369606d8bff3b2360350566bd88df2da8,Will another party win the most seats in Prince Edward Island in the next Canadian Election?,,,8774625.777255,2025-04-01 14:44:49.542335-07:00,2025-04-28 05:00:00-07:00,,,,,,,,,,,,0.0,no supported template
polymarket,archive,533744,0xbe5219d1c82daaa110a20c0b50dae77f681f05eb43094e05ea24fe833c5ec47f,Will Trump lower tariffs on China in April? ,,,11020745.16158,2025-04-02 17:30:45.567401-07:00,2025-04-30 05:00:00-07:00,,,,,,,,,,,,0.0,no supported template
polymarket,archive,534189,0xa4f51ae09144ebedb1e4329a28597dcb25217be1050fb76b86335837943bf519,Will Lee Jae-myung be elected the next president of South Korea?,,,88035547.447225,2025-04-04 11:45:41.286988-07:00,2025-06-03 05:00:00-07:00,,,,,,,,,,,,0.0,no supported template
polymarket,archive,534190,0xab53ef40981b322cd90b06272dacbd778a427d77655898f1d9a741cf5b5e3d50,Will Kim Dong-yeon be elected the next president of South Korea?,,,7888208.010183,2025-04-04 11:45:41.832246-07:00,2025-06-03 05:00:00-07:00,,,,,,,,,,,,0.0,no supported template
polymarket,archive,534192,0x3ad0371eb2adc9174872a91c34ebdb45a2449fb1e3306b36ebda7544cef3fca6,Will Han Dong-hoon be elected the next president of South Korea?,,,12733593.001313,2025-04-04 11:45:42.834472-07:00,2025-06-03 05:00:00-07:00,,,,,,,,,,,,0.0,no supported template
polymarket,archive,534195,0x274505b9c15c786063eb456f7a74cf4b65fff7784741f3104126833b909ebe3b,Will Yoo Seong-min be elected the next president of South Korea?,,,8769788.891732,2025-04-04 11:45:44.428427-07:00,2025-06-03 05:00:00-07:00,,,,,,,,,,,,0.0,no supported template
polymarket,archive,534197,0xf9425f69ce7fbde7ee54887ea24b164d2d4c06b594c4d4f94b1921cd79321b19,Will Kim Moon-soo be elected the next president of South Korea?,,,73197949.803466,2025-04-04 11:45:45.439869-07:00,2025-06-03 05:00:00-07:00,,,,,,,,,,,,0.0,no supported template
polymarket,archive,534200,0x9b4af0d905b10f5ec2c2966a74b4dcc58b8a42620dd3a7375785de0d48166933,Will Yoon Suk Yeol be elected the next president of South Korea?,,,8070735.318291,2025-04-04 11:45:46.981404-07:00,2025-06-03 05:00:00-07:00,,,,,,,,,,,,0.0,no supported template
polymarket,archive,534201,0xfcc351fd85fa292139857b3c63b3e5b274b2548477cd915e1baad2e921d4f574,Will Han Duck-soo be elected the next president of South Korea?,,,11957034.639752,2025-04-04 11:45:47.604444-07:00,2025-06-03 05:00:00-07:00,,,,,,,,,,,,0.0,no supported template
polymarket,archive,534220,0xd6f28c879d79f518b1ac0aea7a3e9e012fb8c1431687791b6a1eb6569e9da853,Will Lee Jun-seok be elected the next president of South Korea?,,,51905307.266619,,2025-06-03 05:00:00-07:00,,,,,,,,,,,,0.0,no supported template
polymarket,archive,535039,0x95534417f10863c4b7e4bd71c070fdc6c0b0c25b6fd10f87a3142f66dc00e835,Will Han Duck-soo be the People's Power Party candidate for president?,,,23780140.489083,2025-04-07 15:54:06.849128-07:00,2025-06-03 05:00:00-07:00,,,,,,,,,,,,0.0,no supported template
polymarket,archive,537194,0x41eda073eeca4071d3a643a527bf8549851ff16c7e4b924a007671cb11920f98,Russia x Ukraine ceasefire before October?,,,8775890.64125,2025-04-14 12:35:27.525312-07:00,2025-09-30 05:00:00-07:00,,,,,,,,,,,,0.0,no supported template
polymarket,archive,537882,0xf005ddced69842c3943edea3b8fb24187240ac93becdc1532c5b9db34f9dd2c8,TikTok sale announced in 2025?,,,9671895.18163,2025-04-17 13:51:12.008686-07:00,2025-12-31 04:00:00-08:00,,,,,,,,,,,,0.0,no supported template
polymarket,archive,537892,0x2865bc483dd523f4a36eb961f7467c8635ee9a13f39748bad55f645ce1f61512,Trump declassifies UFO files in 2025?,,,16680240.903723,2025-04-17 14:46:01.668012-07:00,2025-12-31 04:00:00-08:00,,,,,,,,,,,,0.0,no supported template
polymarket,archive,538928,0x846ce700a217ec7b75b8d078450f7e88eb5f44c76c12ae448ca10039ef4412b9,Will Eric Adams win the 2025 NYC mayoral election?,,,24498006.503446,2025-04-22 08:32:26.102547-07:00,2025-11-04 04:00:00-08:00,election,win,eric_adams,,nyc_mayor_candidate,year:2025,2025,,,election|win|eric_adams|nyc_mayor_candidate|year:2025|2025,election|win|eric_adams|nyc_mayor_candidate|2025,0.86,election template
polymarket,archive,538929,0xc40cbb2d7f5d2c43c624bd5b1d0b18cd3d0682b3937363ec7c1ad1d13bee107e,Will Andrew Cuomo win the 2025 NYC mayoral election?,,,48755937.180665,2025-04-22 08:32:26.427606-07:00,2025-11-04 04:00:00-08:00,election,win,andrew_cuomo,,nyc_mayor_candidate,year:2025,2025,,,election|win|andrew_cuomo|nyc_mayor_candidate|year:2025|2025,election|win|andrew_cuomo|nyc_mayor_candidate|2025,0.86,election template
polymarket,archive,538930,0xd7bd58d09efa1ff15be61cf30587e79444971ab125d55b2a88bf6ec04623a0d8,Will Curtis Sliwa win the 2025 NYC mayoral election?,,,60402049.764981,2025-04-22 08:32:26.763399-07:00,2025-11-04 04:00:00-08:00,election,win,curtis_sliwa,,nyc_mayor_candidate,year:2025,2025,,,election|win|curtis_sliwa|nyc_mayor_candidate|year:2025|2025,election|win|curtis_sliwa|nyc_mayor_candidate|2025,0.86,election template
polymarket,archive,538931,0x9e56a92abcf4996105ab15ce5612742bc33f4b9097bb6a4ec5f1468e6f2580c5,Will Jim Walden win the 2025 NYC mayoral election?,,,49207581.601009,,2025-11-04 04:00:00-08:00,election,win,jim_walden,,nyc_mayor_candidate,year:2025,2025,,,election|win|jim_walden|nyc_mayor_candidate|year:2025|2025,election|win|jim_walden|nyc_mayor_candidate|2025,0.86,election template
polymarket,archive,538932,0xebddfcf7b4401dade8b4031770a1ab942b01854f3bed453d5df9425cd9f211a9,Will Zohran Mamdani win the 2025 NYC mayoral election?,,,143254859.334333,2025-04-22 08:32:27.448351-07:00,2025-11-04 04:00:00-08:00,election,win,zohran_mamdani,,nyc_mayor_candidate,year:2025,2025,,,election|win|zohran_mamdani|nyc_mayor_candidate|year:2025|2025,election|win|zohran_mamdani|nyc_mayor_candidate|2025,0.86,election template
polymarket,archive,538933,0xcdec3de1f9c73e9ade1d33dde14b96e7241d0cc87f04981e71a955d3dac56b37,Will Zellnor Myrie win the 2025 NYC mayoral election?,,,19383661.523146,,2025-11-04 04:00:00-08:00,election,win,zellnor_myrie,,nyc_mayor_candidate,year:2025,2025,,,election|win|zellnor_myrie|nyc_mayor_candidate|year:2025|2025,election|win|zellnor_myrie|nyc_mayor_candidate|2025,0.86,election template
polymarket,archive,538935,0x34c989bada239153e86a009b3d25539db4c86fc4df3e01d320f0bee58a7aef45,Will Brad Lander win the 2025 NYC mayoral election?,,,29246888.170365,2025-04-22 08:32:28.439662-07:00,2025-11-04 04:00:00-08:00,election,win,brad_lander,,nyc_mayor_candidate,year:2025,2025,,,election|win|brad_lander|nyc_mayor_candidate|year:2025|2025,election|win|brad_lander|nyc_mayor_candidate|2025,0.86,election template
polymarket,archive,538936,0x85b11ae5afabe30013efc24d983a6145b7f4d2f187cccbdfbd763aa268c16a55,Will Andrew Yang win the 2025 NYC mayoral election?,,,9355140.22698,2025-04-22 08:32:28.761071-07:00,2025-11-04 04:00:00-08:00,election,win,andrew_yang,,nyc_mayor_candidate,year:2025,2025,,,election|win|andrew_yang|nyc_mayor_candidate|year:2025|2025,election|win|andrew_yang|nyc_mayor_candidate|2025,0.86,election template
polymarket,archive,538937,0xbb50a8be669052c941c30a8892b48ba104fb09ffd7d82f963b511f3db855e0a1,Will Adrienne Adams win the 2025 NYC mayoral election?,,,17172736.263185,2025-04-22 08:32:29.104095-07:00,2025-11-04 04:00:00-08:00,election,win,adrienne_adams,,nyc_mayor_candidate,year:2025,2025,,,election|win|adrienne_adams|nyc_mayor_candidate|year:2025|2025,election|win|adrienne_adams|nyc_mayor_candidate|2025,0.86,election template
polymarket,archive,538938,0xee44d5936019f87f0fee643d930ac34139e7211ebdde3f3d27c290bb9fdd5929,Will Rudy Giuliani win the 2025 NYC mayoral election?,,,17399211.228589,2025-04-22 08:32:29.429743-07:00,2025-11-04 04:00:00-08:00,election,win,rudy_giuliani,,nyc_mayor_candidate,year:2025,2025,,,election|win|rudy_giuliani|nyc_mayor_candidate|year:2025|2025,election|win|rudy_giuliani|nyc_mayor_candidate|2025,0.86,election template
polymarket,archive,539788,0x0635f8fd0777c284fdde905245bccc8822cf4e68dd3ec88f6f62d83e500308b9,Russia x Ukraine ceasefire before June?,,,7157114.275138,2025-04-25 15:02:20.464186-07:00,2025-05-31 05:00:00-07:00,,,,,,,,,,,,0.0,no supported template
polymarket,archive,540206,0xc319ae3e39f6a0b441fd02d37058ee8af4133967a205c88c9243972deceddbee,Will the Arizona Cardinals win Super Bowl 2026?,,,42048002.788895,2025-04-30 03:43:09.734891-07:00,2026-02-08 04:00:00-08:00,sports,win,,,nfl_super_bowl,,2026,,,sports|win|nfl_super_bowl|2026,sports|win|nfl_super_bowl|2026,0.86,sports outcome template
polymarket,archive,540207,0x6167c4ce9a850c0b5fa34f375a2d9cecfff94ce2c81c9f15ae962d40d0a1230b,Will the Atlanta Falcons win Super Bowl 2026?,,,9516223.351718,2025-04-30 03:43:10.032114-07:00,2026-02-08 04:00:00-08:00,sports,win,,,nfl_super_bowl,,2026,,,sports|win|nfl_super_bowl|2026,sports|win|nfl_super_bowl|2026,0.86,sports outcome template
polymarket,archive,540209,0x39d45b454dcf932767962ad9cbd858c5a6ec21d4d48318a484775b2e83264467,Will the Buffalo Bills win Super Bowl 2026?,,,6163891.427049,2025-04-30 03:43:10.594091-07:00,2026-02-08 04:00:00-08:00,sports,win,,,nfl_super_bowl,,2026,,,sports|win|nfl_super_bowl|2026,sports|win|nfl_super_bowl|2026,0.86,sports outcome template
polymarket,archive,540210,0xb232c915770ea41eb3ec3dbb2c7209c727759237383850f51045be7ffa3975e5,Will the Carolina Panthers win Super Bowl 2026?,,,60236453.888354,2025-04-30 03:43:10.925829-07:00,2026-02-08 04:00:00-08:00,sports,win,,,nfl_super_bowl,,2026,,,sports|win|nfl_super_bowl|2026,sports|win|nfl_super_bowl|2026,0.86,sports outcome template
polymarket,archive,540211,0xeac63aba0e4483cad2138aa41401e30363f50c8b583476a774cc895fa4a51d0f,Will the Chicago Bears win Super Bowl 2026?,,,10640593.553636,2025-04-30 03:43:11.234856-07:00,2026-02-08 04:00:00-08:00,sports,win,,,nfl_super_bowl,,2026,,,sports|win|nfl_super_bowl|2026,sports|win|nfl_super_bowl|2026,0.86,sports outcome template
polymarket,archive,540212,0x580ffec1f7b057910f9f596c80d203870f3028b04784a982d158d3581514299e,Will the Cincinnati Bengals win Super Bowl 2026?,,,39998043.163255,2025-04-30 03:43:11.556973-07:00,2026-02-08 04:00:00-08:00,sports,win,,,nfl_super_bowl,,2026,,,sports|win|nfl_super_bowl|2026,sports|win|nfl_super_bowl|2026,0.86,sports outcome template
polymarket,archive,540213,0x8f0f5125028c535d93f548225a4a2479a03793a49705973c763423aa43bdc59d,Will the Cleveland Browns win Super Bowl 2026?,,,51375598.94358,2025-04-30 03:43:11.836508-07:00,2026-02-08 04:00:00-08:00,sports,win,,,nfl_super_bowl,,2026,,,sports|win|nfl_super_bowl|2026,sports|win|nfl_super_bowl|2026,0.86,sports outcome template
polymarket,archive,540214,0x35d1166c39f0b0684780ed50d174fd104221104ba13a81f6c7ac5d264d73f441,Will the Dallas Cowboys win Super Bowl 2026?,,,14853068.898842,2025-04-30 03:43:12.206857-07:00,2026-02-08 04:00:00-08:00,sports,win,,,nfl_super_bowl,,2026,,,sports|win|nfl_super_bowl|2026,sports|win|nfl_super_bowl|2026,0.86,sports outcome template
polymarket,archive,540215,0xa6468d69ef786a8ae325f9a7bda944fbea3984f3d8c6617ca321c804961999f9,Will the Denver Broncos win Super Bowl 2026?,,,9185427.806635,2025-04-30 03:43:12.496076-07:00,2026-02-08 04:00:00-08:00,sports,win,,,nfl_super_bowl,,2026,,,sports|win|nfl_super_bowl|2026,sports|win|nfl_super_bowl|2026,0.86,sports outcome template
polymarket,archive,540218,0xef0b57daa506121cbeccb8f0e42de439dc2b64b38eab4a2fa6fc1e06255ac4bd,Will the Houston Texans win Super Bowl 2026?,,,9002496.983968,2025-04-30 03:43:13.342978-07:00,2026-02-08 04:00:00-08:00,sports,win,,,nfl_super_bowl,,2026,,,sports|win|nfl_super_bowl|2026,sports|win|nfl_super_bowl|2026,0.86,sports outcome template
polymarket,archive,540219,0xfdb1bd342b9e2ade01add3bac20cbdd38d377de978b0396c4f3ed47a4c6d89d6,Will the Indianapolis Colts win Super Bowl 2026?,,,7256584.319638,2025-04-30 03:43:13.661671-07:00,2026-02-08 04:00:00-08:00,sports,win,,,nfl_super_bowl,,2026,,,sports|win|nfl_super_bowl|2026,sports|win|nfl_super_bowl|2026,0.86,sports outcome template
polymarket,archive,540220,0x0982d83a9ec2e63a62af868d4e014e8d7eb6ca3cbbdf769b2454038c5b056cd3,Will the Jacksonville Jaguars win Super Bowl 2026?,,,7933650.111925,2025-04-30 03:43:13.944429-07:00,2026-02-08 04:00:00-08:00,sports,win,,,nfl_super_bowl,,2026,,,sports|win|nfl_super_bowl|2026,sports|win|nfl_super_bowl|2026,0.86,sports outcome template
polymarket,archive,540222,0xd28f9dfab98d6b2a8a22d8ff7e8d109678fc8275710be17c96825301efce4a69,Will the Las Vegas Raiders win Super Bowl 2026?,,,50242113.927574,2025-04-30 03:43:14.510848-07:00,2026-02-08 04:00:00-08:00,sports,win,,,nfl_super_bowl,,2026,,,sports|win|nfl_super_bowl|2026,sports|win|nfl_super_bowl|2026,0.86,sports outcome template
polymarket,archive,540224,0x2b57ed983eb34b5e081fc8dcc1372d688963fd4d9c9018b8d2ba36867b26b236,Will the Los Angeles Rams win Super Bowl 2026?,,,9230676.835439,2025-04-30 03:43:15.114867-07:00,2026-02-08 04:00:00-08:00,sports,win,,,nfl_super_bowl,,2026,,,sports|win|nfl_super_bowl|2026,sports|win|nfl_super_bowl|2026,0.86,sports outcome template
polymarket,archive,540225,0xb222caecba4942b88a87adc145f1c27eb822e6fa2d238731e66074c89125f31e,Will the Miami Dolphins win Super Bowl 2026?,,,64086195.940181,2025-04-30 03:43:15.390763-07:00,2026-02-08 04:00:00-08:00,sports,win,,,nfl_super_bowl,,2026,,,sports|win|nfl_super_bowl|2026,sports|win|nfl_super_bowl|2026,0.86,sports outcome template
polymarket,archive,540226,0x4ffe8ecfc2c7729f380663ca4f50f3985bb7e7f9c65da35fefc4889d81918a73,Will the Minnesota Vikings win Super Bowl 2026?,,,11351131.121443,2025-04-30 03:43:15.660215-07:00,2026-02-08 04:00:00-08:00,sports,win,,,nfl_super_bowl,,2026,,,sports|win|nfl_super_bowl|2026,sports|win|nfl_super_bowl|2026,0.86,sports outcome template
polymarket,archive,540227,0xc914317b14972d5d15f30740d3bdf32f4028877c13b9d7ccc78b4ba33f67fb1e,Will the New England Patriots win Super Bowl 2026?,,,15123902.683707,2025-04-30 03:43:15.945292-07:00,2026-02-08 04:00:00-08:00,sports,win,,,nfl_super_bowl,,2026,,,sports|win|nfl_super_bowl|2026,sports|win|nfl_super_bowl|2026,0.86,sports outcome template
polymarket,archive,540228,0x184228c1bfc9502d38f6f9984667f3da7b2f955616f195a3ba28b51fb0539bfe,Will the New Orleans Saints win Super Bowl 2026?,,,48283192.641205,2025-04-30 03:43:16.278104-07:00,2026-02-08 04:00:00-08:00,sports,win,,,nfl_super_bowl,,2026,,,sports|win|nfl_super_bowl|2026,sports|win|nfl_super_bowl|2026,0.86,sports outcome template
polymarket,archive,540229,0xf9915c09cfdb45b8ba1335620c1da05d12913ad1d43bbb15832a93609212c27e,Will the New York Giants win Super Bowl 2026?,,,37490995.246916,2025-04-30 03:43:16.558552-07:00,2026-02-08 04:00:00-08:00,sports,win,,,nfl_super_bowl,,2026,,,sports|win|nfl_super_bowl|2026,sports|win|nfl_super_bowl|2026,0.86,sports outcome template
polymarket,archive,540230,0xd8d889f4c49f58d98538d08182a07c27206f0e98f9f0a125eda3abf94305c8f7,Will the New York Jets win Super Bowl 2026?,,,57232072.113335,2025-04-30 03:43:16.854166-07:00,2026-02-08 04:00:00-08:00,sports,win,,,nfl_super_bowl,,2026,,,sports|win|nfl_super_bowl|2026,sports|win|nfl_super_bowl|2026,0.86,sports outcome template
polymarket,archive,540232,0x27a0fb5988bee5caefea21c6bc84c8d30f742ae6fbccdc4034e3bb9141ee9c98,Will the Pittsburgh Steelers win Super Bowl 2026?,,,6299106.231213,2025-04-30 03:43:17.399636-07:00,2026-02-08 04:00:00-08:00,sports,win,,,nfl_super_bowl,,2026,,,sports|win|nfl_super_bowl|2026,sports|win|nfl_super_bowl|2026,0.86,sports outcome template
polymarket,archive,540233,0x29635b9089e6c26fdb8ac7eb57bfe2ce1e97ebea54ed4b950ba1524e3cc31c8c,Will the San Francisco 49ers win Super Bowl 2026?,,,7603436.627812,2025-04-30 03:43:17.691277-07:00,2026-02-08 04:00:00-08:00,sports,win,,,nfl_super_bowl,,2026,,,sports|win|nfl_super_bowl|2026,sports|win|nfl_super_bowl|2026,0.86,sports outcome template
polymarket,archive,540234,0xa0eafdfa7da17483796f77f4b287d28834ab97db4a9a6e999b52c1ba239bc2f3,Will the Seattle Seahawks win Super Bowl 2026?,,,11176778.167845,,2026-02-08 04:00:00-08:00,sports,win,,,nfl_super_bowl,,2026,,,sports|win|nfl_super_bowl|2026,sports|win|nfl_super_bowl|2026,0.86,sports outcome template
polymarket,archive,540235,0x9a76ce64d7da9eac3f42aa09b1d25eb610ccc16eaf4849493b3d1698fb79ba57,Will the Tampa Bay Buccaneers win Super Bowl 2026?,,,9903531.613511,,2026-02-08 04:00:00-08:00,sports,win,,,nfl_super_bowl,,2026,,,sports|win|nfl_super_bowl|2026,sports|win|nfl_super_bowl|2026,0.86,sports outcome template
polymarket,archive,540236,0xf2d034812c1e871421eb6ca9afd30f2a03f0494fc910cc4cabc4515685b610cb,Will the Tennessee Titans win Super Bowl 2026?,,,70848160.38227,2025-04-30 03:43:18.498516-07:00,2026-02-08 04:00:00-08:00,sports,win,,,nfl_super_bowl,,2026,,,sports|win|nfl_super_bowl|2026,sports|win|nfl_super_bowl|2026,0.86,sports outcome template
polymarket,archive,540237,0x8bf53bab21d7dfcd8f6c311c6f78d41678475e9184b6f16f5bbd5a9da3b1508b,Will the Washington Commanders win Super Bowl 2026?,,,7968299.758741,2025-04-30 03:43:18.757336-07:00,2026-02-08 04:00:00-08:00,sports,win,,,nfl_super_bowl,,2026,,,sports|win|nfl_super_bowl|2026,sports|win|nfl_super_bowl|2026,0.86,sports outcome template
polymarket,archive,540408,0x59545b23eef07c1a2752ecfc159eceee120b38a2090b72b156722a24b6cd026b,Will Bitcoin dip to $90k in May?,,,8925263.984326,2025-04-30 10:56:00.500917-07:00,2025-05-31 05:00:00-07:00,,,,,,,,,,,,0.0,no supported template
polymarket,archive,540819,0x32b09f6390252b37d674501527e709016d55581b2c1e544bd4b8167f5f732f4c,Will Jesus Christ return before GTA VI?,,,9024312.660247,2025-05-02 08:08:16.157823-07:00,2026-07-31 05:00:00-07:00,,,,,,,,,,,,0.0,no supported template
polymarket,archive,541099,0xb13e67e43f3ea7015f472f56660e58fb41e761c0dee63862b379feefafb6efbe,Pakistan military strike on India by Friday?,,,17133334.887141,2025-05-04 14:53:02.862971-07:00,2025-05-09 05:00:00-07:00,,,,,,,,,,,,0.0,no supported template
polymarket,archive,541108,0x69c3f09b54e6cbf561205de7177a4cf99634bcf96e880601b124d8ebfdca9e2a,Will Nicușor Dan win by 0–6%?,,,6483478.386467,2025-05-04 17:31:40.440587-07:00,2025-05-18 05:00:00-07:00,,,,,,,,,,,,0.0,no supported template
polymarket,archive,541109,0x3aeaddfa5c56f561a169d75df4670345bd9f4547c8ebcae6a32adc95831788e4,Will Nicușor Dan win by 6–12%?,,,6494331.727631,2025-05-04 17:31:40.780586-07:00,2025-05-18 05:00:00-07:00,,,,,,,,,,,,0.0,no supported template
polymarket,archive,541110,0x475d06b509d75bcaf237c2ccfd8f57df8e490ccf6d9bef628b357c4e07bc94be,Will Nicușor Dan win by more than 12%?,,,7891266.898406,2025-05-04 17:31:41.151224-07:00,2025-05-18 05:00:00-07:00,,,,,,,,,,,,0.0,no supported template
polymarket,archive,541466,0x2eaa8bce4ea7a229c9e8a3050914b044537d19953fa364b176f95e1abc27f5bf,Will South Korea presidential election winner get over 50% of votes?,,,13094030.56774,2025-05-05 11:36:59.573133-07:00,2025-06-03 05:00:00-07:00,,,,,,,,,,,,0.0,no supported template
polymarket,archive,541615,0xbc12b9cfb9b3694dee7221b78ea7c1723ebfbee683efeabc0e047f3e547b4170,Will Jeannette Jara win the Chilean presidential election?,,,8873168.0766,2025-05-05 14:20:35.165008-07:00,2025-11-16 04:00:00-08:00,,,,,,,,,,,,0.0,no supported template
polymarket,archive,541622,0xaa5041ca3ea8400325d726e0fb44b85180c4d6211dea960d7a3fb4600d5d6c76,Will José Antonio Kast win the Chilean presidential election?,,,6918328.14737,2025-05-05 14:20:40.568851-07:00,2025-11-16 04:00:00-08:00,,,,,,,,,,,,0.0,no supported template
polymarket,archive,541625,0xa908e77b6376510856d9a22e3f56cb99f7034681f3b0fba5376c19adc94523f2,Will Ximena Rincón win the Chilean presidential election?,,,13270465.032302,2025-05-05 14:20:42.789826-07:00,2025-11-16 04:00:00-08:00,,,,,,,,,,,,0.0,no supported template
polymarket,archive,541626,0xce7a9f6d1a66e1cb28ab2837aea30458e7dabc33d98603f2c6ff2d464fe99ebf,Will Michelle Bachelet win the Chilean presidential election?,,,6818524.005079,2025-05-05 14:20:43.548365-07:00,2025-11-16 04:00:00-08:00,,,,,,,,,,,,0.0,no supported template
polymarket,archive,541627,0xc68c21f8497c9f4edf6127e6215aa118fd753f8bef0f2f3dda469e6adad43b21,Will Marco Enríquez-Ominami win the Chilean presidential election?,,,11376039.492757,2025-05-05 14:20:44.297621-07:00,2025-11-16 04:00:00-08:00,,,,,,,,,,,,0.0,no supported template
polymarket,archive,541629,0xc54a71bd4624262e1b346d575b52994c34c69bb2111397995459602e2dea239d,Will Alberto Undurraga win the Chilean presidential election?,,,8076282.887557,2025-05-05 14:20:45.879838-07:00,2025-11-16 04:00:00-08:00,,,,,,,,,,,,0.0,no supported template
polymarket,archive,542537,0x6c3d5fba5442f3e725eb89b7cffcc341ca3105cddaac09c1e4bc8e7010f0fe40,Fed decreases interest rates by 50+ bps after September 2025 meeting?,,,49890284.071409,,2025-09-17 05:00:00-07:00,,,,,,,,,,,,0.0,no supported template
polymarket,archive,542538,0x9f41a3e4a2ef548cf207c22a48dbaf73e28dda5ec014c145217f428aaf3769e3,Fed decreases interest rates by 25 bps after September 2025 meeting?,,,36329925.673244,2025-05-07 14:42:50.306627-07:00,2025-09-17 05:00:00-07:00,,,,,,,,,,,,0.0,no supported template
polymarket,archive,542539,0x02dc46f4354c1cc447577db82ba62cca1bda737bd67b73fe966ce1bfe580868f,No change in Fed interest rates after September 2025 meeting?,,,67368762.49652,2025-05-07 14:42:51.193297-07:00,2025-09-17 05:00:00-07:00,,,,,,,,,,,,0.0,no supported template
polymarket,archive,542540,0xe8d095422da9f6c3ceed727a4b6251177f618b002d2a698bfccb48716c7aa469,Fed increases interest rates by 25+ bps after September 2025 meeting?,,,67002488.50419,,2025-09-17 05:00:00-07:00,,,,,,,,,,,,0.0,no supported template
polymarket,archive,542557,0xc7296b8d619bd27c229250207dfd025b47264a2754067fb0ee318e12016e7ee5,Will Lee Jae-myung win 45-50% of the vote in the South Korea election?,,,6157737.577165,2025-05-07 16:44:11.853642-07:00,2025-06-03 05:00:00-07:00,,,,,,,,,,,,0.0,no supported template
polymarket,archive,542558,0x82962688c00787fce7588ef672b7c3b875db8ac1ce263f2f3cd64211bd2379c3,Will Lee Jae-myung win 50-55% of the vote in the South Korea election?,,,6176032.109745,2025-05-07 16:44:12.218008-07:00,2025-06-03 05:00:00-07:00,,,,,,,,,,,,0.0,no supported template
polymarket,archive,543259,0xec0a4d2952cb62ca55e16a4ad879aae5c988309f71a8f16fc3c65fe0a8df52d4,Will Andrónico Rodríguez win the 2025 Bolivia presidential election?,,,7326758.679552,2025-05-09 14:39:14.001066-07:00,2025-10-18 17:00:00-07:00,,,,,,,,,,,,0.0,no supported template
polymarket,archive,543262,0xc15a24d1576b84a0ae8896d2e2f89d33cf2ab84e20c358269945725204ba2442,Will Jorge “Tuto” Quiroga win the 2025 Bolivia presidential election?,,,6479504.061819,2025-05-09 14:39:14.940622-07:00,2025-10-18 17:00:00-07:00,,,,,,,,,,,,0.0,no supported template
polymarket,archive,543265,0x27fa002bf1e91268fa0b4232b3d35892f15f7b6c26af17749a10ec3a8c218b53,Will Rodrigo Paz win the 2025 Bolivia presidential election?,,,6918532.545232,2025-05-09 14:39:15.977454-07:00,2025-10-18 17:00:00-07:00,,,,,,,,,,,,0.0,no supported template
polymarket,archive,543527,0x818a1ec3439b780cdbefe9e1f962a187cb8747e7e6b146f3634fee12f80ad652,Will Dan or Simion win the diaspora vote?,,,6947261.525977,2025-05-11 21:38:50.005695-07:00,2025-05-18 05:00:00-07:00,,,,,,,,,,,,0.0,non-binary or non-yes-no polymarket outcome
polymarket,archive,546255,0xfb8ccee80a22958678bf7fd99fd020f1b564d564f261d573db58dcf2736cb415,Will Sorin Grindeanu be the next Mayor of Bucharest?,,,15810680.148466,2025-05-20 16:05:52.775554-07:00,2025-12-06 16:00:00-08:00,,,,,,,,,,,,0.0,no supported template
polymarket,archive,546256,0x44657b0f69c77975c2f96b0dca666d1fb2fbdfada141ceeee562ab8345f13949,Will Călin Georgescu be the next Mayor of Bucharest?,,,12394296.45555,2025-05-20 16:05:53.297539-07:00,2025-12-06 16:00:00-08:00,,,,,,,,,,,,0.0,no supported template
polymarket,archive,546257,0x439eeb61c9ede64b9d7d3741542dd6e8e1f4ec862c2de844c0a36628ed1d9049,Will George Tuță be the next Mayor of Bucharest?,,,6261136.277811,2025-05-20 16:05:53.713214-07:00,2025-12-06 16:00:00-08:00,,,,,,,,,,,,0.0,no supported template
polymarket,archive,546259,0x1bef2cec162d5499c60c1acd8e3c5a3acc321aee580deda1f01aa40dadbda374,Will Marian Vanghelie be the next Mayor of Bucharest?,,,13822679.398023,2025-05-20 16:05:54.570742-07:00,2025-12-06 16:00:00-08:00,,,,,,,,,,,,0.0,no supported template
polymarket,archive,546262,0x2017c048aeee624d3597ffd0c2273a0e2c2aec4dfb89ef7505b8e08715636c3b,Will Octavian Berceanu be the next Mayor of Bucharest?,,,20304686.659728,2025-05-20 16:05:55.949837-07:00,2025-12-06 16:00:00-08:00,,,,,,,,,,,,0.0,no supported template
polymarket,archive,546272,0x13a659b2dae1c7a69768804cba47ee308d443438efabf743a2e19b136c6d84d1,Will Crin Antonescu be the next Mayor of Bucharest?,,,8854318.163173,2025-05-20 16:12:25.434753-07:00,2025-12-06 16:00:00-08:00,,,,,,,,,,,,0.0,no supported template
polymarket,archive,546814,0x655e5ca101c466b6293aa15e06173b78b293221803d56e35551f708cd82eb352,Will Zelenskyy wear a suit before July?,,,242231180.272023,2025-05-22 15:19:20.138837-07:00,2025-06-30 05:00:00-07:00,,,,,,,,,,,,0.0,no supported template
polymarket,archive,548296,0xac1b6017f9447f21dfd69829b5d7b084aef5893f7ddd6abdca8d95f40238f398,Will Tesla launch a driverless Robotaxi service before July?,,,11890598.366776,,2025-06-30 05:00:00-07:00,,,,,,,,,,,,0.0,no supported template
polymarket,archive,549621,0x7d4d6916fa50ad0be01c1c065a6b3ad95f5d444c18fc6b766a99d31173469303,Will the Party for Freedom win the most seats in the 2025 Netherlands parliamentary election?,,,10147546.752816,2025-06-03 14:09:26.801312-07:00,2026-07-30 17:00:00-07:00,,,,,,,,,,,,0.0,no supported template
polymarket,archive,551017,0x43a0e99dec7bb0c6ae5a9166cf6df932a36ca721eb62f673eda5ea87232bc8f2,Israel x Hamas ceasefire before August?,,,11176262.09989,2025-06-09 10:54:45.839207-07:00,2025-07-30 17:00:00-07:00,,,,,,,,,,,,0.0,no supported template
polymarket,archive,551137,0x027eeeaba097b5f3b166eace64668b2e6b327acc7c6b314ae5f03b33b51425e7,Will Mikie Sherrill win the New Jersey Governor Election in 2025,,,7479198.557189,2025-06-09 18:40:21.526391-07:00,2025-11-03 16:00:00-08:00,,,,,,,,,,,,0.0,no supported template
polymarket,archive,551143,0xda8ebb9d7998b0e37f912b78d8f71a9e36b8a8b5b2afff4bb1f8106e29ae0604,Will Jack Ciattarelli win the New Jersey Governor Election in 2025,,,6037389.579269,2025-06-09 18:40:24.780746-07:00,2025-11-03 16:00:00-08:00,,,,,,,,,,,,0.0,no supported template
polymarket,archive,551655,0x2158d1f83118f06d7399d5000e9c44f317eb8a0801a6f588d261bf2cf2310445,Major cyberattack on Iran in June?,,,17449126.951622,2025-06-11 13:59:19.439724-07:00,2025-06-30 16:55:00-07:00,,,,,,,,,,,,0.0,no supported template
polymarket,archive,551963,0xf2ce8d3897ac5009a131637d3575f1f91c579bd08eecce6ae2b2da0f32bbe6f1,Xi Jinping out in 2025?,,,78655911.742866,2025-06-12 10:36:33.023005-07:00,2025-12-31 15:55:00-08:00,,,,,,,,,,,,0.0,no supported template
polymarket,archive,552106,0xb11173b63944f4f273bf31da413d07384284bcf7a3053be15a560a9b80d171df,Will the US officially declare war on Iran before July?,,,18143784.381987,2025-06-12 21:37:11.585706-07:00,2025-06-29 17:00:00-07:00,,,,,,,,,,,,0.0,no supported template
polymarket,archive,552649,0x3b2f19935f2a969634a7aca52b69cf653d957ec6243bdfcb97dd830003e90624,Israel x Iran ceasefire before July? ,,,51779894.19503,2025-06-15 10:52:19.395446-07:00,2025-06-30 16:55:00-07:00,,,,,,,,,,,,0.0,no supported template
polymarket,archive,552650,0xfe4ddfdf4e6b6188967331f5932c8ec6dcbc815572ef9f3566b5d903a708b61f,Fordow nuclear facility destroyed before July?,,,28623187.178979,2025-06-15 11:40:14.280213-07:00,2025-06-29 17:00:00-07:00,,,,,,,,,,,,0.0,no supported template
polymarket,archive,552656,0x0f4d9792bdf45a5fa5f717cbe55d78107878854816374b2dd741f46062aba2b0,Will Iran close the Strait of Hormuz before July?,,,6088147.168028,,2025-06-29 17:00:00-07:00,,,,,,,,,,,,0.0,no supported template
polymarket,archive,553810,0x6a8c775d3a7ab901a5c4595dbc33478d654dc3b293be2b80fd64500cabbfcc37,Fed decreases interest rates by 50+ bps after October 2025 meeting?,,,52589989.131546,2025-06-19 09:29:54.616584-07:00,2025-10-29 05:00:00-07:00,,,,,,,,,,,,0.0,no supported template
polymarket,archive,553811,0x53f82bd52566e30ae3f8131cb92095dd92ecdf2b0204af0edc226ee194e923fe,Fed decreases interest rates by 25 bps after October 2025 meeting?,,,51626217.76071,2025-06-19 09:29:55.048359-07:00,2025-10-29 05:00:00-07:00,,,,,,,,,,,,0.0,no supported template
polymarket,archive,553812,0x6ef34d5c7937cb8a1eb22234ddce8fe3eb1595e1f35c7d4f2101c58f3506e580,No change in Fed interest rates after October 2025 meeting?,,,46052653.992844,2025-06-19 09:29:55.476652-07:00,2025-10-29 05:00:00-07:00,,,,,,,,,,,,0.0,no supported template
polymarket,archive,553813,0xd6e0317cee513cc3afdc1954ac576b241ad2287536e88b17fd3a77b4c3d0976e,Fed increases interest rates by 25+ bps after October 2025 meeting?,,,102216689.131463,2025-06-19 09:29:55.888034-07:00,2025-10-29 05:00:00-07:00,,,,,,,,,,,,0.0,no supported template
polymarket,archive,553861,0xe492ad958b21201e928b6666570820a184b8f71e834910945efcfb86eecd02cd,Will the Indiana Pacers win the 2026 NBA Finals?,,,29947256.376774,2025-06-19 11:23:30.310922-07:00,2026-06-30 17:00:00-07:00,sports,win,indiana_pacers,,nba_finals,,2026,,,sports|win|indiana_pacers|nba_finals|2026,sports|win|indiana_pacers|nba_finals|2026,0.86,sports outcome template
polymarket,archive,553874,0xc094fd60c0a09ba0df48a086ef91e12390fa8777fcd9cb63c154e9622cb1d497,Will the Memphis Grizzlies win the 2026 NBA Finals?,,,29812671.658682,2025-06-19 11:23:36.929001-07:00,2026-06-30 17:00:00-07:00,sports,win,memphis_grizzlies,,nba_finals,,2026,,,sports|win|memphis_grizzlies|nba_finals|2026,sports|win|memphis_grizzlies|nba_finals|2026,0.86,sports outcome template
polymarket,archive,553875,0xe709dcb12986139fa5b4cc793069d0c64bde1bfb351914c95bdd6149ec91a3ee,Will the New Orleans Pelicans win the 2026 NBA Finals?,,,11522581.476835,,2026-06-30 17:00:00-07:00,sports,win,new_orleans_pelicans,,nba_finals,,2026,,,sports|win|new_orleans_pelicans|nba_finals|2026,sports|win|new_orleans_pelicans|nba_finals|2026,0.86,sports outcome template
polymarket,archive,553878,0xf374fb58698bccedf29399f9f5548a70370a11c0fece34f2570fb9b3885e8e5a,Will the Chicago Bulls win the 2026 NBA Finals?,,,17417213.855794,2025-06-19 11:23:38.667491-07:00,2026-06-30 17:00:00-07:00,sports,win,chicago_bulls,,nba_finals,,2026,,,sports|win|chicago_bulls|nba_finals|2026,sports|win|chicago_bulls|nba_finals|2026,0.86,sports outcome template
polymarket,archive,553879,0x6331a779482df72d904c3c1e12b6409ff836bc06f8c97945cba9b25ada2c605c,Will the Portland Trail Blazers win the 2026 NBA Finals?,,,6063824.730981,2025-06-19 11:23:39.128911-07:00,2026-06-30 17:00:00-07:00,sports,win,portland_trail_blazers,,nba_finals,,2026,,,sports|win|portland_trail_blazers|nba_finals|2026,sports|win|portland_trail_blazers|nba_finals|2026,0.86,sports outcome template
polymarket,archive,553880,0x314ec5fd53735e23cadc475161e37b1529984d97097c0fdf417941c44b6b274e,Will the Brooklyn Nets win the 2026 NBA Finals?,,,14245183.998807,2025-06-19 11:23:39.603474-07:00,2026-06-30 17:00:00-07:00,sports,win,brooklyn_nets,,nba_finals,,2026,,,sports|win|brooklyn_nets|nba_finals|2026,sports|win|brooklyn_nets|nba_finals|2026,0.86,sports outcome template
polymarket,archive,553882,0xc58cfb7397c4f3f803f5c20135cafa7f6d2c87cf3bb1e6138042b95d828e1866,Will the Charlotte Hornets win the 2026 NBA Finals?,,,15328554.89692,2025-06-19 11:23:40.949859-07:00,2026-06-30 17:00:00-07:00,sports,win,charlotte_hornets,,nba_finals,,2026,,,sports|win|charlotte_hornets|nba_finals|2026,sports|win|charlotte_hornets|nba_finals|2026,0.86,sports outcome template
polymarket,archive,553883,0x298157e618b5729dafd742eec9b21e040a13da0bb09ff1fa4492360c347e3824,Will the Utah Jazz win the 2026 NBA Finals?,,,14753628.668791,2025-06-19 11:23:41.388362-07:00,2026-06-30 17:00:00-07:00,sports,win,utah_jazz,,nba_finals,,2026,,,sports|win|utah_jazz|nba_finals|2026,sports|win|utah_jazz|nba_finals|2026,0.86,sports outcome template
polymarket,archive,553884,0xbc2d59e8ea0378f0851c86e84d250e80a5698874db52c13798053841f291dc28,Will the Sacramento Kings win the 2026 NBA Finals?,,,12080881.028607,2025-06-19 11:23:41.833341-07:00,2026-06-30 17:00:00-07:00,sports,win,sacramento_kings,,nba_finals,,2026,,,sports|win|sacramento_kings|nba_finals|2026,sports|win|sacramento_kings|nba_finals|2026,0.86,sports outcome template
polymarket,archive,553885,0x30a8ed0d01b7e8b25334358f71d9ec71c147783c0f908c2e7c7a527905007bf8,Will the Washington Wizards win the 2026 NBA Finals?,,,15156873.189222,2025-06-19 11:23:42.299073-07:00,2026-06-30 17:00:00-07:00,sports,win,washington_wizards,,nba_finals,,2026,,,sports|win|washington_wizards|nba_finals|2026,sports|win|washington_wizards|nba_finals|2026,0.86,sports outcome template
polymarket,archive,555821,0xef4c14b11415b770a9cc5d8fbe2528efe180e88e9f55a4d7bb478ac128f63dc8,Will Donald Trump be TIME's Person of the Year for 2025?,,,8080076.410123,2025-06-25 15:21:30.085059-07:00,2025-12-31 04:00:00-08:00,,,,,,,,,,,,0.0,no supported template
polymarket,archive,555826,0x850c1624dc9d8ca9850195df05293ff85273e6b92e89a9551cd0a57c2f72aceb,Will Artificial Intelligence be TIME's Person of the Year for 2025?,,,6960359.244157,,2025-12-31 04:00:00-08:00,,,,,,,,,,,,0.0,no supported template
polymarket,archive,555827,0xa5b154afd4a5c5e05232f0091ca219dad173392ea4b75552dc711c65feaa3066,Will LeBron James be TIME's Person of the Year for 2025?,,,10523451.346859,2025-06-25 15:21:33.586328-07:00,2025-12-31 04:00:00-08:00,,,,,,,,,,,,0.0,no supported template
polymarket,archive,556033,0xea1f601faf600380da04e1ce3d46fc4c7dfea5e6247550b2b513761cb40f0a9f,Lighter market cap (FDV) >$2B one day after launch?,,,25086666.676263,2025-06-26 12:08:10.754146-07:00,2025-12-30 16:00:00-08:00,,,,,,,,,,,,0.0,no supported template
polymarket,archive,556074,0x547ef94db08a64532c8e8a57a90a5e680ee775e9e9c790ac092cad123a051ad6,Monad market cap (FDV) >$2B one day after launch?,,,7362833.34727,2025-06-26 12:25:15.643751-07:00,2026-06-29 17:00:00-07:00,,,,,,,,,,,,0.0,no supported template
polymarket,archive,556077,0x9d1e122ce82f7acd66088e2e6216ca732b38fee26cee312156e854f975c28776,Will lighter perform an airdrop by December 31? ,,,26021665.1755,,2025-12-30 16:00:00-08:00,,,,,,,,,,,,0.0,no supported template
polymarket,archive,557770,0x62e939fbcb26aee4f172520444ef43a83adf3ea6155e2ae5d0871c13accdf21b,Will Ethereum reach $4000 in July?,,,7517688.702565,2025-06-30 06:47:07.271706-07:00,2025-07-31 21:00:00-07:00,,,,,,,,,,,,0.0,no supported template
polymarket,archive,558107,0x43bdd849294c7864a44abde82242ce8bd443323208c056d7289d9a86feeb0a25,Will Mamdani get over 50% of the vote in the general mayoral election?,,,6105457.486417,2025-06-30 17:39:02.493958-07:00,2025-11-03 15:00:00-08:00,,,,,,,,,,,,0.0,no supported template
polymarket,archive,558957,0x9e5f9d8c384f8fe368b195fa9a780be58643dff7360588a4e577012df8af00a7,Will New Zealand win the 2026 FIFA World Cup?,,,6993467.199008,2025-07-02 09:54:53.912088-07:00,2026-07-19 17:00:00-07:00,sports,win,new_zealand,,fifa_world_cup,,2026,,,sports|win|new_zealand|fifa_world_cup|2026,sports|win|new_zealand|fifa_world_cup|2026,0.86,sports outcome template
polymarket,archive,558960,0x965ebc5d79eb1ec02cad67245a44b9e45b33359018f013fb6cf81d5bbf7bcc8d,Will Uzbekistan win the 2026 FIFA World Cup?,,,7178904.268521,2025-07-02 09:54:55.743901-07:00,2026-07-19 17:00:00-07:00,sports,win,uzbekistan,,fifa_world_cup,,2026,,,sports|win|uzbekistan|fifa_world_cup|2026,sports|win|uzbekistan|fifa_world_cup|2026,0.86,sports outcome template
polymarket,archive,558962,0x33a87d02fa01e958929385c74b8627d32cc4474e9ebd312d268865c5207147fa,Will Jordan win the 2026 FIFA World Cup?,,,7053926.437993,2025-07-02 09:54:56.940413-07:00,2026-07-19 17:00:00-07:00,sports,win,jordan,,fifa_world_cup,,2026,,,sports|win|jordan|fifa_world_cup|2026,sports|win|jordan|fifa_world_cup|2026,0.86,sports outcome template
polymarket,archive,559652,0x0f49db97f71c68b1e42a6d16e3de93d85dbf7d4148e3f018eb79e88554be9f75,Will Gavin Newsom win the 2028 Democratic presidential nomination?,,,6640052.236164,,2028-11-06 16:00:00-08:00,,,,,,,,,,,,0.0,no supported template
polymarket,archive,559657,0xc8f1cf5d4f26e0fd9c8fe89f2a7b3263b902cf14fde7bfccef525753bb492e47,Will Stephen A. Smith win the 2028 Democratic presidential nomination?,,,7227466.533242,2025-07-03 13:37:02.834964-07:00,2028-11-06 16:00:00-08:00,,,,,,,,,,,,0.0,no supported template
polymarket,archive,559662,0x9d4f94f82de9d13ff1d3318639ab9000ee2533949e525343156f374fb00bd9b1,Will Mark Cuban win the 2028 Democratic presidential nomination?,,,10849490.822678,2025-07-03 13:37:06.826667-07:00,2028-11-06 16:00:00-08:00,,,,,,,,,,,,0.0,no supported template
polymarket,archive,559664,0xdce84960dce38aa4a5800a5eba7c9ac34d2ce49ba9d44c42572c472d468af264,Will Raphael Warnock win the 2028 Democratic presidential nomination?,,,13290362.619009,2025-07-03 13:37:08.125174-07:00,2028-11-06 16:00:00-08:00,,,,,,,,,,,,0.0,no supported template
polymarket,archive,559665,0x1970bcce75e3674660917ae4685b433a9b1e0152d810a8d7c346dfd5e00694c2,Will Cory Booker win the 2028 Democratic presidential nomination?,,,10990994.724147,,2028-11-06 16:00:00-08:00,,,,,,,,,,,,0.0,no supported template
polymarket,archive,559666,0x3265b10daeb30dbcc3214bd02e488551d0a5d3028392f4152e4750b943fbfc91,Will Tim Walz win the 2028 Democratic presidential nomination?,,,18682916.666497,2025-07-03 13:37:09.711295-07:00,2028-11-06 16:00:00-08:00,,,,,,,,,,,,0.0,no supported template
polymarket,archive,559667,0x3e218c99a1335641b3a5ee6c887521d19b0c28fddd6b99c254a07968e35c0b1b,Will Michelle Obama win the 2028 Democratic presidential nomination?,,,13911270.320634,,2028-11-06 16:00:00-08:00,,,,,,,,,,,,0.0,no supported template
polymarket,archive,559670,0xcb239105ed21a2420ba4d85090b9bc32755c56601ffdc528afd17fd6282fe930,Will Gina Raimondo win the 2028 Democratic presidential nomination?,,,20566110.991004,2025-07-03 13:37:12.831781-07:00,2028-11-06 16:00:00-08:00,,,,,,,,,,,,0.0,no supported template
polymarket,archive,559671,0x3535fb2f4aef6619dde8b367cb5e5d209526bb496d5d9778428c58a0252435e3,Will Zohran Mamdani win the 2028 Democratic presidential nomination?,,,26216183.077829,2025-07-03 13:37:13.666113-07:00,2028-11-06 16:00:00-08:00,,,,,,,,,,,,0.0,no supported template
polymarket,archive,559672,0x939eeb2dea216749bd409bedde483c3f2bfb0e24d4f2d34461c0b21c6e91f010,Will Roy Cooper win the 2028 Democratic presidential nomination?,,,16366150.309619,2025-07-03 13:37:14.394216-07:00,2028-11-06 16:00:00-08:00,,,,,,,,,,,,0.0,no supported template
polymarket,archive,559673,0xca1d1139b0c3a29983407f499476ae642482788e841a277eb86faeeb9fa4a85c,Will John Fetterman win the 2028 Democratic presidential nomination?,,,9662020.53322,2025-07-03 13:37:15.042865-07:00,2028-11-06 16:00:00-08:00,,,,,,,,,,,,0.0,no supported template
polymarket,archive,559674,0x8fbcb151e2c988df5a43abb02298014b7daf34c008f3eed9188dd16a2a19bec1,Will Jared Polis win the 2028 Democratic presidential nomination?,,,11418805.887491,2025-07-03 13:37:15.838093-07:00,2028-11-06 16:00:00-08:00,,,,,,,,,,,,0.0,no supported template
polymarket,archive,559675,0xfee07be730188c94cd3644ed6f107fa3ea2dfab9989ce8d39aeeae064766abe3,Will Jon Stewart win the 2028 Democratic presidential nomination?,,,6035957.167962,2025-07-03 13:37:16.510177-07:00,2028-11-06 16:00:00-08:00,,,,,,,,,,,,0.0,no supported template
polymarket,archive,559676,0x88d67705780a3d922317ecb0c78a947a306174d0510df2ae89394d5abfb28206,Will Barack Obama win the 2028 Democratic presidential nomination?,,,15850793.503097,2025-07-03 13:37:17.144753-07:00,2028-11-06 16:00:00-08:00,,,,,,,,,,,,0.0,no supported template
polymarket,archive,559677,0x663b88d3a8f2341bb8d878709dc78632bcaf7512e577bd15521e5d8ed933efbc,Will Hillary Clinton win the 2028 Democratic presidential nomination?,,,25783564.949502,2025-07-03 13:37:17.804012-07:00,2028-11-06 16:00:00-08:00,,,,,,,,,,,,0.0,no supported template
polymarket,archive,559678,0x46dbd48d6bde5b81edb480e0f676a2cdda6c6b592c4d86a9367c7ad5a9870195,Will Liz Cheney win the 2028 Democratic presidential nomination?,,,23028127.659067,2025-07-03 13:37:18.381851-07:00,2028-11-06 16:00:00-08:00,,,,,,,,,,,,0.0,no supported template
polymarket,archive,559679,0x30cfb887558b20373a984da60c372fe5a90c0296aa6d8bb413a8aa7543846da2,Will Bernie Sanders win the 2028 Democratic presidential nomination?,,,27659776.470525,2025-07-03 13:37:18.987743-07:00,2028-11-06 16:00:00-08:00,,,,,,,,,,,,0.0,no supported template
polymarket,archive,559680,0x29283b56d3eec6d1d89fff51793d9d2e01579d2379b1d3e9ebda175d3561e809,Will Phil Murphy win the 2028 Democratic presidential nomination?,,,26345823.644149,2025-07-03 13:37:19.607432-07:00,2028-11-06 16:00:00-08:00,,,,,,,,,,,,0.0,no supported template
polymarket,archive,559681,0x8b203037c7c0e21b500314f8398d2a8ea294b7ce1f4f9185f426425a3505bc45,Will LeBron James win the 2028 Democratic presidential nomination?,,,26810170.542273,,2028-11-06 16:00:00-08:00,,,,,,,,,,,,0.0,no supported template
polymarket,archive,559682,0x1945a8b23e313ed7423b6b6fd556f9ab5578900376b565a61dc480a5f4f35d21,Will Hunter Biden win the 2028 Democratic presidential nomination?,,,22118179.288691,2025-07-03 13:37:20.881711-07:00,2028-11-06 16:00:00-08:00,,,,,,,,,,,,0.0,no supported template
polymarket,archive,559683,0x822e61527476cabf98927e3aad385c5ecdae7086f945535f2c1fd9ae8dbfa46e,Will George Clooney win the 2028 Democratic presidential nomination?,,,26368191.033571,2025-07-03 13:37:21.627643-07:00,2028-11-06 16:00:00-08:00,,,,,,,,,,,,0.0,no supported template
polymarket,archive,559684,0xf2e51acfbb6d0414dc2ace81b7dc2af7c165e443dcb91f6caa7aab6d6ab4f06d,Will Chelsea Clinton win the 2028 Democratic presidential nomination?,,,31381773.98118,2025-07-03 13:37:22.130557-07:00,2028-11-06 16:00:00-08:00,,,,,,,,,,,,0.0,no supported template
polymarket,archive,559685,0xc44edcfdedb422bae8ff1803e2178d1ee025fc41efd81400ccbede709e018841,Will MrBeast win the 2028 Democratic presidential nomination?,,,28144860.272334,2025-07-03 13:37:22.639481-07:00,2028-11-06 16:00:00-08:00,,,,,,,,,,,,0.0,no supported template
polymarket,archive,559687,0xe06a7e94cf2fa8dc2085b7610fe16e9be1cde6654f34d365c13da1149b276c61,Will Oprah Winfrey win the 2028 Democratic presidential nomination?,,,32319173.968289,2025-07-03 13:37:23.883364-07:00,2028-11-06 16:00:00-08:00,,,,,,,,,,,,0.0,no supported template
polymarket,archive,559688,0x450810ae738a0ff820d3248f2b24937f63fb8c8cf422ed2a915125adb4d9d3c8,Will Andrew Yang win the 2028 Democratic presidential nomination?,,,30227942.092609,2025-07-03 13:37:24.380612-07:00,2028-11-06 16:00:00-08:00,,,,,,,,,,,,0.0,no supported template
polymarket,archive,559689,0x8ecd1d15e521b7d1020ad5596cc981c8764e9dcfbc3648f582e1a5138aee7185,Will Beto O’Rourke win the 2028 Democratic presidential nomination?,,,20719165.307915,2025-07-03 13:37:24.901108-07:00,2028-11-06 16:00:00-08:00,,,,,,,,,,,,0.0,no supported template
polymarket,archive,559690,0x0f8ef3cc906ba7ba94a44724738df44bdd5f73e59e40c9c8b4ff8569e349643c,Will Kim Kardashian win the 2028 Democratic presidential nomination?,,,18876266.709423,,2028-11-06 16:00:00-08:00,,,,,,,,,,,,0.0,no supported template
polymarket,archive,559692,0x3cd6e52603d80ddbbdac9b1a4d43f9b7faa6aae4fae4d0fdfad3bd58454da7d3,Will Jasmine Crockett win the 2028 Democratic presidential nomination?,,,7480132.995921,,2028-11-06 16:00:00-08:00,,,,,,,,,,,,0.0,no supported template
polymarket,archive,560187,0xd189af84a1c6c02b579796a1eb08af597232d33455c42d9c0f5c98eccb4292cb,Lord Miles completes 40-day water fast in the desert?,,,14296822.328016,2025-07-04 07:38:01.620522-07:00,2025-09-29 17:00:00-07:00,,,,,,,,,,,,0.0,no supported template
polymarket,archive,560856,0x200369a7fc4dad910665c5a77e1c0c0d16237f79c637928bf0c5112cac2db708,Will Donald Trump win the Nobel Peace Prize in 2025?,,,13949920.231067,,2025-10-09 17:00:00-07:00,,,,,,,,,,,,0.0,no supported template
polymarket,archive,561238,0xc4435df23facee8c4cd86090310c7835c2a0425646b2588b0a02e67fa42f444e,Will Glenn Youngkin win the 2028 US Presidential Election?,,,9538596.702579,2025-07-08 12:06:03.082499-07:00,2028-11-06 16:00:00-08:00,,,,,,,,,,,,0.0,no supported template
polymarket,archive,561240,0x66b906b8205f48a26beb8e553bbb1e7954e87e4f6e1d539823441221d1806e8f,Will Stephen Smith win the 2028 US Presidential Election?,,,15093163.933483,2025-07-08 12:06:04.344587-07:00,2028-11-06 16:00:00-08:00,,,,,,,,,,,,0.0,no supported template
polymarket,archive,561242,0x8fc141205ebce5adf437bfdf4d0c5ff58ff24293b79c9431991346c208bb48ed,Will Tulsi Gabbard win the 2028 US Presidential Election?,,,18792060.603098,2025-07-08 12:06:05.739113-07:00,2028-11-06 16:00:00-08:00,,,,,,,,,,,,0.0,no supported template
polymarket,archive,561245,0xe0173375b7eaccb836f7b92d28a9a2d1cc69e54e5a65fae89a5d7e49aadd332e,Will Nikki Haley win the 2028 US Presidential Election?,,,13112107.847853,2025-07-08 12:06:07.253833-07:00,2028-11-06 16:00:00-08:00,,,,,,,,,,,,0.0,no supported template
polymarket,archive,561247,0xae70ab9bf1c3726fe430a2ba8b517697ae24e0f0ab554b876a5b521153068882,Will Tim Walz win the 2028 US Presidential Election?,,,25084488.555159,,2028-11-06 16:00:00-08:00,,,,,,,,,,,,0.0,no supported template
polymarket,archive,561248,0x64396449b471b10b006285fa49dd9a5df535694de7b4c703fdeb0d88d5c4cd33,Will Vivek Ramaswamy win the 2028 US Presidential Election?,,,16503633.740736,2025-07-08 12:06:08.731937-07:00,2028-11-06 16:00:00-08:00,,,,,,,,,,,,0.0,no supported template
polymarket,archive,561249,0x01dffa7abae7e5d9b7fb44b06d537c5ac932e2ca422ab4b53366672f5e2dc7d6,Will Greg Abbott win the 2028 US Presidential Election?,,,22271818.21992,,2028-11-06 16:00:00-08:00,,,,,,,,,,,,0.0,no supported template
polymarket,archive,561250,0x68e3c4e0dd8f82d010060032006fd157401b0bd8e04bd2953ae293e31eb99bf6,Will Elon Musk win the 2028 US Presidential Election?,,,14376113.834913,2025-07-08 12:06:09.780687-07:00,2028-11-06 16:00:00-08:00,,,,,,,,,,,,0.0,no supported template
polymarket,archive,561251,0x836b850fc838195374862551a36f1c8691d96ff01e58b0a071f0fc1a0e357fb1,Will LeBron James win the 2028 US Presidential Election?,,,25116592.320785,2025-07-08 12:06:10.305398-07:00,2028-11-06 16:00:00-08:00,,,,,,,,,,,,0.0,no supported template
polymarket,archive,561254,0x7f695758278e6d4d9e63df862afa88d664d3402a3d26e4d32ae05121cdbddba6,Will Kim Kardashian win the 2028 US Presidential Election?,,,15494582.801176,,2028-11-06 16:00:00-08:00,,,,,,,,,,,,0.0,no supported template
polymarket,archive,561256,0xf05b4b55336a4c1c7b44c726911d2b559732cff7bad339084de86ae364dc85f6,Will Zohran Mamdani win the 2028 US Presidential Election?,,,7025482.502361,2025-07-08 12:06:13.209517-07:00,2028-11-06 16:00:00-08:00,,,,,,,,,,,,0.0,no supported template
polymarket,archive,561257,0xbbbece074c2d4010e39e39c85ed67b1131180fcea616073c893fb6beaf51d783,Will Michelle Obama win the 2028 US Presidential Election?,,,7972306.143148,2025-07-08 12:06:13.682842-07:00,2028-11-06 16:00:00-08:00,,,,,,,,,,,,0.0,no supported template
polymarket,archive,561829,0x1d54eb5eac2cee8f595f3097c65da7d07f8ab5dee63d7c0c6883eb70e1e9af30,"Russia x Ukraine ceasefire by March 31, 2026?",,,13142978.685844,,2026-03-30 17:00:00-07:00,,,,,,,,,,,,0.0,no supported template
polymarket,archive,561981,0xd997dc2a212a7d6673375a3b016db1fb214247142f8cde0cbf07f8e6d789877c,Will Vivek Ramaswamy win the 2028 Republican presidential nomination?,,,8506954.9884,2025-07-10 09:58:07.429979-07:00,2028-11-06 16:00:00-08:00,,,,,,,,,,,,0.0,no supported template
polymarket,archive,561982,0x00ad3bb5284b0b2314b1a2d42812fe292f606619c6278bd95c9d905816c240f6,Will Sarah Huckabee Sanders win the 2028 Republican presidential nomination?,,,12499742.627808,,2028-11-06 16:00:00-08:00,,,,,,,,,,,,0.0,no supported template
polymarket,archive,561983,0x214093035e429b91df322bd20c55d9f611f741f67472a63f7623a9afc0cffa57,Will Greg Abbott win the 2028 Republican presidential nomination?,,,8895821.267113,2025-07-10 09:58:08.485304-07:00,2028-11-06 16:00:00-08:00,,,,,,,,,,,,0.0,no supported template
polymarket,archive,561986,0xd1747284d6048b2a3dcfbee489db405f36de18f9590197dd0e5c9f0c246bf050,Will Byron Donalds win the 2028 Republican presidential nomination?,,,10595919.07652,2025-07-10 09:58:10.023814-07:00,2028-11-06 16:00:00-08:00,,,,,,,,,,,,0.0,no supported template
polymarket,archive,561987,0x655b4bfdfa55a95c24d6e9bf7e7cd62f1b57da9a1f4c7f40f090b8ba847dffa2,Will Elise Stefanik win the 2028 Republican presidential nomination?,,,10655038.953376,2025-07-10 09:58:10.530903-07:00,2028-11-06 16:00:00-08:00,,,,,,,,,,,,0.0,no supported template
polymarket,archive,561988,0x4d4bceee5f59f75230c6438f69fc913a6da7afa4098ce0734655045c02a730fc,Will Josh Hawley win the 2028 Republican presidential nomination?,,,10318405.648897,2025-07-10 09:58:11.045899-07:00,2028-11-06 16:00:00-08:00,,,,,,,,,,,,0.0,no supported template
polymarket,archive,561990,0xfbb80ea5f8fc02ee7df8bd4f58790e1d04b874078a49a7b7028a74a2075100c9,Will Elon Musk win the 2028 Republican presidential nomination?,,,13725844.097984,2025-07-10 09:58:12.251564-07:00,2028-11-06 16:00:00-08:00,,,,,,,,,,,,0.0,no supported template
polymarket,archive,561991,0xf2cea45ec282af4f302d2ab85ede73678cd692ebf8c3ab6d52bfa5e19f44c553,Will Matt Gaetz win the 2028 Republican presidential nomination?,,,10863861.640588,2025-07-10 09:58:12.885425-07:00,2028-11-06 16:00:00-08:00,,,,,,,,,,,,0.0,no supported template
polymarket,archive,561992,0x61a1278884fa70d68d4bcaaf72fad55bbdb063cac28c6947472ca91635fab10f,Will Katie Britt win the 2028 Republican presidential nomination?,,,15773456.688353,2025-07-10 09:58:13.392205-07:00,2028-11-06 16:00:00-08:00,,,,,,,,,,,,0.0,no supported template
polymarket,archive,561993,0x7190eccbd0677d5d0ae8cdf598b37e945a346915c666dda11468dc9970657a56,Will John Thune win the 2028 Republican presidential nomination?,,,15584129.557373,2025-07-10 09:58:14.296042-07:00,2028-11-06 16:00:00-08:00,,,,,,,,,,,,0.0,no supported template
polymarket,archive,561994,0x5f1b1caf70eb994bfff2986727a05a3ac9f7ec8b0da4017f7732596d023e5a07,Will Kristi Noem win the 2028 Republican presidential nomination?,,,15426829.072171,2025-07-10 09:58:14.999535-07:00,2028-11-06 16:00:00-08:00,,,,,,,,,,,,0.0,no supported template
polymarket,archive,561995,0x41c6341dd79903aca4bb0c29f5a7976946c3774d2fd72f38cbb7de7092144520,Will Mike Pence win the 2028 Republican presidential nomination?,,,19582904.34968,2025-07-10 09:58:15.525628-07:00,2028-11-06 16:00:00-08:00,,,,,,,,,,,,0.0,no supported template
polymarket,archive,561999,0xf8dbde8b6e038775a673947e59da2de15a2127272b50b9877400fdbf7cfc3026,Will Tom Brady win the 2028 Republican presidential nomination?,,,15062467.143557,2025-07-10 09:58:18.584607-07:00,2028-11-06 16:00:00-08:00,,,,,,,,,,,,0.0,no supported template
polymarket,archive,562000,0xd10bc768ede58b53ed400594240b0a0603134a32dab89ec823a18759cbc180ca,Will Rand Paul win the 2028 Republican presidential nomination?,,,9531122.081013,2025-07-10 09:58:19.246735-07:00,2028-11-06 16:00:00-08:00,,,,,,,,,,,,0.0,no supported template
polymarket,archive,562003,0x414378275cb214b747245942be889ee1e077c56d1c00eb4d726629c95f22b5a5,Will Kim Kardashian win the 2028 Republican presidential nomination?,,,13076974.244326,2025-07-10 09:58:21.646721-07:00,2028-11-06 16:00:00-08:00,,,,,,,,,,,,0.0,no supported template
polymarket,archive,563309,0xb2fc36d5f9bd808e7e1c65b21da9f69cb112541d3b403034f66b0004e38172ea,Israel x Hamas ceasefire by August 31?,,,7169803.747769,2025-07-14 05:49:26.467465-07:00,2025-08-30 17:00:00-07:00,,,,,,,,,,,,0.0,no supported template
polymarket,archive,563368,0x293fb49f43b12631ec4ad0617d9c0efc0eacce33416ef16f68521427daca1678,Will Satoshi move any Bitcoin in 2025?,,,44180791.509037,2025-07-14 08:33:12.339647-07:00,2025-12-30 16:00:00-08:00,,,,,,,,,,,,0.0,no supported template
polymarket,archive,565930,0x35155be9ad199e97505970a5dfb2b4bca7a9d1bb7b731389a590091997998a78,Tesla launches unsupervised full self driving (FSD) by June 30?,,,12177341.281891,2025-07-21 05:38:46.297122-07:00,2026-06-29 17:00:00-07:00,,,,,,,,,,,,0.0,no supported template
polymarket,archive,566097,0xd63074a69db9fbe28c8a9f3bfe64d8c16eb39e302be281ad9e3a91081b7429f5,Will Trump meet with Xi Jinping by October 31?,,,9134078.220091,2025-07-21 11:46:58.991531-07:00,2025-10-30 17:00:00-07:00,,,,,,,,,,,,0.0,no supported template
polymarket,archive,566153,0xafb35c067db349948912b0c7443a9837ff9cbfacb9bb952a9cc64081f9c792de,Will Athletic Club win the 2025–26 Champions League?,,,11867413.991408,2025-07-21 13:58:48.681423-07:00,2026-05-30 17:00:00-07:00,sports,win,athletic_club,,uefa_champions_league,,2025,,,sports|win|athletic_club|uefa_champions_league|2025,sports|win|athletic_club|uefa_champions_league|2025,0.86,sports outcome template
polymarket,archive,566155,0xca0ce5347ab5282bc62bd666f532ffda671ee077dc32219313f545b7e702e33f,Will Villarreal win the 2025–26 Champions League?,,,7892075.764682,,2026-05-30 17:00:00-07:00,sports,win,villarreal,,uefa_champions_league,,2025,,,sports|win|villarreal|uefa_champions_league|2025,sports|win|villarreal|uefa_champions_league|2025,0.86,sports outcome template
polymarket,archive,566156,0x5dac59c04086e3921abc98c1f3b4a1e6a3f4962d8d8869a5e91b58df46b081a1,Will Eintracht Frankfurt win the 2025–26 Champions League?,,,7817714.745721,2025-07-21 13:58:50.402528-07:00,2026-05-30 17:00:00-07:00,sports,win,eintracht_frankfurt,,uefa_champions_league,,2025,,,sports|win|eintracht_frankfurt|uefa_champions_league|2025,sports|win|eintracht_frankfurt|uefa_champions_league|2025,0.86,sports outcome template
polymarket,archive,566157,0x9552060b91cc7502f17dcfd0dd5dbfc01d7eb5be48a853cde4e2b66227e5e030,Will Monaco win the 2025–26 Champions League?,,,6292144.894536,2025-07-21 13:58:50.994016-07:00,2026-05-30 17:00:00-07:00,sports,win,monaco,,uefa_champions_league,,2025,,,sports|win|monaco|uefa_champions_league|2025,sports|win|monaco|uefa_champions_league|2025,0.86,sports outcome template
polymarket,archive,566158,0x135e00bfdb16be6111f194cb8365ac5645707c3a43ce3ff298ab4dbf67fcdd09,Will Benfica win the 2025–26 Champions League?,,,9100807.218809,2025-07-21 13:58:51.501199-07:00,2026-05-30 17:00:00-07:00,sports,win,benfica,,uefa_champions_league,,2025,,,sports|win|benfica|uefa_champions_league|2025,sports|win|benfica|uefa_champions_league|2025,0.86,sports outcome template
polymarket,archive,566160,0x40c8ee9e0d66c80695e98b00c1930db96e39554f0eb0801e5cc271ad3f60025a,Will PSV win the 2025–26 Champions League?,,,6440901.470863,2025-07-21 13:58:52.543055-07:00,2026-05-30 17:00:00-07:00,sports,win,psv,,uefa_champions_league,,2025,,,sports|win|psv|uefa_champions_league|2025,sports|win|psv|uefa_champions_league|2025,0.86,sports outcome template
polymarket,archive,566163,0x5084907f4caed11fff6f029ecd5d66bf24f3afbf970352c0964b547a9079a374,Will Ajax win the 2025–26 Champions League?,,,13373490.72009,2025-07-21 13:58:54.160906-07:00,2026-05-30 17:00:00-07:00,sports,win,ajax,,uefa_champions_league,,2025,,,sports|win|ajax|uefa_champions_league|2025,sports|win|ajax|uefa_champions_league|2025,0.86,sports outcome template
polymarket,archive,566166,0xb7d6b207e1db1e7ea07a7fb37cfd42847f64f0efb0c4dc2af25b0fdd5cee1066,Will Union Saint-Gilloise win the 2025–26 Champions League?,,,12756397.600714,2025-07-21 13:58:55.631156-07:00,2026-05-30 17:00:00-07:00,sports,win,union_saint_gilloise,,uefa_champions_league,,2025,,,sports|win|union_saint_gilloise|uefa_champions_league|2025,sports|win|union_saint_gilloise|uefa_champions_league|2025,0.86,sports outcome template
polymarket,archive,566167,0x7e6021ad37547bbec1c6193df617be4ecbb0693d48bd8bb2d57bc290708335f8,Will Olympiakos win the 2025–26 Champions League?,,,18836897.943614,2025-07-21 13:58:56.108844-07:00,2026-05-30 17:00:00-07:00,sports,win,olympiakos,,uefa_champions_league,,2025,,,sports|win|olympiakos|uefa_champions_league|2025,sports|win|olympiakos|uefa_champions_league|2025,0.86,sports outcome template
polymarket,archive,566170,0xe06c8e9546be61e4ba8b03ad431dfff590fc6b21a5b746e71f62ae85f1dcad6a,Will Club Brugge win the 2025–26 Champions League?,,,15774797.900215,2025-07-21 13:58:57.549421-07:00,2026-05-30 17:00:00-07:00,sports,win,club_brugge,,uefa_champions_league,,2025,,,sports|win|club_brugge|uefa_champions_league|2025,sports|win|club_brugge|uefa_champions_league|2025,0.86,sports outcome template
polymarket,archive,566172,0x04b1198c2a888f4d162cc5eea844b2f67a80e684d37d8e75bbcde2fc2d06755b,Will Bodo Glimt win the 2025–26 Champions League?,,,8234780.637881,2025-07-21 13:58:58.737382-07:00,2026-05-30 17:00:00-07:00,sports,win,bodo_glimt,,uefa_champions_league,,2025,,,sports|win|bodo_glimt|uefa_champions_league|2025,sports|win|bodo_glimt|uefa_champions_league|2025,0.86,sports outcome template
polymarket,archive,566174,0xe371bb4a38f3714fc1ef7a8ecdaca8a8005aecead9ec95eb5ed8184ca55a94d7,Will Slavia Pragu win the 2025–26 Champions League?,,,28392439.058395,2025-07-21 13:58:59.713048-07:00,2026-05-30 17:00:00-07:00,sports,win,slavia_pragu,,uefa_champions_league,,2025,,,sports|win|slavia_pragu|uefa_champions_league|2025,sports|win|slavia_pragu|uefa_champions_league|2025,0.86,sports outcome template
polymarket,archive,566190,0xede5bd35327ea3d3c4ec164df7dd85de41a6c7de5419457281b6ad2d98d15086,Will Newcastle win the 2025–26 English Premier League?,,,7204467.062427,2025-07-21 14:13:00.946674-07:00,2026-05-26 17:00:00-07:00,,,,,,,,,,,,0.0,no supported template
polymarket,archive,566191,0x7cab9da787443beec1eb5e399afd46fffdc27b5f00e0293a1d6a9996c948ac52,Will Manchester United win the 2025–26 English Premier League?,,,6773212.909139,2025-07-21 14:13:01.538956-07:00,2026-05-26 17:00:00-07:00,,,,,,,,,,,,0.0,no supported template
polymarket,archive,566192,0x1b681ccb2987c2cd36e86d8182de50043106ba91cf9692506eea9f340d12293f,Will Tottenham win the 2025–26 English Premier League?,,,16088441.599967,,2026-05-26 17:00:00-07:00,,,,,,,,,,,,0.0,no supported template
polymarket,archive,566193,0x2ca58175aa8080357d9706c535bb0be218ce7bb156dc48753e0d8b8ee6b56635,Will Aston Villa win the 2025–26 English Premier League?,,,13758386.162751,2025-07-21 14:13:02.575545-07:00,2026-05-26 17:00:00-07:00,,,,,,,,,,,,0.0,no supported template
polymarket,archive,566194,0x3d7df1bd2cb3e1dbdfa20f368fbdbe3ed55d091174a633fd0bc21b5e3d3732b9,Will Brighton win the 2025–26 English Premier League?,,,13860625.678326,2025-07-21 14:13:03.080976-07:00,2026-05-26 17:00:00-07:00,,,,,,,,,,,,0.0,no supported template
polymarket,archive,566195,0x0856ff922ee902e07ac1401def92503d797cfa4160942a26ffb9065f1d596d26,Will Nottm Forest win the 2025–26 English Premier League?,,,11577254.909474,2025-07-21 14:13:03.589354-07:00,2026-05-26 17:00:00-07:00,,,,,,,,,,,,0.0,no supported template
polymarket,archive,566196,0x5974071cfbede55c04c1e44963c872de571a9286904c8edb1ded240e597a8011,Will Bournemouth win the 2025–26 English Premier League?,,,8548528.063208,2025-07-21 14:13:04.114438-07:00,2026-05-26 17:00:00-07:00,,,,,,,,,,,,0.0,no supported template
polymarket,archive,566197,0xcbb6f3d8c0443114ce3c151a1dbcc5b73d34444b0be0e44c42272a1653c3f1f8,Will Everton win the 2025–26 English Premier League?,,,15230068.142773,2025-07-21 14:13:04.721013-07:00,2026-05-26 17:00:00-07:00,,,,,,,,,,,,0.0,no supported template
polymarket,archive,566198,0x300603cf45c00af47424fffe1a012708d7c8d5f9830c0365c3bbc2f5924cc67d,Will West Ham win the 2025–26 English Premier League?,,,13204427.108273,2025-07-21 14:13:05.362713-07:00,2026-05-26 17:00:00-07:00,,,,,,,,,,,,0.0,no supported template
polymarket,archive,566199,0x5203a95598f18205fa5d1fae7afdefedfbb356679f1ae6e3911c54883a462034,Will Crystal Palace win the 2025–26 English Premier League?,,,9192025.471936,2025-07-21 14:13:05.836422-07:00,2026-05-26 17:00:00-07:00,,,,,,,,,,,,0.0,no supported template
polymarket,archive,566200,0x8c5699dd31e0782b3bff9d3aaf4a0f4077a1449cfa8d2e821c6e881e033c4afb,Will Fulham win the 2025–26 English Premier League?,,,9223784.151511,2025-07-21 14:13:06.502122-07:00,2026-05-26 17:00:00-07:00,,,,,,,,,,,,0.0,no supported template
polymarket,archive,566201,0x29eafc104d7824c838e194766074f50b352f866abd9bc2fe536b1cdf93e3663f,Will Brentford win the 2025–26 English Premier League?,,,11006501.100256,2025-07-21 14:13:07.066864-07:00,2026-05-26 17:00:00-07:00,,,,,,,,,,,,0.0,no supported template
polymarket,archive,566202,0x7e2484f2f94720b76d9380f26a35a64a2fe0e638467d4840c2a6ac7d879149e5,Will Wolves win the 2025–26 English Premier League?,,,10360459.280202,2025-07-21 14:13:07.753118-07:00,2026-05-26 17:00:00-07:00,,,,,,,,,,,,0.0,no supported template
polymarket,archive,566203,0xa4ff70673e8d6f76261400c0ffd9d7970bf6d8aec5f8f44b20434e59e3e3141e,Will Leeds win the 2025–26 English Premier League?,,,35729328.938948,2025-07-21 14:13:08.347001-07:00,2026-05-26 17:00:00-07:00,,,,,,,,,,,,0.0,no supported template
polymarket,archive,566204,0x536ee0e8926c58f8b14f08ff6769dcf01ecb64716e598c12d1d1335af287a198,Will Burnley win the 2025–26 English Premier League?,,,7432752.302443,2025-07-21 14:13:09.014011-07:00,2026-05-26 17:00:00-07:00,,,,,,,,,,,,0.0,no supported template
polymarket,archive,566205,0x819503ca15508ed1ecee519edba1666e8d789ac989590fbb03eda3abaff43e06,Will Sunderland win the 2025–26 English Premier League?,,,7124375.92418,2025-07-21 14:13:09.539494-07:00,2026-05-26 17:00:00-07:00,,,,,,,,,,,,0.0,no supported template
polymarket,archive,566231,0x71b8d91bf97c72da36b0383410c70600a6282928a0c9694f047f9a41d73e73a2,Will Athletic Bilbao win the 2025–26 La Liga?,,,6325061.457767,2025-07-21 14:26:40.161897-07:00,2026-05-29 17:00:00-07:00,,,,,,,,,,,,0.0,no supported template
polymarket,archive,566238,0xa6a324f5aed32ad2b72b68d276ed4c25a6ca628caf70b602bb2dc2f5e4b4be92,Will Espanyol win the 2025–26 La Liga?,,,7804179.54368,2025-07-21 14:26:43.724421-07:00,2026-05-29 17:00:00-07:00,,,,,,,,,,,,0.0,no supported template
polymarket,archive,566331,0x77b4a1d4cd398a86c18b6bb9b5218917dc9f04b01a3cd4bae1c71ea345f15fa8,Will Polymarket US go live in 2025?,,,65428102.459334,2025-07-21 22:09:45.504751-07:00,2025-12-30 16:00:00-08:00,,,,,,,,,,,,0.0,no supported template
polymarket,archive,567030,0x89f0c865380f678336c390ddc4fe63bd14b77852d8b84845b315715c73a41bd6,Houthi strike on Israel by August 31?,,,13308140.845727,2025-07-23 08:54:51.005175-07:00,2025-08-30 17:00:00-07:00,,,,,,,,,,,,0.0,no supported template
polymarket,archive,567470,0x35bc1bf05846a2d4a72ff03f1c93b8f41ec6a45241a2292ddbb2c919dd7a68f3,Thailand strikes Cambodia by Friday?,,,15037403.469426,2025-07-24 05:24:50.068834-07:00,2025-07-24 17:00:00-07:00,,,,,,,,,,,,0.0,no supported template
polymarket,archive,567621,0xd9fb1184af0064e5e34b129f5b79afa5a17b7e32f2953ab05efed82315fee6d4,Will China invade Taiwan by end of 2026?,,,8039311.352688,2025-07-24 15:43:54.006955-07:00,2026-12-30 16:00:00-08:00,,,,,,,,,,,,0.0,no supported template
polymarket,archive,567687,0xaeea5f917fc5746387b5f9c0a4263dba035dbb3f0ac6ad72bf92183d21e26739,Russia x Ukraine ceasefire by end of 2026?,,,8323737.002406,2025-07-24 16:09:45.502627-07:00,2026-12-30 16:00:00-08:00,,,,,,,,,,,,0.0,no supported template
polymarket,archive,569426,0xbcb33ad98c8141b10f2350ef687eddf0660484ecc15be42ecdae64339e64dce1,Will André Ventura win the 2026 Portugal presidential election?,,,15089055.69334,2025-07-28 12:21:31.258799-07:00,2026-01-25 06:00:00-08:00,,,,,,,,,,,,0.0,no supported template
polymarket,archive,569428,0x1a550f4be5469a1f7f19a6a87eb1d3c5aee638dd4b325cd7e80c94fcb69a4325,Will Aristides Teixeira win the 2026 Portugal presidential election?,,,9109551.072016,2025-07-28 12:21:39.393813-07:00,2026-01-25 06:00:00-08:00,,,,,,,,,,,,0.0,no supported template
polymarket,archive,569431,0x2bd06b3fd416fa6bbb9cf2667ff62977754e49b6d7966077173d266a71a2f240,Will Pedro Tinoco de Faria win the 2026 Portugal presidential election?,,,8696154.78264,2025-07-28 12:21:42.769982-07:00,2026-01-25 06:00:00-08:00,,,,,,,,,,,,0.0,no supported template
polymarket,archive,569435,0xbc4e7ff877a14d8e0dd44bdc0f95ca7a1cf0956fdcfeaf57828a9a9761f95f91,Will Ângela Maryah win the 2026 Portugal presidential election?,,,7068435.967606,2025-07-28 12:21:45.434173-07:00,2026-01-25 06:00:00-08:00,,,,,,,,,,,,0.0,no supported template
polymarket,archive,569436,0x35fdbb84a6a3c45466deea33ee0f0500e70078351ff8b8fb0576d361bb2eeed1,Will António Filipe win the 2026 Portugal presidential election?,,,7184026.570925,2025-07-28 12:21:46.164749-07:00,2026-01-25 06:00:00-08:00,,,,,,,,,,,,0.0,no supported template
polymarket,archive,569437,0x3b1a3232b14a029f96a3e1b04a5d8dde31575d74024389b53631e73b4a494480,Will Raul Perestrello win the 2026 Portugal presidential election?,,,18895337.951092,2025-07-28 12:21:48.096669-07:00,2026-01-25 06:00:00-08:00,,,,,,,,,,,,0.0,no supported template
polymarket,archive,569438,0x18b1dc1565575cb2ff48bbc078070170ca3278691860cca7c97131fc657a9530,Will José Cardoso win the 2026 Portugal presidential election?,,,8448383.481392,2025-07-28 12:21:48.698146-07:00,2026-01-25 06:00:00-08:00,,,,,,,,,,,,0.0,no supported template
polymarket,archive,569440,0xbc4e5a49c32f7d9cc55654ddfbcf8f75706edc07a11ae327730bb877750bbeaa,Will Jorge Pinto win the 2026 Portugal presidential election?,,,6453061.397415,2025-07-28 12:21:49.650057-07:00,2026-01-25 06:00:00-08:00,,,,,,,,,,,,0.0,no supported template
polymarket,archive,570342,0xf49b6a1e61d3dc08ca157e5625a8b8c0befb087fe21f706dae1541b505a5d1e2,Katy Perry and Justin Trudeau confirmed relationship by October 31?,,,6152916.306385,2025-07-31 10:02:29.317185-07:00,2025-10-30 17:00:00-07:00,,,,,,,,,,,,0.0,no supported template
polymarket,archive,570360,0x6903b766f5fda3d5b02f4472a6b4154419e78b7fd126c0b29ce17bb8e20b20cc,Fed decreases interest rates by 50+ bps after December 2025 meeting?,,,161574382.129451,2025-07-31 12:28:08.091057-07:00,2025-12-09 16:00:00-08:00,,,,,,,,,,,,0.0,no supported template
polymarket,archive,570361,0xcb111226a8271fed0c71bb5ec1bd67b2a4fd72f1eb08466e2180b9efa99d3f32,Fed decreases interest rates by 25 bps after December 2025 meeting?,,,54634506.683355,,2025-12-09 16:00:00-08:00,,,,,,,,,,,,0.0,no supported template
polymarket,archive,570362,0x58f4542341fcc66a2197877b7487ebe901b689ec42bcdbb0a070f5536d91459e,No change in Fed interest rates after December 2025 meeting?,,,44523455.111481,,2025-12-09 16:00:00-08:00,,,,,,,,,,,,0.0,no supported template
polymarket,archive,570363,0xfcd2fb666c5a346faee448e63267346a3ec394a52bce4c199877559da91cd2c1,Fed increases interest rates by 25+ bps after December 2025 meeting?,,,133173605.453166,2025-07-31 12:28:09.607045-07:00,2025-12-09 16:00:00-08:00,,,,,,,,,,,,0.0,no supported template
polymarket,archive,571184,0x3f39fa8f3268c6b5c72c866ad6e62da2f1fb082a397a7daffd55f8626dcce996,Will Chris Moneymaker win the 2025 National Heads-Up Poker Championship?,,,7508482.983987,2025-08-03 09:20:48.372852-07:00,2025-12-31 14:00:00-08:00,,,,,,,,,,,,0.0,no supported template
polymarket,archive,571190,0x95339d66be14aa33347e3543f37a7ccb5ffd38ba3afb21862e0384f06d8e997c,Will T.J. Lavin win the 2025 National Heads-Up Poker Championship?,,,15113495.368893,2025-08-03 09:20:52.691084-07:00,2025-12-31 14:00:00-08:00,,,,,,,,,,,,0.0,no supported template
polymarket,archive,571191,0x963e78843fc55b202a8191d8bce016c79c31943ed711d6b29c0bc1fd19c81c30,Will Rob Riggle win the 2025 National Heads-Up Poker Championship?,,,38337948.635363,2025-08-03 09:20:53.418603-07:00,2025-12-31 14:00:00-08:00,,,,,,,,,,,,0.0,no supported template
polymarket,archive,571195,0x99241c01f124bd94f2a1fc43d303309f268b89e12ddf56dd13c7ceb2a99bd8a1,Will Erick Lindgren win the 2025 National Heads-Up Poker Championship?,,,14836968.140613,2025-08-03 09:20:56.633885-07:00,2025-12-31 14:00:00-08:00,,,,,,,,,,,,0.0,no supported template
polymarket,archive,571198,0x9987e2d705637f4bbf62c65dbdd111f09a88c7952c04a8548b0f2850acc6d067,Will Jason Calacanis win the 2025 National Heads-Up Poker Championship?,,,6989151.075057,2025-08-03 09:20:58.856324-07:00,2025-12-31 14:00:00-08:00,,,,,,,,,,,,0.0,no supported template
polymarket,archive,571200,0xa3e175667c98609b0f7f741fda44ccfdca25c58887c5839646035c5c4564d334,Will Josh Arieh win the 2025 National Heads-Up Poker Championship?,,,10066191.394629,,2025-12-31 14:00:00-08:00,,,,,,,,,,,,0.0,no supported template
polymarket,archive,571202,0x3b7ab4db94da01d99c2b83a1a6a389d2ae57c2147397864f0656afcdd3d02387,Will David Williams win the 2025 National Heads-Up Poker Championship?,,,26661572.0032,2025-08-03 09:21:02.339338-07:00,2025-12-31 14:00:00-08:00,,,,,,,,,,,,0.0,no supported template
polymarket,archive,571213,0xcfd22ea2d52b43ff0e8685f013ec330a7111f96c15cee4a3b2a05e895ba80e24,Will Scott Seiver win the 2025 National Heads-Up Poker Championship?,,,13158088.244989,,2025-12-31 14:00:00-08:00,,,,,,,,,,,,0.0,no supported template
polymarket,archive,571214,0x4dce6b5f1fa7693336ba4df1537ccff1835f20a3414cc951790e5caf75cd8cff,Will Chef Phillip win the 2025 National Heads-Up Poker Championship?,,,22533633.258365,2025-08-03 09:21:12.853877-07:00,2025-12-31 14:00:00-08:00,,,,,,,,,,,,0.0,no supported template
polymarket,archive,571215,0xceea68084e3969e9906901171e34f362c1ab0049b120f587da6b8c7bf558000d,Will Frank Crivello win the 2025 National Heads-Up Poker Championship?,,,11898449.341827,2025-08-03 09:21:13.675533-07:00,2025-12-31 14:00:00-08:00,,,,,,,,,,,,0.0,no supported template
polymarket,archive,571229,0x0947ea5d498ab1f76a5eadc9f0ffe655533fa0b636c26f877c9f1acaf30fc7e1,Will Justin Young win the 2025 National Heads-Up Poker Championship?,,,6324028.273999,2025-08-03 09:21:25.531199-07:00,2025-12-31 14:00:00-08:00,,,,,,,,,,,,0.0,no supported template
polymarket,archive,571240,0x046e77ee08cb4fc2732afc04105b13be93f638087219b590fee7fa11b95cb6f8,Will Bryn Kenney win the 2025 National Heads-Up Poker Championship?,,,6288740.32813,2025-08-03 09:21:32.253329-07:00,2025-12-31 14:00:00-08:00,,,,,,,,,,,,0.0,no supported template
polymarket,archive,572178,0xc04bca7f2f6881dbc37e007f7c14813d77d55e0d6663c27ee42b60f7bac8f1d2,Will Ariana Grande be the top Spotify artist for 2025?,,,6857192.441319,2025-08-04 17:12:55.141556-07:00,2025-12-30 16:00:00-08:00,,,,,,,,,,,,0.0,no supported template
polymarket,archive,572180,0x2a34915c245f4b94976dda8afddb56452caf0ba2307500f78d7f08813d467917,Will Billie Eilish be the top Spotify artist for 2025?,,,16179129.9501,2025-08-04 17:12:56.675633-07:00,2025-12-30 16:00:00-08:00,,,,,,,,,,,,0.0,no supported template
polymarket,archive,572182,0xed4ac47e2d2845f7b4e65a31487a9185cecfaef7e538ac5036142c2b10291925,Will Ed Sheeran be the top Spotify artist for 2025?,,,12168485.412909,2025-08-04 17:12:58.108381-07:00,2025-12-30 16:00:00-08:00,,,,,,,,,,,,0.0,no supported template
polymarket,archive,572186,0x4e32072a5aa4f047d78e65f176075d4847fbb321c171a52a6366035090b789c4,Will Justin Bieber be the top Spotify artist for 2025?,,,6329477.288817,2025-08-04 17:13:01.324249-07:00,2025-12-30 16:00:00-08:00,,,,,,,,,,,,0.0,no supported template
polymarket,archive,572187,0x099952efaf314cb44fcc6179e1fd8ca309e473f7dd924e980a381b70648f2887,Will Bruno Mars be the top Spotify artist for 2025?,,,13481205.344928,2025-08-04 17:13:02.143466-07:00,2025-12-30 16:00:00-08:00,,,,,,,,,,,,0.0,no supported template
polymarket,archive,572189,0xf411ada563d621dd96093bd1754a3a9be2ab0604335b9875ce1011dfde9aab4d,Will Coldplay be the top Spotify artist for 2025?,,,7287869.917,2025-08-04 17:13:03.706192-07:00,2025-12-30 16:00:00-08:00,,,,,,,,,,,,0.0,no supported template
polymarket,archive,572190,0x2d41f73f0e31be956ffb2b67b9fde896201cd5e62b2a0e17f03aa752941488eb,Will Ye be the top Spotify artist for 2025?,,,9887489.907,2025-08-04 17:13:04.480371-07:00,2025-12-30 16:00:00-08:00,,,,,,,,,,,,0.0,no supported template
polymarket,archive,572469,0x61b66d02793b4a68ab0cc25be60d65f517fe18c7d654041281bb130341244fcc,Will Trump nominate Kevin Warsh as the next Fed chair?,,,28837338.607644,,2026-12-30 16:00:00-08:00,,,,,,,,,,,,0.0,no supported template
polymarket,archive,572470,0xdcc87b9ca36015e396bd0eebca29e854a136ed2b0b701049d1ee9da6bee3eb35,Will Trump nominate Kevin Hassett as the next Fed chair?,,,22192244.767085,2025-08-05 10:13:19.537154-07:00,2026-12-30 16:00:00-08:00,,,,,,,,,,,,0.0,no supported template
polymarket,archive,572471,0x705371444684d676041d1010a94cae3a657340fa4809b4307de3c173a35e0957,Will Trump nominate Christopher Waller as the next Fed chair?,,,16427323.874816,2025-08-05 10:13:20.108183-07:00,2026-12-30 16:00:00-08:00,,,,,,,,,,,,0.0,no supported template
polymarket,archive,572472,0xc82669901de7cb0be25c1d8de39fbbe8e2ddc0aacba0a30a663ed13c3b9eb06d,Will Trump nominate Bill Pulte as the next Fed chair?,,,23559714.888131,2025-08-05 10:13:20.596895-07:00,2026-12-30 16:00:00-08:00,,,,,,,,,,,,0.0,no supported template
polymarket,archive,572473,0x46d40e851b24d9b0af4bc1942ccd86439cae82a9011767da14950df0ad997adf,Will Trump nominate Judy Shelton as the next Fed chair?,,,48129662.16869,2025-08-05 10:13:21.107739-07:00,2026-12-30 16:00:00-08:00,,,,,,,,,,,,0.0,no supported template
polymarket,archive,572476,0xe844e12246d8504b8ec30c1d461718dbc9645fb73487ca50e5e716eefbb2bc63,Will Trump nominate Arthur Laffer as the next Fed chair?,,,20972373.008664,2025-08-05 10:13:22.757557-07:00,2026-12-30 16:00:00-08:00,,,,,,,,,,,,0.0,no supported template
polymarket,archive,572477,0x22d3d4722ce79dae5b2594df2ce89b1c283e3227b78718353bcca2e854d115a4,Will Trump nominate Larry Kudlow as the next Fed chair?,,,10118186.183766,2025-08-05 10:13:23.257626-07:00,2026-12-30 16:00:00-08:00,,,,,,,,,,,,0.0,no supported template
polymarket,archive,572478,0x60acc46cda1f0619259acf3ef8c77bf734ff08cbed256ca3d1e9444138e21266,Will Trump nominate Jerome Powell as the next Fed chair?,,,22317276.26242,2025-08-05 10:13:23.792329-07:00,2026-12-30 16:00:00-08:00,,,,,,,,,,,,0.0,no supported template
polymarket,archive,572479,0xfee4b6988b9513dab72118c97abeb4369f0d9a7c2290337ca5d5c2f116a148c2,Will Trump nominate Ron Paul as the next Fed chair?,,,12380627.084833,2025-08-05 10:13:24.319551-07:00,2026-12-30 16:00:00-08:00,,,,,,,,,,,,0.0,no supported template
polymarket,archive,572480,0x94947a23e965124fa382e3ff89827b7bb00c2e2f3f9c0b92137e639d4cbfb080,Will Trump nominate Stephen Miran as the next Fed chair?,,,8894920.073053,2025-08-05 10:13:24.899335-07:00,2026-12-30 16:00:00-08:00,,,,,,,,,,,,0.0,no supported template
polymarket,archive,572481,0xdb1ae961e30733e7857ebb425b5f6449fa8032de13f32c1c6e447a0c3801ca04,Will Trump nominate Scott Bessent as the next Fed chair?,,,14705747.044053,2025-08-05 10:13:25.390325-07:00,2026-12-30 16:00:00-08:00,,,,,,,,,,,,0.0,no supported template
polymarket,archive,572484,0x92291ad59a105b0fb205f8aa2d3d2dbba7ee249ad6532672c854eaaf79fc135c,Will Trump nominate David Zervos as the next Fed chair?,,,17767381.58491,2025-08-05 10:13:26.976005-07:00,2026-12-30 16:00:00-08:00,,,,,,,,,,,,0.0,no supported template
polymarket,archive,572485,0xbd603617895e199d4042781ee55a7a9614af3130ca8e90d257424ca246f66197,Will Trump nominate Rick Rieder as the next Fed chair?,,,18521490.515585,2025-08-05 10:13:27.550537-07:00,2026-12-30 16:00:00-08:00,,,,,,,,,,,,0.0,no supported template
polymarket,archive,572486,0xfc6eace32f283eda179c15d447fe61f0426846bace5c583a967ddeaba58c2f93,Will Trump nominate Michelle Bowman as the next Fed chair?,,,15333660.568896,2025-08-05 10:13:28.050406-07:00,2026-12-30 16:00:00-08:00,,,,,,,,,,,,0.0,no supported template
polymarket,archive,572488,0xfbb2046e013da7b66ecedf3a9de63ce446fd57c23ccc77cd019991f485522236,Will Trump nominate Philip Jefferson as the next Fed chair?,,,10601250.351725,,2026-12-30 16:00:00-08:00,,,,,,,,,,,,0.0,no supported template
polymarket,archive,572489,0xc71855fc12bcc7fed8448d4eb863a3aab497e8bbd135ee54d5a8ddb03c4ea1f9,Will Trump nominate Janet Yellen as the next Fed chair?,,,21088922.979942,2025-08-05 10:13:29.508418-07:00,2026-12-30 16:00:00-08:00,,,,,,,,,,,,0.0,no supported template
polymarket,archive,572492,0x1d0f90b6e67d5e574780c98d42b0d339d4b17e945215fcc555ffd8a31092d76a,Will Trump nominate Barron Trump as the next Fed chair?,,,20730663.01291,2025-08-05 10:13:31.104652-07:00,2026-12-30 16:00:00-08:00,,,,,,,,,,,,0.0,no supported template
polymarket,archive,572494,0x3d83f444f62b2afe0cb28485073cbf3617400d58813cd351cd4d242560ac47f2,Will Trump nominate himself as the next Fed chair?,,,23294798.436,2025-08-05 10:13:32.209843-07:00,2026-12-30 16:00:00-08:00,,,,,,,,,,,,0.0,no supported template
polymarket,archive,572506,0xc830d19ead001f5378792cc0df36004ddb1b312bb26fbd5c4226aa698c41f808,Will Trump nominate no one before 2027?,,,8859551.898883,2025-08-05 10:13:38.595276-07:00,2026-12-30 16:00:00-08:00,,,,,,,,,,,,0.0,no supported template
polymarket,archive,574072,0x9322e033c6dc8be6d8495cc44ac578abaa28a8cccdb783de1bff0026066d1d05,"Will Bitcoin reach $140,000 by December 31, 2025?",,,8804123.733621,2025-08-08 03:24:42.241575-07:00,,,,,,,,,,,,,0.0,no supported template
polymarket,archive,574073,0x0c23ad7af38087ab27f94fd35eec62b4f53c0d6edd16bf04d85b7c456dc777de,"Will Bitcoin reach $170,000 by December 31, 2025?",,,7721957.288049,2025-08-08 03:25:52.857018-07:00,,,,,,,,,,,,,0.0,no supported template
polymarket,archive,574604,0x46dc560a09f07d8b6989bec851262e4df92ea0dd909631cf987afc88c8b8d729,Will MrBeast raise $40M for clean water by August 31?,,,7326525.907317,,2025-08-30 17:00:00-07:00,,,,,,,,,,,,0.0,no supported template
polymarket,archive,574841,0xec05c24e569aca2bdd5d6e948f7810e1b4449cb98433c0e34bc8c4baa1df3ef8,Trump deploys National Guard in D.C. by Monday?,,,7921692.162743,2025-08-10 19:04:39.776627-07:00,2025-08-10 17:00:00-07:00,,,,,,,,,,,,0.0,no supported template
polymarket,archive,575171,0x289092682de83f6542949b2e13a576d672ce8830f4993be0558a918be2d0ed99,Will Tesla launch a driverless Robotaxi service by October 31?,,,6604477.871118,2025-08-12 09:00:48.064563-07:00,2025-10-30 17:00:00-07:00,,,,,,,,,,,,0.0,no supported template
polymarket,archive,576410,0xfe8911cbf25e9e359396faf1c0fcd31a9f2a3c3bb35d299e83f1cd200063cf34,"Will Ethereum hit $17,000 by December 31?",,,6416296.559687,2025-08-15 02:34:42.791875-07:00,2025-12-31 20:00:00-08:00,,,,,,,,,,,,0.0,no supported template
polymarket,archive,578140,0xacac1a4b66459802a709b2f2eeed96fed8f8982a6fa6a782c3bc29556cc5b5a0,Israel x Hamas ceasefire by October 31?,,,6659880.871753,2025-08-18 13:04:22.633765-07:00,2025-10-30 17:00:00-07:00,,,,,,,,,,,,0.0,no supported template
polymarket,archive,579306,0x3d16ed6f91ad7d3ffb1633e792a6b5595cbd30cf8a9f63883ade9e6e97c8bdc8,US x Venezuela military engagement by October 31?,,,6816571.45939,2025-08-21 08:58:22.905933-07:00,2025-10-30 17:00:00-07:00,,,,,,,,,,,,0.0,no supported template
polymarket,archive,580840,0x33e9820998c7f9d3258999bc1f1ab4341de836d826a8583a1457c2a8f834c2b0,Will Trump impose more sanctions on Russia by September 30?,,,8030505.614676,2025-08-25 06:53:15.386476-07:00,2025-09-29 17:00:00-07:00,,,,,,,,,,,,0.0,no supported template
polymarket,archive,581247,0xfae907b4c7d9b39fcd27683e3f9e4bdbbafc24f36765b6240a93b8c94ed206fa,Lisa Cook out as Fed Governor by September 30?,,,7598984.9543,2025-08-25 17:42:40.368292-07:00,2025-09-29 17:00:00-07:00,,,,,,,,,,,,0.0,no supported template
polymarket,archive,582313,0x16d0091ceb7205446bbad250bf51f4f0d9f95265f8945422289c97dc4926cffd,Will MrBeast reach 450 million subscribers in 2025?,,,8495812.451834,2025-08-27 09:31:34.504276-07:00,2025-12-30 16:00:00-08:00,,,,,,,,,,,,0.0,no supported template
polymarket,archive,585592,0x09b3e4c716df2579afa0ede1bf00edd84f8cbe1e335785f90336e7a909c52f8e,US government shutdown by October 1?,,,13491651.789377,2025-09-01 16:17:53.797672-07:00,2025-09-30 17:00:00-07:00,,,,,,,,,,,,0.0,no supported template
polymarket,archive,585694,0x8bc367aaeae9b482be6f1d2ca2be73a4ab807922c828770a0b8bceb1a0bfdbd0,Will Trump resign today?,,,9746847.213005,2025-09-01 22:49:43.915518-07:00,2025-09-01 17:00:00-07:00,office_exit,resign,donald_trump,,,,,,,office_exit|resign|donald_trump,office_exit|resign|donald_trump,0.88,office exit template
polymarket,archive,587981,0x63570f0c846b340c8c3c879ef0fbfd9261c59eff94c5ff1ae8d39941b79ceafb,Will Monad perform an airdrop by October 31? ,,,11023838.946488,2025-09-04 12:13:40.027103-07:00,2025-10-31 21:00:00-07:00,,,,,,,,,,,,0.0,no supported template
polymarket,archive,588775,0x62b0cd598091a179147acbd4616400f804acfdff6f76f029944b481b37cbd45f,US x Venezuela military engagement by December 31?,,,51073020.592839,2025-09-05 09:18:14.303947-07:00,2025-12-30 16:00:00-08:00,,,,,,,,,,,,0.0,no supported template
polymarket,archive,599844,0x6d250918ac8353e8aedd848e1c0934c0feb8ad1be05676f19414def48d4a914a,Trump strikes another drug boat by Sep 30?,,,6805884.965751,2025-09-15 20:48:49.637292-07:00,2025-09-29 17:00:00-07:00,,,,,,,,,,,,0.0,no supported template
polymarket,archive,601577,0xba4493c626ec27930b6c580c956b69580e77c488a84140997180f054230a4553,Lighter market cap (FDV) >$4B one day after launch?,,,9042717.463856,2025-09-17 07:13:40.992717-07:00,,,,,,,,,,,,,0.0,no supported template
polymarket,archive,601697,0x17815081230e3b9c78b098162c33b1ffa68c4ec29c123d3d14989599e0c2e113,Fed decreases interest rates by 50+ bps after January 2026 meeting?,,,235065166.637259,2025-09-17 09:22:35.837625-07:00,2026-01-27 16:00:00-08:00,,,,,,,,,,,,0.0,no supported template
polymarket,archive,601698,0x35cc41270f5cdfd59b45e68ab85dc51b0b900d286a6c74ea006b8572d9ff5934,Fed decreases interest rates by 25 bps after January 2026 meeting?,,,101211542.667667,2025-09-17 09:22:37.437037-07:00,2026-01-27 16:00:00-08:00,,,,,,,,,,,,0.0,no supported template
polymarket,archive,601699,0xe93c89c41d1bb08d3bb40066d8565df301a696563b2542256e6e8bbbb1ec490d,No change in Fed interest rates after January 2026 meeting?,,,106767096.072298,2025-09-17 09:22:38.693526-07:00,2026-01-27 16:00:00-08:00,,,,,,,,,,,,0.0,no supported template
polymarket,archive,601700,0x7c6c69d91b21cbbea08a13d0ad51c0e96a956045aaadc77bce507c6b0475b66e,Fed increases interest rates by 25+ bps after January 2026 meeting?,,,216455743.153891,2025-09-17 09:22:39.874792-07:00,2026-01-27 16:00:00-08:00,,,,,,,,,,,,0.0,no supported template
polymarket,archive,604067,0x69288fa222571671b65c976e43b8e01100e527222b9e19b6a2b78998129d1ea3,Will MetaMask launch a token in 2025?,,,6182924.695208,,2025-12-31 21:00:00-08:00,,,,,,,,,,,,0.0,no supported template
polymarket,archive,618949,0x25e73d2f118e87fc15df7cf736172737f0b82b7ec6ca6a24cd67ae341ed760fb,Will Bitcoin reach $200k in October?,,,15617197.1584,2025-10-01 01:07:14.382343-07:00,2025-10-31 21:00:00-07:00,,,,,,,,,,,,0.0,no supported template
polymarket,archive,620015,0xffcbecbfa6983b3cdd5e91d078088beb5738d0c746bcedceb62f7bfed0470af5,"Will Bitcoin dip to $80,000 by December 31, 2025?",,,8066294.940938,2025-10-02 09:31:20.150382-07:00,2025-12-31 21:00:00-08:00,,,,,,,,,,,,0.0,no supported template
polymarket,archive,621018,0xbea5d5174cb5355eaf0f8cee780e67d0b22a6ff614ef7ec82cc2fe6ce8f4b111,US x Venezuela military engagement by November 30?,,,9188343.67475,2025-10-03 11:30:55.959202-07:00,2025-11-29 16:00:00-08:00,,,,,,,,,,,,0.0,no supported template
polymarket,archive,623602,0xec21462ef58f792b5c1ff07bfdc66401b631c6fb42562ccceb2de279f0e73788,Will the Government shutdown end November 8-11?,,,11773855.877798,2025-10-06 10:08:46.955128-07:00,2025-11-14 16:00:00-08:00,,,,,,,,,,,,0.0,no supported template
polymarket,archive,623603,0x55a469ea12fc89bf6b12c38fc764e35c05b4b520485adf4c8716d6369b38ad8a,Will the Government shutdown end November 12-15?,,,8422644.165384,2025-10-06 10:08:47.482761-07:00,2025-11-14 16:00:00-08:00,,,,,,,,,,,,0.0,no supported template
polymarket,archive,623604,0x8f8783bdabdd500dc401caddd12fea4bfae91543a8ea4458fc38e0539ffd3cb9,Will the Government shutdown end November 16 or later?,,,9839429.155274,2025-10-06 10:08:48.116898-07:00,2025-11-14 16:00:00-08:00,,,,,,,,,,,,0.0,no supported template
polymarket,archive,626070,0xc432af9280482e26f71cb60e0f6f73b302cecb95371e1b076b99da1daa240211,Will Israel first announce ceasefire on October 8?,,,10249058.478675,2025-10-07 08:20:50.591502-07:00,,,,,,,,,,,,,0.0,no supported template
polymarket,archive,631220,0x41aba4c5cbe54dc8db7939be27e47860708f22e53219182a8177252ecac3f085,Will Tesla be the largest company in the world by market cap on November 30?,,,11637679.639845,2025-10-10 14:05:51.051361-07:00,2025-11-29 16:00:00-08:00,,,,,,,,,,,,0.0,no supported template
polymarket,archive,631279,0xac265bd6d6f62b4891b3d8a6942cbc0e1b4bc44fdc9f7b5e689d17127af6782f,Will Saudi Aramco be the second-largest company in the world by market cap on December 31?,,,8736917.396424,2025-10-10 14:22:40.051723-07:00,2025-12-30 16:00:00-08:00,,,,,,,,,,,,0.0,no supported template
polymarket,archive,631291,0x4b00857d5007f57e490f15186efaa6d6258280231f27eab57ed0de7057170b99,Will Saudi Aramco be the second-largest company in the world by market cap on November 30?,,,6341732.02064,2025-10-10 14:22:43.776203-07:00,2025-11-29 16:00:00-08:00,,,,,,,,,,,,0.0,no supported template
polymarket,archive,632250,0xa13312b2cc64532aed2a446b66e5a2d8d8b440b24d7213d33b6dae6a58c33223,Steelers vs. Bengals,,,6753083.745403,2025-10-11 22:00:01.073844-07:00,2025-10-23 17:15:00-07:00,,,,,,,,,,,,0.0,non-binary or non-yes-no polymarket outcome
polymarket,archive,633033,0xf6ae726ba56c07c2cc7ec8fafcd9c41ab992c59406d82888e0940b280c81aefa,Buccaneers vs. Lions,,,7448884.410265,2025-10-12 22:00:01.701544-07:00,2025-10-27 16:00:00-07:00,,,,,,,,,,,,0.0,non-binary or non-yes-no polymarket outcome
polymarket,archive,633316,0xa201124f1421c39673f834dc55f82560d3b7734772254f9e72fcb35fe441d41f,Will T1 win LoL Worlds 2025?,,,7753176.610305,2025-10-13 07:01:31.897343-07:00,2025-11-08 16:00:00-08:00,,,,,,,,,,,,0.0,no supported template
polymarket,archive,635222,0x7a461888f0011b1730d74422388d76626b800033eb10a8fff4643984fb9f8806,Will Donald Trump be the #1 searched person on Google this year?,,,10483734.021399,,2025-12-30 16:00:00-08:00,,,,,,,,,,,,0.0,no supported template
polymarket,archive,635229,0xc60a01a86797f61188a3e593501a25af1d0fb3ef593987f18e0369f086207392,Will Vladimir Putin be the #1 searched person on Google this year?,,,7248122.509011,2025-10-13 14:09:27.869781-07:00,2025-12-30 16:00:00-08:00,,,,,,,,,,,,0.0,no supported template
polymarket,archive,635230,0xb9b05c3a14c6a7c1c6c00a8c214ed154d4232a885f98ebfd01889204ed252931,Will Pope Leo XIV be the #1 searched person on Google this year?,,,7533509.09764,,2025-12-30 16:00:00-08:00,,,,,,,,,,,,0.0,no supported template
polymarket,archive,635246,0xea17b1284d10617a57f910b2ea63bdef481b1724a4b899d454ff104bea67b657,Will d4vd be the #1 searched person on Google this year?,,,13950282.417654,2025-10-13 14:09:36.733286-07:00,2025-12-30 16:00:00-08:00,,,,,,,,,,,,0.0,no supported template
polymarket,archive,638492,0x03ec83b8b1dc87d3c2b1c2c89535a344d859f25fa350801d63d2e1217827215b,Will edgeX launch a token in 2025?,,,6533516.768918,2025-10-17 09:14:58.795372-07:00,2025-12-31 21:00:00-08:00,,,,,,,,,,,,0.0,no supported template
polymarket,archive,642841,0x9ea5173f151792a2056f7c799a4a7a33b0fca77c2048cfc9adbb2e87ba81631d,Will Stable launch a token in 2025?,,,8477043.897253,2025-10-21 11:33:33.045818-07:00,2025-12-31 21:00:00-08:00,,,,,,,,,,,,0.0,no supported template
polymarket,archive,645986,0x2c3dce8515854f167dc523745a6b9d98d22ec9266d9f4921f62fd3e4bf1cfa1b,U.S. anti-cartel strike/operation on foreign soil by December 31?,,,6161817.701307,,2025-12-30 16:00:00-08:00,,,,,,,,,,,,0.0,no supported template
polymarket,archive,649704,0xf6b7380d59a66a9d4e3edde4ddbb93341b71cd23f55cf81c7453ef623588a6e2,LoL: Gen.G vs Hanwha Life Esports (BO5),,,7464627.87532,2025-10-25 09:00:06.766014-07:00,2025-10-28 06:00:00-07:00,,,,,,,,,,,,0.0,non-binary or non-yes-no polymarket outcome
polymarket,archive,649725,0x8537a730944579ad641994d6cbb14a636e1fdafc7615aa95d779018ae2d6191a,LoL: G2 Esports vs Top Esports (BO5),,,6124386.636406,2025-10-25 09:00:08.347376-07:00,2025-10-30 06:00:00-07:00,,,,,,,,,,,,0.0,non-binary or non-yes-no polymarket outcome
polymarket,archive,649736,0x309b383d4c3f4a97d25213570c5f1e795d87ea2161c24aa09d82da8b201e0f25,LoL: Anyone's Legend vs T1 (BO5),,,14895604.508668,2025-10-25 09:00:09.850993-07:00,2025-10-31 06:00:00-07:00,,,,,,,,,,,,0.0,non-binary or non-yes-no polymarket outcome
polymarket,archive,649847,0xa886b40d69b4733df3086a6b3f106ab783e1ac7fa91fea42ad807a00ed0f6846,Monad market cap (FDV) >$4B one day after launch?,,,34894820.551069,2025-10-25 11:45:46.424662-07:00,2026-06-29 17:00:00-07:00,,,,,,,,,,,,0.0,no supported template
polymarket,archive,649955,0xf2961c5c9fdf89e689d0d232927f9e0fb4083bbcc4cd88ab2b14e3af827fb62d,Over $1.8B committed to the MegaETH public sale?,,,14824151.336275,2025-10-25 15:14:09.243355-07:00,2025-12-31 21:00:00-08:00,,,,,,,,,,,,0.0,no supported template
polymarket,archive,650380,0x31e0d4320eb9666e93e20f989061f3eee82e80de9caff260cdeb9c0a4946093b,Over $1B committed to the MegaETH public sale?,,,13431462.485535,2025-10-26 03:31:06.892262-07:00,2025-12-31 21:00:00-08:00,,,,,,,,,,,,0.0,no supported template
polymarket,archive,651120,0x92c868889653f6236d249420b9dec718d9403d7464874e8abac7709c5ed6d7e7,Cardinals vs. Cowboys,,,6769027.270199,,2025-11-10 17:15:00-08:00,,,,,,,,,,,,0.0,non-binary or non-yes-no polymarket outcome
polymarket,archive,654412,0xdeb615a52cd114e5aa27d8344ae506a72bea81f6ed13f5915f050b615a193c20,Will the Fed decrease interest rates by 50+ bps after the March 2026 meeting?,,,21104920.842982,2025-10-28 13:58:04.772334-07:00,2026-03-17 17:00:00-07:00,,,,,,,,,,,,0.0,no supported template
polymarket,archive,654415,0x25aa90b3cd98305e849189b4e8b770fc77fe89bccb7cf9656468414e01145d38,Will the Fed increase interest rates by 25+ bps after the March 2026 meeting?,,,23087834.206663,2025-10-28 13:58:06.700202-07:00,2026-03-17 17:00:00-07:00,,,,,,,,,,,,0.0,no supported template
polymarket,archive,654456,0x42d812af0840d50685b0aaa0cc0a4b3c07a680cd12a85d88a377558f3621c78c,Over $1.4B committed to the MegaETH public sale?,,,16882337.715217,2025-10-28 14:44:56.498229-07:00,2025-12-31 21:00:00-08:00,,,,,,,,,,,,0.0,no supported template
polymarket,archive,654472,0xf21fa02ef79ac3e83a32c5ecafeca8ce5629609ba1773d9cc69e39b04f66bfa8,Over $1.2B committed to the MegaETH public sale?,,,7303312.840744,2025-10-28 15:01:23.862904-07:00,2025-12-31 21:00:00-08:00,,,,,,,,,,,,0.0,no supported template
polymarket,archive,654997,0x29d15cd3baca180265c9ef079eb49716ee9c768159a9294b1cced875ca47af6f,LoL: Gen.G vs KT Rolster (BO5),,,11455565.821985,2025-10-29 05:00:02.734376-07:00,2025-11-01 06:00:00-07:00,,,,,,,,,,,,0.0,non-binary or non-yes-no polymarket outcome
polymarket,archive,655039,0x41e704452e2b3d8a29fbe0a6facd82b8eb2a6356ee88c9952b6ab0651d3cdf79,Will Doom: The Dark Ages win Game of the Year at the 2025 Game Awards?,,,8018333.984,2025-10-29 05:02:10.535365-07:00,2025-12-10 16:00:00-08:00,,,,,,,,,,,,0.0,no supported template
polymarket,archive,657947,0xc699baaa01bf53dc25d2efa47dd7b459125d3148c49a50b7abaab0790f4a2392,LoL: T1 vs Top Esports (BO5),,,12360389.601397,2025-10-31 05:00:02.552689-07:00,2025-11-02 05:00:00-08:00,,,,,,,,,,,,0.0,non-binary or non-yes-no polymarket outcome
polymarket,archive,659233,0xdc58d566cbbe1514a13d07692463a16ae0024fa20811a1bb8f48228884895355,"Will Bitcoin reach $200,000 in November?",,,13588620.834388,2025-10-31 18:10:01.076086-07:00,2025-11-30 21:00:00-08:00,,,,,,,,,,,,0.0,no supported template
polymarket,archive,660880,0x8404e511c42018ce709291c768824b49651d8713c8abdab85b19b7ee82a09d0d,LoL: T1 vs KT Rolster (BO5),,,28232897.552131,2025-11-02 13:00:01.418925-08:00,2025-11-09 05:00:00-08:00,,,,,,,,,,,,0.0,non-binary or non-yes-no polymarket outcome
polymarket,archive,661263,0x23e6e6f8a327a41bad1282fdc34e846f52e73e390d44b004ac92a329766e2848,Eagles vs. Packers,,,8138887.09002,2025-11-02 22:00:04.065185-08:00,2025-11-17 17:15:00-08:00,,,,,,,,,,,,0.0,non-binary or non-yes-no polymarket outcome
polymarket,archive,666217,0x22c3ce96a88bf01d0c5e320d029e7f8418c81d5be28f025b6ab07465bb508fb1,"Will Bitcoin reach $120,000 by December 31, 2025?",,,8257060.300168,2025-11-05 06:52:32.373217-08:00,2025-12-31 21:00:00-08:00,,,,,,,,,,,,0.0,no supported template
polymarket,archive,666646,0x0e05e0150c23d2c0d616ef70b19e0b6e6590e73c6ea9307f68057ca63f32d10b,Lighter market cap (FDV) >$3B one day after launch?,,,9575649.779967,2025-11-05 09:00:13.715928-08:00,2025-12-31 21:00:00-08:00,,,,,,,,,,,,0.0,no supported template
polymarket,archive,668100,0xbf8d3c113339a9212ca0f263aede776db4a34762aedc006f70a8703215954863,Will Salvador Nasralla win the 2025 Honduras presidential election?,,,8185435.249886,2025-11-06 09:08:25.613685-08:00,2025-11-29 16:00:00-08:00,,,,,,,,,,,,0.0,no supported template
polymarket,archive,668101,0xaeb190c9a31c5e7f8ac193393ab05e55a9de86f0a945aac59feac0576aa86fc8,Will Nasry Juan Asfura Zablah win the 2025 Honduras presidential election?,,,7902409.57029,2025-11-06 09:08:26.093373-08:00,2025-11-29 16:00:00-08:00,,,,,,,,,,,,0.0,no supported template
polymarket,archive,673597,0x077fc0c447abfc7e094713e86d62acc20480560a6eb60bfbfc86a1c5f00b9339,Will the government shutdown end November 12?,,,13086678.140873,2025-11-09 17:34:17.016464-08:00,2025-11-20 16:00:00-08:00,,,,,,,,,,,,0.0,no supported template
polymarket,archive,673598,0xd7b39f912814f41c7edc9a7693d54487611f4abee1ae4ab6cdf1a704be8a33d4,Will the government shutdown end November 13?,,,6006067.422007,2025-11-09 17:34:17.707806-08:00,2025-11-20 16:00:00-08:00,,,,,,,,,,,,0.0,no supported template
polymarket,archive,673913,0xfd7d9140f470a1b54965ae857ab3384ef088f35fe891b3b6b15662662aa7a51f,Spread: Cowboys (-3.5),,,6716976.746964,2025-11-09 22:15:07.417629-08:00,2025-11-17 17:15:00-08:00,,,,,,,,,,,,0.0,non-binary or non-yes-no polymarket outcome
polymarket,archive,674632,0x094c15303a61ed928162eb0287665561e9a50bb125baf4da9841b5b619f27857,"UFC 322: Makhachev vs. Della Maddalena (Welterweight, Main Card)",,,6122519.23071,2025-11-10 09:29:20.375794-08:00,2025-11-15 20:59:59.999000-08:00,,,,,,,,,,,,0.0,non-binary or non-yes-no polymarket outcome
polymarket,archive,680392,0x43ec78527bd98a0588dd9455685b2cc82f5743140cb3a154603dc03c02b57de5,US government shutdown Saturday?,,,155109397.977546,2025-11-13 06:57:42.410551-08:00,2026-01-30 16:00:00-08:00,,,,,,,,,,,,0.0,no supported template
polymarket,archive,680994,0xcb42ce799c32e8f0bbe7df6a20396a7ecb1ca494316c5df0027ab89d941e1ca7,Will Gemini 3.0 be released on November 18 2025?,,,9333885.203982,2025-11-13 11:09:58.798885-08:00,2025-11-29 16:00:00-08:00,,,,,,,,,,,,0.0,no supported template
polymarket,archive,685153,0x2b870064f3994875a3d680056bf9d3cdfd3f3e1785eb43e1bbe22d0021398f93,Colts vs. Chiefs,,,7811077.55414,2025-11-15 22:00:31.961464-08:00,2025-11-30 10:00:00-08:00,,,,,,,,,,,,0.0,non-binary or non-yes-no polymarket outcome
polymarket,archive,686122,0x478dfc905dd9f44631e7b3a2a76f8aaf5680bc77fd17fe79179664b0ca819a18,Lighter market cap (FDV) >$1B one day after launch?,,,55056697.127347,2025-11-16 15:37:42.545425-08:00,2025-12-31 21:00:00-08:00,,,,,,,,,,,,0.0,no supported template
polymarket,archive,687200,0xd3cfc885ca1a482af4057f39937398fa5adc7a0b61e2381956384af1bf59ce6f,"Will Bitcoin reach $100,000 by December 31, 2025?",,,9479018.595278,2025-11-17 08:10:33.384359-08:00,2025-12-31 21:00:00-08:00,,,,,,,,,,,,0.0,no supported template
polymarket,archive,687778,0x9e8440830c8cdccb524700bf0be33f35df2f0278bff7b843f8073235c96da886,"Will Bitcoin reach $110,000 by December 31, 2025?",,,6056873.975672,2025-11-17 11:35:30.434519-08:00,2025-12-31 21:00:00-08:00,,,,,,,,,,,,0.0,no supported template
polymarket,archive,690390,0xc9d59f87834edd00b75981175f05d9236eb8427bf9668c38d5ca4dd2bd1daf45,Epstein blackmail evidence released in 2025? ,,,9257039.920657,2025-11-18 12:52:00.098124-08:00,2025-12-30 16:00:00-08:00,,,,,,,,,,,,0.0,no supported template
polymarket,archive,690635,0xee784c8b7f486432b010dca9e45ed33bb3364edc72394331a3517c8dc2ec0c66,Will Stephen Colbert be named in newly released Epstein files?,,,11385724.578479,2025-11-18 15:47:39.333046-08:00,2025-12-30 16:00:00-08:00,,,,,,,,,,,,0.0,no supported template
polymarket,archive,690645,0xd0766f4f45e377e80b50661fb6b6a0cda84840548a69c54f0c39c520490cab9e,Will Elon Musk be named in newly released Epstein files?,,,7924514.669527,2025-11-18 16:00:41.372029-08:00,2025-12-30 16:00:00-08:00,,,,,,,,,,,,0.0,no supported template
polymarket,archive,691854,0x74da675b5e1363b2215f24f29a13c067ff00220e2ac884a0fac7a94a51aa016e,Will Jake Paul win his boxing match against Anthony Joshua?,,,26258664.60106,,2025-12-18 16:00:00-08:00,,,,,,,,,,,,0.0,no supported template
polymarket,archive,691855,0x365eee5f424708fd861ea3f0d4d03d515e34b513303a30d097f2b35867f11dcd,Will Anthony Joshua win his boxing match against Jake Paul?,,,19074523.591451,,2025-12-18 16:00:00-08:00,,,,,,,,,,,,0.0,no supported template
polymarket,archive,691856,0x2a496f947e51993cdb4af43c8dd851780a8bac86c06cd7ad5dcd5741f46ce843,Will Jake Paul vs. Anthony Joshua have no official winner?,,,15085502.841227,2025-11-19 09:14:05.125092-08:00,2025-12-18 16:00:00-08:00,,,,,,,,,,,,0.0,no supported template
polymarket,archive,693932,0x81011e0a04a9e82473b7c1519163896767f4ee0ad4bfc6617450971042f79df5,Over $250M committed to the Monad public sale?,,,8067484.825003,2025-11-20 14:23:01.023232-08:00,,,,,,,,,,,,,0.0,no supported template
polymarket,archive,694936,0x733a3bb1f78a42bdf60092866ceb931664fb1dae1d66d3a6d2cf7b72cec96400,Will Nebius Group be acquired before 2027?,,,6203606.363136,,2026-12-30 16:00:00-08:00,,,,,,,,,,,,0.0,no supported template
polymarket,archive,700727,0x83b32407eb2c89ac34e400dc41dc80dd26d60d3fea823054a972738d16d10ed8,Chiefs vs. Cowboys,,,7233874.654708,2025-11-24 07:55:01.054039-08:00,2025-11-27 13:30:00-08:00,,,,,,,,,,,,0.0,non-binary or non-yes-no polymarket outcome
polymarket,archive,700728,0xe77c389d59082205bc4f8881a21902aaecbde16521f6182f6a7782ce710905bd,Packers vs. Lions,,,6675686.208117,2025-11-24 07:55:03.494542-08:00,2025-11-27 10:00:00-08:00,,,,,,,,,,,,0.0,non-binary or non-yes-no polymarket outcome
polymarket,archive,700729,0x53c099f2ed67769769fa4de350f85bc4108aa8d0f682e28a2aeb4759a7d08f6d,Bengals vs. Ravens,,,8888622.238769,2025-11-24 07:55:06.421237-08:00,2025-11-27 17:20:00-08:00,,,,,,,,,,,,0.0,non-binary or non-yes-no polymarket outcome
polymarket,archive,700741,0x8d5ec7deb35689142a556ef4bad22c3347bc4cd0da1a2839c7bc616d4de2f842,Giants vs. Patriots,,,6982079.288954,2025-11-24 07:55:33.764045-08:00,2025-12-01 17:15:00-08:00,,,,,,,,,,,,0.0,non-binary or non-yes-no polymarket outcome
polymarket,archive,700742,0xe6f492eb15583ae324d43e987e3ad1b7bd1a86690b3b62a2843162278ff7af0e,Cowboys vs. Lions,,,10677885.073194,2025-11-24 07:55:35.947241-08:00,2025-12-04 17:15:00-08:00,,,,,,,,,,,,0.0,non-binary or non-yes-no polymarket outcome
polymarket,archive,703065,0x973a05cb855049840adb639aa0c927d4d0f5ee7cc383269a24256b39ec4cd2d9,Eagles vs. Chargers,,,7920406.316492,2025-11-25 05:00:04.870729-08:00,2025-12-08 12:15:00-08:00,,,,,,,,,,,,0.0,non-binary or non-yes-no polymarket outcome
polymarket,archive,704339,0xb8c1bd306a8a4cedfb280e114e655c5092b3f37edccae05cd877d7f21a5774ce,"Russia x Ukraine ceasefire by January 31, 2026?",,,26995077.577181,2025-11-25 13:50:39.065979-08:00,2026-01-30 16:00:00-08:00,,,,,,,,,,,,0.0,no supported template
polymarket,archive,715373,0xf455e3ea565b9544bb793cdf291ffd8e9dc5958f11483dc89ce54abb34a236fe,Clippers vs. Hawks,,,8131714.565151,,2025-12-03 16:30:00-08:00,,,,,,,,,,,,0.0,non-binary or non-yes-no polymarket outcome
polymarket,archive,716942,0x1d916047bbca1be9808076a0590c17ff113fb92986a4b4bc7f0f962642158827,Will there be at least 10000 measles cases in the U.S. in 2026?,,,6036641.966219,2025-11-27 10:00:54.515667-08:00,2026-12-30 16:00:00-08:00,,,,,,,,,,,,0.0,no supported template
polymarket,archive,797327,0xac9c6628a5398bb2a06f566854270a9fbc7f2badec4329d3b5fdc1407291c35b,Will Trump release the Epstein files by December 19?,,,90915983.771306,2025-12-02 05:21:35.709387-08:00,,,,,,,,,,,,,0.0,no supported template
polymarket,archive,800432,0xe1efac87d70a9556b222624def73e3d7adc7b4513c781867c6c7aa105ff1d9b5,"Will Bitcoin reach $95,000 by December 31, 2025?",,,8136573.744183,2025-12-02 11:37:43.930908-08:00,2025-12-31 21:00:00-08:00,,,,,,,,,,,,0.0,no supported template
polymarket,archive,801288,0xa4b876bf8805e74965adfe3c3f9e951d4b9f5d152bc0f81e6896f46346dfc4a2,Will Mistral have the best AI model at the end of January 2026?,,,7300705.855094,2025-12-02 13:13:15.098752-08:00,2026-01-30 16:00:00-08:00,,,,,,,,,,,,0.0,no supported template
polymarket,archive,801289,0xd474ef9b31935d47c24b3178346fd82182ffa1a222d8f29f24b84b1850698bcd,Will Meituan have the best AI model at the end of January 2026?,,,7527608.300541,2025-12-02 13:13:15.705735-08:00,2026-01-30 16:00:00-08:00,,,,,,,,,,,,0.0,no supported template
polymarket,archive,812010,0x32707ae194389a70f25314ec934851daba12d893da616c492ffe8b655b7759a9,"Will Eleven die in ""Stranger Things: Season 5""?",,,80824835.00196,2025-12-03 12:11:58.000972-08:00,2025-12-30 16:00:00-08:00,,,,,,,,,,,,0.0,no supported template
polymarket,archive,820395,0x1fd12d4293c6583cfacb4694497c282a4d0374fc3ba132a921bc2a85b19acfd2,Spurs vs. Lakers,,,7338046.301926,2025-12-04 07:00:13.735576-08:00,2025-12-10 19:00:00-08:00,,,,,,,,,,,,0.0,non-binary or non-yes-no polymarket outcome
polymarket,archive,832734,0x6749b632cb9df8883a4958aa5493e50f9bc71dd6597dcefaeb7ee401c2c790ae,Rams vs. Seahawks,,,6758686.290459,2025-12-05 05:00:05.645064-08:00,2025-12-18 12:15:00-08:00,,,,,,,,,,,,0.0,non-binary or non-yes-no polymarket outcome
polymarket,archive,881451,0xdc944e324af1531c6eb13636e109cae5f87268da1763f17f97f4f84be0356f99,Packers vs. Bears,,,6327886.766616,2025-12-07 05:00:04.344848-08:00,2025-12-20 12:20:00-08:00,,,,,,,,,,,,0.0,non-binary or non-yes-no polymarket outcome
polymarket,archive,881452,0x780408b161c548a5c66166ceda66e0d287ef60c2725c36acaeb0cb2bee1b3720,Patriots vs. Ravens,,,8711562.23194,2025-12-07 05:00:05.071843-08:00,2025-12-21 05:00:00-08:00,,,,,,,,,,,,0.0,non-binary or non-yes-no polymarket outcome
polymarket,archive,897817,0x4edfcf9fd9889864290d34f1902ef51420989e5922b8208bf46bc0689ce6adbe,Will OpenAI release a new frontier model on December 11?,,,9190060.842127,2025-12-08 12:40:32.877247-08:00,2025-12-10 16:00:00-08:00,,,,,,,,,,,,0.0,no supported template
polymarket,archive,900145,0x1c34f23b09af46894553ef3931239a3f27dac27be5b6d1f51bd0baf8d016a242,"Will Elon Musk post 580+ tweets from December 12 to December 19, 2025?",,,7049985.657743,2025-12-08 21:00:06.434184-08:00,2025-12-19 09:00:00-08:00,,,,,,,,,,,,0.0,no supported template
polymarket,archive,913832,0x9aa73bfe5123a44867e959acb8c2d1e7d91cbe66a9f684895b821576101273c7,Spurs vs. Thunder,,,6314946.228492,2025-12-11 07:00:07.263451-08:00,2025-12-13 18:00:00-08:00,,,,,,,,,,,,0.0,non-binary or non-yes-no polymarket outcome
polymarket,archive,916440,0x580adc1327de9bf7c179ef5aaffa3377bb5cb252b7d6390b027172d43fd6f993,"Maduro out by January 31, 2026?",,,10966928.525521,2025-12-11 13:44:09.295024-08:00,2026-01-31 04:00:00-08:00,,,,,,,,,,,,0.0,no supported template
polymarket,archive,916732,0x70909f0ba8256a89c301da58812ae47203df54957a07c7f8b10235e877ad63c2,Khamenei out as Supreme Leader of Iran by March 31?,,,9293146.478529,2025-12-11 14:53:01.696624-08:00,2026-03-30 17:00:00-07:00,,,,,,,,,,,,0.0,no supported template
polymarket,archive,920389,0x5abe3287197d0a924707ce99130643c92751c209fc0e376c6700d6673b43ada5,Will Trump talk to Vladimir Putin in January?,,,6668424.591361,2025-12-12 08:41:56.450346-08:00,2026-01-30 16:00:00-08:00,,,,,,,,,,,,0.0,no supported template
polymarket,archive,929155,0x464eac41fe4ee9e4317fa68b01d922d7b1e48edd3584c3ec30a87308cd6c684b,Lighter Airdrop on December 29?,,,9727413.453505,2025-12-13 12:00:12.249232-08:00,2025-12-30 16:00:00-08:00,,,,,,,,,,,,0.0,no supported template
polymarket,archive,93,0x4afe273cde9f431f55621c666b7552f11cb8acbc36e06c39ea7e87564a02b34a,"Will Donald Trump be inaugurated for his second term as President of the USA on Inauguration Day, January 20th, 2021?",,,30207577.413504,2020-11-08 11:50:06.096000-08:00,2021-01-31 16:00:00-08:00,,,,,,,,,,,,0.0,no supported template
polymarket,archive,932825,0xc56c5506c20294b2d6a92a955936832b204265af93dabcdfd480d4968015662a,Spurs vs. Knicks,,,6458111.715365,2025-12-14 07:00:05.463179-08:00,2025-12-16 17:30:00-08:00,,,,,,,,,,,,0.0,non-binary or non-yes-no polymarket outcome
polymarket,archive,956450,0x7f3c6b9029a1a4a932509c147a2cc0762e1116b7a4568cde472908b29dd4889d,"Will the U.S. invade Venezuela by January 31, 2026?",,,8368550.515088,2025-12-17 12:20:20.011253-08:00,2026-03-30 17:00:00-07:00,,,,,,,,,,,,0.0,no supported template
polymarket,archive,956631,0xbb8bfdef9052b2709557a6f8f28b23551e3134bfb86eca800211e2191703ee65,"US forces in Venezuela by January 31, 2026?",,,6361686.301372,2025-12-17 12:35:24.228674-08:00,,,,,,,,,,,,,0.0,no supported template
polymarket,archive,972011,0x4278f44f90740d7d6a7b574f7376ad5ed1223ca2660580ed5c2ab5111e588aad,Spurs vs. Thunder,,,8574238.296618,2025-12-19 07:00:11.284429-08:00,2025-12-25 11:30:00-08:00,,,,,,,,,,,,0.0,non-binary or non-yes-no polymarket outcome
polymarket,archive,972016,0x161f63762a56bfb5fa2d53cfe12fc4a0e966cbfec15341bcc1aa3df753be01d9,Timberwolves vs. Nuggets,,,6593799.822651,,2025-12-25 19:30:00-08:00,,,,,,,,,,,,0.0,non-binary or non-yes-no polymarket outcome
polymarket,archive,984486,0x8e6ff03d48ea73396ca8c8eac6a8cada2a7507545a78901c4769776be351eaf5,Will Trump release more Epstein files by December 22?,,,16511187.94915,2025-12-20 16:00:44.795163-08:00,2025-12-25 16:00:00-08:00,,,,,,,,,,,,0.0,no supported template
polymarket,archive,984487,0x3a17af0a20c160507cbdee8f0755e76bd21d2c09375f186a31c1aa456632c0ae,Will Trump release more Epstein files by December 26?,,,7800776.739034,2025-12-20 16:00:45.387276-08:00,2025-12-25 16:00:00-08:00,,,,,,,,,,,,0.0,no supported template
polymarket,archive,988318,0x6fe48420bd2c25a2594d158487b08fbc12edd080ff8c3823566bc49fdc2e5b5c,Ravens vs. Steelers,,,6103668.036929,2025-12-21 05:00:13.183494-08:00,2026-01-03 21:00:00-08:00,,,,,,,,,,,,0.0,non-binary or non-yes-no polymarket outcome
polymarket,archive,988319,0x386c70eb5b79e8d6b05bc371033387f0b9a5d93180429dfc6f13fc25dd526adb,Seahawks vs. 49ers,,,7083056.734347,2025-12-21 05:00:13.718043-08:00,2026-01-03 21:00:00-08:00,,,,,,,,,,,,0.0,non-binary or non-yes-no polymarket outcome
polymarket,archive,994900,0x23fd2b26c4e095465ba0d2ebce8d5eda57009ddc59aad8b68ab19ca968b41eed,"Israel strikes Iran by January 31, 2026?",,,16913391.371627,2025-12-22 08:55:01.297141-08:00,2026-01-30 16:00:00-08:00,,,,,,,,,,,,0.0,no supported template
polymarket,archive,997488,0xd595eb9b81885ff018738300c79047e3ec89e87294424f57a29a7fa9162bf116,Will Trump acquire Greenland before 2027?,,,26475308.92321,2025-12-22 15:51:41.399388-08:00,2026-12-30 16:00:00-08:00,,,,,,,,,,,,0.0,no supported template
