ticker,cutoff_utc,cutoff_label,cutoff_local,trade_ts_utc,price,source_trade_ts_local
FED-25MAY-T4.00,2025-03-17 12:00:00+00:00,2025_03_17_open_0500_PT,2025-03-17 05:00:00-07:00,2025-03-17 11:35:14.155853+00:00,0.93,2025-03-17 04:35:14.155853-07:00
FED-25MAY-T4.25,2025-03-17 12:00:00+00:00,2025_03_17_open_0500_PT,2025-03-17 05:00:00-07:00,2025-03-17 11:50:00.953808+00:00,0.69,2025-03-17 04:50:00.953808-07:00
GOVPARTYNJ-25-D,2025-03-17 12:00:00+00:00,2025_03_17_open_0500_PT,2025-03-17 05:00:00-07:00,2025-03-16 20:03:23.255812+00:00,0.71,2025-03-16 13:03:23.255812-07:00
GOVPARTYNJ-25-R,2025-03-17 12:00:00+00:00,2025_03_17_open_0500_PT,2025-03-17 05:00:00-07:00,2025-03-16 10:57:42.568764+00:00,0.28,2025-03-16 03:57:42.568764-07:00
GOVPARTYVA-25-R,2025-03-17 12:00:00+00:00,2025_03_17_open_0500_PT,2025-03-17 05:00:00-07:00,2025-03-16 09:35:59.137359+00:00,0.15,2025-03-16 02:35:59.137359-07:00
KXBTCMAX150-25-DEC31-149999.99,2025-03-17 12:00:00+00:00,2025_03_17_open_0500_PT,2025-03-17 05:00:00-07:00,2025-03-17 09:19:44.276243+00:00,0.27,2025-03-17 02:19:44.276243-07:00
KXBTCMAXY-25-DEC31-124999.99,2025-03-17 12:00:00+00:00,2025_03_17_open_0500_PT,2025-03-17 05:00:00-07:00,2025-03-17 10:38:40.549955+00:00,0.44,2025-03-17 03:38:40.549955-07:00
KXBTCMAXY-25-DEC31-149999.99,2025-03-17 12:00:00+00:00,2025_03_17_open_0500_PT,2025-03-17 05:00:00-07:00,2025-03-17 08:47:13.621228+00:00,0.25,2025-03-17 01:47:13.621228-07:00
KXBTCRESERVE-26-JAN01,2025-03-17 12:00:00+00:00,2025_03_17_open_0500_PT,2025-03-17 05:00:00-07:00,2025-03-17 10:12:26.249668+00:00,0.5,2025-03-17 03:12:26.249668-07:00
KXCANADAPM-45-C,2025-03-17 12:00:00+00:00,2025_03_17_open_0500_PT,2025-03-17 05:00:00-07:00,2025-03-17 11:52:42.463387+00:00,0.53,2025-03-17 04:52:42.463387-07:00
KXCANADAPM-45-L,2025-03-17 12:00:00+00:00,2025_03_17_open_0500_PT,2025-03-17 05:00:00-07:00,2025-03-17 10:00:16.422980+00:00,0.48,2025-03-17 03:00:16.422980-07:00
KXCPIYOY-25APR-T2.4,2025-03-17 12:00:00+00:00,2025_03_17_open_0500_PT,2025-03-17 05:00:00-07:00,,,
KXCPIYOY-25APR-T2.5,2025-03-17 12:00:00+00:00,2025_03_17_open_0500_PT,2025-03-17 05:00:00-07:00,2025-03-16 14:34:11.989061+00:00,0.43,2025-03-16 07:34:11.989061-07:00
KXDOED-26-JAN01,2025-03-17 12:00:00+00:00,2025_03_17_open_0500_PT,2025-03-17 05:00:00-07:00,2025-03-17 11:48:12.690100+00:00,0.22,2025-03-17 04:48:12.690100-07:00
KXEPSTEIN-25,2025-03-17 12:00:00+00:00,2025_03_17_open_0500_PT,2025-03-17 05:00:00-07:00,2025-03-17 11:47:33.729852+00:00,0.35,2025-03-17 04:47:33.729852-07:00
KXETHMAXY-25DEC31-4999.99,2025-03-17 12:00:00+00:00,2025_03_17_open_0500_PT,2025-03-17 05:00:00-07:00,2025-03-17 10:19:10.155017+00:00,0.14,2025-03-17 03:19:10.155017-07:00
KXFEDDECISION-25MAY-C25,2025-03-17 12:00:00+00:00,2025_03_17_open_0500_PT,2025-03-17 05:00:00-07:00,,,
KXFEDDECISION-25MAY-C26,2025-03-17 12:00:00+00:00,2025_03_17_open_0500_PT,2025-03-17 05:00:00-07:00,,,
KXFEDDECISION-25MAY-H0,2025-03-17 12:00:00+00:00,2025_03_17_open_0500_PT,2025-03-17 05:00:00-07:00,,,
KXFOMENSINGLES-25-CA,2025-03-17 12:00:00+00:00,2025_03_17_open_0500_PT,2025-03-17 05:00:00-07:00,2025-03-16 08:33:50.869109+00:00,0.46,2025-03-16 01:33:50.869109-07:00
KXFOMENSINGLES-25-JS,2025-03-17 12:00:00+00:00,2025_03_17_open_0500_PT,2025-03-17 05:00:00-07:00,2025-03-14 14:56:10.964427+00:00,0.25,2025-03-14 07:56:10.964427-07:00
KXFOMENSINGLES-25-ND,2025-03-17 12:00:00+00:00,2025_03_17_open_0500_PT,2025-03-17 05:00:00-07:00,2025-03-08 17:49:54.374770+00:00,0.12,2025-03-08 09:49:54.374770-08:00
KXFOWOMENSINGLES-25-AS,2025-03-17 12:00:00+00:00,2025_03_17_open_0500_PT,2025-03-17 05:00:00-07:00,2025-03-16 14:44:33.217579+00:00,0.14,2025-03-16 07:44:33.217579-07:00
KXFOWOMENSINGLES-25-CG,2025-03-17 12:00:00+00:00,2025_03_17_open_0500_PT,2025-03-17 05:00:00-07:00,2025-02-10 18:42:35.041176+00:00,0.08,2025-02-10 10:42:35.041176-08:00
KXLEAGUEWORLDS-25-T1,2025-03-17 12:00:00+00:00,2025_03_17_open_0500_PT,2025-03-17 05:00:00-07:00,2025-03-16 11:04:05.527000+00:00,0.26,2025-03-16 04:04:05.527000-07:00
KXLLM1-25DEC31-XAI,2025-03-17 12:00:00+00:00,2025_03_17_open_0500_PT,2025-03-17 05:00:00-07:00,2025-03-15 23:31:01.915169+00:00,0.34,2025-03-15 16:31:01.915169-07:00
KXMARMAD-25-AU,2025-03-17 12:00:00+00:00,2025_03_17_open_0500_PT,2025-03-17 05:00:00-07:00,2025-03-17 11:52:10.354226+00:00,0.16,2025-03-17 04:52:10.354226-07:00
KXMARMAD-25-DU,2025-03-17 12:00:00+00:00,2025_03_17_open_0500_PT,2025-03-17 05:00:00-07:00,2025-03-17 11:59:18.525630+00:00,0.21,2025-03-17 04:59:18.525630-07:00
KXMARMAD-25-FL,2025-03-17 12:00:00+00:00,2025_03_17_open_0500_PT,2025-03-17 05:00:00-07:00,2025-03-17 11:56:25.330809+00:00,0.19,2025-03-17 04:56:25.330809-07:00
KXMARMAD-25-HOU,2025-03-17 12:00:00+00:00,2025_03_17_open_0500_PT,2025-03-17 05:00:00-07:00,2025-03-17 11:51:53.332536+00:00,0.13,2025-03-17 04:51:53.332536-07:00
KXMASTERS-25-BD,2025-03-17 12:00:00+00:00,2025_03_17_open_0500_PT,2025-03-17 05:00:00-07:00,2025-03-17 09:53:29.269240+00:00,0.05,2025-03-17 02:53:29.269240-07:00
KXMASTERS-25-CM,2025-03-17 12:00:00+00:00,2025_03_17_open_0500_PT,2025-03-17 05:00:00-07:00,2025-03-16 19:29:51.123858+00:00,0.06,2025-03-16 12:29:51.123858-07:00
KXMASTERS-25-LA,2025-03-17 12:00:00+00:00,2025_03_17_open_0500_PT,2025-03-17 05:00:00-07:00,2025-03-16 18:30:26.061353+00:00,0.07,2025-03-16 11:30:26.061353-07:00
KXMASTERS-25-RM,2025-03-17 12:00:00+00:00,2025_03_17_open_0500_PT,2025-03-17 05:00:00-07:00,2025-03-17 11:17:58.433473+00:00,0.13,2025-03-17 04:17:58.433473-07:00
KXMASTERS-25-SS,2025-03-17 12:00:00+00:00,2025_03_17_open_0500_PT,2025-03-17 05:00:00-07:00,2025-03-17 09:53:12.725747+00:00,0.17,2025-03-17 02:53:12.725747-07:00
KXMAYORNYCNOMD-25-AC,2025-03-17 12:00:00+00:00,2025_03_17_open_0500_PT,2025-03-17 05:00:00-07:00,2025-03-17 11:38:29.653943+00:00,0.68,2025-03-17 04:38:29.653943-07:00
KXMAYORNYCNOMD-25-ZM,2025-03-17 12:00:00+00:00,2025_03_17_open_0500_PT,2025-03-17 05:00:00-07:00,2025-03-17 11:23:07.150876+00:00,0.1,2025-03-17 04:23:07.150876-07:00
KXMAYORNYCPARTY-25-D,2025-03-17 12:00:00+00:00,2025_03_17_open_0500_PT,2025-03-17 05:00:00-07:00,2025-03-16 16:56:03.125329+00:00,0.93,2025-03-16 09:56:03.125329-07:00
KXMAYORNYCPARTY-25-R,2025-03-17 12:00:00+00:00,2025_03_17_open_0500_PT,2025-03-17 05:00:00-07:00,2025-03-16 08:31:50.154218+00:00,0.09,2025-03-16 01:31:50.154218-07:00
KXMLB-25-LAD,2025-03-17 12:00:00+00:00,2025_03_17_open_0500_PT,2025-03-17 05:00:00-07:00,2025-03-16 23:07:10.792568+00:00,0.26,2025-03-16 16:07:10.792568-07:00
KXMLB-25-MIL,2025-03-17 12:00:00+00:00,2025_03_17_open_0500_PT,2025-03-17 05:00:00-07:00,2025-03-10 06:18:13.923662+00:00,0.02,2025-03-09 23:18:13.923662-07:00
KXMLB-25-PHI,2025-03-17 12:00:00+00:00,2025_03_17_open_0500_PT,2025-03-17 05:00:00-07:00,2025-03-16 19:20:18.280041+00:00,0.07,2025-03-16 12:20:18.280041-07:00
KXMLB-25-SEA,2025-03-17 12:00:00+00:00,2025_03_17_open_0500_PT,2025-03-17 05:00:00-07:00,2025-03-11 23:27:34.973762+00:00,0.03,2025-03-11 16:27:34.973762-07:00
KXMLB-25-TOR,2025-03-17 12:00:00+00:00,2025_03_17_open_0500_PT,2025-03-17 05:00:00-07:00,2025-03-11 13:32:21.727513+00:00,0.01,2025-03-11 06:32:21.727513-07:00
KXMLBAL-25-SEA,2025-03-17 12:00:00+00:00,2025_03_17_open_0500_PT,2025-03-17 05:00:00-07:00,2025-03-09 05:00:41.494796+00:00,0.08,2025-03-08 21:00:41.494796-08:00
KXMLBAL-25-TOR,2025-03-17 12:00:00+00:00,2025_03_17_open_0500_PT,2025-03-17 05:00:00-07:00,2025-03-14 15:24:14.606706+00:00,0.02,2025-03-14 08:24:14.606706-07:00
KXMLBNL-25-LAD,2025-03-17 12:00:00+00:00,2025_03_17_open_0500_PT,2025-03-17 05:00:00-07:00,2025-03-15 22:35:12.734334+00:00,0.36,2025-03-15 15:35:12.734334-07:00
KXNBA-25-BOS,2025-03-17 12:00:00+00:00,2025_03_17_open_0500_PT,2025-03-17 05:00:00-07:00,2025-03-17 09:22:20.202969+00:00,0.3,2025-03-17 02:22:20.202969-07:00
KXNBA-25-CLE,2025-03-17 12:00:00+00:00,2025_03_17_open_0500_PT,2025-03-17 05:00:00-07:00,2025-03-16 23:19:46.722114+00:00,0.15,2025-03-16 16:19:46.722114-07:00
KXNBA-25-DEN,2025-03-17 12:00:00+00:00,2025_03_17_open_0500_PT,2025-03-17 05:00:00-07:00,2025-03-16 22:47:18.893914+00:00,0.06,2025-03-16 15:47:18.893914-07:00
KXNBA-25-GSW,2025-03-17 12:00:00+00:00,2025_03_17_open_0500_PT,2025-03-17 05:00:00-07:00,2025-03-17 11:22:20.772626+00:00,0.04,2025-03-17 04:22:20.772626-07:00
KXNBA-25-IND,2025-03-17 12:00:00+00:00,2025_03_17_open_0500_PT,2025-03-17 05:00:00-07:00,2025-03-13 13:14:25.254451+00:00,0.01,2025-03-13 06:14:25.254451-07:00
KXNBA-25-LAL,2025-03-17 12:00:00+00:00,2025_03_17_open_0500_PT,2025-03-17 05:00:00-07:00,2025-03-17 11:11:20.138144+00:00,0.08,2025-03-17 04:11:20.138144-07:00
KXNBA-25-MIN,2025-03-17 12:00:00+00:00,2025_03_17_open_0500_PT,2025-03-17 05:00:00-07:00,2025-03-17 09:22:13.569741+00:00,0.02,2025-03-17 02:22:13.569741-07:00
KXNBA-25-NYK,2025-03-17 12:00:00+00:00,2025_03_17_open_0500_PT,2025-03-17 05:00:00-07:00,2025-03-17 08:23:49.990097+00:00,0.03,2025-03-17 01:23:49.990097-07:00
KXNBA-25-OKC,2025-03-17 12:00:00+00:00,2025_03_17_open_0500_PT,2025-03-17 05:00:00-07:00,2025-03-17 11:53:14.974050+00:00,0.31,2025-03-17 04:53:14.974050-07:00
KXNBAEAST-25-BOS,2025-03-17 12:00:00+00:00,2025_03_17_open_0500_PT,2025-03-17 05:00:00-07:00,2025-03-16 23:05:21.155934+00:00,0.55,2025-03-16 16:05:21.155934-07:00
KXNBAEAST-25-IND,2025-03-17 12:00:00+00:00,2025_03_17_open_0500_PT,2025-03-17 05:00:00-07:00,2025-03-06 12:33:13.620263+00:00,0.02,2025-03-06 04:33:13.620263-08:00
KXNBAEAST-25-NYK,2025-03-17 12:00:00+00:00,2025_03_17_open_0500_PT,2025-03-17 05:00:00-07:00,2025-03-17 09:12:30.395281+00:00,0.08,2025-03-17 02:12:30.395281-07:00
KXNBAWEST-25-DEN,2025-03-17 12:00:00+00:00,2025_03_17_open_0500_PT,2025-03-17 05:00:00-07:00,2025-03-17 11:06:45.514437+00:00,0.1,2025-03-17 04:06:45.514437-07:00
KXNBAWEST-25-MIN,2025-03-17 12:00:00+00:00,2025_03_17_open_0500_PT,2025-03-17 05:00:00-07:00,2025-03-17 07:43:13.964292+00:00,0.04,2025-03-17 00:43:13.964292-07:00
KXNBAWEST-25-OKC,2025-03-17 12:00:00+00:00,2025_03_17_open_0500_PT,2025-03-17 05:00:00-07:00,2025-03-17 11:59:13.522650+00:00,0.56,2025-03-17 04:59:13.522650-07:00
KXNCAAF-26-OSU,2025-03-17 12:00:00+00:00,2025_03_17_open_0500_PT,2025-03-17 05:00:00-07:00,2025-03-16 11:57:35.259841+00:00,0.15,2025-03-16 04:57:35.259841-07:00
KXNHL-25-EDM,2025-03-17 12:00:00+00:00,2025_03_17_open_0500_PT,2025-03-17 05:00:00-07:00,2025-03-16 11:31:46.351727+00:00,0.09,2025-03-16 04:31:46.351727-07:00
KXNHL-25-FLA,2025-03-17 12:00:00+00:00,2025_03_17_open_0500_PT,2025-03-17 05:00:00-07:00,2025-03-17 08:36:00.073115+00:00,0.15,2025-03-17 01:36:00.073115-07:00
KXNOBELPEACE-25-DJT,2025-03-17 12:00:00+00:00,2025_03_17_open_0500_PT,2025-03-17 05:00:00-07:00,2025-03-17 07:22:21.706729+00:00,0.1,2025-03-17 00:22:21.706729-07:00
KXPGA-25-BD,2025-03-17 12:00:00+00:00,2025_03_17_open_0500_PT,2025-03-17 05:00:00-07:00,2025-03-04 11:14:46.295785+00:00,0.06,2025-03-04 03:14:46.295785-08:00
KXPGA-25-RM,2025-03-17 12:00:00+00:00,2025_03_17_open_0500_PT,2025-03-17 05:00:00-07:00,2025-03-17 06:51:34.549524+00:00,0.13,2025-03-16 23:51:34.549524-07:00
KXPGA-25-SS,2025-03-17 12:00:00+00:00,2025_03_17_open_0500_PT,2025-03-17 05:00:00-07:00,2025-03-15 21:09:08.380149+00:00,0.07,2025-03-15 14:09:08.380149-07:00
KXRATECUTCOUNT-25DEC31-T0,2025-03-17 12:00:00+00:00,2025_03_17_open_0500_PT,2025-03-17 05:00:00-07:00,2025-03-16 09:21:56.123986+00:00,0.09,2025-03-16 02:21:56.123986-07:00
KXRATECUTCOUNT-25DEC31-T1,2025-03-17 12:00:00+00:00,2025_03_17_open_0500_PT,2025-03-17 05:00:00-07:00,2025-03-16 19:58:39.569985+00:00,0.11,2025-03-16 12:58:39.569985-07:00
KXRATECUTCOUNT-25DEC31-T2,2025-03-17 12:00:00+00:00,2025_03_17_open_0500_PT,2025-03-17 05:00:00-07:00,2025-03-17 07:46:43.588823+00:00,0.24,2025-03-17 00:46:43.588823-07:00
KXRATECUTCOUNT-25DEC31-T3,2025-03-17 12:00:00+00:00,2025_03_17_open_0500_PT,2025-03-17 05:00:00-07:00,2025-03-17 07:56:09.185344+00:00,0.22,2025-03-17 00:56:09.185344-07:00
KXSB-26-BAL,2025-03-17 12:00:00+00:00,2025_03_17_open_0500_PT,2025-03-17 05:00:00-07:00,2025-03-17 07:17:30.630702+00:00,0.11,2025-03-17 00:17:30.630702-07:00
KXSB-26-BUF,2025-03-17 12:00:00+00:00,2025_03_17_open_0500_PT,2025-03-17 05:00:00-07:00,2025-03-14 17:50:14.107974+00:00,0.12,2025-03-14 10:50:14.107974-07:00
KXSB-26-GB,2025-03-17 12:00:00+00:00,2025_03_17_open_0500_PT,2025-03-17 05:00:00-07:00,2025-03-14 12:32:39.640550+00:00,0.04,2025-03-14 05:32:39.640550-07:00
KXSB-26-KC,2025-03-17 12:00:00+00:00,2025_03_17_open_0500_PT,2025-03-17 05:00:00-07:00,2025-03-16 22:56:58.922998+00:00,0.12,2025-03-16 15:56:58.922998-07:00
KXSB-26-PHI,2025-03-17 12:00:00+00:00,2025_03_17_open_0500_PT,2025-03-17 05:00:00-07:00,2025-03-16 16:01:53.026159+00:00,0.12,2025-03-16 09:01:53.026159-07:00
KXSB-26-SEA,2025-03-17 12:00:00+00:00,2025_03_17_open_0500_PT,2025-03-17 05:00:00-07:00,2025-03-16 21:35:44.096468+00:00,0.01,2025-03-16 14:35:44.096468-07:00
KXTHEOPEN-25-RM,2025-03-17 12:00:00+00:00,2025_03_17_open_0500_PT,2025-03-17 05:00:00-07:00,2025-03-17 06:51:46.908818+00:00,0.13,2025-03-16 23:51:46.908818-07:00
KXTHEOPEN-25-SS,2025-03-17 12:00:00+00:00,2025_03_17_open_0500_PT,2025-03-17 05:00:00-07:00,2025-03-06 15:38:06.355253+00:00,0.25,2025-03-06 07:38:06.355253-08:00
KXTOPARTIST-25-BB,2025-03-17 12:00:00+00:00,2025_03_17_open_0500_PT,2025-03-17 05:00:00-07:00,2025-03-17 06:20:30.421324+00:00,0.52,2025-03-16 23:20:30.421324-07:00
KXTOPARTIST-25-TS,2025-03-17 12:00:00+00:00,2025_03_17_open_0500_PT,2025-03-17 05:00:00-07:00,2025-03-16 19:52:13.846920+00:00,0.48,2025-03-16 12:52:13.846920-07:00
KXUEFACL-25-IM,2025-03-17 12:00:00+00:00,2025_03_17_open_0500_PT,2025-03-17 05:00:00-07:00,2025-03-17 10:32:22.915610+00:00,0.07,2025-03-17 03:32:22.915610-07:00
KXUEFACL-25-PSG,2025-03-17 12:00:00+00:00,2025_03_17_open_0500_PT,2025-03-17 05:00:00-07:00,2025-03-16 11:41:39.672690+00:00,0.2,2025-03-16 04:41:39.672690-07:00
KXUSOMENSINGLES-25-CA,2025-03-17 12:00:00+00:00,2025_03_17_open_0500_PT,2025-03-17 05:00:00-07:00,2025-02-28 05:32:19.936055+00:00,0.25,2025-02-27 21:32:19.936055-08:00
KXUSOMENSINGLES-25-JS,2025-03-17 12:00:00+00:00,2025_03_17_open_0500_PT,2025-03-17 05:00:00-07:00,2025-03-08 10:11:54.754928+00:00,0.38,2025-03-08 02:11:54.754928-08:00
KXUSOMENSINGLES-25-ND,2025-03-17 12:00:00+00:00,2025_03_17_open_0500_PT,2025-03-17 05:00:00-07:00,2025-02-28 05:00:08.914343+00:00,0.13,2025-02-27 21:00:08.914343-08:00
KXUSOPEN-25-BD,2025-03-17 12:00:00+00:00,2025_03_17_open_0500_PT,2025-03-17 05:00:00-07:00,2025-03-16 11:32:39.339688+00:00,0.06,2025-03-16 04:32:39.339688-07:00
KXUSOPEN-25-BK,2025-03-17 12:00:00+00:00,2025_03_17_open_0500_PT,2025-03-17 05:00:00-07:00,2025-02-25 17:27:04.087935+00:00,0.03,2025-02-25 09:27:04.087935-08:00
KXUSOPEN-25-RM,2025-03-17 12:00:00+00:00,2025_03_17_open_0500_PT,2025-03-17 05:00:00-07:00,2025-03-16 20:49:42.514479+00:00,0.09,2025-03-16 13:49:42.514479-07:00
KXUSOPEN-25-RMAC,2025-03-17 12:00:00+00:00,2025_03_17_open_0500_PT,2025-03-17 05:00:00-07:00,2025-02-13 20:06:17.379384+00:00,0.03,2025-02-13 12:06:17.379384-08:00
KXUSOPEN-25-SS,2025-03-17 12:00:00+00:00,2025_03_17_open_0500_PT,2025-03-17 05:00:00-07:00,2025-03-17 09:41:33.157850+00:00,0.18,2025-03-17 02:41:33.157850-07:00
KXUSOPEN-25-VH,2025-03-17 12:00:00+00:00,2025_03_17_open_0500_PT,2025-03-17 05:00:00-07:00,2025-03-16 11:33:07.623150+00:00,0.04,2025-03-16 04:33:07.623150-07:00
KXWMENSINGLES-25-CA,2025-03-17 12:00:00+00:00,2025_03_17_open_0500_PT,2025-03-17 05:00:00-07:00,2025-03-16 07:40:35.385969+00:00,0.37,2025-03-16 00:40:35.385969-07:00
KXWMENSINGLES-25-JS,2025-03-17 12:00:00+00:00,2025_03_17_open_0500_PT,2025-03-17 05:00:00-07:00,2025-03-01 11:33:50.217778+00:00,0.28,2025-03-01 03:33:50.217778-08:00
KXWMENSINGLES-25-ND,2025-03-17 12:00:00+00:00,2025_03_17_open_0500_PT,2025-03-17 05:00:00-07:00,2025-03-14 19:29:15.505737+00:00,0.15,2025-03-14 12:29:15.505737-07:00
KXWMENSINGLES-25-TF,2025-03-17 12:00:00+00:00,2025_03_17_open_0500_PT,2025-03-17 05:00:00-07:00,,,
LEAVEPOWELL-25-DEC31,2025-03-17 12:00:00+00:00,2025_03_17_open_0500_PT,2025-03-17 05:00:00-07:00,2025-03-17 11:47:29.789727+00:00,0.17,2025-03-17 04:47:29.789727-07:00
RECSSNBER-25,2025-03-17 12:00:00+00:00,2025_03_17_open_0500_PT,2025-03-17 05:00:00-07:00,2025-03-17 11:48:58.487653+00:00,0.39,2025-03-17 04:48:58.487653-07:00
FED-25MAY-T4.00,2025-03-18 00:00:00+00:00,2025_03_17_close_1700_PT,2025-03-17 17:00:00-07:00,2025-03-17 22:43:23.301064+00:00,0.89,2025-03-17 15:43:23.301064-07:00
FED-25MAY-T4.25,2025-03-18 00:00:00+00:00,2025_03_17_close_1700_PT,2025-03-17 17:00:00-07:00,2025-03-17 23:42:02.189571+00:00,0.72,2025-03-17 16:42:02.189571-07:00
GOVPARTYNJ-25-D,2025-03-18 00:00:00+00:00,2025_03_17_close_1700_PT,2025-03-17 17:00:00-07:00,2025-03-17 15:11:11.535524+00:00,0.71,2025-03-17 08:11:11.535524-07:00
GOVPARTYNJ-25-R,2025-03-18 00:00:00+00:00,2025_03_17_close_1700_PT,2025-03-17 17:00:00-07:00,2025-03-17 19:58:47.948577+00:00,0.3,2025-03-17 12:58:47.948577-07:00
GOVPARTYVA-25-R,2025-03-18 00:00:00+00:00,2025_03_17_close_1700_PT,2025-03-17 17:00:00-07:00,2025-03-16 09:35:59.137359+00:00,0.15,2025-03-16 02:35:59.137359-07:00
KXBTCMAX150-25-DEC31-149999.99,2025-03-18 00:00:00+00:00,2025_03_17_close_1700_PT,2025-03-17 17:00:00-07:00,2025-03-17 19:59:41.939206+00:00,0.27,2025-03-17 12:59:41.939206-07:00
KXBTCMAXY-25-DEC31-124999.99,2025-03-18 00:00:00+00:00,2025_03_17_close_1700_PT,2025-03-17 17:00:00-07:00,2025-03-17 19:20:24.560962+00:00,0.4,2025-03-17 12:20:24.560962-07:00
KXBTCMAXY-25-DEC31-149999.99,2025-03-18 00:00:00+00:00,2025_03_17_close_1700_PT,2025-03-17 17:00:00-07:00,2025-03-17 15:06:39.977742+00:00,0.25,2025-03-17 08:06:39.977742-07:00
KXBTCRESERVE-26-JAN01,2025-03-18 00:00:00+00:00,2025_03_17_close_1700_PT,2025-03-17 17:00:00-07:00,2025-03-17 21:35:16.551345+00:00,0.52,2025-03-17 14:35:16.551345-07:00
KXCANADAPM-45-C,2025-03-18 00:00:00+00:00,2025_03_17_close_1700_PT,2025-03-17 17:00:00-07:00,2025-03-17 23:45:20.121001+00:00,0.52,2025-03-17 16:45:20.121001-07:00
KXCANADAPM-45-L,2025-03-18 00:00:00+00:00,2025_03_17_close_1700_PT,2025-03-17 17:00:00-07:00,2025-03-17 23:54:35.646234+00:00,0.49,2025-03-17 16:54:35.646234-07:00
KXCPIYOY-25APR-T2.4,2025-03-18 00:00:00+00:00,2025_03_17_close_1700_PT,2025-03-17 17:00:00-07:00,,,
KXCPIYOY-25APR-T2.5,2025-03-18 00:00:00+00:00,2025_03_17_close_1700_PT,2025-03-17 17:00:00-07:00,2025-03-17 19:09:59.094109+00:00,0.44,2025-03-17 12:09:59.094109-07:00
KXDOED-26-JAN01,2025-03-18 00:00:00+00:00,2025_03_17_close_1700_PT,2025-03-17 17:00:00-07:00,2025-03-17 21:50:35.429575+00:00,0.23,2025-03-17 14:50:35.429575-07:00
KXEPSTEIN-25,2025-03-18 00:00:00+00:00,2025_03_17_close_1700_PT,2025-03-17 17:00:00-07:00,2025-03-17 23:58:45.206231+00:00,0.43,2025-03-17 16:58:45.206231-07:00
KXETHMAXY-25DEC31-4999.99,2025-03-18 00:00:00+00:00,2025_03_17_close_1700_PT,2025-03-17 17:00:00-07:00,2025-03-17 10:19:10.155017+00:00,0.14,2025-03-17 03:19:10.155017-07:00
KXFEDDECISION-25MAY-C25,2025-03-18 00:00:00+00:00,2025_03_17_close_1700_PT,2025-03-17 17:00:00-07:00,,,
KXFEDDECISION-25MAY-C26,2025-03-18 00:00:00+00:00,2025_03_17_close_1700_PT,2025-03-17 17:00:00-07:00,,,
KXFEDDECISION-25MAY-H0,2025-03-18 00:00:00+00:00,2025_03_17_close_1700_PT,2025-03-17 17:00:00-07:00,,,
KXFOMENSINGLES-25-CA,2025-03-18 00:00:00+00:00,2025_03_17_close_1700_PT,2025-03-17 17:00:00-07:00,2025-03-17 17:23:27.032589+00:00,0.42,2025-03-17 10:23:27.032589-07:00
KXFOMENSINGLES-25-JS,2025-03-18 00:00:00+00:00,2025_03_17_close_1700_PT,2025-03-17 17:00:00-07:00,2025-03-17 17:22:15.114911+00:00,0.23,2025-03-17 10:22:15.114911-07:00
KXFOMENSINGLES-25-ND,2025-03-18 00:00:00+00:00,2025_03_17_close_1700_PT,2025-03-17 17:00:00-07:00,2025-03-08 17:49:54.374770+00:00,0.12,2025-03-08 09:49:54.374770-08:00
KXFOWOMENSINGLES-25-AS,2025-03-18 00:00:00+00:00,2025_03_17_close_1700_PT,2025-03-17 17:00:00-07:00,2025-03-16 14:44:33.217579+00:00,0.14,2025-03-16 07:44:33.217579-07:00
KXFOWOMENSINGLES-25-CG,2025-03-18 00:00:00+00:00,2025_03_17_close_1700_PT,2025-03-17 17:00:00-07:00,2025-02-10 18:42:35.041176+00:00,0.08,2025-02-10 10:42:35.041176-08:00
KXLEAGUEWORLDS-25-T1,2025-03-18 00:00:00+00:00,2025_03_17_close_1700_PT,2025-03-17 17:00:00-07:00,2025-03-16 11:04:05.527000+00:00,0.26,2025-03-16 04:04:05.527000-07:00
KXLLM1-25DEC31-XAI,2025-03-18 00:00:00+00:00,2025_03_17_close_1700_PT,2025-03-17 17:00:00-07:00,2025-03-17 17:01:00.201278+00:00,0.35,2025-03-17 10:01:00.201278-07:00
KXMARMAD-25-AU,2025-03-18 00:00:00+00:00,2025_03_17_close_1700_PT,2025-03-17 17:00:00-07:00,2025-03-17 23:32:48.161377+00:00,0.16,2025-03-17 16:32:48.161377-07:00
KXMARMAD-25-DU,2025-03-18 00:00:00+00:00,2025_03_17_close_1700_PT,2025-03-17 17:00:00-07:00,2025-03-17 23:59:40.385121+00:00,0.25,2025-03-17 16:59:40.385121-07:00
KXMARMAD-25-FL,2025-03-18 00:00:00+00:00,2025_03_17_close_1700_PT,2025-03-17 17:00:00-07:00,2025-03-17 23:56:30.774162+00:00,0.21,2025-03-17 16:56:30.774162-07:00
KXMARMAD-25-HOU,2025-03-18 00:00:00+00:00,2025_03_17_close_1700_PT,2025-03-17 17:00:00-07:00,2025-03-17 23:30:00.788016+00:00,0.14,2025-03-17 16:30:00.788016-07:00
KXMASTERS-25-BD,2025-03-18 00:00:00+00:00,2025_03_17_close_1700_PT,2025-03-17 17:00:00-07:00,2025-03-17 16:47:48.152110+00:00,0.05,2025-03-17 09:47:48.152110-07:00
KXMASTERS-25-CM,2025-03-18 00:00:00+00:00,2025_03_17_close_1700_PT,2025-03-17 17:00:00-07:00,2025-03-17 21:04:07.715680+00:00,0.06,2025-03-17 14:04:07.715680-07:00
KXMASTERS-25-LA,2025-03-18 00:00:00+00:00,2025_03_17_close_1700_PT,2025-03-17 17:00:00-07:00,2025-03-17 21:03:54.471010+00:00,0.07,2025-03-17 14:03:54.471010-07:00
KXMASTERS-25-RM,2025-03-18 00:00:00+00:00,2025_03_17_close_1700_PT,2025-03-17 17:00:00-07:00,2025-03-17 22:48:56.789296+00:00,0.13,2025-03-17 15:48:56.789296-07:00
KXMASTERS-25-SS,2025-03-18 00:00:00+00:00,2025_03_17_close_1700_PT,2025-03-17 17:00:00-07:00,2025-03-17 21:03:16.176374+00:00,0.17,2025-03-17 14:03:16.176374-07:00
KXMAYORNYCNOMD-25-AC,2025-03-18 00:00:00+00:00,2025_03_17_close_1700_PT,2025-03-17 17:00:00-07:00,2025-03-17 18:39:07.430712+00:00,0.69,2025-03-17 11:39:07.430712-07:00
KXMAYORNYCNOMD-25-ZM,2025-03-18 00:00:00+00:00,2025_03_17_close_1700_PT,2025-03-17 17:00:00-07:00,2025-03-17 21:17:29.787492+00:00,0.1,2025-03-17 14:17:29.787492-07:00
KXMAYORNYCPARTY-25-D,2025-03-18 00:00:00+00:00,2025_03_17_close_1700_PT,2025-03-17 17:00:00-07:00,2025-03-16 16:56:03.125329+00:00,0.93,2025-03-16 09:56:03.125329-07:00
KXMAYORNYCPARTY-25-R,2025-03-18 00:00:00+00:00,2025_03_17_close_1700_PT,2025-03-17 17:00:00-07:00,2025-03-17 19:06:20.491908+00:00,0.08,2025-03-17 12:06:20.491908-07:00
KXMLB-25-LAD,2025-03-18 00:00:00+00:00,2025_03_17_close_1700_PT,2025-03-17 17:00:00-07:00,2025-03-17 18:41:02.209980+00:00,0.25,2025-03-17 11:41:02.209980-07:00
KXMLB-25-MIL,2025-03-18 00:00:00+00:00,2025_03_17_close_1700_PT,2025-03-17 17:00:00-07:00,2025-03-10 06:18:13.923662+00:00,0.02,2025-03-09 23:18:13.923662-07:00
KXMLB-25-PHI,2025-03-18 00:00:00+00:00,2025_03_17_close_1700_PT,2025-03-17 17:00:00-07:00,2025-03-16 19:20:18.280041+00:00,0.07,2025-03-16 12:20:18.280041-07:00
KXMLB-25-SEA,2025-03-18 00:00:00+00:00,2025_03_17_close_1700_PT,2025-03-17 17:00:00-07:00,2025-03-11 23:27:34.973762+00:00,0.03,2025-03-11 16:27:34.973762-07:00
KXMLB-25-TOR,2025-03-18 00:00:00+00:00,2025_03_17_close_1700_PT,2025-03-17 17:00:00-07:00,2025-03-11 13:32:21.727513+00:00,0.01,2025-03-11 06:32:21.727513-07:00
KXMLBAL-25-SEA,2025-03-18 00:00:00+00:00,2025_03_17_close_1700_PT,2025-03-17 17:00:00-07:00,2025-03-17 19:10:12.241841+00:00,0.08,2025-03-17 12:10:12.241841-07:00
KXMLBAL-25-TOR,2025-03-18 00:00:00+00:00,2025_03_17_close_1700_PT,2025-03-17 17:00:00-07:00,2025-03-14 15:24:14.606706+00:00,0.02,2025-03-14 08:24:14.606706-07:00
KXMLBNL-25-LAD,2025-03-18 00:00:00+00:00,2025_03_17_close_1700_PT,2025-03-17 17:00:00-07:00,2025-03-17 15:06:01.656218+00:00,0.36,2025-03-17 08:06:01.656218-07:00
KXNBA-25-BOS,2025-03-18 00:00:00+00:00,2025_03_17_close_1700_PT,2025-03-17 17:00:00-07:00,2025-03-17 21:17:40.615360+00:00,0.29,2025-03-17 14:17:40.615360-07:00
KXNBA-25-CLE,2025-03-18 00:00:00+00:00,2025_03_17_close_1700_PT,2025-03-17 17:00:00-07:00,2025-03-17 16:07:06.297203+00:00,0.15,2025-03-17 09:07:06.297203-07:00
KXNBA-25-DEN,2025-03-18 00:00:00+00:00,2025_03_17_close_1700_PT,2025-03-17 17:00:00-07:00,2025-03-17 20:58:41.485422+00:00,0.07,2025-03-17 13:58:41.485422-07:00
KXNBA-25-GSW,2025-03-18 00:00:00+00:00,2025_03_17_close_1700_PT,2025-03-17 17:00:00-07:00,2025-03-17 22:15:31.057254+00:00,0.06,2025-03-17 15:15:31.057254-07:00
KXNBA-25-IND,2025-03-18 00:00:00+00:00,2025_03_17_close_1700_PT,2025-03-17 17:00:00-07:00,2025-03-13 13:14:25.254451+00:00,0.01,2025-03-13 06:14:25.254451-07:00
KXNBA-25-LAL,2025-03-18 00:00:00+00:00,2025_03_17_close_1700_PT,2025-03-17 17:00:00-07:00,2025-03-17 21:51:41.582667+00:00,0.08,2025-03-17 14:51:41.582667-07:00
KXNBA-25-MIN,2025-03-18 00:00:00+00:00,2025_03_17_close_1700_PT,2025-03-17 17:00:00-07:00,2025-03-17 22:17:01.097817+00:00,0.01,2025-03-17 15:17:01.097817-07:00
KXNBA-25-NYK,2025-03-18 00:00:00+00:00,2025_03_17_close_1700_PT,2025-03-17 17:00:00-07:00,2025-03-17 08:23:49.990097+00:00,0.03,2025-03-17 01:23:49.990097-07:00
KXNBA-25-OKC,2025-03-18 00:00:00+00:00,2025_03_17_close_1700_PT,2025-03-17 17:00:00-07:00,2025-03-17 21:12:07.118445+00:00,0.3,2025-03-17 14:12:07.118445-07:00
KXNBAEAST-25-BOS,2025-03-18 00:00:00+00:00,2025_03_17_close_1700_PT,2025-03-17 17:00:00-07:00,2025-03-16 23:05:21.155934+00:00,0.55,2025-03-16 16:05:21.155934-07:00
KXNBAEAST-25-IND,2025-03-18 00:00:00+00:00,2025_03_17_close_1700_PT,2025-03-17 17:00:00-07:00,2025-03-06 12:33:13.620263+00:00,0.02,2025-03-06 04:33:13.620263-08:00
KXNBAEAST-25-NYK,2025-03-18 00:00:00+00:00,2025_03_17_close_1700_PT,2025-03-17 17:00:00-07:00,2025-03-17 09:12:30.395281+00:00,0.08,2025-03-17 02:12:30.395281-07:00
KXNBAWEST-25-DEN,2025-03-18 00:00:00+00:00,2025_03_17_close_1700_PT,2025-03-17 17:00:00-07:00,2025-03-17 22:57:40.527462+00:00,0.12,2025-03-17 15:57:40.527462-07:00
KXNBAWEST-25-MIN,2025-03-18 00:00:00+00:00,2025_03_17_close_1700_PT,2025-03-17 17:00:00-07:00,2025-03-17 16:50:00.006186+00:00,0.05,2025-03-17 09:50:00.006186-07:00
KXNBAWEST-25-OKC,2025-03-18 00:00:00+00:00,2025_03_17_close_1700_PT,2025-03-17 17:00:00-07:00,2025-03-17 19:19:52.702244+00:00,0.56,2025-03-17 12:19:52.702244-07:00
KXNCAAF-26-OSU,2025-03-18 00:00:00+00:00,2025_03_17_close_1700_PT,2025-03-17 17:00:00-07:00,2025-03-17 19:00:48.167727+00:00,0.14,2025-03-17 12:00:48.167727-07:00
KXNHL-25-EDM,2025-03-18 00:00:00+00:00,2025_03_17_close_1700_PT,2025-03-17 17:00:00-07:00,2025-03-17 22:11:23.391417+00:00,0.1,2025-03-17 15:11:23.391417-07:00
KXNHL-25-FLA,2025-03-18 00:00:00+00:00,2025_03_17_close_1700_PT,2025-03-17 17:00:00-07:00,2025-03-17 21:44:58.570140+00:00,0.15,2025-03-17 14:44:58.570140-07:00
KXNOBELPEACE-25-DJT,2025-03-18 00:00:00+00:00,2025_03_17_close_1700_PT,2025-03-17 17:00:00-07:00,2025-03-17 20:27:32.466053+00:00,0.1,2025-03-17 13:27:32.466053-07:00
KXPGA-25-BD,2025-03-18 00:00:00+00:00,2025_03_17_close_1700_PT,2025-03-17 17:00:00-07:00,2025-03-04 11:14:46.295785+00:00,0.06,2025-03-04 03:14:46.295785-08:00
KXPGA-25-RM,2025-03-18 00:00:00+00:00,2025_03_17_close_1700_PT,2025-03-17 17:00:00-07:00,2025-03-17 06:51:34.549524+00:00,0.13,2025-03-16 23:51:34.549524-07:00
KXPGA-25-SS,2025-03-18 00:00:00+00:00,2025_03_17_close_1700_PT,2025-03-17 17:00:00-07:00,2025-03-15 21:09:08.380149+00:00,0.07,2025-03-15 14:09:08.380149-07:00
KXRATECUTCOUNT-25DEC31-T0,2025-03-18 00:00:00+00:00,2025_03_17_close_1700_PT,2025-03-17 17:00:00-07:00,2025-03-17 23:02:11.513602+00:00,0.12,2025-03-17 16:02:11.513602-07:00
KXRATECUTCOUNT-25DEC31-T1,2025-03-18 00:00:00+00:00,2025_03_17_close_1700_PT,2025-03-17 17:00:00-07:00,2025-03-17 22:33:36.246182+00:00,0.15,2025-03-17 15:33:36.246182-07:00
KXRATECUTCOUNT-25DEC31-T2,2025-03-18 00:00:00+00:00,2025_03_17_close_1700_PT,2025-03-17 17:00:00-07:00,2025-03-17 23:01:25.708034+00:00,0.23,2025-03-17 16:01:25.708034-07:00
KXRATECUTCOUNT-25DEC31-T3,2025-03-18 00:00:00+00:00,2025_03_17_close_1700_PT,2025-03-17 17:00:00-07:00,2025-03-17 21:37:26.785754+00:00,0.21,2025-03-17 14:37:26.785754-07:00
KXSB-26-BAL,2025-03-18 00:00:00+00:00,2025_03_17_close_1700_PT,2025-03-17 17:00:00-07:00,2025-03-17 19:26:30.631217+00:00,0.11,2025-03-17 12:26:30.631217-07:00
KXSB-26-BUF,2025-03-18 00:00:00+00:00,2025_03_17_close_1700_PT,2025-03-17 17:00:00-07:00,2025-03-14 17:50:14.107974+00:00,0.12,2025-03-14 10:50:14.107974-07:00
KXSB-26-GB,2025-03-18 00:00:00+00:00,2025_03_17_close_1700_PT,2025-03-17 17:00:00-07:00,2025-03-14 12:32:39.640550+00:00,0.04,2025-03-14 05:32:39.640550-07:00
KXSB-26-KC,2025-03-18 00:00:00+00:00,2025_03_17_close_1700_PT,2025-03-17 17:00:00-07:00,2025-03-16 22:56:58.922998+00:00,0.12,2025-03-16 15:56:58.922998-07:00
KXSB-26-PHI,2025-03-18 00:00:00+00:00,2025_03_17_close_1700_PT,2025-03-17 17:00:00-07:00,2025-03-17 19:26:17.085333+00:00,0.13,2025-03-17 12:26:17.085333-07:00
KXSB-26-SEA,2025-03-18 00:00:00+00:00,2025_03_17_close_1700_PT,2025-03-17 17:00:00-07:00,2025-03-16 21:35:44.096468+00:00,0.01,2025-03-16 14:35:44.096468-07:00
KXTHEOPEN-25-RM,2025-03-18 00:00:00+00:00,2025_03_17_close_1700_PT,2025-03-17 17:00:00-07:00,2025-03-17 06:51:46.908818+00:00,0.13,2025-03-16 23:51:46.908818-07:00
KXTHEOPEN-25-SS,2025-03-18 00:00:00+00:00,2025_03_17_close_1700_PT,2025-03-17 17:00:00-07:00,2025-03-06 15:38:06.355253+00:00,0.25,2025-03-06 07:38:06.355253-08:00
KXTOPARTIST-25-BB,2025-03-18 00:00:00+00:00,2025_03_17_close_1700_PT,2025-03-17 17:00:00-07:00,2025-03-17 06:20:30.421324+00:00,0.52,2025-03-16 23:20:30.421324-07:00
KXTOPARTIST-25-TS,2025-03-18 00:00:00+00:00,2025_03_17_close_1700_PT,2025-03-17 17:00:00-07:00,2025-03-16 19:52:13.846920+00:00,0.48,2025-03-16 12:52:13.846920-07:00
KXUEFACL-25-IM,2025-03-18 00:00:00+00:00,2025_03_17_close_1700_PT,2025-03-17 17:00:00-07:00,2025-03-17 17:10:01.571900+00:00,0.08,2025-03-17 10:10:01.571900-07:00
KXUEFACL-25-PSG,2025-03-18 00:00:00+00:00,2025_03_17_close_1700_PT,2025-03-17 17:00:00-07:00,2025-03-16 11:41:39.672690+00:00,0.2,2025-03-16 04:41:39.672690-07:00
KXUSOMENSINGLES-25-CA,2025-03-18 00:00:00+00:00,2025_03_17_close_1700_PT,2025-03-17 17:00:00-07:00,2025-03-17 18:29:54.515804+00:00,0.25,2025-03-17 11:29:54.515804-07:00
KXUSOMENSINGLES-25-JS,2025-03-18 00:00:00+00:00,2025_03_17_close_1700_PT,2025-03-17 17:00:00-07:00,2025-03-17 21:16:11.250164+00:00,0.38,2025-03-17 14:16:11.250164-07:00
KXUSOMENSINGLES-25-ND,2025-03-18 00:00:00+00:00,2025_03_17_close_1700_PT,2025-03-17 17:00:00-07:00,2025-03-17 18:30:07.064834+00:00,0.13,2025-03-17 11:30:07.064834-07:00
KXUSOPEN-25-BD,2025-03-18 00:00:00+00:00,2025_03_17_close_1700_PT,2025-03-17 17:00:00-07:00,2025-03-16 11:32:39.339688+00:00,0.06,2025-03-16 04:32:39.339688-07:00
KXUSOPEN-25-BK,2025-03-18 00:00:00+00:00,2025_03_17_close_1700_PT,2025-03-17 17:00:00-07:00,2025-02-25 17:27:04.087935+00:00,0.03,2025-02-25 09:27:04.087935-08:00
KXUSOPEN-25-RM,2025-03-18 00:00:00+00:00,2025_03_17_close_1700_PT,2025-03-17 17:00:00-07:00,2025-03-17 17:19:50.749150+00:00,0.11,2025-03-17 10:19:50.749150-07:00
KXUSOPEN-25-RMAC,2025-03-18 00:00:00+00:00,2025_03_17_close_1700_PT,2025-03-17 17:00:00-07:00,2025-02-13 20:06:17.379384+00:00,0.03,2025-02-13 12:06:17.379384-08:00
KXUSOPEN-25-SS,2025-03-18 00:00:00+00:00,2025_03_17_close_1700_PT,2025-03-17 17:00:00-07:00,2025-03-17 17:20:00.329894+00:00,0.18,2025-03-17 10:20:00.329894-07:00
KXUSOPEN-25-VH,2025-03-18 00:00:00+00:00,2025_03_17_close_1700_PT,2025-03-17 17:00:00-07:00,2025-03-16 11:33:07.623150+00:00,0.04,2025-03-16 04:33:07.623150-07:00
KXWMENSINGLES-25-CA,2025-03-18 00:00:00+00:00,2025_03_17_close_1700_PT,2025-03-17 17:00:00-07:00,2025-03-17 16:55:38.391527+00:00,0.38,2025-03-17 09:55:38.391527-07:00
KXWMENSINGLES-25-JS,2025-03-18 00:00:00+00:00,2025_03_17_close_1700_PT,2025-03-17 17:00:00-07:00,2025-03-17 16:56:46.527365+00:00,0.29,2025-03-17 09:56:46.527365-07:00
KXWMENSINGLES-25-ND,2025-03-18 00:00:00+00:00,2025_03_17_close_1700_PT,2025-03-17 17:00:00-07:00,2025-03-14 19:29:15.505737+00:00,0.15,2025-03-14 12:29:15.505737-07:00
KXWMENSINGLES-25-TF,2025-03-18 00:00:00+00:00,2025_03_17_close_1700_PT,2025-03-17 17:00:00-07:00,,,
LEAVEPOWELL-25-DEC31,2025-03-18 00:00:00+00:00,2025_03_17_close_1700_PT,2025-03-17 17:00:00-07:00,2025-03-17 18:58:12.426453+00:00,0.19,2025-03-17 11:58:12.426453-07:00
RECSSNBER-25,2025-03-18 00:00:00+00:00,2025_03_17_close_1700_PT,2025-03-17 17:00:00-07:00,2025-03-17 23:03:00.791261+00:00,0.38,2025-03-17 16:03:00.791261-07:00
FED-25MAY-T4.00,2025-03-18 12:00:00+00:00,2025_03_18_open_0500_PT,2025-03-18 05:00:00-07:00,2025-03-18 11:57:32.546906+00:00,0.93,2025-03-18 04:57:32.546906-07:00
FED-25MAY-T4.25,2025-03-18 12:00:00+00:00,2025_03_18_open_0500_PT,2025-03-18 05:00:00-07:00,2025-03-18 11:58:23.430840+00:00,0.73,2025-03-18 04:58:23.430840-07:00
GOVPARTYNJ-25-D,2025-03-18 12:00:00+00:00,2025_03_18_open_0500_PT,2025-03-18 05:00:00-07:00,2025-03-17 15:11:11.535524+00:00,0.71,2025-03-17 08:11:11.535524-07:00
GOVPARTYNJ-25-R,2025-03-18 12:00:00+00:00,2025_03_18_open_0500_PT,2025-03-18 05:00:00-07:00,2025-03-17 19:58:47.948577+00:00,0.3,2025-03-17 12:58:47.948577-07:00
GOVPARTYVA-25-R,2025-03-18 12:00:00+00:00,2025_03_18_open_0500_PT,2025-03-18 05:00:00-07:00,2025-03-16 09:35:59.137359+00:00,0.15,2025-03-16 02:35:59.137359-07:00
KXBTCMAX150-25-DEC31-149999.99,2025-03-18 12:00:00+00:00,2025_03_18_open_0500_PT,2025-03-18 05:00:00-07:00,2025-03-18 11:06:43.077436+00:00,0.25,2025-03-18 04:06:43.077436-07:00
KXBTCMAXY-25-DEC31-124999.99,2025-03-18 12:00:00+00:00,2025_03_18_open_0500_PT,2025-03-18 05:00:00-07:00,2025-03-18 10:55:31.613764+00:00,0.4,2025-03-18 03:55:31.613764-07:00
KXBTCMAXY-25-DEC31-149999.99,2025-03-18 12:00:00+00:00,2025_03_18_open_0500_PT,2025-03-18 05:00:00-07:00,2025-03-18 10:57:12.305811+00:00,0.25,2025-03-18 03:57:12.305811-07:00
KXBTCRESERVE-26-JAN01,2025-03-18 12:00:00+00:00,2025_03_18_open_0500_PT,2025-03-18 05:00:00-07:00,2025-03-18 11:22:06.611287+00:00,0.5,2025-03-18 04:22:06.611287-07:00
KXCANADAPM-45-C,2025-03-18 12:00:00+00:00,2025_03_18_open_0500_PT,2025-03-18 05:00:00-07:00,2025-03-18 11:34:57.782180+00:00,0.48,2025-03-18 04:34:57.782180-07:00
KXCANADAPM-45-L,2025-03-18 12:00:00+00:00,2025_03_18_open_0500_PT,2025-03-18 05:00:00-07:00,2025-03-18 11:47:38.753467+00:00,0.52,2025-03-18 04:47:38.753467-07:00
KXCPIYOY-25APR-T2.4,2025-03-18 12:00:00+00:00,2025_03_18_open_0500_PT,2025-03-18 05:00:00-07:00,,,
KXCPIYOY-25APR-T2.5,2025-03-18 12:00:00+00:00,2025_03_18_open_0500_PT,2025-03-18 05:00:00-07:00,2025-03-18 06:44:40.847249+00:00,0.44,2025-03-17 23:44:40.847249-07:00
KXDOED-26-JAN01,2025-03-18 12:00:00+00:00,2025_03_18_open_0500_PT,2025-03-18 05:00:00-07:00,2025-03-18 08:31:24.674329+00:00,0.23,2025-03-18 01:31:24.674329-07:00
KXEPSTEIN-25,2025-03-18 12:00:00+00:00,2025_03_18_open_0500_PT,2025-03-18 05:00:00-07:00,2025-03-18 11:54:38.035760+00:00,0.39,2025-03-18 04:54:38.035760-07:00
KXETHMAXY-25DEC31-4999.99,2025-03-18 12:00:00+00:00,2025_03_18_open_0500_PT,2025-03-18 05:00:00-07:00,2025-03-17 10:19:10.155017+00:00,0.14,2025-03-17 03:19:10.155017-07:00
KXFEDDECISION-25MAY-C25,2025-03-18 12:00:00+00:00,2025_03_18_open_0500_PT,2025-03-18 05:00:00-07:00,,,
KXFEDDECISION-25MAY-C26,2025-03-18 12:00:00+00:00,2025_03_18_open_0500_PT,2025-03-18 05:00:00-07:00,,,
KXFEDDECISION-25MAY-H0,2025-03-18 12:00:00+00:00,2025_03_18_open_0500_PT,2025-03-18 05:00:00-07:00,,,
KXFOMENSINGLES-25-CA,2025-03-18 12:00:00+00:00,2025_03_18_open_0500_PT,2025-03-18 05:00:00-07:00,2025-03-17 17:23:27.032589+00:00,0.42,2025-03-17 10:23:27.032589-07:00
KXFOMENSINGLES-25-JS,2025-03-18 12:00:00+00:00,2025_03_18_open_0500_PT,2025-03-18 05:00:00-07:00,2025-03-17 17:22:15.114911+00:00,0.23,2025-03-17 10:22:15.114911-07:00
KXFOMENSINGLES-25-ND,2025-03-18 12:00:00+00:00,2025_03_18_open_0500_PT,2025-03-18 05:00:00-07:00,2025-03-08 17:49:54.374770+00:00,0.12,2025-03-08 09:49:54.374770-08:00
KXFOWOMENSINGLES-25-AS,2025-03-18 12:00:00+00:00,2025_03_18_open_0500_PT,2025-03-18 05:00:00-07:00,2025-03-16 14:44:33.217579+00:00,0.14,2025-03-16 07:44:33.217579-07:00
KXFOWOMENSINGLES-25-CG,2025-03-18 12:00:00+00:00,2025_03_18_open_0500_PT,2025-03-18 05:00:00-07:00,2025-02-10 18:42:35.041176+00:00,0.08,2025-02-10 10:42:35.041176-08:00
KXLEAGUEWORLDS-25-T1,2025-03-18 12:00:00+00:00,2025_03_18_open_0500_PT,2025-03-18 05:00:00-07:00,2025-03-16 11:04:05.527000+00:00,0.26,2025-03-16 04:04:05.527000-07:00
KXLLM1-25DEC31-XAI,2025-03-18 12:00:00+00:00,2025_03_18_open_0500_PT,2025-03-18 05:00:00-07:00,2025-03-17 17:01:00.201278+00:00,0.35,2025-03-17 10:01:00.201278-07:00
KXMARMAD-25-AU,2025-03-18 12:00:00+00:00,2025_03_18_open_0500_PT,2025-03-18 05:00:00-07:00,2025-03-18 11:57:51.840894+00:00,0.15,2025-03-18 04:57:51.840894-07:00
KXMARMAD-25-DU,2025-03-18 12:00:00+00:00,2025_03_18_open_0500_PT,2025-03-18 05:00:00-07:00,2025-03-18 11:59:24.801105+00:00,0.24,2025-03-18 04:59:24.801105-07:00
KXMARMAD-25-FL,2025-03-18 12:00:00+00:00,2025_03_18_open_0500_PT,2025-03-18 05:00:00-07:00,2025-03-18 11:57:43.088726+00:00,0.2,2025-03-18 04:57:43.088726-07:00
KXMARMAD-25-HOU,2025-03-18 12:00:00+00:00,2025_03_18_open_0500_PT,2025-03-18 05:00:00-07:00,2025-03-18 11:59:12.044570+00:00,0.13,2025-03-18 04:59:12.044570-07:00
KXMASTERS-25-BD,2025-03-18 12:00:00+00:00,2025_03_18_open_0500_PT,2025-03-18 05:00:00-07:00,2025-03-17 16:47:48.152110+00:00,0.05,2025-03-17 09:47:48.152110-07:00
KXMASTERS-25-CM,2025-03-18 12:00:00+00:00,2025_03_18_open_0500_PT,2025-03-18 05:00:00-07:00,2025-03-17 21:04:07.715680+00:00,0.06,2025-03-17 14:04:07.715680-07:00
KXMASTERS-25-LA,2025-03-18 12:00:00+00:00,2025_03_18_open_0500_PT,2025-03-18 05:00:00-07:00,2025-03-17 21:03:54.471010+00:00,0.07,2025-03-17 14:03:54.471010-07:00
KXMASTERS-25-RM,2025-03-18 12:00:00+00:00,2025_03_18_open_0500_PT,2025-03-18 05:00:00-07:00,2025-03-18 09:06:26.387532+00:00,0.13,2025-03-18 02:06:26.387532-07:00
KXMASTERS-25-SS,2025-03-18 12:00:00+00:00,2025_03_18_open_0500_PT,2025-03-18 05:00:00-07:00,2025-03-18 07:31:59.350130+00:00,0.17,2025-03-18 00:31:59.350130-07:00
KXMAYORNYCNOMD-25-AC,2025-03-18 12:00:00+00:00,2025_03_18_open_0500_PT,2025-03-18 05:00:00-07:00,2025-03-18 11:42:31.392511+00:00,0.67,2025-03-18 04:42:31.392511-07:00
KXMAYORNYCNOMD-25-ZM,2025-03-18 12:00:00+00:00,2025_03_18_open_0500_PT,2025-03-18 05:00:00-07:00,2025-03-18 09:51:37.362994+00:00,0.11,2025-03-18 02:51:37.362994-07:00
KXMAYORNYCPARTY-25-D,2025-03-18 12:00:00+00:00,2025_03_18_open_0500_PT,2025-03-18 05:00:00-07:00,2025-03-16 16:56:03.125329+00:00,0.93,2025-03-16 09:56:03.125329-07:00
KXMAYORNYCPARTY-25-R,2025-03-18 12:00:00+00:00,2025_03_18_open_0500_PT,2025-03-18 05:00:00-07:00,2025-03-17 19:06:20.491908+00:00,0.08,2025-03-17 12:06:20.491908-07:00
KXMLB-25-LAD,2025-03-18 12:00:00+00:00,2025_03_18_open_0500_PT,2025-03-18 05:00:00-07:00,2025-03-17 18:41:02.209980+00:00,0.25,2025-03-17 11:41:02.209980-07:00
KXMLB-25-MIL,2025-03-18 12:00:00+00:00,2025_03_18_open_0500_PT,2025-03-18 05:00:00-07:00,2025-03-10 06:18:13.923662+00:00,0.02,2025-03-09 23:18:13.923662-07:00
KXMLB-25-PHI,2025-03-18 12:00:00+00:00,2025_03_18_open_0500_PT,2025-03-18 05:00:00-07:00,2025-03-16 19:20:18.280041+00:00,0.07,2025-03-16 12:20:18.280041-07:00
KXMLB-25-SEA,2025-03-18 12:00:00+00:00,2025_03_18_open_0500_PT,2025-03-18 05:00:00-07:00,2025-03-11 23:27:34.973762+00:00,0.03,2025-03-11 16:27:34.973762-07:00
KXMLB-25-TOR,2025-03-18 12:00:00+00:00,2025_03_18_open_0500_PT,2025-03-18 05:00:00-07:00,2025-03-11 13:32:21.727513+00:00,0.01,2025-03-11 06:32:21.727513-07:00
KXMLBAL-25-SEA,2025-03-18 12:00:00+00:00,2025_03_18_open_0500_PT,2025-03-18 05:00:00-07:00,2025-03-17 19:10:12.241841+00:00,0.08,2025-03-17 12:10:12.241841-07:00
KXMLBAL-25-TOR,2025-03-18 12:00:00+00:00,2025_03_18_open_0500_PT,2025-03-18 05:00:00-07:00,2025-03-14 15:24:14.606706+00:00,0.02,2025-03-14 08:24:14.606706-07:00
KXMLBNL-25-LAD,2025-03-18 12:00:00+00:00,2025_03_18_open_0500_PT,2025-03-18 05:00:00-07:00,2025-03-17 15:06:01.656218+00:00,0.36,2025-03-17 08:06:01.656218-07:00
KXNBA-25-BOS,2025-03-18 12:00:00+00:00,2025_03_18_open_0500_PT,2025-03-18 05:00:00-07:00,2025-03-18 09:45:04.598575+00:00,0.28,2025-03-18 02:45:04.598575-07:00
KXNBA-25-CLE,2025-03-18 12:00:00+00:00,2025_03_18_open_0500_PT,2025-03-18 05:00:00-07:00,2025-03-18 11:09:11.542756+00:00,0.15,2025-03-18 04:09:11.542756-07:00
KXNBA-25-DEN,2025-03-18 12:00:00+00:00,2025_03_18_open_0500_PT,2025-03-18 05:00:00-07:00,2025-03-17 20:58:41.485422+00:00,0.07,2025-03-17 13:58:41.485422-07:00
KXNBA-25-GSW,2025-03-18 12:00:00+00:00,2025_03_18_open_0500_PT,2025-03-18 05:00:00-07:00,2025-03-18 11:42:48.613043+00:00,0.06,2025-03-18 04:42:48.613043-07:00
KXNBA-25-IND,2025-03-18 12:00:00+00:00,2025_03_18_open_0500_PT,2025-03-18 05:00:00-07:00,2025-03-13 13:14:25.254451+00:00,0.01,2025-03-13 06:14:25.254451-07:00
KXNBA-25-LAL,2025-03-18 12:00:00+00:00,2025_03_18_open_0500_PT,2025-03-18 05:00:00-07:00,2025-03-18 11:13:19.705115+00:00,0.08,2025-03-18 04:13:19.705115-07:00
KXNBA-25-MIN,2025-03-18 12:00:00+00:00,2025_03_18_open_0500_PT,2025-03-18 05:00:00-07:00,2025-03-18 10:05:37.226963+00:00,0.02,2025-03-18 03:05:37.226963-07:00
KXNBA-25-NYK,2025-03-18 12:00:00+00:00,2025_03_18_open_0500_PT,2025-03-18 05:00:00-07:00,2025-03-17 08:23:49.990097+00:00,0.03,2025-03-17 01:23:49.990097-07:00
KXNBA-25-OKC,2025-03-18 12:00:00+00:00,2025_03_18_open_0500_PT,2025-03-18 05:00:00-07:00,2025-03-18 10:46:45.770312+00:00,0.32,2025-03-18 03:46:45.770312-07:00
KXNBAEAST-25-BOS,2025-03-18 12:00:00+00:00,2025_03_18_open_0500_PT,2025-03-18 05:00:00-07:00,2025-03-16 23:05:21.155934+00:00,0.55,2025-03-16 16:05:21.155934-07:00
KXNBAEAST-25-IND,2025-03-18 12:00:00+00:00,2025_03_18_open_0500_PT,2025-03-18 05:00:00-07:00,2025-03-06 12:33:13.620263+00:00,0.02,2025-03-06 04:33:13.620263-08:00
KXNBAEAST-25-NYK,2025-03-18 12:00:00+00:00,2025_03_18_open_0500_PT,2025-03-18 05:00:00-07:00,2025-03-18 08:31:28.177689+00:00,0.07,2025-03-18 01:31:28.177689-07:00
KXNBAWEST-25-DEN,2025-03-18 12:00:00+00:00,2025_03_18_open_0500_PT,2025-03-18 05:00:00-07:00,2025-03-17 22:57:40.527462+00:00,0.12,2025-03-17 15:57:40.527462-07:00
KXNBAWEST-25-MIN,2025-03-18 12:00:00+00:00,2025_03_18_open_0500_PT,2025-03-18 05:00:00-07:00,2025-03-17 16:50:00.006186+00:00,0.05,2025-03-17 09:50:00.006186-07:00
KXNBAWEST-25-OKC,2025-03-18 12:00:00+00:00,2025_03_18_open_0500_PT,2025-03-18 05:00:00-07:00,2025-03-18 09:37:06.903231+00:00,0.57,2025-03-18 02:37:06.903231-07:00
KXNCAAF-26-OSU,2025-03-18 12:00:00+00:00,2025_03_18_open_0500_PT,2025-03-18 05:00:00-07:00,2025-03-17 19:00:48.167727+00:00,0.14,2025-03-17 12:00:48.167727-07:00
KXNHL-25-EDM,2025-03-18 12:00:00+00:00,2025_03_18_open_0500_PT,2025-03-18 05:00:00-07:00,2025-03-18 09:28:08.524524+00:00,0.12,2025-03-18 02:28:08.524524-07:00
KXNHL-25-FLA,2025-03-18 12:00:00+00:00,2025_03_18_open_0500_PT,2025-03-18 05:00:00-07:00,2025-03-18 09:28:16.707124+00:00,0.14,2025-03-18 02:28:16.707124-07:00
KXNOBELPEACE-25-DJT,2025-03-18 12:00:00+00:00,2025_03_18_open_0500_PT,2025-03-18 05:00:00-07:00,2025-03-18 11:16:42.267325+00:00,0.09,2025-03-18 04:16:42.267325-07:00
KXPGA-25-BD,2025-03-18 12:00:00+00:00,2025_03_18_open_0500_PT,2025-03-18 05:00:00-07:00,2025-03-04 11:14:46.295785+00:00,0.06,2025-03-04 03:14:46.295785-08:00
KXPGA-25-RM,2025-03-18 12:00:00+00:00,2025_03_18_open_0500_PT,2025-03-18 05:00:00-07:00,2025-03-17 06:51:34.549524+00:00,0.13,2025-03-16 23:51:34.549524-07:00
KXPGA-25-SS,2025-03-18 12:00:00+00:00,2025_03_18_open_0500_PT,2025-03-18 05:00:00-07:00,2025-03-15 21:09:08.380149+00:00,0.07,2025-03-15 14:09:08.380149-07:00
KXRATECUTCOUNT-25DEC31-T0,2025-03-18 12:00:00+00:00,2025_03_18_open_0500_PT,2025-03-18 05:00:00-07:00,2025-03-17 23:02:11.513602+00:00,0.12,2025-03-17 16:02:11.513602-07:00
KXRATECUTCOUNT-25DEC31-T1,2025-03-18 12:00:00+00:00,2025_03_18_open_0500_PT,2025-03-18 05:00:00-07:00,2025-03-18 09:47:33.279039+00:00,0.19,2025-03-18 02:47:33.279039-07:00
KXRATECUTCOUNT-25DEC31-T2,2025-03-18 12:00:00+00:00,2025_03_18_open_0500_PT,2025-03-18 05:00:00-07:00,2025-03-18 11:09:25.641056+00:00,0.24,2025-03-18 04:09:25.641056-07:00
KXRATECUTCOUNT-25DEC31-T3,2025-03-18 12:00:00+00:00,2025_03_18_open_0500_PT,2025-03-18 05:00:00-07:00,2025-03-17 21:37:26.785754+00:00,0.21,2025-03-17 14:37:26.785754-07:00
KXSB-26-BAL,2025-03-18 12:00:00+00:00,2025_03_18_open_0500_PT,2025-03-18 05:00:00-07:00,2025-03-18 11:44:49.389817+00:00,0.11,2025-03-18 04:44:49.389817-07:00
KXSB-26-BUF,2025-03-18 12:00:00+00:00,2025_03_18_open_0500_PT,2025-03-18 05:00:00-07:00,2025-03-18 08:34:42.030209+00:00,0.12,2025-03-18 01:34:42.030209-07:00
KXSB-26-GB,2025-03-18 12:00:00+00:00,2025_03_18_open_0500_PT,2025-03-18 05:00:00-07:00,2025-03-14 12:32:39.640550+00:00,0.04,2025-03-14 05:32:39.640550-07:00
KXSB-26-KC,2025-03-18 12:00:00+00:00,2025_03_18_open_0500_PT,2025-03-18 05:00:00-07:00,2025-03-16 22:56:58.922998+00:00,0.12,2025-03-16 15:56:58.922998-07:00
KXSB-26-PHI,2025-03-18 12:00:00+00:00,2025_03_18_open_0500_PT,2025-03-18 05:00:00-07:00,2025-03-18 08:34:35.584729+00:00,0.13,2025-03-18 01:34:35.584729-07:00
KXSB-26-SEA,2025-03-18 12:00:00+00:00,2025_03_18_open_0500_PT,2025-03-18 05:00:00-07:00,2025-03-18 11:58:49.814166+00:00,0.01,2025-03-18 04:58:49.814166-07:00
KXTHEOPEN-25-RM,2025-03-18 12:00:00+00:00,2025_03_18_open_0500_PT,2025-03-18 05:00:00-07:00,2025-03-17 06:51:46.908818+00:00,0.13,2025-03-16 23:51:46.908818-07:00
KXTHEOPEN-25-SS,2025-03-18 12:00:00+00:00,2025_03_18_open_0500_PT,2025-03-18 05:00:00-07:00,2025-03-06 15:38:06.355253+00:00,0.25,2025-03-06 07:38:06.355253-08:00
KXTOPARTIST-25-BB,2025-03-18 12:00:00+00:00,2025_03_18_open_0500_PT,2025-03-18 05:00:00-07:00,2025-03-17 06:20:30.421324+00:00,0.52,2025-03-16 23:20:30.421324-07:00
KXTOPARTIST-25-TS,2025-03-18 12:00:00+00:00,2025_03_18_open_0500_PT,2025-03-18 05:00:00-07:00,2025-03-16 19:52:13.846920+00:00,0.48,2025-03-16 12:52:13.846920-07:00
KXUEFACL-25-IM,2025-03-18 12:00:00+00:00,2025_03_18_open_0500_PT,2025-03-18 05:00:00-07:00,2025-03-17 17:10:01.571900+00:00,0.08,2025-03-17 10:10:01.571900-07:00
KXUEFACL-25-PSG,2025-03-18 12:00:00+00:00,2025_03_18_open_0500_PT,2025-03-18 05:00:00-07:00,2025-03-18 07:34:17.553704+00:00,0.2,2025-03-18 00:34:17.553704-07:00
KXUSOMENSINGLES-25-CA,2025-03-18 12:00:00+00:00,2025_03_18_open_0500_PT,2025-03-18 05:00:00-07:00,2025-03-17 18:29:54.515804+00:00,0.25,2025-03-17 11:29:54.515804-07:00
KXUSOMENSINGLES-25-JS,2025-03-18 12:00:00+00:00,2025_03_18_open_0500_PT,2025-03-18 05:00:00-07:00,2025-03-17 21:16:11.250164+00:00,0.38,2025-03-17 14:16:11.250164-07:00
KXUSOMENSINGLES-25-ND,2025-03-18 12:00:00+00:00,2025_03_18_open_0500_PT,2025-03-18 05:00:00-07:00,2025-03-17 18:30:07.064834+00:00,0.13,2025-03-17 11:30:07.064834-07:00
KXUSOPEN-25-BD,2025-03-18 12:00:00+00:00,2025_03_18_open_0500_PT,2025-03-18 05:00:00-07:00,2025-03-16 11:32:39.339688+00:00,0.06,2025-03-16 04:32:39.339688-07:00
KXUSOPEN-25-BK,2025-03-18 12:00:00+00:00,2025_03_18_open_0500_PT,2025-03-18 05:00:00-07:00,2025-02-25 17:27:04.087935+00:00,0.03,2025-02-25 09:27:04.087935-08:00
KXUSOPEN-25-RM,2025-03-18 12:00:00+00:00,2025_03_18_open_0500_PT,2025-03-18 05:00:00-07:00,2025-03-17 17:19:50.749150+00:00,0.11,2025-03-17 10:19:50.749150-07:00
KXUSOPEN-25-RMAC,2025-03-18 12:00:00+00:00,2025_03_18_open_0500_PT,2025-03-18 05:00:00-07:00,2025-02-13 20:06:17.379384+00:00,0.03,2025-02-13 12:06:17.379384-08:00
KXUSOPEN-25-SS,2025-03-18 12:00:00+00:00,2025_03_18_open_0500_PT,2025-03-18 05:00:00-07:00,2025-03-18 07:47:11.430925+00:00,0.16,2025-03-18 00:47:11.430925-07:00
KXUSOPEN-25-VH,2025-03-18 12:00:00+00:00,2025_03_18_open_0500_PT,2025-03-18 05:00:00-07:00,2025-03-16 11:33:07.623150+00:00,0.04,2025-03-16 04:33:07.623150-07:00
KXWMENSINGLES-25-CA,2025-03-18 12:00:00+00:00,2025_03_18_open_0500_PT,2025-03-18 05:00:00-07:00,2025-03-18 11:53:07.810468+00:00,0.37,2025-03-18 04:53:07.810468-07:00
KXWMENSINGLES-25-JS,2025-03-18 12:00:00+00:00,2025_03_18_open_0500_PT,2025-03-18 05:00:00-07:00,2025-03-17 16:56:46.527365+00:00,0.29,2025-03-17 09:56:46.527365-07:00
KXWMENSINGLES-25-ND,2025-03-18 12:00:00+00:00,2025_03_18_open_0500_PT,2025-03-18 05:00:00-07:00,2025-03-14 19:29:15.505737+00:00,0.15,2025-03-14 12:29:15.505737-07:00
KXWMENSINGLES-25-TF,2025-03-18 12:00:00+00:00,2025_03_18_open_0500_PT,2025-03-18 05:00:00-07:00,,,
LEAVEPOWELL-25-DEC31,2025-03-18 12:00:00+00:00,2025_03_18_open_0500_PT,2025-03-18 05:00:00-07:00,2025-03-17 18:58:12.426453+00:00,0.19,2025-03-17 11:58:12.426453-07:00
RECSSNBER-25,2025-03-18 12:00:00+00:00,2025_03_18_open_0500_PT,2025-03-18 05:00:00-07:00,2025-03-18 10:48:18.749348+00:00,0.4,2025-03-18 03:48:18.749348-07:00
FED-25MAY-T4.00,2025-03-19 00:00:00+00:00,2025_03_18_close_1700_PT,2025-03-18 17:00:00-07:00,2025-03-18 23:59:51.750655+00:00,0.93,2025-03-18 16:59:51.750655-07:00
FED-25MAY-T4.25,2025-03-19 00:00:00+00:00,2025_03_18_close_1700_PT,2025-03-18 17:00:00-07:00,2025-03-18 23:58:10.251198+00:00,0.76,2025-03-18 16:58:10.251198-07:00
GOVPARTYNJ-25-D,2025-03-19 00:00:00+00:00,2025_03_18_close_1700_PT,2025-03-18 17:00:00-07:00,2025-03-18 21:17:03.439294+00:00,0.71,2025-03-18 14:17:03.439294-07:00
GOVPARTYNJ-25-R,2025-03-19 00:00:00+00:00,2025_03_18_close_1700_PT,2025-03-18 17:00:00-07:00,2025-03-18 17:27:14.109172+00:00,0.29,2025-03-18 10:27:14.109172-07:00
GOVPARTYVA-25-R,2025-03-19 00:00:00+00:00,2025_03_18_close_1700_PT,2025-03-18 17:00:00-07:00,2025-03-16 09:35:59.137359+00:00,0.15,2025-03-16 02:35:59.137359-07:00
KXBTCMAX150-25-DEC31-149999.99,2025-03-19 00:00:00+00:00,2025_03_18_close_1700_PT,2025-03-18 17:00:00-07:00,2025-03-18 11:06:43.077436+00:00,0.25,2025-03-18 04:06:43.077436-07:00
KXBTCMAXY-25-DEC31-124999.99,2025-03-19 00:00:00+00:00,2025_03_18_close_1700_PT,2025-03-18 17:00:00-07:00,2025-03-18 22:44:56.610116+00:00,0.41,2025-03-18 15:44:56.610116-07:00
KXBTCMAXY-25-DEC31-149999.99,2025-03-19 00:00:00+00:00,2025_03_18_close_1700_PT,2025-03-18 17:00:00-07:00,2025-03-18 20:36:47.781137+00:00,0.25,2025-03-18 13:36:47.781137-07:00
KXBTCRESERVE-26-JAN01,2025-03-19 00:00:00+00:00,2025_03_18_close_1700_PT,2025-03-18 17:00:00-07:00,2025-03-18 20:55:17.741607+00:00,0.5,2025-03-18 13:55:17.741607-07:00
KXCANADAPM-45-C,2025-03-19 00:00:00+00:00,2025_03_18_close_1700_PT,2025-03-18 17:00:00-07:00,2025-03-18 20:08:09.228082+00:00,0.49,2025-03-18 13:08:09.228082-07:00
KXCANADAPM-45-L,2025-03-19 00:00:00+00:00,2025_03_18_close_1700_PT,2025-03-18 17:00:00-07:00,2025-03-18 23:35:42.967584+00:00,0.54,2025-03-18 16:35:42.967584-07:00
KXCPIYOY-25APR-T2.4,2025-03-19 00:00:00+00:00,2025_03_18_close_1700_PT,2025-03-18 17:00:00-07:00,,,
KXCPIYOY-25APR-T2.5,2025-03-19 00:00:00+00:00,2025_03_18_close_1700_PT,2025-03-18 17:00:00-07:00,2025-03-18 06:44:40.847249+00:00,0.44,2025-03-17 23:44:40.847249-07:00
KXDOED-26-JAN01,2025-03-19 00:00:00+00:00,2025_03_18_close_1700_PT,2025-03-18 17:00:00-07:00,2025-03-18 23:03:36.330313+00:00,0.19,2025-03-18 16:03:36.330313-07:00
KXEPSTEIN-25,2025-03-19 00:00:00+00:00,2025_03_18_close_1700_PT,2025-03-18 17:00:00-07:00,2025-03-18 23:30:29.369695+00:00,0.4,2025-03-18 16:30:29.369695-07:00
KXETHMAXY-25DEC31-4999.99,2025-03-19 00:00:00+00:00,2025_03_18_close_1700_PT,2025-03-18 17:00:00-07:00,2025-03-18 22:53:21.675824+00:00,0.17,2025-03-18 15:53:21.675824-07:00
KXFEDDECISION-25MAY-C25,2025-03-19 00:00:00+00:00,2025_03_18_close_1700_PT,2025-03-18 17:00:00-07:00,,,
KXFEDDECISION-25MAY-C26,2025-03-19 00:00:00+00:00,2025_03_18_close_1700_PT,2025-03-18 17:00:00-07:00,,,
KXFEDDECISION-25MAY-H0,2025-03-19 00:00:00+00:00,2025_03_18_close_1700_PT,2025-03-18 17:00:00-07:00,,,
KXFOMENSINGLES-25-CA,2025-03-19 00:00:00+00:00,2025_03_18_close_1700_PT,2025-03-18 17:00:00-07:00,2025-03-18 15:07:20.266387+00:00,0.45,2025-03-18 08:07:20.266387-07:00
KXFOMENSINGLES-25-JS,2025-03-19 00:00:00+00:00,2025_03_18_close_1700_PT,2025-03-18 17:00:00-07:00,2025-03-17 17:22:15.114911+00:00,0.23,2025-03-17 10:22:15.114911-07:00
KXFOMENSINGLES-25-ND,2025-03-19 00:00:00+00:00,2025_03_18_close_1700_PT,2025-03-18 17:00:00-07:00,2025-03-08 17:49:54.374770+00:00,0.12,2025-03-08 09:49:54.374770-08:00
KXFOWOMENSINGLES-25-AS,2025-03-19 00:00:00+00:00,2025_03_18_close_1700_PT,2025-03-18 17:00:00-07:00,2025-03-16 14:44:33.217579+00:00,0.14,2025-03-16 07:44:33.217579-07:00
KXFOWOMENSINGLES-25-CG,2025-03-19 00:00:00+00:00,2025_03_18_close_1700_PT,2025-03-18 17:00:00-07:00,2025-02-10 18:42:35.041176+00:00,0.08,2025-02-10 10:42:35.041176-08:00
KXLEAGUEWORLDS-25-T1,2025-03-19 00:00:00+00:00,2025_03_18_close_1700_PT,2025-03-18 17:00:00-07:00,2025-03-16 11:04:05.527000+00:00,0.26,2025-03-16 04:04:05.527000-07:00
KXLLM1-25DEC31-XAI,2025-03-19 00:00:00+00:00,2025_03_18_close_1700_PT,2025-03-18 17:00:00-07:00,2025-03-18 21:32:22.652202+00:00,0.36,2025-03-18 14:32:22.652202-07:00
KXMARMAD-25-AU,2025-03-19 00:00:00+00:00,2025_03_18_close_1700_PT,2025-03-18 17:00:00-07:00,2025-03-18 23:54:29.490394+00:00,0.16,2025-03-18 16:54:29.490394-07:00
KXMARMAD-25-DU,2025-03-19 00:00:00+00:00,2025_03_18_close_1700_PT,2025-03-18 17:00:00-07:00,2025-03-18 23:54:38.662044+00:00,0.24,2025-03-18 16:54:38.662044-07:00
KXMARMAD-25-FL,2025-03-19 00:00:00+00:00,2025_03_18_close_1700_PT,2025-03-18 17:00:00-07:00,2025-03-18 23:59:15.039025+00:00,0.19,2025-03-18 16:59:15.039025-07:00
KXMARMAD-25-HOU,2025-03-19 00:00:00+00:00,2025_03_18_close_1700_PT,2025-03-18 17:00:00-07:00,2025-03-18 23:55:05.295975+00:00,0.14,2025-03-18 16:55:05.295975-07:00
KXMASTERS-25-BD,2025-03-19 00:00:00+00:00,2025_03_18_close_1700_PT,2025-03-18 17:00:00-07:00,2025-03-18 19:31:05.133773+00:00,0.06,2025-03-18 12:31:05.133773-07:00
KXMASTERS-25-CM,2025-03-19 00:00:00+00:00,2025_03_18_close_1700_PT,2025-03-18 17:00:00-07:00,2025-03-18 23:02:14.544894+00:00,0.06,2025-03-18 16:02:14.544894-07:00
KXMASTERS-25-LA,2025-03-19 00:00:00+00:00,2025_03_18_close_1700_PT,2025-03-18 17:00:00-07:00,2025-03-18 23:02:05.223343+00:00,0.07,2025-03-18 16:02:05.223343-07:00
KXMASTERS-25-RM,2025-03-19 00:00:00+00:00,2025_03_18_close_1700_PT,2025-03-18 17:00:00-07:00,2025-03-18 23:01:38.778150+00:00,0.14,2025-03-18 16:01:38.778150-07:00
KXMASTERS-25-SS,2025-03-19 00:00:00+00:00,2025_03_18_close_1700_PT,2025-03-18 17:00:00-07:00,2025-03-18 23:01:31.573474+00:00,0.17,2025-03-18 16:01:31.573474-07:00
KXMAYORNYCNOMD-25-AC,2025-03-19 00:00:00+00:00,2025_03_18_close_1700_PT,2025-03-18 17:00:00-07:00,2025-03-18 19:40:29.687804+00:00,0.7,2025-03-18 12:40:29.687804-07:00
KXMAYORNYCNOMD-25-ZM,2025-03-19 00:00:00+00:00,2025_03_18_close_1700_PT,2025-03-18 17:00:00-07:00,2025-03-18 22:12:44.867267+00:00,0.1,2025-03-18 15:12:44.867267-07:00
KXMAYORNYCPARTY-25-D,2025-03-19 00:00:00+00:00,2025_03_18_close_1700_PT,2025-03-18 17:00:00-07:00,2025-03-16 16:56:03.125329+00:00,0.93,2025-03-16 09:56:03.125329-07:00
KXMAYORNYCPARTY-25-R,2025-03-19 00:00:00+00:00,2025_03_18_close_1700_PT,2025-03-18 17:00:00-07:00,2025-03-18 20:49:23.852039+00:00,0.08,2025-03-18 13:49:23.852039-07:00
KXMLB-25-LAD,2025-03-19 00:00:00+00:00,2025_03_18_close_1700_PT,2025-03-18 17:00:00-07:00,2025-03-18 22:14:48.605764+00:00,0.25,2025-03-18 15:14:48.605764-07:00
KXMLB-25-MIL,2025-03-19 00:00:00+00:00,2025_03_18_close_1700_PT,2025-03-18 17:00:00-07:00,2025-03-10 06:18:13.923662+00:00,0.02,2025-03-09 23:18:13.923662-07:00
KXMLB-25-PHI,2025-03-19 00:00:00+00:00,2025_03_18_close_1700_PT,2025-03-18 17:00:00-07:00,2025-03-18 19:14:52.272018+00:00,0.05,2025-03-18 12:14:52.272018-07:00
KXMLB-25-SEA,2025-03-19 00:00:00+00:00,2025_03_18_close_1700_PT,2025-03-18 17:00:00-07:00,2025-03-11 23:27:34.973762+00:00,0.03,2025-03-11 16:27:34.973762-07:00
KXMLB-25-TOR,2025-03-19 00:00:00+00:00,2025_03_18_close_1700_PT,2025-03-18 17:00:00-07:00,2025-03-11 13:32:21.727513+00:00,0.01,2025-03-11 06:32:21.727513-07:00
KXMLBAL-25-SEA,2025-03-19 00:00:00+00:00,2025_03_18_close_1700_PT,2025-03-18 17:00:00-07:00,2025-03-17 19:10:12.241841+00:00,0.08,2025-03-17 12:10:12.241841-07:00
KXMLBAL-25-TOR,2025-03-19 00:00:00+00:00,2025_03_18_close_1700_PT,2025-03-18 17:00:00-07:00,2025-03-14 15:24:14.606706+00:00,0.02,2025-03-14 08:24:14.606706-07:00
KXMLBNL-25-LAD,2025-03-19 00:00:00+00:00,2025_03_18_close_1700_PT,2025-03-18 17:00:00-07:00,2025-03-17 15:06:01.656218+00:00,0.36,2025-03-17 08:06:01.656218-07:00
KXNBA-25-BOS,2025-03-19 00:00:00+00:00,2025_03_18_close_1700_PT,2025-03-18 17:00:00-07:00,2025-03-18 22:14:40.796290+00:00,0.28,2025-03-18 15:14:40.796290-07:00
KXNBA-25-CLE,2025-03-19 00:00:00+00:00,2025_03_18_close_1700_PT,2025-03-18 17:00:00-07:00,2025-03-18 21:36:49.615697+00:00,0.15,2025-03-18 14:36:49.615697-07:00
KXNBA-25-DEN,2025-03-19 00:00:00+00:00,2025_03_18_close_1700_PT,2025-03-18 17:00:00-07:00,2025-03-17 20:58:41.485422+00:00,0.07,2025-03-17 13:58:41.485422-07:00
KXNBA-25-GSW,2025-03-19 00:00:00+00:00,2025_03_18_close_1700_PT,2025-03-18 17:00:00-07:00,2025-03-18 21:58:34.091031+00:00,0.05,2025-03-18 14:58:34.091031-07:00
KXNBA-25-IND,2025-03-19 00:00:00+00:00,2025_03_18_close_1700_PT,2025-03-18 17:00:00-07:00,2025-03-13 13:14:25.254451+00:00,0.01,2025-03-13 06:14:25.254451-07:00
KXNBA-25-LAL,2025-03-19 00:00:00+00:00,2025_03_18_close_1700_PT,2025-03-18 17:00:00-07:00,2025-03-18 23:34:06.580052+00:00,0.08,2025-03-18 16:34:06.580052-07:00
KXNBA-25-MIN,2025-03-19 00:00:00+00:00,2025_03_18_close_1700_PT,2025-03-18 17:00:00-07:00,2025-03-18 15:24:06.348917+00:00,0.01,2025-03-18 08:24:06.348917-07:00
KXNBA-25-NYK,2025-03-19 00:00:00+00:00,2025_03_18_close_1700_PT,2025-03-18 17:00:00-07:00,2025-03-18 13:07:01.280016+00:00,0.03,2025-03-18 06:07:01.280016-07:00
KXNBA-25-OKC,2025-03-19 00:00:00+00:00,2025_03_18_close_1700_PT,2025-03-18 17:00:00-07:00,2025-03-18 22:26:42.748914+00:00,0.31,2025-03-18 15:26:42.748914-07:00
KXNBAEAST-25-BOS,2025-03-19 00:00:00+00:00,2025_03_18_close_1700_PT,2025-03-18 17:00:00-07:00,2025-03-18 22:14:17.935423+00:00,0.53,2025-03-18 15:14:17.935423-07:00
KXNBAEAST-25-IND,2025-03-19 00:00:00+00:00,2025_03_18_close_1700_PT,2025-03-18 17:00:00-07:00,2025-03-06 12:33:13.620263+00:00,0.02,2025-03-06 04:33:13.620263-08:00
KXNBAEAST-25-NYK,2025-03-19 00:00:00+00:00,2025_03_18_close_1700_PT,2025-03-18 17:00:00-07:00,2025-03-18 19:01:07.647033+00:00,0.07,2025-03-18 12:01:07.647033-07:00
KXNBAWEST-25-DEN,2025-03-19 00:00:00+00:00,2025_03_18_close_1700_PT,2025-03-18 17:00:00-07:00,2025-03-18 20:00:31.683699+00:00,0.11,2025-03-18 13:00:31.683699-07:00
KXNBAWEST-25-MIN,2025-03-19 00:00:00+00:00,2025_03_18_close_1700_PT,2025-03-18 17:00:00-07:00,2025-03-18 20:55:00.413006+00:00,0.04,2025-03-18 13:55:00.413006-07:00
KXNBAWEST-25-OKC,2025-03-19 00:00:00+00:00,2025_03_18_close_1700_PT,2025-03-18 17:00:00-07:00,2025-03-18 23:54:18.898073+00:00,0.56,2025-03-18 16:54:18.898073-07:00
KXNCAAF-26-OSU,2025-03-19 00:00:00+00:00,2025_03_18_close_1700_PT,2025-03-18 17:00:00-07:00,2025-03-17 19:00:48.167727+00:00,0.14,2025-03-17 12:00:48.167727-07:00
KXNHL-25-EDM,2025-03-19 00:00:00+00:00,2025_03_18_close_1700_PT,2025-03-18 17:00:00-07:00,2025-03-18 09:28:08.524524+00:00,0.12,2025-03-18 02:28:08.524524-07:00
KXNHL-25-FLA,2025-03-19 00:00:00+00:00,2025_03_18_close_1700_PT,2025-03-18 17:00:00-07:00,2025-03-18 18:43:30.890240+00:00,0.13,2025-03-18 11:43:30.890240-07:00
KXNOBELPEACE-25-DJT,2025-03-19 00:00:00+00:00,2025_03_18_close_1700_PT,2025-03-18 17:00:00-07:00,2025-03-18 11:16:42.267325+00:00,0.09,2025-03-18 04:16:42.267325-07:00
KXPGA-25-BD,2025-03-19 00:00:00+00:00,2025_03_18_close_1700_PT,2025-03-18 17:00:00-07:00,2025-03-04 11:14:46.295785+00:00,0.06,2025-03-04 03:14:46.295785-08:00
KXPGA-25-RM,2025-03-19 00:00:00+00:00,2025_03_18_close_1700_PT,2025-03-18 17:00:00-07:00,2025-03-17 06:51:34.549524+00:00,0.13,2025-03-16 23:51:34.549524-07:00
KXPGA-25-SS,2025-03-19 00:00:00+00:00,2025_03_18_close_1700_PT,2025-03-18 17:00:00-07:00,2025-03-18 17:10:19.348528+00:00,0.18,2025-03-18 10:10:19.348528-07:00
KXRATECUTCOUNT-25DEC31-T0,2025-03-19 00:00:00+00:00,2025_03_18_close_1700_PT,2025-03-18 17:00:00-07:00,2025-03-18 21:23:10.845014+00:00,0.12,2025-03-18 14:23:10.845014-07:00
KXRATECUTCOUNT-25DEC31-T1,2025-03-19 00:00:00+00:00,2025_03_18_close_1700_PT,2025-03-18 17:00:00-07:00,2025-03-18 09:47:33.279039+00:00,0.19,2025-03-18 02:47:33.279039-07:00
KXRATECUTCOUNT-25DEC31-T2,2025-03-19 00:00:00+00:00,2025_03_18_close_1700_PT,2025-03-18 17:00:00-07:00,2025-03-18 11:09:25.641056+00:00,0.24,2025-03-18 04:09:25.641056-07:00
KXRATECUTCOUNT-25DEC31-T3,2025-03-19 00:00:00+00:00,2025_03_18_close_1700_PT,2025-03-18 17:00:00-07:00,2025-03-18 21:25:07.764022+00:00,0.2,2025-03-18 14:25:07.764022-07:00
KXSB-26-BAL,2025-03-19 00:00:00+00:00,2025_03_18_close_1700_PT,2025-03-18 17:00:00-07:00,2025-03-18 17:31:40.978725+00:00,0.1,2025-03-18 10:31:40.978725-07:00
KXSB-26-BUF,2025-03-19 00:00:00+00:00,2025_03_18_close_1700_PT,2025-03-18 17:00:00-07:00,2025-03-18 22:16:44.408404+00:00,0.12,2025-03-18 15:16:44.408404-07:00
KXSB-26-GB,2025-03-19 00:00:00+00:00,2025_03_18_close_1700_PT,2025-03-18 17:00:00-07:00,2025-03-18 18:00:55.371384+00:00,0.03,2025-03-18 11:00:55.371384-07:00
KXSB-26-KC,2025-03-19 00:00:00+00:00,2025_03_18_close_1700_PT,2025-03-18 17:00:00-07:00,2025-03-18 22:16:51.181390+00:00,0.12,2025-03-18 15:16:51.181390-07:00
KXSB-26-PHI,2025-03-19 00:00:00+00:00,2025_03_18_close_1700_PT,2025-03-18 17:00:00-07:00,2025-03-18 21:00:05.711225+00:00,0.11,2025-03-18 14:00:05.711225-07:00
KXSB-26-SEA,2025-03-19 00:00:00+00:00,2025_03_18_close_1700_PT,2025-03-18 17:00:00-07:00,2025-03-18 11:58:49.814166+00:00,0.01,2025-03-18 04:58:49.814166-07:00
KXTHEOPEN-25-RM,2025-03-19 00:00:00+00:00,2025_03_18_close_1700_PT,2025-03-18 17:00:00-07:00,2025-03-17 06:51:46.908818+00:00,0.13,2025-03-16 23:51:46.908818-07:00
KXTHEOPEN-25-SS,2025-03-19 00:00:00+00:00,2025_03_18_close_1700_PT,2025-03-18 17:00:00-07:00,2025-03-06 15:38:06.355253+00:00,0.25,2025-03-06 07:38:06.355253-08:00
KXTOPARTIST-25-BB,2025-03-19 00:00:00+00:00,2025_03_18_close_1700_PT,2025-03-18 17:00:00-07:00,2025-03-17 06:20:30.421324+00:00,0.52,2025-03-16 23:20:30.421324-07:00
KXTOPARTIST-25-TS,2025-03-19 00:00:00+00:00,2025_03_18_close_1700_PT,2025-03-18 17:00:00-07:00,2025-03-16 19:52:13.846920+00:00,0.48,2025-03-16 12:52:13.846920-07:00
KXUEFACL-25-IM,2025-03-19 00:00:00+00:00,2025_03_18_close_1700_PT,2025-03-18 17:00:00-07:00,2025-03-17 17:10:01.571900+00:00,0.08,2025-03-17 10:10:01.571900-07:00
KXUEFACL-25-PSG,2025-03-19 00:00:00+00:00,2025_03_18_close_1700_PT,2025-03-18 17:00:00-07:00,2025-03-18 13:43:20.626479+00:00,0.2,2025-03-18 06:43:20.626479-07:00
KXUSOMENSINGLES-25-CA,2025-03-19 00:00:00+00:00,2025_03_18_close_1700_PT,2025-03-18 17:00:00-07:00,2025-03-17 18:29:54.515804+00:00,0.25,2025-03-17 11:29:54.515804-07:00
KXUSOMENSINGLES-25-JS,2025-03-19 00:00:00+00:00,2025_03_18_close_1700_PT,2025-03-18 17:00:00-07:00,2025-03-17 21:16:11.250164+00:00,0.38,2025-03-17 14:16:11.250164-07:00
KXUSOMENSINGLES-25-ND,2025-03-19 00:00:00+00:00,2025_03_18_close_1700_PT,2025-03-18 17:00:00-07:00,2025-03-17 18:30:07.064834+00:00,0.13,2025-03-17 11:30:07.064834-07:00
KXUSOPEN-25-BD,2025-03-19 00:00:00+00:00,2025_03_18_close_1700_PT,2025-03-18 17:00:00-07:00,2025-03-18 21:13:59.559080+00:00,0.05,2025-03-18 14:13:59.559080-07:00
KXUSOPEN-25-BK,2025-03-19 00:00:00+00:00,2025_03_18_close_1700_PT,2025-03-18 17:00:00-07:00,2025-02-25 17:27:04.087935+00:00,0.03,2025-02-25 09:27:04.087935-08:00
KXUSOPEN-25-RM,2025-03-19 00:00:00+00:00,2025_03_18_close_1700_PT,2025-03-18 17:00:00-07:00,2025-03-18 13:11:20.857729+00:00,0.1,2025-03-18 06:11:20.857729-07:00
KXUSOPEN-25-RMAC,2025-03-19 00:00:00+00:00,2025_03_18_close_1700_PT,2025-03-18 17:00:00-07:00,2025-02-13 20:06:17.379384+00:00,0.03,2025-02-13 12:06:17.379384-08:00
KXUSOPEN-25-SS,2025-03-19 00:00:00+00:00,2025_03_18_close_1700_PT,2025-03-18 17:00:00-07:00,2025-03-18 22:41:36.705964+00:00,0.15,2025-03-18 15:41:36.705964-07:00
KXUSOPEN-25-VH,2025-03-19 00:00:00+00:00,2025_03_18_close_1700_PT,2025-03-18 17:00:00-07:00,2025-03-16 11:33:07.623150+00:00,0.04,2025-03-16 04:33:07.623150-07:00
KXWMENSINGLES-25-CA,2025-03-19 00:00:00+00:00,2025_03_18_close_1700_PT,2025-03-18 17:00:00-07:00,2025-03-18 19:55:26.232364+00:00,0.37,2025-03-18 12:55:26.232364-07:00
KXWMENSINGLES-25-JS,2025-03-19 00:00:00+00:00,2025_03_18_close_1700_PT,2025-03-18 17:00:00-07:00,2025-03-17 16:56:46.527365+00:00,0.29,2025-03-17 09:56:46.527365-07:00
KXWMENSINGLES-25-ND,2025-03-19 00:00:00+00:00,2025_03_18_close_1700_PT,2025-03-18 17:00:00-07:00,2025-03-14 19:29:15.505737+00:00,0.15,2025-03-14 12:29:15.505737-07:00
KXWMENSINGLES-25-TF,2025-03-19 00:00:00+00:00,2025_03_18_close_1700_PT,2025-03-18 17:00:00-07:00,,,
LEAVEPOWELL-25-DEC31,2025-03-19 00:00:00+00:00,2025_03_18_close_1700_PT,2025-03-18 17:00:00-07:00,2025-03-18 17:19:59.502843+00:00,0.19,2025-03-18 10:19:59.502843-07:00
RECSSNBER-25,2025-03-19 00:00:00+00:00,2025_03_18_close_1700_PT,2025-03-18 17:00:00-07:00,2025-03-18 21:25:34.620442+00:00,0.39,2025-03-18 14:25:34.620442-07:00
FED-25MAY-T4.00,2025-03-19 12:00:00+00:00,2025_03_19_open_0500_PT,2025-03-19 05:00:00-07:00,2025-03-19 11:59:59.574734+00:00,0.95,2025-03-19 04:59:59.574734-07:00
FED-25MAY-T4.25,2025-03-19 12:00:00+00:00,2025_03_19_open_0500_PT,2025-03-19 05:00:00-07:00,2025-03-19 11:59:49.386851+00:00,0.76,2025-03-19 04:59:49.386851-07:00
GOVPARTYNJ-25-D,2025-03-19 12:00:00+00:00,2025_03_19_open_0500_PT,2025-03-19 05:00:00-07:00,2025-03-19 06:00:19.376009+00:00,0.71,2025-03-18 23:00:19.376009-07:00
GOVPARTYNJ-25-R,2025-03-19 12:00:00+00:00,2025_03_19_open_0500_PT,2025-03-19 05:00:00-07:00,2025-03-18 17:27:14.109172+00:00,0.29,2025-03-18 10:27:14.109172-07:00
GOVPARTYVA-25-R,2025-03-19 12:00:00+00:00,2025_03_19_open_0500_PT,2025-03-19 05:00:00-07:00,2025-03-16 09:35:59.137359+00:00,0.15,2025-03-16 02:35:59.137359-07:00
KXBTCMAX150-25-DEC31-149999.99,2025-03-19 12:00:00+00:00,2025_03_19_open_0500_PT,2025-03-19 05:00:00-07:00,2025-03-19 11:01:32.962211+00:00,0.25,2025-03-19 04:01:32.962211-07:00
KXBTCMAXY-25-DEC31-124999.99,2025-03-19 12:00:00+00:00,2025_03_19_open_0500_PT,2025-03-19 05:00:00-07:00,2025-03-19 11:00:49.007347+00:00,0.37,2025-03-19 04:00:49.007347-07:00
KXBTCMAXY-25-DEC31-149999.99,2025-03-19 12:00:00+00:00,2025_03_19_open_0500_PT,2025-03-19 05:00:00-07:00,2025-03-19 10:14:40.181622+00:00,0.24,2025-03-19 03:14:40.181622-07:00
KXBTCRESERVE-26-JAN01,2025-03-19 12:00:00+00:00,2025_03_19_open_0500_PT,2025-03-19 05:00:00-07:00,2025-03-19 11:57:52.489163+00:00,0.52,2025-03-19 04:57:52.489163-07:00
KXCANADAPM-45-C,2025-03-19 12:00:00+00:00,2025_03_19_open_0500_PT,2025-03-19 05:00:00-07:00,2025-03-19 11:10:41.040504+00:00,0.46,2025-03-19 04:10:41.040504-07:00
KXCANADAPM-45-L,2025-03-19 12:00:00+00:00,2025_03_19_open_0500_PT,2025-03-19 05:00:00-07:00,2025-03-19 11:49:26.523806+00:00,0.56,2025-03-19 04:49:26.523806-07:00
KXCPIYOY-25APR-T2.4,2025-03-19 12:00:00+00:00,2025_03_19_open_0500_PT,2025-03-19 05:00:00-07:00,,,
KXCPIYOY-25APR-T2.5,2025-03-19 12:00:00+00:00,2025_03_19_open_0500_PT,2025-03-19 05:00:00-07:00,2025-03-18 06:44:40.847249+00:00,0.44,2025-03-17 23:44:40.847249-07:00
KXDOED-26-JAN01,2025-03-19 12:00:00+00:00,2025_03_19_open_0500_PT,2025-03-19 05:00:00-07:00,2025-03-19 11:51:19.944004+00:00,0.19,2025-03-19 04:51:19.944004-07:00
KXEPSTEIN-25,2025-03-19 12:00:00+00:00,2025_03_19_open_0500_PT,2025-03-19 05:00:00-07:00,2025-03-19 11:53:33.654769+00:00,0.34,2025-03-19 04:53:33.654769-07:00
KXETHMAXY-25DEC31-4999.99,2025-03-19 12:00:00+00:00,2025_03_19_open_0500_PT,2025-03-19 05:00:00-07:00,2025-03-18 22:53:21.675824+00:00,0.17,2025-03-18 15:53:21.675824-07:00
KXFEDDECISION-25MAY-C25,2025-03-19 12:00:00+00:00,2025_03_19_open_0500_PT,2025-03-19 05:00:00-07:00,2025-03-19 11:51:47.764706+00:00,0.19,2025-03-19 04:51:47.764706-07:00
KXFEDDECISION-25MAY-C26,2025-03-19 12:00:00+00:00,2025_03_19_open_0500_PT,2025-03-19 05:00:00-07:00,2025-03-19 07:04:43.083041+00:00,0.01,2025-03-19 00:04:43.083041-07:00
KXFEDDECISION-25MAY-H0,2025-03-19 12:00:00+00:00,2025_03_19_open_0500_PT,2025-03-19 05:00:00-07:00,2025-03-19 11:59:08.070548+00:00,0.82,2025-03-19 04:59:08.070548-07:00
KXFOMENSINGLES-25-CA,2025-03-19 12:00:00+00:00,2025_03_19_open_0500_PT,2025-03-19 05:00:00-07:00,2025-03-18 15:07:20.266387+00:00,0.45,2025-03-18 08:07:20.266387-07:00
KXFOMENSINGLES-25-JS,2025-03-19 12:00:00+00:00,2025_03_19_open_0500_PT,2025-03-19 05:00:00-07:00,2025-03-17 17:22:15.114911+00:00,0.23,2025-03-17 10:22:15.114911-07:00
KXFOMENSINGLES-25-ND,2025-03-19 12:00:00+00:00,2025_03_19_open_0500_PT,2025-03-19 05:00:00-07:00,2025-03-08 17:49:54.374770+00:00,0.12,2025-03-08 09:49:54.374770-08:00
KXFOWOMENSINGLES-25-AS,2025-03-19 12:00:00+00:00,2025_03_19_open_0500_PT,2025-03-19 05:00:00-07:00,2025-03-16 14:44:33.217579+00:00,0.14,2025-03-16 07:44:33.217579-07:00
KXFOWOMENSINGLES-25-CG,2025-03-19 12:00:00+00:00,2025_03_19_open_0500_PT,2025-03-19 05:00:00-07:00,2025-02-10 18:42:35.041176+00:00,0.08,2025-02-10 10:42:35.041176-08:00
KXLEAGUEWORLDS-25-T1,2025-03-19 12:00:00+00:00,2025_03_19_open_0500_PT,2025-03-19 05:00:00-07:00,2025-03-16 11:04:05.527000+00:00,0.26,2025-03-16 04:04:05.527000-07:00
KXLLM1-25DEC31-XAI,2025-03-19 12:00:00+00:00,2025_03_19_open_0500_PT,2025-03-19 05:00:00-07:00,2025-03-19 11:40:43.662957+00:00,0.35,2025-03-19 04:40:43.662957-07:00
KXMARMAD-25-AU,2025-03-19 12:00:00+00:00,2025_03_19_open_0500_PT,2025-03-19 05:00:00-07:00,2025-03-19 11:58:12.104874+00:00,0.15,2025-03-19 04:58:12.104874-07:00
KXMARMAD-25-DU,2025-03-19 12:00:00+00:00,2025_03_19_open_0500_PT,2025-03-19 05:00:00-07:00,2025-03-19 11:59:54.653953+00:00,0.24,2025-03-19 04:59:54.653953-07:00
KXMARMAD-25-FL,2025-03-19 12:00:00+00:00,2025_03_19_open_0500_PT,2025-03-19 05:00:00-07:00,2025-03-19 11:59:04.722712+00:00,0.2,2025-03-19 04:59:04.722712-07:00
KXMARMAD-25-HOU,2025-03-19 12:00:00+00:00,2025_03_19_open_0500_PT,2025-03-19 05:00:00-07:00,2025-03-19 11:59:21.995500+00:00,0.13,2025-03-19 04:59:21.995500-07:00
KXMASTERS-25-BD,2025-03-19 12:00:00+00:00,2025_03_19_open_0500_PT,2025-03-19 05:00:00-07:00,2025-03-19 05:47:38.250157+00:00,0.06,2025-03-18 22:47:38.250157-07:00
KXMASTERS-25-CM,2025-03-19 12:00:00+00:00,2025_03_19_open_0500_PT,2025-03-19 05:00:00-07:00,2025-03-19 10:54:39.245994+00:00,0.06,2025-03-19 03:54:39.245994-07:00
KXMASTERS-25-LA,2025-03-19 12:00:00+00:00,2025_03_19_open_0500_PT,2025-03-19 05:00:00-07:00,2025-03-19 09:36:57.767184+00:00,0.06,2025-03-19 02:36:57.767184-07:00
KXMASTERS-25-RM,2025-03-19 12:00:00+00:00,2025_03_19_open_0500_PT,2025-03-19 05:00:00-07:00,2025-03-18 23:01:38.778150+00:00,0.14,2025-03-18 16:01:38.778150-07:00
KXMASTERS-25-SS,2025-03-19 12:00:00+00:00,2025_03_19_open_0500_PT,2025-03-19 05:00:00-07:00,2025-03-19 05:57:15.539829+00:00,0.17,2025-03-18 22:57:15.539829-07:00
KXMAYORNYCNOMD-25-AC,2025-03-19 12:00:00+00:00,2025_03_19_open_0500_PT,2025-03-19 05:00:00-07:00,2025-03-19 11:54:29.834023+00:00,0.7,2025-03-19 04:54:29.834023-07:00
KXMAYORNYCNOMD-25-ZM,2025-03-19 12:00:00+00:00,2025_03_19_open_0500_PT,2025-03-19 05:00:00-07:00,2025-03-19 09:06:02.802572+00:00,0.11,2025-03-19 02:06:02.802572-07:00
KXMAYORNYCPARTY-25-D,2025-03-19 12:00:00+00:00,2025_03_19_open_0500_PT,2025-03-19 05:00:00-07:00,2025-03-16 16:56:03.125329+00:00,0.93,2025-03-16 09:56:03.125329-07:00
KXMAYORNYCPARTY-25-R,2025-03-19 12:00:00+00:00,2025_03_19_open_0500_PT,2025-03-19 05:00:00-07:00,2025-03-18 20:49:23.852039+00:00,0.08,2025-03-18 13:49:23.852039-07:00
KXMLB-25-LAD,2025-03-19 12:00:00+00:00,2025_03_19_open_0500_PT,2025-03-19 05:00:00-07:00,2025-03-19 09:14:33.300412+00:00,0.26,2025-03-19 02:14:33.300412-07:00
KXMLB-25-MIL,2025-03-19 12:00:00+00:00,2025_03_19_open_0500_PT,2025-03-19 05:00:00-07:00,2025-03-10 06:18:13.923662+00:00,0.02,2025-03-09 23:18:13.923662-07:00
KXMLB-25-PHI,2025-03-19 12:00:00+00:00,2025_03_19_open_0500_PT,2025-03-19 05:00:00-07:00,2025-03-18 19:14:52.272018+00:00,0.05,2025-03-18 12:14:52.272018-07:00
KXMLB-25-SEA,2025-03-19 12:00:00+00:00,2025_03_19_open_0500_PT,2025-03-19 05:00:00-07:00,2025-03-11 23:27:34.973762+00:00,0.03,2025-03-11 16:27:34.973762-07:00
KXMLB-25-TOR,2025-03-19 12:00:00+00:00,2025_03_19_open_0500_PT,2025-03-19 05:00:00-07:00,2025-03-19 09:35:36.518877+00:00,0.02,2025-03-19 02:35:36.518877-07:00
KXMLBAL-25-SEA,2025-03-19 12:00:00+00:00,2025_03_19_open_0500_PT,2025-03-19 05:00:00-07:00,2025-03-17 19:10:12.241841+00:00,0.08,2025-03-17 12:10:12.241841-07:00
KXMLBAL-25-TOR,2025-03-19 12:00:00+00:00,2025_03_19_open_0500_PT,2025-03-19 05:00:00-07:00,2025-03-14 15:24:14.606706+00:00,0.02,2025-03-14 08:24:14.606706-07:00
KXMLBNL-25-LAD,2025-03-19 12:00:00+00:00,2025_03_19_open_0500_PT,2025-03-19 05:00:00-07:00,2025-03-17 15:06:01.656218+00:00,0.36,2025-03-17 08:06:01.656218-07:00
KXNBA-25-BOS,2025-03-19 12:00:00+00:00,2025_03_19_open_0500_PT,2025-03-19 05:00:00-07:00,2025-03-19 08:43:18.442341+00:00,0.28,2025-03-19 01:43:18.442341-07:00
KXNBA-25-CLE,2025-03-19 12:00:00+00:00,2025_03_19_open_0500_PT,2025-03-19 05:00:00-07:00,2025-03-18 21:36:49.615697+00:00,0.15,2025-03-18 14:36:49.615697-07:00
KXNBA-25-DEN,2025-03-19 12:00:00+00:00,2025_03_19_open_0500_PT,2025-03-19 05:00:00-07:00,2025-03-17 20:58:41.485422+00:00,0.07,2025-03-17 13:58:41.485422-07:00
KXNBA-25-GSW,2025-03-19 12:00:00+00:00,2025_03_19_open_0500_PT,2025-03-19 05:00:00-07:00,2025-03-19 06:42:16.971797+00:00,0.06,2025-03-18 23:42:16.971797-07:00
KXNBA-25-IND,2025-03-19 12:00:00+00:00,2025_03_19_open_0500_PT,2025-03-19 05:00:00-07:00,2025-03-13 13:14:25.254451+00:00,0.01,2025-03-13 06:14:25.254451-07:00
KXNBA-25-LAL,2025-03-19 12:00:00+00:00,2025_03_19_open_0500_PT,2025-03-19 05:00:00-07:00,2025-03-19 10:43:23.324392+00:00,0.08,2025-03-19 03:43:23.324392-07:00
KXNBA-25-MIN,2025-03-19 12:00:00+00:00,2025_03_19_open_0500_PT,2025-03-19 05:00:00-07:00,2025-03-19 10:05:20.374638+00:00,0.01,2025-03-19 03:05:20.374638-07:00
KXNBA-25-NYK,2025-03-19 12:00:00+00:00,2025_03_19_open_0500_PT,2025-03-19 05:00:00-07:00,2025-03-18 13:07:01.280016+00:00,0.03,2025-03-18 06:07:01.280016-07:00
KXNBA-25-OKC,2025-03-19 12:00:00+00:00,2025_03_19_open_0500_PT,2025-03-19 05:00:00-07:00,2025-03-19 08:48:58.570495+00:00,0.32,2025-03-19 01:48:58.570495-07:00
KXNBAEAST-25-BOS,2025-03-19 12:00:00+00:00,2025_03_19_open_0500_PT,2025-03-19 05:00:00-07:00,2025-03-18 22:14:17.935423+00:00,0.53,2025-03-18 15:14:17.935423-07:00
KXNBAEAST-25-IND,2025-03-19 12:00:00+00:00,2025_03_19_open_0500_PT,2025-03-19 05:00:00-07:00,2025-03-06 12:33:13.620263+00:00,0.02,2025-03-06 04:33:13.620263-08:00
KXNBAEAST-25-NYK,2025-03-19 12:00:00+00:00,2025_03_19_open_0500_PT,2025-03-19 05:00:00-07:00,2025-03-18 19:01:07.647033+00:00,0.07,2025-03-18 12:01:07.647033-07:00
KXNBAWEST-25-DEN,2025-03-19 12:00:00+00:00,2025_03_19_open_0500_PT,2025-03-19 05:00:00-07:00,2025-03-18 20:00:31.683699+00:00,0.11,2025-03-18 13:00:31.683699-07:00
KXNBAWEST-25-MIN,2025-03-19 12:00:00+00:00,2025_03_19_open_0500_PT,2025-03-19 05:00:00-07:00,2025-03-18 20:55:00.413006+00:00,0.04,2025-03-18 13:55:00.413006-07:00
KXNBAWEST-25-OKC,2025-03-19 12:00:00+00:00,2025_03_19_open_0500_PT,2025-03-19 05:00:00-07:00,2025-03-19 11:40:12.441880+00:00,0.55,2025-03-19 04:40:12.441880-07:00
KXNCAAF-26-OSU,2025-03-19 12:00:00+00:00,2025_03_19_open_0500_PT,2025-03-19 05:00:00-07:00,2025-03-17 19:00:48.167727+00:00,0.14,2025-03-17 12:00:48.167727-07:00
KXNHL-25-EDM,2025-03-19 12:00:00+00:00,2025_03_19_open_0500_PT,2025-03-19 05:00:00-07:00,2025-03-18 09:28:08.524524+00:00,0.12,2025-03-18 02:28:08.524524-07:00
KXNHL-25-FLA,2025-03-19 12:00:00+00:00,2025_03_19_open_0500_PT,2025-03-19 05:00:00-07:00,2025-03-19 07:52:26.186341+00:00,0.12,2025-03-19 00:52:26.186341-07:00
KXNOBELPEACE-25-DJT,2025-03-19 12:00:00+00:00,2025_03_19_open_0500_PT,2025-03-19 05:00:00-07:00,2025-03-19 09:47:44.772398+00:00,0.1,2025-03-19 02:47:44.772398-07:00
KXPGA-25-BD,2025-03-19 12:00:00+00:00,2025_03_19_open_0500_PT,2025-03-19 05:00:00-07:00,2025-03-04 11:14:46.295785+00:00,0.06,2025-03-04 03:14:46.295785-08:00
KXPGA-25-RM,2025-03-19 12:00:00+00:00,2025_03_19_open_0500_PT,2025-03-19 05:00:00-07:00,2025-03-17 06:51:34.549524+00:00,0.13,2025-03-16 23:51:34.549524-07:00
KXPGA-25-SS,2025-03-19 12:00:00+00:00,2025_03_19_open_0500_PT,2025-03-19 05:00:00-07:00,2025-03-18 17:10:19.348528+00:00,0.18,2025-03-18 10:10:19.348528-07:00
KXRATECUTCOUNT-25DEC31-T0,2025-03-19 12:00:00+00:00,2025_03_19_open_0500_PT,2025-03-19 05:00:00-07:00,2025-03-19 11:52:33.016672+00:00,0.12,2025-03-19 04:52:33.016672-07:00
KXRATECUTCOUNT-25DEC31-T1,2025-03-19 12:00:00+00:00,2025_03_19_open_0500_PT,2025-03-19 05:00:00-07:00,2025-03-19 11:47:16.166859+00:00,0.17,2025-03-19 04:47:16.166859-07:00
KXRATECUTCOUNT-25DEC31-T2,2025-03-19 12:00:00+00:00,2025_03_19_open_0500_PT,2025-03-19 05:00:00-07:00,2025-03-19 11:37:04.427446+00:00,0.24,2025-03-19 04:37:04.427446-07:00
KXRATECUTCOUNT-25DEC31-T3,2025-03-19 12:00:00+00:00,2025_03_19_open_0500_PT,2025-03-19 05:00:00-07:00,2025-03-19 11:11:45.073355+00:00,0.19,2025-03-19 04:11:45.073355-07:00
KXSB-26-BAL,2025-03-19 12:00:00+00:00,2025_03_19_open_0500_PT,2025-03-19 05:00:00-07:00,2025-03-18 17:31:40.978725+00:00,0.1,2025-03-18 10:31:40.978725-07:00
KXSB-26-BUF,2025-03-19 12:00:00+00:00,2025_03_19_open_0500_PT,2025-03-19 05:00:00-07:00,2025-03-18 22:16:44.408404+00:00,0.12,2025-03-18 15:16:44.408404-07:00
KXSB-26-GB,2025-03-19 12:00:00+00:00,2025_03_19_open_0500_PT,2025-03-19 05:00:00-07:00,2025-03-18 18:00:55.371384+00:00,0.03,2025-03-18 11:00:55.371384-07:00
KXSB-26-KC,2025-03-19 12:00:00+00:00,2025_03_19_open_0500_PT,2025-03-19 05:00:00-07:00,2025-03-18 22:16:51.181390+00:00,0.12,2025-03-18 15:16:51.181390-07:00
KXSB-26-PHI,2025-03-19 12:00:00+00:00,2025_03_19_open_0500_PT,2025-03-19 05:00:00-07:00,2025-03-18 21:00:05.711225+00:00,0.11,2025-03-18 14:00:05.711225-07:00
KXSB-26-SEA,2025-03-19 12:00:00+00:00,2025_03_19_open_0500_PT,2025-03-19 05:00:00-07:00,2025-03-18 11:58:49.814166+00:00,0.01,2025-03-18 04:58:49.814166-07:00
KXTHEOPEN-25-RM,2025-03-19 12:00:00+00:00,2025_03_19_open_0500_PT,2025-03-19 05:00:00-07:00,2025-03-17 06:51:46.908818+00:00,0.13,2025-03-16 23:51:46.908818-07:00
KXTHEOPEN-25-SS,2025-03-19 12:00:00+00:00,2025_03_19_open_0500_PT,2025-03-19 05:00:00-07:00,2025-03-06 15:38:06.355253+00:00,0.25,2025-03-06 07:38:06.355253-08:00
KXTOPARTIST-25-BB,2025-03-19 12:00:00+00:00,2025_03_19_open_0500_PT,2025-03-19 05:00:00-07:00,2025-03-17 06:20:30.421324+00:00,0.52,2025-03-16 23:20:30.421324-07:00
KXTOPARTIST-25-TS,2025-03-19 12:00:00+00:00,2025_03_19_open_0500_PT,2025-03-19 05:00:00-07:00,2025-03-16 19:52:13.846920+00:00,0.48,2025-03-16 12:52:13.846920-07:00
KXUEFACL-25-IM,2025-03-19 12:00:00+00:00,2025_03_19_open_0500_PT,2025-03-19 05:00:00-07:00,2025-03-17 17:10:01.571900+00:00,0.08,2025-03-17 10:10:01.571900-07:00
KXUEFACL-25-PSG,2025-03-19 12:00:00+00:00,2025_03_19_open_0500_PT,2025-03-19 05:00:00-07:00,2025-03-18 13:43:20.626479+00:00,0.2,2025-03-18 06:43:20.626479-07:00
KXUSOMENSINGLES-25-CA,2025-03-19 12:00:00+00:00,2025_03_19_open_0500_PT,2025-03-19 05:00:00-07:00,2025-03-17 18:29:54.515804+00:00,0.25,2025-03-17 11:29:54.515804-07:00
KXUSOMENSINGLES-25-JS,2025-03-19 12:00:00+00:00,2025_03_19_open_0500_PT,2025-03-19 05:00:00-07:00,2025-03-17 21:16:11.250164+00:00,0.38,2025-03-17 14:16:11.250164-07:00
KXUSOMENSINGLES-25-ND,2025-03-19 12:00:00+00:00,2025_03_19_open_0500_PT,2025-03-19 05:00:00-07:00,2025-03-19 07:01:50.304458+00:00,0.13,2025-03-19 00:01:50.304458-07:00
KXUSOPEN-25-BD,2025-03-19 12:00:00+00:00,2025_03_19_open_0500_PT,2025-03-19 05:00:00-07:00,2025-03-18 21:13:59.559080+00:00,0.05,2025-03-18 14:13:59.559080-07:00
KXUSOPEN-25-BK,2025-03-19 12:00:00+00:00,2025_03_19_open_0500_PT,2025-03-19 05:00:00-07:00,2025-02-25 17:27:04.087935+00:00,0.03,2025-02-25 09:27:04.087935-08:00
KXUSOPEN-25-RM,2025-03-19 12:00:00+00:00,2025_03_19_open_0500_PT,2025-03-19 05:00:00-07:00,2025-03-18 13:11:20.857729+00:00,0.1,2025-03-18 06:11:20.857729-07:00
KXUSOPEN-25-RMAC,2025-03-19 12:00:00+00:00,2025_03_19_open_0500_PT,2025-03-19 05:00:00-07:00,2025-02-13 20:06:17.379384+00:00,0.03,2025-02-13 12:06:17.379384-08:00
KXUSOPEN-25-SS,2025-03-19 12:00:00+00:00,2025_03_19_open_0500_PT,2025-03-19 05:00:00-07:00,2025-03-18 22:41:36.705964+00:00,0.15,2025-03-18 15:41:36.705964-07:00
KXUSOPEN-25-VH,2025-03-19 12:00:00+00:00,2025_03_19_open_0500_PT,2025-03-19 05:00:00-07:00,2025-03-16 11:33:07.623150+00:00,0.04,2025-03-16 04:33:07.623150-07:00
KXWMENSINGLES-25-CA,2025-03-19 12:00:00+00:00,2025_03_19_open_0500_PT,2025-03-19 05:00:00-07:00,2025-03-18 19:55:26.232364+00:00,0.37,2025-03-18 12:55:26.232364-07:00
KXWMENSINGLES-25-JS,2025-03-19 12:00:00+00:00,2025_03_19_open_0500_PT,2025-03-19 05:00:00-07:00,2025-03-17 16:56:46.527365+00:00,0.29,2025-03-17 09:56:46.527365-07:00
KXWMENSINGLES-25-ND,2025-03-19 12:00:00+00:00,2025_03_19_open_0500_PT,2025-03-19 05:00:00-07:00,2025-03-14 19:29:15.505737+00:00,0.15,2025-03-14 12:29:15.505737-07:00
KXWMENSINGLES-25-TF,2025-03-19 12:00:00+00:00,2025_03_19_open_0500_PT,2025-03-19 05:00:00-07:00,,,
LEAVEPOWELL-25-DEC31,2025-03-19 12:00:00+00:00,2025_03_19_open_0500_PT,2025-03-19 05:00:00-07:00,2025-03-19 10:18:18.928931+00:00,0.17,2025-03-19 03:18:18.928931-07:00
RECSSNBER-25,2025-03-19 12:00:00+00:00,2025_03_19_open_0500_PT,2025-03-19 05:00:00-07:00,2025-03-19 11:55:12.898964+00:00,0.38,2025-03-19 04:55:12.898964-07:00
FED-25MAY-T4.00,2025-03-20 00:00:00+00:00,2025_03_19_close_1700_PT,2025-03-19 17:00:00-07:00,2025-03-19 23:44:18.433519+00:00,0.94,2025-03-19 16:44:18.433519-07:00
FED-25MAY-T4.25,2025-03-20 00:00:00+00:00,2025_03_19_close_1700_PT,2025-03-19 17:00:00-07:00,2025-03-19 23:51:53.002371+00:00,0.77,2025-03-19 16:51:53.002371-07:00
GOVPARTYNJ-25-D,2025-03-20 00:00:00+00:00,2025_03_19_close_1700_PT,2025-03-19 17:00:00-07:00,2025-03-19 15:38:43.427900+00:00,0.72,2025-03-19 08:38:43.427900-07:00
GOVPARTYNJ-25-R,2025-03-20 00:00:00+00:00,2025_03_19_close_1700_PT,2025-03-19 17:00:00-07:00,2025-03-19 23:02:48.713273+00:00,0.29,2025-03-19 16:02:48.713273-07:00
GOVPARTYVA-25-R,2025-03-20 00:00:00+00:00,2025_03_19_close_1700_PT,2025-03-19 17:00:00-07:00,2025-03-19 15:03:41.458399+00:00,0.14,2025-03-19 08:03:41.458399-07:00
KXBTCMAX150-25-DEC31-149999.99,2025-03-20 00:00:00+00:00,2025_03_19_close_1700_PT,2025-03-19 17:00:00-07:00,2025-03-19 23:40:18.952488+00:00,0.26,2025-03-19 16:40:18.952488-07:00
KXBTCMAXY-25-DEC31-124999.99,2025-03-20 00:00:00+00:00,2025_03_19_close_1700_PT,2025-03-19 17:00:00-07:00,2025-03-19 21:51:19.988876+00:00,0.39,2025-03-19 14:51:19.988876-07:00
KXBTCMAXY-25-DEC31-149999.99,2025-03-20 00:00:00+00:00,2025_03_19_close_1700_PT,2025-03-19 17:00:00-07:00,2025-03-19 13:19:12.274753+00:00,0.24,2025-03-19 06:19:12.274753-07:00
KXBTCRESERVE-26-JAN01,2025-03-20 00:00:00+00:00,2025_03_19_close_1700_PT,2025-03-19 17:00:00-07:00,2025-03-19 22:36:39.380481+00:00,0.54,2025-03-19 15:36:39.380481-07:00
KXCANADAPM-45-C,2025-03-20 00:00:00+00:00,2025_03_19_close_1700_PT,2025-03-19 17:00:00-07:00,2025-03-19 23:05:10.953552+00:00,0.43,2025-03-19 16:05:10.953552-07:00
KXCANADAPM-45-L,2025-03-20 00:00:00+00:00,2025_03_19_close_1700_PT,2025-03-19 17:00:00-07:00,2025-03-19 18:40:27.911305+00:00,0.55,2025-03-19 11:40:27.911305-07:00
KXCPIYOY-25APR-T2.4,2025-03-20 00:00:00+00:00,2025_03_19_close_1700_PT,2025-03-19 17:00:00-07:00,,,
KXCPIYOY-25APR-T2.5,2025-03-20 00:00:00+00:00,2025_03_19_close_1700_PT,2025-03-19 17:00:00-07:00,2025-03-19 12:21:51.027196+00:00,0.42,2025-03-19 05:21:51.027196-07:00
KXDOED-26-JAN01,2025-03-20 00:00:00+00:00,2025_03_19_close_1700_PT,2025-03-19 17:00:00-07:00,2025-03-19 23:57:55.286895+00:00,0.29,2025-03-19 16:57:55.286895-07:00
KXEPSTEIN-25,2025-03-20 00:00:00+00:00,2025_03_19_close_1700_PT,2025-03-19 17:00:00-07:00,2025-03-19 23:39:21.786137+00:00,0.31,2025-03-19 16:39:21.786137-07:00
KXETHMAXY-25DEC31-4999.99,2025-03-20 00:00:00+00:00,2025_03_19_close_1700_PT,2025-03-19 17:00:00-07:00,2025-03-19 12:33:50.369994+00:00,0.2,2025-03-19 05:33:50.369994-07:00
KXFEDDECISION-25MAY-C25,2025-03-20 00:00:00+00:00,2025_03_19_close_1700_PT,2025-03-19 17:00:00-07:00,2025-03-19 23:11:08.062702+00:00,0.19,2025-03-19 16:11:08.062702-07:00
KXFEDDECISION-25MAY-C26,2025-03-20 00:00:00+00:00,2025_03_19_close_1700_PT,2025-03-19 17:00:00-07:00,2025-03-19 19:02:07.253284+00:00,0.01,2025-03-19 12:02:07.253284-07:00
KXFEDDECISION-25MAY-H0,2025-03-20 00:00:00+00:00,2025_03_19_close_1700_PT,2025-03-19 17:00:00-07:00,2025-03-19 23:24:08.829709+00:00,0.81,2025-03-19 16:24:08.829709-07:00
KXFOMENSINGLES-25-CA,2025-03-20 00:00:00+00:00,2025_03_19_close_1700_PT,2025-03-19 17:00:00-07:00,2025-03-18 15:07:20.266387+00:00,0.45,2025-03-18 08:07:20.266387-07:00
KXFOMENSINGLES-25-JS,2025-03-20 00:00:00+00:00,2025_03_19_close_1700_PT,2025-03-19 17:00:00-07:00,2025-03-17 17:22:15.114911+00:00,0.23,2025-03-17 10:22:15.114911-07:00
KXFOMENSINGLES-25-ND,2025-03-20 00:00:00+00:00,2025_03_19_close_1700_PT,2025-03-19 17:00:00-07:00,2025-03-08 17:49:54.374770+00:00,0.12,2025-03-08 09:49:54.374770-08:00
KXFOWOMENSINGLES-25-AS,2025-03-20 00:00:00+00:00,2025_03_19_close_1700_PT,2025-03-19 17:00:00-07:00,2025-03-19 18:07:56.471045+00:00,0.17,2025-03-19 11:07:56.471045-07:00
KXFOWOMENSINGLES-25-CG,2025-03-20 00:00:00+00:00,2025_03_19_close_1700_PT,2025-03-19 17:00:00-07:00,2025-02-10 18:42:35.041176+00:00,0.08,2025-02-10 10:42:35.041176-08:00
KXLEAGUEWORLDS-25-T1,2025-03-20 00:00:00+00:00,2025_03_19_close_1700_PT,2025-03-19 17:00:00-07:00,2025-03-19 21:39:05.889748+00:00,0.26,2025-03-19 14:39:05.889748-07:00
KXLLM1-25DEC31-XAI,2025-03-20 00:00:00+00:00,2025_03_19_close_1700_PT,2025-03-19 17:00:00-07:00,2025-03-19 19:36:28.818315+00:00,0.35,2025-03-19 12:36:28.818315-07:00
KXMARMAD-25-AU,2025-03-20 00:00:00+00:00,2025_03_19_close_1700_PT,2025-03-19 17:00:00-07:00,2025-03-19 23:52:42.636447+00:00,0.16,2025-03-19 16:52:42.636447-07:00
KXMARMAD-25-DU,2025-03-20 00:00:00+00:00,2025_03_19_close_1700_PT,2025-03-19 17:00:00-07:00,2025-03-19 23:58:04.184161+00:00,0.24,2025-03-19 16:58:04.184161-07:00
KXMARMAD-25-FL,2025-03-20 00:00:00+00:00,2025_03_19_close_1700_PT,2025-03-19 17:00:00-07:00,2025-03-19 23:55:34.756417+00:00,0.2,2025-03-19 16:55:34.756417-07:00
KXMARMAD-25-HOU,2025-03-20 00:00:00+00:00,2025_03_19_close_1700_PT,2025-03-19 17:00:00-07:00,2025-03-19 23:59:06.734925+00:00,0.14,2025-03-19 16:59:06.734925-07:00
KXMASTERS-25-BD,2025-03-20 00:00:00+00:00,2025_03_19_close_1700_PT,2025-03-19 17:00:00-07:00,2025-03-19 05:47:38.250157+00:00,0.06,2025-03-18 22:47:38.250157-07:00
KXMASTERS-25-CM,2025-03-20 00:00:00+00:00,2025_03_19_close_1700_PT,2025-03-19 17:00:00-07:00,2025-03-19 10:54:39.245994+00:00,0.06,2025-03-19 03:54:39.245994-07:00
KXMASTERS-25-LA,2025-03-20 00:00:00+00:00,2025_03_19_close_1700_PT,2025-03-19 17:00:00-07:00,2025-03-19 16:49:25.592738+00:00,0.06,2025-03-19 09:49:25.592738-07:00
KXMASTERS-25-RM,2025-03-20 00:00:00+00:00,2025_03_19_close_1700_PT,2025-03-19 17:00:00-07:00,2025-03-19 20:28:45.389078+00:00,0.13,2025-03-19 13:28:45.389078-07:00
KXMASTERS-25-SS,2025-03-20 00:00:00+00:00,2025_03_19_close_1700_PT,2025-03-19 17:00:00-07:00,2025-03-19 20:27:51.450820+00:00,0.14,2025-03-19 13:27:51.450820-07:00
KXMAYORNYCNOMD-25-AC,2025-03-20 00:00:00+00:00,2025_03_19_close_1700_PT,2025-03-19 17:00:00-07:00,2025-03-19 21:05:46.554435+00:00,0.71,2025-03-19 14:05:46.554435-07:00
KXMAYORNYCNOMD-25-ZM,2025-03-20 00:00:00+00:00,2025_03_19_close_1700_PT,2025-03-19 17:00:00-07:00,2025-03-19 22:01:21.205021+00:00,0.11,2025-03-19 15:01:21.205021-07:00
KXMAYORNYCPARTY-25-D,2025-03-20 00:00:00+00:00,2025_03_19_close_1700_PT,2025-03-19 17:00:00-07:00,2025-03-16 16:56:03.125329+00:00,0.93,2025-03-16 09:56:03.125329-07:00
KXMAYORNYCPARTY-25-R,2025-03-20 00:00:00+00:00,2025_03_19_close_1700_PT,2025-03-19 17:00:00-07:00,2025-03-18 20:49:23.852039+00:00,0.08,2025-03-18 13:49:23.852039-07:00
KXMLB-25-LAD,2025-03-20 00:00:00+00:00,2025_03_19_close_1700_PT,2025-03-19 17:00:00-07:00,2025-03-19 20:25:25.200337+00:00,0.27,2025-03-19 13:25:25.200337-07:00
KXMLB-25-MIL,2025-03-20 00:00:00+00:00,2025_03_19_close_1700_PT,2025-03-19 17:00:00-07:00,2025-03-10 06:18:13.923662+00:00,0.02,2025-03-09 23:18:13.923662-07:00
KXMLB-25-PHI,2025-03-20 00:00:00+00:00,2025_03_19_close_1700_PT,2025-03-19 17:00:00-07:00,2025-03-18 19:14:52.272018+00:00,0.05,2025-03-18 12:14:52.272018-07:00
KXMLB-25-SEA,2025-03-20 00:00:00+00:00,2025_03_19_close_1700_PT,2025-03-19 17:00:00-07:00,2025-03-11 23:27:34.973762+00:00,0.03,2025-03-11 16:27:34.973762-07:00
KXMLB-25-TOR,2025-03-20 00:00:00+00:00,2025_03_19_close_1700_PT,2025-03-19 17:00:00-07:00,2025-03-19 09:35:36.518877+00:00,0.02,2025-03-19 02:35:36.518877-07:00
KXMLBAL-25-SEA,2025-03-20 00:00:00+00:00,2025_03_19_close_1700_PT,2025-03-19 17:00:00-07:00,2025-03-19 20:26:22.360788+00:00,0.1,2025-03-19 13:26:22.360788-07:00
KXMLBAL-25-TOR,2025-03-20 00:00:00+00:00,2025_03_19_close_1700_PT,2025-03-19 17:00:00-07:00,2025-03-14 15:24:14.606706+00:00,0.02,2025-03-14 08:24:14.606706-07:00
KXMLBNL-25-LAD,2025-03-20 00:00:00+00:00,2025_03_19_close_1700_PT,2025-03-19 17:00:00-07:00,2025-03-19 20:24:42.334437+00:00,0.36,2025-03-19 13:24:42.334437-07:00
KXNBA-25-BOS,2025-03-20 00:00:00+00:00,2025_03_19_close_1700_PT,2025-03-19 17:00:00-07:00,2025-03-19 20:24:59.367808+00:00,0.28,2025-03-19 13:24:59.367808-07:00
KXNBA-25-CLE,2025-03-20 00:00:00+00:00,2025_03_19_close_1700_PT,2025-03-19 17:00:00-07:00,2025-03-18 21:36:49.615697+00:00,0.15,2025-03-18 14:36:49.615697-07:00
KXNBA-25-DEN,2025-03-20 00:00:00+00:00,2025_03_19_close_1700_PT,2025-03-19 17:00:00-07:00,2025-03-19 20:32:38.526825+00:00,0.06,2025-03-19 13:32:38.526825-07:00
KXNBA-25-GSW,2025-03-20 00:00:00+00:00,2025_03_19_close_1700_PT,2025-03-19 17:00:00-07:00,2025-03-19 23:30:49.987166+00:00,0.06,2025-03-19 16:30:49.987166-07:00
KXNBA-25-IND,2025-03-20 00:00:00+00:00,2025_03_19_close_1700_PT,2025-03-19 17:00:00-07:00,2025-03-13 13:14:25.254451+00:00,0.01,2025-03-13 06:14:25.254451-07:00
KXNBA-25-LAL,2025-03-20 00:00:00+00:00,2025_03_19_close_1700_PT,2025-03-19 17:00:00-07:00,2025-03-19 22:08:51.066122+00:00,0.09,2025-03-19 15:08:51.066122-07:00
KXNBA-25-MIN,2025-03-20 00:00:00+00:00,2025_03_19_close_1700_PT,2025-03-19 17:00:00-07:00,2025-03-19 12:51:17.217515+00:00,0.02,2025-03-19 05:51:17.217515-07:00
KXNBA-25-NYK,2025-03-20 00:00:00+00:00,2025_03_19_close_1700_PT,2025-03-19 17:00:00-07:00,2025-03-19 13:33:10.730859+00:00,0.03,2025-03-19 06:33:10.730859-07:00
KXNBA-25-OKC,2025-03-20 00:00:00+00:00,2025_03_19_close_1700_PT,2025-03-19 17:00:00-07:00,2025-03-19 18:07:41.911122+00:00,0.31,2025-03-19 11:07:41.911122-07:00
KXNBAEAST-25-BOS,2025-03-20 00:00:00+00:00,2025_03_19_close_1700_PT,2025-03-19 17:00:00-07:00,2025-03-19 21:36:08.249031+00:00,0.55,2025-03-19 14:36:08.249031-07:00
KXNBAEAST-25-IND,2025-03-20 00:00:00+00:00,2025_03_19_close_1700_PT,2025-03-19 17:00:00-07:00,2025-03-06 12:33:13.620263+00:00,0.02,2025-03-06 04:33:13.620263-08:00
KXNBAEAST-25-NYK,2025-03-20 00:00:00+00:00,2025_03_19_close_1700_PT,2025-03-19 17:00:00-07:00,2025-03-19 20:26:24.833618+00:00,0.07,2025-03-19 13:26:24.833618-07:00
KXNBAWEST-25-DEN,2025-03-20 00:00:00+00:00,2025_03_19_close_1700_PT,2025-03-19 17:00:00-07:00,2025-03-18 20:00:31.683699+00:00,0.11,2025-03-18 13:00:31.683699-07:00
KXNBAWEST-25-MIN,2025-03-20 00:00:00+00:00,2025_03_19_close_1700_PT,2025-03-19 17:00:00-07:00,2025-03-18 20:55:00.413006+00:00,0.04,2025-03-18 13:55:00.413006-07:00
KXNBAWEST-25-OKC,2025-03-20 00:00:00+00:00,2025_03_19_close_1700_PT,2025-03-19 17:00:00-07:00,2025-03-19 21:35:50.747719+00:00,0.57,2025-03-19 14:35:50.747719-07:00
KXNCAAF-26-OSU,2025-03-20 00:00:00+00:00,2025_03_19_close_1700_PT,2025-03-19 17:00:00-07:00,2025-03-17 19:00:48.167727+00:00,0.14,2025-03-17 12:00:48.167727-07:00
KXNHL-25-EDM,2025-03-20 00:00:00+00:00,2025_03_19_close_1700_PT,2025-03-19 17:00:00-07:00,2025-03-19 14:45:26.010865+00:00,0.1,2025-03-19 07:45:26.010865-07:00
KXNHL-25-FLA,2025-03-20 00:00:00+00:00,2025_03_19_close_1700_PT,2025-03-19 17:00:00-07:00,2025-03-19 07:52:26.186341+00:00,0.12,2025-03-19 00:52:26.186341-07:00
KXNOBELPEACE-25-DJT,2025-03-20 00:00:00+00:00,2025_03_19_close_1700_PT,2025-03-19 17:00:00-07:00,2025-03-19 22:11:19.313709+00:00,0.09,2025-03-19 15:11:19.313709-07:00
KXPGA-25-BD,2025-03-20 00:00:00+00:00,2025_03_19_close_1700_PT,2025-03-19 17:00:00-07:00,2025-03-04 11:14:46.295785+00:00,0.06,2025-03-04 03:14:46.295785-08:00
KXPGA-25-RM,2025-03-20 00:00:00+00:00,2025_03_19_close_1700_PT,2025-03-19 17:00:00-07:00,2025-03-17 06:51:34.549524+00:00,0.13,2025-03-16 23:51:34.549524-07:00
KXPGA-25-SS,2025-03-20 00:00:00+00:00,2025_03_19_close_1700_PT,2025-03-19 17:00:00-07:00,2025-03-18 17:10:19.348528+00:00,0.18,2025-03-18 10:10:19.348528-07:00
KXRATECUTCOUNT-25DEC31-T0,2025-03-20 00:00:00+00:00,2025_03_19_close_1700_PT,2025-03-19 17:00:00-07:00,2025-03-19 20:37:13.163648+00:00,0.11,2025-03-19 13:37:13.163648-07:00
KXRATECUTCOUNT-25DEC31-T1,2025-03-20 00:00:00+00:00,2025_03_19_close_1700_PT,2025-03-19 17:00:00-07:00,2025-03-19 19:13:50.014731+00:00,0.16,2025-03-19 12:13:50.014731-07:00
KXRATECUTCOUNT-25DEC31-T2,2025-03-20 00:00:00+00:00,2025_03_19_close_1700_PT,2025-03-19 17:00:00-07:00,2025-03-19 20:41:47.529162+00:00,0.25,2025-03-19 13:41:47.529162-07:00
KXRATECUTCOUNT-25DEC31-T3,2025-03-20 00:00:00+00:00,2025_03_19_close_1700_PT,2025-03-19 17:00:00-07:00,2025-03-19 20:41:59.435944+00:00,0.19,2025-03-19 13:41:59.435944-07:00
KXSB-26-BAL,2025-03-20 00:00:00+00:00,2025_03_19_close_1700_PT,2025-03-19 17:00:00-07:00,2025-03-18 17:31:40.978725+00:00,0.1,2025-03-18 10:31:40.978725-07:00
KXSB-26-BUF,2025-03-20 00:00:00+00:00,2025_03_19_close_1700_PT,2025-03-19 17:00:00-07:00,2025-03-18 22:16:44.408404+00:00,0.12,2025-03-18 15:16:44.408404-07:00
KXSB-26-GB,2025-03-20 00:00:00+00:00,2025_03_19_close_1700_PT,2025-03-19 17:00:00-07:00,2025-03-18 18:00:55.371384+00:00,0.03,2025-03-18 11:00:55.371384-07:00
KXSB-26-KC,2025-03-20 00:00:00+00:00,2025_03_19_close_1700_PT,2025-03-19 17:00:00-07:00,2025-03-18 22:16:51.181390+00:00,0.12,2025-03-18 15:16:51.181390-07:00
KXSB-26-PHI,2025-03-20 00:00:00+00:00,2025_03_19_close_1700_PT,2025-03-19 17:00:00-07:00,2025-03-18 21:00:05.711225+00:00,0.11,2025-03-18 14:00:05.711225-07:00
KXSB-26-SEA,2025-03-20 00:00:00+00:00,2025_03_19_close_1700_PT,2025-03-19 17:00:00-07:00,2025-03-18 11:58:49.814166+00:00,0.01,2025-03-18 04:58:49.814166-07:00
KXTHEOPEN-25-RM,2025-03-20 00:00:00+00:00,2025_03_19_close_1700_PT,2025-03-19 17:00:00-07:00,2025-03-17 06:51:46.908818+00:00,0.13,2025-03-16 23:51:46.908818-07:00
KXTHEOPEN-25-SS,2025-03-20 00:00:00+00:00,2025_03_19_close_1700_PT,2025-03-19 17:00:00-07:00,2025-03-19 13:50:52.461671+00:00,0.21,2025-03-19 06:50:52.461671-07:00
KXTOPARTIST-25-BB,2025-03-20 00:00:00+00:00,2025_03_19_close_1700_PT,2025-03-19 17:00:00-07:00,2025-03-17 06:20:30.421324+00:00,0.52,2025-03-16 23:20:30.421324-07:00
KXTOPARTIST-25-TS,2025-03-20 00:00:00+00:00,2025_03_19_close_1700_PT,2025-03-19 17:00:00-07:00,2025-03-19 16:28:51.892594+00:00,0.43,2025-03-19 09:28:51.892594-07:00
KXUEFACL-25-IM,2025-03-20 00:00:00+00:00,2025_03_19_close_1700_PT,2025-03-19 17:00:00-07:00,2025-03-17 17:10:01.571900+00:00,0.08,2025-03-17 10:10:01.571900-07:00
KXUEFACL-25-PSG,2025-03-20 00:00:00+00:00,2025_03_19_close_1700_PT,2025-03-19 17:00:00-07:00,2025-03-19 22:03:51.849251+00:00,0.21,2025-03-19 15:03:51.849251-07:00
KXUSOMENSINGLES-25-CA,2025-03-20 00:00:00+00:00,2025_03_19_close_1700_PT,2025-03-19 17:00:00-07:00,2025-03-17 18:29:54.515804+00:00,0.25,2025-03-17 11:29:54.515804-07:00
KXUSOMENSINGLES-25-JS,2025-03-20 00:00:00+00:00,2025_03_19_close_1700_PT,2025-03-19 17:00:00-07:00,2025-03-17 21:16:11.250164+00:00,0.38,2025-03-17 14:16:11.250164-07:00
KXUSOMENSINGLES-25-ND,2025-03-20 00:00:00+00:00,2025_03_19_close_1700_PT,2025-03-19 17:00:00-07:00,2025-03-19 07:01:50.304458+00:00,0.13,2025-03-19 00:01:50.304458-07:00
KXUSOPEN-25-BD,2025-03-20 00:00:00+00:00,2025_03_19_close_1700_PT,2025-03-19 17:00:00-07:00,2025-03-19 14:34:32.586501+00:00,0.07,2025-03-19 07:34:32.586501-07:00
KXUSOPEN-25-BK,2025-03-20 00:00:00+00:00,2025_03_19_close_1700_PT,2025-03-19 17:00:00-07:00,2025-02-25 17:27:04.087935+00:00,0.03,2025-02-25 09:27:04.087935-08:00
KXUSOPEN-25-RM,2025-03-20 00:00:00+00:00,2025_03_19_close_1700_PT,2025-03-19 17:00:00-07:00,2025-03-18 13:11:20.857729+00:00,0.1,2025-03-18 06:11:20.857729-07:00
KXUSOPEN-25-RMAC,2025-03-20 00:00:00+00:00,2025_03_19_close_1700_PT,2025-03-19 17:00:00-07:00,2025-02-13 20:06:17.379384+00:00,0.03,2025-02-13 12:06:17.379384-08:00
KXUSOPEN-25-SS,2025-03-20 00:00:00+00:00,2025_03_19_close_1700_PT,2025-03-19 17:00:00-07:00,2025-03-19 18:03:57.311414+00:00,0.15,2025-03-19 11:03:57.311414-07:00
KXUSOPEN-25-VH,2025-03-20 00:00:00+00:00,2025_03_19_close_1700_PT,2025-03-19 17:00:00-07:00,2025-03-19 14:34:48.583482+00:00,0.05,2025-03-19 07:34:48.583482-07:00
KXWMENSINGLES-25-CA,2025-03-20 00:00:00+00:00,2025_03_19_close_1700_PT,2025-03-19 17:00:00-07:00,2025-03-19 12:14:06.749595+00:00,0.37,2025-03-19 05:14:06.749595-07:00
KXWMENSINGLES-25-JS,2025-03-20 00:00:00+00:00,2025_03_19_close_1700_PT,2025-03-19 17:00:00-07:00,2025-03-17 16:56:46.527365+00:00,0.29,2025-03-17 09:56:46.527365-07:00
KXWMENSINGLES-25-ND,2025-03-20 00:00:00+00:00,2025_03_19_close_1700_PT,2025-03-19 17:00:00-07:00,2025-03-14 19:29:15.505737+00:00,0.15,2025-03-14 12:29:15.505737-07:00
KXWMENSINGLES-25-TF,2025-03-20 00:00:00+00:00,2025_03_19_close_1700_PT,2025-03-19 17:00:00-07:00,,,
LEAVEPOWELL-25-DEC31,2025-03-20 00:00:00+00:00,2025_03_19_close_1700_PT,2025-03-19 17:00:00-07:00,2025-03-19 20:39:21.876487+00:00,0.15,2025-03-19 13:39:21.876487-07:00
RECSSNBER-25,2025-03-20 00:00:00+00:00,2025_03_19_close_1700_PT,2025-03-19 17:00:00-07:00,2025-03-19 20:35:52.848326+00:00,0.38,2025-03-19 13:35:52.848326-07:00
FED-25MAY-T4.00,2025-03-20 12:00:00+00:00,2025_03_20_open_0500_PT,2025-03-20 05:00:00-07:00,2025-03-20 11:58:22.567858+00:00,0.93,2025-03-20 04:58:22.567858-07:00
FED-25MAY-T4.25,2025-03-20 12:00:00+00:00,2025_03_20_open_0500_PT,2025-03-20 05:00:00-07:00,2025-03-20 11:57:01.611573+00:00,0.78,2025-03-20 04:57:01.611573-07:00
GOVPARTYNJ-25-D,2025-03-20 12:00:00+00:00,2025_03_20_open_0500_PT,2025-03-20 05:00:00-07:00,2025-03-19 15:38:43.427900+00:00,0.72,2025-03-19 08:38:43.427900-07:00
GOVPARTYNJ-25-R,2025-03-20 12:00:00+00:00,2025_03_20_open_0500_PT,2025-03-20 05:00:00-07:00,2025-03-19 23:02:48.713273+00:00,0.29,2025-03-19 16:02:48.713273-07:00
GOVPARTYVA-25-R,2025-03-20 12:00:00+00:00,2025_03_20_open_0500_PT,2025-03-20 05:00:00-07:00,2025-03-20 10:58:24.910802+00:00,0.12,2025-03-20 03:58:24.910802-07:00
KXBTCMAX150-25-DEC31-149999.99,2025-03-20 12:00:00+00:00,2025_03_20_open_0500_PT,2025-03-20 05:00:00-07:00,2025-03-20 11:31:59.674734+00:00,0.25,2025-03-20 04:31:59.674734-07:00
KXBTCMAXY-25-DEC31-124999.99,2025-03-20 12:00:00+00:00,2025_03_20_open_0500_PT,2025-03-20 05:00:00-07:00,2025-03-20 11:53:56.475635+00:00,0.39,2025-03-20 04:53:56.475635-07:00
KXBTCMAXY-25-DEC31-149999.99,2025-03-20 12:00:00+00:00,2025_03_20_open_0500_PT,2025-03-20 05:00:00-07:00,2025-03-20 11:42:26.215561+00:00,0.25,2025-03-20 04:42:26.215561-07:00
KXBTCRESERVE-26-JAN01,2025-03-20 12:00:00+00:00,2025_03_20_open_0500_PT,2025-03-20 05:00:00-07:00,2025-03-20 11:16:18.843720+00:00,0.54,2025-03-20 04:16:18.843720-07:00
KXCANADAPM-45-C,2025-03-20 12:00:00+00:00,2025_03_20_open_0500_PT,2025-03-20 05:00:00-07:00,2025-03-20 10:00:21.610067+00:00,0.41,2025-03-20 03:00:21.610067-07:00
KXCANADAPM-45-L,2025-03-20 12:00:00+00:00,2025_03_20_open_0500_PT,2025-03-20 05:00:00-07:00,2025-03-20 11:59:26.825165+00:00,0.59,2025-03-20 04:59:26.825165-07:00
KXCPIYOY-25APR-T2.4,2025-03-20 12:00:00+00:00,2025_03_20_open_0500_PT,2025-03-20 05:00:00-07:00,,,
KXCPIYOY-25APR-T2.5,2025-03-20 12:00:00+00:00,2025_03_20_open_0500_PT,2025-03-20 05:00:00-07:00,2025-03-19 12:21:51.027196+00:00,0.42,2025-03-19 05:21:51.027196-07:00
KXDOED-26-JAN01,2025-03-20 12:00:00+00:00,2025_03_20_open_0500_PT,2025-03-20 05:00:00-07:00,2025-03-20 11:59:05.628944+00:00,0.29,2025-03-20 04:59:05.628944-07:00
KXEPSTEIN-25,2025-03-20 12:00:00+00:00,2025_03_20_open_0500_PT,2025-03-20 05:00:00-07:00,2025-03-20 11:44:20.666416+00:00,0.31,2025-03-20 04:44:20.666416-07:00
KXETHMAXY-25DEC31-4999.99,2025-03-20 12:00:00+00:00,2025_03_20_open_0500_PT,2025-03-20 05:00:00-07:00,2025-03-19 12:33:50.369994+00:00,0.2,2025-03-19 05:33:50.369994-07:00
KXFEDDECISION-25MAY-C25,2025-03-20 12:00:00+00:00,2025_03_20_open_0500_PT,2025-03-20 05:00:00-07:00,2025-03-20 11:48:10.176717+00:00,0.18,2025-03-20 04:48:10.176717-07:00
KXFEDDECISION-25MAY-C26,2025-03-20 12:00:00+00:00,2025_03_20_open_0500_PT,2025-03-20 05:00:00-07:00,2025-03-20 09:58:49.227445+00:00,0.03,2025-03-20 02:58:49.227445-07:00
KXFEDDECISION-25MAY-H0,2025-03-20 12:00:00+00:00,2025_03_20_open_0500_PT,2025-03-20 05:00:00-07:00,2025-03-20 11:50:16.429436+00:00,0.8,2025-03-20 04:50:16.429436-07:00
KXFOMENSINGLES-25-CA,2025-03-20 12:00:00+00:00,2025_03_20_open_0500_PT,2025-03-20 05:00:00-07:00,2025-03-18 15:07:20.266387+00:00,0.45,2025-03-18 08:07:20.266387-07:00
KXFOMENSINGLES-25-JS,2025-03-20 12:00:00+00:00,2025_03_20_open_0500_PT,2025-03-20 05:00:00-07:00,2025-03-17 17:22:15.114911+00:00,0.23,2025-03-17 10:22:15.114911-07:00
KXFOMENSINGLES-25-ND,2025-03-20 12:00:00+00:00,2025_03_20_open_0500_PT,2025-03-20 05:00:00-07:00,2025-03-08 17:49:54.374770+00:00,0.12,2025-03-08 09:49:54.374770-08:00
KXFOWOMENSINGLES-25-AS,2025-03-20 12:00:00+00:00,2025_03_20_open_0500_PT,2025-03-20 05:00:00-07:00,2025-03-19 18:07:56.471045+00:00,0.17,2025-03-19 11:07:56.471045-07:00
KXFOWOMENSINGLES-25-CG,2025-03-20 12:00:00+00:00,2025_03_20_open_0500_PT,2025-03-20 05:00:00-07:00,2025-02-10 18:42:35.041176+00:00,0.08,2025-02-10 10:42:35.041176-08:00
KXLEAGUEWORLDS-25-T1,2025-03-20 12:00:00+00:00,2025_03_20_open_0500_PT,2025-03-20 05:00:00-07:00,2025-03-20 06:42:26.116549+00:00,0.22,2025-03-19 23:42:26.116549-07:00
KXLLM1-25DEC31-XAI,2025-03-20 12:00:00+00:00,2025_03_20_open_0500_PT,2025-03-20 05:00:00-07:00,2025-03-19 19:36:28.818315+00:00,0.35,2025-03-19 12:36:28.818315-07:00
KXMARMAD-25-AU,2025-03-20 12:00:00+00:00,2025_03_20_open_0500_PT,2025-03-20 05:00:00-07:00,2025-03-20 11:57:41.078226+00:00,0.16,2025-03-20 04:57:41.078226-07:00
KXMARMAD-25-DU,2025-03-20 12:00:00+00:00,2025_03_20_open_0500_PT,2025-03-20 05:00:00-07:00,2025-03-20 11:59:52.700268+00:00,0.24,2025-03-20 04:59:52.700268-07:00
KXMARMAD-25-FL,2025-03-20 12:00:00+00:00,2025_03_20_open_0500_PT,2025-03-20 05:00:00-07:00,2025-03-20 11:59:44.137691+00:00,0.2,2025-03-20 04:59:44.137691-07:00
KXMARMAD-25-HOU,2025-03-20 12:00:00+00:00,2025_03_20_open_0500_PT,2025-03-20 05:00:00-07:00,2025-03-20 11:58:34.226635+00:00,0.14,2025-03-20 04:58:34.226635-07:00
KXMASTERS-25-BD,2025-03-20 12:00:00+00:00,2025_03_20_open_0500_PT,2025-03-20 05:00:00-07:00,2025-03-19 05:47:38.250157+00:00,0.06,2025-03-18 22:47:38.250157-07:00
KXMASTERS-25-CM,2025-03-20 12:00:00+00:00,2025_03_20_open_0500_PT,2025-03-20 05:00:00-07:00,2025-03-19 10:54:39.245994+00:00,0.06,2025-03-19 03:54:39.245994-07:00
KXMASTERS-25-LA,2025-03-20 12:00:00+00:00,2025_03_20_open_0500_PT,2025-03-20 05:00:00-07:00,2025-03-20 07:56:48.275996+00:00,0.07,2025-03-20 00:56:48.275996-07:00
KXMASTERS-25-RM,2025-03-20 12:00:00+00:00,2025_03_20_open_0500_PT,2025-03-20 05:00:00-07:00,2025-03-20 07:07:31.052592+00:00,0.13,2025-03-20 00:07:31.052592-07:00
KXMASTERS-25-SS,2025-03-20 12:00:00+00:00,2025_03_20_open_0500_PT,2025-03-20 05:00:00-07:00,2025-03-20 10:45:51.577043+00:00,0.15,2025-03-20 03:45:51.577043-07:00
KXMAYORNYCNOMD-25-AC,2025-03-20 12:00:00+00:00,2025_03_20_open_0500_PT,2025-03-20 05:00:00-07:00,2025-03-20 10:37:02.077675+00:00,0.72,2025-03-20 03:37:02.077675-07:00
KXMAYORNYCNOMD-25-ZM,2025-03-20 12:00:00+00:00,2025_03_20_open_0500_PT,2025-03-20 05:00:00-07:00,2025-03-20 08:57:35.426711+00:00,0.11,2025-03-20 01:57:35.426711-07:00
KXMAYORNYCPARTY-25-D,2025-03-20 12:00:00+00:00,2025_03_20_open_0500_PT,2025-03-20 05:00:00-07:00,2025-03-16 16:56:03.125329+00:00,0.93,2025-03-16 09:56:03.125329-07:00
KXMAYORNYCPARTY-25-R,2025-03-20 12:00:00+00:00,2025_03_20_open_0500_PT,2025-03-20 05:00:00-07:00,2025-03-18 20:49:23.852039+00:00,0.08,2025-03-18 13:49:23.852039-07:00
KXMLB-25-LAD,2025-03-20 12:00:00+00:00,2025_03_20_open_0500_PT,2025-03-20 05:00:00-07:00,2025-03-20 11:24:55.097185+00:00,0.27,2025-03-20 04:24:55.097185-07:00
KXMLB-25-MIL,2025-03-20 12:00:00+00:00,2025_03_20_open_0500_PT,2025-03-20 05:00:00-07:00,2025-03-10 06:18:13.923662+00:00,0.02,2025-03-09 23:18:13.923662-07:00
KXMLB-25-PHI,2025-03-20 12:00:00+00:00,2025_03_20_open_0500_PT,2025-03-20 05:00:00-07:00,2025-03-18 19:14:52.272018+00:00,0.05,2025-03-18 12:14:52.272018-07:00
KXMLB-25-SEA,2025-03-20 12:00:00+00:00,2025_03_20_open_0500_PT,2025-03-20 05:00:00-07:00,2025-03-11 23:27:34.973762+00:00,0.03,2025-03-11 16:27:34.973762-07:00
KXMLB-25-TOR,2025-03-20 12:00:00+00:00,2025_03_20_open_0500_PT,2025-03-20 05:00:00-07:00,2025-03-19 09:35:36.518877+00:00,0.02,2025-03-19 02:35:36.518877-07:00
KXMLBAL-25-SEA,2025-03-20 12:00:00+00:00,2025_03_20_open_0500_PT,2025-03-20 05:00:00-07:00,2025-03-19 20:26:22.360788+00:00,0.1,2025-03-19 13:26:22.360788-07:00
KXMLBAL-25-TOR,2025-03-20 12:00:00+00:00,2025_03_20_open_0500_PT,2025-03-20 05:00:00-07:00,2025-03-14 15:24:14.606706+00:00,0.02,2025-03-14 08:24:14.606706-07:00
KXMLBNL-25-LAD,2025-03-20 12:00:00+00:00,2025_03_20_open_0500_PT,2025-03-20 05:00:00-07:00,2025-03-20 07:38:31.851832+00:00,0.43,2025-03-20 00:38:31.851832-07:00
KXNBA-25-BOS,2025-03-20 12:00:00+00:00,2025_03_20_open_0500_PT,2025-03-20 05:00:00-07:00,2025-03-20 10:45:10.000215+00:00,0.28,2025-03-20 03:45:10.000215-07:00
KXNBA-25-CLE,2025-03-20 12:00:00+00:00,2025_03_20_open_0500_PT,2025-03-20 05:00:00-07:00,2025-03-20 07:14:09.140997+00:00,0.15,2025-03-20 00:14:09.140997-07:00
KXNBA-25-DEN,2025-03-20 12:00:00+00:00,2025_03_20_open_0500_PT,2025-03-20 05:00:00-07:00,2025-03-20 07:58:20.519011+00:00,0.06,2025-03-20 00:58:20.519011-07:00
KXNBA-25-GSW,2025-03-20 12:00:00+00:00,2025_03_20_open_0500_PT,2025-03-20 05:00:00-07:00,2025-03-20 11:26:30.841864+00:00,0.07,2025-03-20 04:26:30.841864-07:00
KXNBA-25-IND,2025-03-20 12:00:00+00:00,2025_03_20_open_0500_PT,2025-03-20 05:00:00-07:00,2025-03-13 13:14:25.254451+00:00,0.01,2025-03-13 06:14:25.254451-07:00
KXNBA-25-LAL,2025-03-20 12:00:00+00:00,2025_03_20_open_0500_PT,2025-03-20 05:00:00-07:00,2025-03-20 09:56:59.113648+00:00,0.09,2025-03-20 02:56:59.113648-07:00
KXNBA-25-MIN,2025-03-20 12:00:00+00:00,2025_03_20_open_0500_PT,2025-03-20 05:00:00-07:00,2025-03-20 09:21:29.946374+00:00,0.02,2025-03-20 02:21:29.946374-07:00
KXNBA-25-NYK,2025-03-20 12:00:00+00:00,2025_03_20_open_0500_PT,2025-03-20 05:00:00-07:00,2025-03-20 07:16:06.702838+00:00,0.03,2025-03-20 00:16:06.702838-07:00
KXNBA-25-OKC,2025-03-20 12:00:00+00:00,2025_03_20_open_0500_PT,2025-03-20 05:00:00-07:00,2025-03-20 11:25:06.272240+00:00,0.32,2025-03-20 04:25:06.272240-07:00
KXNBAEAST-25-BOS,2025-03-20 12:00:00+00:00,2025_03_20_open_0500_PT,2025-03-20 05:00:00-07:00,2025-03-20 10:55:06.050165+00:00,0.53,2025-03-20 03:55:06.050165-07:00
KXNBAEAST-25-IND,2025-03-20 12:00:00+00:00,2025_03_20_open_0500_PT,2025-03-20 05:00:00-07:00,2025-03-06 12:33:13.620263+00:00,0.02,2025-03-06 04:33:13.620263-08:00
KXNBAEAST-25-NYK,2025-03-20 12:00:00+00:00,2025_03_20_open_0500_PT,2025-03-20 05:00:00-07:00,2025-03-20 08:08:23.149630+00:00,0.08,2025-03-20 01:08:23.149630-07:00
KXNBAWEST-25-DEN,2025-03-20 12:00:00+00:00,2025_03_20_open_0500_PT,2025-03-20 05:00:00-07:00,2025-03-18 20:00:31.683699+00:00,0.11,2025-03-18 13:00:31.683699-07:00
KXNBAWEST-25-MIN,2025-03-20 12:00:00+00:00,2025_03_20_open_0500_PT,2025-03-20 05:00:00-07:00,2025-03-18 20:55:00.413006+00:00,0.04,2025-03-18 13:55:00.413006-07:00
KXNBAWEST-25-OKC,2025-03-20 12:00:00+00:00,2025_03_20_open_0500_PT,2025-03-20 05:00:00-07:00,2025-03-20 11:58:33.061989+00:00,0.55,2025-03-20 04:58:33.061989-07:00
KXNCAAF-26-OSU,2025-03-20 12:00:00+00:00,2025_03_20_open_0500_PT,2025-03-20 05:00:00-07:00,2025-03-17 19:00:48.167727+00:00,0.14,2025-03-17 12:00:48.167727-07:00
KXNHL-25-EDM,2025-03-20 12:00:00+00:00,2025_03_20_open_0500_PT,2025-03-20 05:00:00-07:00,2025-03-20 10:48:57.348402+00:00,0.08,2025-03-20 03:48:57.348402-07:00
KXNHL-25-FLA,2025-03-20 12:00:00+00:00,2025_03_20_open_0500_PT,2025-03-20 05:00:00-07:00,2025-03-19 07:52:26.186341+00:00,0.12,2025-03-19 00:52:26.186341-07:00
KXNOBELPEACE-25-DJT,2025-03-20 12:00:00+00:00,2025_03_20_open_0500_PT,2025-03-20 05:00:00-07:00,2025-03-19 22:11:19.313709+00:00,0.09,2025-03-19 15:11:19.313709-07:00
KXPGA-25-BD,2025-03-20 12:00:00+00:00,2025_03_20_open_0500_PT,2025-03-20 05:00:00-07:00,2025-03-04 11:14:46.295785+00:00,0.06,2025-03-04 03:14:46.295785-08:00
KXPGA-25-RM,2025-03-20 12:00:00+00:00,2025_03_20_open_0500_PT,2025-03-20 05:00:00-07:00,2025-03-17 06:51:34.549524+00:00,0.13,2025-03-16 23:51:34.549524-07:00
KXPGA-25-SS,2025-03-20 12:00:00+00:00,2025_03_20_open_0500_PT,2025-03-20 05:00:00-07:00,2025-03-18 17:10:19.348528+00:00,0.18,2025-03-18 10:10:19.348528-07:00
KXRATECUTCOUNT-25DEC31-T0,2025-03-20 12:00:00+00:00,2025_03_20_open_0500_PT,2025-03-20 05:00:00-07:00,2025-03-20 11:47:11.582674+00:00,0.12,2025-03-20 04:47:11.582674-07:00
KXRATECUTCOUNT-25DEC31-T1,2025-03-20 12:00:00+00:00,2025_03_20_open_0500_PT,2025-03-20 05:00:00-07:00,2025-03-20 11:47:36.300836+00:00,0.18,2025-03-20 04:47:36.300836-07:00
KXRATECUTCOUNT-25DEC31-T2,2025-03-20 12:00:00+00:00,2025_03_20_open_0500_PT,2025-03-20 05:00:00-07:00,2025-03-20 11:14:18.362981+00:00,0.25,2025-03-20 04:14:18.362981-07:00
KXRATECUTCOUNT-25DEC31-T3,2025-03-20 12:00:00+00:00,2025_03_20_open_0500_PT,2025-03-20 05:00:00-07:00,2025-03-20 11:14:09.532321+00:00,0.2,2025-03-20 04:14:09.532321-07:00
KXSB-26-BAL,2025-03-20 12:00:00+00:00,2025_03_20_open_0500_PT,2025-03-20 05:00:00-07:00,2025-03-18 17:31:40.978725+00:00,0.1,2025-03-18 10:31:40.978725-07:00
KXSB-26-BUF,2025-03-20 12:00:00+00:00,2025_03_20_open_0500_PT,2025-03-20 05:00:00-07:00,2025-03-18 22:16:44.408404+00:00,0.12,2025-03-18 15:16:44.408404-07:00
KXSB-26-GB,2025-03-20 12:00:00+00:00,2025_03_20_open_0500_PT,2025-03-20 05:00:00-07:00,2025-03-18 18:00:55.371384+00:00,0.03,2025-03-18 11:00:55.371384-07:00
KXSB-26-KC,2025-03-20 12:00:00+00:00,2025_03_20_open_0500_PT,2025-03-20 05:00:00-07:00,2025-03-18 22:16:51.181390+00:00,0.12,2025-03-18 15:16:51.181390-07:00
KXSB-26-PHI,2025-03-20 12:00:00+00:00,2025_03_20_open_0500_PT,2025-03-20 05:00:00-07:00,2025-03-20 07:38:07.473182+00:00,0.13,2025-03-20 00:38:07.473182-07:00
KXSB-26-SEA,2025-03-20 12:00:00+00:00,2025_03_20_open_0500_PT,2025-03-20 05:00:00-07:00,2025-03-18 11:58:49.814166+00:00,0.01,2025-03-18 04:58:49.814166-07:00
KXTHEOPEN-25-RM,2025-03-20 12:00:00+00:00,2025_03_20_open_0500_PT,2025-03-20 05:00:00-07:00,2025-03-17 06:51:46.908818+00:00,0.13,2025-03-16 23:51:46.908818-07:00
KXTHEOPEN-25-SS,2025-03-20 12:00:00+00:00,2025_03_20_open_0500_PT,2025-03-20 05:00:00-07:00,2025-03-19 13:50:52.461671+00:00,0.21,2025-03-19 06:50:52.461671-07:00
KXTOPARTIST-25-BB,2025-03-20 12:00:00+00:00,2025_03_20_open_0500_PT,2025-03-20 05:00:00-07:00,2025-03-20 07:20:18.733121+00:00,0.52,2025-03-20 00:20:18.733121-07:00
KXTOPARTIST-25-TS,2025-03-20 12:00:00+00:00,2025_03_20_open_0500_PT,2025-03-20 05:00:00-07:00,2025-03-19 16:28:51.892594+00:00,0.43,2025-03-19 09:28:51.892594-07:00
KXUEFACL-25-IM,2025-03-20 12:00:00+00:00,2025_03_20_open_0500_PT,2025-03-20 05:00:00-07:00,2025-03-17 17:10:01.571900+00:00,0.08,2025-03-17 10:10:01.571900-07:00
KXUEFACL-25-PSG,2025-03-20 12:00:00+00:00,2025_03_20_open_0500_PT,2025-03-20 05:00:00-07:00,2025-03-20 11:32:13.535085+00:00,0.2,2025-03-20 04:32:13.535085-07:00
KXUSOMENSINGLES-25-CA,2025-03-20 12:00:00+00:00,2025_03_20_open_0500_PT,2025-03-20 05:00:00-07:00,2025-03-17 18:29:54.515804+00:00,0.25,2025-03-17 11:29:54.515804-07:00
KXUSOMENSINGLES-25-JS,2025-03-20 12:00:00+00:00,2025_03_20_open_0500_PT,2025-03-20 05:00:00-07:00,2025-03-17 21:16:11.250164+00:00,0.38,2025-03-17 14:16:11.250164-07:00
KXUSOMENSINGLES-25-ND,2025-03-20 12:00:00+00:00,2025_03_20_open_0500_PT,2025-03-20 05:00:00-07:00,2025-03-19 07:01:50.304458+00:00,0.13,2025-03-19 00:01:50.304458-07:00
KXUSOPEN-25-BD,2025-03-20 12:00:00+00:00,2025_03_20_open_0500_PT,2025-03-20 05:00:00-07:00,2025-03-19 14:34:32.586501+00:00,0.07,2025-03-19 07:34:32.586501-07:00
KXUSOPEN-25-BK,2025-03-20 12:00:00+00:00,2025_03_20_open_0500_PT,2025-03-20 05:00:00-07:00,2025-03-20 08:18:27.580179+00:00,0.05,2025-03-20 01:18:27.580179-07:00
KXUSOPEN-25-RM,2025-03-20 12:00:00+00:00,2025_03_20_open_0500_PT,2025-03-20 05:00:00-07:00,2025-03-18 13:11:20.857729+00:00,0.1,2025-03-18 06:11:20.857729-07:00
KXUSOPEN-25-RMAC,2025-03-20 12:00:00+00:00,2025_03_20_open_0500_PT,2025-03-20 05:00:00-07:00,2025-02-13 20:06:17.379384+00:00,0.03,2025-02-13 12:06:17.379384-08:00
KXUSOPEN-25-SS,2025-03-20 12:00:00+00:00,2025_03_20_open_0500_PT,2025-03-20 05:00:00-07:00,2025-03-20 10:46:51.710676+00:00,0.18,2025-03-20 03:46:51.710676-07:00
KXUSOPEN-25-VH,2025-03-20 12:00:00+00:00,2025_03_20_open_0500_PT,2025-03-20 05:00:00-07:00,2025-03-19 14:34:48.583482+00:00,0.05,2025-03-19 07:34:48.583482-07:00
KXWMENSINGLES-25-CA,2025-03-20 12:00:00+00:00,2025_03_20_open_0500_PT,2025-03-20 05:00:00-07:00,2025-03-19 12:14:06.749595+00:00,0.37,2025-03-19 05:14:06.749595-07:00
KXWMENSINGLES-25-JS,2025-03-20 12:00:00+00:00,2025_03_20_open_0500_PT,2025-03-20 05:00:00-07:00,2025-03-17 16:56:46.527365+00:00,0.29,2025-03-17 09:56:46.527365-07:00
KXWMENSINGLES-25-ND,2025-03-20 12:00:00+00:00,2025_03_20_open_0500_PT,2025-03-20 05:00:00-07:00,2025-03-14 19:29:15.505737+00:00,0.15,2025-03-14 12:29:15.505737-07:00
KXWMENSINGLES-25-TF,2025-03-20 12:00:00+00:00,2025_03_20_open_0500_PT,2025-03-20 05:00:00-07:00,,,
LEAVEPOWELL-25-DEC31,2025-03-20 12:00:00+00:00,2025_03_20_open_0500_PT,2025-03-20 05:00:00-07:00,2025-03-20 08:22:54.610174+00:00,0.19,2025-03-20 01:22:54.610174-07:00
RECSSNBER-25,2025-03-20 12:00:00+00:00,2025_03_20_open_0500_PT,2025-03-20 05:00:00-07:00,2025-03-20 10:39:28.347034+00:00,0.37,2025-03-20 03:39:28.347034-07:00
FED-25MAY-T4.00,2025-03-21 00:00:00+00:00,2025_03_20_close_1700_PT,2025-03-20 17:00:00-07:00,2025-03-20 23:59:01.679524+00:00,0.95,2025-03-20 16:59:01.679524-07:00
FED-25MAY-T4.25,2025-03-21 00:00:00+00:00,2025_03_20_close_1700_PT,2025-03-20 17:00:00-07:00,2025-03-20 23:56:21.768770+00:00,0.79,2025-03-20 16:56:21.768770-07:00
GOVPARTYNJ-25-D,2025-03-21 00:00:00+00:00,2025_03_20_close_1700_PT,2025-03-20 17:00:00-07:00,2025-03-20 19:52:14.197750+00:00,0.72,2025-03-20 12:52:14.197750-07:00
GOVPARTYNJ-25-R,2025-03-21 00:00:00+00:00,2025_03_20_close_1700_PT,2025-03-20 17:00:00-07:00,2025-03-20 14:36:54.523044+00:00,0.28,2025-03-20 07:36:54.523044-07:00
GOVPARTYVA-25-R,2025-03-21 00:00:00+00:00,2025_03_20_close_1700_PT,2025-03-20 17:00:00-07:00,2025-03-20 21:11:56.694547+00:00,0.11,2025-03-20 14:11:56.694547-07:00
KXBTCMAX150-25-DEC31-149999.99,2025-03-21 00:00:00+00:00,2025_03_20_close_1700_PT,2025-03-20 17:00:00-07:00,2025-03-20 20:27:33.673071+00:00,0.25,2025-03-20 13:27:33.673071-07:00
KXBTCMAXY-25-DEC31-124999.99,2025-03-21 00:00:00+00:00,2025_03_20_close_1700_PT,2025-03-20 17:00:00-07:00,2025-03-20 18:57:17.621309+00:00,0.39,2025-03-20 11:57:17.621309-07:00
KXBTCMAXY-25-DEC31-149999.99,2025-03-21 00:00:00+00:00,2025_03_20_close_1700_PT,2025-03-20 17:00:00-07:00,2025-03-20 18:31:45.808059+00:00,0.26,2025-03-20 11:31:45.808059-07:00
KXBTCRESERVE-26-JAN01,2025-03-21 00:00:00+00:00,2025_03_20_close_1700_PT,2025-03-20 17:00:00-07:00,2025-03-20 22:00:18.324462+00:00,0.52,2025-03-20 15:00:18.324462-07:00
KXCANADAPM-45-C,2025-03-21 00:00:00+00:00,2025_03_20_close_1700_PT,2025-03-20 17:00:00-07:00,2025-03-20 23:42:24.653203+00:00,0.39,2025-03-20 16:42:24.653203-07:00
KXCANADAPM-45-L,2025-03-21 00:00:00+00:00,2025_03_20_close_1700_PT,2025-03-20 17:00:00-07:00,2025-03-20 23:11:56.864370+00:00,0.62,2025-03-20 16:11:56.864370-07:00
KXCPIYOY-25APR-T2.4,2025-03-21 00:00:00+00:00,2025_03_20_close_1700_PT,2025-03-20 17:00:00-07:00,,,
KXCPIYOY-25APR-T2.5,2025-03-21 00:00:00+00:00,2025_03_20_close_1700_PT,2025-03-20 17:00:00-07:00,2025-03-19 12:21:51.027196+00:00,0.42,2025-03-19 05:21:51.027196-07:00
KXDOED-26-JAN01,2025-03-21 00:00:00+00:00,2025_03_20_close_1700_PT,2025-03-20 17:00:00-07:00,2025-03-20 23:50:07.266793+00:00,0.21,2025-03-20 16:50:07.266793-07:00
KXEPSTEIN-25,2025-03-21 00:00:00+00:00,2025_03_20_close_1700_PT,2025-03-20 17:00:00-07:00,2025-03-20 23:30:25.276389+00:00,0.33,2025-03-20 16:30:25.276389-07:00
KXETHMAXY-25DEC31-4999.99,2025-03-21 00:00:00+00:00,2025_03_20_close_1700_PT,2025-03-20 17:00:00-07:00,2025-03-19 12:33:50.369994+00:00,0.2,2025-03-19 05:33:50.369994-07:00
KXFEDDECISION-25MAY-C25,2025-03-21 00:00:00+00:00,2025_03_20_close_1700_PT,2025-03-20 17:00:00-07:00,2025-03-20 21:14:00.074311+00:00,0.17,2025-03-20 14:14:00.074311-07:00
KXFEDDECISION-25MAY-C26,2025-03-21 00:00:00+00:00,2025_03_20_close_1700_PT,2025-03-20 17:00:00-07:00,2025-03-20 09:58:49.227445+00:00,0.03,2025-03-20 02:58:49.227445-07:00
KXFEDDECISION-25MAY-H0,2025-03-21 00:00:00+00:00,2025_03_20_close_1700_PT,2025-03-20 17:00:00-07:00,2025-03-20 21:36:58.831674+00:00,0.81,2025-03-20 14:36:58.831674-07:00
KXFOMENSINGLES-25-CA,2025-03-21 00:00:00+00:00,2025_03_20_close_1700_PT,2025-03-20 17:00:00-07:00,2025-03-18 15:07:20.266387+00:00,0.45,2025-03-18 08:07:20.266387-07:00
KXFOMENSINGLES-25-JS,2025-03-21 00:00:00+00:00,2025_03_20_close_1700_PT,2025-03-20 17:00:00-07:00,2025-03-17 17:22:15.114911+00:00,0.23,2025-03-17 10:22:15.114911-07:00
KXFOMENSINGLES-25-ND,2025-03-21 00:00:00+00:00,2025_03_20_close_1700_PT,2025-03-20 17:00:00-07:00,2025-03-08 17:49:54.374770+00:00,0.12,2025-03-08 09:49:54.374770-08:00
KXFOWOMENSINGLES-25-AS,2025-03-21 00:00:00+00:00,2025_03_20_close_1700_PT,2025-03-20 17:00:00-07:00,2025-03-19 18:07:56.471045+00:00,0.17,2025-03-19 11:07:56.471045-07:00
KXFOWOMENSINGLES-25-CG,2025-03-21 00:00:00+00:00,2025_03_20_close_1700_PT,2025-03-20 17:00:00-07:00,2025-02-10 18:42:35.041176+00:00,0.08,2025-02-10 10:42:35.041176-08:00
KXLEAGUEWORLDS-25-T1,2025-03-21 00:00:00+00:00,2025_03_20_close_1700_PT,2025-03-20 17:00:00-07:00,2025-03-20 06:42:26.116549+00:00,0.22,2025-03-19 23:42:26.116549-07:00
KXLLM1-25DEC31-XAI,2025-03-21 00:00:00+00:00,2025_03_20_close_1700_PT,2025-03-20 17:00:00-07:00,2025-03-19 19:36:28.818315+00:00,0.35,2025-03-19 12:36:28.818315-07:00
KXMARMAD-25-AU,2025-03-21 00:00:00+00:00,2025_03_20_close_1700_PT,2025-03-20 17:00:00-07:00,2025-03-20 23:45:05.279410+00:00,0.18,2025-03-20 16:45:05.279410-07:00
KXMARMAD-25-DU,2025-03-21 00:00:00+00:00,2025_03_20_close_1700_PT,2025-03-20 17:00:00-07:00,2025-03-20 23:59:29.326053+00:00,0.26,2025-03-20 16:59:29.326053-07:00
KXMARMAD-25-FL,2025-03-21 00:00:00+00:00,2025_03_20_close_1700_PT,2025-03-20 17:00:00-07:00,2025-03-20 23:57:55.389084+00:00,0.24,2025-03-20 16:57:55.389084-07:00
KXMARMAD-25-HOU,2025-03-21 00:00:00+00:00,2025_03_20_close_1700_PT,2025-03-20 17:00:00-07:00,2025-03-20 23:52:03.721480+00:00,0.15,2025-03-20 16:52:03.721480-07:00
KXMASTERS-25-BD,2025-03-21 00:00:00+00:00,2025_03_20_close_1700_PT,2025-03-20 17:00:00-07:00,2025-03-20 15:37:02.419072+00:00,0.06,2025-03-20 08:37:02.419072-07:00
KXMASTERS-25-CM,2025-03-21 00:00:00+00:00,2025_03_20_close_1700_PT,2025-03-20 17:00:00-07:00,2025-03-19 10:54:39.245994+00:00,0.06,2025-03-19 03:54:39.245994-07:00
KXMASTERS-25-LA,2025-03-21 00:00:00+00:00,2025_03_20_close_1700_PT,2025-03-20 17:00:00-07:00,2025-03-20 14:53:22.200438+00:00,0.07,2025-03-20 07:53:22.200438-07:00
KXMASTERS-25-RM,2025-03-21 00:00:00+00:00,2025_03_20_close_1700_PT,2025-03-20 17:00:00-07:00,2025-03-20 07:07:31.052592+00:00,0.13,2025-03-20 00:07:31.052592-07:00
KXMASTERS-25-SS,2025-03-21 00:00:00+00:00,2025_03_20_close_1700_PT,2025-03-20 17:00:00-07:00,2025-03-20 21:13:58.407540+00:00,0.15,2025-03-20 14:13:58.407540-07:00
KXMAYORNYCNOMD-25-AC,2025-03-21 00:00:00+00:00,2025_03_20_close_1700_PT,2025-03-20 17:00:00-07:00,2025-03-20 22:19:17.868419+00:00,0.73,2025-03-20 15:19:17.868419-07:00
KXMAYORNYCNOMD-25-ZM,2025-03-21 00:00:00+00:00,2025_03_20_close_1700_PT,2025-03-20 17:00:00-07:00,2025-03-20 21:03:00.250630+00:00,0.11,2025-03-20 14:03:00.250630-07:00
KXMAYORNYCPARTY-25-D,2025-03-21 00:00:00+00:00,2025_03_20_close_1700_PT,2025-03-20 17:00:00-07:00,2025-03-16 16:56:03.125329+00:00,0.93,2025-03-16 09:56:03.125329-07:00
KXMAYORNYCPARTY-25-R,2025-03-21 00:00:00+00:00,2025_03_20_close_1700_PT,2025-03-20 17:00:00-07:00,2025-03-18 20:49:23.852039+00:00,0.08,2025-03-18 13:49:23.852039-07:00
KXMLB-25-LAD,2025-03-21 00:00:00+00:00,2025_03_20_close_1700_PT,2025-03-20 17:00:00-07:00,2025-03-20 19:38:06.712382+00:00,0.27,2025-03-20 12:38:06.712382-07:00
KXMLB-25-MIL,2025-03-21 00:00:00+00:00,2025_03_20_close_1700_PT,2025-03-20 17:00:00-07:00,2025-03-10 06:18:13.923662+00:00,0.02,2025-03-09 23:18:13.923662-07:00
KXMLB-25-PHI,2025-03-21 00:00:00+00:00,2025_03_20_close_1700_PT,2025-03-20 17:00:00-07:00,2025-03-18 19:14:52.272018+00:00,0.05,2025-03-18 12:14:52.272018-07:00
KXMLB-25-SEA,2025-03-21 00:00:00+00:00,2025_03_20_close_1700_PT,2025-03-20 17:00:00-07:00,2025-03-11 23:27:34.973762+00:00,0.03,2025-03-11 16:27:34.973762-07:00
KXMLB-25-TOR,2025-03-21 00:00:00+00:00,2025_03_20_close_1700_PT,2025-03-20 17:00:00-07:00,2025-03-19 09:35:36.518877+00:00,0.02,2025-03-19 02:35:36.518877-07:00
KXMLBAL-25-SEA,2025-03-21 00:00:00+00:00,2025_03_20_close_1700_PT,2025-03-20 17:00:00-07:00,2025-03-19 20:26:22.360788+00:00,0.1,2025-03-19 13:26:22.360788-07:00
KXMLBAL-25-TOR,2025-03-21 00:00:00+00:00,2025_03_20_close_1700_PT,2025-03-20 17:00:00-07:00,2025-03-14 15:24:14.606706+00:00,0.02,2025-03-14 08:24:14.606706-07:00
KXMLBNL-25-LAD,2025-03-21 00:00:00+00:00,2025_03_20_close_1700_PT,2025-03-20 17:00:00-07:00,2025-03-20 19:38:59.583060+00:00,0.41,2025-03-20 12:38:59.583060-07:00
KXNBA-25-BOS,2025-03-21 00:00:00+00:00,2025_03_20_close_1700_PT,2025-03-20 17:00:00-07:00,2025-03-20 14:49:11.611122+00:00,0.28,2025-03-20 07:49:11.611122-07:00
KXNBA-25-CLE,2025-03-21 00:00:00+00:00,2025_03_20_close_1700_PT,2025-03-20 17:00:00-07:00,2025-03-20 21:22:54.144433+00:00,0.15,2025-03-20 14:22:54.144433-07:00
KXNBA-25-DEN,2025-03-21 00:00:00+00:00,2025_03_20_close_1700_PT,2025-03-20 17:00:00-07:00,2025-03-20 07:58:20.519011+00:00,0.06,2025-03-20 00:58:20.519011-07:00
KXNBA-25-GSW,2025-03-21 00:00:00+00:00,2025_03_20_close_1700_PT,2025-03-20 17:00:00-07:00,2025-03-20 21:06:33.077160+00:00,0.05,2025-03-20 14:06:33.077160-07:00
KXNBA-25-IND,2025-03-21 00:00:00+00:00,2025_03_20_close_1700_PT,2025-03-20 17:00:00-07:00,2025-03-13 13:14:25.254451+00:00,0.01,2025-03-13 06:14:25.254451-07:00
KXNBA-25-LAL,2025-03-21 00:00:00+00:00,2025_03_20_close_1700_PT,2025-03-20 17:00:00-07:00,2025-03-20 21:42:05.047943+00:00,0.08,2025-03-20 14:42:05.047943-07:00
KXNBA-25-MIN,2025-03-21 00:00:00+00:00,2025_03_20_close_1700_PT,2025-03-20 17:00:00-07:00,2025-03-20 09:21:29.946374+00:00,0.02,2025-03-20 02:21:29.946374-07:00
KXNBA-25-NYK,2025-03-21 00:00:00+00:00,2025_03_20_close_1700_PT,2025-03-20 17:00:00-07:00,2025-03-20 13:26:14.644096+00:00,0.03,2025-03-20 06:26:14.644096-07:00
KXNBA-25-OKC,2025-03-21 00:00:00+00:00,2025_03_20_close_1700_PT,2025-03-20 17:00:00-07:00,2025-03-20 21:21:06.100125+00:00,0.32,2025-03-20 14:21:06.100125-07:00
KXNBAEAST-25-BOS,2025-03-21 00:00:00+00:00,2025_03_20_close_1700_PT,2025-03-20 17:00:00-07:00,2025-03-20 14:37:22.328710+00:00,0.53,2025-03-20 07:37:22.328710-07:00
KXNBAEAST-25-IND,2025-03-21 00:00:00+00:00,2025_03_20_close_1700_PT,2025-03-20 17:00:00-07:00,2025-03-06 12:33:13.620263+00:00,0.02,2025-03-06 04:33:13.620263-08:00
KXNBAEAST-25-NYK,2025-03-21 00:00:00+00:00,2025_03_20_close_1700_PT,2025-03-20 17:00:00-07:00,2025-03-20 23:21:32.093134+00:00,0.06,2025-03-20 16:21:32.093134-07:00
KXNBAWEST-25-DEN,2025-03-21 00:00:00+00:00,2025_03_20_close_1700_PT,2025-03-20 17:00:00-07:00,2025-03-20 15:29:26.510912+00:00,0.1,2025-03-20 08:29:26.510912-07:00
KXNBAWEST-25-MIN,2025-03-21 00:00:00+00:00,2025_03_20_close_1700_PT,2025-03-20 17:00:00-07:00,2025-03-20 14:36:58.016019+00:00,0.05,2025-03-20 07:36:58.016019-07:00
KXNBAWEST-25-OKC,2025-03-21 00:00:00+00:00,2025_03_20_close_1700_PT,2025-03-20 17:00:00-07:00,2025-03-20 18:06:41.286778+00:00,0.54,2025-03-20 11:06:41.286778-07:00
KXNCAAF-26-OSU,2025-03-21 00:00:00+00:00,2025_03_20_close_1700_PT,2025-03-20 17:00:00-07:00,2025-03-20 16:15:19.205391+00:00,0.17,2025-03-20 09:15:19.205391-07:00
KXNHL-25-EDM,2025-03-21 00:00:00+00:00,2025_03_20_close_1700_PT,2025-03-20 17:00:00-07:00,2025-03-20 10:48:57.348402+00:00,0.08,2025-03-20 03:48:57.348402-07:00
KXNHL-25-FLA,2025-03-21 00:00:00+00:00,2025_03_20_close_1700_PT,2025-03-20 17:00:00-07:00,2025-03-19 07:52:26.186341+00:00,0.12,2025-03-19 00:52:26.186341-07:00
KXNOBELPEACE-25-DJT,2025-03-21 00:00:00+00:00,2025_03_20_close_1700_PT,2025-03-20 17:00:00-07:00,2025-03-20 21:29:55.411232+00:00,0.09,2025-03-20 14:29:55.411232-07:00
KXPGA-25-BD,2025-03-21 00:00:00+00:00,2025_03_20_close_1700_PT,2025-03-20 17:00:00-07:00,2025-03-20 12:28:07.193994+00:00,0.06,2025-03-20 05:28:07.193994-07:00
KXPGA-25-RM,2025-03-21 00:00:00+00:00,2025_03_20_close_1700_PT,2025-03-20 17:00:00-07:00,2025-03-17 06:51:34.549524+00:00,0.13,2025-03-16 23:51:34.549524-07:00
KXPGA-25-SS,2025-03-21 00:00:00+00:00,2025_03_20_close_1700_PT,2025-03-20 17:00:00-07:00,2025-03-18 17:10:19.348528+00:00,0.18,2025-03-18 10:10:19.348528-07:00
KXRATECUTCOUNT-25DEC31-T0,2025-03-21 00:00:00+00:00,2025_03_20_close_1700_PT,2025-03-20 17:00:00-07:00,2025-03-20 13:32:18.716407+00:00,0.12,2025-03-20 06:32:18.716407-07:00
KXRATECUTCOUNT-25DEC31-T1,2025-03-21 00:00:00+00:00,2025_03_20_close_1700_PT,2025-03-20 17:00:00-07:00,2025-03-20 15:52:16.643639+00:00,0.17,2025-03-20 08:52:16.643639-07:00
KXRATECUTCOUNT-25DEC31-T2,2025-03-21 00:00:00+00:00,2025_03_20_close_1700_PT,2025-03-20 17:00:00-07:00,2025-03-20 23:26:14.226865+00:00,0.25,2025-03-20 16:26:14.226865-07:00
KXRATECUTCOUNT-25DEC31-T3,2025-03-21 00:00:00+00:00,2025_03_20_close_1700_PT,2025-03-20 17:00:00-07:00,2025-03-20 18:38:13.203945+00:00,0.2,2025-03-20 11:38:13.203945-07:00
KXSB-26-BAL,2025-03-21 00:00:00+00:00,2025_03_20_close_1700_PT,2025-03-20 17:00:00-07:00,2025-03-20 17:12:44.891589+00:00,0.1,2025-03-20 10:12:44.891589-07:00
KXSB-26-BUF,2025-03-21 00:00:00+00:00,2025_03_20_close_1700_PT,2025-03-20 17:00:00-07:00,2025-03-20 14:37:07.721532+00:00,0.11,2025-03-20 07:37:07.721532-07:00
KXSB-26-GB,2025-03-21 00:00:00+00:00,2025_03_20_close_1700_PT,2025-03-20 17:00:00-07:00,2025-03-18 18:00:55.371384+00:00,0.03,2025-03-18 11:00:55.371384-07:00
KXSB-26-KC,2025-03-21 00:00:00+00:00,2025_03_20_close_1700_PT,2025-03-20 17:00:00-07:00,2025-03-20 19:05:44.299792+00:00,0.11,2025-03-20 12:05:44.299792-07:00
KXSB-26-PHI,2025-03-21 00:00:00+00:00,2025_03_20_close_1700_PT,2025-03-20 17:00:00-07:00,2025-03-20 14:37:09.185293+00:00,0.11,2025-03-20 07:37:09.185293-07:00
KXSB-26-SEA,2025-03-21 00:00:00+00:00,2025_03_20_close_1700_PT,2025-03-20 17:00:00-07:00,2025-03-18 11:58:49.814166+00:00,0.01,2025-03-18 04:58:49.814166-07:00
KXTHEOPEN-25-RM,2025-03-21 00:00:00+00:00,2025_03_20_close_1700_PT,2025-03-20 17:00:00-07:00,2025-03-17 06:51:46.908818+00:00,0.13,2025-03-16 23:51:46.908818-07:00
KXTHEOPEN-25-SS,2025-03-21 00:00:00+00:00,2025_03_20_close_1700_PT,2025-03-20 17:00:00-07:00,2025-03-19 13:50:52.461671+00:00,0.21,2025-03-19 06:50:52.461671-07:00
KXTOPARTIST-25-BB,2025-03-21 00:00:00+00:00,2025_03_20_close_1700_PT,2025-03-20 17:00:00-07:00,2025-03-20 12:20:35.549909+00:00,0.44,2025-03-20 05:20:35.549909-07:00
KXTOPARTIST-25-TS,2025-03-21 00:00:00+00:00,2025_03_20_close_1700_PT,2025-03-20 17:00:00-07:00,2025-03-19 16:28:51.892594+00:00,0.43,2025-03-19 09:28:51.892594-07:00
KXUEFACL-25-IM,2025-03-21 00:00:00+00:00,2025_03_20_close_1700_PT,2025-03-20 17:00:00-07:00,2025-03-17 17:10:01.571900+00:00,0.08,2025-03-17 10:10:01.571900-07:00
KXUEFACL-25-PSG,2025-03-21 00:00:00+00:00,2025_03_20_close_1700_PT,2025-03-20 17:00:00-07:00,2025-03-20 13:39:17.485976+00:00,0.21,2025-03-20 06:39:17.485976-07:00
KXUSOMENSINGLES-25-CA,2025-03-21 00:00:00+00:00,2025_03_20_close_1700_PT,2025-03-20 17:00:00-07:00,2025-03-17 18:29:54.515804+00:00,0.25,2025-03-17 11:29:54.515804-07:00
KXUSOMENSINGLES-25-JS,2025-03-21 00:00:00+00:00,2025_03_20_close_1700_PT,2025-03-20 17:00:00-07:00,2025-03-17 21:16:11.250164+00:00,0.38,2025-03-17 14:16:11.250164-07:00
KXUSOMENSINGLES-25-ND,2025-03-21 00:00:00+00:00,2025_03_20_close_1700_PT,2025-03-20 17:00:00-07:00,2025-03-19 07:01:50.304458+00:00,0.13,2025-03-19 00:01:50.304458-07:00
KXUSOPEN-25-BD,2025-03-21 00:00:00+00:00,2025_03_20_close_1700_PT,2025-03-20 17:00:00-07:00,2025-03-20 19:46:26.235332+00:00,0.07,2025-03-20 12:46:26.235332-07:00
KXUSOPEN-25-BK,2025-03-21 00:00:00+00:00,2025_03_20_close_1700_PT,2025-03-20 17:00:00-07:00,2025-03-20 08:18:27.580179+00:00,0.05,2025-03-20 01:18:27.580179-07:00
KXUSOPEN-25-RM,2025-03-21 00:00:00+00:00,2025_03_20_close_1700_PT,2025-03-20 17:00:00-07:00,2025-03-18 13:11:20.857729+00:00,0.1,2025-03-18 06:11:20.857729-07:00
KXUSOPEN-25-RMAC,2025-03-21 00:00:00+00:00,2025_03_20_close_1700_PT,2025-03-20 17:00:00-07:00,2025-02-13 20:06:17.379384+00:00,0.03,2025-02-13 12:06:17.379384-08:00
KXUSOPEN-25-SS,2025-03-21 00:00:00+00:00,2025_03_20_close_1700_PT,2025-03-20 17:00:00-07:00,2025-03-20 14:37:21.348982+00:00,0.15,2025-03-20 07:37:21.348982-07:00
KXUSOPEN-25-VH,2025-03-21 00:00:00+00:00,2025_03_20_close_1700_PT,2025-03-20 17:00:00-07:00,2025-03-19 14:34:48.583482+00:00,0.05,2025-03-19 07:34:48.583482-07:00
KXWMENSINGLES-25-CA,2025-03-21 00:00:00+00:00,2025_03_20_close_1700_PT,2025-03-20 17:00:00-07:00,2025-03-19 12:14:06.749595+00:00,0.37,2025-03-19 05:14:06.749595-07:00
KXWMENSINGLES-25-JS,2025-03-21 00:00:00+00:00,2025_03_20_close_1700_PT,2025-03-20 17:00:00-07:00,2025-03-17 16:56:46.527365+00:00,0.29,2025-03-17 09:56:46.527365-07:00
KXWMENSINGLES-25-ND,2025-03-21 00:00:00+00:00,2025_03_20_close_1700_PT,2025-03-20 17:00:00-07:00,2025-03-14 19:29:15.505737+00:00,0.15,2025-03-14 12:29:15.505737-07:00
KXWMENSINGLES-25-TF,2025-03-21 00:00:00+00:00,2025_03_20_close_1700_PT,2025-03-20 17:00:00-07:00,,,
LEAVEPOWELL-25-DEC31,2025-03-21 00:00:00+00:00,2025_03_20_close_1700_PT,2025-03-20 17:00:00-07:00,2025-03-20 08:22:54.610174+00:00,0.19,2025-03-20 01:22:54.610174-07:00
RECSSNBER-25,2025-03-21 00:00:00+00:00,2025_03_20_close_1700_PT,2025-03-20 17:00:00-07:00,2025-03-20 20:14:20.128690+00:00,0.36,2025-03-20 13:14:20.128690-07:00
FED-25MAY-T4.00,2025-03-21 12:00:00+00:00,2025_03_21_open_0500_PT,2025-03-21 05:00:00-07:00,2025-03-21 11:59:08.624008+00:00,0.94,2025-03-21 04:59:08.624008-07:00
FED-25MAY-T4.25,2025-03-21 12:00:00+00:00,2025_03_21_open_0500_PT,2025-03-21 05:00:00-07:00,2025-03-21 11:59:01.735191+00:00,0.8,2025-03-21 04:59:01.735191-07:00
GOVPARTYNJ-25-D,2025-03-21 12:00:00+00:00,2025_03_21_open_0500_PT,2025-03-21 05:00:00-07:00,2025-03-20 19:52:14.197750+00:00,0.72,2025-03-20 12:52:14.197750-07:00
GOVPARTYNJ-25-R,2025-03-21 12:00:00+00:00,2025_03_21_open_0500_PT,2025-03-21 05:00:00-07:00,2025-03-20 14:36:54.523044+00:00,0.28,2025-03-20 07:36:54.523044-07:00
GOVPARTYVA-25-R,2025-03-21 12:00:00+00:00,2025_03_21_open_0500_PT,2025-03-21 05:00:00-07:00,2025-03-21 10:39:14.913810+00:00,0.1,2025-03-21 03:39:14.913810-07:00
KXBTCMAX150-25-DEC31-149999.99,2025-03-21 12:00:00+00:00,2025_03_21_open_0500_PT,2025-03-21 05:00:00-07:00,2025-03-21 07:24:42.364437+00:00,0.26,2025-03-21 00:24:42.364437-07:00
KXBTCMAXY-25-DEC31-124999.99,2025-03-21 12:00:00+00:00,2025_03_21_open_0500_PT,2025-03-21 05:00:00-07:00,2025-03-21 11:26:52.643161+00:00,0.44,2025-03-21 04:26:52.643161-07:00
KXBTCMAXY-25-DEC31-149999.99,2025-03-21 12:00:00+00:00,2025_03_21_open_0500_PT,2025-03-21 05:00:00-07:00,2025-03-21 11:25:45.375205+00:00,0.27,2025-03-21 04:25:45.375205-07:00
KXBTCRESERVE-26-JAN01,2025-03-21 12:00:00+00:00,2025_03_21_open_0500_PT,2025-03-21 05:00:00-07:00,2025-03-21 10:52:43.832703+00:00,0.51,2025-03-21 03:52:43.832703-07:00
KXCANADAPM-45-C,2025-03-21 12:00:00+00:00,2025_03_21_open_0500_PT,2025-03-21 05:00:00-07:00,2025-03-21 11:52:12.455695+00:00,0.41,2025-03-21 04:52:12.455695-07:00
KXCANADAPM-45-L,2025-03-21 12:00:00+00:00,2025_03_21_open_0500_PT,2025-03-21 05:00:00-07:00,2025-03-21 11:33:32.735241+00:00,0.6,2025-03-21 04:33:32.735241-07:00
KXCPIYOY-25APR-T2.4,2025-03-21 12:00:00+00:00,2025_03_21_open_0500_PT,2025-03-21 05:00:00-07:00,2025-03-21 08:10:59.856677+00:00,0.71,2025-03-21 01:10:59.856677-07:00
KXCPIYOY-25APR-T2.5,2025-03-21 12:00:00+00:00,2025_03_21_open_0500_PT,2025-03-21 05:00:00-07:00,2025-03-21 08:10:13.622844+00:00,0.43,2025-03-21 01:10:13.622844-07:00
KXDOED-26-JAN01,2025-03-21 12:00:00+00:00,2025_03_21_open_0500_PT,2025-03-21 05:00:00-07:00,2025-03-21 11:30:51.762773+00:00,0.2,2025-03-21 04:30:51.762773-07:00
KXEPSTEIN-25,2025-03-21 12:00:00+00:00,2025_03_21_open_0500_PT,2025-03-21 05:00:00-07:00,2025-03-21 11:51:47.229416+00:00,0.3,2025-03-21 04:51:47.229416-07:00
KXETHMAXY-25DEC31-4999.99,2025-03-21 12:00:00+00:00,2025_03_21_open_0500_PT,2025-03-21 05:00:00-07:00,2025-03-19 12:33:50.369994+00:00,0.2,2025-03-19 05:33:50.369994-07:00
KXFEDDECISION-25MAY-C25,2025-03-21 12:00:00+00:00,2025_03_21_open_0500_PT,2025-03-21 05:00:00-07:00,2025-03-21 10:50:34.905888+00:00,0.19,2025-03-21 03:50:34.905888-07:00
KXFEDDECISION-25MAY-C26,2025-03-21 12:00:00+00:00,2025_03_21_open_0500_PT,2025-03-21 05:00:00-07:00,2025-03-21 09:59:23.686484+00:00,0.04,2025-03-21 02:59:23.686484-07:00
KXFEDDECISION-25MAY-H0,2025-03-21 12:00:00+00:00,2025_03_21_open_0500_PT,2025-03-21 05:00:00-07:00,2025-03-21 10:54:00.759790+00:00,0.81,2025-03-21 03:54:00.759790-07:00
KXFOMENSINGLES-25-CA,2025-03-21 12:00:00+00:00,2025_03_21_open_0500_PT,2025-03-21 05:00:00-07:00,2025-03-21 09:44:17.687313+00:00,0.42,2025-03-21 02:44:17.687313-07:00
KXFOMENSINGLES-25-JS,2025-03-21 12:00:00+00:00,2025_03_21_open_0500_PT,2025-03-21 05:00:00-07:00,2025-03-17 17:22:15.114911+00:00,0.23,2025-03-17 10:22:15.114911-07:00
KXFOMENSINGLES-25-ND,2025-03-21 12:00:00+00:00,2025_03_21_open_0500_PT,2025-03-21 05:00:00-07:00,2025-03-08 17:49:54.374770+00:00,0.12,2025-03-08 09:49:54.374770-08:00
KXFOWOMENSINGLES-25-AS,2025-03-21 12:00:00+00:00,2025_03_21_open_0500_PT,2025-03-21 05:00:00-07:00,2025-03-21 11:25:09.035040+00:00,0.14,2025-03-21 04:25:09.035040-07:00
KXFOWOMENSINGLES-25-CG,2025-03-21 12:00:00+00:00,2025_03_21_open_0500_PT,2025-03-21 05:00:00-07:00,2025-02-10 18:42:35.041176+00:00,0.08,2025-02-10 10:42:35.041176-08:00
KXLEAGUEWORLDS-25-T1,2025-03-21 12:00:00+00:00,2025_03_21_open_0500_PT,2025-03-21 05:00:00-07:00,2025-03-20 06:42:26.116549+00:00,0.22,2025-03-19 23:42:26.116549-07:00
KXLLM1-25DEC31-XAI,2025-03-21 12:00:00+00:00,2025_03_21_open_0500_PT,2025-03-21 05:00:00-07:00,2025-03-21 05:09:26.589479+00:00,0.35,2025-03-20 22:09:26.589479-07:00
KXMARMAD-25-AU,2025-03-21 12:00:00+00:00,2025_03_21_open_0500_PT,2025-03-21 05:00:00-07:00,2025-03-21 11:58:56.848835+00:00,0.15,2025-03-21 04:58:56.848835-07:00
KXMARMAD-25-DU,2025-03-21 12:00:00+00:00,2025_03_21_open_0500_PT,2025-03-21 05:00:00-07:00,2025-03-21 11:58:31.548339+00:00,0.25,2025-03-21 04:58:31.548339-07:00
KXMARMAD-25-FL,2025-03-21 12:00:00+00:00,2025_03_21_open_0500_PT,2025-03-21 05:00:00-07:00,2025-03-21 11:59:28.224097+00:00,0.22,2025-03-21 04:59:28.224097-07:00
KXMARMAD-25-HOU,2025-03-21 12:00:00+00:00,2025_03_21_open_0500_PT,2025-03-21 05:00:00-07:00,2025-03-21 11:59:47.584220+00:00,0.14,2025-03-21 04:59:47.584220-07:00
KXMASTERS-25-BD,2025-03-21 12:00:00+00:00,2025_03_21_open_0500_PT,2025-03-21 05:00:00-07:00,2025-03-20 15:37:02.419072+00:00,0.06,2025-03-20 08:37:02.419072-07:00
KXMASTERS-25-CM,2025-03-21 12:00:00+00:00,2025_03_21_open_0500_PT,2025-03-21 05:00:00-07:00,2025-03-19 10:54:39.245994+00:00,0.06,2025-03-19 03:54:39.245994-07:00
KXMASTERS-25-LA,2025-03-21 12:00:00+00:00,2025_03_21_open_0500_PT,2025-03-21 05:00:00-07:00,2025-03-20 14:53:22.200438+00:00,0.07,2025-03-20 07:53:22.200438-07:00
KXMASTERS-25-RM,2025-03-21 12:00:00+00:00,2025_03_21_open_0500_PT,2025-03-21 05:00:00-07:00,2025-03-21 11:31:47.212652+00:00,0.13,2025-03-21 04:31:47.212652-07:00
KXMASTERS-25-SS,2025-03-21 12:00:00+00:00,2025_03_21_open_0500_PT,2025-03-21 05:00:00-07:00,2025-03-21 09:14:44.151145+00:00,0.17,2025-03-21 02:14:44.151145-07:00
KXMAYORNYCNOMD-25-AC,2025-03-21 12:00:00+00:00,2025_03_21_open_0500_PT,2025-03-21 05:00:00-07:00,2025-03-21 08:33:43.963379+00:00,0.72,2025-03-21 01:33:43.963379-07:00
KXMAYORNYCNOMD-25-ZM,2025-03-21 12:00:00+00:00,2025_03_21_open_0500_PT,2025-03-21 05:00:00-07:00,2025-03-21 11:46:45.462143+00:00,0.1,2025-03-21 04:46:45.462143-07:00
KXMAYORNYCPARTY-25-D,2025-03-21 12:00:00+00:00,2025_03_21_open_0500_PT,2025-03-21 05:00:00-07:00,2025-03-16 16:56:03.125329+00:00,0.93,2025-03-16 09:56:03.125329-07:00
KXMAYORNYCPARTY-25-R,2025-03-21 12:00:00+00:00,2025_03_21_open_0500_PT,2025-03-21 05:00:00-07:00,2025-03-18 20:49:23.852039+00:00,0.08,2025-03-18 13:49:23.852039-07:00
KXMLB-25-LAD,2025-03-21 12:00:00+00:00,2025_03_21_open_0500_PT,2025-03-21 05:00:00-07:00,2025-03-20 19:38:06.712382+00:00,0.27,2025-03-20 12:38:06.712382-07:00
KXMLB-25-MIL,2025-03-21 12:00:00+00:00,2025_03_21_open_0500_PT,2025-03-21 05:00:00-07:00,2025-03-10 06:18:13.923662+00:00,0.02,2025-03-09 23:18:13.923662-07:00
KXMLB-25-PHI,2025-03-21 12:00:00+00:00,2025_03_21_open_0500_PT,2025-03-21 05:00:00-07:00,2025-03-18 19:14:52.272018+00:00,0.05,2025-03-18 12:14:52.272018-07:00
KXMLB-25-SEA,2025-03-21 12:00:00+00:00,2025_03_21_open_0500_PT,2025-03-21 05:00:00-07:00,2025-03-11 23:27:34.973762+00:00,0.03,2025-03-11 16:27:34.973762-07:00
KXMLB-25-TOR,2025-03-21 12:00:00+00:00,2025_03_21_open_0500_PT,2025-03-21 05:00:00-07:00,2025-03-19 09:35:36.518877+00:00,0.02,2025-03-19 02:35:36.518877-07:00
KXMLBAL-25-SEA,2025-03-21 12:00:00+00:00,2025_03_21_open_0500_PT,2025-03-21 05:00:00-07:00,2025-03-19 20:26:22.360788+00:00,0.1,2025-03-19 13:26:22.360788-07:00
KXMLBAL-25-TOR,2025-03-21 12:00:00+00:00,2025_03_21_open_0500_PT,2025-03-21 05:00:00-07:00,2025-03-14 15:24:14.606706+00:00,0.02,2025-03-14 08:24:14.606706-07:00
KXMLBNL-25-LAD,2025-03-21 12:00:00+00:00,2025_03_21_open_0500_PT,2025-03-21 05:00:00-07:00,2025-03-21 07:18:22.174972+00:00,0.37,2025-03-21 00:18:22.174972-07:00
KXNBA-25-BOS,2025-03-21 12:00:00+00:00,2025_03_21_open_0500_PT,2025-03-21 05:00:00-07:00,2025-03-21 07:41:18.388382+00:00,0.28,2025-03-21 00:41:18.388382-07:00
KXNBA-25-CLE,2025-03-21 12:00:00+00:00,2025_03_21_open_0500_PT,2025-03-21 05:00:00-07:00,2025-03-20 21:22:54.144433+00:00,0.15,2025-03-20 14:22:54.144433-07:00
KXNBA-25-DEN,2025-03-21 12:00:00+00:00,2025_03_21_open_0500_PT,2025-03-21 05:00:00-07:00,2025-03-20 07:58:20.519011+00:00,0.06,2025-03-20 00:58:20.519011-07:00
KXNBA-25-GSW,2025-03-21 12:00:00+00:00,2025_03_21_open_0500_PT,2025-03-21 05:00:00-07:00,2025-03-21 09:30:44.523253+00:00,0.07,2025-03-21 02:30:44.523253-07:00
KXNBA-25-IND,2025-03-21 12:00:00+00:00,2025_03_21_open_0500_PT,2025-03-21 05:00:00-07:00,2025-03-13 13:14:25.254451+00:00,0.01,2025-03-13 06:14:25.254451-07:00
KXNBA-25-LAL,2025-03-21 12:00:00+00:00,2025_03_21_open_0500_PT,2025-03-21 05:00:00-07:00,2025-03-21 11:12:57.426695+00:00,0.09,2025-03-21 04:12:57.426695-07:00
KXNBA-25-MIN,2025-03-21 12:00:00+00:00,2025_03_21_open_0500_PT,2025-03-21 05:00:00-07:00,2025-03-20 09:21:29.946374+00:00,0.02,2025-03-20 02:21:29.946374-07:00
KXNBA-25-NYK,2025-03-21 12:00:00+00:00,2025_03_21_open_0500_PT,2025-03-21 05:00:00-07:00,2025-03-20 13:26:14.644096+00:00,0.03,2025-03-20 06:26:14.644096-07:00
KXNBA-25-OKC,2025-03-21 12:00:00+00:00,2025_03_21_open_0500_PT,2025-03-21 05:00:00-07:00,2025-03-21 11:12:29.051663+00:00,0.31,2025-03-21 04:12:29.051663-07:00
KXNBAEAST-25-BOS,2025-03-21 12:00:00+00:00,2025_03_21_open_0500_PT,2025-03-21 05:00:00-07:00,2025-03-20 14:37:22.328710+00:00,0.53,2025-03-20 07:37:22.328710-07:00
KXNBAEAST-25-IND,2025-03-21 12:00:00+00:00,2025_03_21_open_0500_PT,2025-03-21 05:00:00-07:00,2025-03-06 12:33:13.620263+00:00,0.02,2025-03-06 04:33:13.620263-08:00
KXNBAEAST-25-NYK,2025-03-21 12:00:00+00:00,2025_03_21_open_0500_PT,2025-03-21 05:00:00-07:00,2025-03-21 05:54:10.988330+00:00,0.06,2025-03-20 22:54:10.988330-07:00
KXNBAWEST-25-DEN,2025-03-21 12:00:00+00:00,2025_03_21_open_0500_PT,2025-03-21 05:00:00-07:00,2025-03-20 15:29:26.510912+00:00,0.1,2025-03-20 08:29:26.510912-07:00
KXNBAWEST-25-MIN,2025-03-21 12:00:00+00:00,2025_03_21_open_0500_PT,2025-03-21 05:00:00-07:00,2025-03-20 14:36:58.016019+00:00,0.05,2025-03-20 07:36:58.016019-07:00
KXNBAWEST-25-OKC,2025-03-21 12:00:00+00:00,2025_03_21_open_0500_PT,2025-03-21 05:00:00-07:00,2025-03-21 08:37:01.849482+00:00,0.54,2025-03-21 01:37:01.849482-07:00
KXNCAAF-26-OSU,2025-03-21 12:00:00+00:00,2025_03_21_open_0500_PT,2025-03-21 05:00:00-07:00,2025-03-20 16:15:19.205391+00:00,0.17,2025-03-20 09:15:19.205391-07:00
KXNHL-25-EDM,2025-03-21 12:00:00+00:00,2025_03_21_open_0500_PT,2025-03-21 05:00:00-07:00,2025-03-20 10:48:57.348402+00:00,0.08,2025-03-20 03:48:57.348402-07:00
KXNHL-25-FLA,2025-03-21 12:00:00+00:00,2025_03_21_open_0500_PT,2025-03-21 05:00:00-07:00,2025-03-19 07:52:26.186341+00:00,0.12,2025-03-19 00:52:26.186341-07:00
KXNOBELPEACE-25-DJT,2025-03-21 12:00:00+00:00,2025_03_21_open_0500_PT,2025-03-21 05:00:00-07:00,2025-03-21 11:50:18.807012+00:00,0.09,2025-03-21 04:50:18.807012-07:00
KXPGA-25-BD,2025-03-21 12:00:00+00:00,2025_03_21_open_0500_PT,2025-03-21 05:00:00-07:00,2025-03-20 12:28:07.193994+00:00,0.06,2025-03-20 05:28:07.193994-07:00
KXPGA-25-RM,2025-03-21 12:00:00+00:00,2025_03_21_open_0500_PT,2025-03-21 05:00:00-07:00,2025-03-21 11:31:09.126921+00:00,0.13,2025-03-21 04:31:09.126921-07:00
KXPGA-25-SS,2025-03-21 12:00:00+00:00,2025_03_21_open_0500_PT,2025-03-21 05:00:00-07:00,2025-03-18 17:10:19.348528+00:00,0.18,2025-03-18 10:10:19.348528-07:00
KXRATECUTCOUNT-25DEC31-T0,2025-03-21 12:00:00+00:00,2025_03_21_open_0500_PT,2025-03-21 05:00:00-07:00,2025-03-21 05:37:30.403231+00:00,0.14,2025-03-20 22:37:30.403231-07:00
KXRATECUTCOUNT-25DEC31-T1,2025-03-21 12:00:00+00:00,2025_03_21_open_0500_PT,2025-03-21 05:00:00-07:00,2025-03-21 10:38:27.670366+00:00,0.17,2025-03-21 03:38:27.670366-07:00
KXRATECUTCOUNT-25DEC31-T2,2025-03-21 12:00:00+00:00,2025_03_21_open_0500_PT,2025-03-21 05:00:00-07:00,2025-03-21 07:54:34.683994+00:00,0.25,2025-03-21 00:54:34.683994-07:00
KXRATECUTCOUNT-25DEC31-T3,2025-03-21 12:00:00+00:00,2025_03_21_open_0500_PT,2025-03-21 05:00:00-07:00,2025-03-21 11:32:28.635795+00:00,0.19,2025-03-21 04:32:28.635795-07:00
KXSB-26-BAL,2025-03-21 12:00:00+00:00,2025_03_21_open_0500_PT,2025-03-21 05:00:00-07:00,2025-03-20 17:12:44.891589+00:00,0.1,2025-03-20 10:12:44.891589-07:00
KXSB-26-BUF,2025-03-21 12:00:00+00:00,2025_03_21_open_0500_PT,2025-03-21 05:00:00-07:00,2025-03-20 14:37:07.721532+00:00,0.11,2025-03-20 07:37:07.721532-07:00
KXSB-26-GB,2025-03-21 12:00:00+00:00,2025_03_21_open_0500_PT,2025-03-21 05:00:00-07:00,2025-03-18 18:00:55.371384+00:00,0.03,2025-03-18 11:00:55.371384-07:00
KXSB-26-KC,2025-03-21 12:00:00+00:00,2025_03_21_open_0500_PT,2025-03-21 05:00:00-07:00,2025-03-20 19:05:44.299792+00:00,0.11,2025-03-20 12:05:44.299792-07:00
KXSB-26-PHI,2025-03-21 12:00:00+00:00,2025_03_21_open_0500_PT,2025-03-21 05:00:00-07:00,2025-03-20 14:37:09.185293+00:00,0.11,2025-03-20 07:37:09.185293-07:00
KXSB-26-SEA,2025-03-21 12:00:00+00:00,2025_03_21_open_0500_PT,2025-03-21 05:00:00-07:00,2025-03-18 11:58:49.814166+00:00,0.01,2025-03-18 04:58:49.814166-07:00
KXTHEOPEN-25-RM,2025-03-21 12:00:00+00:00,2025_03_21_open_0500_PT,2025-03-21 05:00:00-07:00,2025-03-21 11:30:47.685040+00:00,0.13,2025-03-21 04:30:47.685040-07:00
KXTHEOPEN-25-SS,2025-03-21 12:00:00+00:00,2025_03_21_open_0500_PT,2025-03-21 05:00:00-07:00,2025-03-21 11:30:31.056877+00:00,0.2,2025-03-21 04:30:31.056877-07:00
KXTOPARTIST-25-BB,2025-03-21 12:00:00+00:00,2025_03_21_open_0500_PT,2025-03-21 05:00:00-07:00,2025-03-21 06:05:23.625617+00:00,0.53,2025-03-20 23:05:23.625617-07:00
KXTOPARTIST-25-TS,2025-03-21 12:00:00+00:00,2025_03_21_open_0500_PT,2025-03-21 05:00:00-07:00,2025-03-19 16:28:51.892594+00:00,0.43,2025-03-19 09:28:51.892594-07:00
KXUEFACL-25-IM,2025-03-21 12:00:00+00:00,2025_03_21_open_0500_PT,2025-03-21 05:00:00-07:00,2025-03-17 17:10:01.571900+00:00,0.08,2025-03-17 10:10:01.571900-07:00
KXUEFACL-25-PSG,2025-03-21 12:00:00+00:00,2025_03_21_open_0500_PT,2025-03-21 05:00:00-07:00,2025-03-21 11:25:31.535768+00:00,0.21,2025-03-21 04:25:31.535768-07:00
KXUSOMENSINGLES-25-CA,2025-03-21 12:00:00+00:00,2025_03_21_open_0500_PT,2025-03-21 05:00:00-07:00,2025-03-17 18:29:54.515804+00:00,0.25,2025-03-17 11:29:54.515804-07:00
KXUSOMENSINGLES-25-JS,2025-03-21 12:00:00+00:00,2025_03_21_open_0500_PT,2025-03-21 05:00:00-07:00,2025-03-17 21:16:11.250164+00:00,0.38,2025-03-17 14:16:11.250164-07:00
KXUSOMENSINGLES-25-ND,2025-03-21 12:00:00+00:00,2025_03_21_open_0500_PT,2025-03-21 05:00:00-07:00,2025-03-19 07:01:50.304458+00:00,0.13,2025-03-19 00:01:50.304458-07:00
KXUSOPEN-25-BD,2025-03-21 12:00:00+00:00,2025_03_21_open_0500_PT,2025-03-21 05:00:00-07:00,2025-03-20 19:46:26.235332+00:00,0.07,2025-03-20 12:46:26.235332-07:00
KXUSOPEN-25-BK,2025-03-21 12:00:00+00:00,2025_03_21_open_0500_PT,2025-03-21 05:00:00-07:00,2025-03-20 08:18:27.580179+00:00,0.05,2025-03-20 01:18:27.580179-07:00
KXUSOPEN-25-RM,2025-03-21 12:00:00+00:00,2025_03_21_open_0500_PT,2025-03-21 05:00:00-07:00,2025-03-21 11:31:31.782680+00:00,0.11,2025-03-21 04:31:31.782680-07:00
KXUSOPEN-25-RMAC,2025-03-21 12:00:00+00:00,2025_03_21_open_0500_PT,2025-03-21 05:00:00-07:00,2025-02-13 20:06:17.379384+00:00,0.03,2025-02-13 12:06:17.379384-08:00
KXUSOPEN-25-SS,2025-03-21 12:00:00+00:00,2025_03_21_open_0500_PT,2025-03-21 05:00:00-07:00,2025-03-20 14:37:21.348982+00:00,0.15,2025-03-20 07:37:21.348982-07:00
KXUSOPEN-25-VH,2025-03-21 12:00:00+00:00,2025_03_21_open_0500_PT,2025-03-21 05:00:00-07:00,2025-03-19 14:34:48.583482+00:00,0.05,2025-03-19 07:34:48.583482-07:00
KXWMENSINGLES-25-CA,2025-03-21 12:00:00+00:00,2025_03_21_open_0500_PT,2025-03-21 05:00:00-07:00,2025-03-19 12:14:06.749595+00:00,0.37,2025-03-19 05:14:06.749595-07:00
KXWMENSINGLES-25-JS,2025-03-21 12:00:00+00:00,2025_03_21_open_0500_PT,2025-03-21 05:00:00-07:00,2025-03-17 16:56:46.527365+00:00,0.29,2025-03-17 09:56:46.527365-07:00
KXWMENSINGLES-25-ND,2025-03-21 12:00:00+00:00,2025_03_21_open_0500_PT,2025-03-21 05:00:00-07:00,2025-03-14 19:29:15.505737+00:00,0.15,2025-03-14 12:29:15.505737-07:00
KXWMENSINGLES-25-TF,2025-03-21 12:00:00+00:00,2025_03_21_open_0500_PT,2025-03-21 05:00:00-07:00,,,
LEAVEPOWELL-25-DEC31,2025-03-21 12:00:00+00:00,2025_03_21_open_0500_PT,2025-03-21 05:00:00-07:00,2025-03-20 08:22:54.610174+00:00,0.19,2025-03-20 01:22:54.610174-07:00
RECSSNBER-25,2025-03-21 12:00:00+00:00,2025_03_21_open_0500_PT,2025-03-21 05:00:00-07:00,2025-03-20 20:14:20.128690+00:00,0.36,2025-03-20 13:14:20.128690-07:00
FED-25MAY-T4.00,2025-03-22 00:00:00+00:00,2025_03_21_close_1700_PT,2025-03-21 17:00:00-07:00,2025-03-21 23:44:11.023062+00:00,0.96,2025-03-21 16:44:11.023062-07:00
FED-25MAY-T4.25,2025-03-22 00:00:00+00:00,2025_03_21_close_1700_PT,2025-03-21 17:00:00-07:00,2025-03-21 23:54:42.025760+00:00,0.82,2025-03-21 16:54:42.025760-07:00
GOVPARTYNJ-25-D,2025-03-22 00:00:00+00:00,2025_03_21_close_1700_PT,2025-03-21 17:00:00-07:00,2025-03-21 22:29:28.920218+00:00,0.72,2025-03-21 15:29:28.920218-07:00
GOVPARTYNJ-25-R,2025-03-22 00:00:00+00:00,2025_03_21_close_1700_PT,2025-03-21 17:00:00-07:00,2025-03-21 16:44:03.567635+00:00,0.29,2025-03-21 09:44:03.567635-07:00
GOVPARTYVA-25-R,2025-03-22 00:00:00+00:00,2025_03_21_close_1700_PT,2025-03-21 17:00:00-07:00,2025-03-21 16:48:13.612156+00:00,0.14,2025-03-21 09:48:13.612156-07:00
KXBTCMAX150-25-DEC31-149999.99,2025-03-22 00:00:00+00:00,2025_03_21_close_1700_PT,2025-03-21 17:00:00-07:00,2025-03-21 19:52:56.672787+00:00,0.25,2025-03-21 12:52:56.672787-07:00
KXBTCMAXY-25-DEC31-124999.99,2025-03-22 00:00:00+00:00,2025_03_21_close_1700_PT,2025-03-21 17:00:00-07:00,2025-03-21 23:08:52.886880+00:00,0.4,2025-03-21 16:08:52.886880-07:00
KXBTCMAXY-25-DEC31-149999.99,2025-03-22 00:00:00+00:00,2025_03_21_close_1700_PT,2025-03-21 17:00:00-07:00,2025-03-21 18:17:22.252024+00:00,0.25,2025-03-21 11:17:22.252024-07:00
KXBTCRESERVE-26-JAN01,2025-03-22 00:00:00+00:00,2025_03_21_close_1700_PT,2025-03-21 17:00:00-07:00,2025-03-21 18:29:13.587484+00:00,0.5,2025-03-21 11:29:13.587484-07:00
KXCANADAPM-45-C,2025-03-22 00:00:00+00:00,2025_03_21_close_1700_PT,2025-03-21 17:00:00-07:00,2025-03-21 23:49:47.406244+00:00,0.41,2025-03-21 16:49:47.406244-07:00
KXCANADAPM-45-L,2025-03-22 00:00:00+00:00,2025_03_21_close_1700_PT,2025-03-21 17:00:00-07:00,2025-03-21 20:12:18.992600+00:00,0.6,2025-03-21 13:12:18.992600-07:00
KXCPIYOY-25APR-T2.4,2025-03-22 00:00:00+00:00,2025_03_21_close_1700_PT,2025-03-21 17:00:00-07:00,2025-03-21 08:10:59.856677+00:00,0.71,2025-03-21 01:10:59.856677-07:00
KXCPIYOY-25APR-T2.5,2025-03-22 00:00:00+00:00,2025_03_21_close_1700_PT,2025-03-21 17:00:00-07:00,2025-03-21 08:10:13.622844+00:00,0.43,2025-03-21 01:10:13.622844-07:00
KXDOED-26-JAN01,2025-03-22 00:00:00+00:00,2025_03_21_close_1700_PT,2025-03-21 17:00:00-07:00,2025-03-21 23:49:31.355309+00:00,0.21,2025-03-21 16:49:31.355309-07:00
KXEPSTEIN-25,2025-03-22 00:00:00+00:00,2025_03_21_close_1700_PT,2025-03-21 17:00:00-07:00,2025-03-21 23:48:28.912308+00:00,0.3,2025-03-21 16:48:28.912308-07:00
KXETHMAXY-25DEC31-4999.99,2025-03-22 00:00:00+00:00,2025_03_21_close_1700_PT,2025-03-21 17:00:00-07:00,2025-03-19 12:33:50.369994+00:00,0.2,2025-03-19 05:33:50.369994-07:00
KXFEDDECISION-25MAY-C25,2025-03-22 00:00:00+00:00,2025_03_21_close_1700_PT,2025-03-21 17:00:00-07:00,2025-03-21 23:16:14.864124+00:00,0.19,2025-03-21 16:16:14.864124-07:00
KXFEDDECISION-25MAY-C26,2025-03-22 00:00:00+00:00,2025_03_21_close_1700_PT,2025-03-21 17:00:00-07:00,2025-03-21 16:28:12.782886+00:00,0.03,2025-03-21 09:28:12.782886-07:00
KXFEDDECISION-25MAY-H0,2025-03-22 00:00:00+00:00,2025_03_21_close_1700_PT,2025-03-21 17:00:00-07:00,2025-03-21 23:29:38.693820+00:00,0.81,2025-03-21 16:29:38.693820-07:00
KXFOMENSINGLES-25-CA,2025-03-22 00:00:00+00:00,2025_03_21_close_1700_PT,2025-03-21 17:00:00-07:00,2025-03-21 21:39:43.323394+00:00,0.42,2025-03-21 14:39:43.323394-07:00
KXFOMENSINGLES-25-JS,2025-03-22 00:00:00+00:00,2025_03_21_close_1700_PT,2025-03-21 17:00:00-07:00,2025-03-17 17:22:15.114911+00:00,0.23,2025-03-17 10:22:15.114911-07:00
KXFOMENSINGLES-25-ND,2025-03-22 00:00:00+00:00,2025_03_21_close_1700_PT,2025-03-21 17:00:00-07:00,2025-03-08 17:49:54.374770+00:00,0.12,2025-03-08 09:49:54.374770-08:00
KXFOWOMENSINGLES-25-AS,2025-03-22 00:00:00+00:00,2025_03_21_close_1700_PT,2025-03-21 17:00:00-07:00,2025-03-21 11:25:09.035040+00:00,0.14,2025-03-21 04:25:09.035040-07:00
KXFOWOMENSINGLES-25-CG,2025-03-22 00:00:00+00:00,2025_03_21_close_1700_PT,2025-03-21 17:00:00-07:00,2025-02-10 18:42:35.041176+00:00,0.08,2025-02-10 10:42:35.041176-08:00
KXLEAGUEWORLDS-25-T1,2025-03-22 00:00:00+00:00,2025_03_21_close_1700_PT,2025-03-21 17:00:00-07:00,2025-03-20 06:42:26.116549+00:00,0.22,2025-03-19 23:42:26.116549-07:00
KXLLM1-25DEC31-XAI,2025-03-22 00:00:00+00:00,2025_03_21_close_1700_PT,2025-03-21 17:00:00-07:00,2025-03-21 05:09:26.589479+00:00,0.35,2025-03-20 22:09:26.589479-07:00
KXMARMAD-25-AU,2025-03-22 00:00:00+00:00,2025_03_21_close_1700_PT,2025-03-21 17:00:00-07:00,2025-03-21 23:53:30.397182+00:00,0.17,2025-03-21 16:53:30.397182-07:00
KXMARMAD-25-DU,2025-03-22 00:00:00+00:00,2025_03_21_close_1700_PT,2025-03-21 17:00:00-07:00,2025-03-21 23:54:28.394191+00:00,0.24,2025-03-21 16:54:28.394191-07:00
KXMARMAD-25-FL,2025-03-22 00:00:00+00:00,2025_03_21_close_1700_PT,2025-03-21 17:00:00-07:00,2025-03-21 23:55:05.545217+00:00,0.19,2025-03-21 16:55:05.545217-07:00
KXMARMAD-25-HOU,2025-03-22 00:00:00+00:00,2025_03_21_close_1700_PT,2025-03-21 17:00:00-07:00,2025-03-21 23:54:18.817523+00:00,0.14,2025-03-21 16:54:18.817523-07:00
KXMASTERS-25-BD,2025-03-22 00:00:00+00:00,2025_03_21_close_1700_PT,2025-03-21 17:00:00-07:00,2025-03-21 17:21:40.338625+00:00,0.04,2025-03-21 10:21:40.338625-07:00
KXMASTERS-25-CM,2025-03-22 00:00:00+00:00,2025_03_21_close_1700_PT,2025-03-21 17:00:00-07:00,2025-03-21 13:14:02.341714+00:00,0.06,2025-03-21 06:14:02.341714-07:00
KXMASTERS-25-LA,2025-03-22 00:00:00+00:00,2025_03_21_close_1700_PT,2025-03-21 17:00:00-07:00,2025-03-21 23:40:48.336512+00:00,0.07,2025-03-21 16:40:48.336512-07:00
KXMASTERS-25-RM,2025-03-22 00:00:00+00:00,2025_03_21_close_1700_PT,2025-03-21 17:00:00-07:00,2025-03-21 22:29:06.201378+00:00,0.13,2025-03-21 15:29:06.201378-07:00
KXMASTERS-25-SS,2025-03-22 00:00:00+00:00,2025_03_21_close_1700_PT,2025-03-21 17:00:00-07:00,2025-03-21 19:58:10.564942+00:00,0.17,2025-03-21 12:58:10.564942-07:00
KXMAYORNYCNOMD-25-AC,2025-03-22 00:00:00+00:00,2025_03_21_close_1700_PT,2025-03-21 17:00:00-07:00,2025-03-21 18:01:35.436325+00:00,0.73,2025-03-21 11:01:35.436325-07:00
KXMAYORNYCNOMD-25-ZM,2025-03-22 00:00:00+00:00,2025_03_21_close_1700_PT,2025-03-21 17:00:00-07:00,2025-03-21 22:21:03.830627+00:00,0.11,2025-03-21 15:21:03.830627-07:00
KXMAYORNYCPARTY-25-D,2025-03-22 00:00:00+00:00,2025_03_21_close_1700_PT,2025-03-21 17:00:00-07:00,2025-03-16 16:56:03.125329+00:00,0.93,2025-03-16 09:56:03.125329-07:00
KXMAYORNYCPARTY-25-R,2025-03-22 00:00:00+00:00,2025_03_21_close_1700_PT,2025-03-21 17:00:00-07:00,2025-03-18 20:49:23.852039+00:00,0.08,2025-03-18 13:49:23.852039-07:00
KXMLB-25-LAD,2025-03-22 00:00:00+00:00,2025_03_21_close_1700_PT,2025-03-21 17:00:00-07:00,2025-03-21 23:55:38.964265+00:00,0.27,2025-03-21 16:55:38.964265-07:00
KXMLB-25-MIL,2025-03-22 00:00:00+00:00,2025_03_21_close_1700_PT,2025-03-21 17:00:00-07:00,2025-03-10 06:18:13.923662+00:00,0.02,2025-03-09 23:18:13.923662-07:00
KXMLB-25-PHI,2025-03-22 00:00:00+00:00,2025_03_21_close_1700_PT,2025-03-21 17:00:00-07:00,2025-03-18 19:14:52.272018+00:00,0.05,2025-03-18 12:14:52.272018-07:00
KXMLB-25-SEA,2025-03-22 00:00:00+00:00,2025_03_21_close_1700_PT,2025-03-21 17:00:00-07:00,2025-03-11 23:27:34.973762+00:00,0.03,2025-03-11 16:27:34.973762-07:00
KXMLB-25-TOR,2025-03-22 00:00:00+00:00,2025_03_21_close_1700_PT,2025-03-21 17:00:00-07:00,2025-03-19 09:35:36.518877+00:00,0.02,2025-03-19 02:35:36.518877-07:00
KXMLBAL-25-SEA,2025-03-22 00:00:00+00:00,2025_03_21_close_1700_PT,2025-03-21 17:00:00-07:00,2025-03-19 20:26:22.360788+00:00,0.1,2025-03-19 13:26:22.360788-07:00
KXMLBAL-25-TOR,2025-03-22 00:00:00+00:00,2025_03_21_close_1700_PT,2025-03-21 17:00:00-07:00,2025-03-14 15:24:14.606706+00:00,0.02,2025-03-14 08:24:14.606706-07:00
KXMLBNL-25-LAD,2025-03-22 00:00:00+00:00,2025_03_21_close_1700_PT,2025-03-21 17:00:00-07:00,2025-03-21 19:06:32.646874+00:00,0.37,2025-03-21 12:06:32.646874-07:00
KXNBA-25-BOS,2025-03-22 00:00:00+00:00,2025_03_21_close_1700_PT,2025-03-21 17:00:00-07:00,2025-03-21 23:26:21.478764+00:00,0.29,2025-03-21 16:26:21.478764-07:00
KXNBA-25-CLE,2025-03-22 00:00:00+00:00,2025_03_21_close_1700_PT,2025-03-21 17:00:00-07:00,2025-03-21 19:13:35.370160+00:00,0.14,2025-03-21 12:13:35.370160-07:00
KXNBA-25-DEN,2025-03-22 00:00:00+00:00,2025_03_21_close_1700_PT,2025-03-21 17:00:00-07:00,2025-03-21 18:40:26.956778+00:00,0.05,2025-03-21 11:40:26.956778-07:00
KXNBA-25-GSW,2025-03-22 00:00:00+00:00,2025_03_21_close_1700_PT,2025-03-21 17:00:00-07:00,2025-03-21 12:18:19.755468+00:00,0.06,2025-03-21 05:18:19.755468-07:00
KXNBA-25-IND,2025-03-22 00:00:00+00:00,2025_03_21_close_1700_PT,2025-03-21 17:00:00-07:00,2025-03-13 13:14:25.254451+00:00,0.01,2025-03-13 06:14:25.254451-07:00
KXNBA-25-LAL,2025-03-22 00:00:00+00:00,2025_03_21_close_1700_PT,2025-03-21 17:00:00-07:00,2025-03-21 23:34:32.616067+00:00,0.09,2025-03-21 16:34:32.616067-07:00
KXNBA-25-MIN,2025-03-22 00:00:00+00:00,2025_03_21_close_1700_PT,2025-03-21 17:00:00-07:00,2025-03-20 09:21:29.946374+00:00,0.02,2025-03-20 02:21:29.946374-07:00
KXNBA-25-NYK,2025-03-22 00:00:00+00:00,2025_03_21_close_1700_PT,2025-03-21 17:00:00-07:00,2025-03-21 14:03:51.164994+00:00,0.03,2025-03-21 07:03:51.164994-07:00
KXNBA-25-OKC,2025-03-22 00:00:00+00:00,2025_03_21_close_1700_PT,2025-03-21 17:00:00-07:00,2025-03-21 21:42:14.859640+00:00,0.32,2025-03-21 14:42:14.859640-07:00
KXNBAEAST-25-BOS,2025-03-22 00:00:00+00:00,2025_03_21_close_1700_PT,2025-03-21 17:00:00-07:00,2025-03-20 14:37:22.328710+00:00,0.53,2025-03-20 07:37:22.328710-07:00
KXNBAEAST-25-IND,2025-03-22 00:00:00+00:00,2025_03_21_close_1700_PT,2025-03-21 17:00:00-07:00,2025-03-06 12:33:13.620263+00:00,0.02,2025-03-06 04:33:13.620263-08:00
KXNBAEAST-25-NYK,2025-03-22 00:00:00+00:00,2025_03_21_close_1700_PT,2025-03-21 17:00:00-07:00,2025-03-21 16:49:12.576347+00:00,0.08,2025-03-21 09:49:12.576347-07:00
KXNBAWEST-25-DEN,2025-03-22 00:00:00+00:00,2025_03_21_close_1700_PT,2025-03-21 17:00:00-07:00,2025-03-21 19:50:05.930986+00:00,0.1,2025-03-21 12:50:05.930986-07:00
KXNBAWEST-25-MIN,2025-03-22 00:00:00+00:00,2025_03_21_close_1700_PT,2025-03-21 17:00:00-07:00,2025-03-20 14:36:58.016019+00:00,0.05,2025-03-20 07:36:58.016019-07:00
KXNBAWEST-25-OKC,2025-03-22 00:00:00+00:00,2025_03_21_close_1700_PT,2025-03-21 17:00:00-07:00,2025-03-21 16:42:52.733667+00:00,0.54,2025-03-21 09:42:52.733667-07:00
KXNCAAF-26-OSU,2025-03-22 00:00:00+00:00,2025_03_21_close_1700_PT,2025-03-21 17:00:00-07:00,2025-03-20 16:15:19.205391+00:00,0.17,2025-03-20 09:15:19.205391-07:00
KXNHL-25-EDM,2025-03-22 00:00:00+00:00,2025_03_21_close_1700_PT,2025-03-21 17:00:00-07:00,2025-03-21 21:12:49.786689+00:00,0.08,2025-03-21 14:12:49.786689-07:00
KXNHL-25-FLA,2025-03-22 00:00:00+00:00,2025_03_21_close_1700_PT,2025-03-21 17:00:00-07:00,2025-03-19 07:52:26.186341+00:00,0.12,2025-03-19 00:52:26.186341-07:00
KXNOBELPEACE-25-DJT,2025-03-22 00:00:00+00:00,2025_03_21_close_1700_PT,2025-03-21 17:00:00-07:00,2025-03-21 23:13:34.261712+00:00,0.08,2025-03-21 16:13:34.261712-07:00
KXPGA-25-BD,2025-03-22 00:00:00+00:00,2025_03_21_close_1700_PT,2025-03-21 17:00:00-07:00,2025-03-20 12:28:07.193994+00:00,0.06,2025-03-20 05:28:07.193994-07:00
KXPGA-25-RM,2025-03-22 00:00:00+00:00,2025_03_21_close_1700_PT,2025-03-21 17:00:00-07:00,2025-03-21 11:31:09.126921+00:00,0.13,2025-03-21 04:31:09.126921-07:00
KXPGA-25-SS,2025-03-22 00:00:00+00:00,2025_03_21_close_1700_PT,2025-03-21 17:00:00-07:00,2025-03-18 17:10:19.348528+00:00,0.18,2025-03-18 10:10:19.348528-07:00
KXRATECUTCOUNT-25DEC31-T0,2025-03-22 00:00:00+00:00,2025_03_21_close_1700_PT,2025-03-21 17:00:00-07:00,2025-03-21 15:57:02.848246+00:00,0.13,2025-03-21 08:57:02.848246-07:00
KXRATECUTCOUNT-25DEC31-T1,2025-03-22 00:00:00+00:00,2025_03_21_close_1700_PT,2025-03-21 17:00:00-07:00,2025-03-21 10:38:27.670366+00:00,0.17,2025-03-21 03:38:27.670366-07:00
KXRATECUTCOUNT-25DEC31-T2,2025-03-22 00:00:00+00:00,2025_03_21_close_1700_PT,2025-03-21 17:00:00-07:00,2025-03-21 18:24:38.713994+00:00,0.24,2025-03-21 11:24:38.713994-07:00
KXRATECUTCOUNT-25DEC31-T3,2025-03-22 00:00:00+00:00,2025_03_21_close_1700_PT,2025-03-21 17:00:00-07:00,2025-03-21 11:32:28.635795+00:00,0.19,2025-03-21 04:32:28.635795-07:00
KXSB-26-BAL,2025-03-22 00:00:00+00:00,2025_03_21_close_1700_PT,2025-03-21 17:00:00-07:00,2025-03-20 17:12:44.891589+00:00,0.1,2025-03-20 10:12:44.891589-07:00
KXSB-26-BUF,2025-03-22 00:00:00+00:00,2025_03_21_close_1700_PT,2025-03-21 17:00:00-07:00,2025-03-20 14:37:07.721532+00:00,0.11,2025-03-20 07:37:07.721532-07:00
KXSB-26-GB,2025-03-22 00:00:00+00:00,2025_03_21_close_1700_PT,2025-03-21 17:00:00-07:00,2025-03-18 18:00:55.371384+00:00,0.03,2025-03-18 11:00:55.371384-07:00
KXSB-26-KC,2025-03-22 00:00:00+00:00,2025_03_21_close_1700_PT,2025-03-21 17:00:00-07:00,2025-03-21 23:53:03.859928+00:00,0.12,2025-03-21 16:53:03.859928-07:00
KXSB-26-PHI,2025-03-22 00:00:00+00:00,2025_03_21_close_1700_PT,2025-03-21 17:00:00-07:00,2025-03-20 14:37:09.185293+00:00,0.11,2025-03-20 07:37:09.185293-07:00
KXSB-26-SEA,2025-03-22 00:00:00+00:00,2025_03_21_close_1700_PT,2025-03-21 17:00:00-07:00,2025-03-18 11:58:49.814166+00:00,0.01,2025-03-18 04:58:49.814166-07:00
KXTHEOPEN-25-RM,2025-03-22 00:00:00+00:00,2025_03_21_close_1700_PT,2025-03-21 17:00:00-07:00,2025-03-21 13:21:30.460808+00:00,0.13,2025-03-21 06:21:30.460808-07:00
KXTHEOPEN-25-SS,2025-03-22 00:00:00+00:00,2025_03_21_close_1700_PT,2025-03-21 17:00:00-07:00,2025-03-21 11:30:31.056877+00:00,0.2,2025-03-21 04:30:31.056877-07:00
KXTOPARTIST-25-BB,2025-03-22 00:00:00+00:00,2025_03_21_close_1700_PT,2025-03-21 17:00:00-07:00,2025-03-21 17:45:15.443193+00:00,0.44,2025-03-21 10:45:15.443193-07:00
KXTOPARTIST-25-TS,2025-03-22 00:00:00+00:00,2025_03_21_close_1700_PT,2025-03-21 17:00:00-07:00,2025-03-21 16:29:49.296547+00:00,0.41,2025-03-21 09:29:49.296547-07:00
KXUEFACL-25-IM,2025-03-22 00:00:00+00:00,2025_03_21_close_1700_PT,2025-03-21 17:00:00-07:00,2025-03-21 18:30:25.211739+00:00,0.07,2025-03-21 11:30:25.211739-07:00
KXUEFACL-25-PSG,2025-03-22 00:00:00+00:00,2025_03_21_close_1700_PT,2025-03-21 17:00:00-07:00,2025-03-21 13:40:44.105613+00:00,0.21,2025-03-21 06:40:44.105613-07:00
KXUSOMENSINGLES-25-CA,2025-03-22 00:00:00+00:00,2025_03_21_close_1700_PT,2025-03-21 17:00:00-07:00,2025-03-17 18:29:54.515804+00:00,0.25,2025-03-17 11:29:54.515804-07:00
KXUSOMENSINGLES-25-JS,2025-03-22 00:00:00+00:00,2025_03_21_close_1700_PT,2025-03-21 17:00:00-07:00,2025-03-17 21:16:11.250164+00:00,0.38,2025-03-17 14:16:11.250164-07:00
KXUSOMENSINGLES-25-ND,2025-03-22 00:00:00+00:00,2025_03_21_close_1700_PT,2025-03-21 17:00:00-07:00,2025-03-19 07:01:50.304458+00:00,0.13,2025-03-19 00:01:50.304458-07:00
KXUSOPEN-25-BD,2025-03-22 00:00:00+00:00,2025_03_21_close_1700_PT,2025-03-21 17:00:00-07:00,2025-03-20 19:46:26.235332+00:00,0.07,2025-03-20 12:46:26.235332-07:00
KXUSOPEN-25-BK,2025-03-22 00:00:00+00:00,2025_03_21_close_1700_PT,2025-03-21 17:00:00-07:00,2025-03-20 08:18:27.580179+00:00,0.05,2025-03-20 01:18:27.580179-07:00
KXUSOPEN-25-RM,2025-03-22 00:00:00+00:00,2025_03_21_close_1700_PT,2025-03-21 17:00:00-07:00,2025-03-21 13:20:39.856711+00:00,0.11,2025-03-21 06:20:39.856711-07:00
KXUSOPEN-25-RMAC,2025-03-22 00:00:00+00:00,2025_03_21_close_1700_PT,2025-03-21 17:00:00-07:00,2025-02-13 20:06:17.379384+00:00,0.03,2025-02-13 12:06:17.379384-08:00
KXUSOPEN-25-SS,2025-03-22 00:00:00+00:00,2025_03_21_close_1700_PT,2025-03-21 17:00:00-07:00,2025-03-21 22:44:24.024842+00:00,0.15,2025-03-21 15:44:24.024842-07:00
KXUSOPEN-25-VH,2025-03-22 00:00:00+00:00,2025_03_21_close_1700_PT,2025-03-21 17:00:00-07:00,2025-03-19 14:34:48.583482+00:00,0.05,2025-03-19 07:34:48.583482-07:00
KXWMENSINGLES-25-CA,2025-03-22 00:00:00+00:00,2025_03_21_close_1700_PT,2025-03-21 17:00:00-07:00,2025-03-19 12:14:06.749595+00:00,0.37,2025-03-19 05:14:06.749595-07:00
KXWMENSINGLES-25-JS,2025-03-22 00:00:00+00:00,2025_03_21_close_1700_PT,2025-03-21 17:00:00-07:00,2025-03-17 16:56:46.527365+00:00,0.29,2025-03-17 09:56:46.527365-07:00
KXWMENSINGLES-25-ND,2025-03-22 00:00:00+00:00,2025_03_21_close_1700_PT,2025-03-21 17:00:00-07:00,2025-03-14 19:29:15.505737+00:00,0.15,2025-03-14 12:29:15.505737-07:00
KXWMENSINGLES-25-TF,2025-03-22 00:00:00+00:00,2025_03_21_close_1700_PT,2025-03-21 17:00:00-07:00,,,
LEAVEPOWELL-25-DEC31,2025-03-22 00:00:00+00:00,2025_03_21_close_1700_PT,2025-03-21 17:00:00-07:00,2025-03-20 08:22:54.610174+00:00,0.19,2025-03-20 01:22:54.610174-07:00
RECSSNBER-25,2025-03-22 00:00:00+00:00,2025_03_21_close_1700_PT,2025-03-21 17:00:00-07:00,2025-03-21 20:52:45.848103+00:00,0.38,2025-03-21 13:52:45.848103-07:00
FED-25MAY-T4.00,2025-03-22 12:00:00+00:00,2025_03_22_open_0500_PT,2025-03-22 05:00:00-07:00,2025-03-22 11:47:38.201730+00:00,0.96,2025-03-22 04:47:38.201730-07:00
FED-25MAY-T4.25,2025-03-22 12:00:00+00:00,2025_03_22_open_0500_PT,2025-03-22 05:00:00-07:00,2025-03-22 11:55:35.681555+00:00,0.83,2025-03-22 04:55:35.681555-07:00
GOVPARTYNJ-25-D,2025-03-22 12:00:00+00:00,2025_03_22_open_0500_PT,2025-03-22 05:00:00-07:00,2025-03-21 22:29:28.920218+00:00,0.72,2025-03-21 15:29:28.920218-07:00
GOVPARTYNJ-25-R,2025-03-22 12:00:00+00:00,2025_03_22_open_0500_PT,2025-03-22 05:00:00-07:00,2025-03-21 16:44:03.567635+00:00,0.29,2025-03-21 09:44:03.567635-07:00
GOVPARTYVA-25-R,2025-03-22 12:00:00+00:00,2025_03_22_open_0500_PT,2025-03-22 05:00:00-07:00,2025-03-21 16:48:13.612156+00:00,0.14,2025-03-21 09:48:13.612156-07:00
KXBTCMAX150-25-DEC31-149999.99,2025-03-22 12:00:00+00:00,2025_03_22_open_0500_PT,2025-03-22 05:00:00-07:00,2025-03-22 09:51:36.469858+00:00,0.28,2025-03-22 02:51:36.469858-07:00
KXBTCMAXY-25-DEC31-124999.99,2025-03-22 12:00:00+00:00,2025_03_22_open_0500_PT,2025-03-22 05:00:00-07:00,2025-03-22 06:31:36.661338+00:00,0.41,2025-03-21 23:31:36.661338-07:00
KXBTCMAXY-25-DEC31-149999.99,2025-03-22 12:00:00+00:00,2025_03_22_open_0500_PT,2025-03-22 05:00:00-07:00,2025-03-22 11:04:24.323904+00:00,0.25,2025-03-22 04:04:24.323904-07:00
KXBTCRESERVE-26-JAN01,2025-03-22 12:00:00+00:00,2025_03_22_open_0500_PT,2025-03-22 05:00:00-07:00,2025-03-22 09:02:39.311553+00:00,0.51,2025-03-22 02:02:39.311553-07:00
KXCANADAPM-45-C,2025-03-22 12:00:00+00:00,2025_03_22_open_0500_PT,2025-03-22 05:00:00-07:00,2025-03-22 11:45:45.947289+00:00,0.41,2025-03-22 04:45:45.947289-07:00
KXCANADAPM-45-L,2025-03-22 12:00:00+00:00,2025_03_22_open_0500_PT,2025-03-22 05:00:00-07:00,2025-03-22 10:42:47.773733+00:00,0.6,2025-03-22 03:42:47.773733-07:00
KXCPIYOY-25APR-T2.4,2025-03-22 12:00:00+00:00,2025_03_22_open_0500_PT,2025-03-22 05:00:00-07:00,2025-03-21 08:10:59.856677+00:00,0.71,2025-03-21 01:10:59.856677-07:00
KXCPIYOY-25APR-T2.5,2025-03-22 12:00:00+00:00,2025_03_22_open_0500_PT,2025-03-22 05:00:00-07:00,2025-03-21 08:10:13.622844+00:00,0.43,2025-03-21 01:10:13.622844-07:00
KXDOED-26-JAN01,2025-03-22 12:00:00+00:00,2025_03_22_open_0500_PT,2025-03-22 05:00:00-07:00,2025-03-22 11:42:03.429608+00:00,0.19,2025-03-22 04:42:03.429608-07:00
KXEPSTEIN-25,2025-03-22 12:00:00+00:00,2025_03_22_open_0500_PT,2025-03-22 05:00:00-07:00,2025-03-22 11:45:13.721548+00:00,0.48,2025-03-22 04:45:13.721548-07:00
KXETHMAXY-25DEC31-4999.99,2025-03-22 12:00:00+00:00,2025_03_22_open_0500_PT,2025-03-22 05:00:00-07:00,2025-03-19 12:33:50.369994+00:00,0.2,2025-03-19 05:33:50.369994-07:00
KXFEDDECISION-25MAY-C25,2025-03-22 12:00:00+00:00,2025_03_22_open_0500_PT,2025-03-22 05:00:00-07:00,2025-03-22 11:34:57.998885+00:00,0.19,2025-03-22 04:34:57.998885-07:00
KXFEDDECISION-25MAY-C26,2025-03-22 12:00:00+00:00,2025_03_22_open_0500_PT,2025-03-22 05:00:00-07:00,2025-03-22 10:58:04.447564+00:00,0.03,2025-03-22 03:58:04.447564-07:00
KXFEDDECISION-25MAY-H0,2025-03-22 12:00:00+00:00,2025_03_22_open_0500_PT,2025-03-22 05:00:00-07:00,2025-03-22 10:58:34.206919+00:00,0.83,2025-03-22 03:58:34.206919-07:00
KXFOMENSINGLES-25-CA,2025-03-22 12:00:00+00:00,2025_03_22_open_0500_PT,2025-03-22 05:00:00-07:00,2025-03-21 21:39:43.323394+00:00,0.42,2025-03-21 14:39:43.323394-07:00
KXFOMENSINGLES-25-JS,2025-03-22 12:00:00+00:00,2025_03_22_open_0500_PT,2025-03-22 05:00:00-07:00,2025-03-17 17:22:15.114911+00:00,0.23,2025-03-17 10:22:15.114911-07:00
KXFOMENSINGLES-25-ND,2025-03-22 12:00:00+00:00,2025_03_22_open_0500_PT,2025-03-22 05:00:00-07:00,2025-03-08 17:49:54.374770+00:00,0.12,2025-03-08 09:49:54.374770-08:00
KXFOWOMENSINGLES-25-AS,2025-03-22 12:00:00+00:00,2025_03_22_open_0500_PT,2025-03-22 05:00:00-07:00,2025-03-21 11:25:09.035040+00:00,0.14,2025-03-21 04:25:09.035040-07:00
KXFOWOMENSINGLES-25-CG,2025-03-22 12:00:00+00:00,2025_03_22_open_0500_PT,2025-03-22 05:00:00-07:00,2025-02-10 18:42:35.041176+00:00,0.08,2025-02-10 10:42:35.041176-08:00
KXLEAGUEWORLDS-25-T1,2025-03-22 12:00:00+00:00,2025_03_22_open_0500_PT,2025-03-22 05:00:00-07:00,2025-03-20 06:42:26.116549+00:00,0.22,2025-03-19 23:42:26.116549-07:00
KXLLM1-25DEC31-XAI,2025-03-22 12:00:00+00:00,2025_03_22_open_0500_PT,2025-03-22 05:00:00-07:00,2025-03-21 05:09:26.589479+00:00,0.35,2025-03-20 22:09:26.589479-07:00
KXMARMAD-25-AU,2025-03-22 12:00:00+00:00,2025_03_22_open_0500_PT,2025-03-22 05:00:00-07:00,2025-03-22 11:59:12.119492+00:00,0.16,2025-03-22 04:59:12.119492-07:00
KXMARMAD-25-DU,2025-03-22 12:00:00+00:00,2025_03_22_open_0500_PT,2025-03-22 05:00:00-07:00,2025-03-22 11:58:56.137185+00:00,0.25,2025-03-22 04:58:56.137185-07:00
KXMARMAD-25-FL,2025-03-22 12:00:00+00:00,2025_03_22_open_0500_PT,2025-03-22 05:00:00-07:00,2025-03-22 11:57:12.892082+00:00,0.2,2025-03-22 04:57:12.892082-07:00
KXMARMAD-25-HOU,2025-03-22 12:00:00+00:00,2025_03_22_open_0500_PT,2025-03-22 05:00:00-07:00,2025-03-22 11:52:30.964160+00:00,0.13,2025-03-22 04:52:30.964160-07:00
KXMASTERS-25-BD,2025-03-22 12:00:00+00:00,2025_03_22_open_0500_PT,2025-03-22 05:00:00-07:00,2025-03-21 17:21:40.338625+00:00,0.04,2025-03-21 10:21:40.338625-07:00
KXMASTERS-25-CM,2025-03-22 12:00:00+00:00,2025_03_22_open_0500_PT,2025-03-22 05:00:00-07:00,2025-03-21 13:14:02.341714+00:00,0.06,2025-03-21 06:14:02.341714-07:00
KXMASTERS-25-LA,2025-03-22 12:00:00+00:00,2025_03_22_open_0500_PT,2025-03-22 05:00:00-07:00,2025-03-21 23:40:48.336512+00:00,0.07,2025-03-21 16:40:48.336512-07:00
KXMASTERS-25-RM,2025-03-22 12:00:00+00:00,2025_03_22_open_0500_PT,2025-03-22 05:00:00-07:00,2025-03-22 11:13:42.807155+00:00,0.13,2025-03-22 04:13:42.807155-07:00
KXMASTERS-25-SS,2025-03-22 12:00:00+00:00,2025_03_22_open_0500_PT,2025-03-22 05:00:00-07:00,2025-03-22 07:35:55.098124+00:00,0.17,2025-03-22 00:35:55.098124-07:00
KXMAYORNYCNOMD-25-AC,2025-03-22 12:00:00+00:00,2025_03_22_open_0500_PT,2025-03-22 05:00:00-07:00,2025-03-22 06:34:49.507310+00:00,0.72,2025-03-21 23:34:49.507310-07:00
KXMAYORNYCNOMD-25-ZM,2025-03-22 12:00:00+00:00,2025_03_22_open_0500_PT,2025-03-22 05:00:00-07:00,2025-03-22 11:53:26.980907+00:00,0.1,2025-03-22 04:53:26.980907-07:00
KXMAYORNYCPARTY-25-D,2025-03-22 12:00:00+00:00,2025_03_22_open_0500_PT,2025-03-22 05:00:00-07:00,2025-03-16 16:56:03.125329+00:00,0.93,2025-03-16 09:56:03.125329-07:00
KXMAYORNYCPARTY-25-R,2025-03-22 12:00:00+00:00,2025_03_22_open_0500_PT,2025-03-22 05:00:00-07:00,2025-03-18 20:49:23.852039+00:00,0.08,2025-03-18 13:49:23.852039-07:00
KXMLB-25-LAD,2025-03-22 12:00:00+00:00,2025_03_22_open_0500_PT,2025-03-22 05:00:00-07:00,2025-03-21 23:55:38.964265+00:00,0.27,2025-03-21 16:55:38.964265-07:00
KXMLB-25-MIL,2025-03-22 12:00:00+00:00,2025_03_22_open_0500_PT,2025-03-22 05:00:00-07:00,2025-03-10 06:18:13.923662+00:00,0.02,2025-03-09 23:18:13.923662-07:00
KXMLB-25-PHI,2025-03-22 12:00:00+00:00,2025_03_22_open_0500_PT,2025-03-22 05:00:00-07:00,2025-03-18 19:14:52.272018+00:00,0.05,2025-03-18 12:14:52.272018-07:00
KXMLB-25-SEA,2025-03-22 12:00:00+00:00,2025_03_22_open_0500_PT,2025-03-22 05:00:00-07:00,2025-03-11 23:27:34.973762+00:00,0.03,2025-03-11 16:27:34.973762-07:00
KXMLB-25-TOR,2025-03-22 12:00:00+00:00,2025_03_22_open_0500_PT,2025-03-22 05:00:00-07:00,2025-03-19 09:35:36.518877+00:00,0.02,2025-03-19 02:35:36.518877-07:00
KXMLBAL-25-SEA,2025-03-22 12:00:00+00:00,2025_03_22_open_0500_PT,2025-03-22 05:00:00-07:00,2025-03-19 20:26:22.360788+00:00,0.1,2025-03-19 13:26:22.360788-07:00
KXMLBAL-25-TOR,2025-03-22 12:00:00+00:00,2025_03_22_open_0500_PT,2025-03-22 05:00:00-07:00,2025-03-14 15:24:14.606706+00:00,0.02,2025-03-14 08:24:14.606706-07:00
KXMLBNL-25-LAD,2025-03-22 12:00:00+00:00,2025_03_22_open_0500_PT,2025-03-22 05:00:00-07:00,2025-03-21 19:06:32.646874+00:00,0.37,2025-03-21 12:06:32.646874-07:00
KXNBA-25-BOS,2025-03-22 12:00:00+00:00,2025_03_22_open_0500_PT,2025-03-22 05:00:00-07:00,2025-03-21 23:26:21.478764+00:00,0.29,2025-03-21 16:26:21.478764-07:00
KXNBA-25-CLE,2025-03-22 12:00:00+00:00,2025_03_22_open_0500_PT,2025-03-22 05:00:00-07:00,2025-03-22 11:54:11.390344+00:00,0.15,2025-03-22 04:54:11.390344-07:00
KXNBA-25-DEN,2025-03-22 12:00:00+00:00,2025_03_22_open_0500_PT,2025-03-22 05:00:00-07:00,2025-03-21 18:40:26.956778+00:00,0.05,2025-03-21 11:40:26.956778-07:00
KXNBA-25-GSW,2025-03-22 12:00:00+00:00,2025_03_22_open_0500_PT,2025-03-22 05:00:00-07:00,2025-03-21 12:18:19.755468+00:00,0.06,2025-03-21 05:18:19.755468-07:00
KXNBA-25-IND,2025-03-22 12:00:00+00:00,2025_03_22_open_0500_PT,2025-03-22 05:00:00-07:00,2025-03-13 13:14:25.254451+00:00,0.01,2025-03-13 06:14:25.254451-07:00
KXNBA-25-LAL,2025-03-22 12:00:00+00:00,2025_03_22_open_0500_PT,2025-03-22 05:00:00-07:00,2025-03-22 11:44:01.051924+00:00,0.08,2025-03-22 04:44:01.051924-07:00
KXNBA-25-MIN,2025-03-22 12:00:00+00:00,2025_03_22_open_0500_PT,2025-03-22 05:00:00-07:00,2025-03-20 09:21:29.946374+00:00,0.02,2025-03-20 02:21:29.946374-07:00
KXNBA-25-NYK,2025-03-22 12:00:00+00:00,2025_03_22_open_0500_PT,2025-03-22 05:00:00-07:00,2025-03-22 07:22:32.515992+00:00,0.02,2025-03-22 00:22:32.515992-07:00
KXNBA-25-OKC,2025-03-22 12:00:00+00:00,2025_03_22_open_0500_PT,2025-03-22 05:00:00-07:00,2025-03-22 09:47:13.530574+00:00,0.32,2025-03-22 02:47:13.530574-07:00
KXNBAEAST-25-BOS,2025-03-22 12:00:00+00:00,2025_03_22_open_0500_PT,2025-03-22 05:00:00-07:00,2025-03-22 07:08:48.201032+00:00,0.54,2025-03-22 00:08:48.201032-07:00
KXNBAEAST-25-IND,2025-03-22 12:00:00+00:00,2025_03_22_open_0500_PT,2025-03-22 05:00:00-07:00,2025-03-06 12:33:13.620263+00:00,0.02,2025-03-06 04:33:13.620263-08:00
KXNBAEAST-25-NYK,2025-03-22 12:00:00+00:00,2025_03_22_open_0500_PT,2025-03-22 05:00:00-07:00,2025-03-21 16:49:12.576347+00:00,0.08,2025-03-21 09:49:12.576347-07:00
KXNBAWEST-25-DEN,2025-03-22 12:00:00+00:00,2025_03_22_open_0500_PT,2025-03-22 05:00:00-07:00,2025-03-21 19:50:05.930986+00:00,0.1,2025-03-21 12:50:05.930986-07:00
KXNBAWEST-25-MIN,2025-03-22 12:00:00+00:00,2025_03_22_open_0500_PT,2025-03-22 05:00:00-07:00,2025-03-20 14:36:58.016019+00:00,0.05,2025-03-20 07:36:58.016019-07:00
KXNBAWEST-25-OKC,2025-03-22 12:00:00+00:00,2025_03_22_open_0500_PT,2025-03-22 05:00:00-07:00,2025-03-22 11:29:27.904135+00:00,0.55,2025-03-22 04:29:27.904135-07:00
KXNCAAF-26-OSU,2025-03-22 12:00:00+00:00,2025_03_22_open_0500_PT,2025-03-22 05:00:00-07:00,2025-03-20 16:15:19.205391+00:00,0.17,2025-03-20 09:15:19.205391-07:00
KXNHL-25-EDM,2025-03-22 12:00:00+00:00,2025_03_22_open_0500_PT,2025-03-22 05:00:00-07:00,2025-03-21 21:12:49.786689+00:00,0.08,2025-03-21 14:12:49.786689-07:00
KXNHL-25-FLA,2025-03-22 12:00:00+00:00,2025_03_22_open_0500_PT,2025-03-22 05:00:00-07:00,2025-03-19 07:52:26.186341+00:00,0.12,2025-03-19 00:52:26.186341-07:00
KXNOBELPEACE-25-DJT,2025-03-22 12:00:00+00:00,2025_03_22_open_0500_PT,2025-03-22 05:00:00-07:00,2025-03-21 23:13:34.261712+00:00,0.08,2025-03-21 16:13:34.261712-07:00
KXPGA-25-BD,2025-03-22 12:00:00+00:00,2025_03_22_open_0500_PT,2025-03-22 05:00:00-07:00,2025-03-20 12:28:07.193994+00:00,0.06,2025-03-20 05:28:07.193994-07:00
KXPGA-25-RM,2025-03-22 12:00:00+00:00,2025_03_22_open_0500_PT,2025-03-22 05:00:00-07:00,2025-03-21 11:31:09.126921+00:00,0.13,2025-03-21 04:31:09.126921-07:00
KXPGA-25-SS,2025-03-22 12:00:00+00:00,2025_03_22_open_0500_PT,2025-03-22 05:00:00-07:00,2025-03-18 17:10:19.348528+00:00,0.18,2025-03-18 10:10:19.348528-07:00
KXRATECUTCOUNT-25DEC31-T0,2025-03-22 12:00:00+00:00,2025_03_22_open_0500_PT,2025-03-22 05:00:00-07:00,2025-03-22 11:36:55.994266+00:00,0.11,2025-03-22 04:36:55.994266-07:00
KXRATECUTCOUNT-25DEC31-T1,2025-03-22 12:00:00+00:00,2025_03_22_open_0500_PT,2025-03-22 05:00:00-07:00,2025-03-22 11:09:07.266133+00:00,0.15,2025-03-22 04:09:07.266133-07:00
KXRATECUTCOUNT-25DEC31-T2,2025-03-22 12:00:00+00:00,2025_03_22_open_0500_PT,2025-03-22 05:00:00-07:00,2025-03-21 18:24:38.713994+00:00,0.24,2025-03-21 11:24:38.713994-07:00
KXRATECUTCOUNT-25DEC31-T3,2025-03-22 12:00:00+00:00,2025_03_22_open_0500_PT,2025-03-22 05:00:00-07:00,2025-03-22 08:12:28.754419+00:00,0.19,2025-03-22 01:12:28.754419-07:00
KXSB-26-BAL,2025-03-22 12:00:00+00:00,2025_03_22_open_0500_PT,2025-03-22 05:00:00-07:00,2025-03-20 17:12:44.891589+00:00,0.1,2025-03-20 10:12:44.891589-07:00
KXSB-26-BUF,2025-03-22 12:00:00+00:00,2025_03_22_open_0500_PT,2025-03-22 05:00:00-07:00,2025-03-20 14:37:07.721532+00:00,0.11,2025-03-20 07:37:07.721532-07:00
KXSB-26-GB,2025-03-22 12:00:00+00:00,2025_03_22_open_0500_PT,2025-03-22 05:00:00-07:00,2025-03-18 18:00:55.371384+00:00,0.03,2025-03-18 11:00:55.371384-07:00
KXSB-26-KC,2025-03-22 12:00:00+00:00,2025_03_22_open_0500_PT,2025-03-22 05:00:00-07:00,2025-03-21 23:53:03.859928+00:00,0.12,2025-03-21 16:53:03.859928-07:00
KXSB-26-PHI,2025-03-22 12:00:00+00:00,2025_03_22_open_0500_PT,2025-03-22 05:00:00-07:00,2025-03-20 14:37:09.185293+00:00,0.11,2025-03-20 07:37:09.185293-07:00
KXSB-26-SEA,2025-03-22 12:00:00+00:00,2025_03_22_open_0500_PT,2025-03-22 05:00:00-07:00,2025-03-18 11:58:49.814166+00:00,0.01,2025-03-18 04:58:49.814166-07:00
KXTHEOPEN-25-RM,2025-03-22 12:00:00+00:00,2025_03_22_open_0500_PT,2025-03-22 05:00:00-07:00,2025-03-21 13:21:30.460808+00:00,0.13,2025-03-21 06:21:30.460808-07:00
KXTHEOPEN-25-SS,2025-03-22 12:00:00+00:00,2025_03_22_open_0500_PT,2025-03-22 05:00:00-07:00,2025-03-21 11:30:31.056877+00:00,0.2,2025-03-21 04:30:31.056877-07:00
KXTOPARTIST-25-BB,2025-03-22 12:00:00+00:00,2025_03_22_open_0500_PT,2025-03-22 05:00:00-07:00,2025-03-21 17:45:15.443193+00:00,0.44,2025-03-21 10:45:15.443193-07:00
KXTOPARTIST-25-TS,2025-03-22 12:00:00+00:00,2025_03_22_open_0500_PT,2025-03-22 05:00:00-07:00,2025-03-21 16:29:49.296547+00:00,0.41,2025-03-21 09:29:49.296547-07:00
KXUEFACL-25-IM,2025-03-22 12:00:00+00:00,2025_03_22_open_0500_PT,2025-03-22 05:00:00-07:00,2025-03-21 18:30:25.211739+00:00,0.07,2025-03-21 11:30:25.211739-07:00
KXUEFACL-25-PSG,2025-03-22 12:00:00+00:00,2025_03_22_open_0500_PT,2025-03-22 05:00:00-07:00,2025-03-22 11:35:31.177904+00:00,0.21,2025-03-22 04:35:31.177904-07:00
KXUSOMENSINGLES-25-CA,2025-03-22 12:00:00+00:00,2025_03_22_open_0500_PT,2025-03-22 05:00:00-07:00,2025-03-17 18:29:54.515804+00:00,0.25,2025-03-17 11:29:54.515804-07:00
KXUSOMENSINGLES-25-JS,2025-03-22 12:00:00+00:00,2025_03_22_open_0500_PT,2025-03-22 05:00:00-07:00,2025-03-17 21:16:11.250164+00:00,0.38,2025-03-17 14:16:11.250164-07:00
KXUSOMENSINGLES-25-ND,2025-03-22 12:00:00+00:00,2025_03_22_open_0500_PT,2025-03-22 05:00:00-07:00,2025-03-19 07:01:50.304458+00:00,0.13,2025-03-19 00:01:50.304458-07:00
KXUSOPEN-25-BD,2025-03-22 12:00:00+00:00,2025_03_22_open_0500_PT,2025-03-22 05:00:00-07:00,2025-03-20 19:46:26.235332+00:00,0.07,2025-03-20 12:46:26.235332-07:00
KXUSOPEN-25-BK,2025-03-22 12:00:00+00:00,2025_03_22_open_0500_PT,2025-03-22 05:00:00-07:00,2025-03-20 08:18:27.580179+00:00,0.05,2025-03-20 01:18:27.580179-07:00
KXUSOPEN-25-RM,2025-03-22 12:00:00+00:00,2025_03_22_open_0500_PT,2025-03-22 05:00:00-07:00,2025-03-21 13:20:39.856711+00:00,0.11,2025-03-21 06:20:39.856711-07:00
KXUSOPEN-25-RMAC,2025-03-22 12:00:00+00:00,2025_03_22_open_0500_PT,2025-03-22 05:00:00-07:00,2025-02-13 20:06:17.379384+00:00,0.03,2025-02-13 12:06:17.379384-08:00
KXUSOPEN-25-SS,2025-03-22 12:00:00+00:00,2025_03_22_open_0500_PT,2025-03-22 05:00:00-07:00,2025-03-21 22:44:24.024842+00:00,0.15,2025-03-21 15:44:24.024842-07:00
KXUSOPEN-25-VH,2025-03-22 12:00:00+00:00,2025_03_22_open_0500_PT,2025-03-22 05:00:00-07:00,2025-03-19 14:34:48.583482+00:00,0.05,2025-03-19 07:34:48.583482-07:00
KXWMENSINGLES-25-CA,2025-03-22 12:00:00+00:00,2025_03_22_open_0500_PT,2025-03-22 05:00:00-07:00,2025-03-19 12:14:06.749595+00:00,0.37,2025-03-19 05:14:06.749595-07:00
KXWMENSINGLES-25-JS,2025-03-22 12:00:00+00:00,2025_03_22_open_0500_PT,2025-03-22 05:00:00-07:00,2025-03-17 16:56:46.527365+00:00,0.29,2025-03-17 09:56:46.527365-07:00
KXWMENSINGLES-25-ND,2025-03-22 12:00:00+00:00,2025_03_22_open_0500_PT,2025-03-22 05:00:00-07:00,2025-03-14 19:29:15.505737+00:00,0.15,2025-03-14 12:29:15.505737-07:00
KXWMENSINGLES-25-TF,2025-03-22 12:00:00+00:00,2025_03_22_open_0500_PT,2025-03-22 05:00:00-07:00,,,
LEAVEPOWELL-25-DEC31,2025-03-22 12:00:00+00:00,2025_03_22_open_0500_PT,2025-03-22 05:00:00-07:00,2025-03-20 08:22:54.610174+00:00,0.19,2025-03-20 01:22:54.610174-07:00
RECSSNBER-25,2025-03-22 12:00:00+00:00,2025_03_22_open_0500_PT,2025-03-22 05:00:00-07:00,2025-03-21 20:52:45.848103+00:00,0.38,2025-03-21 13:52:45.848103-07:00
FED-25MAY-T4.00,2025-03-23 00:00:00+00:00,2025_03_22_close_1700_PT,2025-03-22 17:00:00-07:00,2025-03-22 23:26:26.735344+00:00,0.96,2025-03-22 16:26:26.735344-07:00
FED-25MAY-T4.25,2025-03-23 00:00:00+00:00,2025_03_22_close_1700_PT,2025-03-22 17:00:00-07:00,2025-03-22 23:46:34.262630+00:00,0.81,2025-03-22 16:46:34.262630-07:00
GOVPARTYNJ-25-D,2025-03-23 00:00:00+00:00,2025_03_22_close_1700_PT,2025-03-22 17:00:00-07:00,2025-03-21 22:29:28.920218+00:00,0.72,2025-03-21 15:29:28.920218-07:00
GOVPARTYNJ-25-R,2025-03-23 00:00:00+00:00,2025_03_22_close_1700_PT,2025-03-22 17:00:00-07:00,2025-03-22 16:40:44.916980+00:00,0.28,2025-03-22 09:40:44.916980-07:00
GOVPARTYVA-25-R,2025-03-23 00:00:00+00:00,2025_03_22_close_1700_PT,2025-03-22 17:00:00-07:00,2025-03-21 16:48:13.612156+00:00,0.14,2025-03-21 09:48:13.612156-07:00
KXBTCMAX150-25-DEC31-149999.99,2025-03-23 00:00:00+00:00,2025_03_22_close_1700_PT,2025-03-22 17:00:00-07:00,2025-03-22 13:08:44.936158+00:00,0.28,2025-03-22 06:08:44.936158-07:00
KXBTCMAXY-25-DEC31-124999.99,2025-03-23 00:00:00+00:00,2025_03_22_close_1700_PT,2025-03-22 17:00:00-07:00,2025-03-22 21:26:07.229092+00:00,0.42,2025-03-22 14:26:07.229092-07:00
KXBTCMAXY-25-DEC31-149999.99,2025-03-23 00:00:00+00:00,2025_03_22_close_1700_PT,2025-03-22 17:00:00-07:00,2025-03-22 17:11:02.686598+00:00,0.26,2025-03-22 10:11:02.686598-07:00
KXBTCRESERVE-26-JAN01,2025-03-23 00:00:00+00:00,2025_03_22_close_1700_PT,2025-03-22 17:00:00-07:00,2025-03-22 20:20:28.449313+00:00,0.5,2025-03-22 13:20:28.449313-07:00
KXCANADAPM-45-C,2025-03-23 00:00:00+00:00,2025_03_22_close_1700_PT,2025-03-22 17:00:00-07:00,2025-03-22 22:07:54.476003+00:00,0.41,2025-03-22 15:07:54.476003-07:00
KXCANADAPM-45-L,2025-03-23 00:00:00+00:00,2025_03_22_close_1700_PT,2025-03-22 17:00:00-07:00,2025-03-22 22:07:27.818762+00:00,0.61,2025-03-22 15:07:27.818762-07:00
KXCPIYOY-25APR-T2.4,2025-03-23 00:00:00+00:00,2025_03_22_close_1700_PT,2025-03-22 17:00:00-07:00,2025-03-21 08:10:59.856677+00:00,0.71,2025-03-21 01:10:59.856677-07:00
KXCPIYOY-25APR-T2.5,2025-03-23 00:00:00+00:00,2025_03_22_close_1700_PT,2025-03-22 17:00:00-07:00,2025-03-21 08:10:13.622844+00:00,0.43,2025-03-21 01:10:13.622844-07:00
KXDOED-26-JAN01,2025-03-23 00:00:00+00:00,2025_03_22_close_1700_PT,2025-03-22 17:00:00-07:00,2025-03-22 23:13:11.586416+00:00,0.2,2025-03-22 16:13:11.586416-07:00
KXEPSTEIN-25,2025-03-23 00:00:00+00:00,2025_03_22_close_1700_PT,2025-03-22 17:00:00-07:00,2025-03-22 23:48:25.379013+00:00,0.48,2025-03-22 16:48:25.379013-07:00
KXETHMAXY-25DEC31-4999.99,2025-03-23 00:00:00+00:00,2025_03_22_close_1700_PT,2025-03-22 17:00:00-07:00,2025-03-19 12:33:50.369994+00:00,0.2,2025-03-19 05:33:50.369994-07:00
KXFEDDECISION-25MAY-C25,2025-03-23 00:00:00+00:00,2025_03_22_close_1700_PT,2025-03-22 17:00:00-07:00,2025-03-22 21:13:44.629761+00:00,0.18,2025-03-22 14:13:44.629761-07:00
KXFEDDECISION-25MAY-C26,2025-03-23 00:00:00+00:00,2025_03_22_close_1700_PT,2025-03-22 17:00:00-07:00,2025-03-22 10:58:04.447564+00:00,0.03,2025-03-22 03:58:04.447564-07:00
KXFEDDECISION-25MAY-H0,2025-03-23 00:00:00+00:00,2025_03_22_close_1700_PT,2025-03-22 17:00:00-07:00,2025-03-22 23:39:18.773082+00:00,0.8,2025-03-22 16:39:18.773082-07:00
KXFOMENSINGLES-25-CA,2025-03-23 00:00:00+00:00,2025_03_22_close_1700_PT,2025-03-22 17:00:00-07:00,2025-03-22 16:50:51.208564+00:00,0.42,2025-03-22 09:50:51.208564-07:00
KXFOMENSINGLES-25-JS,2025-03-23 00:00:00+00:00,2025_03_22_close_1700_PT,2025-03-22 17:00:00-07:00,2025-03-17 17:22:15.114911+00:00,0.23,2025-03-17 10:22:15.114911-07:00
KXFOMENSINGLES-25-ND,2025-03-23 00:00:00+00:00,2025_03_22_close_1700_PT,2025-03-22 17:00:00-07:00,2025-03-08 17:49:54.374770+00:00,0.12,2025-03-08 09:49:54.374770-08:00
KXFOWOMENSINGLES-25-AS,2025-03-23 00:00:00+00:00,2025_03_22_close_1700_PT,2025-03-22 17:00:00-07:00,2025-03-21 11:25:09.035040+00:00,0.14,2025-03-21 04:25:09.035040-07:00
KXFOWOMENSINGLES-25-CG,2025-03-23 00:00:00+00:00,2025_03_22_close_1700_PT,2025-03-22 17:00:00-07:00,2025-02-10 18:42:35.041176+00:00,0.08,2025-02-10 10:42:35.041176-08:00
KXLEAGUEWORLDS-25-T1,2025-03-23 00:00:00+00:00,2025_03_22_close_1700_PT,2025-03-22 17:00:00-07:00,2025-03-20 06:42:26.116549+00:00,0.22,2025-03-19 23:42:26.116549-07:00
KXLLM1-25DEC31-XAI,2025-03-23 00:00:00+00:00,2025_03_22_close_1700_PT,2025-03-22 17:00:00-07:00,2025-03-22 19:47:02.631633+00:00,0.35,2025-03-22 12:47:02.631633-07:00
KXMARMAD-25-AU,2025-03-23 00:00:00+00:00,2025_03_22_close_1700_PT,2025-03-22 17:00:00-07:00,2025-03-22 23:44:40.621857+00:00,0.17,2025-03-22 16:44:40.621857-07:00
KXMARMAD-25-DU,2025-03-23 00:00:00+00:00,2025_03_22_close_1700_PT,2025-03-22 17:00:00-07:00,2025-03-22 23:51:12.066249+00:00,0.25,2025-03-22 16:51:12.066249-07:00
KXMARMAD-25-FL,2025-03-23 00:00:00+00:00,2025_03_22_close_1700_PT,2025-03-22 17:00:00-07:00,2025-03-22 23:55:44.769970+00:00,0.2,2025-03-22 16:55:44.769970-07:00
KXMARMAD-25-HOU,2025-03-23 00:00:00+00:00,2025_03_22_close_1700_PT,2025-03-22 17:00:00-07:00,2025-03-22 23:44:26.491807+00:00,0.18,2025-03-22 16:44:26.491807-07:00
KXMASTERS-25-BD,2025-03-23 00:00:00+00:00,2025_03_22_close_1700_PT,2025-03-22 17:00:00-07:00,2025-03-21 17:21:40.338625+00:00,0.04,2025-03-21 10:21:40.338625-07:00
KXMASTERS-25-CM,2025-03-23 00:00:00+00:00,2025_03_22_close_1700_PT,2025-03-22 17:00:00-07:00,2025-03-21 13:14:02.341714+00:00,0.06,2025-03-21 06:14:02.341714-07:00
KXMASTERS-25-LA,2025-03-23 00:00:00+00:00,2025_03_22_close_1700_PT,2025-03-22 17:00:00-07:00,2025-03-21 23:40:48.336512+00:00,0.07,2025-03-21 16:40:48.336512-07:00
KXMASTERS-25-RM,2025-03-23 00:00:00+00:00,2025_03_22_close_1700_PT,2025-03-22 17:00:00-07:00,2025-03-22 21:42:38.489177+00:00,0.12,2025-03-22 14:42:38.489177-07:00
KXMASTERS-25-SS,2025-03-23 00:00:00+00:00,2025_03_22_close_1700_PT,2025-03-22 17:00:00-07:00,2025-03-22 18:09:17.006403+00:00,0.17,2025-03-22 11:09:17.006403-07:00
KXMAYORNYCNOMD-25-AC,2025-03-23 00:00:00+00:00,2025_03_22_close_1700_PT,2025-03-22 17:00:00-07:00,2025-03-22 17:00:36.015423+00:00,0.74,2025-03-22 10:00:36.015423-07:00
KXMAYORNYCNOMD-25-ZM,2025-03-23 00:00:00+00:00,2025_03_22_close_1700_PT,2025-03-22 17:00:00-07:00,2025-03-22 19:01:06.985486+00:00,0.1,2025-03-22 12:01:06.985486-07:00
KXMAYORNYCPARTY-25-D,2025-03-23 00:00:00+00:00,2025_03_22_close_1700_PT,2025-03-22 17:00:00-07:00,2025-03-16 16:56:03.125329+00:00,0.93,2025-03-16 09:56:03.125329-07:00
KXMAYORNYCPARTY-25-R,2025-03-23 00:00:00+00:00,2025_03_22_close_1700_PT,2025-03-22 17:00:00-07:00,2025-03-18 20:49:23.852039+00:00,0.08,2025-03-18 13:49:23.852039-07:00
KXMLB-25-LAD,2025-03-23 00:00:00+00:00,2025_03_22_close_1700_PT,2025-03-22 17:00:00-07:00,2025-03-21 23:55:38.964265+00:00,0.27,2025-03-21 16:55:38.964265-07:00
KXMLB-25-MIL,2025-03-23 00:00:00+00:00,2025_03_22_close_1700_PT,2025-03-22 17:00:00-07:00,2025-03-10 06:18:13.923662+00:00,0.02,2025-03-09 23:18:13.923662-07:00
KXMLB-25-PHI,2025-03-23 00:00:00+00:00,2025_03_22_close_1700_PT,2025-03-22 17:00:00-07:00,2025-03-18 19:14:52.272018+00:00,0.05,2025-03-18 12:14:52.272018-07:00
KXMLB-25-SEA,2025-03-23 00:00:00+00:00,2025_03_22_close_1700_PT,2025-03-22 17:00:00-07:00,2025-03-11 23:27:34.973762+00:00,0.03,2025-03-11 16:27:34.973762-07:00
KXMLB-25-TOR,2025-03-23 00:00:00+00:00,2025_03_22_close_1700_PT,2025-03-22 17:00:00-07:00,2025-03-19 09:35:36.518877+00:00,0.02,2025-03-19 02:35:36.518877-07:00
KXMLBAL-25-SEA,2025-03-23 00:00:00+00:00,2025_03_22_close_1700_PT,2025-03-22 17:00:00-07:00,2025-03-19 20:26:22.360788+00:00,0.1,2025-03-19 13:26:22.360788-07:00
KXMLBAL-25-TOR,2025-03-23 00:00:00+00:00,2025_03_22_close_1700_PT,2025-03-22 17:00:00-07:00,2025-03-14 15:24:14.606706+00:00,0.02,2025-03-14 08:24:14.606706-07:00
KXMLBNL-25-LAD,2025-03-23 00:00:00+00:00,2025_03_22_close_1700_PT,2025-03-22 17:00:00-07:00,2025-03-21 19:06:32.646874+00:00,0.37,2025-03-21 12:06:32.646874-07:00
KXNBA-25-BOS,2025-03-23 00:00:00+00:00,2025_03_22_close_1700_PT,2025-03-22 17:00:00-07:00,2025-03-22 23:45:37.412265+00:00,0.29,2025-03-22 16:45:37.412265-07:00
KXNBA-25-CLE,2025-03-23 00:00:00+00:00,2025_03_22_close_1700_PT,2025-03-22 17:00:00-07:00,2025-03-22 23:25:04.924310+00:00,0.15,2025-03-22 16:25:04.924310-07:00
KXNBA-25-DEN,2025-03-23 00:00:00+00:00,2025_03_22_close_1700_PT,2025-03-22 17:00:00-07:00,2025-03-22 18:24:29.214829+00:00,0.06,2025-03-22 11:24:29.214829-07:00
KXNBA-25-GSW,2025-03-23 00:00:00+00:00,2025_03_22_close_1700_PT,2025-03-22 17:00:00-07:00,2025-03-22 18:19:26.627967+00:00,0.05,2025-03-22 11:19:26.627967-07:00
KXNBA-25-IND,2025-03-23 00:00:00+00:00,2025_03_22_close_1700_PT,2025-03-22 17:00:00-07:00,2025-03-13 13:14:25.254451+00:00,0.01,2025-03-13 06:14:25.254451-07:00
KXNBA-25-LAL,2025-03-23 00:00:00+00:00,2025_03_22_close_1700_PT,2025-03-22 17:00:00-07:00,2025-03-22 23:48:59.895381+00:00,0.08,2025-03-22 16:48:59.895381-07:00
KXNBA-25-MIN,2025-03-23 00:00:00+00:00,2025_03_22_close_1700_PT,2025-03-22 17:00:00-07:00,2025-03-20 09:21:29.946374+00:00,0.02,2025-03-20 02:21:29.946374-07:00
KXNBA-25-NYK,2025-03-23 00:00:00+00:00,2025_03_22_close_1700_PT,2025-03-22 17:00:00-07:00,2025-03-22 07:22:32.515992+00:00,0.02,2025-03-22 00:22:32.515992-07:00
KXNBA-25-OKC,2025-03-23 00:00:00+00:00,2025_03_22_close_1700_PT,2025-03-22 17:00:00-07:00,2025-03-22 23:23:07.457302+00:00,0.33,2025-03-22 16:23:07.457302-07:00
KXNBAEAST-25-BOS,2025-03-23 00:00:00+00:00,2025_03_22_close_1700_PT,2025-03-22 17:00:00-07:00,2025-03-22 15:54:46.810762+00:00,0.55,2025-03-22 08:54:46.810762-07:00
KXNBAEAST-25-IND,2025-03-23 00:00:00+00:00,2025_03_22_close_1700_PT,2025-03-22 17:00:00-07:00,2025-03-06 12:33:13.620263+00:00,0.02,2025-03-06 04:33:13.620263-08:00
KXNBAEAST-25-NYK,2025-03-23 00:00:00+00:00,2025_03_22_close_1700_PT,2025-03-22 17:00:00-07:00,2025-03-21 16:49:12.576347+00:00,0.08,2025-03-21 09:49:12.576347-07:00
KXNBAWEST-25-DEN,2025-03-23 00:00:00+00:00,2025_03_22_close_1700_PT,2025-03-22 17:00:00-07:00,2025-03-22 18:38:36.961943+00:00,0.1,2025-03-22 11:38:36.961943-07:00
KXNBAWEST-25-MIN,2025-03-23 00:00:00+00:00,2025_03_22_close_1700_PT,2025-03-22 17:00:00-07:00,2025-03-20 14:36:58.016019+00:00,0.05,2025-03-20 07:36:58.016019-07:00
KXNBAWEST-25-OKC,2025-03-23 00:00:00+00:00,2025_03_22_close_1700_PT,2025-03-22 17:00:00-07:00,2025-03-22 11:29:27.904135+00:00,0.55,2025-03-22 04:29:27.904135-07:00
KXNCAAF-26-OSU,2025-03-23 00:00:00+00:00,2025_03_22_close_1700_PT,2025-03-22 17:00:00-07:00,2025-03-20 16:15:19.205391+00:00,0.17,2025-03-20 09:15:19.205391-07:00
KXNHL-25-EDM,2025-03-23 00:00:00+00:00,2025_03_22_close_1700_PT,2025-03-22 17:00:00-07:00,2025-03-22 18:15:59.678643+00:00,0.08,2025-03-22 11:15:59.678643-07:00
KXNHL-25-FLA,2025-03-23 00:00:00+00:00,2025_03_22_close_1700_PT,2025-03-22 17:00:00-07:00,2025-03-19 07:52:26.186341+00:00,0.12,2025-03-19 00:52:26.186341-07:00
KXNOBELPEACE-25-DJT,2025-03-23 00:00:00+00:00,2025_03_22_close_1700_PT,2025-03-22 17:00:00-07:00,2025-03-22 18:14:29.493591+00:00,0.08,2025-03-22 11:14:29.493591-07:00
KXPGA-25-BD,2025-03-23 00:00:00+00:00,2025_03_22_close_1700_PT,2025-03-22 17:00:00-07:00,2025-03-20 12:28:07.193994+00:00,0.06,2025-03-20 05:28:07.193994-07:00
KXPGA-25-RM,2025-03-23 00:00:00+00:00,2025_03_22_close_1700_PT,2025-03-22 17:00:00-07:00,2025-03-21 11:31:09.126921+00:00,0.13,2025-03-21 04:31:09.126921-07:00
KXPGA-25-SS,2025-03-23 00:00:00+00:00,2025_03_22_close_1700_PT,2025-03-22 17:00:00-07:00,2025-03-18 17:10:19.348528+00:00,0.18,2025-03-18 10:10:19.348528-07:00
KXRATECUTCOUNT-25DEC31-T0,2025-03-23 00:00:00+00:00,2025_03_22_close_1700_PT,2025-03-22 17:00:00-07:00,2025-03-22 12:58:09.738138+00:00,0.12,2025-03-22 05:58:09.738138-07:00
KXRATECUTCOUNT-25DEC31-T1,2025-03-23 00:00:00+00:00,2025_03_22_close_1700_PT,2025-03-22 17:00:00-07:00,2025-03-22 11:09:07.266133+00:00,0.15,2025-03-22 04:09:07.266133-07:00
KXRATECUTCOUNT-25DEC31-T2,2025-03-23 00:00:00+00:00,2025_03_22_close_1700_PT,2025-03-22 17:00:00-07:00,2025-03-21 18:24:38.713994+00:00,0.24,2025-03-21 11:24:38.713994-07:00
KXRATECUTCOUNT-25DEC31-T3,2025-03-23 00:00:00+00:00,2025_03_22_close_1700_PT,2025-03-22 17:00:00-07:00,2025-03-22 08:12:28.754419+00:00,0.19,2025-03-22 01:12:28.754419-07:00
KXSB-26-BAL,2025-03-23 00:00:00+00:00,2025_03_22_close_1700_PT,2025-03-22 17:00:00-07:00,2025-03-20 17:12:44.891589+00:00,0.1,2025-03-20 10:12:44.891589-07:00
KXSB-26-BUF,2025-03-23 00:00:00+00:00,2025_03_22_close_1700_PT,2025-03-22 17:00:00-07:00,2025-03-20 14:37:07.721532+00:00,0.11,2025-03-20 07:37:07.721532-07:00
KXSB-26-GB,2025-03-23 00:00:00+00:00,2025_03_22_close_1700_PT,2025-03-22 17:00:00-07:00,2025-03-18 18:00:55.371384+00:00,0.03,2025-03-18 11:00:55.371384-07:00
KXSB-26-KC,2025-03-23 00:00:00+00:00,2025_03_22_close_1700_PT,2025-03-22 17:00:00-07:00,2025-03-22 21:25:16.598872+00:00,0.11,2025-03-22 14:25:16.598872-07:00
KXSB-26-PHI,2025-03-23 00:00:00+00:00,2025_03_22_close_1700_PT,2025-03-22 17:00:00-07:00,2025-03-22 21:25:06.179568+00:00,0.11,2025-03-22 14:25:06.179568-07:00
KXSB-26-SEA,2025-03-23 00:00:00+00:00,2025_03_22_close_1700_PT,2025-03-22 17:00:00-07:00,2025-03-18 11:58:49.814166+00:00,0.01,2025-03-18 04:58:49.814166-07:00
KXTHEOPEN-25-RM,2025-03-23 00:00:00+00:00,2025_03_22_close_1700_PT,2025-03-22 17:00:00-07:00,2025-03-21 13:21:30.460808+00:00,0.13,2025-03-21 06:21:30.460808-07:00
KXTHEOPEN-25-SS,2025-03-23 00:00:00+00:00,2025_03_22_close_1700_PT,2025-03-22 17:00:00-07:00,2025-03-21 11:30:31.056877+00:00,0.2,2025-03-21 04:30:31.056877-07:00
KXTOPARTIST-25-BB,2025-03-23 00:00:00+00:00,2025_03_22_close_1700_PT,2025-03-22 17:00:00-07:00,2025-03-22 21:46:01.192478+00:00,0.64,2025-03-22 14:46:01.192478-07:00
KXTOPARTIST-25-TS,2025-03-23 00:00:00+00:00,2025_03_22_close_1700_PT,2025-03-22 17:00:00-07:00,2025-03-22 21:46:01.325417+00:00,0.39,2025-03-22 14:46:01.325417-07:00
KXUEFACL-25-IM,2025-03-23 00:00:00+00:00,2025_03_22_close_1700_PT,2025-03-22 17:00:00-07:00,2025-03-21 18:30:25.211739+00:00,0.07,2025-03-21 11:30:25.211739-07:00
KXUEFACL-25-PSG,2025-03-23 00:00:00+00:00,2025_03_22_close_1700_PT,2025-03-22 17:00:00-07:00,2025-03-22 11:35:31.177904+00:00,0.21,2025-03-22 04:35:31.177904-07:00
KXUSOMENSINGLES-25-CA,2025-03-23 00:00:00+00:00,2025_03_22_close_1700_PT,2025-03-22 17:00:00-07:00,2025-03-17 18:29:54.515804+00:00,0.25,2025-03-17 11:29:54.515804-07:00
KXUSOMENSINGLES-25-JS,2025-03-23 00:00:00+00:00,2025_03_22_close_1700_PT,2025-03-22 17:00:00-07:00,2025-03-17 21:16:11.250164+00:00,0.38,2025-03-17 14:16:11.250164-07:00
KXUSOMENSINGLES-25-ND,2025-03-23 00:00:00+00:00,2025_03_22_close_1700_PT,2025-03-22 17:00:00-07:00,2025-03-19 07:01:50.304458+00:00,0.13,2025-03-19 00:01:50.304458-07:00
KXUSOPEN-25-BD,2025-03-23 00:00:00+00:00,2025_03_22_close_1700_PT,2025-03-22 17:00:00-07:00,2025-03-20 19:46:26.235332+00:00,0.07,2025-03-20 12:46:26.235332-07:00
KXUSOPEN-25-BK,2025-03-23 00:00:00+00:00,2025_03_22_close_1700_PT,2025-03-22 17:00:00-07:00,2025-03-20 08:18:27.580179+00:00,0.05,2025-03-20 01:18:27.580179-07:00
KXUSOPEN-25-RM,2025-03-23 00:00:00+00:00,2025_03_22_close_1700_PT,2025-03-22 17:00:00-07:00,2025-03-21 13:20:39.856711+00:00,0.11,2025-03-21 06:20:39.856711-07:00
KXUSOPEN-25-RMAC,2025-03-23 00:00:00+00:00,2025_03_22_close_1700_PT,2025-03-22 17:00:00-07:00,2025-02-13 20:06:17.379384+00:00,0.03,2025-02-13 12:06:17.379384-08:00
KXUSOPEN-25-SS,2025-03-23 00:00:00+00:00,2025_03_22_close_1700_PT,2025-03-22 17:00:00-07:00,2025-03-22 18:53:18.870401+00:00,0.15,2025-03-22 11:53:18.870401-07:00
KXUSOPEN-25-VH,2025-03-23 00:00:00+00:00,2025_03_22_close_1700_PT,2025-03-22 17:00:00-07:00,2025-03-19 14:34:48.583482+00:00,0.05,2025-03-19 07:34:48.583482-07:00
KXWMENSINGLES-25-CA,2025-03-23 00:00:00+00:00,2025_03_22_close_1700_PT,2025-03-22 17:00:00-07:00,2025-03-19 12:14:06.749595+00:00,0.37,2025-03-19 05:14:06.749595-07:00
KXWMENSINGLES-25-JS,2025-03-23 00:00:00+00:00,2025_03_22_close_1700_PT,2025-03-22 17:00:00-07:00,2025-03-17 16:56:46.527365+00:00,0.29,2025-03-17 09:56:46.527365-07:00
KXWMENSINGLES-25-ND,2025-03-23 00:00:00+00:00,2025_03_22_close_1700_PT,2025-03-22 17:00:00-07:00,2025-03-14 19:29:15.505737+00:00,0.15,2025-03-14 12:29:15.505737-07:00
KXWMENSINGLES-25-TF,2025-03-23 00:00:00+00:00,2025_03_22_close_1700_PT,2025-03-22 17:00:00-07:00,,,
LEAVEPOWELL-25-DEC31,2025-03-23 00:00:00+00:00,2025_03_22_close_1700_PT,2025-03-22 17:00:00-07:00,2025-03-22 21:06:23.537466+00:00,0.15,2025-03-22 14:06:23.537466-07:00
RECSSNBER-25,2025-03-23 00:00:00+00:00,2025_03_22_close_1700_PT,2025-03-22 17:00:00-07:00,2025-03-22 15:45:29.073693+00:00,0.4,2025-03-22 08:45:29.073693-07:00
FED-25MAY-T4.00,2025-03-23 12:00:00+00:00,2025_03_23_open_0500_PT,2025-03-23 05:00:00-07:00,2025-03-23 11:59:31.553668+00:00,0.94,2025-03-23 04:59:31.553668-07:00
FED-25MAY-T4.25,2025-03-23 12:00:00+00:00,2025_03_23_open_0500_PT,2025-03-23 05:00:00-07:00,2025-03-23 11:58:51.222873+00:00,0.81,2025-03-23 04:58:51.222873-07:00
GOVPARTYNJ-25-D,2025-03-23 12:00:00+00:00,2025_03_23_open_0500_PT,2025-03-23 05:00:00-07:00,2025-03-21 22:29:28.920218+00:00,0.72,2025-03-21 15:29:28.920218-07:00
GOVPARTYNJ-25-R,2025-03-23 12:00:00+00:00,2025_03_23_open_0500_PT,2025-03-23 05:00:00-07:00,2025-03-22 16:40:44.916980+00:00,0.28,2025-03-22 09:40:44.916980-07:00
GOVPARTYVA-25-R,2025-03-23 12:00:00+00:00,2025_03_23_open_0500_PT,2025-03-23 05:00:00-07:00,2025-03-21 16:48:13.612156+00:00,0.14,2025-03-21 09:48:13.612156-07:00
KXBTCMAX150-25-DEC31-149999.99,2025-03-23 12:00:00+00:00,2025_03_23_open_0500_PT,2025-03-23 05:00:00-07:00,2025-03-23 11:23:12.362396+00:00,0.26,2025-03-23 04:23:12.362396-07:00
KXBTCMAXY-25-DEC31-124999.99,2025-03-23 12:00:00+00:00,2025_03_23_open_0500_PT,2025-03-23 05:00:00-07:00,2025-03-23 11:55:31.664506+00:00,0.4,2025-03-23 04:55:31.664506-07:00
KXBTCMAXY-25-DEC31-149999.99,2025-03-23 12:00:00+00:00,2025_03_23_open_0500_PT,2025-03-23 05:00:00-07:00,2025-03-23 09:48:29.645173+00:00,0.25,2025-03-23 02:48:29.645173-07:00
KXBTCRESERVE-26-JAN01,2025-03-23 12:00:00+00:00,2025_03_23_open_0500_PT,2025-03-23 05:00:00-07:00,2025-03-23 11:56:42.474920+00:00,0.53,2025-03-23 04:56:42.474920-07:00
KXCANADAPM-45-C,2025-03-23 12:00:00+00:00,2025_03_23_open_0500_PT,2025-03-23 05:00:00-07:00,2025-03-23 11:01:54.206859+00:00,0.41,2025-03-23 04:01:54.206859-07:00
KXCANADAPM-45-L,2025-03-23 12:00:00+00:00,2025_03_23_open_0500_PT,2025-03-23 05:00:00-07:00,2025-03-23 11:26:03.405411+00:00,0.6,2025-03-23 04:26:03.405411-07:00
KXCPIYOY-25APR-T2.4,2025-03-23 12:00:00+00:00,2025_03_23_open_0500_PT,2025-03-23 05:00:00-07:00,2025-03-21 08:10:59.856677+00:00,0.71,2025-03-21 01:10:59.856677-07:00
KXCPIYOY-25APR-T2.5,2025-03-23 12:00:00+00:00,2025_03_23_open_0500_PT,2025-03-23 05:00:00-07:00,2025-03-21 08:10:13.622844+00:00,0.43,2025-03-21 01:10:13.622844-07:00
KXDOED-26-JAN01,2025-03-23 12:00:00+00:00,2025_03_23_open_0500_PT,2025-03-23 05:00:00-07:00,2025-03-23 10:43:15.480188+00:00,0.18,2025-03-23 03:43:15.480188-07:00
KXEPSTEIN-25,2025-03-23 12:00:00+00:00,2025_03_23_open_0500_PT,2025-03-23 05:00:00-07:00,2025-03-23 11:57:56.210757+00:00,0.52,2025-03-23 04:57:56.210757-07:00
KXETHMAXY-25DEC31-4999.99,2025-03-23 12:00:00+00:00,2025_03_23_open_0500_PT,2025-03-23 05:00:00-07:00,2025-03-23 08:47:45.691393+00:00,0.17,2025-03-23 01:47:45.691393-07:00
KXFEDDECISION-25MAY-C25,2025-03-23 12:00:00+00:00,2025_03_23_open_0500_PT,2025-03-23 05:00:00-07:00,2025-03-22 21:13:44.629761+00:00,0.18,2025-03-22 14:13:44.629761-07:00
KXFEDDECISION-25MAY-C26,2025-03-23 12:00:00+00:00,2025_03_23_open_0500_PT,2025-03-23 05:00:00-07:00,2025-03-23 11:13:20.394719+00:00,0.03,2025-03-23 04:13:20.394719-07:00
KXFEDDECISION-25MAY-H0,2025-03-23 12:00:00+00:00,2025_03_23_open_0500_PT,2025-03-23 05:00:00-07:00,2025-03-23 11:29:35.800077+00:00,0.8,2025-03-23 04:29:35.800077-07:00
KXFOMENSINGLES-25-CA,2025-03-23 12:00:00+00:00,2025_03_23_open_0500_PT,2025-03-23 05:00:00-07:00,2025-03-22 16:50:51.208564+00:00,0.42,2025-03-22 09:50:51.208564-07:00
KXFOMENSINGLES-25-JS,2025-03-23 12:00:00+00:00,2025_03_23_open_0500_PT,2025-03-23 05:00:00-07:00,2025-03-17 17:22:15.114911+00:00,0.23,2025-03-17 10:22:15.114911-07:00
KXFOMENSINGLES-25-ND,2025-03-23 12:00:00+00:00,2025_03_23_open_0500_PT,2025-03-23 05:00:00-07:00,2025-03-08 17:49:54.374770+00:00,0.12,2025-03-08 09:49:54.374770-08:00
KXFOWOMENSINGLES-25-AS,2025-03-23 12:00:00+00:00,2025_03_23_open_0500_PT,2025-03-23 05:00:00-07:00,2025-03-21 11:25:09.035040+00:00,0.14,2025-03-21 04:25:09.035040-07:00
KXFOWOMENSINGLES-25-CG,2025-03-23 12:00:00+00:00,2025_03_23_open_0500_PT,2025-03-23 05:00:00-07:00,2025-02-10 18:42:35.041176+00:00,0.08,2025-02-10 10:42:35.041176-08:00
KXLEAGUEWORLDS-25-T1,2025-03-23 12:00:00+00:00,2025_03_23_open_0500_PT,2025-03-23 05:00:00-07:00,2025-03-20 06:42:26.116549+00:00,0.22,2025-03-19 23:42:26.116549-07:00
KXLLM1-25DEC31-XAI,2025-03-23 12:00:00+00:00,2025_03_23_open_0500_PT,2025-03-23 05:00:00-07:00,2025-03-22 19:47:02.631633+00:00,0.35,2025-03-22 12:47:02.631633-07:00
KXMARMAD-25-AU,2025-03-23 12:00:00+00:00,2025_03_23_open_0500_PT,2025-03-23 05:00:00-07:00,2025-03-23 11:53:37.794708+00:00,0.16,2025-03-23 04:53:37.794708-07:00
KXMARMAD-25-DU,2025-03-23 12:00:00+00:00,2025_03_23_open_0500_PT,2025-03-23 05:00:00-07:00,2025-03-23 11:59:40.991724+00:00,0.26,2025-03-23 04:59:40.991724-07:00
KXMARMAD-25-FL,2025-03-23 12:00:00+00:00,2025_03_23_open_0500_PT,2025-03-23 05:00:00-07:00,2025-03-23 11:58:29.126681+00:00,0.22,2025-03-23 04:58:29.126681-07:00
KXMARMAD-25-HOU,2025-03-23 12:00:00+00:00,2025_03_23_open_0500_PT,2025-03-23 05:00:00-07:00,2025-03-23 11:55:42.484736+00:00,0.17,2025-03-23 04:55:42.484736-07:00
KXMASTERS-25-BD,2025-03-23 12:00:00+00:00,2025_03_23_open_0500_PT,2025-03-23 05:00:00-07:00,2025-03-21 17:21:40.338625+00:00,0.04,2025-03-21 10:21:40.338625-07:00
KXMASTERS-25-CM,2025-03-23 12:00:00+00:00,2025_03_23_open_0500_PT,2025-03-23 05:00:00-07:00,2025-03-21 13:14:02.341714+00:00,0.06,2025-03-21 06:14:02.341714-07:00
KXMASTERS-25-LA,2025-03-23 12:00:00+00:00,2025_03_23_open_0500_PT,2025-03-23 05:00:00-07:00,2025-03-21 23:40:48.336512+00:00,0.07,2025-03-21 16:40:48.336512-07:00
KXMASTERS-25-RM,2025-03-23 12:00:00+00:00,2025_03_23_open_0500_PT,2025-03-23 05:00:00-07:00,2025-03-23 06:58:05.478610+00:00,0.12,2025-03-22 23:58:05.478610-07:00
KXMASTERS-25-SS,2025-03-23 12:00:00+00:00,2025_03_23_open_0500_PT,2025-03-23 05:00:00-07:00,2025-03-23 09:51:20.835897+00:00,0.17,2025-03-23 02:51:20.835897-07:00
KXMAYORNYCNOMD-25-AC,2025-03-23 12:00:00+00:00,2025_03_23_open_0500_PT,2025-03-23 05:00:00-07:00,2025-03-23 10:33:24.357684+00:00,0.73,2025-03-23 03:33:24.357684-07:00
KXMAYORNYCNOMD-25-ZM,2025-03-23 12:00:00+00:00,2025_03_23_open_0500_PT,2025-03-23 05:00:00-07:00,2025-03-23 10:54:57.882845+00:00,0.09,2025-03-23 03:54:57.882845-07:00
KXMAYORNYCPARTY-25-D,2025-03-23 12:00:00+00:00,2025_03_23_open_0500_PT,2025-03-23 05:00:00-07:00,2025-03-16 16:56:03.125329+00:00,0.93,2025-03-16 09:56:03.125329-07:00
KXMAYORNYCPARTY-25-R,2025-03-23 12:00:00+00:00,2025_03_23_open_0500_PT,2025-03-23 05:00:00-07:00,2025-03-18 20:49:23.852039+00:00,0.08,2025-03-18 13:49:23.852039-07:00
KXMLB-25-LAD,2025-03-23 12:00:00+00:00,2025_03_23_open_0500_PT,2025-03-23 05:00:00-07:00,2025-03-21 23:55:38.964265+00:00,0.27,2025-03-21 16:55:38.964265-07:00
KXMLB-25-MIL,2025-03-23 12:00:00+00:00,2025_03_23_open_0500_PT,2025-03-23 05:00:00-07:00,2025-03-10 06:18:13.923662+00:00,0.02,2025-03-09 23:18:13.923662-07:00
KXMLB-25-PHI,2025-03-23 12:00:00+00:00,2025_03_23_open_0500_PT,2025-03-23 05:00:00-07:00,2025-03-18 19:14:52.272018+00:00,0.05,2025-03-18 12:14:52.272018-07:00
KXMLB-25-SEA,2025-03-23 12:00:00+00:00,2025_03_23_open_0500_PT,2025-03-23 05:00:00-07:00,2025-03-11 23:27:34.973762+00:00,0.03,2025-03-11 16:27:34.973762-07:00
KXMLB-25-TOR,2025-03-23 12:00:00+00:00,2025_03_23_open_0500_PT,2025-03-23 05:00:00-07:00,2025-03-23 11:29:11.561514+00:00,0.02,2025-03-23 04:29:11.561514-07:00
KXMLBAL-25-SEA,2025-03-23 12:00:00+00:00,2025_03_23_open_0500_PT,2025-03-23 05:00:00-07:00,2025-03-19 20:26:22.360788+00:00,0.1,2025-03-19 13:26:22.360788-07:00
KXMLBAL-25-TOR,2025-03-23 12:00:00+00:00,2025_03_23_open_0500_PT,2025-03-23 05:00:00-07:00,2025-03-14 15:24:14.606706+00:00,0.02,2025-03-14 08:24:14.606706-07:00
KXMLBNL-25-LAD,2025-03-23 12:00:00+00:00,2025_03_23_open_0500_PT,2025-03-23 05:00:00-07:00,2025-03-21 19:06:32.646874+00:00,0.37,2025-03-21 12:06:32.646874-07:00
KXNBA-25-BOS,2025-03-23 12:00:00+00:00,2025_03_23_open_0500_PT,2025-03-23 05:00:00-07:00,2025-03-23 11:33:58.873723+00:00,0.28,2025-03-23 04:33:58.873723-07:00
KXNBA-25-CLE,2025-03-23 12:00:00+00:00,2025_03_23_open_0500_PT,2025-03-23 05:00:00-07:00,2025-03-23 05:16:22.828711+00:00,0.14,2025-03-22 22:16:22.828711-07:00
KXNBA-25-DEN,2025-03-23 12:00:00+00:00,2025_03_23_open_0500_PT,2025-03-23 05:00:00-07:00,2025-03-23 11:34:12.993828+00:00,0.05,2025-03-23 04:34:12.993828-07:00
KXNBA-25-GSW,2025-03-23 12:00:00+00:00,2025_03_23_open_0500_PT,2025-03-23 05:00:00-07:00,2025-03-22 18:19:26.627967+00:00,0.05,2025-03-22 11:19:26.627967-07:00
KXNBA-25-IND,2025-03-23 12:00:00+00:00,2025_03_23_open_0500_PT,2025-03-23 05:00:00-07:00,2025-03-13 13:14:25.254451+00:00,0.01,2025-03-13 06:14:25.254451-07:00
KXNBA-25-LAL,2025-03-23 12:00:00+00:00,2025_03_23_open_0500_PT,2025-03-23 05:00:00-07:00,2025-03-23 11:45:05.893625+00:00,0.08,2025-03-23 04:45:05.893625-07:00
KXNBA-25-MIN,2025-03-23 12:00:00+00:00,2025_03_23_open_0500_PT,2025-03-23 05:00:00-07:00,2025-03-20 09:21:29.946374+00:00,0.02,2025-03-20 02:21:29.946374-07:00
KXNBA-25-NYK,2025-03-23 12:00:00+00:00,2025_03_23_open_0500_PT,2025-03-23 05:00:00-07:00,2025-03-22 07:22:32.515992+00:00,0.02,2025-03-22 00:22:32.515992-07:00
KXNBA-25-OKC,2025-03-23 12:00:00+00:00,2025_03_23_open_0500_PT,2025-03-23 05:00:00-07:00,2025-03-23 05:45:47.082447+00:00,0.32,2025-03-22 22:45:47.082447-07:00
KXNBAEAST-25-BOS,2025-03-23 12:00:00+00:00,2025_03_23_open_0500_PT,2025-03-23 05:00:00-07:00,2025-03-22 15:54:46.810762+00:00,0.55,2025-03-22 08:54:46.810762-07:00
KXNBAEAST-25-IND,2025-03-23 12:00:00+00:00,2025_03_23_open_0500_PT,2025-03-23 05:00:00-07:00,2025-03-06 12:33:13.620263+00:00,0.02,2025-03-06 04:33:13.620263-08:00
KXNBAEAST-25-NYK,2025-03-23 12:00:00+00:00,2025_03_23_open_0500_PT,2025-03-23 05:00:00-07:00,2025-03-21 16:49:12.576347+00:00,0.08,2025-03-21 09:49:12.576347-07:00
KXNBAWEST-25-DEN,2025-03-23 12:00:00+00:00,2025_03_23_open_0500_PT,2025-03-23 05:00:00-07:00,2025-03-22 18:38:36.961943+00:00,0.1,2025-03-22 11:38:36.961943-07:00
KXNBAWEST-25-MIN,2025-03-23 12:00:00+00:00,2025_03_23_open_0500_PT,2025-03-23 05:00:00-07:00,2025-03-20 14:36:58.016019+00:00,0.05,2025-03-20 07:36:58.016019-07:00
KXNBAWEST-25-OKC,2025-03-23 12:00:00+00:00,2025_03_23_open_0500_PT,2025-03-23 05:00:00-07:00,2025-03-22 11:29:27.904135+00:00,0.55,2025-03-22 04:29:27.904135-07:00
KXNCAAF-26-OSU,2025-03-23 12:00:00+00:00,2025_03_23_open_0500_PT,2025-03-23 05:00:00-07:00,2025-03-20 16:15:19.205391+00:00,0.17,2025-03-20 09:15:19.205391-07:00
KXNHL-25-EDM,2025-03-23 12:00:00+00:00,2025_03_23_open_0500_PT,2025-03-23 05:00:00-07:00,2025-03-22 18:15:59.678643+00:00,0.08,2025-03-22 11:15:59.678643-07:00
KXNHL-25-FLA,2025-03-23 12:00:00+00:00,2025_03_23_open_0500_PT,2025-03-23 05:00:00-07:00,2025-03-19 07:52:26.186341+00:00,0.12,2025-03-19 00:52:26.186341-07:00
KXNOBELPEACE-25-DJT,2025-03-23 12:00:00+00:00,2025_03_23_open_0500_PT,2025-03-23 05:00:00-07:00,2025-03-22 18:14:29.493591+00:00,0.08,2025-03-22 11:14:29.493591-07:00
KXPGA-25-BD,2025-03-23 12:00:00+00:00,2025_03_23_open_0500_PT,2025-03-23 05:00:00-07:00,2025-03-20 12:28:07.193994+00:00,0.06,2025-03-20 05:28:07.193994-07:00
KXPGA-25-RM,2025-03-23 12:00:00+00:00,2025_03_23_open_0500_PT,2025-03-23 05:00:00-07:00,2025-03-21 11:31:09.126921+00:00,0.13,2025-03-21 04:31:09.126921-07:00
KXPGA-25-SS,2025-03-23 12:00:00+00:00,2025_03_23_open_0500_PT,2025-03-23 05:00:00-07:00,2025-03-18 17:10:19.348528+00:00,0.18,2025-03-18 10:10:19.348528-07:00
KXRATECUTCOUNT-25DEC31-T0,2025-03-23 12:00:00+00:00,2025_03_23_open_0500_PT,2025-03-23 05:00:00-07:00,2025-03-22 12:58:09.738138+00:00,0.12,2025-03-22 05:58:09.738138-07:00
KXRATECUTCOUNT-25DEC31-T1,2025-03-23 12:00:00+00:00,2025_03_23_open_0500_PT,2025-03-23 05:00:00-07:00,2025-03-22 11:09:07.266133+00:00,0.15,2025-03-22 04:09:07.266133-07:00
KXRATECUTCOUNT-25DEC31-T2,2025-03-23 12:00:00+00:00,2025_03_23_open_0500_PT,2025-03-23 05:00:00-07:00,2025-03-23 07:52:55.964848+00:00,0.25,2025-03-23 00:52:55.964848-07:00
KXRATECUTCOUNT-25DEC31-T3,2025-03-23 12:00:00+00:00,2025_03_23_open_0500_PT,2025-03-23 05:00:00-07:00,2025-03-22 08:12:28.754419+00:00,0.19,2025-03-22 01:12:28.754419-07:00
KXSB-26-BAL,2025-03-23 12:00:00+00:00,2025_03_23_open_0500_PT,2025-03-23 05:00:00-07:00,2025-03-23 11:33:25.360286+00:00,0.1,2025-03-23 04:33:25.360286-07:00
KXSB-26-BUF,2025-03-23 12:00:00+00:00,2025_03_23_open_0500_PT,2025-03-23 05:00:00-07:00,2025-03-23 10:29:57.344680+00:00,0.11,2025-03-23 03:29:57.344680-07:00
KXSB-26-GB,2025-03-23 12:00:00+00:00,2025_03_23_open_0500_PT,2025-03-23 05:00:00-07:00,2025-03-18 18:00:55.371384+00:00,0.03,2025-03-18 11:00:55.371384-07:00
KXSB-26-KC,2025-03-23 12:00:00+00:00,2025_03_23_open_0500_PT,2025-03-23 05:00:00-07:00,2025-03-22 21:25:16.598872+00:00,0.11,2025-03-22 14:25:16.598872-07:00
KXSB-26-PHI,2025-03-23 12:00:00+00:00,2025_03_23_open_0500_PT,2025-03-23 05:00:00-07:00,2025-03-22 21:25:06.179568+00:00,0.11,2025-03-22 14:25:06.179568-07:00
KXSB-26-SEA,2025-03-23 12:00:00+00:00,2025_03_23_open_0500_PT,2025-03-23 05:00:00-07:00,2025-03-18 11:58:49.814166+00:00,0.01,2025-03-18 04:58:49.814166-07:00
KXTHEOPEN-25-RM,2025-03-23 12:00:00+00:00,2025_03_23_open_0500_PT,2025-03-23 05:00:00-07:00,2025-03-21 13:21:30.460808+00:00,0.13,2025-03-21 06:21:30.460808-07:00
KXTHEOPEN-25-SS,2025-03-23 12:00:00+00:00,2025_03_23_open_0500_PT,2025-03-23 05:00:00-07:00,2025-03-21 11:30:31.056877+00:00,0.2,2025-03-21 04:30:31.056877-07:00
KXTOPARTIST-25-BB,2025-03-23 12:00:00+00:00,2025_03_23_open_0500_PT,2025-03-23 05:00:00-07:00,2025-03-22 21:46:01.192478+00:00,0.64,2025-03-22 14:46:01.192478-07:00
KXTOPARTIST-25-TS,2025-03-23 12:00:00+00:00,2025_03_23_open_0500_PT,2025-03-23 05:00:00-07:00,2025-03-22 21:46:01.325417+00:00,0.39,2025-03-22 14:46:01.325417-07:00
KXUEFACL-25-IM,2025-03-23 12:00:00+00:00,2025_03_23_open_0500_PT,2025-03-23 05:00:00-07:00,2025-03-21 18:30:25.211739+00:00,0.07,2025-03-21 11:30:25.211739-07:00
KXUEFACL-25-PSG,2025-03-23 12:00:00+00:00,2025_03_23_open_0500_PT,2025-03-23 05:00:00-07:00,2025-03-22 11:35:31.177904+00:00,0.21,2025-03-22 04:35:31.177904-07:00
KXUSOMENSINGLES-25-CA,2025-03-23 12:00:00+00:00,2025_03_23_open_0500_PT,2025-03-23 05:00:00-07:00,2025-03-17 18:29:54.515804+00:00,0.25,2025-03-17 11:29:54.515804-07:00
KXUSOMENSINGLES-25-JS,2025-03-23 12:00:00+00:00,2025_03_23_open_0500_PT,2025-03-23 05:00:00-07:00,2025-03-23 08:36:42.643007+00:00,0.37,2025-03-23 01:36:42.643007-07:00
KXUSOMENSINGLES-25-ND,2025-03-23 12:00:00+00:00,2025_03_23_open_0500_PT,2025-03-23 05:00:00-07:00,2025-03-19 07:01:50.304458+00:00,0.13,2025-03-19 00:01:50.304458-07:00
KXUSOPEN-25-BD,2025-03-23 12:00:00+00:00,2025_03_23_open_0500_PT,2025-03-23 05:00:00-07:00,2025-03-20 19:46:26.235332+00:00,0.07,2025-03-20 12:46:26.235332-07:00
KXUSOPEN-25-BK,2025-03-23 12:00:00+00:00,2025_03_23_open_0500_PT,2025-03-23 05:00:00-07:00,2025-03-20 08:18:27.580179+00:00,0.05,2025-03-20 01:18:27.580179-07:00
KXUSOPEN-25-RM,2025-03-23 12:00:00+00:00,2025_03_23_open_0500_PT,2025-03-23 05:00:00-07:00,2025-03-21 13:20:39.856711+00:00,0.11,2025-03-21 06:20:39.856711-07:00
KXUSOPEN-25-RMAC,2025-03-23 12:00:00+00:00,2025_03_23_open_0500_PT,2025-03-23 05:00:00-07:00,2025-02-13 20:06:17.379384+00:00,0.03,2025-02-13 12:06:17.379384-08:00
KXUSOPEN-25-SS,2025-03-23 12:00:00+00:00,2025_03_23_open_0500_PT,2025-03-23 05:00:00-07:00,2025-03-22 18:53:18.870401+00:00,0.15,2025-03-22 11:53:18.870401-07:00
KXUSOPEN-25-VH,2025-03-23 12:00:00+00:00,2025_03_23_open_0500_PT,2025-03-23 05:00:00-07:00,2025-03-19 14:34:48.583482+00:00,0.05,2025-03-19 07:34:48.583482-07:00
KXWMENSINGLES-25-CA,2025-03-23 12:00:00+00:00,2025_03_23_open_0500_PT,2025-03-23 05:00:00-07:00,2025-03-19 12:14:06.749595+00:00,0.37,2025-03-19 05:14:06.749595-07:00
KXWMENSINGLES-25-JS,2025-03-23 12:00:00+00:00,2025_03_23_open_0500_PT,2025-03-23 05:00:00-07:00,2025-03-17 16:56:46.527365+00:00,0.29,2025-03-17 09:56:46.527365-07:00
KXWMENSINGLES-25-ND,2025-03-23 12:00:00+00:00,2025_03_23_open_0500_PT,2025-03-23 05:00:00-07:00,2025-03-14 19:29:15.505737+00:00,0.15,2025-03-14 12:29:15.505737-07:00
KXWMENSINGLES-25-TF,2025-03-23 12:00:00+00:00,2025_03_23_open_0500_PT,2025-03-23 05:00:00-07:00,,,
LEAVEPOWELL-25-DEC31,2025-03-23 12:00:00+00:00,2025_03_23_open_0500_PT,2025-03-23 05:00:00-07:00,2025-03-22 21:06:23.537466+00:00,0.15,2025-03-22 14:06:23.537466-07:00
RECSSNBER-25,2025-03-23 12:00:00+00:00,2025_03_23_open_0500_PT,2025-03-23 05:00:00-07:00,2025-03-23 11:31:51.459266+00:00,0.39,2025-03-23 04:31:51.459266-07:00
FED-25MAY-T4.00,2025-03-24 00:00:00+00:00,2025_03_23_close_1700_PT,2025-03-23 17:00:00-07:00,2025-03-23 23:26:27.564031+00:00,0.94,2025-03-23 16:26:27.564031-07:00
FED-25MAY-T4.25,2025-03-24 00:00:00+00:00,2025_03_23_close_1700_PT,2025-03-23 17:00:00-07:00,2025-03-23 23:24:53.942861+00:00,0.81,2025-03-23 16:24:53.942861-07:00
GOVPARTYNJ-25-D,2025-03-24 00:00:00+00:00,2025_03_23_close_1700_PT,2025-03-23 17:00:00-07:00,2025-03-21 22:29:28.920218+00:00,0.72,2025-03-21 15:29:28.920218-07:00
GOVPARTYNJ-25-R,2025-03-24 00:00:00+00:00,2025_03_23_close_1700_PT,2025-03-23 17:00:00-07:00,2025-03-23 13:38:01.681597+00:00,0.27,2025-03-23 06:38:01.681597-07:00
GOVPARTYVA-25-R,2025-03-24 00:00:00+00:00,2025_03_23_close_1700_PT,2025-03-23 17:00:00-07:00,2025-03-21 16:48:13.612156+00:00,0.14,2025-03-21 09:48:13.612156-07:00
KXBTCMAX150-25-DEC31-149999.99,2025-03-24 00:00:00+00:00,2025_03_23_close_1700_PT,2025-03-23 17:00:00-07:00,2025-03-23 22:06:47.882241+00:00,0.26,2025-03-23 15:06:47.882241-07:00
KXBTCMAXY-25-DEC31-124999.99,2025-03-24 00:00:00+00:00,2025_03_23_close_1700_PT,2025-03-23 17:00:00-07:00,2025-03-23 19:14:43.395444+00:00,0.43,2025-03-23 12:14:43.395444-07:00
KXBTCMAXY-25-DEC31-149999.99,2025-03-24 00:00:00+00:00,2025_03_23_close_1700_PT,2025-03-23 17:00:00-07:00,2025-03-23 14:05:49.104431+00:00,0.26,2025-03-23 07:05:49.104431-07:00
KXBTCRESERVE-26-JAN01,2025-03-24 00:00:00+00:00,2025_03_23_close_1700_PT,2025-03-23 17:00:00-07:00,2025-03-23 22:46:22.570053+00:00,0.53,2025-03-23 15:46:22.570053-07:00
KXCANADAPM-45-C,2025-03-24 00:00:00+00:00,2025_03_23_close_1700_PT,2025-03-23 17:00:00-07:00,2025-03-23 22:39:30.937720+00:00,0.47,2025-03-23 15:39:30.937720-07:00
KXCANADAPM-45-L,2025-03-24 00:00:00+00:00,2025_03_23_close_1700_PT,2025-03-23 17:00:00-07:00,2025-03-23 22:56:43.648068+00:00,0.54,2025-03-23 15:56:43.648068-07:00
KXCPIYOY-25APR-T2.4,2025-03-24 00:00:00+00:00,2025_03_23_close_1700_PT,2025-03-23 17:00:00-07:00,2025-03-21 08:10:59.856677+00:00,0.71,2025-03-21 01:10:59.856677-07:00
KXCPIYOY-25APR-T2.5,2025-03-24 00:00:00+00:00,2025_03_23_close_1700_PT,2025-03-23 17:00:00-07:00,2025-03-21 08:10:13.622844+00:00,0.43,2025-03-21 01:10:13.622844-07:00
KXDOED-26-JAN01,2025-03-24 00:00:00+00:00,2025_03_23_close_1700_PT,2025-03-23 17:00:00-07:00,2025-03-23 23:46:35.595749+00:00,0.16,2025-03-23 16:46:35.595749-07:00
KXEPSTEIN-25,2025-03-24 00:00:00+00:00,2025_03_23_close_1700_PT,2025-03-23 17:00:00-07:00,2025-03-23 23:54:25.345002+00:00,0.51,2025-03-23 16:54:25.345002-07:00
KXETHMAXY-25DEC31-4999.99,2025-03-24 00:00:00+00:00,2025_03_23_close_1700_PT,2025-03-23 17:00:00-07:00,2025-03-23 08:47:45.691393+00:00,0.17,2025-03-23 01:47:45.691393-07:00
KXFEDDECISION-25MAY-C25,2025-03-24 00:00:00+00:00,2025_03_23_close_1700_PT,2025-03-23 17:00:00-07:00,2025-03-23 19:46:12.163114+00:00,0.17,2025-03-23 12:46:12.163114-07:00
KXFEDDECISION-25MAY-C26,2025-03-24 00:00:00+00:00,2025_03_23_close_1700_PT,2025-03-23 17:00:00-07:00,2025-03-23 14:42:03.225376+00:00,0.03,2025-03-23 07:42:03.225376-07:00
KXFEDDECISION-25MAY-H0,2025-03-24 00:00:00+00:00,2025_03_23_close_1700_PT,2025-03-23 17:00:00-07:00,2025-03-23 21:09:31.094219+00:00,0.83,2025-03-23 14:09:31.094219-07:00
KXFOMENSINGLES-25-CA,2025-03-24 00:00:00+00:00,2025_03_23_close_1700_PT,2025-03-23 17:00:00-07:00,2025-03-23 20:37:24.744116+00:00,0.42,2025-03-23 13:37:24.744116-07:00
KXFOMENSINGLES-25-JS,2025-03-24 00:00:00+00:00,2025_03_23_close_1700_PT,2025-03-23 17:00:00-07:00,2025-03-17 17:22:15.114911+00:00,0.23,2025-03-17 10:22:15.114911-07:00
KXFOMENSINGLES-25-ND,2025-03-24 00:00:00+00:00,2025_03_23_close_1700_PT,2025-03-23 17:00:00-07:00,2025-03-08 17:49:54.374770+00:00,0.12,2025-03-08 09:49:54.374770-08:00
KXFOWOMENSINGLES-25-AS,2025-03-24 00:00:00+00:00,2025_03_23_close_1700_PT,2025-03-23 17:00:00-07:00,2025-03-21 11:25:09.035040+00:00,0.14,2025-03-21 04:25:09.035040-07:00
KXFOWOMENSINGLES-25-CG,2025-03-24 00:00:00+00:00,2025_03_23_close_1700_PT,2025-03-23 17:00:00-07:00,2025-02-10 18:42:35.041176+00:00,0.08,2025-02-10 10:42:35.041176-08:00
KXLEAGUEWORLDS-25-T1,2025-03-24 00:00:00+00:00,2025_03_23_close_1700_PT,2025-03-23 17:00:00-07:00,2025-03-20 06:42:26.116549+00:00,0.22,2025-03-19 23:42:26.116549-07:00
KXLLM1-25DEC31-XAI,2025-03-24 00:00:00+00:00,2025_03_23_close_1700_PT,2025-03-23 17:00:00-07:00,2025-03-23 13:56:02.632741+00:00,0.35,2025-03-23 06:56:02.632741-07:00
KXMARMAD-25-AU,2025-03-24 00:00:00+00:00,2025_03_23_close_1700_PT,2025-03-23 17:00:00-07:00,2025-03-23 23:36:01.795379+00:00,0.16,2025-03-23 16:36:01.795379-07:00
KXMARMAD-25-DU,2025-03-24 00:00:00+00:00,2025_03_23_close_1700_PT,2025-03-23 17:00:00-07:00,2025-03-23 23:58:44.764678+00:00,0.29,2025-03-23 16:58:44.764678-07:00
KXMARMAD-25-FL,2025-03-24 00:00:00+00:00,2025_03_23_close_1700_PT,2025-03-23 17:00:00-07:00,2025-03-23 23:56:05.612408+00:00,0.2,2025-03-23 16:56:05.612408-07:00
KXMARMAD-25-HOU,2025-03-24 00:00:00+00:00,2025_03_23_close_1700_PT,2025-03-23 17:00:00-07:00,2025-03-23 23:40:32.554756+00:00,0.15,2025-03-23 16:40:32.554756-07:00
KXMASTERS-25-BD,2025-03-24 00:00:00+00:00,2025_03_23_close_1700_PT,2025-03-23 17:00:00-07:00,2025-03-21 17:21:40.338625+00:00,0.04,2025-03-21 10:21:40.338625-07:00
KXMASTERS-25-CM,2025-03-24 00:00:00+00:00,2025_03_23_close_1700_PT,2025-03-23 17:00:00-07:00,2025-03-23 20:41:14.265336+00:00,0.06,2025-03-23 13:41:14.265336-07:00
KXMASTERS-25-LA,2025-03-24 00:00:00+00:00,2025_03_23_close_1700_PT,2025-03-23 17:00:00-07:00,2025-03-23 20:41:27.522505+00:00,0.07,2025-03-23 13:41:27.522505-07:00
KXMASTERS-25-RM,2025-03-24 00:00:00+00:00,2025_03_23_close_1700_PT,2025-03-23 17:00:00-07:00,2025-03-23 23:50:41.355062+00:00,0.13,2025-03-23 16:50:41.355062-07:00
KXMASTERS-25-SS,2025-03-24 00:00:00+00:00,2025_03_23_close_1700_PT,2025-03-23 17:00:00-07:00,2025-03-23 22:56:36.460073+00:00,0.14,2025-03-23 15:56:36.460073-07:00
KXMAYORNYCNOMD-25-AC,2025-03-24 00:00:00+00:00,2025_03_23_close_1700_PT,2025-03-23 17:00:00-07:00,2025-03-23 22:25:58.076204+00:00,0.74,2025-03-23 15:25:58.076204-07:00
KXMAYORNYCNOMD-25-ZM,2025-03-24 00:00:00+00:00,2025_03_23_close_1700_PT,2025-03-23 17:00:00-07:00,2025-03-23 22:05:20.607514+00:00,0.07,2025-03-23 15:05:20.607514-07:00
KXMAYORNYCPARTY-25-D,2025-03-24 00:00:00+00:00,2025_03_23_close_1700_PT,2025-03-23 17:00:00-07:00,2025-03-16 16:56:03.125329+00:00,0.93,2025-03-16 09:56:03.125329-07:00
KXMAYORNYCPARTY-25-R,2025-03-24 00:00:00+00:00,2025_03_23_close_1700_PT,2025-03-23 17:00:00-07:00,2025-03-18 20:49:23.852039+00:00,0.08,2025-03-18 13:49:23.852039-07:00
KXMLB-25-LAD,2025-03-24 00:00:00+00:00,2025_03_23_close_1700_PT,2025-03-23 17:00:00-07:00,2025-03-21 23:55:38.964265+00:00,0.27,2025-03-21 16:55:38.964265-07:00
KXMLB-25-MIL,2025-03-24 00:00:00+00:00,2025_03_23_close_1700_PT,2025-03-23 17:00:00-07:00,2025-03-10 06:18:13.923662+00:00,0.02,2025-03-09 23:18:13.923662-07:00
KXMLB-25-PHI,2025-03-24 00:00:00+00:00,2025_03_23_close_1700_PT,2025-03-23 17:00:00-07:00,2025-03-18 19:14:52.272018+00:00,0.05,2025-03-18 12:14:52.272018-07:00
KXMLB-25-SEA,2025-03-24 00:00:00+00:00,2025_03_23_close_1700_PT,2025-03-23 17:00:00-07:00,2025-03-11 23:27:34.973762+00:00,0.03,2025-03-11 16:27:34.973762-07:00
KXMLB-25-TOR,2025-03-24 00:00:00+00:00,2025_03_23_close_1700_PT,2025-03-23 17:00:00-07:00,2025-03-23 11:29:11.561514+00:00,0.02,2025-03-23 04:29:11.561514-07:00
KXMLBAL-25-SEA,2025-03-24 00:00:00+00:00,2025_03_23_close_1700_PT,2025-03-23 17:00:00-07:00,2025-03-19 20:26:22.360788+00:00,0.1,2025-03-19 13:26:22.360788-07:00
KXMLBAL-25-TOR,2025-03-24 00:00:00+00:00,2025_03_23_close_1700_PT,2025-03-23 17:00:00-07:00,2025-03-14 15:24:14.606706+00:00,0.02,2025-03-14 08:24:14.606706-07:00
KXMLBNL-25-LAD,2025-03-24 00:00:00+00:00,2025_03_23_close_1700_PT,2025-03-23 17:00:00-07:00,2025-03-21 19:06:32.646874+00:00,0.37,2025-03-21 12:06:32.646874-07:00
KXNBA-25-BOS,2025-03-24 00:00:00+00:00,2025_03_23_close_1700_PT,2025-03-23 17:00:00-07:00,2025-03-23 23:21:26.593350+00:00,0.28,2025-03-23 16:21:26.593350-07:00
KXNBA-25-CLE,2025-03-24 00:00:00+00:00,2025_03_23_close_1700_PT,2025-03-23 17:00:00-07:00,2025-03-23 23:25:00.475911+00:00,0.15,2025-03-23 16:25:00.475911-07:00
KXNBA-25-DEN,2025-03-24 00:00:00+00:00,2025_03_23_close_1700_PT,2025-03-23 17:00:00-07:00,2025-03-23 23:08:18.310557+00:00,0.06,2025-03-23 16:08:18.310557-07:00
KXNBA-25-GSW,2025-03-24 00:00:00+00:00,2025_03_23_close_1700_PT,2025-03-23 17:00:00-07:00,2025-03-22 18:19:26.627967+00:00,0.05,2025-03-22 11:19:26.627967-07:00
KXNBA-25-IND,2025-03-24 00:00:00+00:00,2025_03_23_close_1700_PT,2025-03-23 17:00:00-07:00,2025-03-13 13:14:25.254451+00:00,0.01,2025-03-13 06:14:25.254451-07:00
KXNBA-25-LAL,2025-03-24 00:00:00+00:00,2025_03_23_close_1700_PT,2025-03-23 17:00:00-07:00,2025-03-23 23:22:34.026452+00:00,0.08,2025-03-23 16:22:34.026452-07:00
KXNBA-25-MIN,2025-03-24 00:00:00+00:00,2025_03_23_close_1700_PT,2025-03-23 17:00:00-07:00,2025-03-20 09:21:29.946374+00:00,0.02,2025-03-20 02:21:29.946374-07:00
KXNBA-25-NYK,2025-03-24 00:00:00+00:00,2025_03_23_close_1700_PT,2025-03-23 17:00:00-07:00,2025-03-23 18:55:45.724228+00:00,0.03,2025-03-23 11:55:45.724228-07:00
KXNBA-25-OKC,2025-03-24 00:00:00+00:00,2025_03_23_close_1700_PT,2025-03-23 17:00:00-07:00,2025-03-23 23:21:14.093222+00:00,0.32,2025-03-23 16:21:14.093222-07:00
KXNBAEAST-25-BOS,2025-03-24 00:00:00+00:00,2025_03_23_close_1700_PT,2025-03-23 17:00:00-07:00,2025-03-22 15:54:46.810762+00:00,0.55,2025-03-22 08:54:46.810762-07:00
KXNBAEAST-25-IND,2025-03-24 00:00:00+00:00,2025_03_23_close_1700_PT,2025-03-23 17:00:00-07:00,2025-03-06 12:33:13.620263+00:00,0.02,2025-03-06 04:33:13.620263-08:00
KXNBAEAST-25-NYK,2025-03-24 00:00:00+00:00,2025_03_23_close_1700_PT,2025-03-23 17:00:00-07:00,2025-03-21 16:49:12.576347+00:00,0.08,2025-03-21 09:49:12.576347-07:00
KXNBAWEST-25-DEN,2025-03-24 00:00:00+00:00,2025_03_23_close_1700_PT,2025-03-23 17:00:00-07:00,2025-03-22 18:38:36.961943+00:00,0.1,2025-03-22 11:38:36.961943-07:00
KXNBAWEST-25-MIN,2025-03-24 00:00:00+00:00,2025_03_23_close_1700_PT,2025-03-23 17:00:00-07:00,2025-03-20 14:36:58.016019+00:00,0.05,2025-03-20 07:36:58.016019-07:00
KXNBAWEST-25-OKC,2025-03-24 00:00:00+00:00,2025_03_23_close_1700_PT,2025-03-23 17:00:00-07:00,2025-03-23 21:12:11.694129+00:00,0.54,2025-03-23 14:12:11.694129-07:00
KXNCAAF-26-OSU,2025-03-24 00:00:00+00:00,2025_03_23_close_1700_PT,2025-03-23 17:00:00-07:00,2025-03-20 16:15:19.205391+00:00,0.17,2025-03-20 09:15:19.205391-07:00
KXNHL-25-EDM,2025-03-24 00:00:00+00:00,2025_03_23_close_1700_PT,2025-03-23 17:00:00-07:00,2025-03-22 18:15:59.678643+00:00,0.08,2025-03-22 11:15:59.678643-07:00
KXNHL-25-FLA,2025-03-24 00:00:00+00:00,2025_03_23_close_1700_PT,2025-03-23 17:00:00-07:00,2025-03-19 07:52:26.186341+00:00,0.12,2025-03-19 00:52:26.186341-07:00
KXNOBELPEACE-25-DJT,2025-03-24 00:00:00+00:00,2025_03_23_close_1700_PT,2025-03-23 17:00:00-07:00,2025-03-23 23:06:14.092476+00:00,0.08,2025-03-23 16:06:14.092476-07:00
KXPGA-25-BD,2025-03-24 00:00:00+00:00,2025_03_23_close_1700_PT,2025-03-23 17:00:00-07:00,2025-03-20 12:28:07.193994+00:00,0.06,2025-03-20 05:28:07.193994-07:00
KXPGA-25-RM,2025-03-24 00:00:00+00:00,2025_03_23_close_1700_PT,2025-03-23 17:00:00-07:00,2025-03-21 11:31:09.126921+00:00,0.13,2025-03-21 04:31:09.126921-07:00
KXPGA-25-SS,2025-03-24 00:00:00+00:00,2025_03_23_close_1700_PT,2025-03-23 17:00:00-07:00,2025-03-23 17:42:20.123712+00:00,0.18,2025-03-23 10:42:20.123712-07:00
KXRATECUTCOUNT-25DEC31-T0,2025-03-24 00:00:00+00:00,2025_03_23_close_1700_PT,2025-03-23 17:00:00-07:00,2025-03-22 12:58:09.738138+00:00,0.12,2025-03-22 05:58:09.738138-07:00
KXRATECUTCOUNT-25DEC31-T1,2025-03-24 00:00:00+00:00,2025_03_23_close_1700_PT,2025-03-23 17:00:00-07:00,2025-03-22 11:09:07.266133+00:00,0.15,2025-03-22 04:09:07.266133-07:00
KXRATECUTCOUNT-25DEC31-T2,2025-03-24 00:00:00+00:00,2025_03_23_close_1700_PT,2025-03-23 17:00:00-07:00,2025-03-23 17:21:41.685110+00:00,0.25,2025-03-23 10:21:41.685110-07:00
KXRATECUTCOUNT-25DEC31-T3,2025-03-24 00:00:00+00:00,2025_03_23_close_1700_PT,2025-03-23 17:00:00-07:00,2025-03-22 08:12:28.754419+00:00,0.19,2025-03-22 01:12:28.754419-07:00
KXSB-26-BAL,2025-03-24 00:00:00+00:00,2025_03_23_close_1700_PT,2025-03-23 17:00:00-07:00,2025-03-23 11:33:25.360286+00:00,0.1,2025-03-23 04:33:25.360286-07:00
KXSB-26-BUF,2025-03-24 00:00:00+00:00,2025_03_23_close_1700_PT,2025-03-23 17:00:00-07:00,2025-03-23 10:29:57.344680+00:00,0.11,2025-03-23 03:29:57.344680-07:00
KXSB-26-GB,2025-03-24 00:00:00+00:00,2025_03_23_close_1700_PT,2025-03-23 17:00:00-07:00,2025-03-18 18:00:55.371384+00:00,0.03,2025-03-18 11:00:55.371384-07:00
KXSB-26-KC,2025-03-24 00:00:00+00:00,2025_03_23_close_1700_PT,2025-03-23 17:00:00-07:00,2025-03-22 21:25:16.598872+00:00,0.11,2025-03-22 14:25:16.598872-07:00
KXSB-26-PHI,2025-03-24 00:00:00+00:00,2025_03_23_close_1700_PT,2025-03-23 17:00:00-07:00,2025-03-23 14:22:35.523538+00:00,0.13,2025-03-23 07:22:35.523538-07:00
KXSB-26-SEA,2025-03-24 00:00:00+00:00,2025_03_23_close_1700_PT,2025-03-23 17:00:00-07:00,2025-03-18 11:58:49.814166+00:00,0.01,2025-03-18 04:58:49.814166-07:00
KXTHEOPEN-25-RM,2025-03-24 00:00:00+00:00,2025_03_23_close_1700_PT,2025-03-23 17:00:00-07:00,2025-03-21 13:21:30.460808+00:00,0.13,2025-03-21 06:21:30.460808-07:00
KXTHEOPEN-25-SS,2025-03-24 00:00:00+00:00,2025_03_23_close_1700_PT,2025-03-23 17:00:00-07:00,2025-03-21 11:30:31.056877+00:00,0.2,2025-03-21 04:30:31.056877-07:00
KXTOPARTIST-25-BB,2025-03-24 00:00:00+00:00,2025_03_23_close_1700_PT,2025-03-23 17:00:00-07:00,2025-03-23 18:07:36.955718+00:00,0.6,2025-03-23 11:07:36.955718-07:00
KXTOPARTIST-25-TS,2025-03-24 00:00:00+00:00,2025_03_23_close_1700_PT,2025-03-23 17:00:00-07:00,2025-03-23 20:19:33.436996+00:00,0.43,2025-03-23 13:19:33.436996-07:00
KXUEFACL-25-IM,2025-03-24 00:00:00+00:00,2025_03_23_close_1700_PT,2025-03-23 17:00:00-07:00,2025-03-21 18:30:25.211739+00:00,0.07,2025-03-21 11:30:25.211739-07:00
KXUEFACL-25-PSG,2025-03-24 00:00:00+00:00,2025_03_23_close_1700_PT,2025-03-23 17:00:00-07:00,2025-03-23 16:43:20.051471+00:00,0.2,2025-03-23 09:43:20.051471-07:00
KXUSOMENSINGLES-25-CA,2025-03-24 00:00:00+00:00,2025_03_23_close_1700_PT,2025-03-23 17:00:00-07:00,2025-03-17 18:29:54.515804+00:00,0.25,2025-03-17 11:29:54.515804-07:00
KXUSOMENSINGLES-25-JS,2025-03-24 00:00:00+00:00,2025_03_23_close_1700_PT,2025-03-23 17:00:00-07:00,2025-03-23 08:36:42.643007+00:00,0.37,2025-03-23 01:36:42.643007-07:00
KXUSOMENSINGLES-25-ND,2025-03-24 00:00:00+00:00,2025_03_23_close_1700_PT,2025-03-23 17:00:00-07:00,2025-03-19 07:01:50.304458+00:00,0.13,2025-03-19 00:01:50.304458-07:00
KXUSOPEN-25-BD,2025-03-24 00:00:00+00:00,2025_03_23_close_1700_PT,2025-03-23 17:00:00-07:00,2025-03-20 19:46:26.235332+00:00,0.07,2025-03-20 12:46:26.235332-07:00
KXUSOPEN-25-BK,2025-03-24 00:00:00+00:00,2025_03_23_close_1700_PT,2025-03-23 17:00:00-07:00,2025-03-20 08:18:27.580179+00:00,0.05,2025-03-20 01:18:27.580179-07:00
KXUSOPEN-25-RM,2025-03-24 00:00:00+00:00,2025_03_23_close_1700_PT,2025-03-23 17:00:00-07:00,2025-03-21 13:20:39.856711+00:00,0.11,2025-03-21 06:20:39.856711-07:00
KXUSOPEN-25-RMAC,2025-03-24 00:00:00+00:00,2025_03_23_close_1700_PT,2025-03-23 17:00:00-07:00,2025-02-13 20:06:17.379384+00:00,0.03,2025-02-13 12:06:17.379384-08:00
KXUSOPEN-25-SS,2025-03-24 00:00:00+00:00,2025_03_23_close_1700_PT,2025-03-23 17:00:00-07:00,2025-03-23 15:04:50.726290+00:00,0.15,2025-03-23 08:04:50.726290-07:00
KXUSOPEN-25-VH,2025-03-24 00:00:00+00:00,2025_03_23_close_1700_PT,2025-03-23 17:00:00-07:00,2025-03-19 14:34:48.583482+00:00,0.05,2025-03-19 07:34:48.583482-07:00
KXWMENSINGLES-25-CA,2025-03-24 00:00:00+00:00,2025_03_23_close_1700_PT,2025-03-23 17:00:00-07:00,2025-03-19 12:14:06.749595+00:00,0.37,2025-03-19 05:14:06.749595-07:00
KXWMENSINGLES-25-JS,2025-03-24 00:00:00+00:00,2025_03_23_close_1700_PT,2025-03-23 17:00:00-07:00,2025-03-17 16:56:46.527365+00:00,0.29,2025-03-17 09:56:46.527365-07:00
KXWMENSINGLES-25-ND,2025-03-24 00:00:00+00:00,2025_03_23_close_1700_PT,2025-03-23 17:00:00-07:00,2025-03-14 19:29:15.505737+00:00,0.15,2025-03-14 12:29:15.505737-07:00
KXWMENSINGLES-25-TF,2025-03-24 00:00:00+00:00,2025_03_23_close_1700_PT,2025-03-23 17:00:00-07:00,,,
LEAVEPOWELL-25-DEC31,2025-03-24 00:00:00+00:00,2025_03_23_close_1700_PT,2025-03-23 17:00:00-07:00,2025-03-23 16:15:48.459961+00:00,0.18,2025-03-23 09:15:48.459961-07:00
RECSSNBER-25,2025-03-24 00:00:00+00:00,2025_03_23_close_1700_PT,2025-03-23 17:00:00-07:00,2025-03-23 18:22:46.502330+00:00,0.4,2025-03-23 11:22:46.502330-07:00
FED-25MAY-T4.00,2025-03-24 12:00:00+00:00,2025_03_24_open_0500_PT,2025-03-24 05:00:00-07:00,2025-03-24 11:59:55.674277+00:00,0.95,2025-03-24 04:59:55.674277-07:00
FED-25MAY-T4.25,2025-03-24 12:00:00+00:00,2025_03_24_open_0500_PT,2025-03-24 05:00:00-07:00,2025-03-24 11:56:51.793256+00:00,0.85,2025-03-24 04:56:51.793256-07:00
GOVPARTYNJ-25-D,2025-03-24 12:00:00+00:00,2025_03_24_open_0500_PT,2025-03-24 05:00:00-07:00,2025-03-21 22:29:28.920218+00:00,0.72,2025-03-21 15:29:28.920218-07:00
GOVPARTYNJ-25-R,2025-03-24 12:00:00+00:00,2025_03_24_open_0500_PT,2025-03-24 05:00:00-07:00,2025-03-23 13:38:01.681597+00:00,0.27,2025-03-23 06:38:01.681597-07:00
GOVPARTYVA-25-R,2025-03-24 12:00:00+00:00,2025_03_24_open_0500_PT,2025-03-24 05:00:00-07:00,2025-03-24 06:23:12.541861+00:00,0.1,2025-03-23 23:23:12.541861-07:00
KXBTCMAX150-25-DEC31-149999.99,2025-03-24 12:00:00+00:00,2025_03_24_open_0500_PT,2025-03-24 05:00:00-07:00,2025-03-24 10:36:19.140591+00:00,0.28,2025-03-24 03:36:19.140591-07:00
KXBTCMAXY-25-DEC31-124999.99,2025-03-24 12:00:00+00:00,2025_03_24_open_0500_PT,2025-03-24 05:00:00-07:00,2025-03-24 07:57:34.936257+00:00,0.43,2025-03-24 00:57:34.936257-07:00
KXBTCMAXY-25-DEC31-149999.99,2025-03-24 12:00:00+00:00,2025_03_24_open_0500_PT,2025-03-24 05:00:00-07:00,2025-03-24 09:29:54.861685+00:00,0.28,2025-03-24 02:29:54.861685-07:00
KXBTCRESERVE-26-JAN01,2025-03-24 12:00:00+00:00,2025_03_24_open_0500_PT,2025-03-24 05:00:00-07:00,2025-03-24 10:29:22.450778+00:00,0.51,2025-03-24 03:29:22.450778-07:00
KXCANADAPM-45-C,2025-03-24 12:00:00+00:00,2025_03_24_open_0500_PT,2025-03-24 05:00:00-07:00,2025-03-24 11:45:03.335894+00:00,0.48,2025-03-24 04:45:03.335894-07:00
KXCANADAPM-45-L,2025-03-24 12:00:00+00:00,2025_03_24_open_0500_PT,2025-03-24 05:00:00-07:00,2025-03-24 10:21:48.278204+00:00,0.53,2025-03-24 03:21:48.278204-07:00
KXCPIYOY-25APR-T2.4,2025-03-24 12:00:00+00:00,2025_03_24_open_0500_PT,2025-03-24 05:00:00-07:00,2025-03-21 08:10:59.856677+00:00,0.71,2025-03-21 01:10:59.856677-07:00
KXCPIYOY-25APR-T2.5,2025-03-24 12:00:00+00:00,2025_03_24_open_0500_PT,2025-03-24 05:00:00-07:00,2025-03-21 08:10:13.622844+00:00,0.43,2025-03-21 01:10:13.622844-07:00
KXDOED-26-JAN01,2025-03-24 12:00:00+00:00,2025_03_24_open_0500_PT,2025-03-24 05:00:00-07:00,2025-03-24 11:08:30.029935+00:00,0.17,2025-03-24 04:08:30.029935-07:00
KXEPSTEIN-25,2025-03-24 12:00:00+00:00,2025_03_24_open_0500_PT,2025-03-24 05:00:00-07:00,2025-03-24 11:54:01.486634+00:00,0.45,2025-03-24 04:54:01.486634-07:00
KXETHMAXY-25DEC31-4999.99,2025-03-24 12:00:00+00:00,2025_03_24_open_0500_PT,2025-03-24 05:00:00-07:00,2025-03-24 05:11:45.423715+00:00,0.14,2025-03-23 22:11:45.423715-07:00
KXFEDDECISION-25MAY-C25,2025-03-24 12:00:00+00:00,2025_03_24_open_0500_PT,2025-03-24 05:00:00-07:00,2025-03-24 10:19:49.977349+00:00,0.15,2025-03-24 03:19:49.977349-07:00
KXFEDDECISION-25MAY-C26,2025-03-24 12:00:00+00:00,2025_03_24_open_0500_PT,2025-03-24 05:00:00-07:00,2025-03-24 09:01:00.049690+00:00,0.03,2025-03-24 02:01:00.049690-07:00
KXFEDDECISION-25MAY-H0,2025-03-24 12:00:00+00:00,2025_03_24_open_0500_PT,2025-03-24 05:00:00-07:00,2025-03-24 11:12:54.748136+00:00,0.87,2025-03-24 04:12:54.748136-07:00
KXFOMENSINGLES-25-CA,2025-03-24 12:00:00+00:00,2025_03_24_open_0500_PT,2025-03-24 05:00:00-07:00,2025-03-23 20:37:24.744116+00:00,0.42,2025-03-23 13:37:24.744116-07:00
KXFOMENSINGLES-25-JS,2025-03-24 12:00:00+00:00,2025_03_24_open_0500_PT,2025-03-24 05:00:00-07:00,2025-03-24 10:59:37.791628+00:00,0.26,2025-03-24 03:59:37.791628-07:00
KXFOMENSINGLES-25-ND,2025-03-24 12:00:00+00:00,2025_03_24_open_0500_PT,2025-03-24 05:00:00-07:00,2025-03-08 17:49:54.374770+00:00,0.12,2025-03-08 09:49:54.374770-08:00
KXFOWOMENSINGLES-25-AS,2025-03-24 12:00:00+00:00,2025_03_24_open_0500_PT,2025-03-24 05:00:00-07:00,2025-03-21 11:25:09.035040+00:00,0.14,2025-03-21 04:25:09.035040-07:00
KXFOWOMENSINGLES-25-CG,2025-03-24 12:00:00+00:00,2025_03_24_open_0500_PT,2025-03-24 05:00:00-07:00,2025-02-10 18:42:35.041176+00:00,0.08,2025-02-10 10:42:35.041176-08:00
KXLEAGUEWORLDS-25-T1,2025-03-24 12:00:00+00:00,2025_03_24_open_0500_PT,2025-03-24 05:00:00-07:00,2025-03-20 06:42:26.116549+00:00,0.22,2025-03-19 23:42:26.116549-07:00
KXLLM1-25DEC31-XAI,2025-03-24 12:00:00+00:00,2025_03_24_open_0500_PT,2025-03-24 05:00:00-07:00,2025-03-23 13:56:02.632741+00:00,0.35,2025-03-23 06:56:02.632741-07:00
KXMARMAD-25-AU,2025-03-24 12:00:00+00:00,2025_03_24_open_0500_PT,2025-03-24 05:00:00-07:00,2025-03-24 11:58:51.034367+00:00,0.16,2025-03-24 04:58:51.034367-07:00
KXMARMAD-25-DU,2025-03-24 12:00:00+00:00,2025_03_24_open_0500_PT,2025-03-24 05:00:00-07:00,2025-03-24 11:57:03.988279+00:00,0.3,2025-03-24 04:57:03.988279-07:00
KXMARMAD-25-FL,2025-03-24 12:00:00+00:00,2025_03_24_open_0500_PT,2025-03-24 05:00:00-07:00,2025-03-24 11:57:45.243842+00:00,0.18,2025-03-24 04:57:45.243842-07:00
KXMARMAD-25-HOU,2025-03-24 12:00:00+00:00,2025_03_24_open_0500_PT,2025-03-24 05:00:00-07:00,2025-03-24 11:59:18.125313+00:00,0.16,2025-03-24 04:59:18.125313-07:00
KXMASTERS-25-BD,2025-03-24 12:00:00+00:00,2025_03_24_open_0500_PT,2025-03-24 05:00:00-07:00,2025-03-21 17:21:40.338625+00:00,0.04,2025-03-21 10:21:40.338625-07:00
KXMASTERS-25-CM,2025-03-24 12:00:00+00:00,2025_03_24_open_0500_PT,2025-03-24 05:00:00-07:00,2025-03-23 20:41:14.265336+00:00,0.06,2025-03-23 13:41:14.265336-07:00
KXMASTERS-25-LA,2025-03-24 12:00:00+00:00,2025_03_24_open_0500_PT,2025-03-24 05:00:00-07:00,2025-03-24 05:19:22.328423+00:00,0.07,2025-03-23 22:19:22.328423-07:00
KXMASTERS-25-RM,2025-03-24 12:00:00+00:00,2025_03_24_open_0500_PT,2025-03-24 05:00:00-07:00,2025-03-24 08:34:38.063187+00:00,0.13,2025-03-24 01:34:38.063187-07:00
KXMASTERS-25-SS,2025-03-24 12:00:00+00:00,2025_03_24_open_0500_PT,2025-03-24 05:00:00-07:00,2025-03-24 09:08:14.030141+00:00,0.16,2025-03-24 02:08:14.030141-07:00
KXMAYORNYCNOMD-25-AC,2025-03-24 12:00:00+00:00,2025_03_24_open_0500_PT,2025-03-24 05:00:00-07:00,2025-03-24 10:48:26.840651+00:00,0.73,2025-03-24 03:48:26.840651-07:00
KXMAYORNYCNOMD-25-ZM,2025-03-24 12:00:00+00:00,2025_03_24_open_0500_PT,2025-03-24 05:00:00-07:00,2025-03-24 11:24:32.534438+00:00,0.09,2025-03-24 04:24:32.534438-07:00
KXMAYORNYCPARTY-25-D,2025-03-24 12:00:00+00:00,2025_03_24_open_0500_PT,2025-03-24 05:00:00-07:00,2025-03-24 11:30:32.005734+00:00,0.9,2025-03-24 04:30:32.005734-07:00
KXMAYORNYCPARTY-25-R,2025-03-24 12:00:00+00:00,2025_03_24_open_0500_PT,2025-03-24 05:00:00-07:00,2025-03-24 10:57:40.996008+00:00,0.06,2025-03-24 03:57:40.996008-07:00
KXMLB-25-LAD,2025-03-24 12:00:00+00:00,2025_03_24_open_0500_PT,2025-03-24 05:00:00-07:00,2025-03-24 09:25:01.161298+00:00,0.26,2025-03-24 02:25:01.161298-07:00
KXMLB-25-MIL,2025-03-24 12:00:00+00:00,2025_03_24_open_0500_PT,2025-03-24 05:00:00-07:00,2025-03-10 06:18:13.923662+00:00,0.02,2025-03-09 23:18:13.923662-07:00
KXMLB-25-PHI,2025-03-24 12:00:00+00:00,2025_03_24_open_0500_PT,2025-03-24 05:00:00-07:00,2025-03-18 19:14:52.272018+00:00,0.05,2025-03-18 12:14:52.272018-07:00
KXMLB-25-SEA,2025-03-24 12:00:00+00:00,2025_03_24_open_0500_PT,2025-03-24 05:00:00-07:00,2025-03-11 23:27:34.973762+00:00,0.03,2025-03-11 16:27:34.973762-07:00
KXMLB-25-TOR,2025-03-24 12:00:00+00:00,2025_03_24_open_0500_PT,2025-03-24 05:00:00-07:00,2025-03-23 11:29:11.561514+00:00,0.02,2025-03-23 04:29:11.561514-07:00
KXMLBAL-25-SEA,2025-03-24 12:00:00+00:00,2025_03_24_open_0500_PT,2025-03-24 05:00:00-07:00,2025-03-19 20:26:22.360788+00:00,0.1,2025-03-19 13:26:22.360788-07:00
KXMLBAL-25-TOR,2025-03-24 12:00:00+00:00,2025_03_24_open_0500_PT,2025-03-24 05:00:00-07:00,2025-03-14 15:24:14.606706+00:00,0.02,2025-03-14 08:24:14.606706-07:00
KXMLBNL-25-LAD,2025-03-24 12:00:00+00:00,2025_03_24_open_0500_PT,2025-03-24 05:00:00-07:00,2025-03-21 19:06:32.646874+00:00,0.37,2025-03-21 12:06:32.646874-07:00
KXNBA-25-BOS,2025-03-24 12:00:00+00:00,2025_03_24_open_0500_PT,2025-03-24 05:00:00-07:00,2025-03-24 10:36:57.110998+00:00,0.28,2025-03-24 03:36:57.110998-07:00
KXNBA-25-CLE,2025-03-24 12:00:00+00:00,2025_03_24_open_0500_PT,2025-03-24 05:00:00-07:00,2025-03-24 09:38:14.330960+00:00,0.13,2025-03-24 02:38:14.330960-07:00
KXNBA-25-DEN,2025-03-24 12:00:00+00:00,2025_03_24_open_0500_PT,2025-03-24 05:00:00-07:00,2025-03-23 23:08:18.310557+00:00,0.06,2025-03-23 16:08:18.310557-07:00
KXNBA-25-GSW,2025-03-24 12:00:00+00:00,2025_03_24_open_0500_PT,2025-03-24 05:00:00-07:00,2025-03-22 18:19:26.627967+00:00,0.05,2025-03-22 11:19:26.627967-07:00
KXNBA-25-IND,2025-03-24 12:00:00+00:00,2025_03_24_open_0500_PT,2025-03-24 05:00:00-07:00,2025-03-13 13:14:25.254451+00:00,0.01,2025-03-13 06:14:25.254451-07:00
KXNBA-25-LAL,2025-03-24 12:00:00+00:00,2025_03_24_open_0500_PT,2025-03-24 05:00:00-07:00,2025-03-24 11:59:46.203548+00:00,0.09,2025-03-24 04:59:46.203548-07:00
KXNBA-25-MIN,2025-03-24 12:00:00+00:00,2025_03_24_open_0500_PT,2025-03-24 05:00:00-07:00,2025-03-20 09:21:29.946374+00:00,0.02,2025-03-20 02:21:29.946374-07:00
KXNBA-25-NYK,2025-03-24 12:00:00+00:00,2025_03_24_open_0500_PT,2025-03-24 05:00:00-07:00,2025-03-23 18:55:45.724228+00:00,0.03,2025-03-23 11:55:45.724228-07:00
KXNBA-25-OKC,2025-03-24 12:00:00+00:00,2025_03_24_open_0500_PT,2025-03-24 05:00:00-07:00,2025-03-24 10:47:03.480668+00:00,0.32,2025-03-24 03:47:03.480668-07:00
KXNBAEAST-25-BOS,2025-03-24 12:00:00+00:00,2025_03_24_open_0500_PT,2025-03-24 05:00:00-07:00,2025-03-24 08:00:25.677003+00:00,0.53,2025-03-24 01:00:25.677003-07:00
KXNBAEAST-25-IND,2025-03-24 12:00:00+00:00,2025_03_24_open_0500_PT,2025-03-24 05:00:00-07:00,2025-03-06 12:33:13.620263+00:00,0.02,2025-03-06 04:33:13.620263-08:00
KXNBAEAST-25-NYK,2025-03-24 12:00:00+00:00,2025_03_24_open_0500_PT,2025-03-24 05:00:00-07:00,2025-03-21 16:49:12.576347+00:00,0.08,2025-03-21 09:49:12.576347-07:00
KXNBAWEST-25-DEN,2025-03-24 12:00:00+00:00,2025_03_24_open_0500_PT,2025-03-24 05:00:00-07:00,2025-03-24 09:54:56.950227+00:00,0.11,2025-03-24 02:54:56.950227-07:00
KXNBAWEST-25-MIN,2025-03-24 12:00:00+00:00,2025_03_24_open_0500_PT,2025-03-24 05:00:00-07:00,2025-03-20 14:36:58.016019+00:00,0.05,2025-03-20 07:36:58.016019-07:00
KXNBAWEST-25-OKC,2025-03-24 12:00:00+00:00,2025_03_24_open_0500_PT,2025-03-24 05:00:00-07:00,2025-03-24 10:14:15.269512+00:00,0.53,2025-03-24 03:14:15.269512-07:00
KXNCAAF-26-OSU,2025-03-24 12:00:00+00:00,2025_03_24_open_0500_PT,2025-03-24 05:00:00-07:00,2025-03-20 16:15:19.205391+00:00,0.17,2025-03-20 09:15:19.205391-07:00
KXNHL-25-EDM,2025-03-24 12:00:00+00:00,2025_03_24_open_0500_PT,2025-03-24 05:00:00-07:00,2025-03-22 18:15:59.678643+00:00,0.08,2025-03-22 11:15:59.678643-07:00
KXNHL-25-FLA,2025-03-24 12:00:00+00:00,2025_03_24_open_0500_PT,2025-03-24 05:00:00-07:00,2025-03-24 09:13:41.554897+00:00,0.13,2025-03-24 02:13:41.554897-07:00
KXNOBELPEACE-25-DJT,2025-03-24 12:00:00+00:00,2025_03_24_open_0500_PT,2025-03-24 05:00:00-07:00,2025-03-24 07:22:54.658990+00:00,0.08,2025-03-24 00:22:54.658990-07:00
KXPGA-25-BD,2025-03-24 12:00:00+00:00,2025_03_24_open_0500_PT,2025-03-24 05:00:00-07:00,2025-03-20 12:28:07.193994+00:00,0.06,2025-03-20 05:28:07.193994-07:00
KXPGA-25-RM,2025-03-24 12:00:00+00:00,2025_03_24_open_0500_PT,2025-03-24 05:00:00-07:00,2025-03-21 11:31:09.126921+00:00,0.13,2025-03-21 04:31:09.126921-07:00
KXPGA-25-SS,2025-03-24 12:00:00+00:00,2025_03_24_open_0500_PT,2025-03-24 05:00:00-07:00,2025-03-24 07:01:02.226416+00:00,0.18,2025-03-24 00:01:02.226416-07:00
KXRATECUTCOUNT-25DEC31-T0,2025-03-24 12:00:00+00:00,2025_03_24_open_0500_PT,2025-03-24 05:00:00-07:00,2025-03-24 07:32:12.010443+00:00,0.12,2025-03-24 00:32:12.010443-07:00
KXRATECUTCOUNT-25DEC31-T1,2025-03-24 12:00:00+00:00,2025_03_24_open_0500_PT,2025-03-24 05:00:00-07:00,2025-03-22 11:09:07.266133+00:00,0.15,2025-03-22 04:09:07.266133-07:00
KXRATECUTCOUNT-25DEC31-T2,2025-03-24 12:00:00+00:00,2025_03_24_open_0500_PT,2025-03-24 05:00:00-07:00,2025-03-24 09:06:17.132009+00:00,0.24,2025-03-24 02:06:17.132009-07:00
KXRATECUTCOUNT-25DEC31-T3,2025-03-24 12:00:00+00:00,2025_03_24_open_0500_PT,2025-03-24 05:00:00-07:00,2025-03-24 08:06:47.333852+00:00,0.18,2025-03-24 01:06:47.333852-07:00
KXSB-26-BAL,2025-03-24 12:00:00+00:00,2025_03_24_open_0500_PT,2025-03-24 05:00:00-07:00,2025-03-23 11:33:25.360286+00:00,0.1,2025-03-23 04:33:25.360286-07:00
KXSB-26-BUF,2025-03-24 12:00:00+00:00,2025_03_24_open_0500_PT,2025-03-24 05:00:00-07:00,2025-03-23 10:29:57.344680+00:00,0.11,2025-03-23 03:29:57.344680-07:00
KXSB-26-GB,2025-03-24 12:00:00+00:00,2025_03_24_open_0500_PT,2025-03-24 05:00:00-07:00,2025-03-18 18:00:55.371384+00:00,0.03,2025-03-18 11:00:55.371384-07:00
KXSB-26-KC,2025-03-24 12:00:00+00:00,2025_03_24_open_0500_PT,2025-03-24 05:00:00-07:00,2025-03-22 21:25:16.598872+00:00,0.11,2025-03-22 14:25:16.598872-07:00
KXSB-26-PHI,2025-03-24 12:00:00+00:00,2025_03_24_open_0500_PT,2025-03-24 05:00:00-07:00,2025-03-24 11:06:48.035626+00:00,0.13,2025-03-24 04:06:48.035626-07:00
KXSB-26-SEA,2025-03-24 12:00:00+00:00,2025_03_24_open_0500_PT,2025-03-24 05:00:00-07:00,2025-03-24 09:54:03.481477+00:00,0.02,2025-03-24 02:54:03.481477-07:00
KXTHEOPEN-25-RM,2025-03-24 12:00:00+00:00,2025_03_24_open_0500_PT,2025-03-24 05:00:00-07:00,2025-03-21 13:21:30.460808+00:00,0.13,2025-03-21 06:21:30.460808-07:00
KXTHEOPEN-25-SS,2025-03-24 12:00:00+00:00,2025_03_24_open_0500_PT,2025-03-24 05:00:00-07:00,2025-03-21 11:30:31.056877+00:00,0.2,2025-03-21 04:30:31.056877-07:00
KXTOPARTIST-25-BB,2025-03-24 12:00:00+00:00,2025_03_24_open_0500_PT,2025-03-24 05:00:00-07:00,2025-03-24 06:11:07.794534+00:00,0.51,2025-03-23 23:11:07.794534-07:00
KXTOPARTIST-25-TS,2025-03-24 12:00:00+00:00,2025_03_24_open_0500_PT,2025-03-24 05:00:00-07:00,2025-03-24 06:11:07.716162+00:00,0.44,2025-03-23 23:11:07.716162-07:00
KXUEFACL-25-IM,2025-03-24 12:00:00+00:00,2025_03_24_open_0500_PT,2025-03-24 05:00:00-07:00,2025-03-24 07:51:50.396347+00:00,0.08,2025-03-24 00:51:50.396347-07:00
KXUEFACL-25-PSG,2025-03-24 12:00:00+00:00,2025_03_24_open_0500_PT,2025-03-24 05:00:00-07:00,2025-03-23 16:43:20.051471+00:00,0.2,2025-03-23 09:43:20.051471-07:00
KXUSOMENSINGLES-25-CA,2025-03-24 12:00:00+00:00,2025_03_24_open_0500_PT,2025-03-24 05:00:00-07:00,2025-03-17 18:29:54.515804+00:00,0.25,2025-03-17 11:29:54.515804-07:00
KXUSOMENSINGLES-25-JS,2025-03-24 12:00:00+00:00,2025_03_24_open_0500_PT,2025-03-24 05:00:00-07:00,2025-03-23 08:36:42.643007+00:00,0.37,2025-03-23 01:36:42.643007-07:00
KXUSOMENSINGLES-25-ND,2025-03-24 12:00:00+00:00,2025_03_24_open_0500_PT,2025-03-24 05:00:00-07:00,2025-03-19 07:01:50.304458+00:00,0.13,2025-03-19 00:01:50.304458-07:00
KXUSOPEN-25-BD,2025-03-24 12:00:00+00:00,2025_03_24_open_0500_PT,2025-03-24 05:00:00-07:00,2025-03-20 19:46:26.235332+00:00,0.07,2025-03-20 12:46:26.235332-07:00
KXUSOPEN-25-BK,2025-03-24 12:00:00+00:00,2025_03_24_open_0500_PT,2025-03-24 05:00:00-07:00,2025-03-20 08:18:27.580179+00:00,0.05,2025-03-20 01:18:27.580179-07:00
KXUSOPEN-25-RM,2025-03-24 12:00:00+00:00,2025_03_24_open_0500_PT,2025-03-24 05:00:00-07:00,2025-03-21 13:20:39.856711+00:00,0.11,2025-03-21 06:20:39.856711-07:00
KXUSOPEN-25-RMAC,2025-03-24 12:00:00+00:00,2025_03_24_open_0500_PT,2025-03-24 05:00:00-07:00,2025-02-13 20:06:17.379384+00:00,0.03,2025-02-13 12:06:17.379384-08:00
KXUSOPEN-25-SS,2025-03-24 12:00:00+00:00,2025_03_24_open_0500_PT,2025-03-24 05:00:00-07:00,2025-03-23 15:04:50.726290+00:00,0.15,2025-03-23 08:04:50.726290-07:00
KXUSOPEN-25-VH,2025-03-24 12:00:00+00:00,2025_03_24_open_0500_PT,2025-03-24 05:00:00-07:00,2025-03-19 14:34:48.583482+00:00,0.05,2025-03-19 07:34:48.583482-07:00
KXWMENSINGLES-25-CA,2025-03-24 12:00:00+00:00,2025_03_24_open_0500_PT,2025-03-24 05:00:00-07:00,2025-03-19 12:14:06.749595+00:00,0.37,2025-03-19 05:14:06.749595-07:00
KXWMENSINGLES-25-JS,2025-03-24 12:00:00+00:00,2025_03_24_open_0500_PT,2025-03-24 05:00:00-07:00,2025-03-17 16:56:46.527365+00:00,0.29,2025-03-17 09:56:46.527365-07:00
KXWMENSINGLES-25-ND,2025-03-24 12:00:00+00:00,2025_03_24_open_0500_PT,2025-03-24 05:00:00-07:00,2025-03-14 19:29:15.505737+00:00,0.15,2025-03-14 12:29:15.505737-07:00
KXWMENSINGLES-25-TF,2025-03-24 12:00:00+00:00,2025_03_24_open_0500_PT,2025-03-24 05:00:00-07:00,,,
LEAVEPOWELL-25-DEC31,2025-03-24 12:00:00+00:00,2025_03_24_open_0500_PT,2025-03-24 05:00:00-07:00,2025-03-23 16:15:48.459961+00:00,0.18,2025-03-23 09:15:48.459961-07:00
RECSSNBER-25,2025-03-24 12:00:00+00:00,2025_03_24_open_0500_PT,2025-03-24 05:00:00-07:00,2025-03-24 08:50:42.832955+00:00,0.39,2025-03-24 01:50:42.832955-07:00
FED-25MAY-T4.00,2025-03-25 00:00:00+00:00,2025_03_24_close_1700_PT,2025-03-24 17:00:00-07:00,2025-03-24 23:34:57.633514+00:00,0.95,2025-03-24 16:34:57.633514-07:00
FED-25MAY-T4.25,2025-03-25 00:00:00+00:00,2025_03_24_close_1700_PT,2025-03-24 17:00:00-07:00,2025-03-24 23:55:47.442759+00:00,0.87,2025-03-24 16:55:47.442759-07:00
GOVPARTYNJ-25-D,2025-03-25 00:00:00+00:00,2025_03_24_close_1700_PT,2025-03-24 17:00:00-07:00,2025-03-24 12:01:19.539093+00:00,0.71,2025-03-24 05:01:19.539093-07:00
GOVPARTYNJ-25-R,2025-03-25 00:00:00+00:00,2025_03_24_close_1700_PT,2025-03-24 17:00:00-07:00,2025-03-23 13:38:01.681597+00:00,0.27,2025-03-23 06:38:01.681597-07:00
GOVPARTYVA-25-R,2025-03-25 00:00:00+00:00,2025_03_24_close_1700_PT,2025-03-24 17:00:00-07:00,2025-03-24 06:23:12.541861+00:00,0.1,2025-03-23 23:23:12.541861-07:00
KXBTCMAX150-25-DEC31-149999.99,2025-03-25 00:00:00+00:00,2025_03_24_close_1700_PT,2025-03-24 17:00:00-07:00,2025-03-24 23:53:32.638282+00:00,0.3,2025-03-24 16:53:32.638282-07:00
KXBTCMAXY-25-DEC31-124999.99,2025-03-25 00:00:00+00:00,2025_03_24_close_1700_PT,2025-03-24 17:00:00-07:00,2025-03-24 23:50:41.063955+00:00,0.42,2025-03-24 16:50:41.063955-07:00
KXBTCMAXY-25-DEC31-149999.99,2025-03-25 00:00:00+00:00,2025_03_24_close_1700_PT,2025-03-24 17:00:00-07:00,2025-03-24 12:28:41.110429+00:00,0.27,2025-03-24 05:28:41.110429-07:00
KXBTCRESERVE-26-JAN01,2025-03-25 00:00:00+00:00,2025_03_24_close_1700_PT,2025-03-24 17:00:00-07:00,2025-03-24 18:46:51.600332+00:00,0.53,2025-03-24 11:46:51.600332-07:00
KXCANADAPM-45-C,2025-03-25 00:00:00+00:00,2025_03_24_close_1700_PT,2025-03-24 17:00:00-07:00,2025-03-24 23:16:50.633350+00:00,0.49,2025-03-24 16:16:50.633350-07:00
KXCANADAPM-45-L,2025-03-25 00:00:00+00:00,2025_03_24_close_1700_PT,2025-03-24 17:00:00-07:00,2025-03-24 23:59:10.840155+00:00,0.52,2025-03-24 16:59:10.840155-07:00
KXCPIYOY-25APR-T2.4,2025-03-25 00:00:00+00:00,2025_03_24_close_1700_PT,2025-03-24 17:00:00-07:00,2025-03-21 08:10:59.856677+00:00,0.71,2025-03-21 01:10:59.856677-07:00
KXCPIYOY-25APR-T2.5,2025-03-25 00:00:00+00:00,2025_03_24_close_1700_PT,2025-03-24 17:00:00-07:00,2025-03-21 08:10:13.622844+00:00,0.43,2025-03-21 01:10:13.622844-07:00
KXDOED-26-JAN01,2025-03-25 00:00:00+00:00,2025_03_24_close_1700_PT,2025-03-24 17:00:00-07:00,2025-03-24 23:18:41.850479+00:00,0.19,2025-03-24 16:18:41.850479-07:00
KXEPSTEIN-25,2025-03-25 00:00:00+00:00,2025_03_24_close_1700_PT,2025-03-24 17:00:00-07:00,2025-03-24 23:54:31.925076+00:00,0.48,2025-03-24 16:54:31.925076-07:00
KXETHMAXY-25DEC31-4999.99,2025-03-25 00:00:00+00:00,2025_03_24_close_1700_PT,2025-03-24 17:00:00-07:00,2025-03-24 20:44:28.255989+00:00,0.18,2025-03-24 13:44:28.255989-07:00
KXFEDDECISION-25MAY-C25,2025-03-25 00:00:00+00:00,2025_03_24_close_1700_PT,2025-03-24 17:00:00-07:00,2025-03-24 23:52:43.263434+00:00,0.13,2025-03-24 16:52:43.263434-07:00
KXFEDDECISION-25MAY-C26,2025-03-25 00:00:00+00:00,2025_03_24_close_1700_PT,2025-03-24 17:00:00-07:00,2025-03-24 14:11:17.092618+00:00,0.02,2025-03-24 07:11:17.092618-07:00
KXFEDDECISION-25MAY-H0,2025-03-25 00:00:00+00:00,2025_03_24_close_1700_PT,2025-03-24 17:00:00-07:00,2025-03-24 22:38:13.764494+00:00,0.87,2025-03-24 15:38:13.764494-07:00
KXFOMENSINGLES-25-CA,2025-03-25 00:00:00+00:00,2025_03_24_close_1700_PT,2025-03-24 17:00:00-07:00,2025-03-24 22:45:22.719606+00:00,0.45,2025-03-24 15:45:22.719606-07:00
KXFOMENSINGLES-25-JS,2025-03-25 00:00:00+00:00,2025_03_24_close_1700_PT,2025-03-24 17:00:00-07:00,2025-03-24 10:59:37.791628+00:00,0.26,2025-03-24 03:59:37.791628-07:00
KXFOMENSINGLES-25-ND,2025-03-25 00:00:00+00:00,2025_03_24_close_1700_PT,2025-03-24 17:00:00-07:00,2025-03-08 17:49:54.374770+00:00,0.12,2025-03-08 09:49:54.374770-08:00
KXFOWOMENSINGLES-25-AS,2025-03-25 00:00:00+00:00,2025_03_24_close_1700_PT,2025-03-24 17:00:00-07:00,2025-03-21 11:25:09.035040+00:00,0.14,2025-03-21 04:25:09.035040-07:00
KXFOWOMENSINGLES-25-CG,2025-03-25 00:00:00+00:00,2025_03_24_close_1700_PT,2025-03-24 17:00:00-07:00,2025-02-10 18:42:35.041176+00:00,0.08,2025-02-10 10:42:35.041176-08:00
KXLEAGUEWORLDS-25-T1,2025-03-25 00:00:00+00:00,2025_03_24_close_1700_PT,2025-03-24 17:00:00-07:00,2025-03-20 06:42:26.116549+00:00,0.22,2025-03-19 23:42:26.116549-07:00
KXLLM1-25DEC31-XAI,2025-03-25 00:00:00+00:00,2025_03_24_close_1700_PT,2025-03-24 17:00:00-07:00,2025-03-24 12:47:38.021540+00:00,0.32,2025-03-24 05:47:38.021540-07:00
KXMARMAD-25-AU,2025-03-25 00:00:00+00:00,2025_03_24_close_1700_PT,2025-03-24 17:00:00-07:00,2025-03-24 23:33:00.811489+00:00,0.15,2025-03-24 16:33:00.811489-07:00
KXMARMAD-25-DU,2025-03-25 00:00:00+00:00,2025_03_24_close_1700_PT,2025-03-24 17:00:00-07:00,2025-03-24 23:58:36.844440+00:00,0.3,2025-03-24 16:58:36.844440-07:00
KXMARMAD-25-FL,2025-03-25 00:00:00+00:00,2025_03_24_close_1700_PT,2025-03-24 17:00:00-07:00,2025-03-24 23:58:16.570055+00:00,0.19,2025-03-24 16:58:16.570055-07:00
KXMARMAD-25-HOU,2025-03-25 00:00:00+00:00,2025_03_24_close_1700_PT,2025-03-24 17:00:00-07:00,2025-03-24 23:57:58.934077+00:00,0.16,2025-03-24 16:57:58.934077-07:00
KXMASTERS-25-BD,2025-03-25 00:00:00+00:00,2025_03_24_close_1700_PT,2025-03-24 17:00:00-07:00,2025-03-24 19:07:19.947432+00:00,0.05,2025-03-24 12:07:19.947432-07:00
KXMASTERS-25-CM,2025-03-25 00:00:00+00:00,2025_03_24_close_1700_PT,2025-03-24 17:00:00-07:00,2025-03-24 21:45:59.853308+00:00,0.05,2025-03-24 14:45:59.853308-07:00
KXMASTERS-25-LA,2025-03-25 00:00:00+00:00,2025_03_24_close_1700_PT,2025-03-24 17:00:00-07:00,2025-03-24 19:06:58.954971+00:00,0.06,2025-03-24 12:06:58.954971-07:00
KXMASTERS-25-RM,2025-03-25 00:00:00+00:00,2025_03_24_close_1700_PT,2025-03-24 17:00:00-07:00,2025-03-24 18:11:05.183870+00:00,0.13,2025-03-24 11:11:05.183870-07:00
KXMASTERS-25-SS,2025-03-25 00:00:00+00:00,2025_03_24_close_1700_PT,2025-03-24 17:00:00-07:00,2025-03-24 23:10:21.623192+00:00,0.15,2025-03-24 16:10:21.623192-07:00
KXMAYORNYCNOMD-25-AC,2025-03-25 00:00:00+00:00,2025_03_24_close_1700_PT,2025-03-24 17:00:00-07:00,2025-03-24 20:53:31.801805+00:00,0.73,2025-03-24 13:53:31.801805-07:00
KXMAYORNYCNOMD-25-ZM,2025-03-25 00:00:00+00:00,2025_03_24_close_1700_PT,2025-03-24 17:00:00-07:00,2025-03-24 15:16:39.961774+00:00,0.1,2025-03-24 08:16:39.961774-07:00
KXMAYORNYCPARTY-25-D,2025-03-25 00:00:00+00:00,2025_03_24_close_1700_PT,2025-03-24 17:00:00-07:00,2025-03-24 11:30:32.005734+00:00,0.9,2025-03-24 04:30:32.005734-07:00
KXMAYORNYCPARTY-25-R,2025-03-25 00:00:00+00:00,2025_03_24_close_1700_PT,2025-03-24 17:00:00-07:00,2025-03-24 10:57:40.996008+00:00,0.06,2025-03-24 03:57:40.996008-07:00
KXMLB-25-LAD,2025-03-25 00:00:00+00:00,2025_03_24_close_1700_PT,2025-03-24 17:00:00-07:00,2025-03-24 09:25:01.161298+00:00,0.26,2025-03-24 02:25:01.161298-07:00
KXMLB-25-MIL,2025-03-25 00:00:00+00:00,2025_03_24_close_1700_PT,2025-03-24 17:00:00-07:00,2025-03-10 06:18:13.923662+00:00,0.02,2025-03-09 23:18:13.923662-07:00
KXMLB-25-PHI,2025-03-25 00:00:00+00:00,2025_03_24_close_1700_PT,2025-03-24 17:00:00-07:00,2025-03-18 19:14:52.272018+00:00,0.05,2025-03-18 12:14:52.272018-07:00
KXMLB-25-SEA,2025-03-25 00:00:00+00:00,2025_03_24_close_1700_PT,2025-03-24 17:00:00-07:00,2025-03-11 23:27:34.973762+00:00,0.03,2025-03-11 16:27:34.973762-07:00
KXMLB-25-TOR,2025-03-25 00:00:00+00:00,2025_03_24_close_1700_PT,2025-03-24 17:00:00-07:00,2025-03-23 11:29:11.561514+00:00,0.02,2025-03-23 04:29:11.561514-07:00
KXMLBAL-25-SEA,2025-03-25 00:00:00+00:00,2025_03_24_close_1700_PT,2025-03-24 17:00:00-07:00,2025-03-24 19:54:22.810129+00:00,0.1,2025-03-24 12:54:22.810129-07:00
KXMLBAL-25-TOR,2025-03-25 00:00:00+00:00,2025_03_24_close_1700_PT,2025-03-24 17:00:00-07:00,2025-03-14 15:24:14.606706+00:00,0.02,2025-03-14 08:24:14.606706-07:00
KXMLBNL-25-LAD,2025-03-25 00:00:00+00:00,2025_03_24_close_1700_PT,2025-03-24 17:00:00-07:00,2025-03-24 19:56:15.251816+00:00,0.36,2025-03-24 12:56:15.251816-07:00
KXNBA-25-BOS,2025-03-25 00:00:00+00:00,2025_03_24_close_1700_PT,2025-03-24 17:00:00-07:00,2025-03-24 20:47:23.124824+00:00,0.28,2025-03-24 13:47:23.124824-07:00
KXNBA-25-CLE,2025-03-25 00:00:00+00:00,2025_03_24_close_1700_PT,2025-03-24 17:00:00-07:00,2025-03-24 18:52:39.057021+00:00,0.13,2025-03-24 11:52:39.057021-07:00
KXNBA-25-DEN,2025-03-25 00:00:00+00:00,2025_03_24_close_1700_PT,2025-03-24 17:00:00-07:00,2025-03-24 13:35:35.629669+00:00,0.06,2025-03-24 06:35:35.629669-07:00
KXNBA-25-GSW,2025-03-25 00:00:00+00:00,2025_03_24_close_1700_PT,2025-03-24 17:00:00-07:00,2025-03-24 19:20:23.272315+00:00,0.07,2025-03-24 12:20:23.272315-07:00
KXNBA-25-IND,2025-03-25 00:00:00+00:00,2025_03_24_close_1700_PT,2025-03-24 17:00:00-07:00,2025-03-24 13:22:15.203154+00:00,0.01,2025-03-24 06:22:15.203154-07:00
KXNBA-25-LAL,2025-03-25 00:00:00+00:00,2025_03_24_close_1700_PT,2025-03-24 17:00:00-07:00,2025-03-24 17:50:45.305062+00:00,0.07,2025-03-24 10:50:45.305062-07:00
KXNBA-25-MIN,2025-03-25 00:00:00+00:00,2025_03_24_close_1700_PT,2025-03-24 17:00:00-07:00,2025-03-20 09:21:29.946374+00:00,0.02,2025-03-20 02:21:29.946374-07:00
KXNBA-25-NYK,2025-03-25 00:00:00+00:00,2025_03_24_close_1700_PT,2025-03-24 17:00:00-07:00,2025-03-24 17:51:28.915363+00:00,0.03,2025-03-24 10:51:28.915363-07:00
KXNBA-25-OKC,2025-03-25 00:00:00+00:00,2025_03_24_close_1700_PT,2025-03-24 17:00:00-07:00,2025-03-24 16:25:17.869494+00:00,0.32,2025-03-24 09:25:17.869494-07:00
KXNBAEAST-25-BOS,2025-03-25 00:00:00+00:00,2025_03_24_close_1700_PT,2025-03-24 17:00:00-07:00,2025-03-24 08:00:25.677003+00:00,0.53,2025-03-24 01:00:25.677003-07:00
KXNBAEAST-25-IND,2025-03-25 00:00:00+00:00,2025_03_24_close_1700_PT,2025-03-24 17:00:00-07:00,2025-03-06 12:33:13.620263+00:00,0.02,2025-03-06 04:33:13.620263-08:00
KXNBAEAST-25-NYK,2025-03-25 00:00:00+00:00,2025_03_24_close_1700_PT,2025-03-24 17:00:00-07:00,2025-03-21 16:49:12.576347+00:00,0.08,2025-03-21 09:49:12.576347-07:00
KXNBAWEST-25-DEN,2025-03-25 00:00:00+00:00,2025_03_24_close_1700_PT,2025-03-24 17:00:00-07:00,2025-03-24 20:59:39.627618+00:00,0.11,2025-03-24 13:59:39.627618-07:00
KXNBAWEST-25-MIN,2025-03-25 00:00:00+00:00,2025_03_24_close_1700_PT,2025-03-24 17:00:00-07:00,2025-03-24 14:29:09.649786+00:00,0.05,2025-03-24 07:29:09.649786-07:00
KXNBAWEST-25-OKC,2025-03-25 00:00:00+00:00,2025_03_24_close_1700_PT,2025-03-24 17:00:00-07:00,2025-03-24 21:32:26.383760+00:00,0.54,2025-03-24 14:32:26.383760-07:00
KXNCAAF-26-OSU,2025-03-25 00:00:00+00:00,2025_03_24_close_1700_PT,2025-03-24 17:00:00-07:00,2025-03-20 16:15:19.205391+00:00,0.17,2025-03-20 09:15:19.205391-07:00
KXNHL-25-EDM,2025-03-25 00:00:00+00:00,2025_03_24_close_1700_PT,2025-03-24 17:00:00-07:00,2025-03-24 14:17:01.650743+00:00,0.11,2025-03-24 07:17:01.650743-07:00
KXNHL-25-FLA,2025-03-25 00:00:00+00:00,2025_03_24_close_1700_PT,2025-03-24 17:00:00-07:00,2025-03-24 09:13:41.554897+00:00,0.13,2025-03-24 02:13:41.554897-07:00
KXNOBELPEACE-25-DJT,2025-03-25 00:00:00+00:00,2025_03_24_close_1700_PT,2025-03-24 17:00:00-07:00,2025-03-24 18:43:38.428432+00:00,0.08,2025-03-24 11:43:38.428432-07:00
KXPGA-25-BD,2025-03-25 00:00:00+00:00,2025_03_24_close_1700_PT,2025-03-24 17:00:00-07:00,2025-03-20 12:28:07.193994+00:00,0.06,2025-03-20 05:28:07.193994-07:00
KXPGA-25-RM,2025-03-25 00:00:00+00:00,2025_03_24_close_1700_PT,2025-03-24 17:00:00-07:00,2025-03-21 11:31:09.126921+00:00,0.13,2025-03-21 04:31:09.126921-07:00
KXPGA-25-SS,2025-03-25 00:00:00+00:00,2025_03_24_close_1700_PT,2025-03-24 17:00:00-07:00,2025-03-24 07:01:02.226416+00:00,0.18,2025-03-24 00:01:02.226416-07:00
KXRATECUTCOUNT-25DEC31-T0,2025-03-25 00:00:00+00:00,2025_03_24_close_1700_PT,2025-03-24 17:00:00-07:00,2025-03-24 07:32:12.010443+00:00,0.12,2025-03-24 00:32:12.010443-07:00
KXRATECUTCOUNT-25DEC31-T1,2025-03-25 00:00:00+00:00,2025_03_24_close_1700_PT,2025-03-24 17:00:00-07:00,2025-03-22 11:09:07.266133+00:00,0.15,2025-03-22 04:09:07.266133-07:00
KXRATECUTCOUNT-25DEC31-T2,2025-03-25 00:00:00+00:00,2025_03_24_close_1700_PT,2025-03-24 17:00:00-07:00,2025-03-24 09:06:17.132009+00:00,0.24,2025-03-24 02:06:17.132009-07:00
KXRATECUTCOUNT-25DEC31-T3,2025-03-25 00:00:00+00:00,2025_03_24_close_1700_PT,2025-03-24 17:00:00-07:00,2025-03-24 21:32:36.393654+00:00,0.17,2025-03-24 14:32:36.393654-07:00
KXSB-26-BAL,2025-03-25 00:00:00+00:00,2025_03_24_close_1700_PT,2025-03-24 17:00:00-07:00,2025-03-23 11:33:25.360286+00:00,0.1,2025-03-23 04:33:25.360286-07:00
KXSB-26-BUF,2025-03-25 00:00:00+00:00,2025_03_24_close_1700_PT,2025-03-24 17:00:00-07:00,2025-03-23 10:29:57.344680+00:00,0.11,2025-03-23 03:29:57.344680-07:00
KXSB-26-GB,2025-03-25 00:00:00+00:00,2025_03_24_close_1700_PT,2025-03-24 17:00:00-07:00,2025-03-18 18:00:55.371384+00:00,0.03,2025-03-18 11:00:55.371384-07:00
KXSB-26-KC,2025-03-25 00:00:00+00:00,2025_03_24_close_1700_PT,2025-03-24 17:00:00-07:00,2025-03-22 21:25:16.598872+00:00,0.11,2025-03-22 14:25:16.598872-07:00
KXSB-26-PHI,2025-03-25 00:00:00+00:00,2025_03_24_close_1700_PT,2025-03-24 17:00:00-07:00,2025-03-24 11:06:48.035626+00:00,0.13,2025-03-24 04:06:48.035626-07:00
KXSB-26-SEA,2025-03-25 00:00:00+00:00,2025_03_24_close_1700_PT,2025-03-24 17:00:00-07:00,2025-03-24 09:54:03.481477+00:00,0.02,2025-03-24 02:54:03.481477-07:00
KXTHEOPEN-25-RM,2025-03-25 00:00:00+00:00,2025_03_24_close_1700_PT,2025-03-24 17:00:00-07:00,2025-03-21 13:21:30.460808+00:00,0.13,2025-03-21 06:21:30.460808-07:00
KXTHEOPEN-25-SS,2025-03-25 00:00:00+00:00,2025_03_24_close_1700_PT,2025-03-24 17:00:00-07:00,2025-03-21 11:30:31.056877+00:00,0.2,2025-03-21 04:30:31.056877-07:00
KXTOPARTIST-25-BB,2025-03-25 00:00:00+00:00,2025_03_24_close_1700_PT,2025-03-24 17:00:00-07:00,2025-03-24 06:11:07.794534+00:00,0.51,2025-03-23 23:11:07.794534-07:00
KXTOPARTIST-25-TS,2025-03-25 00:00:00+00:00,2025_03_24_close_1700_PT,2025-03-24 17:00:00-07:00,2025-03-24 06:11:07.716162+00:00,0.44,2025-03-23 23:11:07.716162-07:00
KXUEFACL-25-IM,2025-03-25 00:00:00+00:00,2025_03_24_close_1700_PT,2025-03-24 17:00:00-07:00,2025-03-24 07:51:50.396347+00:00,0.08,2025-03-24 00:51:50.396347-07:00
KXUEFACL-25-PSG,2025-03-25 00:00:00+00:00,2025_03_24_close_1700_PT,2025-03-24 17:00:00-07:00,2025-03-24 13:27:46.411812+00:00,0.2,2025-03-24 06:27:46.411812-07:00
KXUSOMENSINGLES-25-CA,2025-03-25 00:00:00+00:00,2025_03_24_close_1700_PT,2025-03-24 17:00:00-07:00,2025-03-17 18:29:54.515804+00:00,0.25,2025-03-17 11:29:54.515804-07:00
KXUSOMENSINGLES-25-JS,2025-03-25 00:00:00+00:00,2025_03_24_close_1700_PT,2025-03-24 17:00:00-07:00,2025-03-23 08:36:42.643007+00:00,0.37,2025-03-23 01:36:42.643007-07:00
KXUSOMENSINGLES-25-ND,2025-03-25 00:00:00+00:00,2025_03_24_close_1700_PT,2025-03-24 17:00:00-07:00,2025-03-19 07:01:50.304458+00:00,0.13,2025-03-19 00:01:50.304458-07:00
KXUSOPEN-25-BD,2025-03-25 00:00:00+00:00,2025_03_24_close_1700_PT,2025-03-24 17:00:00-07:00,2025-03-20 19:46:26.235332+00:00,0.07,2025-03-20 12:46:26.235332-07:00
KXUSOPEN-25-BK,2025-03-25 00:00:00+00:00,2025_03_24_close_1700_PT,2025-03-24 17:00:00-07:00,2025-03-20 08:18:27.580179+00:00,0.05,2025-03-20 01:18:27.580179-07:00
KXUSOPEN-25-RM,2025-03-25 00:00:00+00:00,2025_03_24_close_1700_PT,2025-03-24 17:00:00-07:00,2025-03-21 13:20:39.856711+00:00,0.11,2025-03-21 06:20:39.856711-07:00
KXUSOPEN-25-RMAC,2025-03-25 00:00:00+00:00,2025_03_24_close_1700_PT,2025-03-24 17:00:00-07:00,2025-02-13 20:06:17.379384+00:00,0.03,2025-02-13 12:06:17.379384-08:00
KXUSOPEN-25-SS,2025-03-25 00:00:00+00:00,2025_03_24_close_1700_PT,2025-03-24 17:00:00-07:00,2025-03-23 15:04:50.726290+00:00,0.15,2025-03-23 08:04:50.726290-07:00
KXUSOPEN-25-VH,2025-03-25 00:00:00+00:00,2025_03_24_close_1700_PT,2025-03-24 17:00:00-07:00,2025-03-19 14:34:48.583482+00:00,0.05,2025-03-19 07:34:48.583482-07:00
KXWMENSINGLES-25-CA,2025-03-25 00:00:00+00:00,2025_03_24_close_1700_PT,2025-03-24 17:00:00-07:00,2025-03-19 12:14:06.749595+00:00,0.37,2025-03-19 05:14:06.749595-07:00
KXWMENSINGLES-25-JS,2025-03-25 00:00:00+00:00,2025_03_24_close_1700_PT,2025-03-24 17:00:00-07:00,2025-03-17 16:56:46.527365+00:00,0.29,2025-03-17 09:56:46.527365-07:00
KXWMENSINGLES-25-ND,2025-03-25 00:00:00+00:00,2025_03_24_close_1700_PT,2025-03-24 17:00:00-07:00,2025-03-14 19:29:15.505737+00:00,0.15,2025-03-14 12:29:15.505737-07:00
KXWMENSINGLES-25-TF,2025-03-25 00:00:00+00:00,2025_03_24_close_1700_PT,2025-03-24 17:00:00-07:00,,,
LEAVEPOWELL-25-DEC31,2025-03-25 00:00:00+00:00,2025_03_24_close_1700_PT,2025-03-24 17:00:00-07:00,2025-03-24 18:11:41.062742+00:00,0.19,2025-03-24 11:11:41.062742-07:00
RECSSNBER-25,2025-03-25 00:00:00+00:00,2025_03_24_close_1700_PT,2025-03-24 17:00:00-07:00,2025-03-24 20:56:43.046907+00:00,0.38,2025-03-24 13:56:43.046907-07:00
FED-25MAY-T4.00,2025-03-25 12:00:00+00:00,2025_03_25_open_0500_PT,2025-03-25 05:00:00-07:00,2025-03-25 11:54:33.393827+00:00,0.96,2025-03-25 04:54:33.393827-07:00
FED-25MAY-T4.25,2025-03-25 12:00:00+00:00,2025_03_25_open_0500_PT,2025-03-25 05:00:00-07:00,2025-03-25 11:57:13.582809+00:00,0.85,2025-03-25 04:57:13.582809-07:00
GOVPARTYNJ-25-D,2025-03-25 12:00:00+00:00,2025_03_25_open_0500_PT,2025-03-25 05:00:00-07:00,2025-03-24 12:01:19.539093+00:00,0.71,2025-03-24 05:01:19.539093-07:00
GOVPARTYNJ-25-R,2025-03-25 12:00:00+00:00,2025_03_25_open_0500_PT,2025-03-25 05:00:00-07:00,2025-03-25 08:49:29.735268+00:00,0.3,2025-03-25 01:49:29.735268-07:00
GOVPARTYVA-25-R,2025-03-25 12:00:00+00:00,2025_03_25_open_0500_PT,2025-03-25 05:00:00-07:00,2025-03-24 06:23:12.541861+00:00,0.1,2025-03-23 23:23:12.541861-07:00
KXBTCMAX150-25-DEC31-149999.99,2025-03-25 12:00:00+00:00,2025_03_25_open_0500_PT,2025-03-25 05:00:00-07:00,2025-03-25 10:17:42.220004+00:00,0.3,2025-03-25 03:17:42.220004-07:00
KXBTCMAXY-25-DEC31-124999.99,2025-03-25 12:00:00+00:00,2025_03_25_open_0500_PT,2025-03-25 05:00:00-07:00,2025-03-25 09:27:05.575731+00:00,0.44,2025-03-25 02:27:05.575731-07:00
KXBTCMAXY-25-DEC31-149999.99,2025-03-25 12:00:00+00:00,2025_03_25_open_0500_PT,2025-03-25 05:00:00-07:00,2025-03-25 09:29:08.902751+00:00,0.28,2025-03-25 02:29:08.902751-07:00
KXBTCRESERVE-26-JAN01,2025-03-25 12:00:00+00:00,2025_03_25_open_0500_PT,2025-03-25 05:00:00-07:00,2025-03-24 18:46:51.600332+00:00,0.53,2025-03-24 11:46:51.600332-07:00
KXCANADAPM-45-C,2025-03-25 12:00:00+00:00,2025_03_25_open_0500_PT,2025-03-25 05:00:00-07:00,2025-03-25 11:08:19.306176+00:00,0.47,2025-03-25 04:08:19.306176-07:00
KXCANADAPM-45-L,2025-03-25 12:00:00+00:00,2025_03_25_open_0500_PT,2025-03-25 05:00:00-07:00,2025-03-25 11:14:54.991350+00:00,0.54,2025-03-25 04:14:54.991350-07:00
KXCPIYOY-25APR-T2.4,2025-03-25 12:00:00+00:00,2025_03_25_open_0500_PT,2025-03-25 05:00:00-07:00,2025-03-21 08:10:59.856677+00:00,0.71,2025-03-21 01:10:59.856677-07:00
KXCPIYOY-25APR-T2.5,2025-03-25 12:00:00+00:00,2025_03_25_open_0500_PT,2025-03-25 05:00:00-07:00,2025-03-21 08:10:13.622844+00:00,0.43,2025-03-21 01:10:13.622844-07:00
KXDOED-26-JAN01,2025-03-25 12:00:00+00:00,2025_03_25_open_0500_PT,2025-03-25 05:00:00-07:00,2025-03-25 11:47:13.461169+00:00,0.18,2025-03-25 04:47:13.461169-07:00
KXEPSTEIN-25,2025-03-25 12:00:00+00:00,2025_03_25_open_0500_PT,2025-03-25 05:00:00-07:00,2025-03-25 11:57:02.769752+00:00,0.44,2025-03-25 04:57:02.769752-07:00
KXETHMAXY-25DEC31-4999.99,2025-03-25 12:00:00+00:00,2025_03_25_open_0500_PT,2025-03-25 05:00:00-07:00,2025-03-24 20:44:28.255989+00:00,0.18,2025-03-24 13:44:28.255989-07:00
KXFEDDECISION-25MAY-C25,2025-03-25 12:00:00+00:00,2025_03_25_open_0500_PT,2025-03-25 05:00:00-07:00,2025-03-25 11:56:57.642549+00:00,0.13,2025-03-25 04:56:57.642549-07:00
KXFEDDECISION-25MAY-C26,2025-03-25 12:00:00+00:00,2025_03_25_open_0500_PT,2025-03-25 05:00:00-07:00,2025-03-24 14:11:17.092618+00:00,0.02,2025-03-24 07:11:17.092618-07:00
KXFEDDECISION-25MAY-H0,2025-03-25 12:00:00+00:00,2025_03_25_open_0500_PT,2025-03-25 05:00:00-07:00,2025-03-25 11:55:58.044270+00:00,0.86,2025-03-25 04:55:58.044270-07:00
KXFOMENSINGLES-25-CA,2025-03-25 12:00:00+00:00,2025_03_25_open_0500_PT,2025-03-25 05:00:00-07:00,2025-03-25 09:36:33.041300+00:00,0.41,2025-03-25 02:36:33.041300-07:00
KXFOMENSINGLES-25-JS,2025-03-25 12:00:00+00:00,2025_03_25_open_0500_PT,2025-03-25 05:00:00-07:00,2025-03-24 10:59:37.791628+00:00,0.26,2025-03-24 03:59:37.791628-07:00
KXFOMENSINGLES-25-ND,2025-03-25 12:00:00+00:00,2025_03_25_open_0500_PT,2025-03-25 05:00:00-07:00,2025-03-08 17:49:54.374770+00:00,0.12,2025-03-08 09:49:54.374770-08:00
KXFOWOMENSINGLES-25-AS,2025-03-25 12:00:00+00:00,2025_03_25_open_0500_PT,2025-03-25 05:00:00-07:00,2025-03-21 11:25:09.035040+00:00,0.14,2025-03-21 04:25:09.035040-07:00
KXFOWOMENSINGLES-25-CG,2025-03-25 12:00:00+00:00,2025_03_25_open_0500_PT,2025-03-25 05:00:00-07:00,2025-02-10 18:42:35.041176+00:00,0.08,2025-02-10 10:42:35.041176-08:00
KXLEAGUEWORLDS-25-T1,2025-03-25 12:00:00+00:00,2025_03_25_open_0500_PT,2025-03-25 05:00:00-07:00,2025-03-25 10:28:29.073183+00:00,0.21,2025-03-25 03:28:29.073183-07:00
KXLLM1-25DEC31-XAI,2025-03-25 12:00:00+00:00,2025_03_25_open_0500_PT,2025-03-25 05:00:00-07:00,2025-03-25 10:08:19.924011+00:00,0.25,2025-03-25 03:08:19.924011-07:00
KXMARMAD-25-AU,2025-03-25 12:00:00+00:00,2025_03_25_open_0500_PT,2025-03-25 05:00:00-07:00,2025-03-25 11:59:18.684213+00:00,0.15,2025-03-25 04:59:18.684213-07:00
KXMARMAD-25-DU,2025-03-25 12:00:00+00:00,2025_03_25_open_0500_PT,2025-03-25 05:00:00-07:00,2025-03-25 11:59:40.487843+00:00,0.3,2025-03-25 04:59:40.487843-07:00
KXMARMAD-25-FL,2025-03-25 12:00:00+00:00,2025_03_25_open_0500_PT,2025-03-25 05:00:00-07:00,2025-03-25 11:59:14.204558+00:00,0.19,2025-03-25 04:59:14.204558-07:00
KXMARMAD-25-HOU,2025-03-25 12:00:00+00:00,2025_03_25_open_0500_PT,2025-03-25 05:00:00-07:00,2025-03-25 11:54:15.193194+00:00,0.16,2025-03-25 04:54:15.193194-07:00
KXMASTERS-25-BD,2025-03-25 12:00:00+00:00,2025_03_25_open_0500_PT,2025-03-25 05:00:00-07:00,2025-03-25 07:29:42.120285+00:00,0.04,2025-03-25 00:29:42.120285-07:00
KXMASTERS-25-CM,2025-03-25 12:00:00+00:00,2025_03_25_open_0500_PT,2025-03-25 05:00:00-07:00,2025-03-25 09:45:52.937977+00:00,0.06,2025-03-25 02:45:52.937977-07:00
KXMASTERS-25-LA,2025-03-25 12:00:00+00:00,2025_03_25_open_0500_PT,2025-03-25 05:00:00-07:00,2025-03-25 07:29:50.315931+00:00,0.05,2025-03-25 00:29:50.315931-07:00
KXMASTERS-25-RM,2025-03-25 12:00:00+00:00,2025_03_25_open_0500_PT,2025-03-25 05:00:00-07:00,2025-03-25 11:32:30.052843+00:00,0.13,2025-03-25 04:32:30.052843-07:00
KXMASTERS-25-SS,2025-03-25 12:00:00+00:00,2025_03_25_open_0500_PT,2025-03-25 05:00:00-07:00,2025-03-25 11:23:27.802334+00:00,0.15,2025-03-25 04:23:27.802334-07:00
KXMAYORNYCNOMD-25-AC,2025-03-25 12:00:00+00:00,2025_03_25_open_0500_PT,2025-03-25 05:00:00-07:00,2025-03-25 11:30:43.305148+00:00,0.73,2025-03-25 04:30:43.305148-07:00
KXMAYORNYCNOMD-25-ZM,2025-03-25 12:00:00+00:00,2025_03_25_open_0500_PT,2025-03-25 05:00:00-07:00,2025-03-25 10:49:36.726924+00:00,0.1,2025-03-25 03:49:36.726924-07:00
KXMAYORNYCPARTY-25-D,2025-03-25 12:00:00+00:00,2025_03_25_open_0500_PT,2025-03-25 05:00:00-07:00,2025-03-25 06:49:03.354455+00:00,0.92,2025-03-24 23:49:03.354455-07:00
KXMAYORNYCPARTY-25-R,2025-03-25 12:00:00+00:00,2025_03_25_open_0500_PT,2025-03-25 05:00:00-07:00,2025-03-25 05:34:42.947652+00:00,0.09,2025-03-24 22:34:42.947652-07:00
KXMLB-25-LAD,2025-03-25 12:00:00+00:00,2025_03_25_open_0500_PT,2025-03-25 05:00:00-07:00,2025-03-24 09:25:01.161298+00:00,0.26,2025-03-24 02:25:01.161298-07:00
KXMLB-25-MIL,2025-03-25 12:00:00+00:00,2025_03_25_open_0500_PT,2025-03-25 05:00:00-07:00,2025-03-10 06:18:13.923662+00:00,0.02,2025-03-09 23:18:13.923662-07:00
KXMLB-25-PHI,2025-03-25 12:00:00+00:00,2025_03_25_open_0500_PT,2025-03-25 05:00:00-07:00,2025-03-18 19:14:52.272018+00:00,0.05,2025-03-18 12:14:52.272018-07:00
KXMLB-25-SEA,2025-03-25 12:00:00+00:00,2025_03_25_open_0500_PT,2025-03-25 05:00:00-07:00,2025-03-11 23:27:34.973762+00:00,0.03,2025-03-11 16:27:34.973762-07:00
KXMLB-25-TOR,2025-03-25 12:00:00+00:00,2025_03_25_open_0500_PT,2025-03-25 05:00:00-07:00,2025-03-23 11:29:11.561514+00:00,0.02,2025-03-23 04:29:11.561514-07:00
KXMLBAL-25-SEA,2025-03-25 12:00:00+00:00,2025_03_25_open_0500_PT,2025-03-25 05:00:00-07:00,2025-03-24 19:54:22.810129+00:00,0.1,2025-03-24 12:54:22.810129-07:00
KXMLBAL-25-TOR,2025-03-25 12:00:00+00:00,2025_03_25_open_0500_PT,2025-03-25 05:00:00-07:00,2025-03-14 15:24:14.606706+00:00,0.02,2025-03-14 08:24:14.606706-07:00
KXMLBNL-25-LAD,2025-03-25 12:00:00+00:00,2025_03_25_open_0500_PT,2025-03-25 05:00:00-07:00,2025-03-24 19:56:15.251816+00:00,0.36,2025-03-24 12:56:15.251816-07:00
KXNBA-25-BOS,2025-03-25 12:00:00+00:00,2025_03_25_open_0500_PT,2025-03-25 05:00:00-07:00,2025-03-25 10:57:56.721859+00:00,0.28,2025-03-25 03:57:56.721859-07:00
KXNBA-25-CLE,2025-03-25 12:00:00+00:00,2025_03_25_open_0500_PT,2025-03-25 05:00:00-07:00,2025-03-25 08:29:43.148099+00:00,0.13,2025-03-25 01:29:43.148099-07:00
KXNBA-25-DEN,2025-03-25 12:00:00+00:00,2025_03_25_open_0500_PT,2025-03-25 05:00:00-07:00,2025-03-25 09:05:28.232680+00:00,0.07,2025-03-25 02:05:28.232680-07:00
KXNBA-25-GSW,2025-03-25 12:00:00+00:00,2025_03_25_open_0500_PT,2025-03-25 05:00:00-07:00,2025-03-24 19:20:23.272315+00:00,0.07,2025-03-24 12:20:23.272315-07:00
KXNBA-25-IND,2025-03-25 12:00:00+00:00,2025_03_25_open_0500_PT,2025-03-25 05:00:00-07:00,2025-03-24 13:22:15.203154+00:00,0.01,2025-03-24 06:22:15.203154-07:00
KXNBA-25-LAL,2025-03-25 12:00:00+00:00,2025_03_25_open_0500_PT,2025-03-25 05:00:00-07:00,2025-03-25 09:16:05.052850+00:00,0.09,2025-03-25 02:16:05.052850-07:00
KXNBA-25-MIN,2025-03-25 12:00:00+00:00,2025_03_25_open_0500_PT,2025-03-25 05:00:00-07:00,2025-03-20 09:21:29.946374+00:00,0.02,2025-03-20 02:21:29.946374-07:00
KXNBA-25-NYK,2025-03-25 12:00:00+00:00,2025_03_25_open_0500_PT,2025-03-25 05:00:00-07:00,2025-03-24 17:51:28.915363+00:00,0.03,2025-03-24 10:51:28.915363-07:00
KXNBA-25-OKC,2025-03-25 12:00:00+00:00,2025_03_25_open_0500_PT,2025-03-25 05:00:00-07:00,2025-03-25 08:29:33.066621+00:00,0.33,2025-03-25 01:29:33.066621-07:00
KXNBAEAST-25-BOS,2025-03-25 12:00:00+00:00,2025_03_25_open_0500_PT,2025-03-25 05:00:00-07:00,2025-03-25 09:11:10.644933+00:00,0.54,2025-03-25 02:11:10.644933-07:00
KXNBAEAST-25-IND,2025-03-25 12:00:00+00:00,2025_03_25_open_0500_PT,2025-03-25 05:00:00-07:00,2025-03-06 12:33:13.620263+00:00,0.02,2025-03-06 04:33:13.620263-08:00
KXNBAEAST-25-NYK,2025-03-25 12:00:00+00:00,2025_03_25_open_0500_PT,2025-03-25 05:00:00-07:00,2025-03-21 16:49:12.576347+00:00,0.08,2025-03-21 09:49:12.576347-07:00
KXNBAWEST-25-DEN,2025-03-25 12:00:00+00:00,2025_03_25_open_0500_PT,2025-03-25 05:00:00-07:00,2025-03-25 10:01:55.688184+00:00,0.1,2025-03-25 03:01:55.688184-07:00
KXNBAWEST-25-MIN,2025-03-25 12:00:00+00:00,2025_03_25_open_0500_PT,2025-03-25 05:00:00-07:00,2025-03-24 14:29:09.649786+00:00,0.05,2025-03-24 07:29:09.649786-07:00
KXNBAWEST-25-OKC,2025-03-25 12:00:00+00:00,2025_03_25_open_0500_PT,2025-03-25 05:00:00-07:00,2025-03-25 09:43:59.137906+00:00,0.53,2025-03-25 02:43:59.137906-07:00
KXNCAAF-26-OSU,2025-03-25 12:00:00+00:00,2025_03_25_open_0500_PT,2025-03-25 05:00:00-07:00,2025-03-20 16:15:19.205391+00:00,0.17,2025-03-20 09:15:19.205391-07:00
KXNHL-25-EDM,2025-03-25 12:00:00+00:00,2025_03_25_open_0500_PT,2025-03-25 05:00:00-07:00,2025-03-25 09:19:30.412990+00:00,0.12,2025-03-25 02:19:30.412990-07:00
KXNHL-25-FLA,2025-03-25 12:00:00+00:00,2025_03_25_open_0500_PT,2025-03-25 05:00:00-07:00,2025-03-25 08:41:32.523437+00:00,0.14,2025-03-25 01:41:32.523437-07:00
KXNOBELPEACE-25-DJT,2025-03-25 12:00:00+00:00,2025_03_25_open_0500_PT,2025-03-25 05:00:00-07:00,2025-03-24 18:43:38.428432+00:00,0.08,2025-03-24 11:43:38.428432-07:00
KXPGA-25-BD,2025-03-25 12:00:00+00:00,2025_03_25_open_0500_PT,2025-03-25 05:00:00-07:00,2025-03-20 12:28:07.193994+00:00,0.06,2025-03-20 05:28:07.193994-07:00
KXPGA-25-RM,2025-03-25 12:00:00+00:00,2025_03_25_open_0500_PT,2025-03-25 05:00:00-07:00,2025-03-21 11:31:09.126921+00:00,0.13,2025-03-21 04:31:09.126921-07:00
KXPGA-25-SS,2025-03-25 12:00:00+00:00,2025_03_25_open_0500_PT,2025-03-25 05:00:00-07:00,2025-03-25 11:55:08.280437+00:00,0.11,2025-03-25 04:55:08.280437-07:00
KXRATECUTCOUNT-25DEC31-T0,2025-03-25 12:00:00+00:00,2025_03_25_open_0500_PT,2025-03-25 05:00:00-07:00,2025-03-25 10:35:33.538990+00:00,0.12,2025-03-25 03:35:33.538990-07:00
KXRATECUTCOUNT-25DEC31-T1,2025-03-25 12:00:00+00:00,2025_03_25_open_0500_PT,2025-03-25 05:00:00-07:00,2025-03-25 08:01:50.345165+00:00,0.16,2025-03-25 01:01:50.345165-07:00
KXRATECUTCOUNT-25DEC31-T2,2025-03-25 12:00:00+00:00,2025_03_25_open_0500_PT,2025-03-25 05:00:00-07:00,2025-03-25 08:01:55.864993+00:00,0.24,2025-03-25 01:01:55.864993-07:00
KXRATECUTCOUNT-25DEC31-T3,2025-03-25 12:00:00+00:00,2025_03_25_open_0500_PT,2025-03-25 05:00:00-07:00,2025-03-24 21:32:36.393654+00:00,0.17,2025-03-24 14:32:36.393654-07:00
KXSB-26-BAL,2025-03-25 12:00:00+00:00,2025_03_25_open_0500_PT,2025-03-25 05:00:00-07:00,2025-03-23 11:33:25.360286+00:00,0.1,2025-03-23 04:33:25.360286-07:00
KXSB-26-BUF,2025-03-25 12:00:00+00:00,2025_03_25_open_0500_PT,2025-03-25 05:00:00-07:00,2025-03-23 10:29:57.344680+00:00,0.11,2025-03-23 03:29:57.344680-07:00
KXSB-26-GB,2025-03-25 12:00:00+00:00,2025_03_25_open_0500_PT,2025-03-25 05:00:00-07:00,2025-03-18 18:00:55.371384+00:00,0.03,2025-03-18 11:00:55.371384-07:00
KXSB-26-KC,2025-03-25 12:00:00+00:00,2025_03_25_open_0500_PT,2025-03-25 05:00:00-07:00,2025-03-22 21:25:16.598872+00:00,0.11,2025-03-22 14:25:16.598872-07:00
KXSB-26-PHI,2025-03-25 12:00:00+00:00,2025_03_25_open_0500_PT,2025-03-25 05:00:00-07:00,2025-03-24 11:06:48.035626+00:00,0.13,2025-03-24 04:06:48.035626-07:00
KXSB-26-SEA,2025-03-25 12:00:00+00:00,2025_03_25_open_0500_PT,2025-03-25 05:00:00-07:00,2025-03-24 09:54:03.481477+00:00,0.02,2025-03-24 02:54:03.481477-07:00
KXTHEOPEN-25-RM,2025-03-25 12:00:00+00:00,2025_03_25_open_0500_PT,2025-03-25 05:00:00-07:00,2025-03-21 13:21:30.460808+00:00,0.13,2025-03-21 06:21:30.460808-07:00
KXTHEOPEN-25-SS,2025-03-25 12:00:00+00:00,2025_03_25_open_0500_PT,2025-03-25 05:00:00-07:00,2025-03-21 11:30:31.056877+00:00,0.2,2025-03-21 04:30:31.056877-07:00
KXTOPARTIST-25-BB,2025-03-25 12:00:00+00:00,2025_03_25_open_0500_PT,2025-03-25 05:00:00-07:00,2025-03-24 06:11:07.794534+00:00,0.51,2025-03-23 23:11:07.794534-07:00
KXTOPARTIST-25-TS,2025-03-25 12:00:00+00:00,2025_03_25_open_0500_PT,2025-03-25 05:00:00-07:00,2025-03-24 06:11:07.716162+00:00,0.44,2025-03-23 23:11:07.716162-07:00
KXUEFACL-25-IM,2025-03-25 12:00:00+00:00,2025_03_25_open_0500_PT,2025-03-25 05:00:00-07:00,2025-03-24 07:51:50.396347+00:00,0.08,2025-03-24 00:51:50.396347-07:00
KXUEFACL-25-PSG,2025-03-25 12:00:00+00:00,2025_03_25_open_0500_PT,2025-03-25 05:00:00-07:00,2025-03-25 11:02:15.691739+00:00,0.2,2025-03-25 04:02:15.691739-07:00
KXUSOMENSINGLES-25-CA,2025-03-25 12:00:00+00:00,2025_03_25_open_0500_PT,2025-03-25 05:00:00-07:00,2025-03-17 18:29:54.515804+00:00,0.25,2025-03-17 11:29:54.515804-07:00
KXUSOMENSINGLES-25-JS,2025-03-25 12:00:00+00:00,2025_03_25_open_0500_PT,2025-03-25 05:00:00-07:00,2025-03-23 08:36:42.643007+00:00,0.37,2025-03-23 01:36:42.643007-07:00
KXUSOMENSINGLES-25-ND,2025-03-25 12:00:00+00:00,2025_03_25_open_0500_PT,2025-03-25 05:00:00-07:00,2025-03-19 07:01:50.304458+00:00,0.13,2025-03-19 00:01:50.304458-07:00
KXUSOPEN-25-BD,2025-03-25 12:00:00+00:00,2025_03_25_open_0500_PT,2025-03-25 05:00:00-07:00,2025-03-20 19:46:26.235332+00:00,0.07,2025-03-20 12:46:26.235332-07:00
KXUSOPEN-25-BK,2025-03-25 12:00:00+00:00,2025_03_25_open_0500_PT,2025-03-25 05:00:00-07:00,2025-03-20 08:18:27.580179+00:00,0.05,2025-03-20 01:18:27.580179-07:00
KXUSOPEN-25-RM,2025-03-25 12:00:00+00:00,2025_03_25_open_0500_PT,2025-03-25 05:00:00-07:00,2025-03-21 13:20:39.856711+00:00,0.11,2025-03-21 06:20:39.856711-07:00
KXUSOPEN-25-RMAC,2025-03-25 12:00:00+00:00,2025_03_25_open_0500_PT,2025-03-25 05:00:00-07:00,2025-02-13 20:06:17.379384+00:00,0.03,2025-02-13 12:06:17.379384-08:00
KXUSOPEN-25-SS,2025-03-25 12:00:00+00:00,2025_03_25_open_0500_PT,2025-03-25 05:00:00-07:00,2025-03-25 05:08:15.382357+00:00,0.15,2025-03-24 22:08:15.382357-07:00
KXUSOPEN-25-VH,2025-03-25 12:00:00+00:00,2025_03_25_open_0500_PT,2025-03-25 05:00:00-07:00,2025-03-19 14:34:48.583482+00:00,0.05,2025-03-19 07:34:48.583482-07:00
KXWMENSINGLES-25-CA,2025-03-25 12:00:00+00:00,2025_03_25_open_0500_PT,2025-03-25 05:00:00-07:00,2025-03-19 12:14:06.749595+00:00,0.37,2025-03-19 05:14:06.749595-07:00
KXWMENSINGLES-25-JS,2025-03-25 12:00:00+00:00,2025_03_25_open_0500_PT,2025-03-25 05:00:00-07:00,2025-03-17 16:56:46.527365+00:00,0.29,2025-03-17 09:56:46.527365-07:00
KXWMENSINGLES-25-ND,2025-03-25 12:00:00+00:00,2025_03_25_open_0500_PT,2025-03-25 05:00:00-07:00,2025-03-25 08:20:43.511654+00:00,0.14,2025-03-25 01:20:43.511654-07:00
KXWMENSINGLES-25-TF,2025-03-25 12:00:00+00:00,2025_03_25_open_0500_PT,2025-03-25 05:00:00-07:00,,,
LEAVEPOWELL-25-DEC31,2025-03-25 12:00:00+00:00,2025_03_25_open_0500_PT,2025-03-25 05:00:00-07:00,2025-03-24 18:11:41.062742+00:00,0.19,2025-03-24 11:11:41.062742-07:00
RECSSNBER-25,2025-03-25 12:00:00+00:00,2025_03_25_open_0500_PT,2025-03-25 05:00:00-07:00,2025-03-25 11:14:31.862980+00:00,0.39,2025-03-25 04:14:31.862980-07:00
FED-25MAY-T4.00,2025-03-26 00:00:00+00:00,2025_03_25_close_1700_PT,2025-03-25 17:00:00-07:00,2025-03-25 23:10:16.436042+00:00,0.96,2025-03-25 16:10:16.436042-07:00
FED-25MAY-T4.25,2025-03-26 00:00:00+00:00,2025_03_25_close_1700_PT,2025-03-25 17:00:00-07:00,2025-03-25 23:52:23.945342+00:00,0.83,2025-03-25 16:52:23.945342-07:00
GOVPARTYNJ-25-D,2025-03-26 00:00:00+00:00,2025_03_25_close_1700_PT,2025-03-25 17:00:00-07:00,2025-03-24 12:01:19.539093+00:00,0.71,2025-03-24 05:01:19.539093-07:00
GOVPARTYNJ-25-R,2025-03-26 00:00:00+00:00,2025_03_25_close_1700_PT,2025-03-25 17:00:00-07:00,2025-03-25 16:31:38.682344+00:00,0.27,2025-03-25 09:31:38.682344-07:00
GOVPARTYVA-25-R,2025-03-26 00:00:00+00:00,2025_03_25_close_1700_PT,2025-03-25 17:00:00-07:00,2025-03-24 06:23:12.541861+00:00,0.1,2025-03-23 23:23:12.541861-07:00
KXBTCMAX150-25-DEC31-149999.99,2025-03-26 00:00:00+00:00,2025_03_25_close_1700_PT,2025-03-25 17:00:00-07:00,2025-03-25 21:35:22.285903+00:00,0.3,2025-03-25 14:35:22.285903-07:00
KXBTCMAXY-25-DEC31-124999.99,2025-03-26 00:00:00+00:00,2025_03_25_close_1700_PT,2025-03-25 17:00:00-07:00,2025-03-25 14:40:34.765685+00:00,0.41,2025-03-25 07:40:34.765685-07:00
KXBTCMAXY-25-DEC31-149999.99,2025-03-26 00:00:00+00:00,2025_03_25_close_1700_PT,2025-03-25 17:00:00-07:00,2025-03-25 18:51:49.259896+00:00,0.27,2025-03-25 11:51:49.259896-07:00
KXBTCRESERVE-26-JAN01,2025-03-26 00:00:00+00:00,2025_03_25_close_1700_PT,2025-03-25 17:00:00-07:00,2025-03-25 16:19:42.678484+00:00,0.52,2025-03-25 09:19:42.678484-07:00
KXCANADAPM-45-C,2025-03-26 00:00:00+00:00,2025_03_25_close_1700_PT,2025-03-25 17:00:00-07:00,2025-03-25 23:57:49.627869+00:00,0.44,2025-03-25 16:57:49.627869-07:00
KXCANADAPM-45-L,2025-03-26 00:00:00+00:00,2025_03_25_close_1700_PT,2025-03-25 17:00:00-07:00,2025-03-25 22:46:05.207057+00:00,0.56,2025-03-25 15:46:05.207057-07:00
KXCPIYOY-25APR-T2.4,2025-03-26 00:00:00+00:00,2025_03_25_close_1700_PT,2025-03-25 17:00:00-07:00,2025-03-21 08:10:59.856677+00:00,0.71,2025-03-21 01:10:59.856677-07:00
KXCPIYOY-25APR-T2.5,2025-03-26 00:00:00+00:00,2025_03_25_close_1700_PT,2025-03-25 17:00:00-07:00,2025-03-21 08:10:13.622844+00:00,0.43,2025-03-21 01:10:13.622844-07:00
KXDOED-26-JAN01,2025-03-26 00:00:00+00:00,2025_03_25_close_1700_PT,2025-03-25 17:00:00-07:00,2025-03-25 22:16:31.018996+00:00,0.19,2025-03-25 15:16:31.018996-07:00
KXEPSTEIN-25,2025-03-26 00:00:00+00:00,2025_03_25_close_1700_PT,2025-03-25 17:00:00-07:00,2025-03-25 23:56:14.091279+00:00,0.43,2025-03-25 16:56:14.091279-07:00
KXETHMAXY-25DEC31-4999.99,2025-03-26 00:00:00+00:00,2025_03_25_close_1700_PT,2025-03-25 17:00:00-07:00,2025-03-24 20:44:28.255989+00:00,0.18,2025-03-24 13:44:28.255989-07:00
KXFEDDECISION-25MAY-C25,2025-03-26 00:00:00+00:00,2025_03_25_close_1700_PT,2025-03-25 17:00:00-07:00,2025-03-25 19:40:43.068233+00:00,0.12,2025-03-25 12:40:43.068233-07:00
KXFEDDECISION-25MAY-C26,2025-03-26 00:00:00+00:00,2025_03_25_close_1700_PT,2025-03-25 17:00:00-07:00,2025-03-25 18:26:56.380255+00:00,0.02,2025-03-25 11:26:56.380255-07:00
KXFEDDECISION-25MAY-H0,2025-03-26 00:00:00+00:00,2025_03_25_close_1700_PT,2025-03-25 17:00:00-07:00,2025-03-25 19:49:45.735335+00:00,0.87,2025-03-25 12:49:45.735335-07:00
KXFOMENSINGLES-25-CA,2025-03-26 00:00:00+00:00,2025_03_25_close_1700_PT,2025-03-25 17:00:00-07:00,2025-03-25 09:36:33.041300+00:00,0.41,2025-03-25 02:36:33.041300-07:00
KXFOMENSINGLES-25-JS,2025-03-26 00:00:00+00:00,2025_03_25_close_1700_PT,2025-03-25 17:00:00-07:00,2025-03-24 10:59:37.791628+00:00,0.26,2025-03-24 03:59:37.791628-07:00
KXFOMENSINGLES-25-ND,2025-03-26 00:00:00+00:00,2025_03_25_close_1700_PT,2025-03-25 17:00:00-07:00,2025-03-08 17:49:54.374770+00:00,0.12,2025-03-08 09:49:54.374770-08:00
KXFOWOMENSINGLES-25-AS,2025-03-26 00:00:00+00:00,2025_03_25_close_1700_PT,2025-03-25 17:00:00-07:00,2025-03-21 11:25:09.035040+00:00,0.14,2025-03-21 04:25:09.035040-07:00
KXFOWOMENSINGLES-25-CG,2025-03-26 00:00:00+00:00,2025_03_25_close_1700_PT,2025-03-25 17:00:00-07:00,2025-02-10 18:42:35.041176+00:00,0.08,2025-02-10 10:42:35.041176-08:00
KXLEAGUEWORLDS-25-T1,2025-03-26 00:00:00+00:00,2025_03_25_close_1700_PT,2025-03-25 17:00:00-07:00,2025-03-25 10:28:29.073183+00:00,0.21,2025-03-25 03:28:29.073183-07:00
KXLLM1-25DEC31-XAI,2025-03-26 00:00:00+00:00,2025_03_25_close_1700_PT,2025-03-25 17:00:00-07:00,2025-03-25 19:53:47.982268+00:00,0.25,2025-03-25 12:53:47.982268-07:00
KXMARMAD-25-AU,2025-03-26 00:00:00+00:00,2025_03_25_close_1700_PT,2025-03-25 17:00:00-07:00,2025-03-25 23:42:12.003354+00:00,0.15,2025-03-25 16:42:12.003354-07:00
KXMARMAD-25-DU,2025-03-26 00:00:00+00:00,2025_03_25_close_1700_PT,2025-03-25 17:00:00-07:00,2025-03-25 23:58:36.235022+00:00,0.31,2025-03-25 16:58:36.235022-07:00
KXMARMAD-25-FL,2025-03-26 00:00:00+00:00,2025_03_25_close_1700_PT,2025-03-25 17:00:00-07:00,2025-03-25 23:57:54.123027+00:00,0.19,2025-03-25 16:57:54.123027-07:00
KXMARMAD-25-HOU,2025-03-26 00:00:00+00:00,2025_03_25_close_1700_PT,2025-03-25 17:00:00-07:00,2025-03-25 23:58:19.124836+00:00,0.16,2025-03-25 16:58:19.124836-07:00
KXMASTERS-25-BD,2025-03-26 00:00:00+00:00,2025_03_25_close_1700_PT,2025-03-25 17:00:00-07:00,2025-03-25 18:48:50.684550+00:00,0.05,2025-03-25 11:48:50.684550-07:00
KXMASTERS-25-CM,2025-03-26 00:00:00+00:00,2025_03_25_close_1700_PT,2025-03-25 17:00:00-07:00,2025-03-25 13:33:35.016620+00:00,0.06,2025-03-25 06:33:35.016620-07:00
KXMASTERS-25-LA,2025-03-26 00:00:00+00:00,2025_03_25_close_1700_PT,2025-03-25 17:00:00-07:00,2025-03-25 13:33:46.064691+00:00,0.06,2025-03-25 06:33:46.064691-07:00
KXMASTERS-25-RM,2025-03-26 00:00:00+00:00,2025_03_25_close_1700_PT,2025-03-25 17:00:00-07:00,2025-03-25 18:47:51.215553+00:00,0.13,2025-03-25 11:47:51.215553-07:00
KXMASTERS-25-SS,2025-03-26 00:00:00+00:00,2025_03_25_close_1700_PT,2025-03-25 17:00:00-07:00,2025-03-25 18:48:00.087311+00:00,0.16,2025-03-25 11:48:00.087311-07:00
KXMAYORNYCNOMD-25-AC,2025-03-26 00:00:00+00:00,2025_03_25_close_1700_PT,2025-03-25 17:00:00-07:00,2025-03-25 22:24:43.011197+00:00,0.76,2025-03-25 15:24:43.011197-07:00
KXMAYORNYCNOMD-25-ZM,2025-03-26 00:00:00+00:00,2025_03_25_close_1700_PT,2025-03-25 17:00:00-07:00,2025-03-25 23:02:45.631407+00:00,0.1,2025-03-25 16:02:45.631407-07:00
KXMAYORNYCPARTY-25-D,2025-03-26 00:00:00+00:00,2025_03_25_close_1700_PT,2025-03-25 17:00:00-07:00,2025-03-25 17:51:51.802399+00:00,0.9,2025-03-25 10:51:51.802399-07:00
KXMAYORNYCPARTY-25-R,2025-03-26 00:00:00+00:00,2025_03_25_close_1700_PT,2025-03-25 17:00:00-07:00,2025-03-25 17:51:54.443758+00:00,0.07,2025-03-25 10:51:54.443758-07:00
KXMLB-25-LAD,2025-03-26 00:00:00+00:00,2025_03_25_close_1700_PT,2025-03-25 17:00:00-07:00,2025-03-25 19:22:01.894612+00:00,0.26,2025-03-25 12:22:01.894612-07:00
KXMLB-25-MIL,2025-03-26 00:00:00+00:00,2025_03_25_close_1700_PT,2025-03-25 17:00:00-07:00,2025-03-10 06:18:13.923662+00:00,0.02,2025-03-09 23:18:13.923662-07:00
KXMLB-25-PHI,2025-03-26 00:00:00+00:00,2025_03_25_close_1700_PT,2025-03-25 17:00:00-07:00,2025-03-18 19:14:52.272018+00:00,0.05,2025-03-18 12:14:52.272018-07:00
KXMLB-25-SEA,2025-03-26 00:00:00+00:00,2025_03_25_close_1700_PT,2025-03-25 17:00:00-07:00,2025-03-11 23:27:34.973762+00:00,0.03,2025-03-11 16:27:34.973762-07:00
KXMLB-25-TOR,2025-03-26 00:00:00+00:00,2025_03_25_close_1700_PT,2025-03-25 17:00:00-07:00,2025-03-23 11:29:11.561514+00:00,0.02,2025-03-23 04:29:11.561514-07:00
KXMLBAL-25-SEA,2025-03-26 00:00:00+00:00,2025_03_25_close_1700_PT,2025-03-25 17:00:00-07:00,2025-03-24 19:54:22.810129+00:00,0.1,2025-03-24 12:54:22.810129-07:00
KXMLBAL-25-TOR,2025-03-26 00:00:00+00:00,2025_03_25_close_1700_PT,2025-03-25 17:00:00-07:00,2025-03-14 15:24:14.606706+00:00,0.02,2025-03-14 08:24:14.606706-07:00
KXMLBNL-25-LAD,2025-03-26 00:00:00+00:00,2025_03_25_close_1700_PT,2025-03-25 17:00:00-07:00,2025-03-25 18:49:29.294804+00:00,0.37,2025-03-25 11:49:29.294804-07:00
KXNBA-25-BOS,2025-03-26 00:00:00+00:00,2025_03_25_close_1700_PT,2025-03-25 17:00:00-07:00,2025-03-25 20:48:36.611449+00:00,0.28,2025-03-25 13:48:36.611449-07:00
KXNBA-25-CLE,2025-03-26 00:00:00+00:00,2025_03_25_close_1700_PT,2025-03-25 17:00:00-07:00,2025-03-25 15:30:28.098708+00:00,0.13,2025-03-25 08:30:28.098708-07:00
KXNBA-25-DEN,2025-03-26 00:00:00+00:00,2025_03_25_close_1700_PT,2025-03-25 17:00:00-07:00,2025-03-25 21:01:26.265184+00:00,0.07,2025-03-25 14:01:26.265184-07:00
KXNBA-25-GSW,2025-03-26 00:00:00+00:00,2025_03_25_close_1700_PT,2025-03-25 17:00:00-07:00,2025-03-25 21:33:12.198781+00:00,0.06,2025-03-25 14:33:12.198781-07:00
KXNBA-25-IND,2025-03-26 00:00:00+00:00,2025_03_25_close_1700_PT,2025-03-25 17:00:00-07:00,2025-03-24 13:22:15.203154+00:00,0.01,2025-03-24 06:22:15.203154-07:00
KXNBA-25-LAL,2025-03-26 00:00:00+00:00,2025_03_25_close_1700_PT,2025-03-25 17:00:00-07:00,2025-03-25 21:33:11.141827+00:00,0.07,2025-03-25 14:33:11.141827-07:00
KXNBA-25-MIN,2025-03-26 00:00:00+00:00,2025_03_25_close_1700_PT,2025-03-25 17:00:00-07:00,2025-03-20 09:21:29.946374+00:00,0.02,2025-03-20 02:21:29.946374-07:00
KXNBA-25-NYK,2025-03-26 00:00:00+00:00,2025_03_25_close_1700_PT,2025-03-25 17:00:00-07:00,2025-03-24 17:51:28.915363+00:00,0.03,2025-03-24 10:51:28.915363-07:00
KXNBA-25-OKC,2025-03-26 00:00:00+00:00,2025_03_25_close_1700_PT,2025-03-25 17:00:00-07:00,2025-03-25 21:18:48.647739+00:00,0.33,2025-03-25 14:18:48.647739-07:00
KXNBAEAST-25-BOS,2025-03-26 00:00:00+00:00,2025_03_25_close_1700_PT,2025-03-25 17:00:00-07:00,2025-03-25 09:11:10.644933+00:00,0.54,2025-03-25 02:11:10.644933-07:00
KXNBAEAST-25-IND,2025-03-26 00:00:00+00:00,2025_03_25_close_1700_PT,2025-03-25 17:00:00-07:00,2025-03-25 18:20:15.333092+00:00,0.02,2025-03-25 11:20:15.333092-07:00
KXNBAEAST-25-NYK,2025-03-26 00:00:00+00:00,2025_03_25_close_1700_PT,2025-03-25 17:00:00-07:00,2025-03-25 13:51:19.017710+00:00,0.06,2025-03-25 06:51:19.017710-07:00
KXNBAWEST-25-DEN,2025-03-26 00:00:00+00:00,2025_03_25_close_1700_PT,2025-03-25 17:00:00-07:00,2025-03-25 20:59:55.491924+00:00,0.11,2025-03-25 13:59:55.491924-07:00
KXNBAWEST-25-MIN,2025-03-26 00:00:00+00:00,2025_03_25_close_1700_PT,2025-03-25 17:00:00-07:00,2025-03-25 21:01:46.850468+00:00,0.05,2025-03-25 14:01:46.850468-07:00
KXNBAWEST-25-OKC,2025-03-26 00:00:00+00:00,2025_03_25_close_1700_PT,2025-03-25 17:00:00-07:00,2025-03-25 09:43:59.137906+00:00,0.53,2025-03-25 02:43:59.137906-07:00
KXNCAAF-26-OSU,2025-03-26 00:00:00+00:00,2025_03_25_close_1700_PT,2025-03-25 17:00:00-07:00,2025-03-20 16:15:19.205391+00:00,0.17,2025-03-20 09:15:19.205391-07:00
KXNHL-25-EDM,2025-03-26 00:00:00+00:00,2025_03_25_close_1700_PT,2025-03-25 17:00:00-07:00,2025-03-25 09:19:30.412990+00:00,0.12,2025-03-25 02:19:30.412990-07:00
KXNHL-25-FLA,2025-03-26 00:00:00+00:00,2025_03_25_close_1700_PT,2025-03-25 17:00:00-07:00,2025-03-25 19:25:57.923709+00:00,0.13,2025-03-25 12:25:57.923709-07:00
KXNOBELPEACE-25-DJT,2025-03-26 00:00:00+00:00,2025_03_25_close_1700_PT,2025-03-25 17:00:00-07:00,2025-03-25 13:57:25.691360+00:00,0.09,2025-03-25 06:57:25.691360-07:00
KXPGA-25-BD,2025-03-26 00:00:00+00:00,2025_03_25_close_1700_PT,2025-03-25 17:00:00-07:00,2025-03-20 12:28:07.193994+00:00,0.06,2025-03-20 05:28:07.193994-07:00
KXPGA-25-RM,2025-03-26 00:00:00+00:00,2025_03_25_close_1700_PT,2025-03-25 17:00:00-07:00,2025-03-21 11:31:09.126921+00:00,0.13,2025-03-21 04:31:09.126921-07:00
KXPGA-25-SS,2025-03-26 00:00:00+00:00,2025_03_25_close_1700_PT,2025-03-25 17:00:00-07:00,2025-03-25 11:55:08.280437+00:00,0.11,2025-03-25 04:55:08.280437-07:00
KXRATECUTCOUNT-25DEC31-T0,2025-03-26 00:00:00+00:00,2025_03_25_close_1700_PT,2025-03-25 17:00:00-07:00,2025-03-25 19:03:11.201680+00:00,0.13,2025-03-25 12:03:11.201680-07:00
KXRATECUTCOUNT-25DEC31-T1,2025-03-26 00:00:00+00:00,2025_03_25_close_1700_PT,2025-03-25 17:00:00-07:00,2025-03-25 16:55:42.492091+00:00,0.16,2025-03-25 09:55:42.492091-07:00
KXRATECUTCOUNT-25DEC31-T2,2025-03-26 00:00:00+00:00,2025_03_25_close_1700_PT,2025-03-25 17:00:00-07:00,2025-03-25 16:56:34.691251+00:00,0.24,2025-03-25 09:56:34.691251-07:00
KXRATECUTCOUNT-25DEC31-T3,2025-03-26 00:00:00+00:00,2025_03_25_close_1700_PT,2025-03-25 17:00:00-07:00,2025-03-25 13:54:59.842700+00:00,0.18,2025-03-25 06:54:59.842700-07:00
KXSB-26-BAL,2025-03-26 00:00:00+00:00,2025_03_25_close_1700_PT,2025-03-25 17:00:00-07:00,2025-03-23 11:33:25.360286+00:00,0.1,2025-03-23 04:33:25.360286-07:00
KXSB-26-BUF,2025-03-26 00:00:00+00:00,2025_03_25_close_1700_PT,2025-03-25 17:00:00-07:00,2025-03-23 10:29:57.344680+00:00,0.11,2025-03-23 03:29:57.344680-07:00
KXSB-26-GB,2025-03-26 00:00:00+00:00,2025_03_25_close_1700_PT,2025-03-25 17:00:00-07:00,2025-03-18 18:00:55.371384+00:00,0.03,2025-03-18 11:00:55.371384-07:00
KXSB-26-KC,2025-03-26 00:00:00+00:00,2025_03_25_close_1700_PT,2025-03-25 17:00:00-07:00,2025-03-22 21:25:16.598872+00:00,0.11,2025-03-22 14:25:16.598872-07:00
KXSB-26-PHI,2025-03-26 00:00:00+00:00,2025_03_25_close_1700_PT,2025-03-25 17:00:00-07:00,2025-03-24 11:06:48.035626+00:00,0.13,2025-03-24 04:06:48.035626-07:00
KXSB-26-SEA,2025-03-26 00:00:00+00:00,2025_03_25_close_1700_PT,2025-03-25 17:00:00-07:00,2025-03-24 09:54:03.481477+00:00,0.02,2025-03-24 02:54:03.481477-07:00
KXTHEOPEN-25-RM,2025-03-26 00:00:00+00:00,2025_03_25_close_1700_PT,2025-03-25 17:00:00-07:00,2025-03-21 13:21:30.460808+00:00,0.13,2025-03-21 06:21:30.460808-07:00
KXTHEOPEN-25-SS,2025-03-26 00:00:00+00:00,2025_03_25_close_1700_PT,2025-03-25 17:00:00-07:00,2025-03-21 11:30:31.056877+00:00,0.2,2025-03-21 04:30:31.056877-07:00
KXTOPARTIST-25-BB,2025-03-26 00:00:00+00:00,2025_03_25_close_1700_PT,2025-03-25 17:00:00-07:00,2025-03-24 06:11:07.794534+00:00,0.51,2025-03-23 23:11:07.794534-07:00
KXTOPARTIST-25-TS,2025-03-26 00:00:00+00:00,2025_03_25_close_1700_PT,2025-03-25 17:00:00-07:00,2025-03-24 06:11:07.716162+00:00,0.44,2025-03-23 23:11:07.716162-07:00
KXUEFACL-25-IM,2025-03-26 00:00:00+00:00,2025_03_25_close_1700_PT,2025-03-25 17:00:00-07:00,2025-03-24 07:51:50.396347+00:00,0.08,2025-03-24 00:51:50.396347-07:00
KXUEFACL-25-PSG,2025-03-26 00:00:00+00:00,2025_03_25_close_1700_PT,2025-03-25 17:00:00-07:00,2025-03-25 11:02:15.691739+00:00,0.2,2025-03-25 04:02:15.691739-07:00
KXUSOMENSINGLES-25-CA,2025-03-26 00:00:00+00:00,2025_03_25_close_1700_PT,2025-03-25 17:00:00-07:00,2025-03-17 18:29:54.515804+00:00,0.25,2025-03-17 11:29:54.515804-07:00
KXUSOMENSINGLES-25-JS,2025-03-26 00:00:00+00:00,2025_03_25_close_1700_PT,2025-03-25 17:00:00-07:00,2025-03-23 08:36:42.643007+00:00,0.37,2025-03-23 01:36:42.643007-07:00
KXUSOMENSINGLES-25-ND,2025-03-26 00:00:00+00:00,2025_03_25_close_1700_PT,2025-03-25 17:00:00-07:00,2025-03-19 07:01:50.304458+00:00,0.13,2025-03-19 00:01:50.304458-07:00
KXUSOPEN-25-BD,2025-03-26 00:00:00+00:00,2025_03_25_close_1700_PT,2025-03-25 17:00:00-07:00,2025-03-20 19:46:26.235332+00:00,0.07,2025-03-20 12:46:26.235332-07:00
KXUSOPEN-25-BK,2025-03-26 00:00:00+00:00,2025_03_25_close_1700_PT,2025-03-25 17:00:00-07:00,2025-03-20 08:18:27.580179+00:00,0.05,2025-03-20 01:18:27.580179-07:00
KXUSOPEN-25-RM,2025-03-26 00:00:00+00:00,2025_03_25_close_1700_PT,2025-03-25 17:00:00-07:00,2025-03-21 13:20:39.856711+00:00,0.11,2025-03-21 06:20:39.856711-07:00
KXUSOPEN-25-RMAC,2025-03-26 00:00:00+00:00,2025_03_25_close_1700_PT,2025-03-25 17:00:00-07:00,2025-02-13 20:06:17.379384+00:00,0.03,2025-02-13 12:06:17.379384-08:00
KXUSOPEN-25-SS,2025-03-26 00:00:00+00:00,2025_03_25_close_1700_PT,2025-03-25 17:00:00-07:00,2025-03-25 05:08:15.382357+00:00,0.15,2025-03-24 22:08:15.382357-07:00
KXUSOPEN-25-VH,2025-03-26 00:00:00+00:00,2025_03_25_close_1700_PT,2025-03-25 17:00:00-07:00,2025-03-19 14:34:48.583482+00:00,0.05,2025-03-19 07:34:48.583482-07:00
KXWMENSINGLES-25-CA,2025-03-26 00:00:00+00:00,2025_03_25_close_1700_PT,2025-03-25 17:00:00-07:00,2025-03-19 12:14:06.749595+00:00,0.37,2025-03-19 05:14:06.749595-07:00
KXWMENSINGLES-25-JS,2025-03-26 00:00:00+00:00,2025_03_25_close_1700_PT,2025-03-25 17:00:00-07:00,2025-03-17 16:56:46.527365+00:00,0.29,2025-03-17 09:56:46.527365-07:00
KXWMENSINGLES-25-ND,2025-03-26 00:00:00+00:00,2025_03_25_close_1700_PT,2025-03-25 17:00:00-07:00,2025-03-25 08:20:43.511654+00:00,0.14,2025-03-25 01:20:43.511654-07:00
KXWMENSINGLES-25-TF,2025-03-26 00:00:00+00:00,2025_03_25_close_1700_PT,2025-03-25 17:00:00-07:00,,,
LEAVEPOWELL-25-DEC31,2025-03-26 00:00:00+00:00,2025_03_25_close_1700_PT,2025-03-25 17:00:00-07:00,2025-03-24 18:11:41.062742+00:00,0.19,2025-03-24 11:11:41.062742-07:00
RECSSNBER-25,2025-03-26 00:00:00+00:00,2025_03_25_close_1700_PT,2025-03-25 17:00:00-07:00,2025-03-25 20:22:45.778497+00:00,0.39,2025-03-25 13:22:45.778497-07:00
FED-25MAY-T4.00,2025-03-26 12:00:00+00:00,2025_03_26_open_0500_PT,2025-03-26 05:00:00-07:00,2025-03-26 11:54:30.646475+00:00,0.95,2025-03-26 04:54:30.646475-07:00
FED-25MAY-T4.25,2025-03-26 12:00:00+00:00,2025_03_26_open_0500_PT,2025-03-26 05:00:00-07:00,2025-03-26 11:44:17.553171+00:00,0.84,2025-03-26 04:44:17.553171-07:00
GOVPARTYNJ-25-D,2025-03-26 12:00:00+00:00,2025_03_26_open_0500_PT,2025-03-26 05:00:00-07:00,2025-03-24 12:01:19.539093+00:00,0.71,2025-03-24 05:01:19.539093-07:00
GOVPARTYNJ-25-R,2025-03-26 12:00:00+00:00,2025_03_26_open_0500_PT,2025-03-26 05:00:00-07:00,2025-03-25 16:31:38.682344+00:00,0.27,2025-03-25 09:31:38.682344-07:00
GOVPARTYVA-25-R,2025-03-26 12:00:00+00:00,2025_03_26_open_0500_PT,2025-03-26 05:00:00-07:00,2025-03-24 06:23:12.541861+00:00,0.1,2025-03-23 23:23:12.541861-07:00
KXBTCMAX150-25-DEC31-149999.99,2025-03-26 12:00:00+00:00,2025_03_26_open_0500_PT,2025-03-26 05:00:00-07:00,2025-03-26 11:36:42.431038+00:00,0.3,2025-03-26 04:36:42.431038-07:00
KXBTCMAXY-25-DEC31-124999.99,2025-03-26 12:00:00+00:00,2025_03_26_open_0500_PT,2025-03-26 05:00:00-07:00,2025-03-26 10:33:48.260043+00:00,0.44,2025-03-26 03:33:48.260043-07:00
KXBTCMAXY-25-DEC31-149999.99,2025-03-26 12:00:00+00:00,2025_03_26_open_0500_PT,2025-03-26 05:00:00-07:00,2025-03-26 09:22:56.187402+00:00,0.26,2025-03-26 02:22:56.187402-07:00
KXBTCRESERVE-26-JAN01,2025-03-26 12:00:00+00:00,2025_03_26_open_0500_PT,2025-03-26 05:00:00-07:00,2025-03-26 10:05:24.094896+00:00,0.52,2025-03-26 03:05:24.094896-07:00
KXCANADAPM-45-C,2025-03-26 12:00:00+00:00,2025_03_26_open_0500_PT,2025-03-26 05:00:00-07:00,2025-03-26 10:03:25.013376+00:00,0.42,2025-03-26 03:03:25.013376-07:00
KXCANADAPM-45-L,2025-03-26 12:00:00+00:00,2025_03_26_open_0500_PT,2025-03-26 05:00:00-07:00,2025-03-26 11:12:54.476337+00:00,0.59,2025-03-26 04:12:54.476337-07:00
KXCPIYOY-25APR-T2.4,2025-03-26 12:00:00+00:00,2025_03_26_open_0500_PT,2025-03-26 05:00:00-07:00,2025-03-21 08:10:59.856677+00:00,0.71,2025-03-21 01:10:59.856677-07:00
KXCPIYOY-25APR-T2.5,2025-03-26 12:00:00+00:00,2025_03_26_open_0500_PT,2025-03-26 05:00:00-07:00,2025-03-21 08:10:13.622844+00:00,0.43,2025-03-21 01:10:13.622844-07:00
KXDOED-26-JAN01,2025-03-26 12:00:00+00:00,2025_03_26_open_0500_PT,2025-03-26 05:00:00-07:00,2025-03-26 11:38:32.445627+00:00,0.19,2025-03-26 04:38:32.445627-07:00
KXEPSTEIN-25,2025-03-26 12:00:00+00:00,2025_03_26_open_0500_PT,2025-03-26 05:00:00-07:00,2025-03-26 11:43:18.225331+00:00,0.43,2025-03-26 04:43:18.225331-07:00
KXETHMAXY-25DEC31-4999.99,2025-03-26 12:00:00+00:00,2025_03_26_open_0500_PT,2025-03-26 05:00:00-07:00,2025-03-24 20:44:28.255989+00:00,0.18,2025-03-24 13:44:28.255989-07:00
KXFEDDECISION-25MAY-C25,2025-03-26 12:00:00+00:00,2025_03_26_open_0500_PT,2025-03-26 05:00:00-07:00,2025-03-26 11:11:02.516285+00:00,0.14,2025-03-26 04:11:02.516285-07:00
KXFEDDECISION-25MAY-C26,2025-03-26 12:00:00+00:00,2025_03_26_open_0500_PT,2025-03-26 05:00:00-07:00,2025-03-26 11:11:13.045290+00:00,0.02,2025-03-26 04:11:13.045290-07:00
KXFEDDECISION-25MAY-H0,2025-03-26 12:00:00+00:00,2025_03_26_open_0500_PT,2025-03-26 05:00:00-07:00,2025-03-26 11:51:55.984383+00:00,0.85,2025-03-26 04:51:55.984383-07:00
KXFOMENSINGLES-25-CA,2025-03-26 12:00:00+00:00,2025_03_26_open_0500_PT,2025-03-26 05:00:00-07:00,2025-03-25 09:36:33.041300+00:00,0.41,2025-03-25 02:36:33.041300-07:00
KXFOMENSINGLES-25-JS,2025-03-26 12:00:00+00:00,2025_03_26_open_0500_PT,2025-03-26 05:00:00-07:00,2025-03-24 10:59:37.791628+00:00,0.26,2025-03-24 03:59:37.791628-07:00
KXFOMENSINGLES-25-ND,2025-03-26 12:00:00+00:00,2025_03_26_open_0500_PT,2025-03-26 05:00:00-07:00,2025-03-08 17:49:54.374770+00:00,0.12,2025-03-08 09:49:54.374770-08:00
KXFOWOMENSINGLES-25-AS,2025-03-26 12:00:00+00:00,2025_03_26_open_0500_PT,2025-03-26 05:00:00-07:00,2025-03-21 11:25:09.035040+00:00,0.14,2025-03-21 04:25:09.035040-07:00
KXFOWOMENSINGLES-25-CG,2025-03-26 12:00:00+00:00,2025_03_26_open_0500_PT,2025-03-26 05:00:00-07:00,2025-02-10 18:42:35.041176+00:00,0.08,2025-02-10 10:42:35.041176-08:00
KXLEAGUEWORLDS-25-T1,2025-03-26 12:00:00+00:00,2025_03_26_open_0500_PT,2025-03-26 05:00:00-07:00,2025-03-25 10:28:29.073183+00:00,0.21,2025-03-25 03:28:29.073183-07:00
KXLLM1-25DEC31-XAI,2025-03-26 12:00:00+00:00,2025_03_26_open_0500_PT,2025-03-26 05:00:00-07:00,2025-03-25 19:53:47.982268+00:00,0.25,2025-03-25 12:53:47.982268-07:00
KXMARMAD-25-AU,2025-03-26 12:00:00+00:00,2025_03_26_open_0500_PT,2025-03-26 05:00:00-07:00,2025-03-26 11:59:54.062224+00:00,0.15,2025-03-26 04:59:54.062224-07:00
KXMARMAD-25-DU,2025-03-26 12:00:00+00:00,2025_03_26_open_0500_PT,2025-03-26 05:00:00-07:00,2025-03-26 11:59:49.058313+00:00,0.31,2025-03-26 04:59:49.058313-07:00
KXMARMAD-25-FL,2025-03-26 12:00:00+00:00,2025_03_26_open_0500_PT,2025-03-26 05:00:00-07:00,2025-03-26 11:58:15.194517+00:00,0.18,2025-03-26 04:58:15.194517-07:00
KXMARMAD-25-HOU,2025-03-26 12:00:00+00:00,2025_03_26_open_0500_PT,2025-03-26 05:00:00-07:00,2025-03-26 11:54:42.350090+00:00,0.16,2025-03-26 04:54:42.350090-07:00
KXMASTERS-25-BD,2025-03-26 12:00:00+00:00,2025_03_26_open_0500_PT,2025-03-26 05:00:00-07:00,2025-03-25 18:48:50.684550+00:00,0.05,2025-03-25 11:48:50.684550-07:00
KXMASTERS-25-CM,2025-03-26 12:00:00+00:00,2025_03_26_open_0500_PT,2025-03-26 05:00:00-07:00,2025-03-25 13:33:35.016620+00:00,0.06,2025-03-25 06:33:35.016620-07:00
KXMASTERS-25-LA,2025-03-26 12:00:00+00:00,2025_03_26_open_0500_PT,2025-03-26 05:00:00-07:00,2025-03-25 13:33:46.064691+00:00,0.06,2025-03-25 06:33:46.064691-07:00
KXMASTERS-25-RM,2025-03-26 12:00:00+00:00,2025_03_26_open_0500_PT,2025-03-26 05:00:00-07:00,2025-03-26 05:20:47.922693+00:00,0.12,2025-03-25 22:20:47.922693-07:00
KXMASTERS-25-SS,2025-03-26 12:00:00+00:00,2025_03_26_open_0500_PT,2025-03-26 05:00:00-07:00,2025-03-25 18:48:00.087311+00:00,0.16,2025-03-25 11:48:00.087311-07:00
KXMAYORNYCNOMD-25-AC,2025-03-26 12:00:00+00:00,2025_03_26_open_0500_PT,2025-03-26 05:00:00-07:00,2025-03-26 11:38:21.652832+00:00,0.77,2025-03-26 04:38:21.652832-07:00
KXMAYORNYCNOMD-25-ZM,2025-03-26 12:00:00+00:00,2025_03_26_open_0500_PT,2025-03-26 05:00:00-07:00,2025-03-26 09:26:17.053428+00:00,0.11,2025-03-26 02:26:17.053428-07:00
KXMAYORNYCPARTY-25-D,2025-03-26 12:00:00+00:00,2025_03_26_open_0500_PT,2025-03-26 05:00:00-07:00,2025-03-25 17:51:51.802399+00:00,0.9,2025-03-25 10:51:51.802399-07:00
KXMAYORNYCPARTY-25-R,2025-03-26 12:00:00+00:00,2025_03_26_open_0500_PT,2025-03-26 05:00:00-07:00,2025-03-25 17:51:54.443758+00:00,0.07,2025-03-25 10:51:54.443758-07:00
KXMLB-25-LAD,2025-03-26 12:00:00+00:00,2025_03_26_open_0500_PT,2025-03-26 05:00:00-07:00,2025-03-26 11:53:26.592496+00:00,0.26,2025-03-26 04:53:26.592496-07:00
KXMLB-25-MIL,2025-03-26 12:00:00+00:00,2025_03_26_open_0500_PT,2025-03-26 05:00:00-07:00,2025-03-10 06:18:13.923662+00:00,0.02,2025-03-09 23:18:13.923662-07:00
KXMLB-25-PHI,2025-03-26 12:00:00+00:00,2025_03_26_open_0500_PT,2025-03-26 05:00:00-07:00,2025-03-18 19:14:52.272018+00:00,0.05,2025-03-18 12:14:52.272018-07:00
KXMLB-25-SEA,2025-03-26 12:00:00+00:00,2025_03_26_open_0500_PT,2025-03-26 05:00:00-07:00,2025-03-11 23:27:34.973762+00:00,0.03,2025-03-11 16:27:34.973762-07:00
KXMLB-25-TOR,2025-03-26 12:00:00+00:00,2025_03_26_open_0500_PT,2025-03-26 05:00:00-07:00,2025-03-23 11:29:11.561514+00:00,0.02,2025-03-23 04:29:11.561514-07:00
KXMLBAL-25-SEA,2025-03-26 12:00:00+00:00,2025_03_26_open_0500_PT,2025-03-26 05:00:00-07:00,2025-03-24 19:54:22.810129+00:00,0.1,2025-03-24 12:54:22.810129-07:00
KXMLBAL-25-TOR,2025-03-26 12:00:00+00:00,2025_03_26_open_0500_PT,2025-03-26 05:00:00-07:00,2025-03-26 07:24:40.984737+00:00,0.03,2025-03-26 00:24:40.984737-07:00
KXMLBNL-25-LAD,2025-03-26 12:00:00+00:00,2025_03_26_open_0500_PT,2025-03-26 05:00:00-07:00,2025-03-26 07:58:45.515728+00:00,0.37,2025-03-26 00:58:45.515728-07:00
KXNBA-25-BOS,2025-03-26 12:00:00+00:00,2025_03_26_open_0500_PT,2025-03-26 05:00:00-07:00,2025-03-26 10:35:30.491583+00:00,0.29,2025-03-26 03:35:30.491583-07:00
KXNBA-25-CLE,2025-03-26 12:00:00+00:00,2025_03_26_open_0500_PT,2025-03-26 05:00:00-07:00,2025-03-26 10:37:08.862462+00:00,0.14,2025-03-26 03:37:08.862462-07:00
KXNBA-25-DEN,2025-03-26 12:00:00+00:00,2025_03_26_open_0500_PT,2025-03-26 05:00:00-07:00,2025-03-26 09:52:39.577825+00:00,0.05,2025-03-26 02:52:39.577825-07:00
KXNBA-25-GSW,2025-03-26 12:00:00+00:00,2025_03_26_open_0500_PT,2025-03-26 05:00:00-07:00,2025-03-26 10:57:15.046958+00:00,0.05,2025-03-26 03:57:15.046958-07:00
KXNBA-25-IND,2025-03-26 12:00:00+00:00,2025_03_26_open_0500_PT,2025-03-26 05:00:00-07:00,2025-03-24 13:22:15.203154+00:00,0.01,2025-03-24 06:22:15.203154-07:00
KXNBA-25-LAL,2025-03-26 12:00:00+00:00,2025_03_26_open_0500_PT,2025-03-26 05:00:00-07:00,2025-03-26 11:19:32.557911+00:00,0.08,2025-03-26 04:19:32.557911-07:00
KXNBA-25-MIN,2025-03-26 12:00:00+00:00,2025_03_26_open_0500_PT,2025-03-26 05:00:00-07:00,2025-03-20 09:21:29.946374+00:00,0.02,2025-03-20 02:21:29.946374-07:00
KXNBA-25-NYK,2025-03-26 12:00:00+00:00,2025_03_26_open_0500_PT,2025-03-26 05:00:00-07:00,2025-03-24 17:51:28.915363+00:00,0.03,2025-03-24 10:51:28.915363-07:00
KXNBA-25-OKC,2025-03-26 12:00:00+00:00,2025_03_26_open_0500_PT,2025-03-26 05:00:00-07:00,2025-03-26 08:27:17.223992+00:00,0.32,2025-03-26 01:27:17.223992-07:00
KXNBAEAST-25-BOS,2025-03-26 12:00:00+00:00,2025_03_26_open_0500_PT,2025-03-26 05:00:00-07:00,2025-03-26 08:22:50.045493+00:00,0.54,2025-03-26 01:22:50.045493-07:00
KXNBAEAST-25-IND,2025-03-26 12:00:00+00:00,2025_03_26_open_0500_PT,2025-03-26 05:00:00-07:00,2025-03-25 18:20:15.333092+00:00,0.02,2025-03-25 11:20:15.333092-07:00
KXNBAEAST-25-NYK,2025-03-26 12:00:00+00:00,2025_03_26_open_0500_PT,2025-03-26 05:00:00-07:00,2025-03-25 13:51:19.017710+00:00,0.06,2025-03-25 06:51:19.017710-07:00
KXNBAWEST-25-DEN,2025-03-26 12:00:00+00:00,2025_03_26_open_0500_PT,2025-03-26 05:00:00-07:00,2025-03-26 05:32:22.834819+00:00,0.11,2025-03-25 22:32:22.834819-07:00
KXNBAWEST-25-MIN,2025-03-26 12:00:00+00:00,2025_03_26_open_0500_PT,2025-03-26 05:00:00-07:00,2025-03-25 21:01:46.850468+00:00,0.05,2025-03-25 14:01:46.850468-07:00
KXNBAWEST-25-OKC,2025-03-26 12:00:00+00:00,2025_03_26_open_0500_PT,2025-03-26 05:00:00-07:00,2025-03-25 09:43:59.137906+00:00,0.53,2025-03-25 02:43:59.137906-07:00
KXNCAAF-26-OSU,2025-03-26 12:00:00+00:00,2025_03_26_open_0500_PT,2025-03-26 05:00:00-07:00,2025-03-26 10:21:47.195660+00:00,0.15,2025-03-26 03:21:47.195660-07:00
KXNHL-25-EDM,2025-03-26 12:00:00+00:00,2025_03_26_open_0500_PT,2025-03-26 05:00:00-07:00,2025-03-25 09:19:30.412990+00:00,0.12,2025-03-25 02:19:30.412990-07:00
KXNHL-25-FLA,2025-03-26 12:00:00+00:00,2025_03_26_open_0500_PT,2025-03-26 05:00:00-07:00,2025-03-25 19:25:57.923709+00:00,0.13,2025-03-25 12:25:57.923709-07:00
KXNOBELPEACE-25-DJT,2025-03-26 12:00:00+00:00,2025_03_26_open_0500_PT,2025-03-26 05:00:00-07:00,2025-03-26 06:52:30.510315+00:00,0.09,2025-03-25 23:52:30.510315-07:00
KXPGA-25-BD,2025-03-26 12:00:00+00:00,2025_03_26_open_0500_PT,2025-03-26 05:00:00-07:00,2025-03-20 12:28:07.193994+00:00,0.06,2025-03-20 05:28:07.193994-07:00
KXPGA-25-RM,2025-03-26 12:00:00+00:00,2025_03_26_open_0500_PT,2025-03-26 05:00:00-07:00,2025-03-21 11:31:09.126921+00:00,0.13,2025-03-21 04:31:09.126921-07:00
KXPGA-25-SS,2025-03-26 12:00:00+00:00,2025_03_26_open_0500_PT,2025-03-26 05:00:00-07:00,2025-03-25 11:55:08.280437+00:00,0.11,2025-03-25 04:55:08.280437-07:00
KXRATECUTCOUNT-25DEC31-T0,2025-03-26 12:00:00+00:00,2025_03_26_open_0500_PT,2025-03-26 05:00:00-07:00,2025-03-26 10:50:53.333217+00:00,0.13,2025-03-26 03:50:53.333217-07:00
KXRATECUTCOUNT-25DEC31-T1,2025-03-26 12:00:00+00:00,2025_03_26_open_0500_PT,2025-03-26 05:00:00-07:00,2025-03-26 10:55:11.601639+00:00,0.16,2025-03-26 03:55:11.601639-07:00
KXRATECUTCOUNT-25DEC31-T2,2025-03-26 12:00:00+00:00,2025_03_26_open_0500_PT,2025-03-26 05:00:00-07:00,2025-03-26 10:51:24.369365+00:00,0.24,2025-03-26 03:51:24.369365-07:00
KXRATECUTCOUNT-25DEC31-T3,2025-03-26 12:00:00+00:00,2025_03_26_open_0500_PT,2025-03-26 05:00:00-07:00,2025-03-26 10:55:22.210319+00:00,0.18,2025-03-26 03:55:22.210319-07:00
KXSB-26-BAL,2025-03-26 12:00:00+00:00,2025_03_26_open_0500_PT,2025-03-26 05:00:00-07:00,2025-03-23 11:33:25.360286+00:00,0.1,2025-03-23 04:33:25.360286-07:00
KXSB-26-BUF,2025-03-26 12:00:00+00:00,2025_03_26_open_0500_PT,2025-03-26 05:00:00-07:00,2025-03-23 10:29:57.344680+00:00,0.11,2025-03-23 03:29:57.344680-07:00
KXSB-26-GB,2025-03-26 12:00:00+00:00,2025_03_26_open_0500_PT,2025-03-26 05:00:00-07:00,2025-03-18 18:00:55.371384+00:00,0.03,2025-03-18 11:00:55.371384-07:00
KXSB-26-KC,2025-03-26 12:00:00+00:00,2025_03_26_open_0500_PT,2025-03-26 05:00:00-07:00,2025-03-22 21:25:16.598872+00:00,0.11,2025-03-22 14:25:16.598872-07:00
KXSB-26-PHI,2025-03-26 12:00:00+00:00,2025_03_26_open_0500_PT,2025-03-26 05:00:00-07:00,2025-03-24 11:06:48.035626+00:00,0.13,2025-03-24 04:06:48.035626-07:00
KXSB-26-SEA,2025-03-26 12:00:00+00:00,2025_03_26_open_0500_PT,2025-03-26 05:00:00-07:00,2025-03-24 09:54:03.481477+00:00,0.02,2025-03-24 02:54:03.481477-07:00
KXTHEOPEN-25-RM,2025-03-26 12:00:00+00:00,2025_03_26_open_0500_PT,2025-03-26 05:00:00-07:00,2025-03-21 13:21:30.460808+00:00,0.13,2025-03-21 06:21:30.460808-07:00
KXTHEOPEN-25-SS,2025-03-26 12:00:00+00:00,2025_03_26_open_0500_PT,2025-03-26 05:00:00-07:00,2025-03-21 11:30:31.056877+00:00,0.2,2025-03-21 04:30:31.056877-07:00
KXTOPARTIST-25-BB,2025-03-26 12:00:00+00:00,2025_03_26_open_0500_PT,2025-03-26 05:00:00-07:00,2025-03-24 06:11:07.794534+00:00,0.51,2025-03-23 23:11:07.794534-07:00
KXTOPARTIST-25-TS,2025-03-26 12:00:00+00:00,2025_03_26_open_0500_PT,2025-03-26 05:00:00-07:00,2025-03-24 06:11:07.716162+00:00,0.44,2025-03-23 23:11:07.716162-07:00
KXUEFACL-25-IM,2025-03-26 12:00:00+00:00,2025_03_26_open_0500_PT,2025-03-26 05:00:00-07:00,2025-03-24 07:51:50.396347+00:00,0.08,2025-03-24 00:51:50.396347-07:00
KXUEFACL-25-PSG,2025-03-26 12:00:00+00:00,2025_03_26_open_0500_PT,2025-03-26 05:00:00-07:00,2025-03-26 08:08:26.291272+00:00,0.2,2025-03-26 01:08:26.291272-07:00
KXUSOMENSINGLES-25-CA,2025-03-26 12:00:00+00:00,2025_03_26_open_0500_PT,2025-03-26 05:00:00-07:00,2025-03-17 18:29:54.515804+00:00,0.25,2025-03-17 11:29:54.515804-07:00
KXUSOMENSINGLES-25-JS,2025-03-26 12:00:00+00:00,2025_03_26_open_0500_PT,2025-03-26 05:00:00-07:00,2025-03-23 08:36:42.643007+00:00,0.37,2025-03-23 01:36:42.643007-07:00
KXUSOMENSINGLES-25-ND,2025-03-26 12:00:00+00:00,2025_03_26_open_0500_PT,2025-03-26 05:00:00-07:00,2025-03-19 07:01:50.304458+00:00,0.13,2025-03-19 00:01:50.304458-07:00
KXUSOPEN-25-BD,2025-03-26 12:00:00+00:00,2025_03_26_open_0500_PT,2025-03-26 05:00:00-07:00,2025-03-20 19:46:26.235332+00:00,0.07,2025-03-20 12:46:26.235332-07:00
KXUSOPEN-25-BK,2025-03-26 12:00:00+00:00,2025_03_26_open_0500_PT,2025-03-26 05:00:00-07:00,2025-03-20 08:18:27.580179+00:00,0.05,2025-03-20 01:18:27.580179-07:00
KXUSOPEN-25-RM,2025-03-26 12:00:00+00:00,2025_03_26_open_0500_PT,2025-03-26 05:00:00-07:00,2025-03-21 13:20:39.856711+00:00,0.11,2025-03-21 06:20:39.856711-07:00
KXUSOPEN-25-RMAC,2025-03-26 12:00:00+00:00,2025_03_26_open_0500_PT,2025-03-26 05:00:00-07:00,2025-02-13 20:06:17.379384+00:00,0.03,2025-02-13 12:06:17.379384-08:00
KXUSOPEN-25-SS,2025-03-26 12:00:00+00:00,2025_03_26_open_0500_PT,2025-03-26 05:00:00-07:00,2025-03-25 05:08:15.382357+00:00,0.15,2025-03-24 22:08:15.382357-07:00
KXUSOPEN-25-VH,2025-03-26 12:00:00+00:00,2025_03_26_open_0500_PT,2025-03-26 05:00:00-07:00,2025-03-19 14:34:48.583482+00:00,0.05,2025-03-19 07:34:48.583482-07:00
KXWMENSINGLES-25-CA,2025-03-26 12:00:00+00:00,2025_03_26_open_0500_PT,2025-03-26 05:00:00-07:00,2025-03-19 12:14:06.749595+00:00,0.37,2025-03-19 05:14:06.749595-07:00
KXWMENSINGLES-25-JS,2025-03-26 12:00:00+00:00,2025_03_26_open_0500_PT,2025-03-26 05:00:00-07:00,2025-03-17 16:56:46.527365+00:00,0.29,2025-03-17 09:56:46.527365-07:00
KXWMENSINGLES-25-ND,2025-03-26 12:00:00+00:00,2025_03_26_open_0500_PT,2025-03-26 05:00:00-07:00,2025-03-25 08:20:43.511654+00:00,0.14,2025-03-25 01:20:43.511654-07:00
KXWMENSINGLES-25-TF,2025-03-26 12:00:00+00:00,2025_03_26_open_0500_PT,2025-03-26 05:00:00-07:00,,,
LEAVEPOWELL-25-DEC31,2025-03-26 12:00:00+00:00,2025_03_26_open_0500_PT,2025-03-26 05:00:00-07:00,2025-03-24 18:11:41.062742+00:00,0.19,2025-03-24 11:11:41.062742-07:00
RECSSNBER-25,2025-03-26 12:00:00+00:00,2025_03_26_open_0500_PT,2025-03-26 05:00:00-07:00,2025-03-26 10:39:10.496162+00:00,0.39,2025-03-26 03:39:10.496162-07:00
FED-25MAY-T4.00,2025-03-27 00:00:00+00:00,2025_03_26_close_1700_PT,2025-03-26 17:00:00-07:00,2025-03-26 23:46:40.635896+00:00,0.96,2025-03-26 16:46:40.635896-07:00
FED-25MAY-T4.25,2025-03-27 00:00:00+00:00,2025_03_26_close_1700_PT,2025-03-26 17:00:00-07:00,2025-03-26 23:48:08.154842+00:00,0.84,2025-03-26 16:48:08.154842-07:00
GOVPARTYNJ-25-D,2025-03-27 00:00:00+00:00,2025_03_26_close_1700_PT,2025-03-26 17:00:00-07:00,2025-03-26 23:25:54.970956+00:00,0.72,2025-03-26 16:25:54.970956-07:00
GOVPARTYNJ-25-R,2025-03-27 00:00:00+00:00,2025_03_26_close_1700_PT,2025-03-26 17:00:00-07:00,2025-03-26 23:36:00.129458+00:00,0.27,2025-03-26 16:36:00.129458-07:00
GOVPARTYVA-25-R,2025-03-27 00:00:00+00:00,2025_03_26_close_1700_PT,2025-03-26 17:00:00-07:00,2025-03-24 06:23:12.541861+00:00,0.1,2025-03-23 23:23:12.541861-07:00
KXBTCMAX150-25-DEC31-149999.99,2025-03-27 00:00:00+00:00,2025_03_26_close_1700_PT,2025-03-26 17:00:00-07:00,2025-03-26 16:23:14.994310+00:00,0.26,2025-03-26 09:23:14.994310-07:00
KXBTCMAXY-25-DEC31-124999.99,2025-03-27 00:00:00+00:00,2025_03_26_close_1700_PT,2025-03-26 17:00:00-07:00,2025-03-26 20:40:17.202903+00:00,0.43,2025-03-26 13:40:17.202903-07:00
KXBTCMAXY-25-DEC31-149999.99,2025-03-27 00:00:00+00:00,2025_03_26_close_1700_PT,2025-03-26 17:00:00-07:00,2025-03-26 21:19:49.174491+00:00,0.25,2025-03-26 14:19:49.174491-07:00
KXBTCRESERVE-26-JAN01,2025-03-27 00:00:00+00:00,2025_03_26_close_1700_PT,2025-03-26 17:00:00-07:00,2025-03-26 21:59:05.720716+00:00,0.51,2025-03-26 14:59:05.720716-07:00
KXCANADAPM-45-C,2025-03-27 00:00:00+00:00,2025_03_26_close_1700_PT,2025-03-26 17:00:00-07:00,2025-03-26 21:48:37.210101+00:00,0.4,2025-03-26 14:48:37.210101-07:00
KXCANADAPM-45-L,2025-03-27 00:00:00+00:00,2025_03_26_close_1700_PT,2025-03-26 17:00:00-07:00,2025-03-26 20:36:53.291394+00:00,0.6,2025-03-26 13:36:53.291394-07:00
KXCPIYOY-25APR-T2.4,2025-03-27 00:00:00+00:00,2025_03_26_close_1700_PT,2025-03-26 17:00:00-07:00,2025-03-21 08:10:59.856677+00:00,0.71,2025-03-21 01:10:59.856677-07:00
KXCPIYOY-25APR-T2.5,2025-03-27 00:00:00+00:00,2025_03_26_close_1700_PT,2025-03-26 17:00:00-07:00,2025-03-21 08:10:13.622844+00:00,0.43,2025-03-21 01:10:13.622844-07:00
KXDOED-26-JAN01,2025-03-27 00:00:00+00:00,2025_03_26_close_1700_PT,2025-03-26 17:00:00-07:00,2025-03-26 23:05:33.408225+00:00,0.16,2025-03-26 16:05:33.408225-07:00
KXEPSTEIN-25,2025-03-27 00:00:00+00:00,2025_03_26_close_1700_PT,2025-03-26 17:00:00-07:00,2025-03-26 23:52:06.510656+00:00,0.42,2025-03-26 16:52:06.510656-07:00
KXETHMAXY-25DEC31-4999.99,2025-03-27 00:00:00+00:00,2025_03_26_close_1700_PT,2025-03-26 17:00:00-07:00,2025-03-24 20:44:28.255989+00:00,0.18,2025-03-24 13:44:28.255989-07:00
KXFEDDECISION-25MAY-C25,2025-03-27 00:00:00+00:00,2025_03_26_close_1700_PT,2025-03-26 17:00:00-07:00,2025-03-26 22:02:44.960898+00:00,0.14,2025-03-26 15:02:44.960898-07:00
KXFEDDECISION-25MAY-C26,2025-03-27 00:00:00+00:00,2025_03_26_close_1700_PT,2025-03-26 17:00:00-07:00,2025-03-26 20:09:49.687182+00:00,0.02,2025-03-26 13:09:49.687182-07:00
KXFEDDECISION-25MAY-H0,2025-03-27 00:00:00+00:00,2025_03_26_close_1700_PT,2025-03-26 17:00:00-07:00,2025-03-26 22:55:57.391228+00:00,0.85,2025-03-26 15:55:57.391228-07:00
KXFOMENSINGLES-25-CA,2025-03-27 00:00:00+00:00,2025_03_26_close_1700_PT,2025-03-26 17:00:00-07:00,2025-03-25 09:36:33.041300+00:00,0.41,2025-03-25 02:36:33.041300-07:00
KXFOMENSINGLES-25-JS,2025-03-27 00:00:00+00:00,2025_03_26_close_1700_PT,2025-03-26 17:00:00-07:00,2025-03-24 10:59:37.791628+00:00,0.26,2025-03-24 03:59:37.791628-07:00
KXFOMENSINGLES-25-ND,2025-03-27 00:00:00+00:00,2025_03_26_close_1700_PT,2025-03-26 17:00:00-07:00,2025-03-08 17:49:54.374770+00:00,0.12,2025-03-08 09:49:54.374770-08:00
KXFOWOMENSINGLES-25-AS,2025-03-27 00:00:00+00:00,2025_03_26_close_1700_PT,2025-03-26 17:00:00-07:00,2025-03-21 11:25:09.035040+00:00,0.14,2025-03-21 04:25:09.035040-07:00
KXFOWOMENSINGLES-25-CG,2025-03-27 00:00:00+00:00,2025_03_26_close_1700_PT,2025-03-26 17:00:00-07:00,2025-02-10 18:42:35.041176+00:00,0.08,2025-02-10 10:42:35.041176-08:00
KXLEAGUEWORLDS-25-T1,2025-03-27 00:00:00+00:00,2025_03_26_close_1700_PT,2025-03-26 17:00:00-07:00,2025-03-25 10:28:29.073183+00:00,0.21,2025-03-25 03:28:29.073183-07:00
KXLLM1-25DEC31-XAI,2025-03-27 00:00:00+00:00,2025_03_26_close_1700_PT,2025-03-26 17:00:00-07:00,2025-03-25 19:53:47.982268+00:00,0.25,2025-03-25 12:53:47.982268-07:00
KXMARMAD-25-AU,2025-03-27 00:00:00+00:00,2025_03_26_close_1700_PT,2025-03-26 17:00:00-07:00,2025-03-26 23:53:29.704835+00:00,0.15,2025-03-26 16:53:29.704835-07:00
KXMARMAD-25-DU,2025-03-27 00:00:00+00:00,2025_03_26_close_1700_PT,2025-03-26 17:00:00-07:00,2025-03-26 23:58:33.066258+00:00,0.32,2025-03-26 16:58:33.066258-07:00
KXMARMAD-25-FL,2025-03-27 00:00:00+00:00,2025_03_26_close_1700_PT,2025-03-26 17:00:00-07:00,2025-03-26 23:54:32.219323+00:00,0.19,2025-03-26 16:54:32.219323-07:00
KXMARMAD-25-HOU,2025-03-27 00:00:00+00:00,2025_03_26_close_1700_PT,2025-03-26 17:00:00-07:00,2025-03-26 23:37:21.123315+00:00,0.15,2025-03-26 16:37:21.123315-07:00
KXMASTERS-25-BD,2025-03-27 00:00:00+00:00,2025_03_26_close_1700_PT,2025-03-26 17:00:00-07:00,2025-03-26 21:38:38.654129+00:00,0.05,2025-03-26 14:38:38.654129-07:00
KXMASTERS-25-CM,2025-03-27 00:00:00+00:00,2025_03_26_close_1700_PT,2025-03-26 17:00:00-07:00,2025-03-25 13:33:35.016620+00:00,0.06,2025-03-25 06:33:35.016620-07:00
KXMASTERS-25-LA,2025-03-27 00:00:00+00:00,2025_03_26_close_1700_PT,2025-03-26 17:00:00-07:00,2025-03-25 13:33:46.064691+00:00,0.06,2025-03-25 06:33:46.064691-07:00
KXMASTERS-25-RM,2025-03-27 00:00:00+00:00,2025_03_26_close_1700_PT,2025-03-26 17:00:00-07:00,2025-03-26 19:45:46.951414+00:00,0.13,2025-03-26 12:45:46.951414-07:00
KXMASTERS-25-SS,2025-03-27 00:00:00+00:00,2025_03_26_close_1700_PT,2025-03-26 17:00:00-07:00,2025-03-26 16:00:37.979909+00:00,0.16,2025-03-26 09:00:37.979909-07:00
KXMAYORNYCNOMD-25-AC,2025-03-27 00:00:00+00:00,2025_03_26_close_1700_PT,2025-03-26 17:00:00-07:00,2025-03-26 19:36:39.351736+00:00,0.77,2025-03-26 12:36:39.351736-07:00
KXMAYORNYCNOMD-25-ZM,2025-03-27 00:00:00+00:00,2025_03_26_close_1700_PT,2025-03-26 17:00:00-07:00,2025-03-26 19:08:03.502797+00:00,0.09,2025-03-26 12:08:03.502797-07:00
KXMAYORNYCPARTY-25-D,2025-03-27 00:00:00+00:00,2025_03_26_close_1700_PT,2025-03-26 17:00:00-07:00,2025-03-25 17:51:51.802399+00:00,0.9,2025-03-25 10:51:51.802399-07:00
KXMAYORNYCPARTY-25-R,2025-03-27 00:00:00+00:00,2025_03_26_close_1700_PT,2025-03-26 17:00:00-07:00,2025-03-25 17:51:54.443758+00:00,0.07,2025-03-25 10:51:54.443758-07:00
KXMLB-25-LAD,2025-03-27 00:00:00+00:00,2025_03_26_close_1700_PT,2025-03-26 17:00:00-07:00,2025-03-26 14:58:46.084915+00:00,0.27,2025-03-26 07:58:46.084915-07:00
KXMLB-25-MIL,2025-03-27 00:00:00+00:00,2025_03_26_close_1700_PT,2025-03-26 17:00:00-07:00,2025-03-10 06:18:13.923662+00:00,0.02,2025-03-09 23:18:13.923662-07:00
KXMLB-25-PHI,2025-03-27 00:00:00+00:00,2025_03_26_close_1700_PT,2025-03-26 17:00:00-07:00,2025-03-26 17:09:41.442937+00:00,0.07,2025-03-26 10:09:41.442937-07:00
KXMLB-25-SEA,2025-03-27 00:00:00+00:00,2025_03_26_close_1700_PT,2025-03-26 17:00:00-07:00,2025-03-26 21:31:51.850133+00:00,0.03,2025-03-26 14:31:51.850133-07:00
KXMLB-25-TOR,2025-03-27 00:00:00+00:00,2025_03_26_close_1700_PT,2025-03-26 17:00:00-07:00,2025-03-23 11:29:11.561514+00:00,0.02,2025-03-23 04:29:11.561514-07:00
KXMLBAL-25-SEA,2025-03-27 00:00:00+00:00,2025_03_26_close_1700_PT,2025-03-26 17:00:00-07:00,2025-03-24 19:54:22.810129+00:00,0.1,2025-03-24 12:54:22.810129-07:00
KXMLBAL-25-TOR,2025-03-27 00:00:00+00:00,2025_03_26_close_1700_PT,2025-03-26 17:00:00-07:00,2025-03-26 07:24:40.984737+00:00,0.03,2025-03-26 00:24:40.984737-07:00
KXMLBNL-25-LAD,2025-03-27 00:00:00+00:00,2025_03_26_close_1700_PT,2025-03-26 17:00:00-07:00,2025-03-26 07:58:45.515728+00:00,0.37,2025-03-26 00:58:45.515728-07:00
KXNBA-25-BOS,2025-03-27 00:00:00+00:00,2025_03_26_close_1700_PT,2025-03-26 17:00:00-07:00,2025-03-26 10:35:30.491583+00:00,0.29,2025-03-26 03:35:30.491583-07:00
KXNBA-25-CLE,2025-03-27 00:00:00+00:00,2025_03_26_close_1700_PT,2025-03-26 17:00:00-07:00,2025-03-26 10:37:08.862462+00:00,0.14,2025-03-26 03:37:08.862462-07:00
KXNBA-25-DEN,2025-03-27 00:00:00+00:00,2025_03_26_close_1700_PT,2025-03-26 17:00:00-07:00,2025-03-26 20:50:46.764177+00:00,0.07,2025-03-26 13:50:46.764177-07:00
KXNBA-25-GSW,2025-03-27 00:00:00+00:00,2025_03_26_close_1700_PT,2025-03-26 17:00:00-07:00,2025-03-26 14:30:12.126986+00:00,0.06,2025-03-26 07:30:12.126986-07:00
KXNBA-25-IND,2025-03-27 00:00:00+00:00,2025_03_26_close_1700_PT,2025-03-26 17:00:00-07:00,2025-03-24 13:22:15.203154+00:00,0.01,2025-03-24 06:22:15.203154-07:00
KXNBA-25-LAL,2025-03-27 00:00:00+00:00,2025_03_26_close_1700_PT,2025-03-26 17:00:00-07:00,2025-03-26 21:14:59.484313+00:00,0.07,2025-03-26 14:14:59.484313-07:00
KXNBA-25-MIN,2025-03-27 00:00:00+00:00,2025_03_26_close_1700_PT,2025-03-26 17:00:00-07:00,2025-03-20 09:21:29.946374+00:00,0.02,2025-03-20 02:21:29.946374-07:00
KXNBA-25-NYK,2025-03-27 00:00:00+00:00,2025_03_26_close_1700_PT,2025-03-26 17:00:00-07:00,2025-03-24 17:51:28.915363+00:00,0.03,2025-03-24 10:51:28.915363-07:00
KXNBA-25-OKC,2025-03-27 00:00:00+00:00,2025_03_26_close_1700_PT,2025-03-26 17:00:00-07:00,2025-03-26 15:13:49.126748+00:00,0.32,2025-03-26 08:13:49.126748-07:00
KXNBAEAST-25-BOS,2025-03-27 00:00:00+00:00,2025_03_26_close_1700_PT,2025-03-26 17:00:00-07:00,2025-03-26 20:53:12.926293+00:00,0.54,2025-03-26 13:53:12.926293-07:00
KXNBAEAST-25-IND,2025-03-27 00:00:00+00:00,2025_03_26_close_1700_PT,2025-03-26 17:00:00-07:00,2025-03-25 18:20:15.333092+00:00,0.02,2025-03-25 11:20:15.333092-07:00
KXNBAEAST-25-NYK,2025-03-27 00:00:00+00:00,2025_03_26_close_1700_PT,2025-03-26 17:00:00-07:00,2025-03-26 19:02:29.061020+00:00,0.07,2025-03-26 12:02:29.061020-07:00
KXNBAWEST-25-DEN,2025-03-27 00:00:00+00:00,2025_03_26_close_1700_PT,2025-03-26 17:00:00-07:00,2025-03-26 19:52:27.573627+00:00,0.12,2025-03-26 12:52:27.573627-07:00
KXNBAWEST-25-MIN,2025-03-27 00:00:00+00:00,2025_03_26_close_1700_PT,2025-03-26 17:00:00-07:00,2025-03-26 19:37:37.146314+00:00,0.04,2025-03-26 12:37:37.146314-07:00
KXNBAWEST-25-OKC,2025-03-27 00:00:00+00:00,2025_03_26_close_1700_PT,2025-03-26 17:00:00-07:00,2025-03-26 15:14:03.923942+00:00,0.54,2025-03-26 08:14:03.923942-07:00
KXNCAAF-26-OSU,2025-03-27 00:00:00+00:00,2025_03_26_close_1700_PT,2025-03-26 17:00:00-07:00,2025-03-26 10:21:47.195660+00:00,0.15,2025-03-26 03:21:47.195660-07:00
KXNHL-25-EDM,2025-03-27 00:00:00+00:00,2025_03_26_close_1700_PT,2025-03-26 17:00:00-07:00,2025-03-26 14:41:00.900217+00:00,0.1,2025-03-26 07:41:00.900217-07:00
KXNHL-25-FLA,2025-03-27 00:00:00+00:00,2025_03_26_close_1700_PT,2025-03-26 17:00:00-07:00,2025-03-26 20:52:39.276153+00:00,0.13,2025-03-26 13:52:39.276153-07:00
KXNOBELPEACE-25-DJT,2025-03-27 00:00:00+00:00,2025_03_26_close_1700_PT,2025-03-26 17:00:00-07:00,2025-03-26 06:52:30.510315+00:00,0.09,2025-03-25 23:52:30.510315-07:00
KXPGA-25-BD,2025-03-27 00:00:00+00:00,2025_03_26_close_1700_PT,2025-03-26 17:00:00-07:00,2025-03-20 12:28:07.193994+00:00,0.06,2025-03-20 05:28:07.193994-07:00
KXPGA-25-RM,2025-03-27 00:00:00+00:00,2025_03_26_close_1700_PT,2025-03-26 17:00:00-07:00,2025-03-21 11:31:09.126921+00:00,0.13,2025-03-21 04:31:09.126921-07:00
KXPGA-25-SS,2025-03-27 00:00:00+00:00,2025_03_26_close_1700_PT,2025-03-26 17:00:00-07:00,2025-03-25 11:55:08.280437+00:00,0.11,2025-03-25 04:55:08.280437-07:00
KXRATECUTCOUNT-25DEC31-T0,2025-03-27 00:00:00+00:00,2025_03_26_close_1700_PT,2025-03-26 17:00:00-07:00,2025-03-26 20:54:17.613219+00:00,0.12,2025-03-26 13:54:17.613219-07:00
KXRATECUTCOUNT-25DEC31-T1,2025-03-27 00:00:00+00:00,2025_03_26_close_1700_PT,2025-03-26 17:00:00-07:00,2025-03-26 20:55:13.381880+00:00,0.16,2025-03-26 13:55:13.381880-07:00
KXRATECUTCOUNT-25DEC31-T2,2025-03-27 00:00:00+00:00,2025_03_26_close_1700_PT,2025-03-26 17:00:00-07:00,2025-03-26 18:27:50.808526+00:00,0.23,2025-03-26 11:27:50.808526-07:00
KXRATECUTCOUNT-25DEC31-T3,2025-03-27 00:00:00+00:00,2025_03_26_close_1700_PT,2025-03-26 17:00:00-07:00,2025-03-26 14:08:56.871289+00:00,0.17,2025-03-26 07:08:56.871289-07:00
KXSB-26-BAL,2025-03-27 00:00:00+00:00,2025_03_26_close_1700_PT,2025-03-26 17:00:00-07:00,2025-03-23 11:33:25.360286+00:00,0.1,2025-03-23 04:33:25.360286-07:00
KXSB-26-BUF,2025-03-27 00:00:00+00:00,2025_03_26_close_1700_PT,2025-03-26 17:00:00-07:00,2025-03-23 10:29:57.344680+00:00,0.11,2025-03-23 03:29:57.344680-07:00
KXSB-26-GB,2025-03-27 00:00:00+00:00,2025_03_26_close_1700_PT,2025-03-26 17:00:00-07:00,2025-03-26 19:11:42.430633+00:00,0.04,2025-03-26 12:11:42.430633-07:00
KXSB-26-KC,2025-03-27 00:00:00+00:00,2025_03_26_close_1700_PT,2025-03-26 17:00:00-07:00,2025-03-22 21:25:16.598872+00:00,0.11,2025-03-22 14:25:16.598872-07:00
KXSB-26-PHI,2025-03-27 00:00:00+00:00,2025_03_26_close_1700_PT,2025-03-26 17:00:00-07:00,2025-03-24 11:06:48.035626+00:00,0.13,2025-03-24 04:06:48.035626-07:00
KXSB-26-SEA,2025-03-27 00:00:00+00:00,2025_03_26_close_1700_PT,2025-03-26 17:00:00-07:00,2025-03-24 09:54:03.481477+00:00,0.02,2025-03-24 02:54:03.481477-07:00
KXTHEOPEN-25-RM,2025-03-27 00:00:00+00:00,2025_03_26_close_1700_PT,2025-03-26 17:00:00-07:00,2025-03-21 13:21:30.460808+00:00,0.13,2025-03-21 06:21:30.460808-07:00
KXTHEOPEN-25-SS,2025-03-27 00:00:00+00:00,2025_03_26_close_1700_PT,2025-03-26 17:00:00-07:00,2025-03-21 11:30:31.056877+00:00,0.2,2025-03-21 04:30:31.056877-07:00
KXTOPARTIST-25-BB,2025-03-27 00:00:00+00:00,2025_03_26_close_1700_PT,2025-03-26 17:00:00-07:00,2025-03-24 06:11:07.794534+00:00,0.51,2025-03-23 23:11:07.794534-07:00
KXTOPARTIST-25-TS,2025-03-27 00:00:00+00:00,2025_03_26_close_1700_PT,2025-03-26 17:00:00-07:00,2025-03-24 06:11:07.716162+00:00,0.44,2025-03-23 23:11:07.716162-07:00
KXUEFACL-25-IM,2025-03-27 00:00:00+00:00,2025_03_26_close_1700_PT,2025-03-26 17:00:00-07:00,2025-03-24 07:51:50.396347+00:00,0.08,2025-03-24 00:51:50.396347-07:00
KXUEFACL-25-PSG,2025-03-27 00:00:00+00:00,2025_03_26_close_1700_PT,2025-03-26 17:00:00-07:00,2025-03-26 18:41:12.996556+00:00,0.2,2025-03-26 11:41:12.996556-07:00
KXUSOMENSINGLES-25-CA,2025-03-27 00:00:00+00:00,2025_03_26_close_1700_PT,2025-03-26 17:00:00-07:00,2025-03-17 18:29:54.515804+00:00,0.25,2025-03-17 11:29:54.515804-07:00
KXUSOMENSINGLES-25-JS,2025-03-27 00:00:00+00:00,2025_03_26_close_1700_PT,2025-03-26 17:00:00-07:00,2025-03-23 08:36:42.643007+00:00,0.37,2025-03-23 01:36:42.643007-07:00
KXUSOMENSINGLES-25-ND,2025-03-27 00:00:00+00:00,2025_03_26_close_1700_PT,2025-03-26 17:00:00-07:00,2025-03-19 07:01:50.304458+00:00,0.13,2025-03-19 00:01:50.304458-07:00
KXUSOPEN-25-BD,2025-03-27 00:00:00+00:00,2025_03_26_close_1700_PT,2025-03-26 17:00:00-07:00,2025-03-20 19:46:26.235332+00:00,0.07,2025-03-20 12:46:26.235332-07:00
KXUSOPEN-25-BK,2025-03-27 00:00:00+00:00,2025_03_26_close_1700_PT,2025-03-26 17:00:00-07:00,2025-03-20 08:18:27.580179+00:00,0.05,2025-03-20 01:18:27.580179-07:00
KXUSOPEN-25-RM,2025-03-27 00:00:00+00:00,2025_03_26_close_1700_PT,2025-03-26 17:00:00-07:00,2025-03-26 16:01:30.877103+00:00,0.11,2025-03-26 09:01:30.877103-07:00
KXUSOPEN-25-RMAC,2025-03-27 00:00:00+00:00,2025_03_26_close_1700_PT,2025-03-26 17:00:00-07:00,2025-02-13 20:06:17.379384+00:00,0.03,2025-02-13 12:06:17.379384-08:00
KXUSOPEN-25-SS,2025-03-27 00:00:00+00:00,2025_03_26_close_1700_PT,2025-03-26 17:00:00-07:00,2025-03-25 05:08:15.382357+00:00,0.15,2025-03-24 22:08:15.382357-07:00
KXUSOPEN-25-VH,2025-03-27 00:00:00+00:00,2025_03_26_close_1700_PT,2025-03-26 17:00:00-07:00,2025-03-19 14:34:48.583482+00:00,0.05,2025-03-19 07:34:48.583482-07:00
KXWMENSINGLES-25-CA,2025-03-27 00:00:00+00:00,2025_03_26_close_1700_PT,2025-03-26 17:00:00-07:00,2025-03-19 12:14:06.749595+00:00,0.37,2025-03-19 05:14:06.749595-07:00
KXWMENSINGLES-25-JS,2025-03-27 00:00:00+00:00,2025_03_26_close_1700_PT,2025-03-26 17:00:00-07:00,2025-03-17 16:56:46.527365+00:00,0.29,2025-03-17 09:56:46.527365-07:00
KXWMENSINGLES-25-ND,2025-03-27 00:00:00+00:00,2025_03_26_close_1700_PT,2025-03-26 17:00:00-07:00,2025-03-25 08:20:43.511654+00:00,0.14,2025-03-25 01:20:43.511654-07:00
KXWMENSINGLES-25-TF,2025-03-27 00:00:00+00:00,2025_03_26_close_1700_PT,2025-03-26 17:00:00-07:00,,,
LEAVEPOWELL-25-DEC31,2025-03-27 00:00:00+00:00,2025_03_26_close_1700_PT,2025-03-26 17:00:00-07:00,2025-03-26 17:23:46.138062+00:00,0.19,2025-03-26 10:23:46.138062-07:00
RECSSNBER-25,2025-03-27 00:00:00+00:00,2025_03_26_close_1700_PT,2025-03-26 17:00:00-07:00,2025-03-26 20:11:58.633629+00:00,0.4,2025-03-26 13:11:58.633629-07:00
FED-25MAY-T4.00,2025-03-27 12:00:00+00:00,2025_03_27_open_0500_PT,2025-03-27 05:00:00-07:00,2025-03-27 11:57:40.895003+00:00,0.97,2025-03-27 04:57:40.895003-07:00
FED-25MAY-T4.25,2025-03-27 12:00:00+00:00,2025_03_27_open_0500_PT,2025-03-27 05:00:00-07:00,2025-03-27 11:54:19.115701+00:00,0.84,2025-03-27 04:54:19.115701-07:00
GOVPARTYNJ-25-D,2025-03-27 12:00:00+00:00,2025_03_27_open_0500_PT,2025-03-27 05:00:00-07:00,2025-03-26 23:25:54.970956+00:00,0.72,2025-03-26 16:25:54.970956-07:00
GOVPARTYNJ-25-R,2025-03-27 12:00:00+00:00,2025_03_27_open_0500_PT,2025-03-27 05:00:00-07:00,2025-03-26 23:36:00.129458+00:00,0.27,2025-03-26 16:36:00.129458-07:00
GOVPARTYVA-25-R,2025-03-27 12:00:00+00:00,2025_03_27_open_0500_PT,2025-03-27 05:00:00-07:00,2025-03-27 05:34:50.566227+00:00,0.14,2025-03-26 22:34:50.566227-07:00
KXBTCMAX150-25-DEC31-149999.99,2025-03-27 12:00:00+00:00,2025_03_27_open_0500_PT,2025-03-27 05:00:00-07:00,2025-03-27 11:22:40.503901+00:00,0.24,2025-03-27 04:22:40.503901-07:00
KXBTCMAXY-25-DEC31-124999.99,2025-03-27 12:00:00+00:00,2025_03_27_open_0500_PT,2025-03-27 05:00:00-07:00,2025-03-27 09:57:20.672990+00:00,0.41,2025-03-27 02:57:20.672990-07:00
KXBTCMAXY-25-DEC31-149999.99,2025-03-27 12:00:00+00:00,2025_03_27_open_0500_PT,2025-03-27 05:00:00-07:00,2025-03-26 21:19:49.174491+00:00,0.25,2025-03-26 14:19:49.174491-07:00
KXBTCRESERVE-26-JAN01,2025-03-27 12:00:00+00:00,2025_03_27_open_0500_PT,2025-03-27 05:00:00-07:00,2025-03-27 11:23:15.773802+00:00,0.5,2025-03-27 04:23:15.773802-07:00
KXCANADAPM-45-C,2025-03-27 12:00:00+00:00,2025_03_27_open_0500_PT,2025-03-27 05:00:00-07:00,2025-03-27 11:25:52.427204+00:00,0.41,2025-03-27 04:25:52.427204-07:00
KXCANADAPM-45-L,2025-03-27 12:00:00+00:00,2025_03_27_open_0500_PT,2025-03-27 05:00:00-07:00,2025-03-27 11:37:59.645391+00:00,0.6,2025-03-27 04:37:59.645391-07:00
KXCPIYOY-25APR-T2.4,2025-03-27 12:00:00+00:00,2025_03_27_open_0500_PT,2025-03-27 05:00:00-07:00,2025-03-27 05:37:39.430729+00:00,0.6,2025-03-26 22:37:39.430729-07:00
KXCPIYOY-25APR-T2.5,2025-03-27 12:00:00+00:00,2025_03_27_open_0500_PT,2025-03-27 05:00:00-07:00,2025-03-21 08:10:13.622844+00:00,0.43,2025-03-21 01:10:13.622844-07:00
KXDOED-26-JAN01,2025-03-27 12:00:00+00:00,2025_03_27_open_0500_PT,2025-03-27 05:00:00-07:00,2025-03-27 11:42:01.618604+00:00,0.14,2025-03-27 04:42:01.618604-07:00
KXEPSTEIN-25,2025-03-27 12:00:00+00:00,2025_03_27_open_0500_PT,2025-03-27 05:00:00-07:00,2025-03-27 11:51:45.531249+00:00,0.39,2025-03-27 04:51:45.531249-07:00
KXETHMAXY-25DEC31-4999.99,2025-03-27 12:00:00+00:00,2025_03_27_open_0500_PT,2025-03-27 05:00:00-07:00,2025-03-24 20:44:28.255989+00:00,0.18,2025-03-24 13:44:28.255989-07:00
KXFEDDECISION-25MAY-C25,2025-03-27 12:00:00+00:00,2025_03_27_open_0500_PT,2025-03-27 05:00:00-07:00,2025-03-27 11:10:38.718869+00:00,0.14,2025-03-27 04:10:38.718869-07:00
KXFEDDECISION-25MAY-C26,2025-03-27 12:00:00+00:00,2025_03_27_open_0500_PT,2025-03-27 05:00:00-07:00,2025-03-26 20:09:49.687182+00:00,0.02,2025-03-26 13:09:49.687182-07:00
KXFEDDECISION-25MAY-H0,2025-03-27 12:00:00+00:00,2025_03_27_open_0500_PT,2025-03-27 05:00:00-07:00,2025-03-27 11:28:27.909306+00:00,0.86,2025-03-27 04:28:27.909306-07:00
KXFOMENSINGLES-25-CA,2025-03-27 12:00:00+00:00,2025_03_27_open_0500_PT,2025-03-27 05:00:00-07:00,2025-03-25 09:36:33.041300+00:00,0.41,2025-03-25 02:36:33.041300-07:00
KXFOMENSINGLES-25-JS,2025-03-27 12:00:00+00:00,2025_03_27_open_0500_PT,2025-03-27 05:00:00-07:00,2025-03-24 10:59:37.791628+00:00,0.26,2025-03-24 03:59:37.791628-07:00
KXFOMENSINGLES-25-ND,2025-03-27 12:00:00+00:00,2025_03_27_open_0500_PT,2025-03-27 05:00:00-07:00,2025-03-08 17:49:54.374770+00:00,0.12,2025-03-08 09:49:54.374770-08:00
KXFOWOMENSINGLES-25-AS,2025-03-27 12:00:00+00:00,2025_03_27_open_0500_PT,2025-03-27 05:00:00-07:00,2025-03-21 11:25:09.035040+00:00,0.14,2025-03-21 04:25:09.035040-07:00
KXFOWOMENSINGLES-25-CG,2025-03-27 12:00:00+00:00,2025_03_27_open_0500_PT,2025-03-27 05:00:00-07:00,2025-02-10 18:42:35.041176+00:00,0.08,2025-02-10 10:42:35.041176-08:00
KXLEAGUEWORLDS-25-T1,2025-03-27 12:00:00+00:00,2025_03_27_open_0500_PT,2025-03-27 05:00:00-07:00,2025-03-25 10:28:29.073183+00:00,0.21,2025-03-25 03:28:29.073183-07:00
KXLLM1-25DEC31-XAI,2025-03-27 12:00:00+00:00,2025_03_27_open_0500_PT,2025-03-27 05:00:00-07:00,2025-03-25 19:53:47.982268+00:00,0.25,2025-03-25 12:53:47.982268-07:00
KXMARMAD-25-AU,2025-03-27 12:00:00+00:00,2025_03_27_open_0500_PT,2025-03-27 05:00:00-07:00,2025-03-27 11:57:03.104420+00:00,0.14,2025-03-27 04:57:03.104420-07:00
KXMARMAD-25-DU,2025-03-27 12:00:00+00:00,2025_03_27_open_0500_PT,2025-03-27 05:00:00-07:00,2025-03-27 11:59:08.661450+00:00,0.31,2025-03-27 04:59:08.661450-07:00
KXMARMAD-25-FL,2025-03-27 12:00:00+00:00,2025_03_27_open_0500_PT,2025-03-27 05:00:00-07:00,2025-03-27 11:56:43.384220+00:00,0.19,2025-03-27 04:56:43.384220-07:00
KXMARMAD-25-HOU,2025-03-27 12:00:00+00:00,2025_03_27_open_0500_PT,2025-03-27 05:00:00-07:00,2025-03-27 11:57:55.266605+00:00,0.15,2025-03-27 04:57:55.266605-07:00
KXMASTERS-25-BD,2025-03-27 12:00:00+00:00,2025_03_27_open_0500_PT,2025-03-27 05:00:00-07:00,2025-03-27 05:07:34.809956+00:00,0.05,2025-03-26 22:07:34.809956-07:00
KXMASTERS-25-CM,2025-03-27 12:00:00+00:00,2025_03_27_open_0500_PT,2025-03-27 05:00:00-07:00,2025-03-27 05:07:44.546915+00:00,0.06,2025-03-26 22:07:44.546915-07:00
KXMASTERS-25-LA,2025-03-27 12:00:00+00:00,2025_03_27_open_0500_PT,2025-03-27 05:00:00-07:00,2025-03-27 05:07:51.650324+00:00,0.06,2025-03-26 22:07:51.650324-07:00
KXMASTERS-25-RM,2025-03-27 12:00:00+00:00,2025_03_27_open_0500_PT,2025-03-27 05:00:00-07:00,2025-03-27 05:06:36.269002+00:00,0.13,2025-03-26 22:06:36.269002-07:00
KXMASTERS-25-SS,2025-03-27 12:00:00+00:00,2025_03_27_open_0500_PT,2025-03-27 05:00:00-07:00,2025-03-27 06:07:14.648500+00:00,0.16,2025-03-26 23:07:14.648500-07:00
KXMAYORNYCNOMD-25-AC,2025-03-27 12:00:00+00:00,2025_03_27_open_0500_PT,2025-03-27 05:00:00-07:00,2025-03-27 10:41:12.270952+00:00,0.77,2025-03-27 03:41:12.270952-07:00
KXMAYORNYCNOMD-25-ZM,2025-03-27 12:00:00+00:00,2025_03_27_open_0500_PT,2025-03-27 05:00:00-07:00,2025-03-26 19:08:03.502797+00:00,0.09,2025-03-26 12:08:03.502797-07:00
KXMAYORNYCPARTY-25-D,2025-03-27 12:00:00+00:00,2025_03_27_open_0500_PT,2025-03-27 05:00:00-07:00,2025-03-25 17:51:51.802399+00:00,0.9,2025-03-25 10:51:51.802399-07:00
KXMAYORNYCPARTY-25-R,2025-03-27 12:00:00+00:00,2025_03_27_open_0500_PT,2025-03-27 05:00:00-07:00,2025-03-25 17:51:54.443758+00:00,0.07,2025-03-25 10:51:54.443758-07:00
KXMLB-25-LAD,2025-03-27 12:00:00+00:00,2025_03_27_open_0500_PT,2025-03-27 05:00:00-07:00,2025-03-27 11:26:25.264940+00:00,0.27,2025-03-27 04:26:25.264940-07:00
KXMLB-25-MIL,2025-03-27 12:00:00+00:00,2025_03_27_open_0500_PT,2025-03-27 05:00:00-07:00,2025-03-27 08:24:49.402455+00:00,0.02,2025-03-27 01:24:49.402455-07:00
KXMLB-25-PHI,2025-03-27 12:00:00+00:00,2025_03_27_open_0500_PT,2025-03-27 05:00:00-07:00,2025-03-27 08:16:52.659030+00:00,0.07,2025-03-27 01:16:52.659030-07:00
KXMLB-25-SEA,2025-03-27 12:00:00+00:00,2025_03_27_open_0500_PT,2025-03-27 05:00:00-07:00,2025-03-27 06:39:49.046889+00:00,0.03,2025-03-26 23:39:49.046889-07:00
KXMLB-25-TOR,2025-03-27 12:00:00+00:00,2025_03_27_open_0500_PT,2025-03-27 05:00:00-07:00,2025-03-27 06:44:46.589989+00:00,0.02,2025-03-26 23:44:46.589989-07:00
KXMLBAL-25-SEA,2025-03-27 12:00:00+00:00,2025_03_27_open_0500_PT,2025-03-27 05:00:00-07:00,2025-03-24 19:54:22.810129+00:00,0.1,2025-03-24 12:54:22.810129-07:00
KXMLBAL-25-TOR,2025-03-27 12:00:00+00:00,2025_03_27_open_0500_PT,2025-03-27 05:00:00-07:00,2025-03-26 07:24:40.984737+00:00,0.03,2025-03-26 00:24:40.984737-07:00
KXMLBNL-25-LAD,2025-03-27 12:00:00+00:00,2025_03_27_open_0500_PT,2025-03-27 05:00:00-07:00,2025-03-27 11:35:35.149934+00:00,0.37,2025-03-27 04:35:35.149934-07:00
KXNBA-25-BOS,2025-03-27 12:00:00+00:00,2025_03_27_open_0500_PT,2025-03-27 05:00:00-07:00,2025-03-27 11:47:35.307597+00:00,0.28,2025-03-27 04:47:35.307597-07:00
KXNBA-25-CLE,2025-03-27 12:00:00+00:00,2025_03_27_open_0500_PT,2025-03-27 05:00:00-07:00,2025-03-27 11:47:40.264774+00:00,0.13,2025-03-27 04:47:40.264774-07:00
KXNBA-25-DEN,2025-03-27 12:00:00+00:00,2025_03_27_open_0500_PT,2025-03-27 05:00:00-07:00,2025-03-27 10:45:59.477492+00:00,0.05,2025-03-27 03:45:59.477492-07:00
KXNBA-25-GSW,2025-03-27 12:00:00+00:00,2025_03_27_open_0500_PT,2025-03-27 05:00:00-07:00,2025-03-27 07:15:18.894406+00:00,0.04,2025-03-27 00:15:18.894406-07:00
KXNBA-25-IND,2025-03-27 12:00:00+00:00,2025_03_27_open_0500_PT,2025-03-27 05:00:00-07:00,2025-03-24 13:22:15.203154+00:00,0.01,2025-03-24 06:22:15.203154-07:00
KXNBA-25-LAL,2025-03-27 12:00:00+00:00,2025_03_27_open_0500_PT,2025-03-27 05:00:00-07:00,2025-03-27 11:53:35.549701+00:00,0.08,2025-03-27 04:53:35.549701-07:00
KXNBA-25-MIN,2025-03-27 12:00:00+00:00,2025_03_27_open_0500_PT,2025-03-27 05:00:00-07:00,2025-03-20 09:21:29.946374+00:00,0.02,2025-03-20 02:21:29.946374-07:00
KXNBA-25-NYK,2025-03-27 12:00:00+00:00,2025_03_27_open_0500_PT,2025-03-27 05:00:00-07:00,2025-03-24 17:51:28.915363+00:00,0.03,2025-03-24 10:51:28.915363-07:00
KXNBA-25-OKC,2025-03-27 12:00:00+00:00,2025_03_27_open_0500_PT,2025-03-27 05:00:00-07:00,2025-03-27 10:01:10.651482+00:00,0.32,2025-03-27 03:01:10.651482-07:00
KXNBAEAST-25-BOS,2025-03-27 12:00:00+00:00,2025_03_27_open_0500_PT,2025-03-27 05:00:00-07:00,2025-03-27 10:06:10.778929+00:00,0.54,2025-03-27 03:06:10.778929-07:00
KXNBAEAST-25-IND,2025-03-27 12:00:00+00:00,2025_03_27_open_0500_PT,2025-03-27 05:00:00-07:00,2025-03-25 18:20:15.333092+00:00,0.02,2025-03-25 11:20:15.333092-07:00
KXNBAEAST-25-NYK,2025-03-27 12:00:00+00:00,2025_03_27_open_0500_PT,2025-03-27 05:00:00-07:00,2025-03-26 19:02:29.061020+00:00,0.07,2025-03-26 12:02:29.061020-07:00
KXNBAWEST-25-DEN,2025-03-27 12:00:00+00:00,2025_03_27_open_0500_PT,2025-03-27 05:00:00-07:00,2025-03-26 19:52:27.573627+00:00,0.12,2025-03-26 12:52:27.573627-07:00
KXNBAWEST-25-MIN,2025-03-27 12:00:00+00:00,2025_03_27_open_0500_PT,2025-03-27 05:00:00-07:00,2025-03-27 10:40:22.384630+00:00,0.04,2025-03-27 03:40:22.384630-07:00
KXNBAWEST-25-OKC,2025-03-27 12:00:00+00:00,2025_03_27_open_0500_PT,2025-03-27 05:00:00-07:00,2025-03-27 11:14:22.668235+00:00,0.54,2025-03-27 04:14:22.668235-07:00
KXNCAAF-26-OSU,2025-03-27 12:00:00+00:00,2025_03_27_open_0500_PT,2025-03-27 05:00:00-07:00,2025-03-26 10:21:47.195660+00:00,0.15,2025-03-26 03:21:47.195660-07:00
KXNHL-25-EDM,2025-03-27 12:00:00+00:00,2025_03_27_open_0500_PT,2025-03-27 05:00:00-07:00,2025-03-26 14:41:00.900217+00:00,0.1,2025-03-26 07:41:00.900217-07:00
KXNHL-25-FLA,2025-03-27 12:00:00+00:00,2025_03_27_open_0500_PT,2025-03-27 05:00:00-07:00,2025-03-27 09:03:37.628716+00:00,0.12,2025-03-27 02:03:37.628716-07:00
KXNOBELPEACE-25-DJT,2025-03-27 12:00:00+00:00,2025_03_27_open_0500_PT,2025-03-27 05:00:00-07:00,2025-03-27 07:26:55.124039+00:00,0.08,2025-03-27 00:26:55.124039-07:00
KXPGA-25-BD,2025-03-27 12:00:00+00:00,2025_03_27_open_0500_PT,2025-03-27 05:00:00-07:00,2025-03-20 12:28:07.193994+00:00,0.06,2025-03-20 05:28:07.193994-07:00
KXPGA-25-RM,2025-03-27 12:00:00+00:00,2025_03_27_open_0500_PT,2025-03-27 05:00:00-07:00,2025-03-21 11:31:09.126921+00:00,0.13,2025-03-21 04:31:09.126921-07:00
KXPGA-25-SS,2025-03-27 12:00:00+00:00,2025_03_27_open_0500_PT,2025-03-27 05:00:00-07:00,2025-03-25 11:55:08.280437+00:00,0.11,2025-03-25 04:55:08.280437-07:00
KXRATECUTCOUNT-25DEC31-T0,2025-03-27 12:00:00+00:00,2025_03_27_open_0500_PT,2025-03-27 05:00:00-07:00,2025-03-27 10:52:02.710143+00:00,0.11,2025-03-27 03:52:02.710143-07:00
KXRATECUTCOUNT-25DEC31-T1,2025-03-27 12:00:00+00:00,2025_03_27_open_0500_PT,2025-03-27 05:00:00-07:00,2025-03-27 10:51:54.673212+00:00,0.14,2025-03-27 03:51:54.673212-07:00
KXRATECUTCOUNT-25DEC31-T2,2025-03-27 12:00:00+00:00,2025_03_27_open_0500_PT,2025-03-27 05:00:00-07:00,2025-03-26 18:27:50.808526+00:00,0.23,2025-03-26 11:27:50.808526-07:00
KXRATECUTCOUNT-25DEC31-T3,2025-03-27 12:00:00+00:00,2025_03_27_open_0500_PT,2025-03-27 05:00:00-07:00,2025-03-26 14:08:56.871289+00:00,0.17,2025-03-26 07:08:56.871289-07:00
KXSB-26-BAL,2025-03-27 12:00:00+00:00,2025_03_27_open_0500_PT,2025-03-27 05:00:00-07:00,2025-03-23 11:33:25.360286+00:00,0.1,2025-03-23 04:33:25.360286-07:00
KXSB-26-BUF,2025-03-27 12:00:00+00:00,2025_03_27_open_0500_PT,2025-03-27 05:00:00-07:00,2025-03-23 10:29:57.344680+00:00,0.11,2025-03-23 03:29:57.344680-07:00
KXSB-26-GB,2025-03-27 12:00:00+00:00,2025_03_27_open_0500_PT,2025-03-27 05:00:00-07:00,2025-03-26 19:11:42.430633+00:00,0.04,2025-03-26 12:11:42.430633-07:00
KXSB-26-KC,2025-03-27 12:00:00+00:00,2025_03_27_open_0500_PT,2025-03-27 05:00:00-07:00,2025-03-22 21:25:16.598872+00:00,0.11,2025-03-22 14:25:16.598872-07:00
KXSB-26-PHI,2025-03-27 12:00:00+00:00,2025_03_27_open_0500_PT,2025-03-27 05:00:00-07:00,2025-03-24 11:06:48.035626+00:00,0.13,2025-03-24 04:06:48.035626-07:00
KXSB-26-SEA,2025-03-27 12:00:00+00:00,2025_03_27_open_0500_PT,2025-03-27 05:00:00-07:00,2025-03-24 09:54:03.481477+00:00,0.02,2025-03-24 02:54:03.481477-07:00
KXTHEOPEN-25-RM,2025-03-27 12:00:00+00:00,2025_03_27_open_0500_PT,2025-03-27 05:00:00-07:00,2025-03-21 13:21:30.460808+00:00,0.13,2025-03-21 06:21:30.460808-07:00
KXTHEOPEN-25-SS,2025-03-27 12:00:00+00:00,2025_03_27_open_0500_PT,2025-03-27 05:00:00-07:00,2025-03-21 11:30:31.056877+00:00,0.2,2025-03-21 04:30:31.056877-07:00
KXTOPARTIST-25-BB,2025-03-27 12:00:00+00:00,2025_03_27_open_0500_PT,2025-03-27 05:00:00-07:00,2025-03-24 06:11:07.794534+00:00,0.51,2025-03-23 23:11:07.794534-07:00
KXTOPARTIST-25-TS,2025-03-27 12:00:00+00:00,2025_03_27_open_0500_PT,2025-03-27 05:00:00-07:00,2025-03-24 06:11:07.716162+00:00,0.44,2025-03-23 23:11:07.716162-07:00
KXUEFACL-25-IM,2025-03-27 12:00:00+00:00,2025_03_27_open_0500_PT,2025-03-27 05:00:00-07:00,2025-03-27 08:48:42.261653+00:00,0.08,2025-03-27 01:48:42.261653-07:00
KXUEFACL-25-PSG,2025-03-27 12:00:00+00:00,2025_03_27_open_0500_PT,2025-03-27 05:00:00-07:00,2025-03-27 09:41:30.440781+00:00,0.21,2025-03-27 02:41:30.440781-07:00
KXUSOMENSINGLES-25-CA,2025-03-27 12:00:00+00:00,2025_03_27_open_0500_PT,2025-03-27 05:00:00-07:00,2025-03-17 18:29:54.515804+00:00,0.25,2025-03-17 11:29:54.515804-07:00
KXUSOMENSINGLES-25-JS,2025-03-27 12:00:00+00:00,2025_03_27_open_0500_PT,2025-03-27 05:00:00-07:00,2025-03-23 08:36:42.643007+00:00,0.37,2025-03-23 01:36:42.643007-07:00
KXUSOMENSINGLES-25-ND,2025-03-27 12:00:00+00:00,2025_03_27_open_0500_PT,2025-03-27 05:00:00-07:00,2025-03-19 07:01:50.304458+00:00,0.13,2025-03-19 00:01:50.304458-07:00
KXUSOPEN-25-BD,2025-03-27 12:00:00+00:00,2025_03_27_open_0500_PT,2025-03-27 05:00:00-07:00,2025-03-20 19:46:26.235332+00:00,0.07,2025-03-20 12:46:26.235332-07:00
KXUSOPEN-25-BK,2025-03-27 12:00:00+00:00,2025_03_27_open_0500_PT,2025-03-27 05:00:00-07:00,2025-03-20 08:18:27.580179+00:00,0.05,2025-03-20 01:18:27.580179-07:00
KXUSOPEN-25-RM,2025-03-27 12:00:00+00:00,2025_03_27_open_0500_PT,2025-03-27 05:00:00-07:00,2025-03-26 16:01:30.877103+00:00,0.11,2025-03-26 09:01:30.877103-07:00
KXUSOPEN-25-RMAC,2025-03-27 12:00:00+00:00,2025_03_27_open_0500_PT,2025-03-27 05:00:00-07:00,2025-02-13 20:06:17.379384+00:00,0.03,2025-02-13 12:06:17.379384-08:00
KXUSOPEN-25-SS,2025-03-27 12:00:00+00:00,2025_03_27_open_0500_PT,2025-03-27 05:00:00-07:00,2025-03-25 05:08:15.382357+00:00,0.15,2025-03-24 22:08:15.382357-07:00
KXUSOPEN-25-VH,2025-03-27 12:00:00+00:00,2025_03_27_open_0500_PT,2025-03-27 05:00:00-07:00,2025-03-19 14:34:48.583482+00:00,0.05,2025-03-19 07:34:48.583482-07:00
KXWMENSINGLES-25-CA,2025-03-27 12:00:00+00:00,2025_03_27_open_0500_PT,2025-03-27 05:00:00-07:00,2025-03-19 12:14:06.749595+00:00,0.37,2025-03-19 05:14:06.749595-07:00
KXWMENSINGLES-25-JS,2025-03-27 12:00:00+00:00,2025_03_27_open_0500_PT,2025-03-27 05:00:00-07:00,2025-03-17 16:56:46.527365+00:00,0.29,2025-03-17 09:56:46.527365-07:00
KXWMENSINGLES-25-ND,2025-03-27 12:00:00+00:00,2025_03_27_open_0500_PT,2025-03-27 05:00:00-07:00,2025-03-25 08:20:43.511654+00:00,0.14,2025-03-25 01:20:43.511654-07:00
KXWMENSINGLES-25-TF,2025-03-27 12:00:00+00:00,2025_03_27_open_0500_PT,2025-03-27 05:00:00-07:00,,,
LEAVEPOWELL-25-DEC31,2025-03-27 12:00:00+00:00,2025_03_27_open_0500_PT,2025-03-27 05:00:00-07:00,2025-03-27 05:04:57.472199+00:00,0.15,2025-03-26 22:04:57.472199-07:00
RECSSNBER-25,2025-03-27 12:00:00+00:00,2025_03_27_open_0500_PT,2025-03-27 05:00:00-07:00,2025-03-27 10:48:21.550450+00:00,0.4,2025-03-27 03:48:21.550450-07:00
FED-25MAY-T4.00,2025-03-28 00:00:00+00:00,2025_03_27_close_1700_PT,2025-03-27 17:00:00-07:00,2025-03-27 23:33:49.504170+00:00,0.97,2025-03-27 16:33:49.504170-07:00
FED-25MAY-T4.25,2025-03-28 00:00:00+00:00,2025_03_27_close_1700_PT,2025-03-27 17:00:00-07:00,2025-03-27 23:55:07.584156+00:00,0.83,2025-03-27 16:55:07.584156-07:00
GOVPARTYNJ-25-D,2025-03-28 00:00:00+00:00,2025_03_27_close_1700_PT,2025-03-27 17:00:00-07:00,2025-03-27 15:40:20.826579+00:00,0.73,2025-03-27 08:40:20.826579-07:00
GOVPARTYNJ-25-R,2025-03-28 00:00:00+00:00,2025_03_27_close_1700_PT,2025-03-27 17:00:00-07:00,2025-03-26 23:36:00.129458+00:00,0.27,2025-03-26 16:36:00.129458-07:00
GOVPARTYVA-25-R,2025-03-28 00:00:00+00:00,2025_03_27_close_1700_PT,2025-03-27 17:00:00-07:00,2025-03-27 23:01:43.126939+00:00,0.14,2025-03-27 16:01:43.126939-07:00
KXBTCMAX150-25-DEC31-149999.99,2025-03-28 00:00:00+00:00,2025_03_27_close_1700_PT,2025-03-27 17:00:00-07:00,2025-03-27 21:31:32.116591+00:00,0.28,2025-03-27 14:31:32.116591-07:00
KXBTCMAXY-25-DEC31-124999.99,2025-03-28 00:00:00+00:00,2025_03_27_close_1700_PT,2025-03-27 17:00:00-07:00,2025-03-27 20:44:48.392682+00:00,0.4,2025-03-27 13:44:48.392682-07:00
KXBTCMAXY-25-DEC31-149999.99,2025-03-28 00:00:00+00:00,2025_03_27_close_1700_PT,2025-03-27 17:00:00-07:00,2025-03-27 20:45:37.479866+00:00,0.24,2025-03-27 13:45:37.479866-07:00
KXBTCRESERVE-26-JAN01,2025-03-28 00:00:00+00:00,2025_03_27_close_1700_PT,2025-03-27 17:00:00-07:00,2025-03-27 23:57:47.402420+00:00,0.5,2025-03-27 16:57:47.402420-07:00
KXCANADAPM-45-C,2025-03-28 00:00:00+00:00,2025_03_27_close_1700_PT,2025-03-27 17:00:00-07:00,2025-03-27 22:29:16.793461+00:00,0.39,2025-03-27 15:29:16.793461-07:00
KXCANADAPM-45-L,2025-03-28 00:00:00+00:00,2025_03_27_close_1700_PT,2025-03-27 17:00:00-07:00,2025-03-27 23:53:18.663670+00:00,0.62,2025-03-27 16:53:18.663670-07:00
KXCPIYOY-25APR-T2.4,2025-03-28 00:00:00+00:00,2025_03_27_close_1700_PT,2025-03-27 17:00:00-07:00,2025-03-27 05:37:39.430729+00:00,0.6,2025-03-26 22:37:39.430729-07:00
KXCPIYOY-25APR-T2.5,2025-03-28 00:00:00+00:00,2025_03_27_close_1700_PT,2025-03-27 17:00:00-07:00,2025-03-21 08:10:13.622844+00:00,0.43,2025-03-21 01:10:13.622844-07:00
KXDOED-26-JAN01,2025-03-28 00:00:00+00:00,2025_03_27_close_1700_PT,2025-03-27 17:00:00-07:00,2025-03-27 19:34:48.576476+00:00,0.16,2025-03-27 12:34:48.576476-07:00
KXEPSTEIN-25,2025-03-28 00:00:00+00:00,2025_03_27_close_1700_PT,2025-03-27 17:00:00-07:00,2025-03-27 23:41:19.429830+00:00,0.33,2025-03-27 16:41:19.429830-07:00
KXETHMAXY-25DEC31-4999.99,2025-03-28 00:00:00+00:00,2025_03_27_close_1700_PT,2025-03-27 17:00:00-07:00,2025-03-27 18:37:15.245646+00:00,0.2,2025-03-27 11:37:15.245646-07:00
KXFEDDECISION-25MAY-C25,2025-03-28 00:00:00+00:00,2025_03_27_close_1700_PT,2025-03-27 17:00:00-07:00,2025-03-27 18:18:50.971153+00:00,0.16,2025-03-27 11:18:50.971153-07:00
KXFEDDECISION-25MAY-C26,2025-03-28 00:00:00+00:00,2025_03_27_close_1700_PT,2025-03-27 17:00:00-07:00,2025-03-27 22:01:32.297940+00:00,0.02,2025-03-27 15:01:32.297940-07:00
KXFEDDECISION-25MAY-H0,2025-03-28 00:00:00+00:00,2025_03_27_close_1700_PT,2025-03-27 17:00:00-07:00,2025-03-27 20:02:36.650414+00:00,0.86,2025-03-27 13:02:36.650414-07:00
KXFOMENSINGLES-25-CA,2025-03-28 00:00:00+00:00,2025_03_27_close_1700_PT,2025-03-27 17:00:00-07:00,2025-03-25 09:36:33.041300+00:00,0.41,2025-03-25 02:36:33.041300-07:00
KXFOMENSINGLES-25-JS,2025-03-28 00:00:00+00:00,2025_03_27_close_1700_PT,2025-03-27 17:00:00-07:00,2025-03-24 10:59:37.791628+00:00,0.26,2025-03-24 03:59:37.791628-07:00
KXFOMENSINGLES-25-ND,2025-03-28 00:00:00+00:00,2025_03_27_close_1700_PT,2025-03-27 17:00:00-07:00,2025-03-08 17:49:54.374770+00:00,0.12,2025-03-08 09:49:54.374770-08:00
KXFOWOMENSINGLES-25-AS,2025-03-28 00:00:00+00:00,2025_03_27_close_1700_PT,2025-03-27 17:00:00-07:00,2025-03-27 19:00:48.790250+00:00,0.17,2025-03-27 12:00:48.790250-07:00
KXFOWOMENSINGLES-25-CG,2025-03-28 00:00:00+00:00,2025_03_27_close_1700_PT,2025-03-27 17:00:00-07:00,2025-02-10 18:42:35.041176+00:00,0.08,2025-02-10 10:42:35.041176-08:00
KXLEAGUEWORLDS-25-T1,2025-03-28 00:00:00+00:00,2025_03_27_close_1700_PT,2025-03-27 17:00:00-07:00,2025-03-25 10:28:29.073183+00:00,0.21,2025-03-25 03:28:29.073183-07:00
KXLLM1-25DEC31-XAI,2025-03-28 00:00:00+00:00,2025_03_27_close_1700_PT,2025-03-27 17:00:00-07:00,2025-03-25 19:53:47.982268+00:00,0.25,2025-03-25 12:53:47.982268-07:00
KXMARMAD-25-AU,2025-03-28 00:00:00+00:00,2025_03_27_close_1700_PT,2025-03-27 17:00:00-07:00,2025-03-27 23:47:19.228638+00:00,0.13,2025-03-27 16:47:19.228638-07:00
KXMARMAD-25-DU,2025-03-28 00:00:00+00:00,2025_03_27_close_1700_PT,2025-03-27 17:00:00-07:00,2025-03-27 23:58:30.925930+00:00,0.35,2025-03-27 16:58:30.925930-07:00
KXMARMAD-25-FL,2025-03-28 00:00:00+00:00,2025_03_27_close_1700_PT,2025-03-27 17:00:00-07:00,2025-03-27 23:58:45.978530+00:00,0.24,2025-03-27 16:58:45.978530-07:00
KXMARMAD-25-HOU,2025-03-28 00:00:00+00:00,2025_03_27_close_1700_PT,2025-03-27 17:00:00-07:00,2025-03-27 23:59:36.435730+00:00,0.15,2025-03-27 16:59:36.435730-07:00
KXMASTERS-25-BD,2025-03-28 00:00:00+00:00,2025_03_27_close_1700_PT,2025-03-27 17:00:00-07:00,2025-03-27 22:14:24.163745+00:00,0.05,2025-03-27 15:14:24.163745-07:00
KXMASTERS-25-CM,2025-03-28 00:00:00+00:00,2025_03_27_close_1700_PT,2025-03-27 17:00:00-07:00,2025-03-27 21:46:47.961107+00:00,0.06,2025-03-27 14:46:47.961107-07:00
KXMASTERS-25-LA,2025-03-28 00:00:00+00:00,2025_03_27_close_1700_PT,2025-03-27 17:00:00-07:00,2025-03-27 05:07:51.650324+00:00,0.06,2025-03-26 22:07:51.650324-07:00
KXMASTERS-25-RM,2025-03-28 00:00:00+00:00,2025_03_27_close_1700_PT,2025-03-27 17:00:00-07:00,2025-03-27 22:14:45.731869+00:00,0.13,2025-03-27 15:14:45.731869-07:00
KXMASTERS-25-SS,2025-03-28 00:00:00+00:00,2025_03_27_close_1700_PT,2025-03-27 17:00:00-07:00,2025-03-27 22:40:14.454306+00:00,0.15,2025-03-27 15:40:14.454306-07:00
KXMAYORNYCNOMD-25-AC,2025-03-28 00:00:00+00:00,2025_03_27_close_1700_PT,2025-03-27 17:00:00-07:00,2025-03-27 22:18:38.240906+00:00,0.78,2025-03-27 15:18:38.240906-07:00
KXMAYORNYCNOMD-25-ZM,2025-03-28 00:00:00+00:00,2025_03_27_close_1700_PT,2025-03-27 17:00:00-07:00,2025-03-27 22:48:18.730948+00:00,0.1,2025-03-27 15:48:18.730948-07:00
KXMAYORNYCPARTY-25-D,2025-03-28 00:00:00+00:00,2025_03_27_close_1700_PT,2025-03-27 17:00:00-07:00,2025-03-27 16:08:59.086715+00:00,0.91,2025-03-27 09:08:59.086715-07:00
KXMAYORNYCPARTY-25-R,2025-03-28 00:00:00+00:00,2025_03_27_close_1700_PT,2025-03-27 17:00:00-07:00,2025-03-25 17:51:54.443758+00:00,0.07,2025-03-25 10:51:54.443758-07:00
KXMLB-25-LAD,2025-03-28 00:00:00+00:00,2025_03_27_close_1700_PT,2025-03-27 17:00:00-07:00,2025-03-27 20:11:45.490501+00:00,0.27,2025-03-27 13:11:45.490501-07:00
KXMLB-25-MIL,2025-03-28 00:00:00+00:00,2025_03_27_close_1700_PT,2025-03-27 17:00:00-07:00,2025-03-27 08:24:49.402455+00:00,0.02,2025-03-27 01:24:49.402455-07:00
KXMLB-25-PHI,2025-03-28 00:00:00+00:00,2025_03_27_close_1700_PT,2025-03-27 17:00:00-07:00,2025-03-27 19:23:05.343282+00:00,0.07,2025-03-27 12:23:05.343282-07:00
KXMLB-25-SEA,2025-03-28 00:00:00+00:00,2025_03_27_close_1700_PT,2025-03-27 17:00:00-07:00,2025-03-27 06:39:49.046889+00:00,0.03,2025-03-26 23:39:49.046889-07:00
KXMLB-25-TOR,2025-03-28 00:00:00+00:00,2025_03_27_close_1700_PT,2025-03-27 17:00:00-07:00,2025-03-27 06:44:46.589989+00:00,0.02,2025-03-26 23:44:46.589989-07:00
KXMLBAL-25-SEA,2025-03-28 00:00:00+00:00,2025_03_27_close_1700_PT,2025-03-27 17:00:00-07:00,2025-03-24 19:54:22.810129+00:00,0.1,2025-03-24 12:54:22.810129-07:00
KXMLBAL-25-TOR,2025-03-28 00:00:00+00:00,2025_03_27_close_1700_PT,2025-03-27 17:00:00-07:00,2025-03-27 23:10:01.004366+00:00,0.03,2025-03-27 16:10:01.004366-07:00
KXMLBNL-25-LAD,2025-03-28 00:00:00+00:00,2025_03_27_close_1700_PT,2025-03-27 17:00:00-07:00,2025-03-27 15:31:59.224419+00:00,0.37,2025-03-27 08:31:59.224419-07:00
KXNBA-25-BOS,2025-03-28 00:00:00+00:00,2025_03_27_close_1700_PT,2025-03-27 17:00:00-07:00,2025-03-27 22:10:58.927277+00:00,0.29,2025-03-27 15:10:58.927277-07:00
KXNBA-25-CLE,2025-03-28 00:00:00+00:00,2025_03_27_close_1700_PT,2025-03-27 17:00:00-07:00,2025-03-27 23:56:09.960547+00:00,0.14,2025-03-27 16:56:09.960547-07:00
KXNBA-25-DEN,2025-03-28 00:00:00+00:00,2025_03_27_close_1700_PT,2025-03-27 17:00:00-07:00,2025-03-27 14:17:13.499544+00:00,0.07,2025-03-27 07:17:13.499544-07:00
KXNBA-25-GSW,2025-03-28 00:00:00+00:00,2025_03_27_close_1700_PT,2025-03-27 17:00:00-07:00,2025-03-27 23:15:05.264702+00:00,0.06,2025-03-27 16:15:05.264702-07:00
KXNBA-25-IND,2025-03-28 00:00:00+00:00,2025_03_27_close_1700_PT,2025-03-27 17:00:00-07:00,2025-03-24 13:22:15.203154+00:00,0.01,2025-03-24 06:22:15.203154-07:00
KXNBA-25-LAL,2025-03-28 00:00:00+00:00,2025_03_27_close_1700_PT,2025-03-27 17:00:00-07:00,2025-03-27 20:53:20.501942+00:00,0.08,2025-03-27 13:53:20.501942-07:00
KXNBA-25-MIN,2025-03-28 00:00:00+00:00,2025_03_27_close_1700_PT,2025-03-27 17:00:00-07:00,2025-03-20 09:21:29.946374+00:00,0.02,2025-03-20 02:21:29.946374-07:00
KXNBA-25-NYK,2025-03-28 00:00:00+00:00,2025_03_27_close_1700_PT,2025-03-27 17:00:00-07:00,2025-03-24 17:51:28.915363+00:00,0.03,2025-03-24 10:51:28.915363-07:00
KXNBA-25-OKC,2025-03-28 00:00:00+00:00,2025_03_27_close_1700_PT,2025-03-27 17:00:00-07:00,2025-03-27 20:15:14.602547+00:00,0.34,2025-03-27 13:15:14.602547-07:00
KXNBAEAST-25-BOS,2025-03-28 00:00:00+00:00,2025_03_27_close_1700_PT,2025-03-27 17:00:00-07:00,2025-03-27 10:06:10.778929+00:00,0.54,2025-03-27 03:06:10.778929-07:00
KXNBAEAST-25-IND,2025-03-28 00:00:00+00:00,2025_03_27_close_1700_PT,2025-03-27 17:00:00-07:00,2025-03-25 18:20:15.333092+00:00,0.02,2025-03-25 11:20:15.333092-07:00
KXNBAEAST-25-NYK,2025-03-28 00:00:00+00:00,2025_03_27_close_1700_PT,2025-03-27 17:00:00-07:00,2025-03-26 19:02:29.061020+00:00,0.07,2025-03-26 12:02:29.061020-07:00
KXNBAWEST-25-DEN,2025-03-28 00:00:00+00:00,2025_03_27_close_1700_PT,2025-03-27 17:00:00-07:00,2025-03-27 23:55:15.201234+00:00,0.12,2025-03-27 16:55:15.201234-07:00
KXNBAWEST-25-MIN,2025-03-28 00:00:00+00:00,2025_03_27_close_1700_PT,2025-03-27 17:00:00-07:00,2025-03-27 22:13:44.304629+00:00,0.04,2025-03-27 15:13:44.304629-07:00
KXNBAWEST-25-OKC,2025-03-28 00:00:00+00:00,2025_03_27_close_1700_PT,2025-03-27 17:00:00-07:00,2025-03-27 21:12:10.166860+00:00,0.54,2025-03-27 14:12:10.166860-07:00
KXNCAAF-26-OSU,2025-03-28 00:00:00+00:00,2025_03_27_close_1700_PT,2025-03-27 17:00:00-07:00,2025-03-26 10:21:47.195660+00:00,0.15,2025-03-26 03:21:47.195660-07:00
KXNHL-25-EDM,2025-03-28 00:00:00+00:00,2025_03_27_close_1700_PT,2025-03-27 17:00:00-07:00,2025-03-26 14:41:00.900217+00:00,0.1,2025-03-26 07:41:00.900217-07:00
KXNHL-25-FLA,2025-03-28 00:00:00+00:00,2025_03_27_close_1700_PT,2025-03-27 17:00:00-07:00,2025-03-27 09:03:37.628716+00:00,0.12,2025-03-27 02:03:37.628716-07:00
KXNOBELPEACE-25-DJT,2025-03-28 00:00:00+00:00,2025_03_27_close_1700_PT,2025-03-27 17:00:00-07:00,2025-03-27 23:26:41.464606+00:00,0.08,2025-03-27 16:26:41.464606-07:00
KXPGA-25-BD,2025-03-28 00:00:00+00:00,2025_03_27_close_1700_PT,2025-03-27 17:00:00-07:00,2025-03-20 12:28:07.193994+00:00,0.06,2025-03-20 05:28:07.193994-07:00
KXPGA-25-RM,2025-03-28 00:00:00+00:00,2025_03_27_close_1700_PT,2025-03-27 17:00:00-07:00,2025-03-21 11:31:09.126921+00:00,0.13,2025-03-21 04:31:09.126921-07:00
KXPGA-25-SS,2025-03-28 00:00:00+00:00,2025_03_27_close_1700_PT,2025-03-27 17:00:00-07:00,2025-03-25 11:55:08.280437+00:00,0.11,2025-03-25 04:55:08.280437-07:00
KXRATECUTCOUNT-25DEC31-T0,2025-03-28 00:00:00+00:00,2025_03_27_close_1700_PT,2025-03-27 17:00:00-07:00,2025-03-27 22:02:50.526361+00:00,0.12,2025-03-27 15:02:50.526361-07:00
KXRATECUTCOUNT-25DEC31-T1,2025-03-28 00:00:00+00:00,2025_03_27_close_1700_PT,2025-03-27 17:00:00-07:00,2025-03-27 10:51:54.673212+00:00,0.14,2025-03-27 03:51:54.673212-07:00
KXRATECUTCOUNT-25DEC31-T2,2025-03-28 00:00:00+00:00,2025_03_27_close_1700_PT,2025-03-27 17:00:00-07:00,2025-03-27 19:43:13.283267+00:00,0.22,2025-03-27 12:43:13.283267-07:00
KXRATECUTCOUNT-25DEC31-T3,2025-03-28 00:00:00+00:00,2025_03_27_close_1700_PT,2025-03-27 17:00:00-07:00,2025-03-27 19:43:20.113498+00:00,0.17,2025-03-27 12:43:20.113498-07:00
KXSB-26-BAL,2025-03-28 00:00:00+00:00,2025_03_27_close_1700_PT,2025-03-27 17:00:00-07:00,2025-03-23 11:33:25.360286+00:00,0.1,2025-03-23 04:33:25.360286-07:00
KXSB-26-BUF,2025-03-28 00:00:00+00:00,2025_03_27_close_1700_PT,2025-03-27 17:00:00-07:00,2025-03-27 13:43:49.034191+00:00,0.12,2025-03-27 06:43:49.034191-07:00
KXSB-26-GB,2025-03-28 00:00:00+00:00,2025_03_27_close_1700_PT,2025-03-27 17:00:00-07:00,2025-03-26 19:11:42.430633+00:00,0.04,2025-03-26 12:11:42.430633-07:00
KXSB-26-KC,2025-03-28 00:00:00+00:00,2025_03_27_close_1700_PT,2025-03-27 17:00:00-07:00,2025-03-22 21:25:16.598872+00:00,0.11,2025-03-22 14:25:16.598872-07:00
KXSB-26-PHI,2025-03-28 00:00:00+00:00,2025_03_27_close_1700_PT,2025-03-27 17:00:00-07:00,2025-03-27 14:00:34.294486+00:00,0.11,2025-03-27 07:00:34.294486-07:00
KXSB-26-SEA,2025-03-28 00:00:00+00:00,2025_03_27_close_1700_PT,2025-03-27 17:00:00-07:00,2025-03-24 09:54:03.481477+00:00,0.02,2025-03-24 02:54:03.481477-07:00
KXTHEOPEN-25-RM,2025-03-28 00:00:00+00:00,2025_03_27_close_1700_PT,2025-03-27 17:00:00-07:00,2025-03-21 13:21:30.460808+00:00,0.13,2025-03-21 06:21:30.460808-07:00
KXTHEOPEN-25-SS,2025-03-28 00:00:00+00:00,2025_03_27_close_1700_PT,2025-03-27 17:00:00-07:00,2025-03-21 11:30:31.056877+00:00,0.2,2025-03-21 04:30:31.056877-07:00
KXTOPARTIST-25-BB,2025-03-28 00:00:00+00:00,2025_03_27_close_1700_PT,2025-03-27 17:00:00-07:00,2025-03-24 06:11:07.794534+00:00,0.51,2025-03-23 23:11:07.794534-07:00
KXTOPARTIST-25-TS,2025-03-28 00:00:00+00:00,2025_03_27_close_1700_PT,2025-03-27 17:00:00-07:00,2025-03-27 16:29:16.640004+00:00,0.45,2025-03-27 09:29:16.640004-07:00
KXUEFACL-25-IM,2025-03-28 00:00:00+00:00,2025_03_27_close_1700_PT,2025-03-27 17:00:00-07:00,2025-03-27 21:12:11.627223+00:00,0.07,2025-03-27 14:12:11.627223-07:00
KXUEFACL-25-PSG,2025-03-28 00:00:00+00:00,2025_03_27_close_1700_PT,2025-03-27 17:00:00-07:00,2025-03-27 22:01:10.762874+00:00,0.21,2025-03-27 15:01:10.762874-07:00
KXUSOMENSINGLES-25-CA,2025-03-28 00:00:00+00:00,2025_03_27_close_1700_PT,2025-03-27 17:00:00-07:00,2025-03-17 18:29:54.515804+00:00,0.25,2025-03-17 11:29:54.515804-07:00
KXUSOMENSINGLES-25-JS,2025-03-28 00:00:00+00:00,2025_03_27_close_1700_PT,2025-03-27 17:00:00-07:00,2025-03-23 08:36:42.643007+00:00,0.37,2025-03-23 01:36:42.643007-07:00
KXUSOMENSINGLES-25-ND,2025-03-28 00:00:00+00:00,2025_03_27_close_1700_PT,2025-03-27 17:00:00-07:00,2025-03-19 07:01:50.304458+00:00,0.13,2025-03-19 00:01:50.304458-07:00
KXUSOPEN-25-BD,2025-03-28 00:00:00+00:00,2025_03_27_close_1700_PT,2025-03-27 17:00:00-07:00,2025-03-20 19:46:26.235332+00:00,0.07,2025-03-20 12:46:26.235332-07:00
KXUSOPEN-25-BK,2025-03-28 00:00:00+00:00,2025_03_27_close_1700_PT,2025-03-27 17:00:00-07:00,2025-03-20 08:18:27.580179+00:00,0.05,2025-03-20 01:18:27.580179-07:00
KXUSOPEN-25-RM,2025-03-28 00:00:00+00:00,2025_03_27_close_1700_PT,2025-03-27 17:00:00-07:00,2025-03-26 16:01:30.877103+00:00,0.11,2025-03-26 09:01:30.877103-07:00
KXUSOPEN-25-RMAC,2025-03-28 00:00:00+00:00,2025_03_27_close_1700_PT,2025-03-27 17:00:00-07:00,2025-02-13 20:06:17.379384+00:00,0.03,2025-02-13 12:06:17.379384-08:00
KXUSOPEN-25-SS,2025-03-28 00:00:00+00:00,2025_03_27_close_1700_PT,2025-03-27 17:00:00-07:00,2025-03-27 16:01:47.143701+00:00,0.14,2025-03-27 09:01:47.143701-07:00
KXUSOPEN-25-VH,2025-03-28 00:00:00+00:00,2025_03_27_close_1700_PT,2025-03-27 17:00:00-07:00,2025-03-19 14:34:48.583482+00:00,0.05,2025-03-19 07:34:48.583482-07:00
KXWMENSINGLES-25-CA,2025-03-28 00:00:00+00:00,2025_03_27_close_1700_PT,2025-03-27 17:00:00-07:00,2025-03-19 12:14:06.749595+00:00,0.37,2025-03-19 05:14:06.749595-07:00
KXWMENSINGLES-25-JS,2025-03-28 00:00:00+00:00,2025_03_27_close_1700_PT,2025-03-27 17:00:00-07:00,2025-03-17 16:56:46.527365+00:00,0.29,2025-03-17 09:56:46.527365-07:00
KXWMENSINGLES-25-ND,2025-03-28 00:00:00+00:00,2025_03_27_close_1700_PT,2025-03-27 17:00:00-07:00,2025-03-25 08:20:43.511654+00:00,0.14,2025-03-25 01:20:43.511654-07:00
KXWMENSINGLES-25-TF,2025-03-28 00:00:00+00:00,2025_03_27_close_1700_PT,2025-03-27 17:00:00-07:00,,,
LEAVEPOWELL-25-DEC31,2025-03-28 00:00:00+00:00,2025_03_27_close_1700_PT,2025-03-27 17:00:00-07:00,2025-03-27 05:04:57.472199+00:00,0.15,2025-03-26 22:04:57.472199-07:00
RECSSNBER-25,2025-03-28 00:00:00+00:00,2025_03_27_close_1700_PT,2025-03-27 17:00:00-07:00,2025-03-27 21:36:59.234627+00:00,0.4,2025-03-27 14:36:59.234627-07:00
FED-25MAY-T4.00,2025-03-28 12:00:00+00:00,2025_03_28_open_0500_PT,2025-03-28 05:00:00-07:00,2025-03-28 11:56:39.752569+00:00,0.96,2025-03-28 04:56:39.752569-07:00
FED-25MAY-T4.25,2025-03-28 12:00:00+00:00,2025_03_28_open_0500_PT,2025-03-28 05:00:00-07:00,2025-03-28 11:58:40.295831+00:00,0.81,2025-03-28 04:58:40.295831-07:00
GOVPARTYNJ-25-D,2025-03-28 12:00:00+00:00,2025_03_28_open_0500_PT,2025-03-28 05:00:00-07:00,2025-03-27 15:40:20.826579+00:00,0.73,2025-03-27 08:40:20.826579-07:00
GOVPARTYNJ-25-R,2025-03-28 12:00:00+00:00,2025_03_28_open_0500_PT,2025-03-28 05:00:00-07:00,2025-03-26 23:36:00.129458+00:00,0.27,2025-03-26 16:36:00.129458-07:00
GOVPARTYVA-25-R,2025-03-28 12:00:00+00:00,2025_03_28_open_0500_PT,2025-03-28 05:00:00-07:00,2025-03-28 06:16:46.755705+00:00,0.14,2025-03-27 23:16:46.755705-07:00
KXBTCMAX150-25-DEC31-149999.99,2025-03-28 12:00:00+00:00,2025_03_28_open_0500_PT,2025-03-28 05:00:00-07:00,2025-03-28 10:19:24.768481+00:00,0.28,2025-03-28 03:19:24.768481-07:00
KXBTCMAXY-25-DEC31-124999.99,2025-03-28 12:00:00+00:00,2025_03_28_open_0500_PT,2025-03-28 05:00:00-07:00,2025-03-28 10:25:17.347047+00:00,0.38,2025-03-28 03:25:17.347047-07:00
KXBTCMAXY-25-DEC31-149999.99,2025-03-28 12:00:00+00:00,2025_03_28_open_0500_PT,2025-03-28 05:00:00-07:00,2025-03-28 08:11:08.798968+00:00,0.24,2025-03-28 01:11:08.798968-07:00
KXBTCRESERVE-26-JAN01,2025-03-28 12:00:00+00:00,2025_03_28_open_0500_PT,2025-03-28 05:00:00-07:00,2025-03-28 11:48:53.826630+00:00,0.52,2025-03-28 04:48:53.826630-07:00
KXCANADAPM-45-C,2025-03-28 12:00:00+00:00,2025_03_28_open_0500_PT,2025-03-28 05:00:00-07:00,2025-03-28 11:33:51.689786+00:00,0.35,2025-03-28 04:33:51.689786-07:00
KXCANADAPM-45-L,2025-03-28 12:00:00+00:00,2025_03_28_open_0500_PT,2025-03-28 05:00:00-07:00,2025-03-28 11:58:44.071956+00:00,0.66,2025-03-28 04:58:44.071956-07:00
KXCPIYOY-25APR-T2.4,2025-03-28 12:00:00+00:00,2025_03_28_open_0500_PT,2025-03-28 05:00:00-07:00,2025-03-27 05:37:39.430729+00:00,0.6,2025-03-26 22:37:39.430729-07:00
KXCPIYOY-25APR-T2.5,2025-03-28 12:00:00+00:00,2025_03_28_open_0500_PT,2025-03-28 05:00:00-07:00,2025-03-28 11:55:51.504269+00:00,0.43,2025-03-28 04:55:51.504269-07:00
KXDOED-26-JAN01,2025-03-28 12:00:00+00:00,2025_03_28_open_0500_PT,2025-03-28 05:00:00-07:00,2025-03-28 11:51:26.310318+00:00,0.15,2025-03-28 04:51:26.310318-07:00
KXEPSTEIN-25,2025-03-28 12:00:00+00:00,2025_03_28_open_0500_PT,2025-03-28 05:00:00-07:00,2025-03-28 11:58:53.320709+00:00,0.39,2025-03-28 04:58:53.320709-07:00
KXETHMAXY-25DEC31-4999.99,2025-03-28 12:00:00+00:00,2025_03_28_open_0500_PT,2025-03-28 05:00:00-07:00,2025-03-27 18:37:15.245646+00:00,0.2,2025-03-27 11:37:15.245646-07:00
KXFEDDECISION-25MAY-C25,2025-03-28 12:00:00+00:00,2025_03_28_open_0500_PT,2025-03-28 05:00:00-07:00,2025-03-28 11:59:28.957162+00:00,0.18,2025-03-28 04:59:28.957162-07:00
KXFEDDECISION-25MAY-C26,2025-03-28 12:00:00+00:00,2025_03_28_open_0500_PT,2025-03-28 05:00:00-07:00,2025-03-28 10:21:48.219383+00:00,0.02,2025-03-28 03:21:48.219383-07:00
KXFEDDECISION-25MAY-H0,2025-03-28 12:00:00+00:00,2025_03_28_open_0500_PT,2025-03-28 05:00:00-07:00,2025-03-28 11:55:26.783695+00:00,0.82,2025-03-28 04:55:26.783695-07:00
KXFOMENSINGLES-25-CA,2025-03-28 12:00:00+00:00,2025_03_28_open_0500_PT,2025-03-28 05:00:00-07:00,2025-03-25 09:36:33.041300+00:00,0.41,2025-03-25 02:36:33.041300-07:00
KXFOMENSINGLES-25-JS,2025-03-28 12:00:00+00:00,2025_03_28_open_0500_PT,2025-03-28 05:00:00-07:00,2025-03-24 10:59:37.791628+00:00,0.26,2025-03-24 03:59:37.791628-07:00
KXFOMENSINGLES-25-ND,2025-03-28 12:00:00+00:00,2025_03_28_open_0500_PT,2025-03-28 05:00:00-07:00,2025-03-08 17:49:54.374770+00:00,0.12,2025-03-08 09:49:54.374770-08:00
KXFOWOMENSINGLES-25-AS,2025-03-28 12:00:00+00:00,2025_03_28_open_0500_PT,2025-03-28 05:00:00-07:00,2025-03-27 19:00:48.790250+00:00,0.17,2025-03-27 12:00:48.790250-07:00
KXFOWOMENSINGLES-25-CG,2025-03-28 12:00:00+00:00,2025_03_28_open_0500_PT,2025-03-28 05:00:00-07:00,2025-02-10 18:42:35.041176+00:00,0.08,2025-02-10 10:42:35.041176-08:00
KXLEAGUEWORLDS-25-T1,2025-03-28 12:00:00+00:00,2025_03_28_open_0500_PT,2025-03-28 05:00:00-07:00,2025-03-25 10:28:29.073183+00:00,0.21,2025-03-25 03:28:29.073183-07:00
KXLLM1-25DEC31-XAI,2025-03-28 12:00:00+00:00,2025_03_28_open_0500_PT,2025-03-28 05:00:00-07:00,2025-03-25 19:53:47.982268+00:00,0.25,2025-03-25 12:53:47.982268-07:00
KXMARMAD-25-AU,2025-03-28 12:00:00+00:00,2025_03_28_open_0500_PT,2025-03-28 05:00:00-07:00,2025-03-28 11:54:44.146506+00:00,0.13,2025-03-28 04:54:44.146506-07:00
KXMARMAD-25-DU,2025-03-28 12:00:00+00:00,2025_03_28_open_0500_PT,2025-03-28 05:00:00-07:00,2025-03-28 11:58:58.318550+00:00,0.35,2025-03-28 04:58:58.318550-07:00
KXMARMAD-25-FL,2025-03-28 12:00:00+00:00,2025_03_28_open_0500_PT,2025-03-28 05:00:00-07:00,2025-03-28 11:57:41.453371+00:00,0.25,2025-03-28 04:57:41.453371-07:00
KXMARMAD-25-HOU,2025-03-28 12:00:00+00:00,2025_03_28_open_0500_PT,2025-03-28 05:00:00-07:00,2025-03-28 11:57:02.641852+00:00,0.15,2025-03-28 04:57:02.641852-07:00
KXMASTERS-25-BD,2025-03-28 12:00:00+00:00,2025_03_28_open_0500_PT,2025-03-28 05:00:00-07:00,2025-03-27 22:14:24.163745+00:00,0.05,2025-03-27 15:14:24.163745-07:00
KXMASTERS-25-CM,2025-03-28 12:00:00+00:00,2025_03_28_open_0500_PT,2025-03-28 05:00:00-07:00,2025-03-28 08:47:27.456654+00:00,0.06,2025-03-28 01:47:27.456654-07:00
KXMASTERS-25-LA,2025-03-28 12:00:00+00:00,2025_03_28_open_0500_PT,2025-03-28 05:00:00-07:00,2025-03-28 08:46:53.968189+00:00,0.06,2025-03-28 01:46:53.968189-07:00
KXMASTERS-25-RM,2025-03-28 12:00:00+00:00,2025_03_28_open_0500_PT,2025-03-28 05:00:00-07:00,2025-03-28 09:39:16.221187+00:00,0.13,2025-03-28 02:39:16.221187-07:00
KXMASTERS-25-SS,2025-03-28 12:00:00+00:00,2025_03_28_open_0500_PT,2025-03-28 05:00:00-07:00,2025-03-28 08:43:48.453454+00:00,0.17,2025-03-28 01:43:48.453454-07:00
KXMAYORNYCNOMD-25-AC,2025-03-28 12:00:00+00:00,2025_03_28_open_0500_PT,2025-03-28 05:00:00-07:00,2025-03-28 11:52:22.566646+00:00,0.82,2025-03-28 04:52:22.566646-07:00
KXMAYORNYCNOMD-25-ZM,2025-03-28 12:00:00+00:00,2025_03_28_open_0500_PT,2025-03-28 05:00:00-07:00,2025-03-28 11:23:49.122130+00:00,0.11,2025-03-28 04:23:49.122130-07:00
KXMAYORNYCPARTY-25-D,2025-03-28 12:00:00+00:00,2025_03_28_open_0500_PT,2025-03-28 05:00:00-07:00,2025-03-28 10:59:44.447961+00:00,0.9,2025-03-28 03:59:44.447961-07:00
KXMAYORNYCPARTY-25-R,2025-03-28 12:00:00+00:00,2025_03_28_open_0500_PT,2025-03-28 05:00:00-07:00,2025-03-28 11:00:10.152637+00:00,0.09,2025-03-28 04:00:10.152637-07:00
KXMLB-25-LAD,2025-03-28 12:00:00+00:00,2025_03_28_open_0500_PT,2025-03-28 05:00:00-07:00,2025-03-28 09:06:19.608088+00:00,0.26,2025-03-28 02:06:19.608088-07:00
KXMLB-25-MIL,2025-03-28 12:00:00+00:00,2025_03_28_open_0500_PT,2025-03-28 05:00:00-07:00,2025-03-27 08:24:49.402455+00:00,0.02,2025-03-27 01:24:49.402455-07:00
KXMLB-25-PHI,2025-03-28 12:00:00+00:00,2025_03_28_open_0500_PT,2025-03-28 05:00:00-07:00,2025-03-27 19:23:05.343282+00:00,0.07,2025-03-27 12:23:05.343282-07:00
KXMLB-25-SEA,2025-03-28 12:00:00+00:00,2025_03_28_open_0500_PT,2025-03-28 05:00:00-07:00,2025-03-27 06:39:49.046889+00:00,0.03,2025-03-26 23:39:49.046889-07:00
KXMLB-25-TOR,2025-03-28 12:00:00+00:00,2025_03_28_open_0500_PT,2025-03-28 05:00:00-07:00,2025-03-28 05:02:06.306404+00:00,0.01,2025-03-27 22:02:06.306404-07:00
KXMLBAL-25-SEA,2025-03-28 12:00:00+00:00,2025_03_28_open_0500_PT,2025-03-28 05:00:00-07:00,2025-03-24 19:54:22.810129+00:00,0.1,2025-03-24 12:54:22.810129-07:00
KXMLBAL-25-TOR,2025-03-28 12:00:00+00:00,2025_03_28_open_0500_PT,2025-03-28 05:00:00-07:00,2025-03-27 23:10:01.004366+00:00,0.03,2025-03-27 16:10:01.004366-07:00
KXMLBNL-25-LAD,2025-03-28 12:00:00+00:00,2025_03_28_open_0500_PT,2025-03-28 05:00:00-07:00,2025-03-27 15:31:59.224419+00:00,0.37,2025-03-27 08:31:59.224419-07:00
KXNBA-25-BOS,2025-03-28 12:00:00+00:00,2025_03_28_open_0500_PT,2025-03-28 05:00:00-07:00,2025-03-28 11:02:59.108300+00:00,0.29,2025-03-28 04:02:59.108300-07:00
KXNBA-25-CLE,2025-03-28 12:00:00+00:00,2025_03_28_open_0500_PT,2025-03-28 05:00:00-07:00,2025-03-28 07:43:33.008962+00:00,0.13,2025-03-28 00:43:33.008962-07:00
KXNBA-25-DEN,2025-03-28 12:00:00+00:00,2025_03_28_open_0500_PT,2025-03-28 05:00:00-07:00,2025-03-27 14:17:13.499544+00:00,0.07,2025-03-27 07:17:13.499544-07:00
KXNBA-25-GSW,2025-03-28 12:00:00+00:00,2025_03_28_open_0500_PT,2025-03-28 05:00:00-07:00,2025-03-27 23:15:05.264702+00:00,0.06,2025-03-27 16:15:05.264702-07:00
KXNBA-25-IND,2025-03-28 12:00:00+00:00,2025_03_28_open_0500_PT,2025-03-28 05:00:00-07:00,2025-03-24 13:22:15.203154+00:00,0.01,2025-03-24 06:22:15.203154-07:00
KXNBA-25-LAL,2025-03-28 12:00:00+00:00,2025_03_28_open_0500_PT,2025-03-28 05:00:00-07:00,2025-03-27 20:53:20.501942+00:00,0.08,2025-03-27 13:53:20.501942-07:00
KXNBA-25-MIN,2025-03-28 12:00:00+00:00,2025_03_28_open_0500_PT,2025-03-28 05:00:00-07:00,2025-03-20 09:21:29.946374+00:00,0.02,2025-03-20 02:21:29.946374-07:00
KXNBA-25-NYK,2025-03-28 12:00:00+00:00,2025_03_28_open_0500_PT,2025-03-28 05:00:00-07:00,2025-03-28 07:34:01.485116+00:00,0.03,2025-03-28 00:34:01.485116-07:00
KXNBA-25-OKC,2025-03-28 12:00:00+00:00,2025_03_28_open_0500_PT,2025-03-28 05:00:00-07:00,2025-03-28 07:43:08.486345+00:00,0.32,2025-03-28 00:43:08.486345-07:00
KXNBAEAST-25-BOS,2025-03-28 12:00:00+00:00,2025_03_28_open_0500_PT,2025-03-28 05:00:00-07:00,2025-03-27 10:06:10.778929+00:00,0.54,2025-03-27 03:06:10.778929-07:00
KXNBAEAST-25-IND,2025-03-28 12:00:00+00:00,2025_03_28_open_0500_PT,2025-03-28 05:00:00-07:00,2025-03-25 18:20:15.333092+00:00,0.02,2025-03-25 11:20:15.333092-07:00
KXNBAEAST-25-NYK,2025-03-28 12:00:00+00:00,2025_03_28_open_0500_PT,2025-03-28 05:00:00-07:00,2025-03-26 19:02:29.061020+00:00,0.07,2025-03-26 12:02:29.061020-07:00
KXNBAWEST-25-DEN,2025-03-28 12:00:00+00:00,2025_03_28_open_0500_PT,2025-03-28 05:00:00-07:00,2025-03-27 23:55:15.201234+00:00,0.12,2025-03-27 16:55:15.201234-07:00
KXNBAWEST-25-MIN,2025-03-28 12:00:00+00:00,2025_03_28_open_0500_PT,2025-03-28 05:00:00-07:00,2025-03-27 22:13:44.304629+00:00,0.04,2025-03-27 15:13:44.304629-07:00
KXNBAWEST-25-OKC,2025-03-28 12:00:00+00:00,2025_03_28_open_0500_PT,2025-03-28 05:00:00-07:00,2025-03-28 11:57:32.779585+00:00,0.54,2025-03-28 04:57:32.779585-07:00
KXNCAAF-26-OSU,2025-03-28 12:00:00+00:00,2025_03_28_open_0500_PT,2025-03-28 05:00:00-07:00,2025-03-26 10:21:47.195660+00:00,0.15,2025-03-26 03:21:47.195660-07:00
KXNHL-25-EDM,2025-03-28 12:00:00+00:00,2025_03_28_open_0500_PT,2025-03-28 05:00:00-07:00,2025-03-26 14:41:00.900217+00:00,0.1,2025-03-26 07:41:00.900217-07:00
KXNHL-25-FLA,2025-03-28 12:00:00+00:00,2025_03_28_open_0500_PT,2025-03-28 05:00:00-07:00,2025-03-27 09:03:37.628716+00:00,0.12,2025-03-27 02:03:37.628716-07:00
KXNOBELPEACE-25-DJT,2025-03-28 12:00:00+00:00,2025_03_28_open_0500_PT,2025-03-28 05:00:00-07:00,2025-03-27 23:26:41.464606+00:00,0.08,2025-03-27 16:26:41.464606-07:00
KXPGA-25-BD,2025-03-28 12:00:00+00:00,2025_03_28_open_0500_PT,2025-03-28 05:00:00-07:00,2025-03-20 12:28:07.193994+00:00,0.06,2025-03-20 05:28:07.193994-07:00
KXPGA-25-RM,2025-03-28 12:00:00+00:00,2025_03_28_open_0500_PT,2025-03-28 05:00:00-07:00,2025-03-21 11:31:09.126921+00:00,0.13,2025-03-21 04:31:09.126921-07:00
KXPGA-25-SS,2025-03-28 12:00:00+00:00,2025_03_28_open_0500_PT,2025-03-28 05:00:00-07:00,2025-03-25 11:55:08.280437+00:00,0.11,2025-03-25 04:55:08.280437-07:00
KXRATECUTCOUNT-25DEC31-T0,2025-03-28 12:00:00+00:00,2025_03_28_open_0500_PT,2025-03-28 05:00:00-07:00,2025-03-28 11:12:39.339793+00:00,0.12,2025-03-28 04:12:39.339793-07:00
KXRATECUTCOUNT-25DEC31-T1,2025-03-28 12:00:00+00:00,2025_03_28_open_0500_PT,2025-03-28 05:00:00-07:00,2025-03-28 09:44:05.296797+00:00,0.16,2025-03-28 02:44:05.296797-07:00
KXRATECUTCOUNT-25DEC31-T2,2025-03-28 12:00:00+00:00,2025_03_28_open_0500_PT,2025-03-28 05:00:00-07:00,2025-03-28 11:54:56.589266+00:00,0.24,2025-03-28 04:54:56.589266-07:00
KXRATECUTCOUNT-25DEC31-T3,2025-03-28 12:00:00+00:00,2025_03_28_open_0500_PT,2025-03-28 05:00:00-07:00,2025-03-27 19:43:20.113498+00:00,0.17,2025-03-27 12:43:20.113498-07:00
KXSB-26-BAL,2025-03-28 12:00:00+00:00,2025_03_28_open_0500_PT,2025-03-28 05:00:00-07:00,2025-03-23 11:33:25.360286+00:00,0.1,2025-03-23 04:33:25.360286-07:00
KXSB-26-BUF,2025-03-28 12:00:00+00:00,2025_03_28_open_0500_PT,2025-03-28 05:00:00-07:00,2025-03-27 13:43:49.034191+00:00,0.12,2025-03-27 06:43:49.034191-07:00
KXSB-26-GB,2025-03-28 12:00:00+00:00,2025_03_28_open_0500_PT,2025-03-28 05:00:00-07:00,2025-03-26 19:11:42.430633+00:00,0.04,2025-03-26 12:11:42.430633-07:00
KXSB-26-KC,2025-03-28 12:00:00+00:00,2025_03_28_open_0500_PT,2025-03-28 05:00:00-07:00,2025-03-22 21:25:16.598872+00:00,0.11,2025-03-22 14:25:16.598872-07:00
KXSB-26-PHI,2025-03-28 12:00:00+00:00,2025_03_28_open_0500_PT,2025-03-28 05:00:00-07:00,2025-03-27 14:00:34.294486+00:00,0.11,2025-03-27 07:00:34.294486-07:00
KXSB-26-SEA,2025-03-28 12:00:00+00:00,2025_03_28_open_0500_PT,2025-03-28 05:00:00-07:00,2025-03-24 09:54:03.481477+00:00,0.02,2025-03-24 02:54:03.481477-07:00
KXTHEOPEN-25-RM,2025-03-28 12:00:00+00:00,2025_03_28_open_0500_PT,2025-03-28 05:00:00-07:00,2025-03-21 13:21:30.460808+00:00,0.13,2025-03-21 06:21:30.460808-07:00
KXTHEOPEN-25-SS,2025-03-28 12:00:00+00:00,2025_03_28_open_0500_PT,2025-03-28 05:00:00-07:00,2025-03-21 11:30:31.056877+00:00,0.2,2025-03-21 04:30:31.056877-07:00
KXTOPARTIST-25-BB,2025-03-28 12:00:00+00:00,2025_03_28_open_0500_PT,2025-03-28 05:00:00-07:00,2025-03-24 06:11:07.794534+00:00,0.51,2025-03-23 23:11:07.794534-07:00
KXTOPARTIST-25-TS,2025-03-28 12:00:00+00:00,2025_03_28_open_0500_PT,2025-03-28 05:00:00-07:00,2025-03-27 16:29:16.640004+00:00,0.45,2025-03-27 09:29:16.640004-07:00
KXUEFACL-25-IM,2025-03-28 12:00:00+00:00,2025_03_28_open_0500_PT,2025-03-28 05:00:00-07:00,2025-03-27 21:12:11.627223+00:00,0.07,2025-03-27 14:12:11.627223-07:00
KXUEFACL-25-PSG,2025-03-28 12:00:00+00:00,2025_03_28_open_0500_PT,2025-03-28 05:00:00-07:00,2025-03-27 22:01:10.762874+00:00,0.21,2025-03-27 15:01:10.762874-07:00
KXUSOMENSINGLES-25-CA,2025-03-28 12:00:00+00:00,2025_03_28_open_0500_PT,2025-03-28 05:00:00-07:00,2025-03-17 18:29:54.515804+00:00,0.25,2025-03-17 11:29:54.515804-07:00
KXUSOMENSINGLES-25-JS,2025-03-28 12:00:00+00:00,2025_03_28_open_0500_PT,2025-03-28 05:00:00-07:00,2025-03-23 08:36:42.643007+00:00,0.37,2025-03-23 01:36:42.643007-07:00
KXUSOMENSINGLES-25-ND,2025-03-28 12:00:00+00:00,2025_03_28_open_0500_PT,2025-03-28 05:00:00-07:00,2025-03-19 07:01:50.304458+00:00,0.13,2025-03-19 00:01:50.304458-07:00
KXUSOPEN-25-BD,2025-03-28 12:00:00+00:00,2025_03_28_open_0500_PT,2025-03-28 05:00:00-07:00,2025-03-20 19:46:26.235332+00:00,0.07,2025-03-20 12:46:26.235332-07:00
KXUSOPEN-25-BK,2025-03-28 12:00:00+00:00,2025_03_28_open_0500_PT,2025-03-28 05:00:00-07:00,2025-03-20 08:18:27.580179+00:00,0.05,2025-03-20 01:18:27.580179-07:00
KXUSOPEN-25-RM,2025-03-28 12:00:00+00:00,2025_03_28_open_0500_PT,2025-03-28 05:00:00-07:00,2025-03-26 16:01:30.877103+00:00,0.11,2025-03-26 09:01:30.877103-07:00
KXUSOPEN-25-RMAC,2025-03-28 12:00:00+00:00,2025_03_28_open_0500_PT,2025-03-28 05:00:00-07:00,2025-02-13 20:06:17.379384+00:00,0.03,2025-02-13 12:06:17.379384-08:00
KXUSOPEN-25-SS,2025-03-28 12:00:00+00:00,2025_03_28_open_0500_PT,2025-03-28 05:00:00-07:00,2025-03-27 16:01:47.143701+00:00,0.14,2025-03-27 09:01:47.143701-07:00
KXUSOPEN-25-VH,2025-03-28 12:00:00+00:00,2025_03_28_open_0500_PT,2025-03-28 05:00:00-07:00,2025-03-19 14:34:48.583482+00:00,0.05,2025-03-19 07:34:48.583482-07:00
KXWMENSINGLES-25-CA,2025-03-28 12:00:00+00:00,2025_03_28_open_0500_PT,2025-03-28 05:00:00-07:00,2025-03-19 12:14:06.749595+00:00,0.37,2025-03-19 05:14:06.749595-07:00
KXWMENSINGLES-25-JS,2025-03-28 12:00:00+00:00,2025_03_28_open_0500_PT,2025-03-28 05:00:00-07:00,2025-03-17 16:56:46.527365+00:00,0.29,2025-03-17 09:56:46.527365-07:00
KXWMENSINGLES-25-ND,2025-03-28 12:00:00+00:00,2025_03_28_open_0500_PT,2025-03-28 05:00:00-07:00,2025-03-25 08:20:43.511654+00:00,0.14,2025-03-25 01:20:43.511654-07:00
KXWMENSINGLES-25-TF,2025-03-28 12:00:00+00:00,2025_03_28_open_0500_PT,2025-03-28 05:00:00-07:00,,,
LEAVEPOWELL-25-DEC31,2025-03-28 12:00:00+00:00,2025_03_28_open_0500_PT,2025-03-28 05:00:00-07:00,2025-03-27 05:04:57.472199+00:00,0.15,2025-03-26 22:04:57.472199-07:00
RECSSNBER-25,2025-03-28 12:00:00+00:00,2025_03_28_open_0500_PT,2025-03-28 05:00:00-07:00,2025-03-28 11:44:36.052803+00:00,0.41,2025-03-28 04:44:36.052803-07:00
FED-25MAY-T4.00,2025-03-29 00:00:00+00:00,2025_03_28_close_1700_PT,2025-03-28 17:00:00-07:00,2025-03-28 23:44:31.118712+00:00,0.95,2025-03-28 16:44:31.118712-07:00
FED-25MAY-T4.25,2025-03-29 00:00:00+00:00,2025_03_28_close_1700_PT,2025-03-28 17:00:00-07:00,2025-03-28 23:34:59.500034+00:00,0.84,2025-03-28 16:34:59.500034-07:00
GOVPARTYNJ-25-D,2025-03-29 00:00:00+00:00,2025_03_28_close_1700_PT,2025-03-28 17:00:00-07:00,2025-03-28 14:13:22.829264+00:00,0.74,2025-03-28 07:13:22.829264-07:00
GOVPARTYNJ-25-R,2025-03-29 00:00:00+00:00,2025_03_28_close_1700_PT,2025-03-28 17:00:00-07:00,2025-03-28 12:41:51.127324+00:00,0.27,2025-03-28 05:41:51.127324-07:00
GOVPARTYVA-25-R,2025-03-29 00:00:00+00:00,2025_03_28_close_1700_PT,2025-03-28 17:00:00-07:00,2025-03-28 20:29:53.517861+00:00,0.14,2025-03-28 13:29:53.517861-07:00
KXBTCMAX150-25-DEC31-149999.99,2025-03-29 00:00:00+00:00,2025_03_28_close_1700_PT,2025-03-28 17:00:00-07:00,2025-03-28 21:38:50.436779+00:00,0.26,2025-03-28 14:38:50.436779-07:00
KXBTCMAXY-25-DEC31-124999.99,2025-03-29 00:00:00+00:00,2025_03_28_close_1700_PT,2025-03-28 17:00:00-07:00,2025-03-28 22:30:33.309775+00:00,0.45,2025-03-28 15:30:33.309775-07:00
KXBTCMAXY-25-DEC31-149999.99,2025-03-29 00:00:00+00:00,2025_03_28_close_1700_PT,2025-03-28 17:00:00-07:00,2025-03-28 22:30:57.043866+00:00,0.25,2025-03-28 15:30:57.043866-07:00
KXBTCRESERVE-26-JAN01,2025-03-29 00:00:00+00:00,2025_03_28_close_1700_PT,2025-03-28 17:00:00-07:00,2025-03-28 22:14:38.772789+00:00,0.51,2025-03-28 15:14:38.772789-07:00
KXCANADAPM-45-C,2025-03-29 00:00:00+00:00,2025_03_28_close_1700_PT,2025-03-28 17:00:00-07:00,2025-03-28 23:29:07.511818+00:00,0.35,2025-03-28 16:29:07.511818-07:00
KXCANADAPM-45-L,2025-03-29 00:00:00+00:00,2025_03_28_close_1700_PT,2025-03-28 17:00:00-07:00,2025-03-28 22:47:41.082489+00:00,0.65,2025-03-28 15:47:41.082489-07:00
KXCPIYOY-25APR-T2.4,2025-03-29 00:00:00+00:00,2025_03_28_close_1700_PT,2025-03-28 17:00:00-07:00,2025-03-27 05:37:39.430729+00:00,0.6,2025-03-26 22:37:39.430729-07:00
KXCPIYOY-25APR-T2.5,2025-03-29 00:00:00+00:00,2025_03_28_close_1700_PT,2025-03-28 17:00:00-07:00,2025-03-28 11:55:51.504269+00:00,0.43,2025-03-28 04:55:51.504269-07:00
KXDOED-26-JAN01,2025-03-29 00:00:00+00:00,2025_03_28_close_1700_PT,2025-03-28 17:00:00-07:00,2025-03-28 20:45:24.227235+00:00,0.15,2025-03-28 13:45:24.227235-07:00
KXEPSTEIN-25,2025-03-29 00:00:00+00:00,2025_03_28_close_1700_PT,2025-03-28 17:00:00-07:00,2025-03-28 23:07:39.608081+00:00,0.39,2025-03-28 16:07:39.608081-07:00
KXETHMAXY-25DEC31-4999.99,2025-03-29 00:00:00+00:00,2025_03_28_close_1700_PT,2025-03-28 17:00:00-07:00,2025-03-27 18:37:15.245646+00:00,0.2,2025-03-27 11:37:15.245646-07:00
KXFEDDECISION-25MAY-C25,2025-03-29 00:00:00+00:00,2025_03_28_close_1700_PT,2025-03-28 17:00:00-07:00,2025-03-28 22:48:32.664831+00:00,0.17,2025-03-28 15:48:32.664831-07:00
KXFEDDECISION-25MAY-C26,2025-03-29 00:00:00+00:00,2025_03_28_close_1700_PT,2025-03-28 17:00:00-07:00,2025-03-28 12:29:39.421271+00:00,0.02,2025-03-28 05:29:39.421271-07:00
KXFEDDECISION-25MAY-H0,2025-03-29 00:00:00+00:00,2025_03_28_close_1700_PT,2025-03-28 17:00:00-07:00,2025-03-28 21:34:28.834308+00:00,0.82,2025-03-28 14:34:28.834308-07:00
KXFOMENSINGLES-25-CA,2025-03-29 00:00:00+00:00,2025_03_28_close_1700_PT,2025-03-28 17:00:00-07:00,2025-03-25 09:36:33.041300+00:00,0.41,2025-03-25 02:36:33.041300-07:00
KXFOMENSINGLES-25-JS,2025-03-29 00:00:00+00:00,2025_03_28_close_1700_PT,2025-03-28 17:00:00-07:00,2025-03-24 10:59:37.791628+00:00,0.26,2025-03-24 03:59:37.791628-07:00
KXFOMENSINGLES-25-ND,2025-03-29 00:00:00+00:00,2025_03_28_close_1700_PT,2025-03-28 17:00:00-07:00,2025-03-28 23:04:12.561121+00:00,0.11,2025-03-28 16:04:12.561121-07:00
KXFOWOMENSINGLES-25-AS,2025-03-29 00:00:00+00:00,2025_03_28_close_1700_PT,2025-03-28 17:00:00-07:00,2025-03-27 19:00:48.790250+00:00,0.17,2025-03-27 12:00:48.790250-07:00
KXFOWOMENSINGLES-25-CG,2025-03-29 00:00:00+00:00,2025_03_28_close_1700_PT,2025-03-28 17:00:00-07:00,2025-02-10 18:42:35.041176+00:00,0.08,2025-02-10 10:42:35.041176-08:00
KXLEAGUEWORLDS-25-T1,2025-03-29 00:00:00+00:00,2025_03_28_close_1700_PT,2025-03-28 17:00:00-07:00,2025-03-28 20:45:12.877604+00:00,0.27,2025-03-28 13:45:12.877604-07:00
KXLLM1-25DEC31-XAI,2025-03-29 00:00:00+00:00,2025_03_28_close_1700_PT,2025-03-28 17:00:00-07:00,2025-03-28 20:23:09.989452+00:00,0.25,2025-03-28 13:23:09.989452-07:00
KXMARMAD-25-AU,2025-03-29 00:00:00+00:00,2025_03_28_close_1700_PT,2025-03-28 17:00:00-07:00,2025-03-28 23:55:07.783892+00:00,0.13,2025-03-28 16:55:07.783892-07:00
KXMARMAD-25-DU,2025-03-29 00:00:00+00:00,2025_03_28_close_1700_PT,2025-03-28 17:00:00-07:00,2025-03-28 23:58:39.588967+00:00,0.35,2025-03-28 16:58:39.588967-07:00
KXMARMAD-25-FL,2025-03-29 00:00:00+00:00,2025_03_28_close_1700_PT,2025-03-28 17:00:00-07:00,2025-03-28 23:59:13.637744+00:00,0.23,2025-03-28 16:59:13.637744-07:00
KXMARMAD-25-HOU,2025-03-29 00:00:00+00:00,2025_03_28_close_1700_PT,2025-03-28 17:00:00-07:00,2025-03-28 23:58:13.982968+00:00,0.14,2025-03-28 16:58:13.982968-07:00
KXMASTERS-25-BD,2025-03-29 00:00:00+00:00,2025_03_28_close_1700_PT,2025-03-28 17:00:00-07:00,2025-03-28 19:48:20.669831+00:00,0.05,2025-03-28 12:48:20.669831-07:00
KXMASTERS-25-CM,2025-03-29 00:00:00+00:00,2025_03_28_close_1700_PT,2025-03-28 17:00:00-07:00,2025-03-28 21:08:52.426413+00:00,0.06,2025-03-28 14:08:52.426413-07:00
KXMASTERS-25-LA,2025-03-29 00:00:00+00:00,2025_03_28_close_1700_PT,2025-03-28 17:00:00-07:00,2025-03-28 20:58:14.787252+00:00,0.06,2025-03-28 13:58:14.787252-07:00
KXMASTERS-25-RM,2025-03-29 00:00:00+00:00,2025_03_28_close_1700_PT,2025-03-28 17:00:00-07:00,2025-03-28 23:03:34.969890+00:00,0.13,2025-03-28 16:03:34.969890-07:00
KXMASTERS-25-SS,2025-03-29 00:00:00+00:00,2025_03_28_close_1700_PT,2025-03-28 17:00:00-07:00,2025-03-28 20:26:39.051491+00:00,0.17,2025-03-28 13:26:39.051491-07:00
KXMAYORNYCNOMD-25-AC,2025-03-29 00:00:00+00:00,2025_03_28_close_1700_PT,2025-03-28 17:00:00-07:00,2025-03-28 21:49:25.181389+00:00,0.81,2025-03-28 14:49:25.181389-07:00
KXMAYORNYCNOMD-25-ZM,2025-03-29 00:00:00+00:00,2025_03_28_close_1700_PT,2025-03-28 17:00:00-07:00,2025-03-28 20:26:18.580467+00:00,0.12,2025-03-28 13:26:18.580467-07:00
KXMAYORNYCPARTY-25-D,2025-03-29 00:00:00+00:00,2025_03_28_close_1700_PT,2025-03-28 17:00:00-07:00,2025-03-28 12:26:58.550696+00:00,0.93,2025-03-28 05:26:58.550696-07:00
KXMAYORNYCPARTY-25-R,2025-03-29 00:00:00+00:00,2025_03_28_close_1700_PT,2025-03-28 17:00:00-07:00,2025-03-28 11:00:10.152637+00:00,0.09,2025-03-28 04:00:10.152637-07:00
KXMLB-25-LAD,2025-03-29 00:00:00+00:00,2025_03_28_close_1700_PT,2025-03-28 17:00:00-07:00,2025-03-28 23:58:33.074099+00:00,0.27,2025-03-28 16:58:33.074099-07:00
KXMLB-25-MIL,2025-03-29 00:00:00+00:00,2025_03_28_close_1700_PT,2025-03-28 17:00:00-07:00,2025-03-27 08:24:49.402455+00:00,0.02,2025-03-27 01:24:49.402455-07:00
KXMLB-25-PHI,2025-03-29 00:00:00+00:00,2025_03_28_close_1700_PT,2025-03-28 17:00:00-07:00,2025-03-28 19:33:41.242742+00:00,0.07,2025-03-28 12:33:41.242742-07:00
KXMLB-25-SEA,2025-03-29 00:00:00+00:00,2025_03_28_close_1700_PT,2025-03-28 17:00:00-07:00,2025-03-28 17:59:41.019718+00:00,0.03,2025-03-28 10:59:41.019718-07:00
KXMLB-25-TOR,2025-03-29 00:00:00+00:00,2025_03_28_close_1700_PT,2025-03-28 17:00:00-07:00,2025-03-28 05:02:06.306404+00:00,0.01,2025-03-27 22:02:06.306404-07:00
KXMLBAL-25-SEA,2025-03-29 00:00:00+00:00,2025_03_28_close_1700_PT,2025-03-28 17:00:00-07:00,2025-03-24 19:54:22.810129+00:00,0.1,2025-03-24 12:54:22.810129-07:00
KXMLBAL-25-TOR,2025-03-29 00:00:00+00:00,2025_03_28_close_1700_PT,2025-03-28 17:00:00-07:00,2025-03-27 23:10:01.004366+00:00,0.03,2025-03-27 16:10:01.004366-07:00
KXMLBNL-25-LAD,2025-03-29 00:00:00+00:00,2025_03_28_close_1700_PT,2025-03-28 17:00:00-07:00,2025-03-28 14:43:06.325354+00:00,0.36,2025-03-28 07:43:06.325354-07:00
KXNBA-25-BOS,2025-03-29 00:00:00+00:00,2025_03_28_close_1700_PT,2025-03-28 17:00:00-07:00,2025-03-28 18:48:13.461689+00:00,0.28,2025-03-28 11:48:13.461689-07:00
KXNBA-25-CLE,2025-03-29 00:00:00+00:00,2025_03_28_close_1700_PT,2025-03-28 17:00:00-07:00,2025-03-28 17:22:55.861806+00:00,0.12,2025-03-28 10:22:55.861806-07:00
KXNBA-25-DEN,2025-03-29 00:00:00+00:00,2025_03_28_close_1700_PT,2025-03-28 17:00:00-07:00,2025-03-28 14:50:18.326598+00:00,0.07,2025-03-28 07:50:18.326598-07:00
KXNBA-25-GSW,2025-03-29 00:00:00+00:00,2025_03_28_close_1700_PT,2025-03-28 17:00:00-07:00,2025-03-28 14:42:48.819410+00:00,0.06,2025-03-28 07:42:48.819410-07:00
KXNBA-25-IND,2025-03-29 00:00:00+00:00,2025_03_28_close_1700_PT,2025-03-28 17:00:00-07:00,2025-03-24 13:22:15.203154+00:00,0.01,2025-03-24 06:22:15.203154-07:00
KXNBA-25-LAL,2025-03-29 00:00:00+00:00,2025_03_28_close_1700_PT,2025-03-28 17:00:00-07:00,2025-03-28 22:38:52.622150+00:00,0.08,2025-03-28 15:38:52.622150-07:00
KXNBA-25-MIN,2025-03-29 00:00:00+00:00,2025_03_28_close_1700_PT,2025-03-28 17:00:00-07:00,2025-03-20 09:21:29.946374+00:00,0.02,2025-03-20 02:21:29.946374-07:00
KXNBA-25-NYK,2025-03-29 00:00:00+00:00,2025_03_28_close_1700_PT,2025-03-28 17:00:00-07:00,2025-03-28 12:21:58.169246+00:00,0.03,2025-03-28 05:21:58.169246-07:00
KXNBA-25-OKC,2025-03-29 00:00:00+00:00,2025_03_28_close_1700_PT,2025-03-28 17:00:00-07:00,2025-03-28 20:08:51.890442+00:00,0.32,2025-03-28 13:08:51.890442-07:00
KXNBAEAST-25-BOS,2025-03-29 00:00:00+00:00,2025_03_28_close_1700_PT,2025-03-28 17:00:00-07:00,2025-03-28 18:14:06.763606+00:00,0.55,2025-03-28 11:14:06.763606-07:00
KXNBAEAST-25-IND,2025-03-29 00:00:00+00:00,2025_03_28_close_1700_PT,2025-03-28 17:00:00-07:00,2025-03-25 18:20:15.333092+00:00,0.02,2025-03-25 11:20:15.333092-07:00
KXNBAEAST-25-NYK,2025-03-29 00:00:00+00:00,2025_03_28_close_1700_PT,2025-03-28 17:00:00-07:00,2025-03-28 22:31:46.902693+00:00,0.08,2025-03-28 15:31:46.902693-07:00
KXNBAWEST-25-DEN,2025-03-29 00:00:00+00:00,2025_03_28_close_1700_PT,2025-03-28 17:00:00-07:00,2025-03-28 13:41:54.066784+00:00,0.1,2025-03-28 06:41:54.066784-07:00
KXNBAWEST-25-MIN,2025-03-29 00:00:00+00:00,2025_03_28_close_1700_PT,2025-03-28 17:00:00-07:00,2025-03-28 22:10:43.333456+00:00,0.05,2025-03-28 15:10:43.333456-07:00
KXNBAWEST-25-OKC,2025-03-29 00:00:00+00:00,2025_03_28_close_1700_PT,2025-03-28 17:00:00-07:00,2025-03-28 15:22:54.538397+00:00,0.56,2025-03-28 08:22:54.538397-07:00
KXNCAAF-26-OSU,2025-03-29 00:00:00+00:00,2025_03_28_close_1700_PT,2025-03-28 17:00:00-07:00,2025-03-26 10:21:47.195660+00:00,0.15,2025-03-26 03:21:47.195660-07:00
KXNHL-25-EDM,2025-03-29 00:00:00+00:00,2025_03_28_close_1700_PT,2025-03-28 17:00:00-07:00,2025-03-26 14:41:00.900217+00:00,0.1,2025-03-26 07:41:00.900217-07:00
KXNHL-25-FLA,2025-03-29 00:00:00+00:00,2025_03_28_close_1700_PT,2025-03-28 17:00:00-07:00,2025-03-27 09:03:37.628716+00:00,0.12,2025-03-27 02:03:37.628716-07:00
KXNOBELPEACE-25-DJT,2025-03-29 00:00:00+00:00,2025_03_28_close_1700_PT,2025-03-28 17:00:00-07:00,2025-03-28 21:33:36.171342+00:00,0.08,2025-03-28 14:33:36.171342-07:00
KXPGA-25-BD,2025-03-29 00:00:00+00:00,2025_03_28_close_1700_PT,2025-03-28 17:00:00-07:00,2025-03-20 12:28:07.193994+00:00,0.06,2025-03-20 05:28:07.193994-07:00
KXPGA-25-RM,2025-03-29 00:00:00+00:00,2025_03_28_close_1700_PT,2025-03-28 17:00:00-07:00,2025-03-21 11:31:09.126921+00:00,0.13,2025-03-21 04:31:09.126921-07:00
KXPGA-25-SS,2025-03-29 00:00:00+00:00,2025_03_28_close_1700_PT,2025-03-28 17:00:00-07:00,2025-03-25 11:55:08.280437+00:00,0.11,2025-03-25 04:55:08.280437-07:00
KXRATECUTCOUNT-25DEC31-T0,2025-03-29 00:00:00+00:00,2025_03_28_close_1700_PT,2025-03-28 17:00:00-07:00,2025-03-28 21:27:50.248425+00:00,0.12,2025-03-28 14:27:50.248425-07:00
KXRATECUTCOUNT-25DEC31-T1,2025-03-29 00:00:00+00:00,2025_03_28_close_1700_PT,2025-03-28 17:00:00-07:00,2025-03-28 12:25:04.149043+00:00,0.14,2025-03-28 05:25:04.149043-07:00
KXRATECUTCOUNT-25DEC31-T2,2025-03-29 00:00:00+00:00,2025_03_28_close_1700_PT,2025-03-28 17:00:00-07:00,2025-03-28 13:43:34.608166+00:00,0.22,2025-03-28 06:43:34.608166-07:00
KXRATECUTCOUNT-25DEC31-T3,2025-03-29 00:00:00+00:00,2025_03_28_close_1700_PT,2025-03-28 17:00:00-07:00,2025-03-28 13:43:23.664657+00:00,0.17,2025-03-28 06:43:23.664657-07:00
KXSB-26-BAL,2025-03-29 00:00:00+00:00,2025_03_28_close_1700_PT,2025-03-28 17:00:00-07:00,2025-03-28 15:15:26.051464+00:00,0.11,2025-03-28 08:15:26.051464-07:00
KXSB-26-BUF,2025-03-29 00:00:00+00:00,2025_03_28_close_1700_PT,2025-03-28 17:00:00-07:00,2025-03-28 13:39:38.640398+00:00,0.11,2025-03-28 06:39:38.640398-07:00
KXSB-26-GB,2025-03-29 00:00:00+00:00,2025_03_28_close_1700_PT,2025-03-28 17:00:00-07:00,2025-03-26 19:11:42.430633+00:00,0.04,2025-03-26 12:11:42.430633-07:00
KXSB-26-KC,2025-03-29 00:00:00+00:00,2025_03_28_close_1700_PT,2025-03-28 17:00:00-07:00,2025-03-22 21:25:16.598872+00:00,0.11,2025-03-22 14:25:16.598872-07:00
KXSB-26-PHI,2025-03-29 00:00:00+00:00,2025_03_28_close_1700_PT,2025-03-28 17:00:00-07:00,2025-03-28 13:39:30.422312+00:00,0.11,2025-03-28 06:39:30.422312-07:00
KXSB-26-SEA,2025-03-29 00:00:00+00:00,2025_03_28_close_1700_PT,2025-03-28 17:00:00-07:00,2025-03-24 09:54:03.481477+00:00,0.02,2025-03-24 02:54:03.481477-07:00
KXTHEOPEN-25-RM,2025-03-29 00:00:00+00:00,2025_03_28_close_1700_PT,2025-03-28 17:00:00-07:00,2025-03-21 13:21:30.460808+00:00,0.13,2025-03-21 06:21:30.460808-07:00
KXTHEOPEN-25-SS,2025-03-29 00:00:00+00:00,2025_03_28_close_1700_PT,2025-03-28 17:00:00-07:00,2025-03-21 11:30:31.056877+00:00,0.2,2025-03-21 04:30:31.056877-07:00
KXTOPARTIST-25-BB,2025-03-29 00:00:00+00:00,2025_03_28_close_1700_PT,2025-03-28 17:00:00-07:00,2025-03-24 06:11:07.794534+00:00,0.51,2025-03-23 23:11:07.794534-07:00
KXTOPARTIST-25-TS,2025-03-29 00:00:00+00:00,2025_03_28_close_1700_PT,2025-03-28 17:00:00-07:00,2025-03-27 16:29:16.640004+00:00,0.45,2025-03-27 09:29:16.640004-07:00
KXUEFACL-25-IM,2025-03-29 00:00:00+00:00,2025_03_28_close_1700_PT,2025-03-28 17:00:00-07:00,2025-03-28 16:13:33.772808+00:00,0.08,2025-03-28 09:13:33.772808-07:00
KXUEFACL-25-PSG,2025-03-29 00:00:00+00:00,2025_03_28_close_1700_PT,2025-03-28 17:00:00-07:00,2025-03-28 19:00:08.620876+00:00,0.21,2025-03-28 12:00:08.620876-07:00
KXUSOMENSINGLES-25-CA,2025-03-29 00:00:00+00:00,2025_03_28_close_1700_PT,2025-03-28 17:00:00-07:00,2025-03-17 18:29:54.515804+00:00,0.25,2025-03-17 11:29:54.515804-07:00
KXUSOMENSINGLES-25-JS,2025-03-29 00:00:00+00:00,2025_03_28_close_1700_PT,2025-03-28 17:00:00-07:00,2025-03-23 08:36:42.643007+00:00,0.37,2025-03-23 01:36:42.643007-07:00
KXUSOMENSINGLES-25-ND,2025-03-29 00:00:00+00:00,2025_03_28_close_1700_PT,2025-03-28 17:00:00-07:00,2025-03-19 07:01:50.304458+00:00,0.13,2025-03-19 00:01:50.304458-07:00
KXUSOPEN-25-BD,2025-03-29 00:00:00+00:00,2025_03_28_close_1700_PT,2025-03-28 17:00:00-07:00,2025-03-28 15:52:30.910138+00:00,0.07,2025-03-28 08:52:30.910138-07:00
KXUSOPEN-25-BK,2025-03-29 00:00:00+00:00,2025_03_28_close_1700_PT,2025-03-28 17:00:00-07:00,2025-03-20 08:18:27.580179+00:00,0.05,2025-03-20 01:18:27.580179-07:00
KXUSOPEN-25-RM,2025-03-29 00:00:00+00:00,2025_03_28_close_1700_PT,2025-03-28 17:00:00-07:00,2025-03-26 16:01:30.877103+00:00,0.11,2025-03-26 09:01:30.877103-07:00
KXUSOPEN-25-RMAC,2025-03-29 00:00:00+00:00,2025_03_28_close_1700_PT,2025-03-28 17:00:00-07:00,2025-02-13 20:06:17.379384+00:00,0.03,2025-02-13 12:06:17.379384-08:00
KXUSOPEN-25-SS,2025-03-29 00:00:00+00:00,2025_03_28_close_1700_PT,2025-03-28 17:00:00-07:00,2025-03-27 16:01:47.143701+00:00,0.14,2025-03-27 09:01:47.143701-07:00
KXUSOPEN-25-VH,2025-03-29 00:00:00+00:00,2025_03_28_close_1700_PT,2025-03-28 17:00:00-07:00,2025-03-19 14:34:48.583482+00:00,0.05,2025-03-19 07:34:48.583482-07:00
KXWMENSINGLES-25-CA,2025-03-29 00:00:00+00:00,2025_03_28_close_1700_PT,2025-03-28 17:00:00-07:00,2025-03-19 12:14:06.749595+00:00,0.37,2025-03-19 05:14:06.749595-07:00
KXWMENSINGLES-25-JS,2025-03-29 00:00:00+00:00,2025_03_28_close_1700_PT,2025-03-28 17:00:00-07:00,2025-03-17 16:56:46.527365+00:00,0.29,2025-03-17 09:56:46.527365-07:00
KXWMENSINGLES-25-ND,2025-03-29 00:00:00+00:00,2025_03_28_close_1700_PT,2025-03-28 17:00:00-07:00,2025-03-25 08:20:43.511654+00:00,0.14,2025-03-25 01:20:43.511654-07:00
KXWMENSINGLES-25-TF,2025-03-29 00:00:00+00:00,2025_03_28_close_1700_PT,2025-03-28 17:00:00-07:00,,,
LEAVEPOWELL-25-DEC31,2025-03-29 00:00:00+00:00,2025_03_28_close_1700_PT,2025-03-28 17:00:00-07:00,2025-03-28 12:26:39.812441+00:00,0.16,2025-03-28 05:26:39.812441-07:00
RECSSNBER-25,2025-03-29 00:00:00+00:00,2025_03_28_close_1700_PT,2025-03-28 17:00:00-07:00,2025-03-28 16:22:53.057415+00:00,0.4,2025-03-28 09:22:53.057415-07:00
FED-25MAY-T4.00,2025-03-29 12:00:00+00:00,2025_03_29_open_0500_PT,2025-03-29 05:00:00-07:00,2025-03-29 11:56:31.199988+00:00,0.95,2025-03-29 04:56:31.199988-07:00
FED-25MAY-T4.25,2025-03-29 12:00:00+00:00,2025_03_29_open_0500_PT,2025-03-29 05:00:00-07:00,2025-03-29 11:38:07.633739+00:00,0.83,2025-03-29 04:38:07.633739-07:00
GOVPARTYNJ-25-D,2025-03-29 12:00:00+00:00,2025_03_29_open_0500_PT,2025-03-29 05:00:00-07:00,2025-03-28 14:13:22.829264+00:00,0.74,2025-03-28 07:13:22.829264-07:00
GOVPARTYNJ-25-R,2025-03-29 12:00:00+00:00,2025_03_29_open_0500_PT,2025-03-29 05:00:00-07:00,2025-03-29 10:46:57.868036+00:00,0.25,2025-03-29 03:46:57.868036-07:00
GOVPARTYVA-25-R,2025-03-29 12:00:00+00:00,2025_03_29_open_0500_PT,2025-03-29 05:00:00-07:00,2025-03-29 09:25:31.407430+00:00,0.14,2025-03-29 02:25:31.407430-07:00
KXBTCMAX150-25-DEC31-149999.99,2025-03-29 12:00:00+00:00,2025_03_29_open_0500_PT,2025-03-29 05:00:00-07:00,2025-03-29 10:41:18.510383+00:00,0.27,2025-03-29 03:41:18.510383-07:00
KXBTCMAXY-25-DEC31-124999.99,2025-03-29 12:00:00+00:00,2025_03_29_open_0500_PT,2025-03-29 05:00:00-07:00,2025-03-29 07:06:57.553513+00:00,0.41,2025-03-29 00:06:57.553513-07:00
KXBTCMAXY-25-DEC31-149999.99,2025-03-29 12:00:00+00:00,2025_03_29_open_0500_PT,2025-03-29 05:00:00-07:00,2025-03-29 10:49:20.111643+00:00,0.26,2025-03-29 03:49:20.111643-07:00
KXBTCRESERVE-26-JAN01,2025-03-29 12:00:00+00:00,2025_03_29_open_0500_PT,2025-03-29 05:00:00-07:00,2025-03-29 10:41:13.344671+00:00,0.52,2025-03-29 03:41:13.344671-07:00
KXCANADAPM-45-C,2025-03-29 12:00:00+00:00,2025_03_29_open_0500_PT,2025-03-29 05:00:00-07:00,2025-03-29 10:41:05.092531+00:00,0.33,2025-03-29 03:41:05.092531-07:00
KXCANADAPM-45-L,2025-03-29 12:00:00+00:00,2025_03_29_open_0500_PT,2025-03-29 05:00:00-07:00,2025-03-29 11:37:47.957109+00:00,0.67,2025-03-29 04:37:47.957109-07:00
KXCPIYOY-25APR-T2.4,2025-03-29 12:00:00+00:00,2025_03_29_open_0500_PT,2025-03-29 05:00:00-07:00,2025-03-27 05:37:39.430729+00:00,0.6,2025-03-26 22:37:39.430729-07:00
KXCPIYOY-25APR-T2.5,2025-03-29 12:00:00+00:00,2025_03_29_open_0500_PT,2025-03-29 05:00:00-07:00,2025-03-29 06:20:48.958257+00:00,0.5,2025-03-28 23:20:48.958257-07:00
KXDOED-26-JAN01,2025-03-29 12:00:00+00:00,2025_03_29_open_0500_PT,2025-03-29 05:00:00-07:00,2025-03-29 09:36:18.042259+00:00,0.15,2025-03-29 02:36:18.042259-07:00
KXEPSTEIN-25,2025-03-29 12:00:00+00:00,2025_03_29_open_0500_PT,2025-03-29 05:00:00-07:00,2025-03-29 11:57:59.359417+00:00,0.4,2025-03-29 04:57:59.359417-07:00
KXETHMAXY-25DEC31-4999.99,2025-03-29 12:00:00+00:00,2025_03_29_open_0500_PT,2025-03-29 05:00:00-07:00,2025-03-29 07:13:09.754554+00:00,0.14,2025-03-29 00:13:09.754554-07:00
KXFEDDECISION-25MAY-C25,2025-03-29 12:00:00+00:00,2025_03_29_open_0500_PT,2025-03-29 05:00:00-07:00,2025-03-29 09:11:45.001451+00:00,0.17,2025-03-29 02:11:45.001451-07:00
KXFEDDECISION-25MAY-C26,2025-03-29 12:00:00+00:00,2025_03_29_open_0500_PT,2025-03-29 05:00:00-07:00,2025-03-28 12:29:39.421271+00:00,0.02,2025-03-28 05:29:39.421271-07:00
KXFEDDECISION-25MAY-H0,2025-03-29 12:00:00+00:00,2025_03_29_open_0500_PT,2025-03-29 05:00:00-07:00,2025-03-29 10:46:21.436261+00:00,0.82,2025-03-29 03:46:21.436261-07:00
KXFOMENSINGLES-25-CA,2025-03-29 12:00:00+00:00,2025_03_29_open_0500_PT,2025-03-29 05:00:00-07:00,2025-03-29 10:48:05.691756+00:00,0.41,2025-03-29 03:48:05.691756-07:00
KXFOMENSINGLES-25-JS,2025-03-29 12:00:00+00:00,2025_03_29_open_0500_PT,2025-03-29 05:00:00-07:00,2025-03-24 10:59:37.791628+00:00,0.26,2025-03-24 03:59:37.791628-07:00
KXFOMENSINGLES-25-ND,2025-03-29 12:00:00+00:00,2025_03_29_open_0500_PT,2025-03-29 05:00:00-07:00,2025-03-28 23:04:12.561121+00:00,0.11,2025-03-28 16:04:12.561121-07:00
KXFOWOMENSINGLES-25-AS,2025-03-29 12:00:00+00:00,2025_03_29_open_0500_PT,2025-03-29 05:00:00-07:00,2025-03-27 19:00:48.790250+00:00,0.17,2025-03-27 12:00:48.790250-07:00
KXFOWOMENSINGLES-25-CG,2025-03-29 12:00:00+00:00,2025_03_29_open_0500_PT,2025-03-29 05:00:00-07:00,2025-02-10 18:42:35.041176+00:00,0.08,2025-02-10 10:42:35.041176-08:00
KXLEAGUEWORLDS-25-T1,2025-03-29 12:00:00+00:00,2025_03_29_open_0500_PT,2025-03-29 05:00:00-07:00,2025-03-28 20:45:12.877604+00:00,0.27,2025-03-28 13:45:12.877604-07:00
KXLLM1-25DEC31-XAI,2025-03-29 12:00:00+00:00,2025_03_29_open_0500_PT,2025-03-29 05:00:00-07:00,2025-03-28 20:23:09.989452+00:00,0.25,2025-03-28 13:23:09.989452-07:00
KXMARMAD-25-AU,2025-03-29 12:00:00+00:00,2025_03_29_open_0500_PT,2025-03-29 05:00:00-07:00,2025-03-29 11:58:21.652279+00:00,0.14,2025-03-29 04:58:21.652279-07:00
KXMARMAD-25-DU,2025-03-29 12:00:00+00:00,2025_03_29_open_0500_PT,2025-03-29 05:00:00-07:00,2025-03-29 11:59:25.761835+00:00,0.36,2025-03-29 04:59:25.761835-07:00
KXMARMAD-25-FL,2025-03-29 12:00:00+00:00,2025_03_29_open_0500_PT,2025-03-29 05:00:00-07:00,2025-03-29 11:58:46.840494+00:00,0.25,2025-03-29 04:58:46.840494-07:00
KXMARMAD-25-HOU,2025-03-29 12:00:00+00:00,2025_03_29_open_0500_PT,2025-03-29 05:00:00-07:00,2025-03-29 11:57:22.983319+00:00,0.12,2025-03-29 04:57:22.983319-07:00
KXMASTERS-25-BD,2025-03-29 12:00:00+00:00,2025_03_29_open_0500_PT,2025-03-29 05:00:00-07:00,2025-03-28 19:48:20.669831+00:00,0.05,2025-03-28 12:48:20.669831-07:00
KXMASTERS-25-CM,2025-03-29 12:00:00+00:00,2025_03_29_open_0500_PT,2025-03-29 05:00:00-07:00,2025-03-28 21:08:52.426413+00:00,0.06,2025-03-28 14:08:52.426413-07:00
KXMASTERS-25-LA,2025-03-29 12:00:00+00:00,2025_03_29_open_0500_PT,2025-03-29 05:00:00-07:00,2025-03-28 20:58:14.787252+00:00,0.06,2025-03-28 13:58:14.787252-07:00
KXMASTERS-25-RM,2025-03-29 12:00:00+00:00,2025_03_29_open_0500_PT,2025-03-29 05:00:00-07:00,2025-03-28 23:03:34.969890+00:00,0.13,2025-03-28 16:03:34.969890-07:00
KXMASTERS-25-SS,2025-03-29 12:00:00+00:00,2025_03_29_open_0500_PT,2025-03-29 05:00:00-07:00,2025-03-29 08:21:54.758243+00:00,0.17,2025-03-29 01:21:54.758243-07:00
KXMAYORNYCNOMD-25-AC,2025-03-29 12:00:00+00:00,2025_03_29_open_0500_PT,2025-03-29 05:00:00-07:00,2025-03-29 10:01:32.303947+00:00,0.81,2025-03-29 03:01:32.303947-07:00
KXMAYORNYCNOMD-25-ZM,2025-03-29 12:00:00+00:00,2025_03_29_open_0500_PT,2025-03-29 05:00:00-07:00,2025-03-29 09:20:01.113546+00:00,0.12,2025-03-29 02:20:01.113546-07:00
KXMAYORNYCPARTY-25-D,2025-03-29 12:00:00+00:00,2025_03_29_open_0500_PT,2025-03-29 05:00:00-07:00,2025-03-28 12:26:58.550696+00:00,0.93,2025-03-28 05:26:58.550696-07:00
KXMAYORNYCPARTY-25-R,2025-03-29 12:00:00+00:00,2025_03_29_open_0500_PT,2025-03-29 05:00:00-07:00,2025-03-28 11:00:10.152637+00:00,0.09,2025-03-28 04:00:10.152637-07:00
KXMLB-25-LAD,2025-03-29 12:00:00+00:00,2025_03_29_open_0500_PT,2025-03-29 05:00:00-07:00,2025-03-29 10:08:36.985030+00:00,0.27,2025-03-29 03:08:36.985030-07:00
KXMLB-25-MIL,2025-03-29 12:00:00+00:00,2025_03_29_open_0500_PT,2025-03-29 05:00:00-07:00,2025-03-29 05:51:02.832159+00:00,0.02,2025-03-28 22:51:02.832159-07:00
KXMLB-25-PHI,2025-03-29 12:00:00+00:00,2025_03_29_open_0500_PT,2025-03-29 05:00:00-07:00,2025-03-28 19:33:41.242742+00:00,0.07,2025-03-28 12:33:41.242742-07:00
KXMLB-25-SEA,2025-03-29 12:00:00+00:00,2025_03_29_open_0500_PT,2025-03-29 05:00:00-07:00,2025-03-28 17:59:41.019718+00:00,0.03,2025-03-28 10:59:41.019718-07:00
KXMLB-25-TOR,2025-03-29 12:00:00+00:00,2025_03_29_open_0500_PT,2025-03-29 05:00:00-07:00,2025-03-28 05:02:06.306404+00:00,0.01,2025-03-27 22:02:06.306404-07:00
KXMLBAL-25-SEA,2025-03-29 12:00:00+00:00,2025_03_29_open_0500_PT,2025-03-29 05:00:00-07:00,2025-03-24 19:54:22.810129+00:00,0.1,2025-03-24 12:54:22.810129-07:00
KXMLBAL-25-TOR,2025-03-29 12:00:00+00:00,2025_03_29_open_0500_PT,2025-03-29 05:00:00-07:00,2025-03-27 23:10:01.004366+00:00,0.03,2025-03-27 16:10:01.004366-07:00
KXMLBNL-25-LAD,2025-03-29 12:00:00+00:00,2025_03_29_open_0500_PT,2025-03-29 05:00:00-07:00,2025-03-28 14:43:06.325354+00:00,0.36,2025-03-28 07:43:06.325354-07:00
KXNBA-25-BOS,2025-03-29 12:00:00+00:00,2025_03_29_open_0500_PT,2025-03-29 05:00:00-07:00,2025-03-29 11:43:28.335168+00:00,0.29,2025-03-29 04:43:28.335168-07:00
KXNBA-25-CLE,2025-03-29 12:00:00+00:00,2025_03_29_open_0500_PT,2025-03-29 05:00:00-07:00,2025-03-28 17:22:55.861806+00:00,0.12,2025-03-28 10:22:55.861806-07:00
KXNBA-25-DEN,2025-03-29 12:00:00+00:00,2025_03_29_open_0500_PT,2025-03-29 05:00:00-07:00,2025-03-28 14:50:18.326598+00:00,0.07,2025-03-28 07:50:18.326598-07:00
KXNBA-25-GSW,2025-03-29 12:00:00+00:00,2025_03_29_open_0500_PT,2025-03-29 05:00:00-07:00,2025-03-28 14:42:48.819410+00:00,0.06,2025-03-28 07:42:48.819410-07:00
KXNBA-25-IND,2025-03-29 12:00:00+00:00,2025_03_29_open_0500_PT,2025-03-29 05:00:00-07:00,2025-03-24 13:22:15.203154+00:00,0.01,2025-03-24 06:22:15.203154-07:00
KXNBA-25-LAL,2025-03-29 12:00:00+00:00,2025_03_29_open_0500_PT,2025-03-29 05:00:00-07:00,2025-03-28 22:38:52.622150+00:00,0.08,2025-03-28 15:38:52.622150-07:00
KXNBA-25-MIN,2025-03-29 12:00:00+00:00,2025_03_29_open_0500_PT,2025-03-29 05:00:00-07:00,2025-03-20 09:21:29.946374+00:00,0.02,2025-03-20 02:21:29.946374-07:00
KXNBA-25-NYK,2025-03-29 12:00:00+00:00,2025_03_29_open_0500_PT,2025-03-29 05:00:00-07:00,2025-03-28 12:21:58.169246+00:00,0.03,2025-03-28 05:21:58.169246-07:00
KXNBA-25-OKC,2025-03-29 12:00:00+00:00,2025_03_29_open_0500_PT,2025-03-29 05:00:00-07:00,2025-03-29 11:43:48.169712+00:00,0.34,2025-03-29 04:43:48.169712-07:00
KXNBAEAST-25-BOS,2025-03-29 12:00:00+00:00,2025_03_29_open_0500_PT,2025-03-29 05:00:00-07:00,2025-03-29 11:43:11.228928+00:00,0.56,2025-03-29 04:43:11.228928-07:00
KXNBAEAST-25-IND,2025-03-29 12:00:00+00:00,2025_03_29_open_0500_PT,2025-03-29 05:00:00-07:00,2025-03-25 18:20:15.333092+00:00,0.02,2025-03-25 11:20:15.333092-07:00
KXNBAEAST-25-NYK,2025-03-29 12:00:00+00:00,2025_03_29_open_0500_PT,2025-03-29 05:00:00-07:00,2025-03-28 22:31:46.902693+00:00,0.08,2025-03-28 15:31:46.902693-07:00
KXNBAWEST-25-DEN,2025-03-29 12:00:00+00:00,2025_03_29_open_0500_PT,2025-03-29 05:00:00-07:00,2025-03-28 13:41:54.066784+00:00,0.1,2025-03-28 06:41:54.066784-07:00
KXNBAWEST-25-MIN,2025-03-29 12:00:00+00:00,2025_03_29_open_0500_PT,2025-03-29 05:00:00-07:00,2025-03-28 22:10:43.333456+00:00,0.05,2025-03-28 15:10:43.333456-07:00
KXNBAWEST-25-OKC,2025-03-29 12:00:00+00:00,2025_03_29_open_0500_PT,2025-03-29 05:00:00-07:00,2025-03-28 15:22:54.538397+00:00,0.56,2025-03-28 08:22:54.538397-07:00
KXNCAAF-26-OSU,2025-03-29 12:00:00+00:00,2025_03_29_open_0500_PT,2025-03-29 05:00:00-07:00,2025-03-26 10:21:47.195660+00:00,0.15,2025-03-26 03:21:47.195660-07:00
KXNHL-25-EDM,2025-03-29 12:00:00+00:00,2025_03_29_open_0500_PT,2025-03-29 05:00:00-07:00,2025-03-26 14:41:00.900217+00:00,0.1,2025-03-26 07:41:00.900217-07:00
KXNHL-25-FLA,2025-03-29 12:00:00+00:00,2025_03_29_open_0500_PT,2025-03-29 05:00:00-07:00,2025-03-29 07:38:12.189785+00:00,0.13,2025-03-29 00:38:12.189785-07:00
KXNOBELPEACE-25-DJT,2025-03-29 12:00:00+00:00,2025_03_29_open_0500_PT,2025-03-29 05:00:00-07:00,2025-03-28 21:33:36.171342+00:00,0.08,2025-03-28 14:33:36.171342-07:00
KXPGA-25-BD,2025-03-29 12:00:00+00:00,2025_03_29_open_0500_PT,2025-03-29 05:00:00-07:00,2025-03-20 12:28:07.193994+00:00,0.06,2025-03-20 05:28:07.193994-07:00
KXPGA-25-RM,2025-03-29 12:00:00+00:00,2025_03_29_open_0500_PT,2025-03-29 05:00:00-07:00,2025-03-21 11:31:09.126921+00:00,0.13,2025-03-21 04:31:09.126921-07:00
KXPGA-25-SS,2025-03-29 12:00:00+00:00,2025_03_29_open_0500_PT,2025-03-29 05:00:00-07:00,2025-03-25 11:55:08.280437+00:00,0.11,2025-03-25 04:55:08.280437-07:00
KXRATECUTCOUNT-25DEC31-T0,2025-03-29 12:00:00+00:00,2025_03_29_open_0500_PT,2025-03-29 05:00:00-07:00,2025-03-28 21:27:50.248425+00:00,0.12,2025-03-28 14:27:50.248425-07:00
KXRATECUTCOUNT-25DEC31-T1,2025-03-29 12:00:00+00:00,2025_03_29_open_0500_PT,2025-03-29 05:00:00-07:00,2025-03-28 12:25:04.149043+00:00,0.14,2025-03-28 05:25:04.149043-07:00
KXRATECUTCOUNT-25DEC31-T2,2025-03-29 12:00:00+00:00,2025_03_29_open_0500_PT,2025-03-29 05:00:00-07:00,2025-03-28 13:43:34.608166+00:00,0.22,2025-03-28 06:43:34.608166-07:00
KXRATECUTCOUNT-25DEC31-T3,2025-03-29 12:00:00+00:00,2025_03_29_open_0500_PT,2025-03-29 05:00:00-07:00,2025-03-28 13:43:23.664657+00:00,0.17,2025-03-28 06:43:23.664657-07:00
KXSB-26-BAL,2025-03-29 12:00:00+00:00,2025_03_29_open_0500_PT,2025-03-29 05:00:00-07:00,2025-03-28 15:15:26.051464+00:00,0.11,2025-03-28 08:15:26.051464-07:00
KXSB-26-BUF,2025-03-29 12:00:00+00:00,2025_03_29_open_0500_PT,2025-03-29 05:00:00-07:00,2025-03-28 13:39:38.640398+00:00,0.11,2025-03-28 06:39:38.640398-07:00
KXSB-26-GB,2025-03-29 12:00:00+00:00,2025_03_29_open_0500_PT,2025-03-29 05:00:00-07:00,2025-03-26 19:11:42.430633+00:00,0.04,2025-03-26 12:11:42.430633-07:00
KXSB-26-KC,2025-03-29 12:00:00+00:00,2025_03_29_open_0500_PT,2025-03-29 05:00:00-07:00,2025-03-22 21:25:16.598872+00:00,0.11,2025-03-22 14:25:16.598872-07:00
KXSB-26-PHI,2025-03-29 12:00:00+00:00,2025_03_29_open_0500_PT,2025-03-29 05:00:00-07:00,2025-03-28 13:39:30.422312+00:00,0.11,2025-03-28 06:39:30.422312-07:00
KXSB-26-SEA,2025-03-29 12:00:00+00:00,2025_03_29_open_0500_PT,2025-03-29 05:00:00-07:00,2025-03-24 09:54:03.481477+00:00,0.02,2025-03-24 02:54:03.481477-07:00
KXTHEOPEN-25-RM,2025-03-29 12:00:00+00:00,2025_03_29_open_0500_PT,2025-03-29 05:00:00-07:00,2025-03-21 13:21:30.460808+00:00,0.13,2025-03-21 06:21:30.460808-07:00
KXTHEOPEN-25-SS,2025-03-29 12:00:00+00:00,2025_03_29_open_0500_PT,2025-03-29 05:00:00-07:00,2025-03-21 11:30:31.056877+00:00,0.2,2025-03-21 04:30:31.056877-07:00
KXTOPARTIST-25-BB,2025-03-29 12:00:00+00:00,2025_03_29_open_0500_PT,2025-03-29 05:00:00-07:00,2025-03-29 09:59:44.376876+00:00,0.5,2025-03-29 02:59:44.376876-07:00
KXTOPARTIST-25-TS,2025-03-29 12:00:00+00:00,2025_03_29_open_0500_PT,2025-03-29 05:00:00-07:00,2025-03-27 16:29:16.640004+00:00,0.45,2025-03-27 09:29:16.640004-07:00
KXUEFACL-25-IM,2025-03-29 12:00:00+00:00,2025_03_29_open_0500_PT,2025-03-29 05:00:00-07:00,2025-03-28 16:13:33.772808+00:00,0.08,2025-03-28 09:13:33.772808-07:00
KXUEFACL-25-PSG,2025-03-29 12:00:00+00:00,2025_03_29_open_0500_PT,2025-03-29 05:00:00-07:00,2025-03-28 19:00:08.620876+00:00,0.21,2025-03-28 12:00:08.620876-07:00
KXUSOMENSINGLES-25-CA,2025-03-29 12:00:00+00:00,2025_03_29_open_0500_PT,2025-03-29 05:00:00-07:00,2025-03-29 10:47:35.642384+00:00,0.22,2025-03-29 03:47:35.642384-07:00
KXUSOMENSINGLES-25-JS,2025-03-29 12:00:00+00:00,2025_03_29_open_0500_PT,2025-03-29 05:00:00-07:00,2025-03-23 08:36:42.643007+00:00,0.37,2025-03-23 01:36:42.643007-07:00
KXUSOMENSINGLES-25-ND,2025-03-29 12:00:00+00:00,2025_03_29_open_0500_PT,2025-03-29 05:00:00-07:00,2025-03-19 07:01:50.304458+00:00,0.13,2025-03-19 00:01:50.304458-07:00
KXUSOPEN-25-BD,2025-03-29 12:00:00+00:00,2025_03_29_open_0500_PT,2025-03-29 05:00:00-07:00,2025-03-28 15:52:30.910138+00:00,0.07,2025-03-28 08:52:30.910138-07:00
KXUSOPEN-25-BK,2025-03-29 12:00:00+00:00,2025_03_29_open_0500_PT,2025-03-29 05:00:00-07:00,2025-03-20 08:18:27.580179+00:00,0.05,2025-03-20 01:18:27.580179-07:00
KXUSOPEN-25-RM,2025-03-29 12:00:00+00:00,2025_03_29_open_0500_PT,2025-03-29 05:00:00-07:00,2025-03-26 16:01:30.877103+00:00,0.11,2025-03-26 09:01:30.877103-07:00
KXUSOPEN-25-RMAC,2025-03-29 12:00:00+00:00,2025_03_29_open_0500_PT,2025-03-29 05:00:00-07:00,2025-02-13 20:06:17.379384+00:00,0.03,2025-02-13 12:06:17.379384-08:00
KXUSOPEN-25-SS,2025-03-29 12:00:00+00:00,2025_03_29_open_0500_PT,2025-03-29 05:00:00-07:00,2025-03-27 16:01:47.143701+00:00,0.14,2025-03-27 09:01:47.143701-07:00
KXUSOPEN-25-VH,2025-03-29 12:00:00+00:00,2025_03_29_open_0500_PT,2025-03-29 05:00:00-07:00,2025-03-19 14:34:48.583482+00:00,0.05,2025-03-19 07:34:48.583482-07:00
KXWMENSINGLES-25-CA,2025-03-29 12:00:00+00:00,2025_03_29_open_0500_PT,2025-03-29 05:00:00-07:00,2025-03-19 12:14:06.749595+00:00,0.37,2025-03-19 05:14:06.749595-07:00
KXWMENSINGLES-25-JS,2025-03-29 12:00:00+00:00,2025_03_29_open_0500_PT,2025-03-29 05:00:00-07:00,2025-03-17 16:56:46.527365+00:00,0.29,2025-03-17 09:56:46.527365-07:00
KXWMENSINGLES-25-ND,2025-03-29 12:00:00+00:00,2025_03_29_open_0500_PT,2025-03-29 05:00:00-07:00,2025-03-25 08:20:43.511654+00:00,0.14,2025-03-25 01:20:43.511654-07:00
KXWMENSINGLES-25-TF,2025-03-29 12:00:00+00:00,2025_03_29_open_0500_PT,2025-03-29 05:00:00-07:00,,,
LEAVEPOWELL-25-DEC31,2025-03-29 12:00:00+00:00,2025_03_29_open_0500_PT,2025-03-29 05:00:00-07:00,2025-03-28 12:26:39.812441+00:00,0.16,2025-03-28 05:26:39.812441-07:00
RECSSNBER-25,2025-03-29 12:00:00+00:00,2025_03_29_open_0500_PT,2025-03-29 05:00:00-07:00,2025-03-29 10:48:38.472434+00:00,0.41,2025-03-29 03:48:38.472434-07:00
FED-25MAY-T4.00,2025-03-30 00:00:00+00:00,2025_03_29_close_1700_PT,2025-03-29 17:00:00-07:00,2025-03-29 23:41:00.231788+00:00,0.97,2025-03-29 16:41:00.231788-07:00
FED-25MAY-T4.25,2025-03-30 00:00:00+00:00,2025_03_29_close_1700_PT,2025-03-29 17:00:00-07:00,2025-03-29 23:45:43.368881+00:00,0.83,2025-03-29 16:45:43.368881-07:00
GOVPARTYNJ-25-D,2025-03-30 00:00:00+00:00,2025_03_29_close_1700_PT,2025-03-29 17:00:00-07:00,2025-03-29 19:27:18.506834+00:00,0.75,2025-03-29 12:27:18.506834-07:00
GOVPARTYNJ-25-R,2025-03-30 00:00:00+00:00,2025_03_29_close_1700_PT,2025-03-29 17:00:00-07:00,2025-03-29 20:24:01.916887+00:00,0.29,2025-03-29 13:24:01.916887-07:00
GOVPARTYVA-25-R,2025-03-30 00:00:00+00:00,2025_03_29_close_1700_PT,2025-03-29 17:00:00-07:00,2025-03-29 17:54:59.221344+00:00,0.15,2025-03-29 10:54:59.221344-07:00
KXBTCMAX150-25-DEC31-149999.99,2025-03-30 00:00:00+00:00,2025_03_29_close_1700_PT,2025-03-29 17:00:00-07:00,2025-03-29 20:34:16.448143+00:00,0.21,2025-03-29 13:34:16.448143-07:00
KXBTCMAXY-25-DEC31-124999.99,2025-03-30 00:00:00+00:00,2025_03_29_close_1700_PT,2025-03-29 17:00:00-07:00,2025-03-29 23:04:31.466719+00:00,0.32,2025-03-29 16:04:31.466719-07:00
KXBTCMAXY-25-DEC31-149999.99,2025-03-30 00:00:00+00:00,2025_03_29_close_1700_PT,2025-03-29 17:00:00-07:00,2025-03-29 19:29:52.335337+00:00,0.21,2025-03-29 12:29:52.335337-07:00
KXBTCRESERVE-26-JAN01,2025-03-30 00:00:00+00:00,2025_03_29_close_1700_PT,2025-03-29 17:00:00-07:00,2025-03-29 19:02:46.509777+00:00,0.54,2025-03-29 12:02:46.509777-07:00
KXCANADAPM-45-C,2025-03-30 00:00:00+00:00,2025_03_29_close_1700_PT,2025-03-29 17:00:00-07:00,2025-03-29 22:53:24.169639+00:00,0.3,2025-03-29 15:53:24.169639-07:00
KXCANADAPM-45-L,2025-03-30 00:00:00+00:00,2025_03_29_close_1700_PT,2025-03-29 17:00:00-07:00,2025-03-29 22:38:41.487536+00:00,0.72,2025-03-29 15:38:41.487536-07:00
KXCPIYOY-25APR-T2.4,2025-03-30 00:00:00+00:00,2025_03_29_close_1700_PT,2025-03-29 17:00:00-07:00,2025-03-27 05:37:39.430729+00:00,0.6,2025-03-26 22:37:39.430729-07:00
KXCPIYOY-25APR-T2.5,2025-03-30 00:00:00+00:00,2025_03_29_close_1700_PT,2025-03-29 17:00:00-07:00,2025-03-29 06:20:48.958257+00:00,0.5,2025-03-28 23:20:48.958257-07:00
KXDOED-26-JAN01,2025-03-30 00:00:00+00:00,2025_03_29_close_1700_PT,2025-03-29 17:00:00-07:00,2025-03-29 21:40:12.000648+00:00,0.17,2025-03-29 14:40:12.000648-07:00
KXEPSTEIN-25,2025-03-30 00:00:00+00:00,2025_03_29_close_1700_PT,2025-03-29 17:00:00-07:00,2025-03-29 22:50:28.131151+00:00,0.44,2025-03-29 15:50:28.131151-07:00
KXETHMAXY-25DEC31-4999.99,2025-03-30 00:00:00+00:00,2025_03_29_close_1700_PT,2025-03-29 17:00:00-07:00,2025-03-29 14:25:09.281325+00:00,0.2,2025-03-29 07:25:09.281325-07:00
KXFEDDECISION-25MAY-C25,2025-03-30 00:00:00+00:00,2025_03_29_close_1700_PT,2025-03-29 17:00:00-07:00,2025-03-29 20:29:03.916928+00:00,0.14,2025-03-29 13:29:03.916928-07:00
KXFEDDECISION-25MAY-C26,2025-03-30 00:00:00+00:00,2025_03_29_close_1700_PT,2025-03-29 17:00:00-07:00,2025-03-28 12:29:39.421271+00:00,0.02,2025-03-28 05:29:39.421271-07:00
KXFEDDECISION-25MAY-H0,2025-03-30 00:00:00+00:00,2025_03_29_close_1700_PT,2025-03-29 17:00:00-07:00,2025-03-29 21:06:49.461311+00:00,0.84,2025-03-29 14:06:49.461311-07:00
KXFOMENSINGLES-25-CA,2025-03-30 00:00:00+00:00,2025_03_29_close_1700_PT,2025-03-29 17:00:00-07:00,2025-03-29 10:48:05.691756+00:00,0.41,2025-03-29 03:48:05.691756-07:00
KXFOMENSINGLES-25-JS,2025-03-30 00:00:00+00:00,2025_03_29_close_1700_PT,2025-03-29 17:00:00-07:00,2025-03-24 10:59:37.791628+00:00,0.26,2025-03-24 03:59:37.791628-07:00
KXFOMENSINGLES-25-ND,2025-03-30 00:00:00+00:00,2025_03_29_close_1700_PT,2025-03-29 17:00:00-07:00,2025-03-28 23:04:12.561121+00:00,0.11,2025-03-28 16:04:12.561121-07:00
KXFOWOMENSINGLES-25-AS,2025-03-30 00:00:00+00:00,2025_03_29_close_1700_PT,2025-03-29 17:00:00-07:00,2025-03-27 19:00:48.790250+00:00,0.17,2025-03-27 12:00:48.790250-07:00
KXFOWOMENSINGLES-25-CG,2025-03-30 00:00:00+00:00,2025_03_29_close_1700_PT,2025-03-29 17:00:00-07:00,2025-02-10 18:42:35.041176+00:00,0.08,2025-02-10 10:42:35.041176-08:00
KXLEAGUEWORLDS-25-T1,2025-03-30 00:00:00+00:00,2025_03_29_close_1700_PT,2025-03-29 17:00:00-07:00,2025-03-29 20:34:13.951815+00:00,0.28,2025-03-29 13:34:13.951815-07:00
KXLLM1-25DEC31-XAI,2025-03-30 00:00:00+00:00,2025_03_29_close_1700_PT,2025-03-29 17:00:00-07:00,2025-03-28 20:23:09.989452+00:00,0.25,2025-03-28 13:23:09.989452-07:00
KXMARMAD-25-AU,2025-03-30 00:00:00+00:00,2025_03_29_close_1700_PT,2025-03-29 17:00:00-07:00,2025-03-29 23:58:54.906536+00:00,0.13,2025-03-29 16:58:54.906536-07:00
KXMARMAD-25-DU,2025-03-30 00:00:00+00:00,2025_03_29_close_1700_PT,2025-03-29 17:00:00-07:00,2025-03-29 23:56:17.367191+00:00,0.48,2025-03-29 16:56:17.367191-07:00
KXMARMAD-25-FL,2025-03-30 00:00:00+00:00,2025_03_29_close_1700_PT,2025-03-29 17:00:00-07:00,2025-03-29 23:50:11.580360+00:00,0.25,2025-03-29 16:50:11.580360-07:00
KXMARMAD-25-HOU,2025-03-30 00:00:00+00:00,2025_03_29_close_1700_PT,2025-03-29 17:00:00-07:00,2025-03-29 23:51:39.302665+00:00,0.11,2025-03-29 16:51:39.302665-07:00
KXMASTERS-25-BD,2025-03-30 00:00:00+00:00,2025_03_29_close_1700_PT,2025-03-29 17:00:00-07:00,2025-03-29 21:44:52.741791+00:00,0.05,2025-03-29 14:44:52.741791-07:00
KXMASTERS-25-CM,2025-03-30 00:00:00+00:00,2025_03_29_close_1700_PT,2025-03-29 17:00:00-07:00,2025-03-28 21:08:52.426413+00:00,0.06,2025-03-28 14:08:52.426413-07:00
KXMASTERS-25-LA,2025-03-30 00:00:00+00:00,2025_03_29_close_1700_PT,2025-03-29 17:00:00-07:00,2025-03-29 20:39:56.830416+00:00,0.06,2025-03-29 13:39:56.830416-07:00
KXMASTERS-25-RM,2025-03-30 00:00:00+00:00,2025_03_29_close_1700_PT,2025-03-29 17:00:00-07:00,2025-03-29 20:38:56.466510+00:00,0.13,2025-03-29 13:38:56.466510-07:00
KXMASTERS-25-SS,2025-03-30 00:00:00+00:00,2025_03_29_close_1700_PT,2025-03-29 17:00:00-07:00,2025-03-29 19:33:48.108491+00:00,0.17,2025-03-29 12:33:48.108491-07:00
KXMAYORNYCNOMD-25-AC,2025-03-30 00:00:00+00:00,2025_03_29_close_1700_PT,2025-03-29 17:00:00-07:00,2025-03-29 20:28:55.166280+00:00,0.81,2025-03-29 13:28:55.166280-07:00
KXMAYORNYCNOMD-25-ZM,2025-03-30 00:00:00+00:00,2025_03_29_close_1700_PT,2025-03-29 17:00:00-07:00,2025-03-29 18:55:23.665353+00:00,0.12,2025-03-29 11:55:23.665353-07:00
KXMAYORNYCPARTY-25-D,2025-03-30 00:00:00+00:00,2025_03_29_close_1700_PT,2025-03-29 17:00:00-07:00,2025-03-28 12:26:58.550696+00:00,0.93,2025-03-28 05:26:58.550696-07:00
KXMAYORNYCPARTY-25-R,2025-03-30 00:00:00+00:00,2025_03_29_close_1700_PT,2025-03-29 17:00:00-07:00,2025-03-28 11:00:10.152637+00:00,0.09,2025-03-28 04:00:10.152637-07:00
KXMLB-25-LAD,2025-03-30 00:00:00+00:00,2025_03_29_close_1700_PT,2025-03-29 17:00:00-07:00,2025-03-29 23:55:25.233356+00:00,0.26,2025-03-29 16:55:25.233356-07:00
KXMLB-25-MIL,2025-03-30 00:00:00+00:00,2025_03_29_close_1700_PT,2025-03-29 17:00:00-07:00,2025-03-29 22:30:48.613771+00:00,0.02,2025-03-29 15:30:48.613771-07:00
KXMLB-25-PHI,2025-03-30 00:00:00+00:00,2025_03_29_close_1700_PT,2025-03-29 17:00:00-07:00,2025-03-28 19:33:41.242742+00:00,0.07,2025-03-28 12:33:41.242742-07:00
KXMLB-25-SEA,2025-03-30 00:00:00+00:00,2025_03_29_close_1700_PT,2025-03-29 17:00:00-07:00,2025-03-28 17:59:41.019718+00:00,0.03,2025-03-28 10:59:41.019718-07:00
KXMLB-25-TOR,2025-03-30 00:00:00+00:00,2025_03_29_close_1700_PT,2025-03-29 17:00:00-07:00,2025-03-28 05:02:06.306404+00:00,0.01,2025-03-27 22:02:06.306404-07:00
KXMLBAL-25-SEA,2025-03-30 00:00:00+00:00,2025_03_29_close_1700_PT,2025-03-29 17:00:00-07:00,2025-03-24 19:54:22.810129+00:00,0.1,2025-03-24 12:54:22.810129-07:00
KXMLBAL-25-TOR,2025-03-30 00:00:00+00:00,2025_03_29_close_1700_PT,2025-03-29 17:00:00-07:00,2025-03-27 23:10:01.004366+00:00,0.03,2025-03-27 16:10:01.004366-07:00
KXMLBNL-25-LAD,2025-03-30 00:00:00+00:00,2025_03_29_close_1700_PT,2025-03-29 17:00:00-07:00,2025-03-28 14:43:06.325354+00:00,0.36,2025-03-28 07:43:06.325354-07:00
KXNBA-25-BOS,2025-03-30 00:00:00+00:00,2025_03_29_close_1700_PT,2025-03-29 17:00:00-07:00,2025-03-29 23:55:48.702670+00:00,0.28,2025-03-29 16:55:48.702670-07:00
KXNBA-25-CLE,2025-03-30 00:00:00+00:00,2025_03_29_close_1700_PT,2025-03-29 17:00:00-07:00,2025-03-29 20:59:16.801670+00:00,0.11,2025-03-29 13:59:16.801670-07:00
KXNBA-25-DEN,2025-03-30 00:00:00+00:00,2025_03_29_close_1700_PT,2025-03-29 17:00:00-07:00,2025-03-28 14:50:18.326598+00:00,0.07,2025-03-28 07:50:18.326598-07:00
KXNBA-25-GSW,2025-03-30 00:00:00+00:00,2025_03_29_close_1700_PT,2025-03-29 17:00:00-07:00,2025-03-29 20:02:08.749724+00:00,0.04,2025-03-29 13:02:08.749724-07:00
KXNBA-25-IND,2025-03-30 00:00:00+00:00,2025_03_29_close_1700_PT,2025-03-29 17:00:00-07:00,2025-03-24 13:22:15.203154+00:00,0.01,2025-03-24 06:22:15.203154-07:00
KXNBA-25-LAL,2025-03-30 00:00:00+00:00,2025_03_29_close_1700_PT,2025-03-29 17:00:00-07:00,2025-03-29 15:58:59.270319+00:00,0.06,2025-03-29 08:58:59.270319-07:00
KXNBA-25-MIN,2025-03-30 00:00:00+00:00,2025_03_29_close_1700_PT,2025-03-29 17:00:00-07:00,2025-03-29 13:56:12.579114+00:00,0.02,2025-03-29 06:56:12.579114-07:00
KXNBA-25-NYK,2025-03-30 00:00:00+00:00,2025_03_29_close_1700_PT,2025-03-29 17:00:00-07:00,2025-03-28 12:21:58.169246+00:00,0.03,2025-03-28 05:21:58.169246-07:00
KXNBA-25-OKC,2025-03-30 00:00:00+00:00,2025_03_29_close_1700_PT,2025-03-29 17:00:00-07:00,2025-03-29 21:26:07.800009+00:00,0.33,2025-03-29 14:26:07.800009-07:00
KXNBAEAST-25-BOS,2025-03-30 00:00:00+00:00,2025_03_29_close_1700_PT,2025-03-29 17:00:00-07:00,2025-03-29 17:29:57.216376+00:00,0.56,2025-03-29 10:29:57.216376-07:00
KXNBAEAST-25-IND,2025-03-30 00:00:00+00:00,2025_03_29_close_1700_PT,2025-03-29 17:00:00-07:00,2025-03-25 18:20:15.333092+00:00,0.02,2025-03-25 11:20:15.333092-07:00
KXNBAEAST-25-NYK,2025-03-30 00:00:00+00:00,2025_03_29_close_1700_PT,2025-03-29 17:00:00-07:00,2025-03-28 22:31:46.902693+00:00,0.08,2025-03-28 15:31:46.902693-07:00
KXNBAWEST-25-DEN,2025-03-30 00:00:00+00:00,2025_03_29_close_1700_PT,2025-03-29 17:00:00-07:00,2025-03-29 23:53:10.159483+00:00,0.1,2025-03-29 16:53:10.159483-07:00
KXNBAWEST-25-MIN,2025-03-30 00:00:00+00:00,2025_03_29_close_1700_PT,2025-03-29 17:00:00-07:00,2025-03-28 22:10:43.333456+00:00,0.05,2025-03-28 15:10:43.333456-07:00
KXNBAWEST-25-OKC,2025-03-30 00:00:00+00:00,2025_03_29_close_1700_PT,2025-03-29 17:00:00-07:00,2025-03-29 21:01:51.735215+00:00,0.57,2025-03-29 14:01:51.735215-07:00
KXNCAAF-26-OSU,2025-03-30 00:00:00+00:00,2025_03_29_close_1700_PT,2025-03-29 17:00:00-07:00,2025-03-26 10:21:47.195660+00:00,0.15,2025-03-26 03:21:47.195660-07:00
KXNHL-25-EDM,2025-03-30 00:00:00+00:00,2025_03_29_close_1700_PT,2025-03-29 17:00:00-07:00,2025-03-29 17:12:48.202420+00:00,0.06,2025-03-29 10:12:48.202420-07:00
KXNHL-25-FLA,2025-03-30 00:00:00+00:00,2025_03_29_close_1700_PT,2025-03-29 17:00:00-07:00,2025-03-29 22:42:42.143389+00:00,0.13,2025-03-29 15:42:42.143389-07:00
KXNOBELPEACE-25-DJT,2025-03-30 00:00:00+00:00,2025_03_29_close_1700_PT,2025-03-29 17:00:00-07:00,2025-03-29 15:58:41.305937+00:00,0.09,2025-03-29 08:58:41.305937-07:00
KXPGA-25-BD,2025-03-30 00:00:00+00:00,2025_03_29_close_1700_PT,2025-03-29 17:00:00-07:00,2025-03-20 12:28:07.193994+00:00,0.06,2025-03-20 05:28:07.193994-07:00
KXPGA-25-RM,2025-03-30 00:00:00+00:00,2025_03_29_close_1700_PT,2025-03-29 17:00:00-07:00,2025-03-29 22:27:22.299399+00:00,0.13,2025-03-29 15:27:22.299399-07:00
KXPGA-25-SS,2025-03-30 00:00:00+00:00,2025_03_29_close_1700_PT,2025-03-29 17:00:00-07:00,2025-03-29 22:27:31.135359+00:00,0.18,2025-03-29 15:27:31.135359-07:00
KXRATECUTCOUNT-25DEC31-T0,2025-03-30 00:00:00+00:00,2025_03_29_close_1700_PT,2025-03-29 17:00:00-07:00,2025-03-28 21:27:50.248425+00:00,0.12,2025-03-28 14:27:50.248425-07:00
KXRATECUTCOUNT-25DEC31-T1,2025-03-30 00:00:00+00:00,2025_03_29_close_1700_PT,2025-03-29 17:00:00-07:00,2025-03-28 12:25:04.149043+00:00,0.14,2025-03-28 05:25:04.149043-07:00
KXRATECUTCOUNT-25DEC31-T2,2025-03-30 00:00:00+00:00,2025_03_29_close_1700_PT,2025-03-29 17:00:00-07:00,2025-03-28 13:43:34.608166+00:00,0.22,2025-03-28 06:43:34.608166-07:00
KXRATECUTCOUNT-25DEC31-T3,2025-03-30 00:00:00+00:00,2025_03_29_close_1700_PT,2025-03-29 17:00:00-07:00,2025-03-29 18:15:46.149683+00:00,0.18,2025-03-29 11:15:46.149683-07:00
KXSB-26-BAL,2025-03-30 00:00:00+00:00,2025_03_29_close_1700_PT,2025-03-29 17:00:00-07:00,2025-03-28 15:15:26.051464+00:00,0.11,2025-03-28 08:15:26.051464-07:00
KXSB-26-BUF,2025-03-30 00:00:00+00:00,2025_03_29_close_1700_PT,2025-03-29 17:00:00-07:00,2025-03-29 22:46:46.725310+00:00,0.12,2025-03-29 15:46:46.725310-07:00
KXSB-26-GB,2025-03-30 00:00:00+00:00,2025_03_29_close_1700_PT,2025-03-29 17:00:00-07:00,2025-03-26 19:11:42.430633+00:00,0.04,2025-03-26 12:11:42.430633-07:00
KXSB-26-KC,2025-03-30 00:00:00+00:00,2025_03_29_close_1700_PT,2025-03-29 17:00:00-07:00,2025-03-22 21:25:16.598872+00:00,0.11,2025-03-22 14:25:16.598872-07:00
KXSB-26-PHI,2025-03-30 00:00:00+00:00,2025_03_29_close_1700_PT,2025-03-29 17:00:00-07:00,2025-03-29 16:52:41.034743+00:00,0.13,2025-03-29 09:52:41.034743-07:00
KXSB-26-SEA,2025-03-30 00:00:00+00:00,2025_03_29_close_1700_PT,2025-03-29 17:00:00-07:00,2025-03-24 09:54:03.481477+00:00,0.02,2025-03-24 02:54:03.481477-07:00
KXTHEOPEN-25-RM,2025-03-30 00:00:00+00:00,2025_03_29_close_1700_PT,2025-03-29 17:00:00-07:00,2025-03-21 13:21:30.460808+00:00,0.13,2025-03-21 06:21:30.460808-07:00
KXTHEOPEN-25-SS,2025-03-30 00:00:00+00:00,2025_03_29_close_1700_PT,2025-03-29 17:00:00-07:00,2025-03-21 11:30:31.056877+00:00,0.2,2025-03-21 04:30:31.056877-07:00
KXTOPARTIST-25-BB,2025-03-30 00:00:00+00:00,2025_03_29_close_1700_PT,2025-03-29 17:00:00-07:00,2025-03-29 09:59:44.376876+00:00,0.5,2025-03-29 02:59:44.376876-07:00
KXTOPARTIST-25-TS,2025-03-30 00:00:00+00:00,2025_03_29_close_1700_PT,2025-03-29 17:00:00-07:00,2025-03-27 16:29:16.640004+00:00,0.45,2025-03-27 09:29:16.640004-07:00
KXUEFACL-25-IM,2025-03-30 00:00:00+00:00,2025_03_29_close_1700_PT,2025-03-29 17:00:00-07:00,2025-03-28 16:13:33.772808+00:00,0.08,2025-03-28 09:13:33.772808-07:00
KXUEFACL-25-PSG,2025-03-30 00:00:00+00:00,2025_03_29_close_1700_PT,2025-03-29 17:00:00-07:00,2025-03-28 19:00:08.620876+00:00,0.21,2025-03-28 12:00:08.620876-07:00
KXUSOMENSINGLES-25-CA,2025-03-30 00:00:00+00:00,2025_03_29_close_1700_PT,2025-03-29 17:00:00-07:00,2025-03-29 10:47:35.642384+00:00,0.22,2025-03-29 03:47:35.642384-07:00
KXUSOMENSINGLES-25-JS,2025-03-30 00:00:00+00:00,2025_03_29_close_1700_PT,2025-03-29 17:00:00-07:00,2025-03-23 08:36:42.643007+00:00,0.37,2025-03-23 01:36:42.643007-07:00
KXUSOMENSINGLES-25-ND,2025-03-30 00:00:00+00:00,2025_03_29_close_1700_PT,2025-03-29 17:00:00-07:00,2025-03-19 07:01:50.304458+00:00,0.13,2025-03-19 00:01:50.304458-07:00
KXUSOPEN-25-BD,2025-03-30 00:00:00+00:00,2025_03_29_close_1700_PT,2025-03-29 17:00:00-07:00,2025-03-28 15:52:30.910138+00:00,0.07,2025-03-28 08:52:30.910138-07:00
KXUSOPEN-25-BK,2025-03-30 00:00:00+00:00,2025_03_29_close_1700_PT,2025-03-29 17:00:00-07:00,2025-03-20 08:18:27.580179+00:00,0.05,2025-03-20 01:18:27.580179-07:00
KXUSOPEN-25-RM,2025-03-30 00:00:00+00:00,2025_03_29_close_1700_PT,2025-03-29 17:00:00-07:00,2025-03-29 14:28:39.890221+00:00,0.08,2025-03-29 07:28:39.890221-07:00
KXUSOPEN-25-RMAC,2025-03-30 00:00:00+00:00,2025_03_29_close_1700_PT,2025-03-29 17:00:00-07:00,2025-02-13 20:06:17.379384+00:00,0.03,2025-02-13 12:06:17.379384-08:00
KXUSOPEN-25-SS,2025-03-30 00:00:00+00:00,2025_03_29_close_1700_PT,2025-03-29 17:00:00-07:00,2025-03-29 14:50:21.269802+00:00,0.15,2025-03-29 07:50:21.269802-07:00
KXUSOPEN-25-VH,2025-03-30 00:00:00+00:00,2025_03_29_close_1700_PT,2025-03-29 17:00:00-07:00,2025-03-19 14:34:48.583482+00:00,0.05,2025-03-19 07:34:48.583482-07:00
KXWMENSINGLES-25-CA,2025-03-30 00:00:00+00:00,2025_03_29_close_1700_PT,2025-03-29 17:00:00-07:00,2025-03-19 12:14:06.749595+00:00,0.37,2025-03-19 05:14:06.749595-07:00
KXWMENSINGLES-25-JS,2025-03-30 00:00:00+00:00,2025_03_29_close_1700_PT,2025-03-29 17:00:00-07:00,2025-03-17 16:56:46.527365+00:00,0.29,2025-03-17 09:56:46.527365-07:00
KXWMENSINGLES-25-ND,2025-03-30 00:00:00+00:00,2025_03_29_close_1700_PT,2025-03-29 17:00:00-07:00,2025-03-25 08:20:43.511654+00:00,0.14,2025-03-25 01:20:43.511654-07:00
KXWMENSINGLES-25-TF,2025-03-30 00:00:00+00:00,2025_03_29_close_1700_PT,2025-03-29 17:00:00-07:00,,,
LEAVEPOWELL-25-DEC31,2025-03-30 00:00:00+00:00,2025_03_29_close_1700_PT,2025-03-29 17:00:00-07:00,2025-03-29 21:41:45.374620+00:00,0.16,2025-03-29 14:41:45.374620-07:00
RECSSNBER-25,2025-03-30 00:00:00+00:00,2025_03_29_close_1700_PT,2025-03-29 17:00:00-07:00,2025-03-29 19:01:23.584228+00:00,0.4,2025-03-29 12:01:23.584228-07:00
FED-25MAY-T4.00,2025-03-30 12:00:00+00:00,2025_03_30_open_0500_PT,2025-03-30 05:00:00-07:00,2025-03-30 11:54:04.477278+00:00,0.95,2025-03-30 04:54:04.477278-07:00
FED-25MAY-T4.25,2025-03-30 12:00:00+00:00,2025_03_30_open_0500_PT,2025-03-30 05:00:00-07:00,2025-03-30 11:58:07.811321+00:00,0.82,2025-03-30 04:58:07.811321-07:00
GOVPARTYNJ-25-D,2025-03-30 12:00:00+00:00,2025_03_30_open_0500_PT,2025-03-30 05:00:00-07:00,2025-03-29 19:27:18.506834+00:00,0.75,2025-03-29 12:27:18.506834-07:00
GOVPARTYNJ-25-R,2025-03-30 12:00:00+00:00,2025_03_30_open_0500_PT,2025-03-30 05:00:00-07:00,2025-03-29 20:24:01.916887+00:00,0.29,2025-03-29 13:24:01.916887-07:00
GOVPARTYVA-25-R,2025-03-30 12:00:00+00:00,2025_03_30_open_0500_PT,2025-03-30 05:00:00-07:00,2025-03-29 17:54:59.221344+00:00,0.15,2025-03-29 10:54:59.221344-07:00
KXBTCMAX150-25-DEC31-149999.99,2025-03-30 12:00:00+00:00,2025_03_30_open_0500_PT,2025-03-30 05:00:00-07:00,2025-03-30 11:32:01.961675+00:00,0.19,2025-03-30 04:32:01.961675-07:00
KXBTCMAXY-25-DEC31-124999.99,2025-03-30 12:00:00+00:00,2025_03_30_open_0500_PT,2025-03-30 05:00:00-07:00,2025-03-30 10:19:17.559311+00:00,0.36,2025-03-30 03:19:17.559311-07:00
KXBTCMAXY-25-DEC31-149999.99,2025-03-30 12:00:00+00:00,2025_03_30_open_0500_PT,2025-03-30 05:00:00-07:00,2025-03-30 10:26:31.928942+00:00,0.25,2025-03-30 03:26:31.928942-07:00
KXBTCRESERVE-26-JAN01,2025-03-30 12:00:00+00:00,2025_03_30_open_0500_PT,2025-03-30 05:00:00-07:00,2025-03-30 10:34:07.133886+00:00,0.51,2025-03-30 03:34:07.133886-07:00
KXCANADAPM-45-C,2025-03-30 12:00:00+00:00,2025_03_30_open_0500_PT,2025-03-30 05:00:00-07:00,2025-03-30 11:32:47.989671+00:00,0.31,2025-03-30 04:32:47.989671-07:00
KXCANADAPM-45-L,2025-03-30 12:00:00+00:00,2025_03_30_open_0500_PT,2025-03-30 05:00:00-07:00,2025-03-30 11:49:55.518275+00:00,0.7,2025-03-30 04:49:55.518275-07:00
KXCPIYOY-25APR-T2.4,2025-03-30 12:00:00+00:00,2025_03_30_open_0500_PT,2025-03-30 05:00:00-07:00,2025-03-27 05:37:39.430729+00:00,0.6,2025-03-26 22:37:39.430729-07:00
KXCPIYOY-25APR-T2.5,2025-03-30 12:00:00+00:00,2025_03_30_open_0500_PT,2025-03-30 05:00:00-07:00,2025-03-29 06:20:48.958257+00:00,0.5,2025-03-28 23:20:48.958257-07:00
KXDOED-26-JAN01,2025-03-30 12:00:00+00:00,2025_03_30_open_0500_PT,2025-03-30 05:00:00-07:00,2025-03-29 21:40:12.000648+00:00,0.17,2025-03-29 14:40:12.000648-07:00
KXEPSTEIN-25,2025-03-30 12:00:00+00:00,2025_03_30_open_0500_PT,2025-03-30 05:00:00-07:00,2025-03-30 11:45:17.421365+00:00,0.42,2025-03-30 04:45:17.421365-07:00
KXETHMAXY-25DEC31-4999.99,2025-03-30 12:00:00+00:00,2025_03_30_open_0500_PT,2025-03-30 05:00:00-07:00,2025-03-30 10:32:53.821558+00:00,0.17,2025-03-30 03:32:53.821558-07:00
KXFEDDECISION-25MAY-C25,2025-03-30 12:00:00+00:00,2025_03_30_open_0500_PT,2025-03-30 05:00:00-07:00,2025-03-30 10:19:51.251897+00:00,0.15,2025-03-30 03:19:51.251897-07:00
KXFEDDECISION-25MAY-C26,2025-03-30 12:00:00+00:00,2025_03_30_open_0500_PT,2025-03-30 05:00:00-07:00,2025-03-28 12:29:39.421271+00:00,0.02,2025-03-28 05:29:39.421271-07:00
KXFEDDECISION-25MAY-H0,2025-03-30 12:00:00+00:00,2025_03_30_open_0500_PT,2025-03-30 05:00:00-07:00,2025-03-30 09:46:18.989903+00:00,0.84,2025-03-30 02:46:18.989903-07:00
KXFOMENSINGLES-25-CA,2025-03-30 12:00:00+00:00,2025_03_30_open_0500_PT,2025-03-30 05:00:00-07:00,2025-03-29 10:48:05.691756+00:00,0.41,2025-03-29 03:48:05.691756-07:00
KXFOMENSINGLES-25-JS,2025-03-30 12:00:00+00:00,2025_03_30_open_0500_PT,2025-03-30 05:00:00-07:00,2025-03-24 10:59:37.791628+00:00,0.26,2025-03-24 03:59:37.791628-07:00
KXFOMENSINGLES-25-ND,2025-03-30 12:00:00+00:00,2025_03_30_open_0500_PT,2025-03-30 05:00:00-07:00,2025-03-28 23:04:12.561121+00:00,0.11,2025-03-28 16:04:12.561121-07:00
KXFOWOMENSINGLES-25-AS,2025-03-30 12:00:00+00:00,2025_03_30_open_0500_PT,2025-03-30 05:00:00-07:00,2025-03-27 19:00:48.790250+00:00,0.17,2025-03-27 12:00:48.790250-07:00
KXFOWOMENSINGLES-25-CG,2025-03-30 12:00:00+00:00,2025_03_30_open_0500_PT,2025-03-30 05:00:00-07:00,2025-02-10 18:42:35.041176+00:00,0.08,2025-02-10 10:42:35.041176-08:00
KXLEAGUEWORLDS-25-T1,2025-03-30 12:00:00+00:00,2025_03_30_open_0500_PT,2025-03-30 05:00:00-07:00,2025-03-30 08:46:33.090043+00:00,0.28,2025-03-30 01:46:33.090043-07:00
KXLLM1-25DEC31-XAI,2025-03-30 12:00:00+00:00,2025_03_30_open_0500_PT,2025-03-30 05:00:00-07:00,2025-03-28 20:23:09.989452+00:00,0.25,2025-03-28 13:23:09.989452-07:00
KXMARMAD-25-AU,2025-03-30 12:00:00+00:00,2025_03_30_open_0500_PT,2025-03-30 05:00:00-07:00,2025-03-30 11:59:28.137857+00:00,0.13,2025-03-30 04:59:28.137857-07:00
KXMARMAD-25-DU,2025-03-30 12:00:00+00:00,2025_03_30_open_0500_PT,2025-03-30 05:00:00-07:00,2025-03-30 11:59:46.972314+00:00,0.47,2025-03-30 04:59:46.972314-07:00
KXMARMAD-25-FL,2025-03-30 12:00:00+00:00,2025_03_30_open_0500_PT,2025-03-30 05:00:00-07:00,2025-03-30 11:58:31.387036+00:00,0.26,2025-03-30 04:58:31.387036-07:00
KXMARMAD-25-HOU,2025-03-30 12:00:00+00:00,2025_03_30_open_0500_PT,2025-03-30 05:00:00-07:00,2025-03-30 11:59:35.602662+00:00,0.17,2025-03-30 04:59:35.602662-07:00
KXMASTERS-25-BD,2025-03-30 12:00:00+00:00,2025_03_30_open_0500_PT,2025-03-30 05:00:00-07:00,2025-03-30 11:31:53.084448+00:00,0.05,2025-03-30 04:31:53.084448-07:00
KXMASTERS-25-CM,2025-03-30 12:00:00+00:00,2025_03_30_open_0500_PT,2025-03-30 05:00:00-07:00,2025-03-28 21:08:52.426413+00:00,0.06,2025-03-28 14:08:52.426413-07:00
KXMASTERS-25-LA,2025-03-30 12:00:00+00:00,2025_03_30_open_0500_PT,2025-03-30 05:00:00-07:00,2025-03-30 11:35:32.557824+00:00,0.06,2025-03-30 04:35:32.557824-07:00
KXMASTERS-25-RM,2025-03-30 12:00:00+00:00,2025_03_30_open_0500_PT,2025-03-30 05:00:00-07:00,2025-03-30 11:35:11.961481+00:00,0.13,2025-03-30 04:35:11.961481-07:00
KXMASTERS-25-SS,2025-03-30 12:00:00+00:00,2025_03_30_open_0500_PT,2025-03-30 05:00:00-07:00,2025-03-30 11:35:42.116738+00:00,0.17,2025-03-30 04:35:42.116738-07:00
KXMAYORNYCNOMD-25-AC,2025-03-30 12:00:00+00:00,2025_03_30_open_0500_PT,2025-03-30 05:00:00-07:00,2025-03-30 08:52:33.021178+00:00,0.81,2025-03-30 01:52:33.021178-07:00
KXMAYORNYCNOMD-25-ZM,2025-03-30 12:00:00+00:00,2025_03_30_open_0500_PT,2025-03-30 05:00:00-07:00,2025-03-30 08:17:43.954997+00:00,0.12,2025-03-30 01:17:43.954997-07:00
KXMAYORNYCPARTY-25-D,2025-03-30 12:00:00+00:00,2025_03_30_open_0500_PT,2025-03-30 05:00:00-07:00,2025-03-30 09:45:09.000733+00:00,0.93,2025-03-30 02:45:09.000733-07:00
KXMAYORNYCPARTY-25-R,2025-03-30 12:00:00+00:00,2025_03_30_open_0500_PT,2025-03-30 05:00:00-07:00,2025-03-28 11:00:10.152637+00:00,0.09,2025-03-28 04:00:10.152637-07:00
KXMLB-25-LAD,2025-03-30 12:00:00+00:00,2025_03_30_open_0500_PT,2025-03-30 05:00:00-07:00,2025-03-30 10:54:55.248146+00:00,0.27,2025-03-30 03:54:55.248146-07:00
KXMLB-25-MIL,2025-03-30 12:00:00+00:00,2025_03_30_open_0500_PT,2025-03-30 05:00:00-07:00,2025-03-29 22:30:48.613771+00:00,0.02,2025-03-29 15:30:48.613771-07:00
KXMLB-25-PHI,2025-03-30 12:00:00+00:00,2025_03_30_open_0500_PT,2025-03-30 05:00:00-07:00,2025-03-28 19:33:41.242742+00:00,0.07,2025-03-28 12:33:41.242742-07:00
KXMLB-25-SEA,2025-03-30 12:00:00+00:00,2025_03_30_open_0500_PT,2025-03-30 05:00:00-07:00,2025-03-30 07:38:52.444953+00:00,0.03,2025-03-30 00:38:52.444953-07:00
KXMLB-25-TOR,2025-03-30 12:00:00+00:00,2025_03_30_open_0500_PT,2025-03-30 05:00:00-07:00,2025-03-28 05:02:06.306404+00:00,0.01,2025-03-27 22:02:06.306404-07:00
KXMLBAL-25-SEA,2025-03-30 12:00:00+00:00,2025_03_30_open_0500_PT,2025-03-30 05:00:00-07:00,2025-03-24 19:54:22.810129+00:00,0.1,2025-03-24 12:54:22.810129-07:00
KXMLBAL-25-TOR,2025-03-30 12:00:00+00:00,2025_03_30_open_0500_PT,2025-03-30 05:00:00-07:00,2025-03-27 23:10:01.004366+00:00,0.03,2025-03-27 16:10:01.004366-07:00
KXMLBNL-25-LAD,2025-03-30 12:00:00+00:00,2025_03_30_open_0500_PT,2025-03-30 05:00:00-07:00,2025-03-28 14:43:06.325354+00:00,0.36,2025-03-28 07:43:06.325354-07:00
KXNBA-25-BOS,2025-03-30 12:00:00+00:00,2025_03_30_open_0500_PT,2025-03-30 05:00:00-07:00,2025-03-30 11:08:48.100105+00:00,0.28,2025-03-30 04:08:48.100105-07:00
KXNBA-25-CLE,2025-03-30 12:00:00+00:00,2025_03_30_open_0500_PT,2025-03-30 05:00:00-07:00,2025-03-30 07:03:34.615162+00:00,0.13,2025-03-30 00:03:34.615162-07:00
KXNBA-25-DEN,2025-03-30 12:00:00+00:00,2025_03_30_open_0500_PT,2025-03-30 05:00:00-07:00,2025-03-28 14:50:18.326598+00:00,0.07,2025-03-28 07:50:18.326598-07:00
KXNBA-25-GSW,2025-03-30 12:00:00+00:00,2025_03_30_open_0500_PT,2025-03-30 05:00:00-07:00,2025-03-29 20:02:08.749724+00:00,0.04,2025-03-29 13:02:08.749724-07:00
KXNBA-25-IND,2025-03-30 12:00:00+00:00,2025_03_30_open_0500_PT,2025-03-30 05:00:00-07:00,2025-03-24 13:22:15.203154+00:00,0.01,2025-03-24 06:22:15.203154-07:00
KXNBA-25-LAL,2025-03-30 12:00:00+00:00,2025_03_30_open_0500_PT,2025-03-30 05:00:00-07:00,2025-03-30 09:50:04.146643+00:00,0.08,2025-03-30 02:50:04.146643-07:00
KXNBA-25-MIN,2025-03-30 12:00:00+00:00,2025_03_30_open_0500_PT,2025-03-30 05:00:00-07:00,2025-03-29 13:56:12.579114+00:00,0.02,2025-03-29 06:56:12.579114-07:00
KXNBA-25-NYK,2025-03-30 12:00:00+00:00,2025_03_30_open_0500_PT,2025-03-30 05:00:00-07:00,2025-03-30 09:36:03.754049+00:00,0.03,2025-03-30 02:36:03.754049-07:00
KXNBA-25-OKC,2025-03-30 12:00:00+00:00,2025_03_30_open_0500_PT,2025-03-30 05:00:00-07:00,2025-03-30 11:10:50.978848+00:00,0.34,2025-03-30 04:10:50.978848-07:00
KXNBAEAST-25-BOS,2025-03-30 12:00:00+00:00,2025_03_30_open_0500_PT,2025-03-30 05:00:00-07:00,2025-03-29 17:29:57.216376+00:00,0.56,2025-03-29 10:29:57.216376-07:00
KXNBAEAST-25-IND,2025-03-30 12:00:00+00:00,2025_03_30_open_0500_PT,2025-03-30 05:00:00-07:00,2025-03-25 18:20:15.333092+00:00,0.02,2025-03-25 11:20:15.333092-07:00
KXNBAEAST-25-NYK,2025-03-30 12:00:00+00:00,2025_03_30_open_0500_PT,2025-03-30 05:00:00-07:00,2025-03-28 22:31:46.902693+00:00,0.08,2025-03-28 15:31:46.902693-07:00
KXNBAWEST-25-DEN,2025-03-30 12:00:00+00:00,2025_03_30_open_0500_PT,2025-03-30 05:00:00-07:00,2025-03-29 23:53:10.159483+00:00,0.1,2025-03-29 16:53:10.159483-07:00
KXNBAWEST-25-MIN,2025-03-30 12:00:00+00:00,2025_03_30_open_0500_PT,2025-03-30 05:00:00-07:00,2025-03-28 22:10:43.333456+00:00,0.05,2025-03-28 15:10:43.333456-07:00
KXNBAWEST-25-OKC,2025-03-30 12:00:00+00:00,2025_03_30_open_0500_PT,2025-03-30 05:00:00-07:00,2025-03-29 21:01:51.735215+00:00,0.57,2025-03-29 14:01:51.735215-07:00
KXNCAAF-26-OSU,2025-03-30 12:00:00+00:00,2025_03_30_open_0500_PT,2025-03-30 05:00:00-07:00,2025-03-26 10:21:47.195660+00:00,0.15,2025-03-26 03:21:47.195660-07:00
KXNHL-25-EDM,2025-03-30 12:00:00+00:00,2025_03_30_open_0500_PT,2025-03-30 05:00:00-07:00,2025-03-29 17:12:48.202420+00:00,0.06,2025-03-29 10:12:48.202420-07:00
KXNHL-25-FLA,2025-03-30 12:00:00+00:00,2025_03_30_open_0500_PT,2025-03-30 05:00:00-07:00,2025-03-29 22:42:42.143389+00:00,0.13,2025-03-29 15:42:42.143389-07:00
KXNOBELPEACE-25-DJT,2025-03-30 12:00:00+00:00,2025_03_30_open_0500_PT,2025-03-30 05:00:00-07:00,2025-03-30 11:44:31.362555+00:00,0.1,2025-03-30 04:44:31.362555-07:00
KXPGA-25-BD,2025-03-30 12:00:00+00:00,2025_03_30_open_0500_PT,2025-03-30 05:00:00-07:00,2025-03-20 12:28:07.193994+00:00,0.06,2025-03-20 05:28:07.193994-07:00
KXPGA-25-RM,2025-03-30 12:00:00+00:00,2025_03_30_open_0500_PT,2025-03-30 05:00:00-07:00,2025-03-29 22:27:22.299399+00:00,0.13,2025-03-29 15:27:22.299399-07:00
KXPGA-25-SS,2025-03-30 12:00:00+00:00,2025_03_30_open_0500_PT,2025-03-30 05:00:00-07:00,2025-03-29 22:27:31.135359+00:00,0.18,2025-03-29 15:27:31.135359-07:00
KXRATECUTCOUNT-25DEC31-T0,2025-03-30 12:00:00+00:00,2025_03_30_open_0500_PT,2025-03-30 05:00:00-07:00,2025-03-30 09:41:59.025926+00:00,0.12,2025-03-30 02:41:59.025926-07:00
KXRATECUTCOUNT-25DEC31-T1,2025-03-30 12:00:00+00:00,2025_03_30_open_0500_PT,2025-03-30 05:00:00-07:00,2025-03-30 11:44:16.785463+00:00,0.16,2025-03-30 04:44:16.785463-07:00
KXRATECUTCOUNT-25DEC31-T2,2025-03-30 12:00:00+00:00,2025_03_30_open_0500_PT,2025-03-30 05:00:00-07:00,2025-03-28 13:43:34.608166+00:00,0.22,2025-03-28 06:43:34.608166-07:00
KXRATECUTCOUNT-25DEC31-T3,2025-03-30 12:00:00+00:00,2025_03_30_open_0500_PT,2025-03-30 05:00:00-07:00,2025-03-30 07:02:58.024101+00:00,0.18,2025-03-30 00:02:58.024101-07:00
KXSB-26-BAL,2025-03-30 12:00:00+00:00,2025_03_30_open_0500_PT,2025-03-30 05:00:00-07:00,2025-03-28 15:15:26.051464+00:00,0.11,2025-03-28 08:15:26.051464-07:00
KXSB-26-BUF,2025-03-30 12:00:00+00:00,2025_03_30_open_0500_PT,2025-03-30 05:00:00-07:00,2025-03-29 22:46:46.725310+00:00,0.12,2025-03-29 15:46:46.725310-07:00
KXSB-26-GB,2025-03-30 12:00:00+00:00,2025_03_30_open_0500_PT,2025-03-30 05:00:00-07:00,2025-03-26 19:11:42.430633+00:00,0.04,2025-03-26 12:11:42.430633-07:00
KXSB-26-KC,2025-03-30 12:00:00+00:00,2025_03_30_open_0500_PT,2025-03-30 05:00:00-07:00,2025-03-22 21:25:16.598872+00:00,0.11,2025-03-22 14:25:16.598872-07:00
KXSB-26-PHI,2025-03-30 12:00:00+00:00,2025_03_30_open_0500_PT,2025-03-30 05:00:00-07:00,2025-03-29 16:52:41.034743+00:00,0.13,2025-03-29 09:52:41.034743-07:00
KXSB-26-SEA,2025-03-30 12:00:00+00:00,2025_03_30_open_0500_PT,2025-03-30 05:00:00-07:00,2025-03-24 09:54:03.481477+00:00,0.02,2025-03-24 02:54:03.481477-07:00
KXTHEOPEN-25-RM,2025-03-30 12:00:00+00:00,2025_03_30_open_0500_PT,2025-03-30 05:00:00-07:00,2025-03-30 06:20:27.599694+00:00,0.13,2025-03-29 23:20:27.599694-07:00
KXTHEOPEN-25-SS,2025-03-30 12:00:00+00:00,2025_03_30_open_0500_PT,2025-03-30 05:00:00-07:00,2025-03-21 11:30:31.056877+00:00,0.2,2025-03-21 04:30:31.056877-07:00
KXTOPARTIST-25-BB,2025-03-30 12:00:00+00:00,2025_03_30_open_0500_PT,2025-03-30 05:00:00-07:00,2025-03-30 10:34:25.076088+00:00,0.47,2025-03-30 03:34:25.076088-07:00
KXTOPARTIST-25-TS,2025-03-30 12:00:00+00:00,2025_03_30_open_0500_PT,2025-03-30 05:00:00-07:00,2025-03-30 10:34:16.979574+00:00,0.39,2025-03-30 03:34:16.979574-07:00
KXUEFACL-25-IM,2025-03-30 12:00:00+00:00,2025_03_30_open_0500_PT,2025-03-30 05:00:00-07:00,2025-03-28 16:13:33.772808+00:00,0.08,2025-03-28 09:13:33.772808-07:00
KXUEFACL-25-PSG,2025-03-30 12:00:00+00:00,2025_03_30_open_0500_PT,2025-03-30 05:00:00-07:00,2025-03-28 19:00:08.620876+00:00,0.21,2025-03-28 12:00:08.620876-07:00
KXUSOMENSINGLES-25-CA,2025-03-30 12:00:00+00:00,2025_03_30_open_0500_PT,2025-03-30 05:00:00-07:00,2025-03-29 10:47:35.642384+00:00,0.22,2025-03-29 03:47:35.642384-07:00
KXUSOMENSINGLES-25-JS,2025-03-30 12:00:00+00:00,2025_03_30_open_0500_PT,2025-03-30 05:00:00-07:00,2025-03-23 08:36:42.643007+00:00,0.37,2025-03-23 01:36:42.643007-07:00
KXUSOMENSINGLES-25-ND,2025-03-30 12:00:00+00:00,2025_03_30_open_0500_PT,2025-03-30 05:00:00-07:00,2025-03-19 07:01:50.304458+00:00,0.13,2025-03-19 00:01:50.304458-07:00
KXUSOPEN-25-BD,2025-03-30 12:00:00+00:00,2025_03_30_open_0500_PT,2025-03-30 05:00:00-07:00,2025-03-28 15:52:30.910138+00:00,0.07,2025-03-28 08:52:30.910138-07:00
KXUSOPEN-25-BK,2025-03-30 12:00:00+00:00,2025_03_30_open_0500_PT,2025-03-30 05:00:00-07:00,2025-03-20 08:18:27.580179+00:00,0.05,2025-03-20 01:18:27.580179-07:00
KXUSOPEN-25-RM,2025-03-30 12:00:00+00:00,2025_03_30_open_0500_PT,2025-03-30 05:00:00-07:00,2025-03-29 14:28:39.890221+00:00,0.08,2025-03-29 07:28:39.890221-07:00
KXUSOPEN-25-RMAC,2025-03-30 12:00:00+00:00,2025_03_30_open_0500_PT,2025-03-30 05:00:00-07:00,2025-02-13 20:06:17.379384+00:00,0.03,2025-02-13 12:06:17.379384-08:00
KXUSOPEN-25-SS,2025-03-30 12:00:00+00:00,2025_03_30_open_0500_PT,2025-03-30 05:00:00-07:00,2025-03-29 14:50:21.269802+00:00,0.15,2025-03-29 07:50:21.269802-07:00
KXUSOPEN-25-VH,2025-03-30 12:00:00+00:00,2025_03_30_open_0500_PT,2025-03-30 05:00:00-07:00,2025-03-19 14:34:48.583482+00:00,0.05,2025-03-19 07:34:48.583482-07:00
KXWMENSINGLES-25-CA,2025-03-30 12:00:00+00:00,2025_03_30_open_0500_PT,2025-03-30 05:00:00-07:00,2025-03-30 08:05:38.933114+00:00,0.37,2025-03-30 01:05:38.933114-07:00
KXWMENSINGLES-25-JS,2025-03-30 12:00:00+00:00,2025_03_30_open_0500_PT,2025-03-30 05:00:00-07:00,2025-03-17 16:56:46.527365+00:00,0.29,2025-03-17 09:56:46.527365-07:00
KXWMENSINGLES-25-ND,2025-03-30 12:00:00+00:00,2025_03_30_open_0500_PT,2025-03-30 05:00:00-07:00,2025-03-25 08:20:43.511654+00:00,0.14,2025-03-25 01:20:43.511654-07:00
KXWMENSINGLES-25-TF,2025-03-30 12:00:00+00:00,2025_03_30_open_0500_PT,2025-03-30 05:00:00-07:00,,,
LEAVEPOWELL-25-DEC31,2025-03-30 12:00:00+00:00,2025_03_30_open_0500_PT,2025-03-30 05:00:00-07:00,2025-03-29 21:41:45.374620+00:00,0.16,2025-03-29 14:41:45.374620-07:00
RECSSNBER-25,2025-03-30 12:00:00+00:00,2025_03_30_open_0500_PT,2025-03-30 05:00:00-07:00,2025-03-30 09:02:36.999816+00:00,0.4,2025-03-30 02:02:36.999816-07:00
FED-25MAY-T4.00,2025-03-31 00:00:00+00:00,2025_03_30_close_1700_PT,2025-03-30 17:00:00-07:00,2025-03-30 22:37:12.063699+00:00,0.96,2025-03-30 15:37:12.063699-07:00
FED-25MAY-T4.25,2025-03-31 00:00:00+00:00,2025_03_30_close_1700_PT,2025-03-30 17:00:00-07:00,2025-03-30 23:38:35.663573+00:00,0.83,2025-03-30 16:38:35.663573-07:00
GOVPARTYNJ-25-D,2025-03-31 00:00:00+00:00,2025_03_30_close_1700_PT,2025-03-30 17:00:00-07:00,2025-03-29 19:27:18.506834+00:00,0.75,2025-03-29 12:27:18.506834-07:00
GOVPARTYNJ-25-R,2025-03-31 00:00:00+00:00,2025_03_30_close_1700_PT,2025-03-30 17:00:00-07:00,2025-03-29 20:24:01.916887+00:00,0.29,2025-03-29 13:24:01.916887-07:00
GOVPARTYVA-25-R,2025-03-31 00:00:00+00:00,2025_03_30_close_1700_PT,2025-03-30 17:00:00-07:00,2025-03-29 17:54:59.221344+00:00,0.15,2025-03-29 10:54:59.221344-07:00
KXBTCMAX150-25-DEC31-149999.99,2025-03-31 00:00:00+00:00,2025_03_30_close_1700_PT,2025-03-30 17:00:00-07:00,2025-03-30 21:38:41.690516+00:00,0.24,2025-03-30 14:38:41.690516-07:00
KXBTCMAXY-25-DEC31-124999.99,2025-03-31 00:00:00+00:00,2025_03_30_close_1700_PT,2025-03-30 17:00:00-07:00,2025-03-30 18:47:57.409795+00:00,0.4,2025-03-30 11:47:57.409795-07:00
KXBTCMAXY-25-DEC31-149999.99,2025-03-31 00:00:00+00:00,2025_03_30_close_1700_PT,2025-03-30 17:00:00-07:00,2025-03-30 20:58:57.323419+00:00,0.22,2025-03-30 13:58:57.323419-07:00
KXBTCRESERVE-26-JAN01,2025-03-31 00:00:00+00:00,2025_03_30_close_1700_PT,2025-03-30 17:00:00-07:00,2025-03-30 18:01:04.740893+00:00,0.5,2025-03-30 11:01:04.740893-07:00
KXCANADAPM-45-C,2025-03-31 00:00:00+00:00,2025_03_30_close_1700_PT,2025-03-30 17:00:00-07:00,2025-03-30 22:47:17.709349+00:00,0.31,2025-03-30 15:47:17.709349-07:00
KXCANADAPM-45-L,2025-03-31 00:00:00+00:00,2025_03_30_close_1700_PT,2025-03-30 17:00:00-07:00,2025-03-30 23:29:00.082483+00:00,0.69,2025-03-30 16:29:00.082483-07:00
KXCPIYOY-25APR-T2.4,2025-03-31 00:00:00+00:00,2025_03_30_close_1700_PT,2025-03-30 17:00:00-07:00,2025-03-27 05:37:39.430729+00:00,0.6,2025-03-26 22:37:39.430729-07:00
KXCPIYOY-25APR-T2.5,2025-03-31 00:00:00+00:00,2025_03_30_close_1700_PT,2025-03-30 17:00:00-07:00,2025-03-29 06:20:48.958257+00:00,0.5,2025-03-28 23:20:48.958257-07:00
KXDOED-26-JAN01,2025-03-31 00:00:00+00:00,2025_03_30_close_1700_PT,2025-03-30 17:00:00-07:00,2025-03-30 23:04:28.242793+00:00,0.17,2025-03-30 16:04:28.242793-07:00
KXEPSTEIN-25,2025-03-31 00:00:00+00:00,2025_03_30_close_1700_PT,2025-03-30 17:00:00-07:00,2025-03-30 23:40:13.815282+00:00,0.4,2025-03-30 16:40:13.815282-07:00
KXETHMAXY-25DEC31-4999.99,2025-03-31 00:00:00+00:00,2025_03_30_close_1700_PT,2025-03-30 17:00:00-07:00,2025-03-30 14:05:24.896309+00:00,0.17,2025-03-30 07:05:24.896309-07:00
KXFEDDECISION-25MAY-C25,2025-03-31 00:00:00+00:00,2025_03_30_close_1700_PT,2025-03-30 17:00:00-07:00,2025-03-30 18:09:20.952143+00:00,0.15,2025-03-30 11:09:20.952143-07:00
KXFEDDECISION-25MAY-C26,2025-03-31 00:00:00+00:00,2025_03_30_close_1700_PT,2025-03-30 17:00:00-07:00,2025-03-28 12:29:39.421271+00:00,0.02,2025-03-28 05:29:39.421271-07:00
KXFEDDECISION-25MAY-H0,2025-03-31 00:00:00+00:00,2025_03_30_close_1700_PT,2025-03-30 17:00:00-07:00,2025-03-30 21:38:46.965458+00:00,0.83,2025-03-30 14:38:46.965458-07:00
KXFOMENSINGLES-25-CA,2025-03-31 00:00:00+00:00,2025_03_30_close_1700_PT,2025-03-30 17:00:00-07:00,2025-03-29 10:48:05.691756+00:00,0.41,2025-03-29 03:48:05.691756-07:00
KXFOMENSINGLES-25-JS,2025-03-31 00:00:00+00:00,2025_03_30_close_1700_PT,2025-03-30 17:00:00-07:00,2025-03-24 10:59:37.791628+00:00,0.26,2025-03-24 03:59:37.791628-07:00
KXFOMENSINGLES-25-ND,2025-03-31 00:00:00+00:00,2025_03_30_close_1700_PT,2025-03-30 17:00:00-07:00,2025-03-30 14:17:57.301490+00:00,0.09,2025-03-30 07:17:57.301490-07:00
KXFOWOMENSINGLES-25-AS,2025-03-31 00:00:00+00:00,2025_03_30_close_1700_PT,2025-03-30 17:00:00-07:00,2025-03-27 19:00:48.790250+00:00,0.17,2025-03-27 12:00:48.790250-07:00
KXFOWOMENSINGLES-25-CG,2025-03-31 00:00:00+00:00,2025_03_30_close_1700_PT,2025-03-30 17:00:00-07:00,2025-02-10 18:42:35.041176+00:00,0.08,2025-02-10 10:42:35.041176-08:00
KXLEAGUEWORLDS-25-T1,2025-03-31 00:00:00+00:00,2025_03_30_close_1700_PT,2025-03-30 17:00:00-07:00,2025-03-30 08:46:33.090043+00:00,0.28,2025-03-30 01:46:33.090043-07:00
KXLLM1-25DEC31-XAI,2025-03-31 00:00:00+00:00,2025_03_30_close_1700_PT,2025-03-30 17:00:00-07:00,2025-03-28 20:23:09.989452+00:00,0.25,2025-03-28 13:23:09.989452-07:00
KXMARMAD-25-AU,2025-03-31 00:00:00+00:00,2025_03_30_close_1700_PT,2025-03-30 17:00:00-07:00,2025-03-30 23:56:26.666415+00:00,0.15,2025-03-30 16:56:26.666415-07:00
KXMARMAD-25-DU,2025-03-31 00:00:00+00:00,2025_03_30_close_1700_PT,2025-03-30 17:00:00-07:00,2025-03-30 23:56:43.976463+00:00,0.47,2025-03-30 16:56:43.976463-07:00
KXMARMAD-25-FL,2025-03-31 00:00:00+00:00,2025_03_30_close_1700_PT,2025-03-30 17:00:00-07:00,2025-03-30 23:54:59.797652+00:00,0.24,2025-03-30 16:54:59.797652-07:00
KXMARMAD-25-HOU,2025-03-31 00:00:00+00:00,2025_03_30_close_1700_PT,2025-03-30 17:00:00-07:00,2025-03-30 23:50:48.511688+00:00,0.16,2025-03-30 16:50:48.511688-07:00
KXMASTERS-25-BD,2025-03-31 00:00:00+00:00,2025_03_30_close_1700_PT,2025-03-30 17:00:00-07:00,2025-03-30 19:23:31.938951+00:00,0.05,2025-03-30 12:23:31.938951-07:00
KXMASTERS-25-CM,2025-03-31 00:00:00+00:00,2025_03_30_close_1700_PT,2025-03-30 17:00:00-07:00,2025-03-30 19:23:14.225724+00:00,0.06,2025-03-30 12:23:14.225724-07:00
KXMASTERS-25-LA,2025-03-31 00:00:00+00:00,2025_03_30_close_1700_PT,2025-03-30 17:00:00-07:00,2025-03-30 20:44:36.930008+00:00,0.07,2025-03-30 13:44:36.930008-07:00
KXMASTERS-25-RM,2025-03-31 00:00:00+00:00,2025_03_30_close_1700_PT,2025-03-30 17:00:00-07:00,2025-03-30 22:06:22.651488+00:00,0.14,2025-03-30 15:06:22.651488-07:00
KXMASTERS-25-SS,2025-03-31 00:00:00+00:00,2025_03_30_close_1700_PT,2025-03-30 17:00:00-07:00,2025-03-30 19:23:49.531253+00:00,0.15,2025-03-30 12:23:49.531253-07:00
KXMAYORNYCNOMD-25-AC,2025-03-31 00:00:00+00:00,2025_03_30_close_1700_PT,2025-03-30 17:00:00-07:00,2025-03-30 22:39:16.366256+00:00,0.8,2025-03-30 15:39:16.366256-07:00
KXMAYORNYCNOMD-25-ZM,2025-03-31 00:00:00+00:00,2025_03_30_close_1700_PT,2025-03-30 17:00:00-07:00,2025-03-30 22:39:29.085584+00:00,0.1,2025-03-30 15:39:29.085584-07:00
KXMAYORNYCPARTY-25-D,2025-03-31 00:00:00+00:00,2025_03_30_close_1700_PT,2025-03-30 17:00:00-07:00,2025-03-30 09:45:09.000733+00:00,0.93,2025-03-30 02:45:09.000733-07:00
KXMAYORNYCPARTY-25-R,2025-03-31 00:00:00+00:00,2025_03_30_close_1700_PT,2025-03-30 17:00:00-07:00,2025-03-28 11:00:10.152637+00:00,0.09,2025-03-28 04:00:10.152637-07:00
KXMLB-25-LAD,2025-03-31 00:00:00+00:00,2025_03_30_close_1700_PT,2025-03-30 17:00:00-07:00,2025-03-30 18:08:44.251480+00:00,0.26,2025-03-30 11:08:44.251480-07:00
KXMLB-25-MIL,2025-03-31 00:00:00+00:00,2025_03_30_close_1700_PT,2025-03-30 17:00:00-07:00,2025-03-29 22:30:48.613771+00:00,0.02,2025-03-29 15:30:48.613771-07:00
KXMLB-25-PHI,2025-03-31 00:00:00+00:00,2025_03_30_close_1700_PT,2025-03-30 17:00:00-07:00,2025-03-28 19:33:41.242742+00:00,0.07,2025-03-28 12:33:41.242742-07:00
KXMLB-25-SEA,2025-03-31 00:00:00+00:00,2025_03_30_close_1700_PT,2025-03-30 17:00:00-07:00,2025-03-30 07:38:52.444953+00:00,0.03,2025-03-30 00:38:52.444953-07:00
KXMLB-25-TOR,2025-03-31 00:00:00+00:00,2025_03_30_close_1700_PT,2025-03-30 17:00:00-07:00,2025-03-30 21:01:00.720304+00:00,0.01,2025-03-30 14:01:00.720304-07:00
KXMLBAL-25-SEA,2025-03-31 00:00:00+00:00,2025_03_30_close_1700_PT,2025-03-30 17:00:00-07:00,2025-03-24 19:54:22.810129+00:00,0.1,2025-03-24 12:54:22.810129-07:00
KXMLBAL-25-TOR,2025-03-31 00:00:00+00:00,2025_03_30_close_1700_PT,2025-03-30 17:00:00-07:00,2025-03-27 23:10:01.004366+00:00,0.03,2025-03-27 16:10:01.004366-07:00
KXMLBNL-25-LAD,2025-03-31 00:00:00+00:00,2025_03_30_close_1700_PT,2025-03-30 17:00:00-07:00,2025-03-28 14:43:06.325354+00:00,0.36,2025-03-28 07:43:06.325354-07:00
KXNBA-25-BOS,2025-03-31 00:00:00+00:00,2025_03_30_close_1700_PT,2025-03-30 17:00:00-07:00,2025-03-30 22:41:16.868700+00:00,0.28,2025-03-30 15:41:16.868700-07:00
KXNBA-25-CLE,2025-03-31 00:00:00+00:00,2025_03_30_close_1700_PT,2025-03-30 17:00:00-07:00,2025-03-30 16:52:16.111234+00:00,0.12,2025-03-30 09:52:16.111234-07:00
KXNBA-25-DEN,2025-03-31 00:00:00+00:00,2025_03_30_close_1700_PT,2025-03-30 17:00:00-07:00,2025-03-30 20:53:30.302023+00:00,0.07,2025-03-30 13:53:30.302023-07:00
KXNBA-25-GSW,2025-03-31 00:00:00+00:00,2025_03_30_close_1700_PT,2025-03-30 17:00:00-07:00,2025-03-30 20:53:53.058956+00:00,0.05,2025-03-30 13:53:53.058956-07:00
KXNBA-25-IND,2025-03-31 00:00:00+00:00,2025_03_30_close_1700_PT,2025-03-30 17:00:00-07:00,2025-03-24 13:22:15.203154+00:00,0.01,2025-03-24 06:22:15.203154-07:00
KXNBA-25-LAL,2025-03-31 00:00:00+00:00,2025_03_30_close_1700_PT,2025-03-30 17:00:00-07:00,2025-03-30 22:04:30.576858+00:00,0.08,2025-03-30 15:04:30.576858-07:00
KXNBA-25-MIN,2025-03-31 00:00:00+00:00,2025_03_30_close_1700_PT,2025-03-30 17:00:00-07:00,2025-03-29 13:56:12.579114+00:00,0.02,2025-03-29 06:56:12.579114-07:00
KXNBA-25-NYK,2025-03-31 00:00:00+00:00,2025_03_30_close_1700_PT,2025-03-30 17:00:00-07:00,2025-03-30 09:36:03.754049+00:00,0.03,2025-03-30 02:36:03.754049-07:00
KXNBA-25-OKC,2025-03-31 00:00:00+00:00,2025_03_30_close_1700_PT,2025-03-30 17:00:00-07:00,2025-03-30 22:40:56.543919+00:00,0.34,2025-03-30 15:40:56.543919-07:00
KXNBAEAST-25-BOS,2025-03-31 00:00:00+00:00,2025_03_30_close_1700_PT,2025-03-30 17:00:00-07:00,2025-03-30 22:31:34.516332+00:00,0.56,2025-03-30 15:31:34.516332-07:00
KXNBAEAST-25-IND,2025-03-31 00:00:00+00:00,2025_03_30_close_1700_PT,2025-03-30 17:00:00-07:00,2025-03-25 18:20:15.333092+00:00,0.02,2025-03-25 11:20:15.333092-07:00
KXNBAEAST-25-NYK,2025-03-31 00:00:00+00:00,2025_03_30_close_1700_PT,2025-03-30 17:00:00-07:00,2025-03-28 22:31:46.902693+00:00,0.08,2025-03-28 15:31:46.902693-07:00
KXNBAWEST-25-DEN,2025-03-31 00:00:00+00:00,2025_03_30_close_1700_PT,2025-03-30 17:00:00-07:00,2025-03-30 20:44:24.908785+00:00,0.1,2025-03-30 13:44:24.908785-07:00
KXNBAWEST-25-MIN,2025-03-31 00:00:00+00:00,2025_03_30_close_1700_PT,2025-03-30 17:00:00-07:00,2025-03-30 15:22:43.035443+00:00,0.04,2025-03-30 08:22:43.035443-07:00
KXNBAWEST-25-OKC,2025-03-31 00:00:00+00:00,2025_03_30_close_1700_PT,2025-03-30 17:00:00-07:00,2025-03-30 20:06:35.827887+00:00,0.55,2025-03-30 13:06:35.827887-07:00
KXNCAAF-26-OSU,2025-03-31 00:00:00+00:00,2025_03_30_close_1700_PT,2025-03-30 17:00:00-07:00,2025-03-26 10:21:47.195660+00:00,0.15,2025-03-26 03:21:47.195660-07:00
KXNHL-25-EDM,2025-03-31 00:00:00+00:00,2025_03_30_close_1700_PT,2025-03-30 17:00:00-07:00,2025-03-29 17:12:48.202420+00:00,0.06,2025-03-29 10:12:48.202420-07:00
KXNHL-25-FLA,2025-03-31 00:00:00+00:00,2025_03_30_close_1700_PT,2025-03-30 17:00:00-07:00,2025-03-29 22:42:42.143389+00:00,0.13,2025-03-29 15:42:42.143389-07:00
KXNOBELPEACE-25-DJT,2025-03-31 00:00:00+00:00,2025_03_30_close_1700_PT,2025-03-30 17:00:00-07:00,2025-03-30 21:27:59.548335+00:00,0.1,2025-03-30 14:27:59.548335-07:00
KXPGA-25-BD,2025-03-31 00:00:00+00:00,2025_03_30_close_1700_PT,2025-03-30 17:00:00-07:00,2025-03-20 12:28:07.193994+00:00,0.06,2025-03-20 05:28:07.193994-07:00
KXPGA-25-RM,2025-03-31 00:00:00+00:00,2025_03_30_close_1700_PT,2025-03-30 17:00:00-07:00,2025-03-29 22:27:22.299399+00:00,0.13,2025-03-29 15:27:22.299399-07:00
KXPGA-25-SS,2025-03-31 00:00:00+00:00,2025_03_30_close_1700_PT,2025-03-30 17:00:00-07:00,2025-03-30 19:24:11.052938+00:00,0.11,2025-03-30 12:24:11.052938-07:00
KXRATECUTCOUNT-25DEC31-T0,2025-03-31 00:00:00+00:00,2025_03_30_close_1700_PT,2025-03-30 17:00:00-07:00,2025-03-30 21:34:21.895965+00:00,0.11,2025-03-30 14:34:21.895965-07:00
KXRATECUTCOUNT-25DEC31-T1,2025-03-31 00:00:00+00:00,2025_03_30_close_1700_PT,2025-03-30 17:00:00-07:00,2025-03-30 23:26:37.488227+00:00,0.16,2025-03-30 16:26:37.488227-07:00
KXRATECUTCOUNT-25DEC31-T2,2025-03-31 00:00:00+00:00,2025_03_30_close_1700_PT,2025-03-30 17:00:00-07:00,2025-03-28 13:43:34.608166+00:00,0.22,2025-03-28 06:43:34.608166-07:00
KXRATECUTCOUNT-25DEC31-T3,2025-03-31 00:00:00+00:00,2025_03_30_close_1700_PT,2025-03-30 17:00:00-07:00,2025-03-30 20:20:16.470548+00:00,0.18,2025-03-30 13:20:16.470548-07:00
KXSB-26-BAL,2025-03-31 00:00:00+00:00,2025_03_30_close_1700_PT,2025-03-30 17:00:00-07:00,2025-03-28 15:15:26.051464+00:00,0.11,2025-03-28 08:15:26.051464-07:00
KXSB-26-BUF,2025-03-31 00:00:00+00:00,2025_03_30_close_1700_PT,2025-03-30 17:00:00-07:00,2025-03-29 22:46:46.725310+00:00,0.12,2025-03-29 15:46:46.725310-07:00
KXSB-26-GB,2025-03-31 00:00:00+00:00,2025_03_30_close_1700_PT,2025-03-30 17:00:00-07:00,2025-03-30 12:07:21.863231+00:00,0.04,2025-03-30 05:07:21.863231-07:00
KXSB-26-KC,2025-03-31 00:00:00+00:00,2025_03_30_close_1700_PT,2025-03-30 17:00:00-07:00,2025-03-22 21:25:16.598872+00:00,0.11,2025-03-22 14:25:16.598872-07:00
KXSB-26-PHI,2025-03-31 00:00:00+00:00,2025_03_30_close_1700_PT,2025-03-30 17:00:00-07:00,2025-03-30 17:39:02.722029+00:00,0.13,2025-03-30 10:39:02.722029-07:00
KXSB-26-SEA,2025-03-31 00:00:00+00:00,2025_03_30_close_1700_PT,2025-03-30 17:00:00-07:00,2025-03-24 09:54:03.481477+00:00,0.02,2025-03-24 02:54:03.481477-07:00
KXTHEOPEN-25-RM,2025-03-31 00:00:00+00:00,2025_03_30_close_1700_PT,2025-03-30 17:00:00-07:00,2025-03-30 06:20:27.599694+00:00,0.13,2025-03-29 23:20:27.599694-07:00
KXTHEOPEN-25-SS,2025-03-31 00:00:00+00:00,2025_03_30_close_1700_PT,2025-03-30 17:00:00-07:00,2025-03-21 11:30:31.056877+00:00,0.2,2025-03-21 04:30:31.056877-07:00
KXTOPARTIST-25-BB,2025-03-31 00:00:00+00:00,2025_03_30_close_1700_PT,2025-03-30 17:00:00-07:00,2025-03-30 10:34:25.076088+00:00,0.47,2025-03-30 03:34:25.076088-07:00
KXTOPARTIST-25-TS,2025-03-31 00:00:00+00:00,2025_03_30_close_1700_PT,2025-03-30 17:00:00-07:00,2025-03-30 13:50:20.577434+00:00,0.46,2025-03-30 06:50:20.577434-07:00
KXUEFACL-25-IM,2025-03-31 00:00:00+00:00,2025_03_30_close_1700_PT,2025-03-30 17:00:00-07:00,2025-03-28 16:13:33.772808+00:00,0.08,2025-03-28 09:13:33.772808-07:00
KXUEFACL-25-PSG,2025-03-31 00:00:00+00:00,2025_03_30_close_1700_PT,2025-03-30 17:00:00-07:00,2025-03-30 16:58:12.285339+00:00,0.21,2025-03-30 09:58:12.285339-07:00
KXUSOMENSINGLES-25-CA,2025-03-31 00:00:00+00:00,2025_03_30_close_1700_PT,2025-03-30 17:00:00-07:00,2025-03-29 10:47:35.642384+00:00,0.22,2025-03-29 03:47:35.642384-07:00
KXUSOMENSINGLES-25-JS,2025-03-31 00:00:00+00:00,2025_03_30_close_1700_PT,2025-03-30 17:00:00-07:00,2025-03-23 08:36:42.643007+00:00,0.37,2025-03-23 01:36:42.643007-07:00
KXUSOMENSINGLES-25-ND,2025-03-31 00:00:00+00:00,2025_03_30_close_1700_PT,2025-03-30 17:00:00-07:00,2025-03-19 07:01:50.304458+00:00,0.13,2025-03-19 00:01:50.304458-07:00
KXUSOPEN-25-BD,2025-03-31 00:00:00+00:00,2025_03_30_close_1700_PT,2025-03-30 17:00:00-07:00,2025-03-28 15:52:30.910138+00:00,0.07,2025-03-28 08:52:30.910138-07:00
KXUSOPEN-25-BK,2025-03-31 00:00:00+00:00,2025_03_30_close_1700_PT,2025-03-30 17:00:00-07:00,2025-03-20 08:18:27.580179+00:00,0.05,2025-03-20 01:18:27.580179-07:00
KXUSOPEN-25-RM,2025-03-31 00:00:00+00:00,2025_03_30_close_1700_PT,2025-03-30 17:00:00-07:00,2025-03-29 14:28:39.890221+00:00,0.08,2025-03-29 07:28:39.890221-07:00
KXUSOPEN-25-RMAC,2025-03-31 00:00:00+00:00,2025_03_30_close_1700_PT,2025-03-30 17:00:00-07:00,2025-02-13 20:06:17.379384+00:00,0.03,2025-02-13 12:06:17.379384-08:00
KXUSOPEN-25-SS,2025-03-31 00:00:00+00:00,2025_03_30_close_1700_PT,2025-03-30 17:00:00-07:00,2025-03-30 19:24:19.711394+00:00,0.14,2025-03-30 12:24:19.711394-07:00
KXUSOPEN-25-VH,2025-03-31 00:00:00+00:00,2025_03_30_close_1700_PT,2025-03-30 17:00:00-07:00,2025-03-19 14:34:48.583482+00:00,0.05,2025-03-19 07:34:48.583482-07:00
KXWMENSINGLES-25-CA,2025-03-31 00:00:00+00:00,2025_03_30_close_1700_PT,2025-03-30 17:00:00-07:00,2025-03-30 08:05:38.933114+00:00,0.37,2025-03-30 01:05:38.933114-07:00
KXWMENSINGLES-25-JS,2025-03-31 00:00:00+00:00,2025_03_30_close_1700_PT,2025-03-30 17:00:00-07:00,2025-03-17 16:56:46.527365+00:00,0.29,2025-03-17 09:56:46.527365-07:00
KXWMENSINGLES-25-ND,2025-03-31 00:00:00+00:00,2025_03_30_close_1700_PT,2025-03-30 17:00:00-07:00,2025-03-25 08:20:43.511654+00:00,0.14,2025-03-25 01:20:43.511654-07:00
KXWMENSINGLES-25-TF,2025-03-31 00:00:00+00:00,2025_03_30_close_1700_PT,2025-03-30 17:00:00-07:00,,,
LEAVEPOWELL-25-DEC31,2025-03-31 00:00:00+00:00,2025_03_30_close_1700_PT,2025-03-30 17:00:00-07:00,2025-03-29 21:41:45.374620+00:00,0.16,2025-03-29 14:41:45.374620-07:00
RECSSNBER-25,2025-03-31 00:00:00+00:00,2025_03_30_close_1700_PT,2025-03-30 17:00:00-07:00,2025-03-30 21:15:41.130317+00:00,0.42,2025-03-30 14:15:41.130317-07:00
FED-25MAY-T4.00,2025-03-31 12:00:00+00:00,2025_03_31_open_0500_PT,2025-03-31 05:00:00-07:00,2025-03-31 11:52:20.206574+00:00,0.95,2025-03-31 04:52:20.206574-07:00
FED-25MAY-T4.25,2025-03-31 12:00:00+00:00,2025_03_31_open_0500_PT,2025-03-31 05:00:00-07:00,2025-03-31 11:48:21.942021+00:00,0.82,2025-03-31 04:48:21.942021-07:00
GOVPARTYNJ-25-D,2025-03-31 12:00:00+00:00,2025_03_31_open_0500_PT,2025-03-31 05:00:00-07:00,2025-03-29 19:27:18.506834+00:00,0.75,2025-03-29 12:27:18.506834-07:00
GOVPARTYNJ-25-R,2025-03-31 12:00:00+00:00,2025_03_31_open_0500_PT,2025-03-31 05:00:00-07:00,2025-03-31 08:55:15.511088+00:00,0.28,2025-03-31 01:55:15.511088-07:00
GOVPARTYVA-25-R,2025-03-31 12:00:00+00:00,2025_03_31_open_0500_PT,2025-03-31 05:00:00-07:00,2025-03-29 17:54:59.221344+00:00,0.15,2025-03-29 10:54:59.221344-07:00
KXBTCMAX150-25-DEC31-149999.99,2025-03-31 12:00:00+00:00,2025_03_31_open_0500_PT,2025-03-31 05:00:00-07:00,2025-03-31 09:46:54.887427+00:00,0.24,2025-03-31 02:46:54.887427-07:00
KXBTCMAXY-25-DEC31-124999.99,2025-03-31 12:00:00+00:00,2025_03_31_open_0500_PT,2025-03-31 05:00:00-07:00,2025-03-31 11:31:12.771826+00:00,0.37,2025-03-31 04:31:12.771826-07:00
KXBTCMAXY-25-DEC31-149999.99,2025-03-31 12:00:00+00:00,2025_03_31_open_0500_PT,2025-03-31 05:00:00-07:00,2025-03-31 07:39:38.089563+00:00,0.23,2025-03-31 00:39:38.089563-07:00
KXBTCRESERVE-26-JAN01,2025-03-31 12:00:00+00:00,2025_03_31_open_0500_PT,2025-03-31 05:00:00-07:00,2025-03-31 10:56:29.274297+00:00,0.53,2025-03-31 03:56:29.274297-07:00
KXCANADAPM-45-C,2025-03-31 12:00:00+00:00,2025_03_31_open_0500_PT,2025-03-31 05:00:00-07:00,2025-03-31 10:27:28.539845+00:00,0.32,2025-03-31 03:27:28.539845-07:00
KXCANADAPM-45-L,2025-03-31 12:00:00+00:00,2025_03_31_open_0500_PT,2025-03-31 05:00:00-07:00,2025-03-31 11:45:05.159514+00:00,0.68,2025-03-31 04:45:05.159514-07:00
KXCPIYOY-25APR-T2.4,2025-03-31 12:00:00+00:00,2025_03_31_open_0500_PT,2025-03-31 05:00:00-07:00,2025-03-31 05:00:57.859090+00:00,0.65,2025-03-30 22:00:57.859090-07:00
KXCPIYOY-25APR-T2.5,2025-03-31 12:00:00+00:00,2025_03_31_open_0500_PT,2025-03-31 05:00:00-07:00,2025-03-29 06:20:48.958257+00:00,0.5,2025-03-28 23:20:48.958257-07:00
KXDOED-26-JAN01,2025-03-31 12:00:00+00:00,2025_03_31_open_0500_PT,2025-03-31 05:00:00-07:00,2025-03-31 08:45:03.571521+00:00,0.15,2025-03-31 01:45:03.571521-07:00
KXEPSTEIN-25,2025-03-31 12:00:00+00:00,2025_03_31_open_0500_PT,2025-03-31 05:00:00-07:00,2025-03-31 11:58:18.232807+00:00,0.41,2025-03-31 04:58:18.232807-07:00
KXETHMAXY-25DEC31-4999.99,2025-03-31 12:00:00+00:00,2025_03_31_open_0500_PT,2025-03-31 05:00:00-07:00,2025-03-30 14:05:24.896309+00:00,0.17,2025-03-30 07:05:24.896309-07:00
KXFEDDECISION-25MAY-C25,2025-03-31 12:00:00+00:00,2025_03_31_open_0500_PT,2025-03-31 05:00:00-07:00,2025-03-31 08:39:53.746178+00:00,0.18,2025-03-31 01:39:53.746178-07:00
KXFEDDECISION-25MAY-C26,2025-03-31 12:00:00+00:00,2025_03_31_open_0500_PT,2025-03-31 05:00:00-07:00,2025-03-31 08:24:45.301403+00:00,0.03,2025-03-31 01:24:45.301403-07:00
KXFEDDECISION-25MAY-H0,2025-03-31 12:00:00+00:00,2025_03_31_open_0500_PT,2025-03-31 05:00:00-07:00,2025-03-31 10:53:06.762813+00:00,0.82,2025-03-31 03:53:06.762813-07:00
KXFOMENSINGLES-25-CA,2025-03-31 12:00:00+00:00,2025_03_31_open_0500_PT,2025-03-31 05:00:00-07:00,2025-03-29 10:48:05.691756+00:00,0.41,2025-03-29 03:48:05.691756-07:00
KXFOMENSINGLES-25-JS,2025-03-31 12:00:00+00:00,2025_03_31_open_0500_PT,2025-03-31 05:00:00-07:00,2025-03-24 10:59:37.791628+00:00,0.26,2025-03-24 03:59:37.791628-07:00
KXFOMENSINGLES-25-ND,2025-03-31 12:00:00+00:00,2025_03_31_open_0500_PT,2025-03-31 05:00:00-07:00,2025-03-30 14:17:57.301490+00:00,0.09,2025-03-30 07:17:57.301490-07:00
KXFOWOMENSINGLES-25-AS,2025-03-31 12:00:00+00:00,2025_03_31_open_0500_PT,2025-03-31 05:00:00-07:00,2025-03-27 19:00:48.790250+00:00,0.17,2025-03-27 12:00:48.790250-07:00
KXFOWOMENSINGLES-25-CG,2025-03-31 12:00:00+00:00,2025_03_31_open_0500_PT,2025-03-31 05:00:00-07:00,2025-02-10 18:42:35.041176+00:00,0.08,2025-02-10 10:42:35.041176-08:00
KXLEAGUEWORLDS-25-T1,2025-03-31 12:00:00+00:00,2025_03_31_open_0500_PT,2025-03-31 05:00:00-07:00,2025-03-30 08:46:33.090043+00:00,0.28,2025-03-30 01:46:33.090043-07:00
KXLLM1-25DEC31-XAI,2025-03-31 12:00:00+00:00,2025_03_31_open_0500_PT,2025-03-31 05:00:00-07:00,2025-03-31 10:21:24.724117+00:00,0.23,2025-03-31 03:21:24.724117-07:00
KXMARMAD-25-AU,2025-03-31 12:00:00+00:00,2025_03_31_open_0500_PT,2025-03-31 05:00:00-07:00,2025-03-31 11:58:06.212337+00:00,0.15,2025-03-31 04:58:06.212337-07:00
KXMARMAD-25-DU,2025-03-31 12:00:00+00:00,2025_03_31_open_0500_PT,2025-03-31 05:00:00-07:00,2025-03-31 11:59:18.541989+00:00,0.47,2025-03-31 04:59:18.541989-07:00
KXMARMAD-25-FL,2025-03-31 12:00:00+00:00,2025_03_31_open_0500_PT,2025-03-31 05:00:00-07:00,2025-03-31 11:59:13.534364+00:00,0.24,2025-03-31 04:59:13.534364-07:00
KXMARMAD-25-HOU,2025-03-31 12:00:00+00:00,2025_03_31_open_0500_PT,2025-03-31 05:00:00-07:00,2025-03-31 11:57:41.352493+00:00,0.16,2025-03-31 04:57:41.352493-07:00
KXMASTERS-25-BD,2025-03-31 12:00:00+00:00,2025_03_31_open_0500_PT,2025-03-31 05:00:00-07:00,2025-03-31 10:22:02.884820+00:00,0.05,2025-03-31 03:22:02.884820-07:00
KXMASTERS-25-CM,2025-03-31 12:00:00+00:00,2025_03_31_open_0500_PT,2025-03-31 05:00:00-07:00,2025-03-31 08:17:20.542443+00:00,0.06,2025-03-31 01:17:20.542443-07:00
KXMASTERS-25-LA,2025-03-31 12:00:00+00:00,2025_03_31_open_0500_PT,2025-03-31 05:00:00-07:00,2025-03-31 09:41:21.452501+00:00,0.07,2025-03-31 02:41:21.452501-07:00
KXMASTERS-25-RM,2025-03-31 12:00:00+00:00,2025_03_31_open_0500_PT,2025-03-31 05:00:00-07:00,2025-03-31 10:54:08.701991+00:00,0.12,2025-03-31 03:54:08.701991-07:00
KXMASTERS-25-SS,2025-03-31 12:00:00+00:00,2025_03_31_open_0500_PT,2025-03-31 05:00:00-07:00,2025-03-31 10:54:13.682404+00:00,0.17,2025-03-31 03:54:13.682404-07:00
KXMAYORNYCNOMD-25-AC,2025-03-31 12:00:00+00:00,2025_03_31_open_0500_PT,2025-03-31 05:00:00-07:00,2025-03-31 09:41:39.970676+00:00,0.79,2025-03-31 02:41:39.970676-07:00
KXMAYORNYCNOMD-25-ZM,2025-03-31 12:00:00+00:00,2025_03_31_open_0500_PT,2025-03-31 05:00:00-07:00,2025-03-31 09:36:45.078207+00:00,0.11,2025-03-31 02:36:45.078207-07:00
KXMAYORNYCPARTY-25-D,2025-03-31 12:00:00+00:00,2025_03_31_open_0500_PT,2025-03-31 05:00:00-07:00,2025-03-30 09:45:09.000733+00:00,0.93,2025-03-30 02:45:09.000733-07:00
KXMAYORNYCPARTY-25-R,2025-03-31 12:00:00+00:00,2025_03_31_open_0500_PT,2025-03-31 05:00:00-07:00,2025-03-28 11:00:10.152637+00:00,0.09,2025-03-28 04:00:10.152637-07:00
KXMLB-25-LAD,2025-03-31 12:00:00+00:00,2025_03_31_open_0500_PT,2025-03-31 05:00:00-07:00,2025-03-31 11:20:18.847234+00:00,0.27,2025-03-31 04:20:18.847234-07:00
KXMLB-25-MIL,2025-03-31 12:00:00+00:00,2025_03_31_open_0500_PT,2025-03-31 05:00:00-07:00,2025-03-29 22:30:48.613771+00:00,0.02,2025-03-29 15:30:48.613771-07:00
KXMLB-25-PHI,2025-03-31 12:00:00+00:00,2025_03_31_open_0500_PT,2025-03-31 05:00:00-07:00,2025-03-31 06:25:50.399654+00:00,0.07,2025-03-30 23:25:50.399654-07:00
KXMLB-25-SEA,2025-03-31 12:00:00+00:00,2025_03_31_open_0500_PT,2025-03-31 05:00:00-07:00,2025-03-30 07:38:52.444953+00:00,0.03,2025-03-30 00:38:52.444953-07:00
KXMLB-25-TOR,2025-03-31 12:00:00+00:00,2025_03_31_open_0500_PT,2025-03-31 05:00:00-07:00,2025-03-31 05:02:15.297419+00:00,0.01,2025-03-30 22:02:15.297419-07:00
KXMLBAL-25-SEA,2025-03-31 12:00:00+00:00,2025_03_31_open_0500_PT,2025-03-31 05:00:00-07:00,2025-03-24 19:54:22.810129+00:00,0.1,2025-03-24 12:54:22.810129-07:00
KXMLBAL-25-TOR,2025-03-31 12:00:00+00:00,2025_03_31_open_0500_PT,2025-03-31 05:00:00-07:00,2025-03-27 23:10:01.004366+00:00,0.03,2025-03-27 16:10:01.004366-07:00
KXMLBNL-25-LAD,2025-03-31 12:00:00+00:00,2025_03_31_open_0500_PT,2025-03-31 05:00:00-07:00,2025-03-31 09:40:58.045003+00:00,0.39,2025-03-31 02:40:58.045003-07:00
KXNBA-25-BOS,2025-03-31 12:00:00+00:00,2025_03_31_open_0500_PT,2025-03-31 05:00:00-07:00,2025-03-31 09:39:13.062529+00:00,0.3,2025-03-31 02:39:13.062529-07:00
KXNBA-25-CLE,2025-03-31 12:00:00+00:00,2025_03_31_open_0500_PT,2025-03-31 05:00:00-07:00,2025-03-30 16:52:16.111234+00:00,0.12,2025-03-30 09:52:16.111234-07:00
KXNBA-25-DEN,2025-03-31 12:00:00+00:00,2025_03_31_open_0500_PT,2025-03-31 05:00:00-07:00,2025-03-30 20:53:30.302023+00:00,0.07,2025-03-30 13:53:30.302023-07:00
KXNBA-25-GSW,2025-03-31 12:00:00+00:00,2025_03_31_open_0500_PT,2025-03-31 05:00:00-07:00,2025-03-30 20:53:53.058956+00:00,0.05,2025-03-30 13:53:53.058956-07:00
KXNBA-25-IND,2025-03-31 12:00:00+00:00,2025_03_31_open_0500_PT,2025-03-31 05:00:00-07:00,2025-03-24 13:22:15.203154+00:00,0.01,2025-03-24 06:22:15.203154-07:00
KXNBA-25-LAL,2025-03-31 12:00:00+00:00,2025_03_31_open_0500_PT,2025-03-31 05:00:00-07:00,2025-03-31 08:24:51.195294+00:00,0.07,2025-03-31 01:24:51.195294-07:00
KXNBA-25-MIN,2025-03-31 12:00:00+00:00,2025_03_31_open_0500_PT,2025-03-31 05:00:00-07:00,2025-03-31 10:58:27.363057+00:00,0.02,2025-03-31 03:58:27.363057-07:00
KXNBA-25-NYK,2025-03-31 12:00:00+00:00,2025_03_31_open_0500_PT,2025-03-31 05:00:00-07:00,2025-03-30 09:36:03.754049+00:00,0.03,2025-03-30 02:36:03.754049-07:00
KXNBA-25-OKC,2025-03-31 12:00:00+00:00,2025_03_31_open_0500_PT,2025-03-31 05:00:00-07:00,2025-03-31 11:39:58.027031+00:00,0.34,2025-03-31 04:39:58.027031-07:00
KXNBAEAST-25-BOS,2025-03-31 12:00:00+00:00,2025_03_31_open_0500_PT,2025-03-31 05:00:00-07:00,2025-03-31 05:30:19.960378+00:00,0.56,2025-03-30 22:30:19.960378-07:00
KXNBAEAST-25-IND,2025-03-31 12:00:00+00:00,2025_03_31_open_0500_PT,2025-03-31 05:00:00-07:00,2025-03-25 18:20:15.333092+00:00,0.02,2025-03-25 11:20:15.333092-07:00
KXNBAEAST-25-NYK,2025-03-31 12:00:00+00:00,2025_03_31_open_0500_PT,2025-03-31 05:00:00-07:00,2025-03-28 22:31:46.902693+00:00,0.08,2025-03-28 15:31:46.902693-07:00
KXNBAWEST-25-DEN,2025-03-31 12:00:00+00:00,2025_03_31_open_0500_PT,2025-03-31 05:00:00-07:00,2025-03-30 20:44:24.908785+00:00,0.1,2025-03-30 13:44:24.908785-07:00
KXNBAWEST-25-MIN,2025-03-31 12:00:00+00:00,2025_03_31_open_0500_PT,2025-03-31 05:00:00-07:00,2025-03-31 11:00:23.269469+00:00,0.05,2025-03-31 04:00:23.269469-07:00
KXNBAWEST-25-OKC,2025-03-31 12:00:00+00:00,2025_03_31_open_0500_PT,2025-03-31 05:00:00-07:00,2025-03-31 11:31:35.932643+00:00,0.55,2025-03-31 04:31:35.932643-07:00
KXNCAAF-26-OSU,2025-03-31 12:00:00+00:00,2025_03_31_open_0500_PT,2025-03-31 05:00:00-07:00,2025-03-26 10:21:47.195660+00:00,0.15,2025-03-26 03:21:47.195660-07:00
KXNHL-25-EDM,2025-03-31 12:00:00+00:00,2025_03_31_open_0500_PT,2025-03-31 05:00:00-07:00,2025-03-29 17:12:48.202420+00:00,0.06,2025-03-29 10:12:48.202420-07:00
KXNHL-25-FLA,2025-03-31 12:00:00+00:00,2025_03_31_open_0500_PT,2025-03-31 05:00:00-07:00,2025-03-29 22:42:42.143389+00:00,0.13,2025-03-29 15:42:42.143389-07:00
KXNOBELPEACE-25-DJT,2025-03-31 12:00:00+00:00,2025_03_31_open_0500_PT,2025-03-31 05:00:00-07:00,2025-03-30 21:27:59.548335+00:00,0.1,2025-03-30 14:27:59.548335-07:00
KXPGA-25-BD,2025-03-31 12:00:00+00:00,2025_03_31_open_0500_PT,2025-03-31 05:00:00-07:00,2025-03-20 12:28:07.193994+00:00,0.06,2025-03-20 05:28:07.193994-07:00
KXPGA-25-RM,2025-03-31 12:00:00+00:00,2025_03_31_open_0500_PT,2025-03-31 05:00:00-07:00,2025-03-29 22:27:22.299399+00:00,0.13,2025-03-29 15:27:22.299399-07:00
KXPGA-25-SS,2025-03-31 12:00:00+00:00,2025_03_31_open_0500_PT,2025-03-31 05:00:00-07:00,2025-03-30 19:24:11.052938+00:00,0.11,2025-03-30 12:24:11.052938-07:00
KXRATECUTCOUNT-25DEC31-T0,2025-03-31 12:00:00+00:00,2025_03_31_open_0500_PT,2025-03-31 05:00:00-07:00,2025-03-30 21:34:21.895965+00:00,0.11,2025-03-30 14:34:21.895965-07:00
KXRATECUTCOUNT-25DEC31-T1,2025-03-31 12:00:00+00:00,2025_03_31_open_0500_PT,2025-03-31 05:00:00-07:00,2025-03-31 06:28:20.414637+00:00,0.15,2025-03-30 23:28:20.414637-07:00
KXRATECUTCOUNT-25DEC31-T2,2025-03-31 12:00:00+00:00,2025_03_31_open_0500_PT,2025-03-31 05:00:00-07:00,2025-03-31 09:57:51.186189+00:00,0.21,2025-03-31 02:57:51.186189-07:00
KXRATECUTCOUNT-25DEC31-T3,2025-03-31 12:00:00+00:00,2025_03_31_open_0500_PT,2025-03-31 05:00:00-07:00,2025-03-31 11:06:46.414225+00:00,0.18,2025-03-31 04:06:46.414225-07:00
KXSB-26-BAL,2025-03-31 12:00:00+00:00,2025_03_31_open_0500_PT,2025-03-31 05:00:00-07:00,2025-03-28 15:15:26.051464+00:00,0.11,2025-03-28 08:15:26.051464-07:00
KXSB-26-BUF,2025-03-31 12:00:00+00:00,2025_03_31_open_0500_PT,2025-03-31 05:00:00-07:00,2025-03-29 22:46:46.725310+00:00,0.12,2025-03-29 15:46:46.725310-07:00
KXSB-26-GB,2025-03-31 12:00:00+00:00,2025_03_31_open_0500_PT,2025-03-31 05:00:00-07:00,2025-03-30 12:07:21.863231+00:00,0.04,2025-03-30 05:07:21.863231-07:00
KXSB-26-KC,2025-03-31 12:00:00+00:00,2025_03_31_open_0500_PT,2025-03-31 05:00:00-07:00,2025-03-22 21:25:16.598872+00:00,0.11,2025-03-22 14:25:16.598872-07:00
KXSB-26-PHI,2025-03-31 12:00:00+00:00,2025_03_31_open_0500_PT,2025-03-31 05:00:00-07:00,2025-03-30 17:39:02.722029+00:00,0.13,2025-03-30 10:39:02.722029-07:00
KXSB-26-SEA,2025-03-31 12:00:00+00:00,2025_03_31_open_0500_PT,2025-03-31 05:00:00-07:00,2025-03-24 09:54:03.481477+00:00,0.02,2025-03-24 02:54:03.481477-07:00
KXTHEOPEN-25-RM,2025-03-31 12:00:00+00:00,2025_03_31_open_0500_PT,2025-03-31 05:00:00-07:00,2025-03-30 06:20:27.599694+00:00,0.13,2025-03-29 23:20:27.599694-07:00
KXTHEOPEN-25-SS,2025-03-31 12:00:00+00:00,2025_03_31_open_0500_PT,2025-03-31 05:00:00-07:00,2025-03-21 11:30:31.056877+00:00,0.2,2025-03-21 04:30:31.056877-07:00
KXTOPARTIST-25-BB,2025-03-31 12:00:00+00:00,2025_03_31_open_0500_PT,2025-03-31 05:00:00-07:00,2025-03-30 10:34:25.076088+00:00,0.47,2025-03-30 03:34:25.076088-07:00
KXTOPARTIST-25-TS,2025-03-31 12:00:00+00:00,2025_03_31_open_0500_PT,2025-03-31 05:00:00-07:00,2025-03-30 13:50:20.577434+00:00,0.46,2025-03-30 06:50:20.577434-07:00
KXUEFACL-25-IM,2025-03-31 12:00:00+00:00,2025_03_31_open_0500_PT,2025-03-31 05:00:00-07:00,2025-03-28 16:13:33.772808+00:00,0.08,2025-03-28 09:13:33.772808-07:00
KXUEFACL-25-PSG,2025-03-31 12:00:00+00:00,2025_03_31_open_0500_PT,2025-03-31 05:00:00-07:00,2025-03-30 16:58:12.285339+00:00,0.21,2025-03-30 09:58:12.285339-07:00
KXUSOMENSINGLES-25-CA,2025-03-31 12:00:00+00:00,2025_03_31_open_0500_PT,2025-03-31 05:00:00-07:00,2025-03-29 10:47:35.642384+00:00,0.22,2025-03-29 03:47:35.642384-07:00
KXUSOMENSINGLES-25-JS,2025-03-31 12:00:00+00:00,2025_03_31_open_0500_PT,2025-03-31 05:00:00-07:00,2025-03-23 08:36:42.643007+00:00,0.37,2025-03-23 01:36:42.643007-07:00
KXUSOMENSINGLES-25-ND,2025-03-31 12:00:00+00:00,2025_03_31_open_0500_PT,2025-03-31 05:00:00-07:00,2025-03-19 07:01:50.304458+00:00,0.13,2025-03-19 00:01:50.304458-07:00
KXUSOPEN-25-BD,2025-03-31 12:00:00+00:00,2025_03_31_open_0500_PT,2025-03-31 05:00:00-07:00,2025-03-28 15:52:30.910138+00:00,0.07,2025-03-28 08:52:30.910138-07:00
KXUSOPEN-25-BK,2025-03-31 12:00:00+00:00,2025_03_31_open_0500_PT,2025-03-31 05:00:00-07:00,2025-03-20 08:18:27.580179+00:00,0.05,2025-03-20 01:18:27.580179-07:00
KXUSOPEN-25-RM,2025-03-31 12:00:00+00:00,2025_03_31_open_0500_PT,2025-03-31 05:00:00-07:00,2025-03-29 14:28:39.890221+00:00,0.08,2025-03-29 07:28:39.890221-07:00
KXUSOPEN-25-RMAC,2025-03-31 12:00:00+00:00,2025_03_31_open_0500_PT,2025-03-31 05:00:00-07:00,2025-02-13 20:06:17.379384+00:00,0.03,2025-02-13 12:06:17.379384-08:00
KXUSOPEN-25-SS,2025-03-31 12:00:00+00:00,2025_03_31_open_0500_PT,2025-03-31 05:00:00-07:00,2025-03-31 05:56:38.959363+00:00,0.16,2025-03-30 22:56:38.959363-07:00
KXUSOPEN-25-VH,2025-03-31 12:00:00+00:00,2025_03_31_open_0500_PT,2025-03-31 05:00:00-07:00,2025-03-19 14:34:48.583482+00:00,0.05,2025-03-19 07:34:48.583482-07:00
KXWMENSINGLES-25-CA,2025-03-31 12:00:00+00:00,2025_03_31_open_0500_PT,2025-03-31 05:00:00-07:00,2025-03-30 08:05:38.933114+00:00,0.37,2025-03-30 01:05:38.933114-07:00
KXWMENSINGLES-25-JS,2025-03-31 12:00:00+00:00,2025_03_31_open_0500_PT,2025-03-31 05:00:00-07:00,2025-03-17 16:56:46.527365+00:00,0.29,2025-03-17 09:56:46.527365-07:00
KXWMENSINGLES-25-ND,2025-03-31 12:00:00+00:00,2025_03_31_open_0500_PT,2025-03-31 05:00:00-07:00,2025-03-25 08:20:43.511654+00:00,0.14,2025-03-25 01:20:43.511654-07:00
KXWMENSINGLES-25-TF,2025-03-31 12:00:00+00:00,2025_03_31_open_0500_PT,2025-03-31 05:00:00-07:00,,,
LEAVEPOWELL-25-DEC31,2025-03-31 12:00:00+00:00,2025_03_31_open_0500_PT,2025-03-31 05:00:00-07:00,2025-03-29 21:41:45.374620+00:00,0.16,2025-03-29 14:41:45.374620-07:00
RECSSNBER-25,2025-03-31 12:00:00+00:00,2025_03_31_open_0500_PT,2025-03-31 05:00:00-07:00,2025-03-31 10:48:26.010855+00:00,0.43,2025-03-31 03:48:26.010855-07:00
FED-25MAY-T4.00,2025-04-01 00:00:00+00:00,2025_03_31_close_1700_PT,2025-03-31 17:00:00-07:00,2025-03-31 22:42:10.236017+00:00,0.95,2025-03-31 15:42:10.236017-07:00
FED-25MAY-T4.25,2025-04-01 00:00:00+00:00,2025_03_31_close_1700_PT,2025-03-31 17:00:00-07:00,2025-03-31 23:55:43.437573+00:00,0.84,2025-03-31 16:55:43.437573-07:00
GOVPARTYNJ-25-D,2025-04-01 00:00:00+00:00,2025_03_31_close_1700_PT,2025-03-31 17:00:00-07:00,2025-03-31 13:03:02.088545+00:00,0.77,2025-03-31 06:03:02.088545-07:00
GOVPARTYNJ-25-R,2025-04-01 00:00:00+00:00,2025_03_31_close_1700_PT,2025-03-31 17:00:00-07:00,2025-03-31 08:55:15.511088+00:00,0.28,2025-03-31 01:55:15.511088-07:00
GOVPARTYVA-25-R,2025-04-01 00:00:00+00:00,2025_03_31_close_1700_PT,2025-03-31 17:00:00-07:00,2025-03-31 20:50:12.189080+00:00,0.15,2025-03-31 13:50:12.189080-07:00
KXBTCMAX150-25-DEC31-149999.99,2025-04-01 00:00:00+00:00,2025_03_31_close_1700_PT,2025-03-31 17:00:00-07:00,2025-03-31 23:45:29.881170+00:00,0.24,2025-03-31 16:45:29.881170-07:00
KXBTCMAXY-25-DEC31-124999.99,2025-04-01 00:00:00+00:00,2025_03_31_close_1700_PT,2025-03-31 17:00:00-07:00,2025-03-31 19:01:58.331269+00:00,0.4,2025-03-31 12:01:58.331269-07:00
KXBTCMAXY-25-DEC31-149999.99,2025-04-01 00:00:00+00:00,2025_03_31_close_1700_PT,2025-03-31 17:00:00-07:00,2025-03-31 23:40:44.534214+00:00,0.22,2025-03-31 16:40:44.534214-07:00
KXBTCRESERVE-26-JAN01,2025-04-01 00:00:00+00:00,2025_03_31_close_1700_PT,2025-03-31 17:00:00-07:00,2025-03-31 21:22:55.453455+00:00,0.53,2025-03-31 14:22:55.453455-07:00
KXCANADAPM-45-C,2025-04-01 00:00:00+00:00,2025_03_31_close_1700_PT,2025-03-31 17:00:00-07:00,2025-03-31 22:58:03.300257+00:00,0.32,2025-03-31 15:58:03.300257-07:00
KXCANADAPM-45-L,2025-04-01 00:00:00+00:00,2025_03_31_close_1700_PT,2025-03-31 17:00:00-07:00,2025-03-31 21:36:16.357072+00:00,0.69,2025-03-31 14:36:16.357072-07:00
KXCPIYOY-25APR-T2.4,2025-04-01 00:00:00+00:00,2025_03_31_close_1700_PT,2025-03-31 17:00:00-07:00,2025-03-31 05:00:57.859090+00:00,0.65,2025-03-30 22:00:57.859090-07:00
KXCPIYOY-25APR-T2.5,2025-04-01 00:00:00+00:00,2025_03_31_close_1700_PT,2025-03-31 17:00:00-07:00,2025-03-29 06:20:48.958257+00:00,0.5,2025-03-28 23:20:48.958257-07:00
KXDOED-26-JAN01,2025-04-01 00:00:00+00:00,2025_03_31_close_1700_PT,2025-03-31 17:00:00-07:00,2025-03-31 23:12:01.823100+00:00,0.17,2025-03-31 16:12:01.823100-07:00
KXEPSTEIN-25,2025-04-01 00:00:00+00:00,2025_03_31_close_1700_PT,2025-03-31 17:00:00-07:00,2025-03-31 22:51:50.033913+00:00,0.4,2025-03-31 15:51:50.033913-07:00
KXETHMAXY-25DEC31-4999.99,2025-04-01 00:00:00+00:00,2025_03_31_close_1700_PT,2025-03-31 17:00:00-07:00,2025-03-30 14:05:24.896309+00:00,0.17,2025-03-30 07:05:24.896309-07:00
KXFEDDECISION-25MAY-C25,2025-04-01 00:00:00+00:00,2025_03_31_close_1700_PT,2025-03-31 17:00:00-07:00,2025-03-31 23:19:38.948448+00:00,0.15,2025-03-31 16:19:38.948448-07:00
KXFEDDECISION-25MAY-C26,2025-04-01 00:00:00+00:00,2025_03_31_close_1700_PT,2025-03-31 17:00:00-07:00,2025-03-31 17:08:01.238656+00:00,0.02,2025-03-31 10:08:01.238656-07:00
KXFEDDECISION-25MAY-H0,2025-04-01 00:00:00+00:00,2025_03_31_close_1700_PT,2025-03-31 17:00:00-07:00,2025-03-31 17:56:20.832522+00:00,0.83,2025-03-31 10:56:20.832522-07:00
KXFOMENSINGLES-25-CA,2025-04-01 00:00:00+00:00,2025_03_31_close_1700_PT,2025-03-31 17:00:00-07:00,2025-03-29 10:48:05.691756+00:00,0.41,2025-03-29 03:48:05.691756-07:00
KXFOMENSINGLES-25-JS,2025-04-01 00:00:00+00:00,2025_03_31_close_1700_PT,2025-03-31 17:00:00-07:00,2025-03-24 10:59:37.791628+00:00,0.26,2025-03-24 03:59:37.791628-07:00
KXFOMENSINGLES-25-ND,2025-04-01 00:00:00+00:00,2025_03_31_close_1700_PT,2025-03-31 17:00:00-07:00,2025-03-30 14:17:57.301490+00:00,0.09,2025-03-30 07:17:57.301490-07:00
KXFOWOMENSINGLES-25-AS,2025-04-01 00:00:00+00:00,2025_03_31_close_1700_PT,2025-03-31 17:00:00-07:00,2025-03-31 12:26:21.504397+00:00,0.17,2025-03-31 05:26:21.504397-07:00
KXFOWOMENSINGLES-25-CG,2025-04-01 00:00:00+00:00,2025_03_31_close_1700_PT,2025-03-31 17:00:00-07:00,2025-02-10 18:42:35.041176+00:00,0.08,2025-02-10 10:42:35.041176-08:00
KXLEAGUEWORLDS-25-T1,2025-04-01 00:00:00+00:00,2025_03_31_close_1700_PT,2025-03-31 17:00:00-07:00,2025-03-30 08:46:33.090043+00:00,0.28,2025-03-30 01:46:33.090043-07:00
KXLLM1-25DEC31-XAI,2025-04-01 00:00:00+00:00,2025_03_31_close_1700_PT,2025-03-31 17:00:00-07:00,2025-03-31 22:04:57.183482+00:00,0.25,2025-03-31 15:04:57.183482-07:00
KXMARMAD-25-AU,2025-04-01 00:00:00+00:00,2025_03_31_close_1700_PT,2025-03-31 17:00:00-07:00,2025-03-31 23:40:47.976998+00:00,0.14,2025-03-31 16:40:47.976998-07:00
KXMARMAD-25-DU,2025-04-01 00:00:00+00:00,2025_03_31_close_1700_PT,2025-03-31 17:00:00-07:00,2025-03-31 23:59:42.301511+00:00,0.48,2025-03-31 16:59:42.301511-07:00
KXMARMAD-25-FL,2025-04-01 00:00:00+00:00,2025_03_31_close_1700_PT,2025-03-31 17:00:00-07:00,2025-03-31 23:49:36.579184+00:00,0.23,2025-03-31 16:49:36.579184-07:00
KXMARMAD-25-HOU,2025-04-01 00:00:00+00:00,2025_03_31_close_1700_PT,2025-03-31 17:00:00-07:00,2025-03-31 23:56:40.923413+00:00,0.16,2025-03-31 16:56:40.923413-07:00
KXMASTERS-25-BD,2025-04-01 00:00:00+00:00,2025_03_31_close_1700_PT,2025-03-31 17:00:00-07:00,2025-03-31 23:34:40.775135+00:00,0.05,2025-03-31 16:34:40.775135-07:00
KXMASTERS-25-CM,2025-04-01 00:00:00+00:00,2025_03_31_close_1700_PT,2025-03-31 17:00:00-07:00,2025-03-31 21:19:06.432882+00:00,0.07,2025-03-31 14:19:06.432882-07:00
KXMASTERS-25-LA,2025-04-01 00:00:00+00:00,2025_03_31_close_1700_PT,2025-03-31 17:00:00-07:00,2025-03-31 23:14:54.124310+00:00,0.07,2025-03-31 16:14:54.124310-07:00
KXMASTERS-25-RM,2025-04-01 00:00:00+00:00,2025_03_31_close_1700_PT,2025-03-31 17:00:00-07:00,2025-03-31 23:36:33.732637+00:00,0.16,2025-03-31 16:36:33.732637-07:00
KXMASTERS-25-SS,2025-04-01 00:00:00+00:00,2025_03_31_close_1700_PT,2025-03-31 17:00:00-07:00,2025-03-31 23:02:53.799639+00:00,0.18,2025-03-31 16:02:53.799639-07:00
KXMAYORNYCNOMD-25-AC,2025-04-01 00:00:00+00:00,2025_03_31_close_1700_PT,2025-03-31 17:00:00-07:00,2025-03-31 21:00:04.440306+00:00,0.8,2025-03-31 14:00:04.440306-07:00
KXMAYORNYCNOMD-25-ZM,2025-04-01 00:00:00+00:00,2025_03_31_close_1700_PT,2025-03-31 17:00:00-07:00,2025-03-31 20:03:34.028568+00:00,0.11,2025-03-31 13:03:34.028568-07:00
KXMAYORNYCPARTY-25-D,2025-04-01 00:00:00+00:00,2025_03_31_close_1700_PT,2025-03-31 17:00:00-07:00,2025-03-30 09:45:09.000733+00:00,0.93,2025-03-30 02:45:09.000733-07:00
KXMAYORNYCPARTY-25-R,2025-04-01 00:00:00+00:00,2025_03_31_close_1700_PT,2025-03-31 17:00:00-07:00,2025-03-28 11:00:10.152637+00:00,0.09,2025-03-28 04:00:10.152637-07:00
KXMLB-25-LAD,2025-04-01 00:00:00+00:00,2025_03_31_close_1700_PT,2025-03-31 17:00:00-07:00,2025-03-31 15:46:37.207345+00:00,0.27,2025-03-31 08:46:37.207345-07:00
KXMLB-25-MIL,2025-04-01 00:00:00+00:00,2025_03_31_close_1700_PT,2025-03-31 17:00:00-07:00,2025-03-29 22:30:48.613771+00:00,0.02,2025-03-29 15:30:48.613771-07:00
KXMLB-25-PHI,2025-04-01 00:00:00+00:00,2025_03_31_close_1700_PT,2025-03-31 17:00:00-07:00,2025-03-31 22:13:31.134064+00:00,0.07,2025-03-31 15:13:31.134064-07:00
KXMLB-25-SEA,2025-04-01 00:00:00+00:00,2025_03_31_close_1700_PT,2025-03-31 17:00:00-07:00,2025-03-30 07:38:52.444953+00:00,0.03,2025-03-30 00:38:52.444953-07:00
KXMLB-25-TOR,2025-04-01 00:00:00+00:00,2025_03_31_close_1700_PT,2025-03-31 17:00:00-07:00,2025-03-31 05:02:15.297419+00:00,0.01,2025-03-30 22:02:15.297419-07:00
KXMLBAL-25-SEA,2025-04-01 00:00:00+00:00,2025_03_31_close_1700_PT,2025-03-31 17:00:00-07:00,2025-03-24 19:54:22.810129+00:00,0.1,2025-03-24 12:54:22.810129-07:00
KXMLBAL-25-TOR,2025-04-01 00:00:00+00:00,2025_03_31_close_1700_PT,2025-03-31 17:00:00-07:00,2025-03-27 23:10:01.004366+00:00,0.03,2025-03-27 16:10:01.004366-07:00
KXMLBNL-25-LAD,2025-04-01 00:00:00+00:00,2025_03_31_close_1700_PT,2025-03-31 17:00:00-07:00,2025-03-31 21:58:05.616784+00:00,0.38,2025-03-31 14:58:05.616784-07:00
KXNBA-25-BOS,2025-04-01 00:00:00+00:00,2025_03_31_close_1700_PT,2025-03-31 17:00:00-07:00,2025-03-31 19:04:32.105650+00:00,0.3,2025-03-31 12:04:32.105650-07:00
KXNBA-25-CLE,2025-04-01 00:00:00+00:00,2025_03_31_close_1700_PT,2025-03-31 17:00:00-07:00,2025-03-31 21:15:02.316458+00:00,0.12,2025-03-31 14:15:02.316458-07:00
KXNBA-25-DEN,2025-04-01 00:00:00+00:00,2025_03_31_close_1700_PT,2025-03-31 17:00:00-07:00,2025-03-30 20:53:30.302023+00:00,0.07,2025-03-30 13:53:30.302023-07:00
KXNBA-25-GSW,2025-04-01 00:00:00+00:00,2025_03_31_close_1700_PT,2025-03-31 17:00:00-07:00,2025-03-30 20:53:53.058956+00:00,0.05,2025-03-30 13:53:53.058956-07:00
KXNBA-25-IND,2025-04-01 00:00:00+00:00,2025_03_31_close_1700_PT,2025-03-31 17:00:00-07:00,2025-03-24 13:22:15.203154+00:00,0.01,2025-03-24 06:22:15.203154-07:00
KXNBA-25-LAL,2025-04-01 00:00:00+00:00,2025_03_31_close_1700_PT,2025-03-31 17:00:00-07:00,2025-03-31 22:01:53.195783+00:00,0.08,2025-03-31 15:01:53.195783-07:00
KXNBA-25-MIN,2025-04-01 00:00:00+00:00,2025_03_31_close_1700_PT,2025-03-31 17:00:00-07:00,2025-03-31 10:58:27.363057+00:00,0.02,2025-03-31 03:58:27.363057-07:00
KXNBA-25-NYK,2025-04-01 00:00:00+00:00,2025_03_31_close_1700_PT,2025-03-31 17:00:00-07:00,2025-03-30 09:36:03.754049+00:00,0.03,2025-03-30 02:36:03.754049-07:00
KXNBA-25-OKC,2025-04-01 00:00:00+00:00,2025_03_31_close_1700_PT,2025-03-31 17:00:00-07:00,2025-03-31 23:12:08.080663+00:00,0.34,2025-03-31 16:12:08.080663-07:00
KXNBAEAST-25-BOS,2025-04-01 00:00:00+00:00,2025_03_31_close_1700_PT,2025-03-31 17:00:00-07:00,2025-03-31 19:37:31.133153+00:00,0.56,2025-03-31 12:37:31.133153-07:00
KXNBAEAST-25-IND,2025-04-01 00:00:00+00:00,2025_03_31_close_1700_PT,2025-03-31 17:00:00-07:00,2025-03-25 18:20:15.333092+00:00,0.02,2025-03-25 11:20:15.333092-07:00
KXNBAEAST-25-NYK,2025-04-01 00:00:00+00:00,2025_03_31_close_1700_PT,2025-03-31 17:00:00-07:00,2025-03-28 22:31:46.902693+00:00,0.08,2025-03-28 15:31:46.902693-07:00
KXNBAWEST-25-DEN,2025-04-01 00:00:00+00:00,2025_03_31_close_1700_PT,2025-03-31 17:00:00-07:00,2025-03-30 20:44:24.908785+00:00,0.1,2025-03-30 13:44:24.908785-07:00
KXNBAWEST-25-MIN,2025-04-01 00:00:00+00:00,2025_03_31_close_1700_PT,2025-03-31 17:00:00-07:00,2025-03-31 11:00:23.269469+00:00,0.05,2025-03-31 04:00:23.269469-07:00
KXNBAWEST-25-OKC,2025-04-01 00:00:00+00:00,2025_03_31_close_1700_PT,2025-03-31 17:00:00-07:00,2025-03-31 21:13:59.697486+00:00,0.56,2025-03-31 14:13:59.697486-07:00
KXNCAAF-26-OSU,2025-04-01 00:00:00+00:00,2025_03_31_close_1700_PT,2025-03-31 17:00:00-07:00,2025-03-26 10:21:47.195660+00:00,0.15,2025-03-26 03:21:47.195660-07:00
KXNHL-25-EDM,2025-04-01 00:00:00+00:00,2025_03_31_close_1700_PT,2025-03-31 17:00:00-07:00,2025-03-29 17:12:48.202420+00:00,0.06,2025-03-29 10:12:48.202420-07:00
KXNHL-25-FLA,2025-04-01 00:00:00+00:00,2025_03_31_close_1700_PT,2025-03-31 17:00:00-07:00,2025-03-29 22:42:42.143389+00:00,0.13,2025-03-29 15:42:42.143389-07:00
KXNOBELPEACE-25-DJT,2025-04-01 00:00:00+00:00,2025_03_31_close_1700_PT,2025-03-31 17:00:00-07:00,2025-03-31 18:45:41.841835+00:00,0.08,2025-03-31 11:45:41.841835-07:00
KXPGA-25-BD,2025-04-01 00:00:00+00:00,2025_03_31_close_1700_PT,2025-03-31 17:00:00-07:00,2025-03-20 12:28:07.193994+00:00,0.06,2025-03-20 05:28:07.193994-07:00
KXPGA-25-RM,2025-04-01 00:00:00+00:00,2025_03_31_close_1700_PT,2025-03-31 17:00:00-07:00,2025-03-29 22:27:22.299399+00:00,0.13,2025-03-29 15:27:22.299399-07:00
KXPGA-25-SS,2025-04-01 00:00:00+00:00,2025_03_31_close_1700_PT,2025-03-31 17:00:00-07:00,2025-03-30 19:24:11.052938+00:00,0.11,2025-03-30 12:24:11.052938-07:00
KXRATECUTCOUNT-25DEC31-T0,2025-04-01 00:00:00+00:00,2025_03_31_close_1700_PT,2025-03-31 17:00:00-07:00,2025-03-31 15:51:18.568046+00:00,0.12,2025-03-31 08:51:18.568046-07:00
KXRATECUTCOUNT-25DEC31-T1,2025-04-01 00:00:00+00:00,2025_03_31_close_1700_PT,2025-03-31 17:00:00-07:00,2025-03-31 19:56:41.280023+00:00,0.15,2025-03-31 12:56:41.280023-07:00
KXRATECUTCOUNT-25DEC31-T2,2025-04-01 00:00:00+00:00,2025_03_31_close_1700_PT,2025-03-31 17:00:00-07:00,2025-03-31 19:56:44.783515+00:00,0.22,2025-03-31 12:56:44.783515-07:00
KXRATECUTCOUNT-25DEC31-T3,2025-04-01 00:00:00+00:00,2025_03_31_close_1700_PT,2025-03-31 17:00:00-07:00,2025-03-31 14:38:57.523712+00:00,0.18,2025-03-31 07:38:57.523712-07:00
KXSB-26-BAL,2025-04-01 00:00:00+00:00,2025_03_31_close_1700_PT,2025-03-31 17:00:00-07:00,2025-03-28 15:15:26.051464+00:00,0.11,2025-03-28 08:15:26.051464-07:00
KXSB-26-BUF,2025-04-01 00:00:00+00:00,2025_03_31_close_1700_PT,2025-03-31 17:00:00-07:00,2025-03-29 22:46:46.725310+00:00,0.12,2025-03-29 15:46:46.725310-07:00
KXSB-26-GB,2025-04-01 00:00:00+00:00,2025_03_31_close_1700_PT,2025-03-31 17:00:00-07:00,2025-03-30 12:07:21.863231+00:00,0.04,2025-03-30 05:07:21.863231-07:00
KXSB-26-KC,2025-04-01 00:00:00+00:00,2025_03_31_close_1700_PT,2025-03-31 17:00:00-07:00,2025-03-22 21:25:16.598872+00:00,0.11,2025-03-22 14:25:16.598872-07:00
KXSB-26-PHI,2025-04-01 00:00:00+00:00,2025_03_31_close_1700_PT,2025-03-31 17:00:00-07:00,2025-03-30 17:39:02.722029+00:00,0.13,2025-03-30 10:39:02.722029-07:00
KXSB-26-SEA,2025-04-01 00:00:00+00:00,2025_03_31_close_1700_PT,2025-03-31 17:00:00-07:00,2025-03-24 09:54:03.481477+00:00,0.02,2025-03-24 02:54:03.481477-07:00
KXTHEOPEN-25-RM,2025-04-01 00:00:00+00:00,2025_03_31_close_1700_PT,2025-03-31 17:00:00-07:00,2025-03-30 06:20:27.599694+00:00,0.13,2025-03-29 23:20:27.599694-07:00
KXTHEOPEN-25-SS,2025-04-01 00:00:00+00:00,2025_03_31_close_1700_PT,2025-03-31 17:00:00-07:00,2025-03-21 11:30:31.056877+00:00,0.2,2025-03-21 04:30:31.056877-07:00
KXTOPARTIST-25-BB,2025-04-01 00:00:00+00:00,2025_03_31_close_1700_PT,2025-03-31 17:00:00-07:00,2025-03-30 10:34:25.076088+00:00,0.47,2025-03-30 03:34:25.076088-07:00
KXTOPARTIST-25-TS,2025-04-01 00:00:00+00:00,2025_03_31_close_1700_PT,2025-03-31 17:00:00-07:00,2025-03-30 13:50:20.577434+00:00,0.46,2025-03-30 06:50:20.577434-07:00
KXUEFACL-25-IM,2025-04-01 00:00:00+00:00,2025_03_31_close_1700_PT,2025-03-31 17:00:00-07:00,2025-03-28 16:13:33.772808+00:00,0.08,2025-03-28 09:13:33.772808-07:00
KXUEFACL-25-PSG,2025-04-01 00:00:00+00:00,2025_03_31_close_1700_PT,2025-03-31 17:00:00-07:00,2025-03-31 22:44:22.063533+00:00,0.2,2025-03-31 15:44:22.063533-07:00
KXUSOMENSINGLES-25-CA,2025-04-01 00:00:00+00:00,2025_03_31_close_1700_PT,2025-03-31 17:00:00-07:00,2025-03-29 10:47:35.642384+00:00,0.22,2025-03-29 03:47:35.642384-07:00
KXUSOMENSINGLES-25-JS,2025-04-01 00:00:00+00:00,2025_03_31_close_1700_PT,2025-03-31 17:00:00-07:00,2025-03-23 08:36:42.643007+00:00,0.37,2025-03-23 01:36:42.643007-07:00
KXUSOMENSINGLES-25-ND,2025-04-01 00:00:00+00:00,2025_03_31_close_1700_PT,2025-03-31 17:00:00-07:00,2025-03-19 07:01:50.304458+00:00,0.13,2025-03-19 00:01:50.304458-07:00
KXUSOPEN-25-BD,2025-04-01 00:00:00+00:00,2025_03_31_close_1700_PT,2025-03-31 17:00:00-07:00,2025-03-28 15:52:30.910138+00:00,0.07,2025-03-28 08:52:30.910138-07:00
KXUSOPEN-25-BK,2025-04-01 00:00:00+00:00,2025_03_31_close_1700_PT,2025-03-31 17:00:00-07:00,2025-03-20 08:18:27.580179+00:00,0.05,2025-03-20 01:18:27.580179-07:00
KXUSOPEN-25-RM,2025-04-01 00:00:00+00:00,2025_03_31_close_1700_PT,2025-03-31 17:00:00-07:00,2025-03-29 14:28:39.890221+00:00,0.08,2025-03-29 07:28:39.890221-07:00
KXUSOPEN-25-RMAC,2025-04-01 00:00:00+00:00,2025_03_31_close_1700_PT,2025-03-31 17:00:00-07:00,2025-02-13 20:06:17.379384+00:00,0.03,2025-02-13 12:06:17.379384-08:00
KXUSOPEN-25-SS,2025-04-01 00:00:00+00:00,2025_03_31_close_1700_PT,2025-03-31 17:00:00-07:00,2025-03-31 05:56:38.959363+00:00,0.16,2025-03-30 22:56:38.959363-07:00
KXUSOPEN-25-VH,2025-04-01 00:00:00+00:00,2025_03_31_close_1700_PT,2025-03-31 17:00:00-07:00,2025-03-19 14:34:48.583482+00:00,0.05,2025-03-19 07:34:48.583482-07:00
KXWMENSINGLES-25-CA,2025-04-01 00:00:00+00:00,2025_03_31_close_1700_PT,2025-03-31 17:00:00-07:00,2025-03-31 20:38:03.807805+00:00,0.4,2025-03-31 13:38:03.807805-07:00
KXWMENSINGLES-25-JS,2025-04-01 00:00:00+00:00,2025_03_31_close_1700_PT,2025-03-31 17:00:00-07:00,2025-03-17 16:56:46.527365+00:00,0.29,2025-03-17 09:56:46.527365-07:00
KXWMENSINGLES-25-ND,2025-04-01 00:00:00+00:00,2025_03_31_close_1700_PT,2025-03-31 17:00:00-07:00,2025-03-25 08:20:43.511654+00:00,0.14,2025-03-25 01:20:43.511654-07:00
KXWMENSINGLES-25-TF,2025-04-01 00:00:00+00:00,2025_03_31_close_1700_PT,2025-03-31 17:00:00-07:00,,,
LEAVEPOWELL-25-DEC31,2025-04-01 00:00:00+00:00,2025_03_31_close_1700_PT,2025-03-31 17:00:00-07:00,2025-03-29 21:41:45.374620+00:00,0.16,2025-03-29 14:41:45.374620-07:00
RECSSNBER-25,2025-04-01 00:00:00+00:00,2025_03_31_close_1700_PT,2025-03-31 17:00:00-07:00,2025-03-31 22:13:09.745948+00:00,0.43,2025-03-31 15:13:09.745948-07:00
