market_id_pm,condition_id,title_pm,market_family_pm,contract_key,created_at_pm,end_date_pm,match_basis,oracle_address,question_id,outcome_slot_count,prepared_block,prepared_tx,log_index,resolver_contract_type,resolver_type_onchain,resolver_source,neg_risk_operator_address,neg_risk_operator_oracle,neg_risk_uma_adapter_ctf,neg_risk_market_id,neg_risk_request_id,neg_risk_request_initialized,neg_risk_request_init_block,neg_risk_request_init_tx,neg_risk_request_init_log_index,ultimate_resolver_type,uma_backed
536502,0x14dca1201ea665ce27f89534ff8869bf14e551b0138f7d2c57c1345a909a7583,Will Trump meet with Vladimir Putin in 2025?,leader_contact,leader_contact|meet|donald_trump|vladimir_putin|year:2025,2025-04-11 18:19:31.455085+00:00,2025-12-31 12:00:00+00:00,deterministic_contract_key,0x6a9d222616c90fca5754cd1333cfd9b7fb6a4f74,0x2c4366cb247f609a6208cf969a38e2c88f41a0c5e85d33c3dab6919bebd7f16d,2,70179144,0x0a528283c08c570d237c97064a16f3698b713ec159812320ec940a97d11ed4a0,180,uma_adapter_v2,uma_direct,ctf_condition_preparation_oracle,,,,,,False,,,,uma,True
555433,0x6d420ef0e19e4e10ce982d98dd4cd27a4a18053ea83ce9eb06e97388f893a42e,Will Trump visit Israel before August?,leader_contact,leader_contact|visit|donald_trump|israel|before:2025-08-01,2025-06-24 20:10:19.462742+00:00,2025-07-31 04:00:00+00:00,deterministic_contract_key,0x6a9d222616c90fca5754cd1333cfd9b7fb6a4f74,0xeb398154137df34b808c8f5d761870dee5e31bbb0685950d8b8e6774f2949801,2,73186525,0x6dbf249dbf3551dee1fce8ccf6d651ea41ac99a92dca8b107c46336b1f6025d4,8,uma_adapter_v2,uma_direct,ctf_condition_preparation_oracle,,,,,,False,,,,uma,True
520930,0x01d5f475cb30704216ae9906d369c0b2991cafec882ab4888a66ff11eb03e569,Jerome Powell out as Fed Chair in 2025?,office_exit,office_exit|leave_office|jerome_powell|year:2025,2025-01-29 23:08:05.442231+00:00,2025-12-31 12:00:00+00:00,deterministic_contract_key,0x6a9d222616c90fca5754cd1333cfd9b7fb6a4f74,0xe18b9584a5818cd5a36bdd82ab65772244985d4510c08a6545cb4ad8b0716cf3,2,67306076,0x9a492c71963b7cec1658e419eb23aba1b66eeaff98346b0d95a29385aa3e8142,117,uma_adapter_v2,uma_direct,ctf_condition_preparation_oracle,,,,,,False,,,,uma,True
527807,0xb17868a887f1f40595b2433c741b81be879add5f0a54a14f8a7cc0684dc4a0eb,Will Vladimir Putin be the first leader out in 2025?,office_exit,office_exit|leave_office|vladimir_putin|year:2025,2025-03-11 20:33:20.224539+00:00,2025-12-31 12:00:00+00:00,deterministic_contract_key,0xd91e80cf2e7be2e162c6513ced06f1dd0da35296,0x4992ae4b2959047c7adecce6237be41498171cb06972010a881a112265f5bf0e,2,68933112,0x8f40446cb87932f33a183192616a30f00e4631409c2cb9334b3ed736f8dc6c1c,13,neg_risk_adapter,neg_risk_adapter,ctf_condition_preparation_oracle,0x71523d0f655b41e805cec45b17163f528b59b820,0x2f5e3684cb1f318ec51b00edba38d79ac2c0aa9d,0x71523d0f655b41e805cec45b17163f528b59b820,0x4992ae4b2959047c7adecce6237be41498171cb06972010a881a112265f5bf00,0xf15d6df8184375797574a9ddad216d723677b7bc7057d5bf3e23a001f4f25c2e,True,68933108.0,0xa6f5909383ec816b506572afe17072e49815ade69c3c0d2e98a314f624b3b8b6,293.0,uma_via_neg_risk_adapter,True
527808,0x5e1df4ad3d4a4640f57cdf11e23f26c16c9221d9614d4bf6eada4db6f34cd059,Will Xi Jinping be the first leader out in 2025?,office_exit,office_exit|leave_office|xi_jinping|year:2025,2025-03-11 20:33:20.770906+00:00,2025-12-31 12:00:00+00:00,deterministic_contract_key,0xd91e80cf2e7be2e162c6513ced06f1dd0da35296,0x4992ae4b2959047c7adecce6237be41498171cb06972010a881a112265f5bf0f,2,68933124,0x02c1d00467541afb8dcd75ca207916dece101b98f86f48c7076f4d558c6021ec,210,neg_risk_adapter,neg_risk_adapter,ctf_condition_preparation_oracle,0x71523d0f655b41e805cec45b17163f528b59b820,0x2f5e3684cb1f318ec51b00edba38d79ac2c0aa9d,0x71523d0f655b41e805cec45b17163f528b59b820,0x4992ae4b2959047c7adecce6237be41498171cb06972010a881a112265f5bf00,0xa3c8a0b808f392eb9f6ba56cc9afa794f08c4800fc3670521d40cd20e68e82ba,True,68933120.0,0xbd5c75ec5470c77db2156e4c31134cd8da8e12b5bd05def8c375632c9d37d535,299.0,uma_via_neg_risk_adapter,True
551963,0xf2ce8d3897ac5009a131637d3575f1f91c579bd08eecce6ae2b2da0f32bbe6f1,Xi Jinping out in 2025?,office_exit,office_exit|leave_office|xi_jinping|year:2025,2025-06-12 17:36:33.023005+00:00,2025-12-31 23:55:00+00:00,deterministic_contract_key,0x6a9d222616c90fca5754cd1333cfd9b7fb6a4f74,0x26278b28ec125b422960cda90b7d9c27da0bbef8723fbdbd331c3fd674200ffa,2,72689011,0x0a458a47a2b2eb0c429be8648ff8211994c50cefa6850af396524efa73b246d4,2,uma_adapter_v2,uma_direct,ctf_condition_preparation_oracle,,,,,,False,,,,uma,True
525157,0xb58d0e3b3dd34b2b8d8997e6ce36ca3873bdd6034fe0dde633f11e50d4b18c69,Zelensky resigns in 2025?,office_exit,office_exit|resign|volodymyr_zelenskyy|year:2025,2025-02-24 23:06:16.266385+00:00,2025-12-31 12:00:00+00:00,deterministic_contract_key,0x6a9d222616c90fca5754cd1333cfd9b7fb6a4f74,0x81b4fb51fdfcb762090e09b6502cc4b2334c2fa1b9fee8b89d56fb13dcae6c77,2,68333961,0x20c6380e817d0c297a113c284eaf2c381862777996e87629e9c029877bb7f0b5,272,uma_adapter_v2,uma_direct,ctf_condition_preparation_oracle,,,,,,False,,,,uma,True
519777,0xc5821602b440e61665dce5dcdc0fd20153864ba185d26a13e9be80fe98bb9e97,Fed decreases interest rates by 25 bps after May 2025 meeting?,fed_decision,fed_decision|cut|fed_meeting:2025-05|equal|25,2025-01-23 19:07:41.305869+00:00,2025-05-07 12:00:00+00:00,deterministic_contract_key,0xd91e80cf2e7be2e162c6513ced06f1dd0da35296,0xedc98ec302c7bc9c256a2a924c9dab37f5aa8bc3c9e1d08d2fabc231f1b10f01,2,67058705,0xb4858692cfd8fd091e07835bb8c2bce82a41c54135832d052562420efdc0f49e,311,neg_risk_adapter,neg_risk_adapter,ctf_condition_preparation_oracle,0x71523d0f655b41e805cec45b17163f528b59b820,0x2f5e3684cb1f318ec51b00edba38d79ac2c0aa9d,0x71523d0f655b41e805cec45b17163f528b59b820,0xedc98ec302c7bc9c256a2a924c9dab37f5aa8bc3c9e1d08d2fabc231f1b10f00,0x2f267d4704a1060fbb1bd5b770c0bc22887b74ebcc4eda3884734225b0ba90b9,True,67058699.0,0xc80fb8fd0d7f03c51c2f7442c426fc4cd8901dc9a3822179d677f354fb34da2e,149.0,uma_via_neg_risk_adapter,True
521835,0x872c8e9a4e4808a2ab714c267bd8a93f63cb739c853d7e4de2b42009e73f9b3f,Fed decreases interest rates by 25 bps after June 2025 meeting?,fed_decision,fed_decision|cut|fed_meeting:2025-06|equal|25,2025-02-04 21:57:45.227112+00:00,2025-06-18 12:00:00+00:00,deterministic_contract_key,0xd91e80cf2e7be2e162c6513ced06f1dd0da35296,0x5c0790a07ed2ac8cea9f4f108af249bd90c416ac1d2f3331babe69fead899901,2,67625936,0x178513ead715eb2a05992ef76f196b6f0a257d0710cdbd012e23a8875904c255,230,neg_risk_adapter,neg_risk_adapter,ctf_condition_preparation_oracle,0x71523d0f655b41e805cec45b17163f528b59b820,0x2f5e3684cb1f318ec51b00edba38d79ac2c0aa9d,0x71523d0f655b41e805cec45b17163f528b59b820,0x5c0790a07ed2ac8cea9f4f108af249bd90c416ac1d2f3331babe69fead899900,0xcc89400dd87b50021e5b7e533d2ad5b435d00620e1be8f654f2e74f0fe9448d4,True,67625933.0,0x66a88097a78e892c3456c160d906a58540a38472518bd5dba117d4adcb2bace9,214.0,uma_via_neg_risk_adapter,True
528973,0x812d8819cda5c57e824719de0381d8e207a45b5b71da31a6425f6c2f181a3fc4,Fed decreases interest rates by 25 bps after July 2025 meeting?,fed_decision,fed_decision|cut|fed_meeting:2025-07|equal|25,2025-03-19 19:32:16.262451+00:00,2025-07-30 12:00:00+00:00,deterministic_contract_key,0xd91e80cf2e7be2e162c6513ced06f1dd0da35296,0xf0aa04835adf4beacddd933e49e6e08ffd37014751dc3f7d167f73cb64213d01,2,69251985,0x3f4ce0d4a2a718f130e1303192d751cd8816e9ec61671c7994acf13d007641a9,257,neg_risk_adapter,neg_risk_adapter,ctf_condition_preparation_oracle,0x71523d0f655b41e805cec45b17163f528b59b820,0x2f5e3684cb1f318ec51b00edba38d79ac2c0aa9d,0x71523d0f655b41e805cec45b17163f528b59b820,0xf0aa04835adf4beacddd933e49e6e08ffd37014751dc3f7d167f73cb64213d00,0x45d12029ff48e322cf801737198969c4f2d8ddf4a9315becb510ffaebe4a4802,True,69251981.0,0xedcad597a0a54fbd196e7400b84874d035e6446f54f46a3719da43ef56cf467a,156.0,uma_via_neg_risk_adapter,True
519778,0xffffb2874475ae9c1e3a0e3c3c4b4e329eb3105427aa484f357bf41c5fd77c4f,No change in Fed interest rates after May 2025 meeting?,fed_decision,fed_decision|hold|fed_meeting:2025-05|hold|0,2025-01-23 19:07:41.675536+00:00,2025-05-07 12:00:00+00:00,deterministic_contract_key,0xd91e80cf2e7be2e162c6513ced06f1dd0da35296,0xedc98ec302c7bc9c256a2a924c9dab37f5aa8bc3c9e1d08d2fabc231f1b10f02,2,67058722,0x3c4fb200e29fafe0be5372ad25b3b33a6c5583ea4d6820073811677b31c64765,153,neg_risk_adapter,neg_risk_adapter,ctf_condition_preparation_oracle,0x71523d0f655b41e805cec45b17163f528b59b820,0x2f5e3684cb1f318ec51b00edba38d79ac2c0aa9d,0x71523d0f655b41e805cec45b17163f528b59b820,0xedc98ec302c7bc9c256a2a924c9dab37f5aa8bc3c9e1d08d2fabc231f1b10f00,0xeb10970e0ab31c11029ee7d62e939bb96ad71c6decf0e12ba073d494c6743cd1,True,67058715.0,0x9f0f3a735e0b6cc2984f692564aa9592f7d01902dbd4f56c3e6c4336b640e94b,181.0,uma_via_neg_risk_adapter,True
521836,0xffdd774123c13df21ce755bfd4f65bde47a74f1377ea73c8b130d84c59831173,No change in Fed interest rates after June 2025 meeting?,fed_decision,fed_decision|hold|fed_meeting:2025-06|hold|0,2025-02-04 21:57:45.490441+00:00,2025-06-18 12:00:00+00:00,deterministic_contract_key,0xd91e80cf2e7be2e162c6513ced06f1dd0da35296,0x5c0790a07ed2ac8cea9f4f108af249bd90c416ac1d2f3331babe69fead899902,2,67625945,0xdbfbc0cd2c9785a27816261f6b6c77a2a6f70043d3a48b3728299b25302155b2,270,neg_risk_adapter,neg_risk_adapter,ctf_condition_preparation_oracle,0x71523d0f655b41e805cec45b17163f528b59b820,0x2f5e3684cb1f318ec51b00edba38d79ac2c0aa9d,0x71523d0f655b41e805cec45b17163f528b59b820,0x5c0790a07ed2ac8cea9f4f108af249bd90c416ac1d2f3331babe69fead899900,0x1007a005ca24a696421208ba42c44584e6c7fc6d929b4ed040fd1bc79f774340,True,67625942.0,0xd23606bd50645fd8d25a30890b6e7de9d6a333fcecd19d5d7a44979d0fc4eaf2,220.0,uma_via_neg_risk_adapter,True
528974,0x4a68d828f7263f34391484404380c34efa9566f12a08a88553ddbe8e285c3ae9,No change in Fed interest rates after July 2025 meeting?,fed_decision,fed_decision|hold|fed_meeting:2025-07|hold|0,2025-03-19 19:32:16.594619+00:00,2025-07-30 12:00:00+00:00,deterministic_contract_key,0xd91e80cf2e7be2e162c6513ced06f1dd0da35296,0xf0aa04835adf4beacddd933e49e6e08ffd37014751dc3f7d167f73cb64213d02,2,69251994,0xe19c59fee5756be37648d3fb80a064ca8b4409f4465a3950b9f849d41eb202e3,137,neg_risk_adapter,neg_risk_adapter,ctf_condition_preparation_oracle,0x71523d0f655b41e805cec45b17163f528b59b820,0x2f5e3684cb1f318ec51b00edba38d79ac2c0aa9d,0x71523d0f655b41e805cec45b17163f528b59b820,0xf0aa04835adf4beacddd933e49e6e08ffd37014751dc3f7d167f73cb64213d00,0x8dfb35f3a0b2abd9ce4950ff63ab3d48097d781b36bc5a65f24426b13e801c31,True,69251990.0,0xd23cdb0e6cff4558cfcf46042a8ab88848c76c5c235294d2f38dfc6b001d12fe,255.0,uma_via_neg_risk_adapter,True
509083,0xa1cee304c35d3821b004b633d7ec69cb445600085549f0ec8d431083fdb784a3,Will the Anaheim Ducks win the 2025 Stanley Cup?,sports,sports|win|anaheim_ducks|nhl_stanley_cup|2025,2024-10-07 18:47:30.335993+00:00,2025-06-23 12:00:00+00:00,deterministic_contract_key,0xd91e80cf2e7be2e162c6513ced06f1dd0da35296,0xb99bbf9f72d65cc5fd17a2c9dd2e87ca4416dbba9d5f3e55f8d652cee16ad500,2,62787483,0xb09b8abffd48b50f7fd5de87c23eb2d20b076653b5e3f9d05ec08524473ab296,245,neg_risk_adapter,neg_risk_adapter,ctf_condition_preparation_oracle,0x71523d0f655b41e805cec45b17163f528b59b820,0x2f5e3684cb1f318ec51b00edba38d79ac2c0aa9d,0x71523d0f655b41e805cec45b17163f528b59b820,0xb99bbf9f72d65cc5fd17a2c9dd2e87ca4416dbba9d5f3e55f8d652cee16ad500,0x9b846170ad1486b966931baa9b792fa3e15eddfa140705eecddf7b3af0830b37,True,62787478.0,0xf191eba6cc22fc708fd574fd7b2cfdac44c49bb9bef0308d78ba6c95e98205ea,207.0,uma_via_neg_risk_adapter,True
509087,0x5b4e43b605a2c8faf591c86bbd04dc9d17e973da79c70a61dfec07005cfed19b,Will the Boston Bruins win the 2025 Stanley Cup?,sports,sports|win|boston_bruins|nhl_stanley_cup|2025,2024-10-07 19:02:46.898064+00:00,2025-06-23 12:00:00+00:00,deterministic_contract_key,0xd91e80cf2e7be2e162c6513ced06f1dd0da35296,0xb99bbf9f72d65cc5fd17a2c9dd2e87ca4416dbba9d5f3e55f8d652cee16ad501,2,62787499,0x11c8c0ae9ba0314dc0db5b3ae301fc6e97017aabf983c4b9db3351b6ad578a12,292,neg_risk_adapter,neg_risk_adapter,ctf_condition_preparation_oracle,0x71523d0f655b41e805cec45b17163f528b59b820,0x2f5e3684cb1f318ec51b00edba38d79ac2c0aa9d,0x71523d0f655b41e805cec45b17163f528b59b820,0xb99bbf9f72d65cc5fd17a2c9dd2e87ca4416dbba9d5f3e55f8d652cee16ad500,0xd2428e12639ea29fc0e70ab31655ee7b4185be22682f34a38811b323b868a3aa,True,62787494.0,0x22c609107b502a997065b8132031dd48ef2954feafe19f17214f6c67cf47a244,320.0,uma_via_neg_risk_adapter,True
507857,0xd1cfd61da9ac8931fc3aa48ad05eb9687e6f925a15502eb23a04e0174d2c9f30,Will the Boston Celtics win the 2025 NBA Finals?,sports,sports|win|boston_celtics|nba_finals|2025,2024-09-24 15:19:05.446328+00:00,2025-06-23 12:00:00+00:00,deterministic_contract_key,0xd91e80cf2e7be2e162c6513ced06f1dd0da35296,0x834475c883fb4b23ce2a0b0a6964488e868016470159e17403471d9f611d4c01,2,62225222,0x3a9fd09773f30c334f3289fc0d1f190a9dd48f832c46f48a39f3ebaff8113fa5,161,neg_risk_adapter,neg_risk_adapter,ctf_condition_preparation_oracle,0x71523d0f655b41e805cec45b17163f528b59b820,0x2f5e3684cb1f318ec51b00edba38d79ac2c0aa9d,0x71523d0f655b41e805cec45b17163f528b59b820,0x834475c883fb4b23ce2a0b0a6964488e868016470159e17403471d9f611d4c00,0x617abb8addacf79fa228fb3575f1ea37a2c66a61d1eda6ca966ad415f583e444,True,62225217.0,0x2a739915dd8ecebe19c7688dedf21f92e121db9aa4b1103284de21ad9e9eb252,218.0,uma_via_neg_risk_adapter,True
507858,0x2ee656b8bc037e24df53a6b1e33bd9ad12c913c065f564d965ebbfc79b5a4a8b,Will the Brooklyn Nets win the 2025 NBA Finals?,sports,sports|win|brooklyn_nets|nba_finals|2025,2024-09-24 15:19:25.773874+00:00,2025-06-23 12:00:00+00:00,deterministic_contract_key,0xd91e80cf2e7be2e162c6513ced06f1dd0da35296,0x834475c883fb4b23ce2a0b0a6964488e868016470159e17403471d9f611d4c02,2,62225240,0x43beb46d689166977f75b5551c62a28ca62768cc8281ec9a217f6ed60c4b77a7,153,neg_risk_adapter,neg_risk_adapter,ctf_condition_preparation_oracle,0x71523d0f655b41e805cec45b17163f528b59b820,0x2f5e3684cb1f318ec51b00edba38d79ac2c0aa9d,0x71523d0f655b41e805cec45b17163f528b59b820,0x834475c883fb4b23ce2a0b0a6964488e868016470159e17403471d9f611d4c00,0x63f891caccda56b2098a6b1b3f67cf2d730f1e569a1867150116227832e396b7,True,62225236.0,0x2ce8a8900df259a78dd984fbb11d04776b4668c593a99db61110114965fefb63,249.0,uma_via_neg_risk_adapter,True
525548,0x59893482329bae5941b0d89cb843c989365a86278c29849da97b65b8ca6c3a84,Will Bryson DeChambeau win The 2025 Masters?,sports,sports|win|bryson_dechambeau|masters|2025,2025-02-26 22:38:30.590701+00:00,2025-04-14 12:00:00+00:00,deterministic_contract_key,0xd91e80cf2e7be2e162c6513ced06f1dd0da35296,0xa865b7f35a4b37c6ecdfd0da3fd1eb1d2a5a017f5960ae980ee1aa4c5077e314,2,68609077,0x2760571e2eb764b972499f6c15e11157a5f3a60a80c03ee329fd0b6a656e6d36,231,neg_risk_adapter,neg_risk_adapter,ctf_condition_preparation_oracle,0x71523d0f655b41e805cec45b17163f528b59b820,0x2f5e3684cb1f318ec51b00edba38d79ac2c0aa9d,0x71523d0f655b41e805cec45b17163f528b59b820,0xa865b7f35a4b37c6ecdfd0da3fd1eb1d2a5a017f5960ae980ee1aa4c5077e300,0xb42ca6b6b768b9352a1a0d9b27a1b8e62ee1185c497eda3e62a81a64c12e90f4,True,68609072.0,0xdc9615a8b89a20898a2edb43852a2dec216319800a62ea8da9a34c2971763f5c,228.0,uma_via_neg_risk_adapter,True
525641,0x6f8323ccf2ebd280fc9798266470be7b5d24e05b5ea7ac406360f88d6e8f70a8,Will Bryson DeChambeau win The 2025 PGA Championship?,sports,sports|win|bryson_dechambeau|pga_championship|2025,2025-02-26 23:53:31.193888+00:00,2025-05-18 12:00:00+00:00,deterministic_contract_key,0xd91e80cf2e7be2e162c6513ced06f1dd0da35296,0x92131649b8fd2233d8d9e8fb334b22eebdb50e1239795f9df03e6cfec5a3c413,2,68609006,0xbdee65cd40bfe49e6af2848c958d64bba170b005f45caa749a0eda983adb7872,296,neg_risk_adapter,neg_risk_adapter,ctf_condition_preparation_oracle,0x71523d0f655b41e805cec45b17163f528b59b820,0x2f5e3684cb1f318ec51b00edba38d79ac2c0aa9d,0x71523d0f655b41e805cec45b17163f528b59b820,0x92131649b8fd2233d8d9e8fb334b22eebdb50e1239795f9df03e6cfec5a3c400,0x774f159d156b35e63449e2c842598e31be1d29741437375bc420bc6216aa5964,True,68609002.0,0x43b42d96d55b30d9985c383ade74586fed50de412021a381cad7abb240d2c5b3,282.0,uma_via_neg_risk_adapter,True
509088,0x996589e16b968a560860def78785a4a415ac8e43d9b56e651e230fef73bd565a,Will the Buffalo Sabres win the 2025 Stanley Cup?,sports,sports|win|buffalo_sabres|nhl_stanley_cup|2025,2024-10-07 19:03:06.092746+00:00,2025-06-23 12:00:00+00:00,deterministic_contract_key,0xd91e80cf2e7be2e162c6513ced06f1dd0da35296,0xb99bbf9f72d65cc5fd17a2c9dd2e87ca4416dbba9d5f3e55f8d652cee16ad502,2,62787511,0x946a5d1ff2a93b6a1a8ff66a6e2c4d7d75cab381e90f5e282539aebad4cb3bb9,368,neg_risk_adapter,neg_risk_adapter,ctf_condition_preparation_oracle,0x71523d0f655b41e805cec45b17163f528b59b820,0x2f5e3684cb1f318ec51b00edba38d79ac2c0aa9d,0x71523d0f655b41e805cec45b17163f528b59b820,0xb99bbf9f72d65cc5fd17a2c9dd2e87ca4416dbba9d5f3e55f8d652cee16ad500,0x6b12bdc3899d686bfb011192cdf87b2814ba512f215c9440b4e1d69e8cdccbc9,True,62787506.0,0x53ed7b750dedab0110d9ade696fd3dbff50d86a092525172f6184d67a051454e,437.0,uma_via_neg_risk_adapter,True
509089,0xb006bcc75123f958a5562eac7be606b36ca17266c89a0bb9ecb5312221cd33f4,Will the Calgary Flames win the 2025 Stanley Cup?,sports,sports|win|calgary_flames|nhl_stanley_cup|2025,2024-10-07 19:03:28.058051+00:00,2025-06-23 12:00:00+00:00,deterministic_contract_key,0xd91e80cf2e7be2e162c6513ced06f1dd0da35296,0xb99bbf9f72d65cc5fd17a2c9dd2e87ca4416dbba9d5f3e55f8d652cee16ad503,2,62787521,0xdebe1a4d6d3a947340a238122071bd6b9dc03f0c81728660ec5df507d8ef51a6,931,neg_risk_adapter,neg_risk_adapter,ctf_condition_preparation_oracle,0x71523d0f655b41e805cec45b17163f528b59b820,0x2f5e3684cb1f318ec51b00edba38d79ac2c0aa9d,0x71523d0f655b41e805cec45b17163f528b59b820,0xb99bbf9f72d65cc5fd17a2c9dd2e87ca4416dbba9d5f3e55f8d652cee16ad500,0xdf6cccffe4ea5e32970c5e41ed904fef2fbf6cc2a228bde723e9db923b5822eb,True,62787518.0,0x8a6bc429a96188b6a5be55f287cacfdb024cfd458ab8fa31f55268f412e4af65,363.0,uma_via_neg_risk_adapter,True
525375,0x92007bff181c69633e52a717a9086801a327e8f74c03c5dbbe8321b267586540,Will Carlos Sainz Jr. be the 2025 Drivers Champion?,sports,sports|win|carlos_sainz|formula_1_drivers_championship|2025,2025-02-26 18:26:33.616306+00:00,2025-12-07 12:00:00+00:00,deterministic_contract_key,0xd91e80cf2e7be2e162c6513ced06f1dd0da35296,0xd17b6435b7742ac0e437489f4c6d43e84714aa92863085e0550e21e604383b11,2,68407014,0xa6c6744cfd23101cb95204ec5fe29a3571ffc60a1c2ae66718a03af459b83e92,243,neg_risk_adapter,neg_risk_adapter,ctf_condition_preparation_oracle,0x71523d0f655b41e805cec45b17163f528b59b820,0x2f5e3684cb1f318ec51b00edba38d79ac2c0aa9d,0x71523d0f655b41e805cec45b17163f528b59b820,0xd17b6435b7742ac0e437489f4c6d43e84714aa92863085e0550e21e604383b00,0x9a85391f9449045ec3076f918243fdda4c563bf55f06072d8ece32dcaed35ee6,True,68407011.0,0x351cd4169334b6abdc122de935d772475eab61f79ce36f2cbcc9204af2e3d34e,118.0,uma_via_neg_risk_adapter,True
509090,0xceeb3a4731ce686d37801362732d01149bbbf6479961d383a2bead6219f003ff,Will the Carolina Hurricanes win the 2025 Stanley Cup?,sports,sports|win|carolina_hurricanes|nhl_stanley_cup|2025,2024-10-07 19:03:44.299658+00:00,2025-06-23 12:00:00+00:00,deterministic_contract_key,0xd91e80cf2e7be2e162c6513ced06f1dd0da35296,0xb99bbf9f72d65cc5fd17a2c9dd2e87ca4416dbba9d5f3e55f8d652cee16ad504,2,62787554,0xed5dad08c93d8ff4fef4ae8f08098808de3edf597453fccd8c9aaaa90c36d2a3,308,neg_risk_adapter,neg_risk_adapter,ctf_condition_preparation_oracle,0x71523d0f655b41e805cec45b17163f528b59b820,0x2f5e3684cb1f318ec51b00edba38d79ac2c0aa9d,0x71523d0f655b41e805cec45b17163f528b59b820,0xb99bbf9f72d65cc5fd17a2c9dd2e87ca4416dbba9d5f3e55f8d652cee16ad500,0x57cb7d64812c5950c82b66a8eb3503d4319115d7734aca98ce7b06890b65a044,True,62787550.0,0xa4daed4dde9a2db3eb01b3bd6d0850962839c497532011d96ec9055ff1fa4b3f,300.0,uma_via_neg_risk_adapter,True
525360,0x8e7409627b88e0e5745859ccfef3a7d75f57c95b639650c7b5340865ad5ca70c,Will Charles Leclerc be the 2025 Drivers Champion?,sports,sports|win|charles_leclerc|formula_1_drivers_championship|2025,2025-02-26 18:26:27.359907+00:00,2025-12-07 12:00:00+00:00,deterministic_contract_key,0xd91e80cf2e7be2e162c6513ced06f1dd0da35296,0xd17b6435b7742ac0e437489f4c6d43e84714aa92863085e0550e21e604383b02,2,68406839,0x80c2cb70d40f4b0584da41a2c0f3b94a1673d5b48ca3288cddb0fae0396b85de,201,neg_risk_adapter,neg_risk_adapter,ctf_condition_preparation_oracle,0x71523d0f655b41e805cec45b17163f528b59b820,0x2f5e3684cb1f318ec51b00edba38d79ac2c0aa9d,0x71523d0f655b41e805cec45b17163f528b59b820,0xd17b6435b7742ac0e437489f4c6d43e84714aa92863085e0550e21e604383b00,0xab1ce5ff76f419054c6bc7d29a8a88fcd18b3ddbb411bf160b53e7cf3ea956b8,True,68406836.0,0x3d0805f712cd43c642b5f0f187c5fb41caec9f275abce91fe92c08c5289240a3,170.0,uma_via_neg_risk_adapter,True
507859,0x3329697f75e759b7fb781e52314d4322492a6d0816e8465d90091af88a3f4219,Will the Charlotte Hornets win the 2025 NBA Finals?,sports,sports|win|charlotte_hornets|nba_finals|2025,2024-09-24 15:19:44.221043+00:00,2025-06-23 12:00:00+00:00,deterministic_contract_key,0xd91e80cf2e7be2e162c6513ced06f1dd0da35296,0x834475c883fb4b23ce2a0b0a6964488e868016470159e17403471d9f611d4c03,2,62225250,0x8eca61344fd3932d99bc291672ab9aa5f49176efe5326105e9c78792d1c8f4a9,1646,neg_risk_adapter,neg_risk_adapter,ctf_condition_preparation_oracle,0x71523d0f655b41e805cec45b17163f528b59b820,0x2f5e3684cb1f318ec51b00edba38d79ac2c0aa9d,0x71523d0f655b41e805cec45b17163f528b59b820,0x834475c883fb4b23ce2a0b0a6964488e868016470159e17403471d9f611d4c00,0xff7f36144cdf24637db8e45051f15cb095d32e82b7f05354fe33a626fb646c75,True,62225246.0,0xa50619d81a9838747fb952a6e0954742d4fac30ec5ae070dd16aa142842d42e8,187.0,uma_via_neg_risk_adapter,True
509091,0xcc846e4e2304f3076a69a7b8bfdc930aa6a772002a79915b741520eddb5ef492,Will the Chicago Blackhawks win the 2025 Stanley Cup?,sports,sports|win|chicago_blackhawks|nhl_stanley_cup|2025,2024-10-07 19:04:20.240878+00:00,2025-06-23 12:00:00+00:00,deterministic_contract_key,0xd91e80cf2e7be2e162c6513ced06f1dd0da35296,0xb99bbf9f72d65cc5fd17a2c9dd2e87ca4416dbba9d5f3e55f8d652cee16ad505,2,62787565,0x770045fbd1482167ea1cb7ffaf4113ebd0899fe1ead979fdba0ae82119e23d02,331,neg_risk_adapter,neg_risk_adapter,ctf_condition_preparation_oracle,0x71523d0f655b41e805cec45b17163f528b59b820,0x2f5e3684cb1f318ec51b00edba38d79ac2c0aa9d,0x71523d0f655b41e805cec45b17163f528b59b820,0xb99bbf9f72d65cc5fd17a2c9dd2e87ca4416dbba9d5f3e55f8d652cee16ad500,0x2c445a351ed3185e5a10c40520c614b90d541d4d12c9354d91ddd97d4bc74c83,True,62787561.0,0x9b5abd26900e1d90aaba499dc5d58b98b327052990c30c5672e60ceb2d427223,273.0,uma_via_neg_risk_adapter,True
507860,0xc635cfc916000aff903b80fe81472fd8e6cdccb88f616e8d8befb78db66552d3,Will the Chicago Bulls win the 2025 NBA Finals?,sports,sports|win|chicago_bulls|nba_finals|2025,2024-09-24 15:20:08.778442+00:00,2025-06-23 12:00:00+00:00,deterministic_contract_key,0xd91e80cf2e7be2e162c6513ced06f1dd0da35296,0x834475c883fb4b23ce2a0b0a6964488e868016470159e17403471d9f611d4c04,2,62225618,0x7034ef9598227225cbd6163d90b7cb9d01c972998e0a5ec22e5837ce861b54c0,153,neg_risk_adapter,neg_risk_adapter,ctf_condition_preparation_oracle,0x71523d0f655b41e805cec45b17163f528b59b820,0x2f5e3684cb1f318ec51b00edba38d79ac2c0aa9d,0x71523d0f655b41e805cec45b17163f528b59b820,0x834475c883fb4b23ce2a0b0a6964488e868016470159e17403471d9f611d4c00,0x6526a572f5d486c19b0f9d97f02fc6ffa316dcb6eaa96c8f1d5b6dee41e0eade,True,62225614.0,0x1ad1f87651a5c65ab28310f710018c08e643d715fcf75373057586e5c48131e3,222.0,uma_via_neg_risk_adapter,True
507861,0xc28a6a59080f7ed26620bfe111ce0bac356057cdd182a252f26632a0524aaa09,Will the Cleveland Cavaliers win the 2025 NBA Finals?,sports,sports|win|cleveland_cavaliers|nba_finals|2025,2024-09-24 15:20:31.827225+00:00,2025-06-23 12:00:00+00:00,deterministic_contract_key,0xd91e80cf2e7be2e162c6513ced06f1dd0da35296,0x834475c883fb4b23ce2a0b0a6964488e868016470159e17403471d9f611d4c05,2,62225644,0x3698347cce9686ce948f842210c2d49ac6027eaa20179fb585bb800bb24ec0e4,96,neg_risk_adapter,neg_risk_adapter,ctf_condition_preparation_oracle,0x71523d0f655b41e805cec45b17163f528b59b820,0x2f5e3684cb1f318ec51b00edba38d79ac2c0aa9d,0x71523d0f655b41e805cec45b17163f528b59b820,0x834475c883fb4b23ce2a0b0a6964488e868016470159e17403471d9f611d4c00,0x5a5997fc4c3b07b118341e636726b40e327b21d05417d3b90625041d57b60134,True,62225639.0,0x86c45d2eb7b707d5db5e7d49a6fe7b9c7e918c1f7686b146dc50c8d3a311d03d,72.0,uma_via_neg_risk_adapter,True
525421,0xa94c8395a76220162cc1acaebb7c3372fdb064c597e298e7f0dc3146034187d1,Will the Cleveland Guardians win the 2025 American League Championship?,sports,sports|win|cleveland_guardians|mlb_american_league|2025,2025-02-26 18:43:15.365424+00:00,2025-10-31 12:00:00+00:00,deterministic_contract_key,0xd91e80cf2e7be2e162c6513ced06f1dd0da35296,0xae81eb1366dcbfa1ea3ef5c80c33ac33a67c61e9f15caabe106f119f118ea505,2,68407696,0x0211485542e2aa350e11dd5c8f6f8d4893d1f7d9a08d64dac3dbc7d3f8c741da,307,neg_risk_adapter,neg_risk_adapter,ctf_condition_preparation_oracle,0x71523d0f655b41e805cec45b17163f528b59b820,0x2f5e3684cb1f318ec51b00edba38d79ac2c0aa9d,0x71523d0f655b41e805cec45b17163f528b59b820,0xae81eb1366dcbfa1ea3ef5c80c33ac33a67c61e9f15caabe106f119f118ea500,0xdfc512af9a687c94db190fb0352329a6c2f0837ab3807bb8b1e9b79eaf9f95c8,True,68407692.0,0x85b452e2eb4fecbfe804fec712dc3cfc6ed079a01332ff2a182fa234d5895ed7,363.0,uma_via_neg_risk_adapter,True
525390,0x84d62ee93bfa7d38836e278801c8c5ccb791482d36b0fbedc990ac2ba1610d9c,Will the Cleveland Guardians win the 2025 World Series?,sports,sports|win|cleveland_guardians|mlb_championship|2025,2025-02-26 18:37:20.752261+00:00,2025-10-31 12:00:00+00:00,deterministic_contract_key,0xd91e80cf2e7be2e162c6513ced06f1dd0da35296,0x7971728ccf4866d610621f7b8af18b78c1649e6f2c28ce2073d54af61be42605,2,68407694,0x3cc72b32c7a3c2e61f185ed28bd6f08600938d6bceb621c9b4c36182a431987a,177,neg_risk_adapter,neg_risk_adapter,ctf_condition_preparation_oracle,0x71523d0f655b41e805cec45b17163f528b59b820,0x2f5e3684cb1f318ec51b00edba38d79ac2c0aa9d,0x71523d0f655b41e805cec45b17163f528b59b820,0x7971728ccf4866d610621f7b8af18b78c1649e6f2c28ce2073d54af61be42600,0x2ee085c563aa161f251a9a1c12c5b26b29f711ae8a1825298e8444e8a0be4573,True,68407691.0,0x52716ec6d7401fbcdc1533a67e0bfa010598fb97ac1da93ac152795c7de21e1b,468.0,uma_via_neg_risk_adapter,True
525625,0x8292efeee76cf38a3d1c07b97f1372eddd638e680d892dc6632e42ba08c9dec9,Will Collin Morikawa win The 2025 PGA Championship?,sports,sports|win|collin_morikawa|pga_championship|2025,2025-02-26 23:53:25.755705+00:00,2025-05-18 12:00:00+00:00,deterministic_contract_key,0xd91e80cf2e7be2e162c6513ced06f1dd0da35296,0x92131649b8fd2233d8d9e8fb334b22eebdb50e1239795f9df03e6cfec5a3c403,2,68608663,0x2063d9bd40d2ac8b8208b0a1396b06e300cbe6ecbf6c49e8e85dafb0e0d5cdd7,185,neg_risk_adapter,neg_risk_adapter,ctf_condition_preparation_oracle,0x71523d0f655b41e805cec45b17163f528b59b820,0x2f5e3684cb1f318ec51b00edba38d79ac2c0aa9d,0x71523d0f655b41e805cec45b17163f528b59b820,0x92131649b8fd2233d8d9e8fb334b22eebdb50e1239795f9df03e6cfec5a3c400,0x0ad86e1d70baf3678e1e81293e57cc76e415c271bf4eec5f7df20decec61b59d,True,68608660.0,0x80d693366aa0fcaf4a54eff716e1869db11ef4228848a301c23c4b869a828beb,234.0,uma_via_neg_risk_adapter,True
509118,0xded5e3aac89222e48578b1f7a2ef39a61d18017d5c5c709701ba2ae5d5ddfbc9,Will the Colorado Avalanche win the 2025 Stanley Cup?,sports,sports|win|colorado_avalanche|nhl_stanley_cup|2025,2024-10-07 19:39:59.136522+00:00,2025-06-23 12:00:00+00:00,deterministic_contract_key,0xd91e80cf2e7be2e162c6513ced06f1dd0da35296,0xb99bbf9f72d65cc5fd17a2c9dd2e87ca4416dbba9d5f3e55f8d652cee16ad51f,2,62788508,0x1d4c3def8527771f697eef9635d7db064dd23db99e41f23054f6a0d4f609cd3e,170,neg_risk_adapter,neg_risk_adapter,ctf_condition_preparation_oracle,0x71523d0f655b41e805cec45b17163f528b59b820,0x2f5e3684cb1f318ec51b00edba38d79ac2c0aa9d,0x71523d0f655b41e805cec45b17163f528b59b820,0xb99bbf9f72d65cc5fd17a2c9dd2e87ca4416dbba9d5f3e55f8d652cee16ad500,0x5db75d5d8e84fd2e5f1a135c542e21e3e682e65a2bbc7a5fb4789e934ae8bd8a,True,62788503.0,0x29993c3cc82e1adeb66e2328002a4f0467abf4159331bacb9b2b6e9397a5fa0b,313.0,uma_via_neg_risk_adapter,True
509092,0x2d7e29af3bba553a336d02292525b67218cfa5a6f123ed0eda1bd44d9981526e,Will the Columbus Blue Jackets win the 2025 Stanley Cup?,sports,sports|win|columbus_blue_jackets|nhl_stanley_cup|2025,2024-10-07 19:13:03.707929+00:00,2025-06-23 12:00:00+00:00,deterministic_contract_key,0xd91e80cf2e7be2e162c6513ced06f1dd0da35296,0xb99bbf9f72d65cc5fd17a2c9dd2e87ca4416dbba9d5f3e55f8d652cee16ad506,2,62787578,0xf501af38ada2cededa595363402cc6900b168626f75a6b56f2b5440608e7c64b,233,neg_risk_adapter,neg_risk_adapter,ctf_condition_preparation_oracle,0x71523d0f655b41e805cec45b17163f528b59b820,0x2f5e3684cb1f318ec51b00edba38d79ac2c0aa9d,0x71523d0f655b41e805cec45b17163f528b59b820,0xb99bbf9f72d65cc5fd17a2c9dd2e87ca4416dbba9d5f3e55f8d652cee16ad500,0x0a6f0dd214ca45008c96e00bb82ef67c8044d8b7b51083f9da97fd4804ce5867,True,62787574.0,0x8855e1a6a7c6b70e552121bc3415d959b82f323832125a77851c1a9a452111e9,410.0,uma_via_neg_risk_adapter,True
509093,0x3a5a0289c93118833ee682065e6935ded62984992f97fd5a59b4d2271214282d,Will the Dallas Stars win the 2025 Stanley Cup?,sports,sports|win|dallas_stars|nhl_stanley_cup|2025,2024-10-07 19:16:04.815489+00:00,2025-06-23 12:00:00+00:00,deterministic_contract_key,0xd91e80cf2e7be2e162c6513ced06f1dd0da35296,0xb99bbf9f72d65cc5fd17a2c9dd2e87ca4416dbba9d5f3e55f8d652cee16ad507,2,62787590,0x70756fcac23e61da30cc26557327e47672a1e2c3097845e4bebaaa54dc8b5151,274,neg_risk_adapter,neg_risk_adapter,ctf_condition_preparation_oracle,0x71523d0f655b41e805cec45b17163f528b59b820,0x2f5e3684cb1f318ec51b00edba38d79ac2c0aa9d,0x71523d0f655b41e805cec45b17163f528b59b820,0xb99bbf9f72d65cc5fd17a2c9dd2e87ca4416dbba9d5f3e55f8d652cee16ad500,0x334392af397744fb3deb5dee032cf46653a8999a0fd687b5ab5a79d67c8a901e,True,62787586.0,0x17ad3355caa4e8d760490a303983478d75a85b402420c80eee9adc2c4a671812,332.0,uma_via_neg_risk_adapter,True
507863,0x497d6cf1098ea666aed470ead36e66ab5a9d54ff29cdf6357708a20aa1808e6e,Will the Denver Nuggets win the 2025 NBA Finals?,sports,sports|win|denver_nuggets|nba_finals|2025,2024-09-24 15:21:38.740908+00:00,2025-06-23 12:00:00+00:00,deterministic_contract_key,0xd91e80cf2e7be2e162c6513ced06f1dd0da35296,0x834475c883fb4b23ce2a0b0a6964488e868016470159e17403471d9f611d4c07,2,62225964,0x4a075cc956241ec9f3e4e99475dcaf545d7e1493e30f6a388265eef064bb2440,160,neg_risk_adapter,neg_risk_adapter,ctf_condition_preparation_oracle,0x71523d0f655b41e805cec45b17163f528b59b820,0x2f5e3684cb1f318ec51b00edba38d79ac2c0aa9d,0x71523d0f655b41e805cec45b17163f528b59b820,0x834475c883fb4b23ce2a0b0a6964488e868016470159e17403471d9f611d4c00,0x2762c3aca68521c7846a8683f5bcea90f82ac88de0ab35406ecfcb1fe14c90bd,True,62225961.0,0x204fb3370760e0a48f9ae4df0beaaae69c52b5132f71150fb86478076de2e7d7,240.0,uma_via_neg_risk_adapter,True
507864,0xba6c5ece6d70e46fc4fe5dfd73db248bc1a1a162bebc05e9b2cd8b91293cccce,Will the Detroit Pistons win the 2025 NBA Finals?,sports,sports|win|detroit_pistons|nba_finals|2025,2024-09-24 15:21:59.638942+00:00,2025-06-23 12:00:00+00:00,deterministic_contract_key,0xd91e80cf2e7be2e162c6513ced06f1dd0da35296,0x834475c883fb4b23ce2a0b0a6964488e868016470159e17403471d9f611d4c08,2,62225974,0x11132eac65419a88f6e5ddb62291ea7ad52e1bfd26273777f16ed7651b623233,626,neg_risk_adapter,neg_risk_adapter,ctf_condition_preparation_oracle,0x71523d0f655b41e805cec45b17163f528b59b820,0x2f5e3684cb1f318ec51b00edba38d79ac2c0aa9d,0x71523d0f655b41e805cec45b17163f528b59b820,0x834475c883fb4b23ce2a0b0a6964488e868016470159e17403471d9f611d4c00,0xdf375dcd5161b86752b3fd073976e1a5bb208e44817b99321ad966b9a1b77ab7,True,62225969.0,0x682e14a8a707efc7b792546a803acca745b8c87f431efb3564b2c228ef2e867e,278.0,uma_via_neg_risk_adapter,True
509095,0x1b3f3f9a32da3ef3839f7ea2296c8b681ac58b88a19db50dd66de39e113556ef,Will the Edmonton Oilers win the 2025 Stanley Cup?,sports,sports|win|edmonton_oilers|nhl_stanley_cup|2025,2024-10-07 19:17:04.892386+00:00,2025-06-23 12:00:00+00:00,deterministic_contract_key,0xd91e80cf2e7be2e162c6513ced06f1dd0da35296,0xb99bbf9f72d65cc5fd17a2c9dd2e87ca4416dbba9d5f3e55f8d652cee16ad509,2,62788070,0x200254d8b8cee268f3601a34d18d56ba6be3e4b305cef7167b9e7c602aae4e22,187,neg_risk_adapter,neg_risk_adapter,ctf_condition_preparation_oracle,0x71523d0f655b41e805cec45b17163f528b59b820,0x2f5e3684cb1f318ec51b00edba38d79ac2c0aa9d,0x71523d0f655b41e805cec45b17163f528b59b820,0xb99bbf9f72d65cc5fd17a2c9dd2e87ca4416dbba9d5f3e55f8d652cee16ad500,0x585eb1d7f6fbfe36d0395525063bb8e96e19843f392aa7e938e8c9b862ceddc0,True,62788065.0,0x00ecc54ab52e03dc260972fede9789d823e611eab826fc49c7cfb55e0da35459,387.0,uma_via_neg_risk_adapter,True
525370,0x9939fd74f2d2078cafd04de7a9a8060b27ff331f8db4a737121519b81440de1e,Will Esteban Ocon be the 2025 Drivers Champion?,sports,sports|win|esteban_ocon|formula_1_drivers_championship|2025,2025-02-26 18:26:31.593558+00:00,2025-12-07 12:00:00+00:00,deterministic_contract_key,0xd91e80cf2e7be2e162c6513ced06f1dd0da35296,0xd17b6435b7742ac0e437489f4c6d43e84714aa92863085e0550e21e604383b0c,2,68406967,0xc481db040b5e10e33b1bc37ab261154f1e70473ba329480618ef7d6ed2484936,150,neg_risk_adapter,neg_risk_adapter,ctf_condition_preparation_oracle,0x71523d0f655b41e805cec45b17163f528b59b820,0x2f5e3684cb1f318ec51b00edba38d79ac2c0aa9d,0x71523d0f655b41e805cec45b17163f528b59b820,0xd17b6435b7742ac0e437489f4c6d43e84714aa92863085e0550e21e604383b00,0xb8be72b0a79ad4e24ecd71736e832ade5037147f60e9dedec6ae6232462638c0,True,68406963.0,0xcbd616267b1fd30a72ec8fe0565cc1be4e307a8a0dd275c36215815ed473a075,201.0,uma_via_neg_risk_adapter,True
525366,0xd2f0475a426f69d5da5971e0bbd1d47344332f577027b08bf94965078f6aa562,Will Fernando Alonso be the 2025 Drivers Champion?,sports,sports|win|fernando_alonso|formula_1_drivers_championship|2025,2025-02-26 18:26:29.854457+00:00,2025-12-07 12:00:00+00:00,deterministic_contract_key,0xd91e80cf2e7be2e162c6513ced06f1dd0da35296,0xd17b6435b7742ac0e437489f4c6d43e84714aa92863085e0550e21e604383b08,2,68406901,0x2db5b6bda677b00992ba53e66ffb01946a80750275b4afd34399aba6fb4c10fe,103,neg_risk_adapter,neg_risk_adapter,ctf_condition_preparation_oracle,0x71523d0f655b41e805cec45b17163f528b59b820,0x2f5e3684cb1f318ec51b00edba38d79ac2c0aa9d,0x71523d0f655b41e805cec45b17163f528b59b820,0xd17b6435b7742ac0e437489f4c6d43e84714aa92863085e0550e21e604383b00,0x7ca96b857c34d58974fb618db1d564d8f9ec6ada86faed8177a78da0cfab5444,True,68406896.0,0x9eae7924b9804d64a4c2e83aa4f7f0afb3f8a482aa83800fa95a7d1d986fb244,100.0,uma_via_neg_risk_adapter,True
509096,0xee49c41419021c5282902eabae4a3f58a9c3a7c20dadd8a389385509087eb881,Will the Florida Panthers win the 2025 Stanley Cup?,sports,sports|win|florida_panthers|nhl_stanley_cup|2025,2024-10-07 19:17:24.172239+00:00,2025-06-23 12:00:00+00:00,deterministic_contract_key,0xd91e80cf2e7be2e162c6513ced06f1dd0da35296,0xb99bbf9f72d65cc5fd17a2c9dd2e87ca4416dbba9d5f3e55f8d652cee16ad50a,2,62788083,0x0bfd8104b602f200803c127a8566918027ac1e889a565504f5fe3bd7f1316b3f,171,neg_risk_adapter,neg_risk_adapter,ctf_condition_preparation_oracle,0x71523d0f655b41e805cec45b17163f528b59b820,0x2f5e3684cb1f318ec51b00edba38d79ac2c0aa9d,0x71523d0f655b41e805cec45b17163f528b59b820,0xb99bbf9f72d65cc5fd17a2c9dd2e87ca4416dbba9d5f3e55f8d652cee16ad500,0xb5433c9f79391ab7886c53ac539feb45fcaf167b28cb67faf7d54208dadfeb0f,True,62788079.0,0x3e0db5d5df4d6223a166ed6e2ba5bc67e1809a4188d2f5383d28d1e78062a8d7,209.0,uma_via_neg_risk_adapter,True
525377,0x11097c3daad854876a8d9ef2abdd43dc327b5be1cb5f08b562c2d422d2b1e3d6,Will Gabriel Bortoleto be the 2025 Drivers Champion?,sports,sports|win|gabriel_bortoleto|formula_1_drivers_championship|2025,2025-02-26 18:26:34.375683+00:00,2025-12-07 12:00:00+00:00,deterministic_contract_key,0xd91e80cf2e7be2e162c6513ced06f1dd0da35296,0xd17b6435b7742ac0e437489f4c6d43e84714aa92863085e0550e21e604383b13,2,68407033,0x7e2624b736ad18aaba4a65fc0caf47962b8aae810908350e9181747fffad2dbe,174,neg_risk_adapter,neg_risk_adapter,ctf_condition_preparation_oracle,0x71523d0f655b41e805cec45b17163f528b59b820,0x2f5e3684cb1f318ec51b00edba38d79ac2c0aa9d,0x71523d0f655b41e805cec45b17163f528b59b820,0xd17b6435b7742ac0e437489f4c6d43e84714aa92863085e0550e21e604383b00,0x036eb83bc0536c69fcc7f422d718994bd10010e4983428cff08e2e81afad8a2d,True,68407029.0,0xfa181a36f15c1717dfe89f3e9a212472ac7f8bd1938db0ccc6ae0b87f395dd93,465.0,uma_via_neg_risk_adapter,True
525362,0x7e8953cc66f9dabfe80fb0d1a9284bffb7a293f700b21027261fade58a082d73,Will George Russell be the 2025 Drivers Champion?,sports,sports|win|george_russell|formula_1_drivers_championship|2025,2025-02-26 18:26:28.214761+00:00,2025-12-07 12:00:00+00:00,deterministic_contract_key,0xd91e80cf2e7be2e162c6513ced06f1dd0da35296,0xd17b6435b7742ac0e437489f4c6d43e84714aa92863085e0550e21e604383b04,2,68406860,0x41b8f324f1b72f75a2c850084cee64c0313670200c2835a050ab983dd235449e,106,neg_risk_adapter,neg_risk_adapter,ctf_condition_preparation_oracle,0x71523d0f655b41e805cec45b17163f528b59b820,0x2f5e3684cb1f318ec51b00edba38d79ac2c0aa9d,0x71523d0f655b41e805cec45b17163f528b59b820,0xd17b6435b7742ac0e437489f4c6d43e84714aa92863085e0550e21e604383b00,0x929c26d8c0596e65a015dc7c5f08c5cc319ed24cbed089c04bafb56ced84ebb4,True,68406857.0,0x1d79cf16f68bf778c1e413b81ad5f4b339f3f5cc16ab27db28cb7632bad19f3e,172.0,uma_via_neg_risk_adapter,True
525534,0xcc15be7879f727d6c306c24e987b5db3d63aeb59a8c7033e1ee4a765026dc2d7,Will Hideki Matsuyama win The 2025 Masters?,sports,sports|win|hideki_matsuyama|masters|2025,2025-02-26 22:38:25.343305+00:00,2025-04-14 12:00:00+00:00,deterministic_contract_key,0xd91e80cf2e7be2e162c6513ced06f1dd0da35296,0xa865b7f35a4b37c6ecdfd0da3fd1eb1d2a5a017f5960ae980ee1aa4c5077e306,2,68608709,0x04b396b8a890227f29966b5d969ea0d80edf646af5102abab736a56a2d49f354,209,neg_risk_adapter,neg_risk_adapter,ctf_condition_preparation_oracle,0x71523d0f655b41e805cec45b17163f528b59b820,0x2f5e3684cb1f318ec51b00edba38d79ac2c0aa9d,0x71523d0f655b41e805cec45b17163f528b59b820,0xa865b7f35a4b37c6ecdfd0da3fd1eb1d2a5a017f5960ae980ee1aa4c5077e300,0xe6523310d70da449afa7f83ccac44f52131b44303a3e6c0ce4045f9cca337f47,True,68608705.0,0x760dd1023259bd1cccd074e978d86e66b4380be73a2ceaf870a9fcba2e244b7c,166.0,uma_via_neg_risk_adapter,True
507866,0x5f437a76e4e76fbe81b4269e5f8ffd98ade4751ec849baa0a68284723645904d,Will the Houston Rockets win the 2025 NBA Finals?,sports,sports|win|houston_rockets|nba_finals|2025,2024-09-24 15:22:40.522919+00:00,2025-06-23 12:00:00+00:00,deterministic_contract_key,0xd91e80cf2e7be2e162c6513ced06f1dd0da35296,0x834475c883fb4b23ce2a0b0a6964488e868016470159e17403471d9f611d4c0a,2,62225996,0x152a7e6617e21ddc5dd3f6830b79fe3bb85b15d5d4ad55a92f73eba39d52b13e,79,neg_risk_adapter,neg_risk_adapter,ctf_condition_preparation_oracle,0x71523d0f655b41e805cec45b17163f528b59b820,0x2f5e3684cb1f318ec51b00edba38d79ac2c0aa9d,0x71523d0f655b41e805cec45b17163f528b59b820,0x834475c883fb4b23ce2a0b0a6964488e868016470159e17403471d9f611d4c00,0x04fcf58d9224becbc7297f485224dcf5d244500744861dc73becf1bddf567369,True,62225993.0,0x56d23394ddb84934b0f83bd4e1e6aa37c003711a87970635d6879a498bb38c75,140.0,uma_via_neg_risk_adapter,True
525369,0x994d6fe74741a1fa7e9a9d47fb066a143835d9c9d3fdda83a2302c0844d64837,Will Jack Doohan be the 2025 Drivers Champion?,sports,sports|win|jack_doohan|formula_1_drivers_championship|2025,2025-02-26 18:26:31.010392+00:00,2025-12-07 12:00:00+00:00,deterministic_contract_key,0xd91e80cf2e7be2e162c6513ced06f1dd0da35296,0xd17b6435b7742ac0e437489f4c6d43e84714aa92863085e0550e21e604383b0b,2,68406955,0x9034986aadb11cfd606ba24b61ea8317e4c71357e04470cfb8582e058c4806a1,126,neg_risk_adapter,neg_risk_adapter,ctf_condition_preparation_oracle,0x71523d0f655b41e805cec45b17163f528b59b820,0x2f5e3684cb1f318ec51b00edba38d79ac2c0aa9d,0x71523d0f655b41e805cec45b17163f528b59b820,0xd17b6435b7742ac0e437489f4c6d43e84714aa92863085e0550e21e604383b00,0x3774aa72c0a9bdc2ee65b53551a0fd4aaa5981a234c09024152d360c6e9b2cd4,True,68406950.0,0xecb01c18ff48b9ed4b75ade95b6c6304cfb9986e2e2ef1bbf00b3a88cf70b311,189.0,uma_via_neg_risk_adapter,True
525642,0x8469cd8e3fbb7cfbd313bcdb9ec7f269519993208ccd4371149fc141a9309437,Will Jon Rahm win The 2025 PGA Championship?,sports,sports|win|jon_rahm|pga_championship|2025,2025-02-26 23:53:31.525018+00:00,2025-05-18 12:00:00+00:00,deterministic_contract_key,0xd91e80cf2e7be2e162c6513ced06f1dd0da35296,0x92131649b8fd2233d8d9e8fb334b22eebdb50e1239795f9df03e6cfec5a3c414,2,68609064,0x390fd14d7019a23a620d7fdf9b086c6fe3010042d74a24ab7d5abdf8a0e07475,83,neg_risk_adapter,neg_risk_adapter,ctf_condition_preparation_oracle,0x71523d0f655b41e805cec45b17163f528b59b820,0x2f5e3684cb1f318ec51b00edba38d79ac2c0aa9d,0x71523d0f655b41e805cec45b17163f528b59b820,0x92131649b8fd2233d8d9e8fb334b22eebdb50e1239795f9df03e6cfec5a3c400,0x7ec8db592bc28aaecc2baa703a8f0defd543647108b9d437eaf92ae4bee652fe,True,68609059.0,0xf8a0cdb6718fa42cda3038d244e0dcff4c1d7339d5ad5b53128ae4e07baf3d4a,236.0,uma_via_neg_risk_adapter,True
525630,0x5e958663d5a4aefff6284798171d0b8d61cbb59c003b3b6d494fae585b2d6ad0,Will Justin Thomas win The 2025 PGA Championship?,sports,sports|win|justin_thomas|pga_championship|2025,2025-02-26 23:53:27.444697+00:00,2025-05-18 12:00:00+00:00,deterministic_contract_key,0xd91e80cf2e7be2e162c6513ced06f1dd0da35296,0x92131649b8fd2233d8d9e8fb334b22eebdb50e1239795f9df03e6cfec5a3c408,2,68608731,0x9206c75a77153fa35f9a6904bdd38c5c288123b94abf3510124efdd2d0569ecc,136,neg_risk_adapter,neg_risk_adapter,ctf_condition_preparation_oracle,0x71523d0f655b41e805cec45b17163f528b59b820,0x2f5e3684cb1f318ec51b00edba38d79ac2c0aa9d,0x71523d0f655b41e805cec45b17163f528b59b820,0x92131649b8fd2233d8d9e8fb334b22eebdb50e1239795f9df03e6cfec5a3c400,0xe16d1c0cd798f9b5c10e4b6c370619299372eb303c0278e760adc39f49153dcd,True,68608728.0,0xa7d3cc197ca0480332dc91abd8658e7e32a6501afebd8552c0cb51f3fa2a7261,55.0,uma_via_neg_risk_adapter,True
525363,0x56e8cd19951bf3f7fb74866ba579db274ebbb11ccadcaed40cf45c028e403b9c,Will Andrea Kimi Antonelli be the 2025 Drivers Champion?,sports,sports|win|kimi_antonelli|formula_1_drivers_championship|2025,2025-02-26 18:26:28.601262+00:00,2025-12-07 12:00:00+00:00,deterministic_contract_key,0xd91e80cf2e7be2e162c6513ced06f1dd0da35296,0xd17b6435b7742ac0e437489f4c6d43e84714aa92863085e0550e21e604383b05,2,68406867,0x375eac511303f916b8a65ed34bc2e7d9b48362e98b4eb2080b98830918627e85,275,neg_risk_adapter,neg_risk_adapter,ctf_condition_preparation_oracle,0x71523d0f655b41e805cec45b17163f528b59b820,0x2f5e3684cb1f318ec51b00edba38d79ac2c0aa9d,0x71523d0f655b41e805cec45b17163f528b59b820,0xd17b6435b7742ac0e437489f4c6d43e84714aa92863085e0550e21e604383b00,0xa4fc5e78a4b3c6952f005a0fa97b6a2b5e9fcd2b0c9a7d76fa8b3e4b1ca6aa42,True,68406864.0,0x32441cdbbc0d1bfecda596d85a3ef2b8760be24324155bba8efefecfbac0471b,312.0,uma_via_neg_risk_adapter,True
525367,0x703cac2f85877a6640fb0e949776b59983442c46af8d263aa107e88e04d620a1,Will Lance Stroll be the 2025 Drivers Champion?,sports,sports|win|lance_stroll|formula_1_drivers_championship|2025,2025-02-26 18:26:30.234516+00:00,2025-12-07 12:00:00+00:00,deterministic_contract_key,0xd91e80cf2e7be2e162c6513ced06f1dd0da35296,0xd17b6435b7742ac0e437489f4c6d43e84714aa92863085e0550e21e604383b09,2,68406909,0x5dc421bab04987c17b24c2ee2f9ff69ddc3bd00adf4515488cb1b4568f84f65a,383,neg_risk_adapter,neg_risk_adapter,ctf_condition_preparation_oracle,0x71523d0f655b41e805cec45b17163f528b59b820,0x2f5e3684cb1f318ec51b00edba38d79ac2c0aa9d,0x71523d0f655b41e805cec45b17163f528b59b820,0xd17b6435b7742ac0e437489f4c6d43e84714aa92863085e0550e21e604383b00,0xa1f16b98f10096193c4925b6f5335aec6e36095c39260cdb7dc8e34d9de4737f,True,68406905.0,0x428a19061e79032d97fc73e40926e44b4cd33916ea8672e90f5ef000653719b2,220.0,uma_via_neg_risk_adapter,True
525361,0x9c60e608e40b658cf15c18b0aaaddda7c6614e66187ec4ecc34be6c8526ef16f,Will Lewis Hamilton be the 2025 Drivers Champion?,sports,sports|win|lewis_hamilton|formula_1_drivers_championship|2025,2025-02-26 18:26:27.761644+00:00,2025-12-07 12:00:00+00:00,deterministic_contract_key,0xd91e80cf2e7be2e162c6513ced06f1dd0da35296,0xd17b6435b7742ac0e437489f4c6d43e84714aa92863085e0550e21e604383b03,2,68406847,0x98993f2f316cb094eccdbb260cd773a4876d65fae3078566ad5ef1ef5c5f1fcf,176,neg_risk_adapter,neg_risk_adapter,ctf_condition_preparation_oracle,0x71523d0f655b41e805cec45b17163f528b59b820,0x2f5e3684cb1f318ec51b00edba38d79ac2c0aa9d,0x71523d0f655b41e805cec45b17163f528b59b820,0xd17b6435b7742ac0e437489f4c6d43e84714aa92863085e0550e21e604383b00,0xfbda723cce9a7dff892cf2c0ca4c655194add3dc38d9d95afbc6fb69dc857b1b,True,68406843.0,0xecf1d1ae3863b76f104ec18c587f378e23dd09b827166706b2b2cdabd9d96ffc,187.0,uma_via_neg_risk_adapter,True
507869,0x4e2dd28f54a645ac62743a49116dfae0b6fd22ef4187ee2a340d1346ca612bcf,Will the LA Clippers win the 2025 NBA Finals?,sports,sports|win|los_angeles_clippers|nba_finals|2025,2024-09-24 15:23:47.197063+00:00,2025-06-23 12:00:00+00:00,deterministic_contract_key,0xd91e80cf2e7be2e162c6513ced06f1dd0da35296,0x834475c883fb4b23ce2a0b0a6964488e868016470159e17403471d9f611d4c0c,2,62226039,0x3f4d26348eaf3bb17f0a540aa9ffcb2dd0222d89f34c1aba9ccb2e71b5af3aae,177,neg_risk_adapter,neg_risk_adapter,ctf_condition_preparation_oracle,0x71523d0f655b41e805cec45b17163f528b59b820,0x2f5e3684cb1f318ec51b00edba38d79ac2c0aa9d,0x71523d0f655b41e805cec45b17163f528b59b820,0x834475c883fb4b23ce2a0b0a6964488e868016470159e17403471d9f611d4c00,0x4657eed95567548050b9e8c5d260045113f4327a40595e1c47a8343c6f1c3118,True,62226035.0,0xad76989b77e0246c432d24628c418954dd9933ea95a305c204c93f8f8f38d072,55.0,uma_via_neg_risk_adapter,True
525410,0x1073cc3483263763397b853cb095ac8451f7e26b5a94231b5973c14bf6e7a95a,Will the Los Angeles Dodgers win the 2025 World Series?,sports,sports|win|los_angeles_dodgers|mlb_championship|2025,2025-02-26 18:37:27.649954+00:00,2025-10-31 12:00:00+00:00,deterministic_contract_key,0xd91e80cf2e7be2e162c6513ced06f1dd0da35296,0x7971728ccf4866d610621f7b8af18b78c1649e6f2c28ce2073d54af61be42619,2,68407889,0xa29fad515dbc8e4d33466500ebb03a37d53bd23aa9882036b5b829dc853bfef2,401,neg_risk_adapter,neg_risk_adapter,ctf_condition_preparation_oracle,0x71523d0f655b41e805cec45b17163f528b59b820,0x2f5e3684cb1f318ec51b00edba38d79ac2c0aa9d,0x71523d0f655b41e805cec45b17163f528b59b820,0x7971728ccf4866d610621f7b8af18b78c1649e6f2c28ce2073d54af61be42600,0x9f8689391052492e9a823f6bf24b3a10328295fcff200ffd1811d455ba3c7fcb,True,68407885.0,0x9c134a6b2cd53cc797bd78d32b16fe775885d585271da557c0d6306ecce3bbfd,327.0,uma_via_neg_risk_adapter,True
509097,0x794c65cfbadb39b11fe7b89c8994fcbe2678e562b0f9399fdeeaebcbc9fca093,Will the Los Angeles Kings win the 2025 Stanley Cup?,sports,sports|win|los_angeles_kings|nhl_stanley_cup|2025,2024-10-07 19:19:10.173599+00:00,2025-06-23 12:00:00+00:00,deterministic_contract_key,0xd91e80cf2e7be2e162c6513ced06f1dd0da35296,0xb99bbf9f72d65cc5fd17a2c9dd2e87ca4416dbba9d5f3e55f8d652cee16ad50b,2,62788126,0x921d3f8351b43cd77398e3f3013cb2b7e33ded53cb94fbe81103aa59c32c29e2,327,neg_risk_adapter,neg_risk_adapter,ctf_condition_preparation_oracle,0x71523d0f655b41e805cec45b17163f528b59b820,0x2f5e3684cb1f318ec51b00edba38d79ac2c0aa9d,0x71523d0f655b41e805cec45b17163f528b59b820,0xb99bbf9f72d65cc5fd17a2c9dd2e87ca4416dbba9d5f3e55f8d652cee16ad500,0x80fbbc09cf1e6763db9b7666ad6211b820f38df9582ab6d8875584170b39e93e,True,62788121.0,0xceb6d30cd2ef1b77b9cda3eed1a5da09cdc78d6133ab3470802f335e417bcf7a,292.0,uma_via_neg_risk_adapter,True
525532,0xf2ac47929c6f7112146b9de14f367b3e436953576acf78f9432835d30196b629,Will Ludvig Aberg win The 2025 Masters?,sports,sports|win|ludvig_aberg|masters|2025,2025-02-26 22:38:24.620761+00:00,2025-04-14 12:00:00+00:00,deterministic_contract_key,0xd91e80cf2e7be2e162c6513ced06f1dd0da35296,0xa865b7f35a4b37c6ecdfd0da3fd1eb1d2a5a017f5960ae980ee1aa4c5077e304,2,68608685,0x672ec8bf70dc5d1bf241fdaf52a583156c7160ac9c2c8f4b0df32fa0e521c327,170,neg_risk_adapter,neg_risk_adapter,ctf_condition_preparation_oracle,0x71523d0f655b41e805cec45b17163f528b59b820,0x2f5e3684cb1f318ec51b00edba38d79ac2c0aa9d,0x71523d0f655b41e805cec45b17163f528b59b820,0xa865b7f35a4b37c6ecdfd0da3fd1eb1d2a5a017f5960ae980ee1aa4c5077e300,0x73f19d05c106c29c0c991e7da5baccf709c76fb538e858f1b1309b814e96240a,True,68608682.0,0xad7eceb1226013ab12eede75ebc9e3112f756395d4e31dd24474406ee1bceacc,258.0,uma_via_neg_risk_adapter,True
525626,0xfcef9715d8ab758ceaf3e3b4513c3d593b3aa5fc124c1a7ad2d0d8a7ad25018a,Will Ludvig Aberg win The 2025 PGA Championship?,sports,sports|win|ludvig_aberg|pga_championship|2025,2025-02-26 23:53:26.111859+00:00,2025-05-18 12:00:00+00:00,deterministic_contract_key,0xd91e80cf2e7be2e162c6513ced06f1dd0da35296,0x92131649b8fd2233d8d9e8fb334b22eebdb50e1239795f9df03e6cfec5a3c404,2,68608683,0x231ae1d06f352f1bc5a2a5b1dfe9c6779419493aa706c35ca15c4b1f045061b9,137,neg_risk_adapter,neg_risk_adapter,ctf_condition_preparation_oracle,0x71523d0f655b41e805cec45b17163f528b59b820,0x2f5e3684cb1f318ec51b00edba38d79ac2c0aa9d,0x71523d0f655b41e805cec45b17163f528b59b820,0x92131649b8fd2233d8d9e8fb334b22eebdb50e1239795f9df03e6cfec5a3c400,0x40c54aef736e5976b387f94c53dd22ee87ce772a12b00012ac11e3b3f8fc5b6f,True,68608680.0,0xdd8fed09c511aee305757e127c8f4a4e7be482bcbf37f844883951816abddedd,168.0,uma_via_neg_risk_adapter,True
525358,0xe3afb091ba0c2bd1d0660ac9256f37e0c7560b02eee15641c6cce6ceb62f3769,Will Max Verstappen be the 2025 Drivers Champion?,sports,sports|win|max_verstappen|formula_1_drivers_championship|2025,2025-02-26 18:26:26.582172+00:00,2025-12-07 12:00:00+00:00,deterministic_contract_key,0xd91e80cf2e7be2e162c6513ced06f1dd0da35296,0xd17b6435b7742ac0e437489f4c6d43e84714aa92863085e0550e21e604383b00,2,68406820,0x2a0122145bc10a61f2dbe218cc259340a64952dafad4b19ed3abb1c2676068de,117,neg_risk_adapter,neg_risk_adapter,ctf_condition_preparation_oracle,0x71523d0f655b41e805cec45b17163f528b59b820,0x2f5e3684cb1f318ec51b00edba38d79ac2c0aa9d,0x71523d0f655b41e805cec45b17163f528b59b820,0xd17b6435b7742ac0e437489f4c6d43e84714aa92863085e0550e21e604383b00,0x825786f68cba7b0f9870da321718d6106d82c65a393532ae82336c137e7fb3e5,True,68406817.0,0x89688689720e6b6a8bfb0110f3a6c454e9f203349931ce43631d4d877a422970,445.0,uma_via_neg_risk_adapter,True
507872,0x86d89ba9a7cf636633bce9844a6e0eef07126f6bb3705aab1f5afa5d4851eb97,Will the Memphis Grizzlies win the 2025 NBA Finals?,sports,sports|win|memphis_grizzlies|nba_finals|2025,2024-09-24 15:24:37.056688+00:00,2025-06-23 12:00:00+00:00,deterministic_contract_key,0xd91e80cf2e7be2e162c6513ced06f1dd0da35296,0x834475c883fb4b23ce2a0b0a6964488e868016470159e17403471d9f611d4c0e,2,62226057,0x9377513f0e1fe22dc83509616a1757d20a178316d87002b8ee83ace4831b6ef6,116,neg_risk_adapter,neg_risk_adapter,ctf_condition_preparation_oracle,0x71523d0f655b41e805cec45b17163f528b59b820,0x2f5e3684cb1f318ec51b00edba38d79ac2c0aa9d,0x71523d0f655b41e805cec45b17163f528b59b820,0x834475c883fb4b23ce2a0b0a6964488e868016470159e17403471d9f611d4c00,0xe26f186ddde1893860ed1a38ef5eae8320409838386c274eb08ead7ee7767ed6,True,62226054.0,0xbf378ceb72491e8813ac7abb0c6dfafc21aa585c164cd7d35e5070ca5efbc18f,121.0,uma_via_neg_risk_adapter,True
507873,0xadc74c7282d955d2603b56ba7eee2831b295bb71596a056e46e5848b13562377,Will the Miami Heat win the 2025 NBA Finals?,sports,sports|win|miami_heat|nba_finals|2025,2024-09-24 15:24:58.212755+00:00,2025-06-23 12:00:00+00:00,deterministic_contract_key,0xd91e80cf2e7be2e162c6513ced06f1dd0da35296,0x834475c883fb4b23ce2a0b0a6964488e868016470159e17403471d9f611d4c0f,2,62226067,0xed78f889529ef0e40aa9730e477cca133a338e730cd3dd3e72bfabe4b61c518a,138,neg_risk_adapter,neg_risk_adapter,ctf_condition_preparation_oracle,0x71523d0f655b41e805cec45b17163f528b59b820,0x2f5e3684cb1f318ec51b00edba38d79ac2c0aa9d,0x71523d0f655b41e805cec45b17163f528b59b820,0x834475c883fb4b23ce2a0b0a6964488e868016470159e17403471d9f611d4c00,0xc541908428714130e0b5f09f95e43bad08ee7bf3e8825bce64686b00100dedb5,True,62226064.0,0xa937af0b02446cb7ce8b8fff6c22257f57e6678420287a2445c05089e57fcd37,122.0,uma_via_neg_risk_adapter,True
507875,0x101de66e10fed9c9e44a516de28398b72d1bee3df9d5818914c9ddbfc24e7e8f,Will the Milwaukee Bucks win the 2025 NBA Finals?,sports,sports|win|milwaukee_bucks|nba_finals|2025,2024-09-24 15:25:33.468605+00:00,2025-06-23 12:00:00+00:00,deterministic_contract_key,0xd91e80cf2e7be2e162c6513ced06f1dd0da35296,0x834475c883fb4b23ce2a0b0a6964488e868016470159e17403471d9f611d4c10,2,62226075,0x7df3bbe9faaf3026553402e7ac8aedaeab706d938026a23f8779e2598fd94a03,131,neg_risk_adapter,neg_risk_adapter,ctf_condition_preparation_oracle,0x71523d0f655b41e805cec45b17163f528b59b820,0x2f5e3684cb1f318ec51b00edba38d79ac2c0aa9d,0x71523d0f655b41e805cec45b17163f528b59b820,0x834475c883fb4b23ce2a0b0a6964488e868016470159e17403471d9f611d4c00,0xcc43b16aef6f722d88ff46e19c9e1b9d094d864a4aed91eaa36be9c1c21c8e04,True,62226072.0,0x0d460feba86694f2c575c06afb3e3dfbdab3d7c9b2985b43abced2615fbe4e5d,100.0,uma_via_neg_risk_adapter,True
507876,0xf4472853ab134236dbfe4cd5f83fcbc60f62767b2a474a1c0b0ed3190d813084,Will the Minnesota Timberwolves win the 2025 NBA Finals?,sports,sports|win|minnesota_timberwolves|nba_finals|2025,2024-09-24 15:25:52.073463+00:00,2025-06-23 12:00:00+00:00,deterministic_contract_key,0xd91e80cf2e7be2e162c6513ced06f1dd0da35296,0x834475c883fb4b23ce2a0b0a6964488e868016470159e17403471d9f611d4c11,2,62226086,0xe2b092b869c8c0d7244d559aeec91d8fde9826b60d2d35a1de4f74f98ecb2466,320,neg_risk_adapter,neg_risk_adapter,ctf_condition_preparation_oracle,0x71523d0f655b41e805cec45b17163f528b59b820,0x2f5e3684cb1f318ec51b00edba38d79ac2c0aa9d,0x71523d0f655b41e805cec45b17163f528b59b820,0x834475c883fb4b23ce2a0b0a6964488e868016470159e17403471d9f611d4c00,0xf8a7d878c82579140f2b349674cb67abd1aa280fba0ea76168627e7f7b5deacc,True,62226082.0,0x2c1a0221d9b1c0fe1226d453d7f2d37ba8acbe588ba8a3a7c9587f073facb64f,122.0,uma_via_neg_risk_adapter,True
509100,0xa9c3453deb9e9af9388cbb0ca7a9897d76d642aad0c47306d4d20a29c50a7ee0,Will the Nashville Predators win the 2025 Stanley Cup?,sports,sports|win|nashville_predators|nhl_stanley_cup|2025,2024-10-07 19:20:14.760959+00:00,2025-06-23 12:00:00+00:00,deterministic_contract_key,0xd91e80cf2e7be2e162c6513ced06f1dd0da35296,0xb99bbf9f72d65cc5fd17a2c9dd2e87ca4416dbba9d5f3e55f8d652cee16ad50e,2,62788170,0x6dd5f635a882d6fffd28f628f081b03066675d224e05b11d0c22e255ffd61392,260,neg_risk_adapter,neg_risk_adapter,ctf_condition_preparation_oracle,0x71523d0f655b41e805cec45b17163f528b59b820,0x2f5e3684cb1f318ec51b00edba38d79ac2c0aa9d,0x71523d0f655b41e805cec45b17163f528b59b820,0xb99bbf9f72d65cc5fd17a2c9dd2e87ca4416dbba9d5f3e55f8d652cee16ad500,0xf0a55345cd04d02928347c5e0b7c2b491a16bc9a27fca0fa92fe1e25c45f96ac,True,62788167.0,0x2b905d1af671930894f2cffef1ca876144428b8cad597e0009f2eb119ffcc231,351.0,uma_via_neg_risk_adapter,True
509101,0x604e0a2c994985f63ca96608b76018319b55c784dc483c25c6092b3503500d4f,Will the New Jersey Devils win the 2025 Stanley Cup?,sports,sports|win|new_jersey_devils|nhl_stanley_cup|2025,2024-10-07 19:20:36.713187+00:00,2025-06-23 12:00:00+00:00,deterministic_contract_key,0xd91e80cf2e7be2e162c6513ced06f1dd0da35296,0xb99bbf9f72d65cc5fd17a2c9dd2e87ca4416dbba9d5f3e55f8d652cee16ad50f,2,62788181,0xa5136ac58961d094dc61431f7362e01a04168fa96c9a045680afbcdf4873ff9f,205,neg_risk_adapter,neg_risk_adapter,ctf_condition_preparation_oracle,0x71523d0f655b41e805cec45b17163f528b59b820,0x2f5e3684cb1f318ec51b00edba38d79ac2c0aa9d,0x71523d0f655b41e805cec45b17163f528b59b820,0xb99bbf9f72d65cc5fd17a2c9dd2e87ca4416dbba9d5f3e55f8d652cee16ad500,0x6c9ab4b82f6def20b0d958a03a042fa4e53acb10051ee94e8241800d363dbae5,True,62788177.0,0x7f0a5d3b1bffa81697ee3b151c714be208a3e39e8ca816a49b3521594b719081,353.0,uma_via_neg_risk_adapter,True
507882,0x4b73d2b80fcc70e12ba15b7c7ebe0c0a05a425d9b0c7707b03d3ae918c0e4d4b,Will the New Orleans Pelicans win the 2025 NBA Finals?,sports,sports|win|new_orleans_pelicans|nba_finals|2025,2024-09-24 15:28:16.311938+00:00,2025-06-23 12:00:00+00:00,deterministic_contract_key,0xd91e80cf2e7be2e162c6513ced06f1dd0da35296,0x834475c883fb4b23ce2a0b0a6964488e868016470159e17403471d9f611d4c12,2,62226135,0xd1a8dd8dc5e716ced7c46c14b3f21bf86f5d2c52e2ccd03b4707a5c25220f55b,191,neg_risk_adapter,neg_risk_adapter,ctf_condition_preparation_oracle,0x71523d0f655b41e805cec45b17163f528b59b820,0x2f5e3684cb1f318ec51b00edba38d79ac2c0aa9d,0x71523d0f655b41e805cec45b17163f528b59b820,0x834475c883fb4b23ce2a0b0a6964488e868016470159e17403471d9f611d4c00,0x362f91c691e67df79c35671a28ec8092ba0080b784086dce8654af3ad1c3bc20,True,62226129.0,0x7673ad622aa768976c5c10cedbde5dcf191f76350dad3b548ad90d796e00f0f9,1290.0,uma_via_neg_risk_adapter,True
509102,0x8836e8247fac979e52677de7403de29889202ba4daa129ded99dfa170d690d84,Will the New York Islanders win the 2025 Stanley Cup?,sports,sports|win|new_york_islanders|nhl_stanley_cup|2025,2024-10-07 19:21:04.542531+00:00,2025-06-23 12:00:00+00:00,deterministic_contract_key,0xd91e80cf2e7be2e162c6513ced06f1dd0da35296,0xb99bbf9f72d65cc5fd17a2c9dd2e87ca4416dbba9d5f3e55f8d652cee16ad510,2,62788190,0xcfb5db7a49cf5c9ce5ec6c259f6a8f3a3818410f63fd539fb709f8b18f9dc7ae,223,neg_risk_adapter,neg_risk_adapter,ctf_condition_preparation_oracle,0x71523d0f655b41e805cec45b17163f528b59b820,0x2f5e3684cb1f318ec51b00edba38d79ac2c0aa9d,0x71523d0f655b41e805cec45b17163f528b59b820,0xb99bbf9f72d65cc5fd17a2c9dd2e87ca4416dbba9d5f3e55f8d652cee16ad500,0x7c09204e162fa7bc7781fb554f923d801f0760f564fa444c7ff5abefe0e20359,True,62788187.0,0xe04aba7efffc09ef3d1ca004d2461e356969569bba7ad97f90636515c3896d15,166.0,uma_via_neg_risk_adapter,True
507883,0xb3af306795f672a0bcaf4bd529ffa8343e88949bc74b098ccd2a0238ce676cd3,Will the New York Knicks win the 2025 NBA Finals?,sports,sports|win|new_york_knicks|nba_finals|2025,2024-09-24 15:28:16.673393+00:00,2025-06-23 12:00:00+00:00,deterministic_contract_key,0xd91e80cf2e7be2e162c6513ced06f1dd0da35296,0x834475c883fb4b23ce2a0b0a6964488e868016470159e17403471d9f611d4c13,2,62226149,0x2d2c55e8b63c1617fc58276dd5105f06a0f061e08bb3dbe342517fda2cd1095f,154,neg_risk_adapter,neg_risk_adapter,ctf_condition_preparation_oracle,0x71523d0f655b41e805cec45b17163f528b59b820,0x2f5e3684cb1f318ec51b00edba38d79ac2c0aa9d,0x71523d0f655b41e805cec45b17163f528b59b820,0x834475c883fb4b23ce2a0b0a6964488e868016470159e17403471d9f611d4c00,0xd64a7f6711587f88be85d60e4f898caa661ca09247c6842bdd8dfbf2a032e683,True,62226145.0,0x63f35b9df275f858f6330a83b7fe5d093e86ae53bab168ae56fd901a16455566,497.0,uma_via_neg_risk_adapter,True
525401,0xfef1327c8a6dc7cfa05d24032ccca677077f10d1563062e7a4b6a3824908f29e,Will the New York Mets win the 2025 World Series?,sports,sports|win|new_york_mets|mlb_championship|2025,2025-02-26 18:37:24.408921+00:00,2025-10-31 12:00:00+00:00,deterministic_contract_key,0xd91e80cf2e7be2e162c6513ced06f1dd0da35296,0x7971728ccf4866d610621f7b8af18b78c1649e6f2c28ce2073d54af61be42610,2,68407808,0xeaae5f35a586fb4ce523bc4bc11be5de94b2cb48013cb6fe0b8bbdd006338cf0,438,neg_risk_adapter,neg_risk_adapter,ctf_condition_preparation_oracle,0x71523d0f655b41e805cec45b17163f528b59b820,0x2f5e3684cb1f318ec51b00edba38d79ac2c0aa9d,0x71523d0f655b41e805cec45b17163f528b59b820,0x7971728ccf4866d610621f7b8af18b78c1649e6f2c28ce2073d54af61be42600,0xed0ee8ced8ad2206223ef5a8ab1fbc150c0657adbb0c7d53b0d29bd4bfd8b416,True,68407804.0,0x5c2c2af3f11f344d4712efe17b9e5f5127142e880b08f8c4a00727fd2374b16f,291.0,uma_via_neg_risk_adapter,True
525453,0x70f25e1cabea613ed06de9fdf179665e30a26f3315cc0c34aa25204b35550fb3,Will the New York Mets win the 2025 National League Championship?,sports,sports|win|new_york_mets|mlb_national_league|2025,2025-02-26 19:14:10.288132+00:00,2025-10-31 12:00:00+00:00,deterministic_contract_key,0xd91e80cf2e7be2e162c6513ced06f1dd0da35296,0x0e877fd5ce48f37f313d5f441a3f0f06333a0e2b80a8fdbbd4ccb096a2e7cf01,2,68407656,0x0d6131a8481e7e87c57a5ed23f4775772b9f0173c922c0f3fcf45c5e52355820,315,neg_risk_adapter,neg_risk_adapter,ctf_condition_preparation_oracle,0x71523d0f655b41e805cec45b17163f528b59b820,0x2f5e3684cb1f318ec51b00edba38d79ac2c0aa9d,0x71523d0f655b41e805cec45b17163f528b59b820,0x0e877fd5ce48f37f313d5f441a3f0f06333a0e2b80a8fdbbd4ccb096a2e7cf00,0x8e847cfd359ce7809326e123d0035069748d469f243996c6a91f4f909a8e39aa,True,68407652.0,0x74dae1e7d92a646a0bf148a4aca34cde3b68bc64de0b292b5e4ad12154440834,217.0,uma_via_neg_risk_adapter,True
509103,0xf610e2f30647222cb6f3ca9f19eb9c7f03912d29c50de4491bb4b33999164780,Will the New York Rangers win the 2025 Stanley Cup?,sports,sports|win|new_york_rangers|nhl_stanley_cup|2025,2024-10-07 19:21:23.024193+00:00,2025-06-23 12:00:00+00:00,deterministic_contract_key,0xd91e80cf2e7be2e162c6513ced06f1dd0da35296,0xb99bbf9f72d65cc5fd17a2c9dd2e87ca4416dbba9d5f3e55f8d652cee16ad511,2,62788218,0xf599225bd408c8a7315b03b48d4bfe42638e70437451b0bf2fb10c0b9aa3ae42,114,neg_risk_adapter,neg_risk_adapter,ctf_condition_preparation_oracle,0x71523d0f655b41e805cec45b17163f528b59b820,0x2f5e3684cb1f318ec51b00edba38d79ac2c0aa9d,0x71523d0f655b41e805cec45b17163f528b59b820,0xb99bbf9f72d65cc5fd17a2c9dd2e87ca4416dbba9d5f3e55f8d652cee16ad500,0x58bbe4d3a91cb70cdcba59a12a8f54cc9898900c191d19cf8ab488fe2fde2cad,True,62788214.0,0x4a384a4f4044b650c97beee00c57f2f95772b7d69a826e2d9b0f4d9e13500717,178.0,uma_via_neg_risk_adapter,True
525416,0xdf70bc7474097f7c34665be3e97755ec6b99abeb14420d7a4ff785f406beec39,Will the New York Yankees win the 2025 American League Championship?,sports,sports|win|new_york_yankees|mlb_american_league|2025,2025-02-26 18:43:13.516216+00:00,2025-10-31 12:00:00+00:00,deterministic_contract_key,0xd91e80cf2e7be2e162c6513ced06f1dd0da35296,0xae81eb1366dcbfa1ea3ef5c80c33ac33a67c61e9f15caabe106f119f118ea500,2,68407630,0x5181397a0e7cb4f2e50a36bdd592cdd3f008a8fa70d1b781955a010f1778f942,183,neg_risk_adapter,neg_risk_adapter,ctf_condition_preparation_oracle,0x71523d0f655b41e805cec45b17163f528b59b820,0x2f5e3684cb1f318ec51b00edba38d79ac2c0aa9d,0x71523d0f655b41e805cec45b17163f528b59b820,0xae81eb1366dcbfa1ea3ef5c80c33ac33a67c61e9f15caabe106f119f118ea500,0x4432739b1d0ffd9c4360270ce64403d1037dacbf440ad2b8269d39312a98c171,True,68407627.0,0xf6d81df68f91afecc82a274711bdb94fdf7ed959371fe489a58242cbf60d7014,142.0,uma_via_neg_risk_adapter,True
525385,0xc8761147389535d28583a71eab365841f36f1cc7ee689fbd32a384e3879a5b7c,Will the New York Yankees win the 2025 World Series?,sports,sports|win|new_york_yankees|mlb_championship|2025,2025-02-26 18:37:18.946031+00:00,2025-10-31 12:00:00+00:00,deterministic_contract_key,0xd91e80cf2e7be2e162c6513ced06f1dd0da35296,0x7971728ccf4866d610621f7b8af18b78c1649e6f2c28ce2073d54af61be42600,2,68407629,0x0a203281ae014ea85755468f0896610264955c65b65bb4e032fd35211b52deb3,193,neg_risk_adapter,neg_risk_adapter,ctf_condition_preparation_oracle,0x71523d0f655b41e805cec45b17163f528b59b820,0x2f5e3684cb1f318ec51b00edba38d79ac2c0aa9d,0x71523d0f655b41e805cec45b17163f528b59b820,0x7971728ccf4866d610621f7b8af18b78c1649e6f2c28ce2073d54af61be42600,0x7ec4b1685241d439dbf75af74c3c391d209dbca4c3211bea0b7f58a62f1b4ad4,True,68407625.0,0xc54b29eb5d0b93fa64e4044f40cf133b51cb8ded192c6c0cc7eadc4db932b5d8,273.0,uma_via_neg_risk_adapter,True
507884,0x6edc6c77c16ef3ba1bcd646159f12f8b8a39528e500dcff95b9220ccfbb75141,Will the Oklahoma City Thunder win the 2025 NBA Finals?,sports,sports|win|oklahoma_city_thunder|nba_finals|2025,2024-09-24 15:28:42.840486+00:00,2025-06-23 12:00:00+00:00,deterministic_contract_key,0xd91e80cf2e7be2e162c6513ced06f1dd0da35296,0x834475c883fb4b23ce2a0b0a6964488e868016470159e17403471d9f611d4c14,2,62226160,0x1386f8c837a294e314f17c4281faa0d720d901b989091fcf5b470b106f66c72e,239,neg_risk_adapter,neg_risk_adapter,ctf_condition_preparation_oracle,0x71523d0f655b41e805cec45b17163f528b59b820,0x2f5e3684cb1f318ec51b00edba38d79ac2c0aa9d,0x71523d0f655b41e805cec45b17163f528b59b820,0x834475c883fb4b23ce2a0b0a6964488e868016470159e17403471d9f611d4c00,0x1436798700d1c49357ed3540df02cb9ad6459e3c5ab3d9902aee247629eb4a5b,True,62226155.0,0x219e5f7f1796c373d82896e9ef1e104ac0aea3c6bb509c7c2b24daa2f985e14c,171.0,uma_via_neg_risk_adapter,True
525371,0xfbf04aa6a90f95b9984a94e183ee98afcf9936c5dc13064b0fc3d7de66ff0a82,Will Oliver Bearman be the 2025 Drivers Champion?,sports,sports|win|oliver_bearman|formula_1_drivers_championship|2025,2025-02-26 18:26:31.975703+00:00,2025-12-07 12:00:00+00:00,deterministic_contract_key,0xd91e80cf2e7be2e162c6513ced06f1dd0da35296,0xd17b6435b7742ac0e437489f4c6d43e84714aa92863085e0550e21e604383b0d,2,68406981,0x1bcedece317c5eef8ac0d99f9e3170fd8536e75a2bb0dc542c5d6555729a486a,322,neg_risk_adapter,neg_risk_adapter,ctf_condition_preparation_oracle,0x71523d0f655b41e805cec45b17163f528b59b820,0x2f5e3684cb1f318ec51b00edba38d79ac2c0aa9d,0x71523d0f655b41e805cec45b17163f528b59b820,0xd17b6435b7742ac0e437489f4c6d43e84714aa92863085e0550e21e604383b00,0xb818c1cbed9f48e4a2fd5ec80996323e18cb3c0d9ea06eeec0c4321a837323bb,True,68406976.0,0x34bb483f67ad3c5089ffa9f133a4af32b5270fa33752ed8e0b19e7b483444699,187.0,uma_via_neg_risk_adapter,True
507888,0xbeea0aff752734aa33484711d15695dff9694b2092a8c0ab71fbf2ec74e7fb11,Will the Orlando Magic win the 2025 NBA Finals?,sports,sports|win|orlando_magic|nba_finals|2025,2024-09-24 15:31:02.732122+00:00,2025-06-23 12:00:00+00:00,deterministic_contract_key,0xd91e80cf2e7be2e162c6513ced06f1dd0da35296,0x834475c883fb4b23ce2a0b0a6964488e868016470159e17403471d9f611d4c15,2,62226188,0xb992a2f329a3407099cad9f1f0e475fb53c11e1ac5249907cfc5d85214a2a8f1,74,neg_risk_adapter,neg_risk_adapter,ctf_condition_preparation_oracle,0x71523d0f655b41e805cec45b17163f528b59b820,0x2f5e3684cb1f318ec51b00edba38d79ac2c0aa9d,0x71523d0f655b41e805cec45b17163f528b59b820,0x834475c883fb4b23ce2a0b0a6964488e868016470159e17403471d9f611d4c00,0xa9b9bea9ebc0d95792cf7c8207079f06f4be2963f2605d70524d62936a5d3a67,True,62226183.0,0x579f7eabcee32314da16478bca3c6b25763e3c114ab6e5761b97dfec7e049a03,196.0,uma_via_neg_risk_adapter,True
525365,0xa56ac5f70b0a4ac821cfe4ac8ddce319633aef33063546b55b0ad7da3325f207,Will Oscar Piastri be the 2025 Drivers Champion?,sports,sports|win|oscar_piastri|formula_1_drivers_championship|2025,2025-02-26 18:26:29.445199+00:00,2025-12-07 12:00:00+00:00,deterministic_contract_key,0xd91e80cf2e7be2e162c6513ced06f1dd0da35296,0xd17b6435b7742ac0e437489f4c6d43e84714aa92863085e0550e21e604383b07,2,68406884,0x703eab49a182ac1a5261e8a4bd39315fb51e00ffece0c3a6458c87c806f17b17,164,neg_risk_adapter,neg_risk_adapter,ctf_condition_preparation_oracle,0x71523d0f655b41e805cec45b17163f528b59b820,0x2f5e3684cb1f318ec51b00edba38d79ac2c0aa9d,0x71523d0f655b41e805cec45b17163f528b59b820,0xd17b6435b7742ac0e437489f4c6d43e84714aa92863085e0550e21e604383b00,0x32a98cad7620ec7684d05c673e4aef84bb8cd8d043a50c32fa1452cc6922aeea,True,68406881.0,0x518b4db39bda3c391104ff44c7c63f06d22d1aa6b2b3b55d6d6a7eadfc9b787a,472.0,uma_via_neg_risk_adapter,True
509104,0x789b808459ae07b1fb86866ac43c88379d570cad8e622d75e50208db28390c8c,Will the Ottawa Senators win the 2025 Stanley Cup?,sports,sports|win|ottawa_senators|nhl_stanley_cup|2025,2024-10-07 19:21:42.055128+00:00,2025-06-23 12:00:00+00:00,deterministic_contract_key,0xd91e80cf2e7be2e162c6513ced06f1dd0da35296,0xb99bbf9f72d65cc5fd17a2c9dd2e87ca4416dbba9d5f3e55f8d652cee16ad512,2,62788253,0x291b957be250164fb428ea95fcf610e6db097d4dd2a17bb3beb626b5a8c35f68,224,neg_risk_adapter,neg_risk_adapter,ctf_condition_preparation_oracle,0x71523d0f655b41e805cec45b17163f528b59b820,0x2f5e3684cb1f318ec51b00edba38d79ac2c0aa9d,0x71523d0f655b41e805cec45b17163f528b59b820,0xb99bbf9f72d65cc5fd17a2c9dd2e87ca4416dbba9d5f3e55f8d652cee16ad500,0x68fc9e884593eb3bef88a726ae7b6e06a5eec8428043743f1bda936a764a8058,True,62788248.0,0xf8cddfdbad6c50905523a4189fb8e419f4bfb5d6fc5c7e8dfa0b8c274a72510a,227.0,uma_via_neg_risk_adapter,True
525535,0xa5896f61e82824d1823d720f760bdabb028b54647c3a41a8f056b34645843215,Will Patrick Cantlay win The 2025 Masters?,sports,sports|win|patrick_cantlay|masters|2025,2025-02-26 22:38:25.695213+00:00,2025-04-14 12:00:00+00:00,deterministic_contract_key,0xd91e80cf2e7be2e162c6513ced06f1dd0da35296,0xa865b7f35a4b37c6ecdfd0da3fd1eb1d2a5a017f5960ae980ee1aa4c5077e307,2,68608717,0xfcefc82349cf4ac3af14a891e4cb0022b3fb6cb6d2fa3df3a59ee8bc9d580f42,145,neg_risk_adapter,neg_risk_adapter,ctf_condition_preparation_oracle,0x71523d0f655b41e805cec45b17163f528b59b820,0x2f5e3684cb1f318ec51b00edba38d79ac2c0aa9d,0x71523d0f655b41e805cec45b17163f528b59b820,0xa865b7f35a4b37c6ecdfd0da3fd1eb1d2a5a017f5960ae980ee1aa4c5077e300,0x7dc24a73f1e9459efbb832b18c96bead25e53f2ebbde253ca8567bba170c116c,True,68608714.0,0xb76367c5ff497f0fbff241774fe45a11ace6e1a0f09df4475da744e193065ee9,49.0,uma_via_neg_risk_adapter,True
525629,0x5c51ee27231bc5c88b5d2ff75b5b6022612a1ccd7117f4cf04a0c38762c58ad6,Will Patrick Cantlay win The 2025 PGA Championship?,sports,sports|win|patrick_cantlay|pga_championship|2025,2025-02-26 23:53:27.118753+00:00,2025-05-18 12:00:00+00:00,deterministic_contract_key,0xd91e80cf2e7be2e162c6513ced06f1dd0da35296,0x92131649b8fd2233d8d9e8fb334b22eebdb50e1239795f9df03e6cfec5a3c407,2,68608714,0xfd17c61c8d018d1c808840c1184382187a39c41dd64d1ec9bf515e8cc23afb4f,51,neg_risk_adapter,neg_risk_adapter,ctf_condition_preparation_oracle,0x71523d0f655b41e805cec45b17163f528b59b820,0x2f5e3684cb1f318ec51b00edba38d79ac2c0aa9d,0x71523d0f655b41e805cec45b17163f528b59b820,0x92131649b8fd2233d8d9e8fb334b22eebdb50e1239795f9df03e6cfec5a3c400,0x630d70c6ff517cb46de4c64936c132d04076008175c3f58edb34ae6658ea1a5e,True,68608711.0,0xe45330c30d15c37aa27454e5aaa7087019f4211d401e859a43353d5cad40c551,186.0,uma_via_neg_risk_adapter,True
507889,0xbde7cb252ead2a71c66998e33c76cb1a5462d5c5bd970d0adc38c2d9dffdd807,Will the Philadelphia 76ers win the 2025 NBA Finals?,sports,sports|win|philadelphia_76ers|nba_finals|2025,2024-09-24 15:31:03.250377+00:00,2025-06-23 12:00:00+00:00,deterministic_contract_key,0xd91e80cf2e7be2e162c6513ced06f1dd0da35296,0x834475c883fb4b23ce2a0b0a6964488e868016470159e17403471d9f611d4c16,2,62226262,0x0c3a8556b467c94dae8f93001272e6a268e46012462cf7fd28c490a15aadb449,86,neg_risk_adapter,neg_risk_adapter,ctf_condition_preparation_oracle,0x71523d0f655b41e805cec45b17163f528b59b820,0x2f5e3684cb1f318ec51b00edba38d79ac2c0aa9d,0x71523d0f655b41e805cec45b17163f528b59b820,0x834475c883fb4b23ce2a0b0a6964488e868016470159e17403471d9f611d4c00,0x024c413caa3b98e0bb573ce39fe6b00b46c72961d50300a303edcde86733125b,True,62226257.0,0xdebd5d40c43012e550627e80e664574e09a65a550c92441660b9c1f948c09d07,239.0,uma_via_neg_risk_adapter,True
509105,0xbc67af13da50b8d9282d5f332b8835f8ab039c8f584a78695fddf1450a1c8679,Will the Philadelphia Flyers win the 2025 Stanley Cup?,sports,sports|win|philadelphia_flyers|nhl_stanley_cup|2025,2024-10-07 19:22:00.208202+00:00,2025-06-23 12:00:00+00:00,deterministic_contract_key,0xd91e80cf2e7be2e162c6513ced06f1dd0da35296,0xb99bbf9f72d65cc5fd17a2c9dd2e87ca4416dbba9d5f3e55f8d652cee16ad513,2,62788264,0x59011e1cc8cafdd36236b779cc310801853f85ba6392c7c14314bfb1d7af42c0,235,neg_risk_adapter,neg_risk_adapter,ctf_condition_preparation_oracle,0x71523d0f655b41e805cec45b17163f528b59b820,0x2f5e3684cb1f318ec51b00edba38d79ac2c0aa9d,0x71523d0f655b41e805cec45b17163f528b59b820,0xb99bbf9f72d65cc5fd17a2c9dd2e87ca4416dbba9d5f3e55f8d652cee16ad500,0xd498f8a56f62d7b0edc1dbff9c69d988108d5c55bdc50835965596fe8737509e,True,62788259.0,0x7437ec2abf20c8c3703bc02707e3ab2b8643b3c9b4b6468111e37eb3fbde650a,216.0,uma_via_neg_risk_adapter,True
507890,0xb2527b0abc0dde233f5478d1fa6f043cd9fbe6a79ee1e02711773a3e3a869d53, Will the Phoenix Suns win the 2025 NBA Finals?,sports,sports|win|phoenix_suns|nba_finals|2025,2024-09-24 15:32:39.664675+00:00,2025-06-23 12:00:00+00:00,deterministic_contract_key,0xd91e80cf2e7be2e162c6513ced06f1dd0da35296,0x834475c883fb4b23ce2a0b0a6964488e868016470159e17403471d9f611d4c17,2,62226738,0x37a7e285c2281b564ac48ce664d61de70a2d82726eeff742d54bd39729dc3f1e,140,neg_risk_adapter,neg_risk_adapter,ctf_condition_preparation_oracle,0x71523d0f655b41e805cec45b17163f528b59b820,0x2f5e3684cb1f318ec51b00edba38d79ac2c0aa9d,0x71523d0f655b41e805cec45b17163f528b59b820,0x834475c883fb4b23ce2a0b0a6964488e868016470159e17403471d9f611d4c00,0xcfa70938251a7dab1f1ee330332549d1cecc0425a8ddf8c31d6a0f22e054d2f7,True,62226735.0,0x272f7093aab88390a74b87cd112aebc2654c035e1a91b2f771c70193df0ab3af,1130.0,uma_via_neg_risk_adapter,True
525368,0x9cf7ca2ab303017fd3169f7ce40357ea6b46672dbb79935ba3e0a0c893b96f03,Will Pierre Gasly be the 2025 Drivers Champion?,sports,sports|win|pierre_gasly|formula_1_drivers_championship|2025,2025-02-26 18:26:30.614992+00:00,2025-12-07 12:00:00+00:00,deterministic_contract_key,0xd91e80cf2e7be2e162c6513ced06f1dd0da35296,0xd17b6435b7742ac0e437489f4c6d43e84714aa92863085e0550e21e604383b0a,2,68406943,0xc7477062eb8fd9a03177703b796e013358ced220f82c1e427c05fe41fdaa7b86,130,neg_risk_adapter,neg_risk_adapter,ctf_condition_preparation_oracle,0x71523d0f655b41e805cec45b17163f528b59b820,0x2f5e3684cb1f318ec51b00edba38d79ac2c0aa9d,0x71523d0f655b41e805cec45b17163f528b59b820,0xd17b6435b7742ac0e437489f4c6d43e84714aa92863085e0550e21e604383b00,0xe08d692a7138f761e7cce9c6b1e5085ac820a9afca9774521b3eb9d1d5744be9,True,68406937.0,0xc40dd255baf7c257f23430d39d199a550affbf4c5d9996dd7f9669690a256172,344.0,uma_via_neg_risk_adapter,True
509106,0x872b293fc86a2e392b344fcda74799c8a77f6d54e17b1eaf2ac04b81edb45505,Will the Pittsburgh Penguins win the 2025 Stanley Cup?,sports,sports|win|pittsburgh_penguins|nhl_stanley_cup|2025,2024-10-07 19:22:19.649008+00:00,2025-06-23 12:00:00+00:00,deterministic_contract_key,0xd91e80cf2e7be2e162c6513ced06f1dd0da35296,0xb99bbf9f72d65cc5fd17a2c9dd2e87ca4416dbba9d5f3e55f8d652cee16ad514,2,62788279,0x406f3dc36a9512bf1743254465801d41f1a639ed45452451c402ca7c2fb33171,250,neg_risk_adapter,neg_risk_adapter,ctf_condition_preparation_oracle,0x71523d0f655b41e805cec45b17163f528b59b820,0x2f5e3684cb1f318ec51b00edba38d79ac2c0aa9d,0x71523d0f655b41e805cec45b17163f528b59b820,0xb99bbf9f72d65cc5fd17a2c9dd2e87ca4416dbba9d5f3e55f8d652cee16ad500,0xa379f5e5de3771cefd4380bf380ed8c55c0f1188a6aea8c84e7bb861d43dfa16,True,62788274.0,0x8e7313623ad2941602a966a053c4b8dcab08236d9bc5e56bc963cac0b389ffae,258.0,uma_via_neg_risk_adapter,True
507891,0x4ea1a572e24ed7db20d3550ab0108603150b68f6829750ec331d90cce58a459a,Will the Portland Trail Blazers win the 2025 NBA Finals?,sports,sports|win|portland_trail_blazers|nba_finals|2025,2024-09-24 15:33:02.525844+00:00,2025-06-23 12:00:00+00:00,deterministic_contract_key,0xd91e80cf2e7be2e162c6513ced06f1dd0da35296,0x834475c883fb4b23ce2a0b0a6964488e868016470159e17403471d9f611d4c18,2,62226753,0x29d7a808c3cd2d65bdb6b1430e2ab97501486170a83bc48441a4a28859e552d1,456,neg_risk_adapter,neg_risk_adapter,ctf_condition_preparation_oracle,0x71523d0f655b41e805cec45b17163f528b59b820,0x2f5e3684cb1f318ec51b00edba38d79ac2c0aa9d,0x71523d0f655b41e805cec45b17163f528b59b820,0x834475c883fb4b23ce2a0b0a6964488e868016470159e17403471d9f611d4c00,0xcad57147a3cf24ebe97e209805f0fe72773d971e45122546f4a1d107e1235ad4,True,62226750.0,0x9fc7275ae584d6022ec3906fdbc6ce75b617aff4d932699ba84159f6494b9367,159.0,uma_via_neg_risk_adapter,True
525530,0x5cbed2da6aafc562a3eac928fd621978713634ec1cc167cd74fd39499581181b,Will Rory McIlroy win The 2025 Masters?,sports,sports|win|rory_mcilroy|masters|2025,2025-02-26 22:38:23.921397+00:00,2025-04-14 12:00:00+00:00,deterministic_contract_key,0xd91e80cf2e7be2e162c6513ced06f1dd0da35296,0xa865b7f35a4b37c6ecdfd0da3fd1eb1d2a5a017f5960ae980ee1aa4c5077e302,2,68608650,0x939d4611098dc730b6b3e5f63ed0e60a8485d08da9c054fcaed58331777f12df,227,neg_risk_adapter,neg_risk_adapter,ctf_condition_preparation_oracle,0x71523d0f655b41e805cec45b17163f528b59b820,0x2f5e3684cb1f318ec51b00edba38d79ac2c0aa9d,0x71523d0f655b41e805cec45b17163f528b59b820,0xa865b7f35a4b37c6ecdfd0da3fd1eb1d2a5a017f5960ae980ee1aa4c5077e300,0xd537a3961ec501ab8102773113f95f7f59f5a4f798aaddc9b436adc5bbbbab29,True,68608645.0,0xdcc9a01ff82b01032d9c7ad0d55125ec80e3d62a770e8552f3e065622c720216,134.0,uma_via_neg_risk_adapter,True
525624,0xd370dc54fac404cb545564df43d8036500da8ef683cbbc0dc1fbce3ab1e0217b,Will Rory McIlroy win The 2025 PGA Championship?,sports,sports|win|rory_mcilroy|pga_championship|2025,2025-02-26 23:53:25.419868+00:00,2025-05-18 12:00:00+00:00,deterministic_contract_key,0xd91e80cf2e7be2e162c6513ced06f1dd0da35296,0x92131649b8fd2233d8d9e8fb334b22eebdb50e1239795f9df03e6cfec5a3c402,2,68608645,0xb9015d6f494de210f78ce7d1f722f78d5fdbd7d54c29a344b2e7f9e08c6d9a1b,148,neg_risk_adapter,neg_risk_adapter,ctf_condition_preparation_oracle,0x71523d0f655b41e805cec45b17163f528b59b820,0x2f5e3684cb1f318ec51b00edba38d79ac2c0aa9d,0x71523d0f655b41e805cec45b17163f528b59b820,0x92131649b8fd2233d8d9e8fb334b22eebdb50e1239795f9df03e6cfec5a3c400,0x2ff563b7c05f4193039e2e9a07e897766acb982590d7ba90767d1425061a28a6,True,68608642.0,0x858aa7eb76f75f23c1fa10c32b09cb7fdca983a31b0ee834b8b218df2ddff7a3,174.0,uma_via_neg_risk_adapter,True
507892,0x763cc84a3cde36b9ce12a8afe6d3e1e3e46e50692e8ec47636c7803c1033cfab,Will the Sacramento Kings win the 2025 NBA Finals?,sports,sports|win|sacramento_kings|nba_finals|2025,2024-09-24 15:33:30.214289+00:00,2025-06-23 12:00:00+00:00,deterministic_contract_key,0xd91e80cf2e7be2e162c6513ced06f1dd0da35296,0x834475c883fb4b23ce2a0b0a6964488e868016470159e17403471d9f611d4c19,2,62226781,0x28831f6ca6e37b43e890d3a81887048ef1d962219f1822bf354859d68ec18fbd,75,neg_risk_adapter,neg_risk_adapter,ctf_condition_preparation_oracle,0x71523d0f655b41e805cec45b17163f528b59b820,0x2f5e3684cb1f318ec51b00edba38d79ac2c0aa9d,0x71523d0f655b41e805cec45b17163f528b59b820,0x834475c883fb4b23ce2a0b0a6964488e868016470159e17403471d9f611d4c00,0x03d4135712a2bc2292c99ff85ccbad782dce3723fe01b64747160a1eb9ca5b14,True,62226777.0,0x5327e5b9e31403487f47cfdacb1e2de4e008c8ea390a13f33840a54fe3a818b7,118.0,uma_via_neg_risk_adapter,True
507893,0xf04411511f74ed05240b53c97bb578244f3058f8846997d47324f23021d7e0c6,Will the San Antonio Spurs win the 2025 NBA Finals?,sports,sports|win|san_antonio_spurs|nba_finals|2025,2024-09-24 15:34:00.264279+00:00,2025-06-23 12:00:00+00:00,deterministic_contract_key,0xd91e80cf2e7be2e162c6513ced06f1dd0da35296,0x834475c883fb4b23ce2a0b0a6964488e868016470159e17403471d9f611d4c1a,2,62226801,0xa0e7dae6388ace1df50182052f231ae6a4644cbfc813dde5d9f051b47725cfd6,223,neg_risk_adapter,neg_risk_adapter,ctf_condition_preparation_oracle,0x71523d0f655b41e805cec45b17163f528b59b820,0x2f5e3684cb1f318ec51b00edba38d79ac2c0aa9d,0x71523d0f655b41e805cec45b17163f528b59b820,0x834475c883fb4b23ce2a0b0a6964488e868016470159e17403471d9f611d4c00,0x12e0e53b806cf907596a3efa7f9e96ceb941e8b35ccc8744bb07d7053942849c,True,62226797.0,0xa552b37cf2415f630703b8d4aff2b62f4006967c76b1e7d055ed665ab99250be,135.0,uma_via_neg_risk_adapter,True
509107,0xbe18b72dc5fe801642372b31cf9351a9a35799a06773323a7104e97ebf4d4ec9,Will the San Jose Sharks win the 2025 Stanley Cup?,sports,sports|win|san_jose_sharks|nhl_stanley_cup|2025,2024-10-07 19:22:38.826465+00:00,2025-06-23 12:00:00+00:00,deterministic_contract_key,0xd91e80cf2e7be2e162c6513ced06f1dd0da35296,0xb99bbf9f72d65cc5fd17a2c9dd2e87ca4416dbba9d5f3e55f8d652cee16ad515,2,62788292,0xd0a7f77355df6cd40e5e0c474ffa8f1ff012432edb03b0682d8ec962c238a7f6,216,neg_risk_adapter,neg_risk_adapter,ctf_condition_preparation_oracle,0x71523d0f655b41e805cec45b17163f528b59b820,0x2f5e3684cb1f318ec51b00edba38d79ac2c0aa9d,0x71523d0f655b41e805cec45b17163f528b59b820,0xb99bbf9f72d65cc5fd17a2c9dd2e87ca4416dbba9d5f3e55f8d652cee16ad500,0x0ee13dcea63fd11db0cd28830d8ec059338039b51d545821e41402debb483d9d,True,62788288.0,0xef382ae95d9b99a94034be28999c07e7089e7ad7f77c9ccc67ac7761f761f2ee,351.0,uma_via_neg_risk_adapter,True
525528,0x5fc9f2bcee3566a981e7d1ee449a2e44cebc2fd35dd1457d2fdd1e5f23b602b4,Will Scottie Scheffler win The 2025 Masters?,sports,sports|win|scottie_scheffler|masters|2025,2025-02-26 22:38:23.013928+00:00,2025-04-14 12:00:00+00:00,deterministic_contract_key,0xd91e80cf2e7be2e162c6513ced06f1dd0da35296,0xa865b7f35a4b37c6ecdfd0da3fd1eb1d2a5a017f5960ae980ee1aa4c5077e300,2,68608201,0x10f91024e324ced2430527842b5fd872fb9d03a83f0924578526aac27ae3f9aa,185,neg_risk_adapter,neg_risk_adapter,ctf_condition_preparation_oracle,0x71523d0f655b41e805cec45b17163f528b59b820,0x2f5e3684cb1f318ec51b00edba38d79ac2c0aa9d,0x71523d0f655b41e805cec45b17163f528b59b820,0xa865b7f35a4b37c6ecdfd0da3fd1eb1d2a5a017f5960ae980ee1aa4c5077e300,0x877a98af8fdbdfa86c1ff2bc2a6f7e67f3e6774afc82efe4bdc7336fa157f142,True,68608198.0,0xa4af3f698f640cd55eae5ef9a2e606db50d5be6e108f6b5ebbb9d97a5f08bd1b,402.0,uma_via_neg_risk_adapter,True
525622,0xc312615ee72a15e6b7d3e5db4c01fab5ad57103f1db814a38890eb5aed331f8d,Will Scottie Scheffler win The 2025 PGA Championship?,sports,sports|win|scottie_scheffler|pga_championship|2025,2025-02-26 23:53:24.764268+00:00,2025-05-18 12:00:00+00:00,deterministic_contract_key,0xd91e80cf2e7be2e162c6513ced06f1dd0da35296,0x92131649b8fd2233d8d9e8fb334b22eebdb50e1239795f9df03e6cfec5a3c400,2,68608201,0x4016f7fb658dff2e71678c0de0e26ce580a28bf3fa85f67d8380dc6ecbc61a6f,181,neg_risk_adapter,neg_risk_adapter,ctf_condition_preparation_oracle,0x71523d0f655b41e805cec45b17163f528b59b820,0x2f5e3684cb1f318ec51b00edba38d79ac2c0aa9d,0x71523d0f655b41e805cec45b17163f528b59b820,0x92131649b8fd2233d8d9e8fb334b22eebdb50e1239795f9df03e6cfec5a3c400,0x8f98de4faa9201afa64907e4ffeac8fa22b41595c0c899c74986ced6c048fb81,True,68608196.0,0x8c1e2c6601e47d111bfadf1b104c6a73db2a420f6c843de9008176d866dadfa2,444.0,uma_via_neg_risk_adapter,True
509108,0x98688bb50142d4531dde904f4d3c478f1a6138507877ebb9b3ad17940fee3045,Will the Seattle Kraken win the 2025 Stanley Cup?,sports,sports|win|seattle_kraken|nhl_stanley_cup|2025,2024-10-07 19:22:55.177134+00:00,2025-06-23 12:00:00+00:00,deterministic_contract_key,0xd91e80cf2e7be2e162c6513ced06f1dd0da35296,0xb99bbf9f72d65cc5fd17a2c9dd2e87ca4416dbba9d5f3e55f8d652cee16ad516,2,62788336,0x8b29e26f0960d0e71f097831c26fb25d08fca5b178014e7bd680fd2e495068e5,497,neg_risk_adapter,neg_risk_adapter,ctf_condition_preparation_oracle,0x71523d0f655b41e805cec45b17163f528b59b820,0x2f5e3684cb1f318ec51b00edba38d79ac2c0aa9d,0x71523d0f655b41e805cec45b17163f528b59b820,0xb99bbf9f72d65cc5fd17a2c9dd2e87ca4416dbba9d5f3e55f8d652cee16ad500,0x7ef18642323f6a8f7adc0598d313ae6e25def34d70248362f5acb40dcbcaf413,True,62788330.0,0x27f0db52df44cc302d0a5ffc84ad4ac9b77b034ad7208fcad8c14fb36ff5710f,140.0,uma_via_neg_risk_adapter,True
525427,0xd97d95f15edfe56fd412a3e95929497903f16069964f63b7ced90172cd723d61,Will the Seattle Mariners win the 2025 American League Championship?,sports,sports|win|seattle_mariners|mlb_american_league|2025,2025-02-26 18:43:17.573441+00:00,2025-10-31 12:00:00+00:00,deterministic_contract_key,0xd91e80cf2e7be2e162c6513ced06f1dd0da35296,0xae81eb1366dcbfa1ea3ef5c80c33ac33a67c61e9f15caabe106f119f118ea50b,2,68407754,0x3244cbfa2ec89c2103eba1ae2496c4866fc371fcb380ea50f7b8380253c20521,235,neg_risk_adapter,neg_risk_adapter,ctf_condition_preparation_oracle,0x71523d0f655b41e805cec45b17163f528b59b820,0x2f5e3684cb1f318ec51b00edba38d79ac2c0aa9d,0x71523d0f655b41e805cec45b17163f528b59b820,0xae81eb1366dcbfa1ea3ef5c80c33ac33a67c61e9f15caabe106f119f118ea500,0xe6cad7faff753b1339abd9583dcdef48539e2b357a81067b320a1873cbb01073,True,68407751.0,0x3f9ccf518450965a7350298baf787405eb98d3808e30bf2c97c4eb1ff15f0ce4,298.0,uma_via_neg_risk_adapter,True
525396,0x68a14da906e9e7cd029f77fcbf8abc7396c5923e14973751a94c99f6daa9d7b8,Will the Seattle Mariners win the 2025 World Series?,sports,sports|win|seattle_mariners|mlb_championship|2025,2025-02-26 18:37:22.744972+00:00,2025-10-31 12:00:00+00:00,deterministic_contract_key,0xd91e80cf2e7be2e162c6513ced06f1dd0da35296,0x7971728ccf4866d610621f7b8af18b78c1649e6f2c28ce2073d54af61be4260b,2,68407750,0x34bf30deb4795ad8bd30a0e1ddfc464438a819678836535325e8f271a6e72f74,231,neg_risk_adapter,neg_risk_adapter,ctf_condition_preparation_oracle,0x71523d0f655b41e805cec45b17163f528b59b820,0x2f5e3684cb1f318ec51b00edba38d79ac2c0aa9d,0x71523d0f655b41e805cec45b17163f528b59b820,0x7971728ccf4866d610621f7b8af18b78c1649e6f2c28ce2073d54af61be42600,0x4e557b1b0c48ebf09e6575080517bdaf88ac458996474b7ee49968092a23bad8,True,68407747.0,0x9cf5b86a1b52bd1371c14d4b611ad9316481c9fa955b59609b5014bd0246c35b,178.0,uma_via_neg_risk_adapter,True
525550,0xd3515b9a758863a8270f9eb388627b896358ae3f3e7bc9a1cfa05a2e90913962,Will Shane Lowry win The 2025 Masters?,sports,sports|win|shane_lowry|masters|2025,2025-02-26 22:38:31.305035+00:00,2025-04-14 12:00:00+00:00,deterministic_contract_key,0xd91e80cf2e7be2e162c6513ced06f1dd0da35296,0xa865b7f35a4b37c6ecdfd0da3fd1eb1d2a5a017f5960ae980ee1aa4c5077e316,2,68609110,0x3ec5c7e03b10ae6b024a50dbfcf4826cbfa0edee7a7b294e70ef25aad848b26d,158,neg_risk_adapter,neg_risk_adapter,ctf_condition_preparation_oracle,0x71523d0f655b41e805cec45b17163f528b59b820,0x2f5e3684cb1f318ec51b00edba38d79ac2c0aa9d,0x71523d0f655b41e805cec45b17163f528b59b820,0xa865b7f35a4b37c6ecdfd0da3fd1eb1d2a5a017f5960ae980ee1aa4c5077e300,0x24bc86ab1a7962952a8056356790f2df8a20e67898b6ca232356f9a79294667d,True,68609106.0,0x6f0799fd5bc5b28c9740bf23883add85daad86f4ef212f6b846c1a4df48b4b8f,102.0,uma_via_neg_risk_adapter,True
509109,0x52933e0208f96c9d8339d686c410cd5a188d9585555996874315d1a534141825,Will the St. Louis Blues win the 2025 Stanley Cup?,sports,sports|win|st_louis_blues|nhl_stanley_cup|2025,2024-10-07 19:23:19.007994+00:00,2025-06-23 12:00:00+00:00,deterministic_contract_key,0xd91e80cf2e7be2e162c6513ced06f1dd0da35296,0xb99bbf9f72d65cc5fd17a2c9dd2e87ca4416dbba9d5f3e55f8d652cee16ad518,2,62788369,0x183e577f8c055f089f65540bddf671eab3f64ac9490b711aac8ca28892887480,1481,neg_risk_adapter,neg_risk_adapter,ctf_condition_preparation_oracle,0x71523d0f655b41e805cec45b17163f528b59b820,0x2f5e3684cb1f318ec51b00edba38d79ac2c0aa9d,0x71523d0f655b41e805cec45b17163f528b59b820,0xb99bbf9f72d65cc5fd17a2c9dd2e87ca4416dbba9d5f3e55f8d652cee16ad500,0xc915f1c4438213b8231a0411f68436d6debeb6aeabc0cdd84aeb1efc8a46bbf9,True,62788364.0,0x550bbd65de1f085d09988d7a3986064f879e6e1ce8ef276cde494a6d4c278219,217.0,uma_via_neg_risk_adapter,True
509110,0xea6add66b06dfdd20b051f6dea7e3ed6e5087a22686f1f65feb8ed14b60e9c2a,Will the Tampa Bay Lightning win the 2025 Stanley Cup?,sports,sports|win|tampa_bay_lightning|nhl_stanley_cup|2025,2024-10-07 19:23:35.525546+00:00,2025-06-23 12:00:00+00:00,deterministic_contract_key,0xd91e80cf2e7be2e162c6513ced06f1dd0da35296,0xb99bbf9f72d65cc5fd17a2c9dd2e87ca4416dbba9d5f3e55f8d652cee16ad517,2,62788347,0x48e8fb5e37b270194ab9a226941f440631622b91b2de9141b77cb60e7b50e7ac,191,neg_risk_adapter,neg_risk_adapter,ctf_condition_preparation_oracle,0x71523d0f655b41e805cec45b17163f528b59b820,0x2f5e3684cb1f318ec51b00edba38d79ac2c0aa9d,0x71523d0f655b41e805cec45b17163f528b59b820,0xb99bbf9f72d65cc5fd17a2c9dd2e87ca4416dbba9d5f3e55f8d652cee16ad500,0x6d1c4aa6bddcf47d409be11d2243fec10572f8b59878b20a2e299f4178ead1b4,True,62788342.0,0x4e6f315c5a2d57d49553da3163bb02046f92f334363931b0a087c2f75bd12035,202.0,uma_via_neg_risk_adapter,True
525640,0x13041f785614fc083d0d0ad60390b9e7f38daa10afd4f09b498259acfff18bd2,Will Tommy Fleetwood win The 2025 PGA Championship?,sports,sports|win|tommy_fleetwood|pga_championship|2025,2025-02-26 23:53:30.888262+00:00,2025-05-18 12:00:00+00:00,deterministic_contract_key,0xd91e80cf2e7be2e162c6513ced06f1dd0da35296,0x92131649b8fd2233d8d9e8fb334b22eebdb50e1239795f9df03e6cfec5a3c412,2,68608972,0x2829ab43b670026f2c3d4f66bbc7214876c5bb0b7303694861946aca0cd2c7a6,267,neg_risk_adapter,neg_risk_adapter,ctf_condition_preparation_oracle,0x71523d0f655b41e805cec45b17163f528b59b820,0x2f5e3684cb1f318ec51b00edba38d79ac2c0aa9d,0x71523d0f655b41e805cec45b17163f528b59b820,0x92131649b8fd2233d8d9e8fb334b22eebdb50e1239795f9df03e6cfec5a3c400,0x63976963d7eabd83c90154b1d906e939ad55594bf2d8fdb726f210a3747ffe15,True,68608967.0,0x865da2acec1865912ffd23b6609ff4545fb763a568338e0990993843c531b14a,233.0,uma_via_neg_risk_adapter,True
525417,0x5cc4f3fe707fda933306e5266a7bb2599dd539da1150bd3293011ea47ee0fe9d,Will the Toronto Blue Jays win the 2025 American League Championship?,sports,sports|win|toronto_blue_jays|mlb_american_league|2025,2025-02-26 18:43:13.896058+00:00,2025-10-31 12:00:00+00:00,deterministic_contract_key,0xd91e80cf2e7be2e162c6513ced06f1dd0da35296,0xae81eb1366dcbfa1ea3ef5c80c33ac33a67c61e9f15caabe106f119f118ea501,2,68407653,0x4b45503abbc27592badcdb7755aa20843124d3e8829c7dda3fd767fd95d4364c,352,neg_risk_adapter,neg_risk_adapter,ctf_condition_preparation_oracle,0x71523d0f655b41e805cec45b17163f528b59b820,0x2f5e3684cb1f318ec51b00edba38d79ac2c0aa9d,0x71523d0f655b41e805cec45b17163f528b59b820,0xae81eb1366dcbfa1ea3ef5c80c33ac33a67c61e9f15caabe106f119f118ea500,0xc7e8ece4d2a985582252f2a966ed26518c2cc1adece9cb3cc65abf8b9f60540e,True,68407650.0,0x414bc80f2813e5e40fe821f5ce6d75fab34c9d5714b2857157b6670ba1bc5302,238.0,uma_via_neg_risk_adapter,True
525386,0x4c9ccd1404d105968de9b1ff3226fbafdc0b6e402a26bbcad3a84a1b62296783,Will the Toronto Blue Jays win the 2025 World Series?,sports,sports|win|toronto_blue_jays|mlb_championship|2025,2025-02-26 18:37:19.279237+00:00,2025-10-31 12:00:00+00:00,deterministic_contract_key,0xd91e80cf2e7be2e162c6513ced06f1dd0da35296,0x7971728ccf4866d610621f7b8af18b78c1649e6f2c28ce2073d54af61be42601,2,68407654,0x3426bab44078d8e0e229a4e5fabc7bd317028ecc6777e3c1571828166bc3c2cf,292,neg_risk_adapter,neg_risk_adapter,ctf_condition_preparation_oracle,0x71523d0f655b41e805cec45b17163f528b59b820,0x2f5e3684cb1f318ec51b00edba38d79ac2c0aa9d,0x71523d0f655b41e805cec45b17163f528b59b820,0x7971728ccf4866d610621f7b8af18b78c1649e6f2c28ce2073d54af61be42600,0xb6397890c86953d5eda4bbc0e28cbc5dde1cad291d1e2b2e1c4f8a3d357907d3,True,68407649.0,0x4e178a077884f3dbada9a71a3d040bd7f0c53e2da021c8607dd8ca5825a4ba45,654.0,uma_via_neg_risk_adapter,True
509111,0x3f816d82200f0198e72df1175e21d9f757e274307a5f93d075e3c14c7f9a4377,Will the Toronto Maple Leafs win the 2025 Stanley Cup?,sports,sports|win|toronto_maple_leafs|nhl_stanley_cup|2025,2024-10-07 19:24:38.088917+00:00,2025-06-23 12:00:00+00:00,deterministic_contract_key,0xd91e80cf2e7be2e162c6513ced06f1dd0da35296,0xb99bbf9f72d65cc5fd17a2c9dd2e87ca4416dbba9d5f3e55f8d652cee16ad519,2,62788379,0xc588f8abf9a53a42828170e872e920dff598d03b51ba9d79e2adf761acf12492,163,neg_risk_adapter,neg_risk_adapter,ctf_condition_preparation_oracle,0x71523d0f655b41e805cec45b17163f528b59b820,0x2f5e3684cb1f318ec51b00edba38d79ac2c0aa9d,0x71523d0f655b41e805cec45b17163f528b59b820,0xb99bbf9f72d65cc5fd17a2c9dd2e87ca4416dbba9d5f3e55f8d652cee16ad500,0x6da851963b16f4bd39c7b0ab4f922ab3338fbaec628ec132e26afbba50f9ab5f,True,62788374.0,0x86e1f611802bdb06bc098b97690f7b58026d72263c7e3e2b4d951d647363d756,165.0,uma_via_neg_risk_adapter,True
507894,0x37963e2b3194455fe768cd470571640c758c049b7cda6967449a43a8bd5c835f,Will the Toronto Raptors win the 2025 NBA Finals?,sports,sports|win|toronto_raptors|nba_finals|2025,2024-09-24 15:34:33.830533+00:00,2025-06-23 12:00:00+00:00,deterministic_contract_key,0xd91e80cf2e7be2e162c6513ced06f1dd0da35296,0x834475c883fb4b23ce2a0b0a6964488e868016470159e17403471d9f611d4c1b,2,62226812,0x9162be7064abb0fd36dd2ccbc20c22442fc0cd8be25dfa4690514255b0e643fd,208,neg_risk_adapter,neg_risk_adapter,ctf_condition_preparation_oracle,0x71523d0f655b41e805cec45b17163f528b59b820,0x2f5e3684cb1f318ec51b00edba38d79ac2c0aa9d,0x71523d0f655b41e805cec45b17163f528b59b820,0x834475c883fb4b23ce2a0b0a6964488e868016470159e17403471d9f611d4c00,0x65edad44163b4b81f79188b126cf0e8a9c04b041a9a43b278175a1be07448960,True,62226807.0,0xab8b1fad79943edfa08aed4fb5cc3a4661ca93c94de2f76b0a9dbc818d329181,67.0,uma_via_neg_risk_adapter,True
525912,0x59a3ce650dec48f8da2bbd3b07ec4920e9a58fcada76e4a6d3cba63284245ea3,Will Tyrrell Hatton win The 2025 Masters?,sports,sports|win|tyrrell_hatton|masters|2025,2025-02-27 22:07:48.108846+00:00,2025-04-14 12:00:00+00:00,deterministic_contract_key,0xd91e80cf2e7be2e162c6513ced06f1dd0da35296,0xa865b7f35a4b37c6ecdfd0da3fd1eb1d2a5a017f5960ae980ee1aa4c5077e317,2,68609121,0x73568362014b07d6f33695985a98b93a1263cec0267053fd7553cfe5e5674b8e,228,neg_risk_adapter,neg_risk_adapter,ctf_condition_preparation_oracle,0x71523d0f655b41e805cec45b17163f528b59b820,0x2f5e3684cb1f318ec51b00edba38d79ac2c0aa9d,0x71523d0f655b41e805cec45b17163f528b59b820,0xa865b7f35a4b37c6ecdfd0da3fd1eb1d2a5a017f5960ae980ee1aa4c5077e300,0x4e9382e37b1841cc021e784b580518e4b4e30f81773bdd7caa110d8256364bce,True,68609119.0,0x473fca219bbcfe045e17c3ef90e636279c97daf83eb8e4b4b429257bcc51b29b,234.0,uma_via_neg_risk_adapter,True
509116,0x1cdb1b16949129d7a2b9f044cc6cc6e2b13daa9a2a15e483f171fbe0f31db340,Will the Utah Hockey Club win the 2025 Stanley Cup?,sports,sports|win|utah_hockey_club|nhl_stanley_cup|2025,2024-10-07 19:30:17.662696+00:00,2025-06-23 12:00:00+00:00,deterministic_contract_key,0xd91e80cf2e7be2e162c6513ced06f1dd0da35296,0xb99bbf9f72d65cc5fd17a2c9dd2e87ca4416dbba9d5f3e55f8d652cee16ad51e,2,62788486,0xe843b0ebcf08864b5746b0b2629970473e9000406f44cbbfc767470207facd25,172,neg_risk_adapter,neg_risk_adapter,ctf_condition_preparation_oracle,0x71523d0f655b41e805cec45b17163f528b59b820,0x2f5e3684cb1f318ec51b00edba38d79ac2c0aa9d,0x71523d0f655b41e805cec45b17163f528b59b820,0xb99bbf9f72d65cc5fd17a2c9dd2e87ca4416dbba9d5f3e55f8d652cee16ad500,0x5adb940b973a30bc6058e2aaded30588ee906e57953743228a59cb64c7c7ef3c,True,62788483.0,0x519426215145b24399e8890f694c2e66f4896dc6fb11ef7229057ab7a70f1866,210.0,uma_via_neg_risk_adapter,True
507895,0x305df84a4e3cdedb1a70ddec73949c64311247dbf7f41c236ee6a795dcc3d347,Will the Utah Jazz win the 2025 NBA Finals?,sports,sports|win|utah_jazz|nba_finals|2025,2024-09-24 15:35:02.582586+00:00,2025-06-23 12:00:00+00:00,deterministic_contract_key,0xd91e80cf2e7be2e162c6513ced06f1dd0da35296,0x834475c883fb4b23ce2a0b0a6964488e868016470159e17403471d9f611d4c1c,2,62226823,0x3550ee2b5ec221cef40fef0fed4c8d4174b0ef2a9e3547ad3e928a165b77ff35,102,neg_risk_adapter,neg_risk_adapter,ctf_condition_preparation_oracle,0x71523d0f655b41e805cec45b17163f528b59b820,0x2f5e3684cb1f318ec51b00edba38d79ac2c0aa9d,0x71523d0f655b41e805cec45b17163f528b59b820,0x834475c883fb4b23ce2a0b0a6964488e868016470159e17403471d9f611d4c00,0xd7c230bd60369c53e085956c427f536684344db33e1cd263b7358b61247c3435,True,62226820.0,0xc0447456a4af664ac004c03e58b1d4a6a0bff2f544c812a63cc44f0f3d6c11c0,133.0,uma_via_neg_risk_adapter,True
509112,0xbf44392afde05a6d2bd421d72bbbdbfdaff6650441dee235ba0d83414396e68e,Will the Vancouver Canucks win the 2025 Stanley Cup?,sports,sports|win|vancouver_canucks|nhl_stanley_cup|2025,2024-10-07 19:26:51.976044+00:00,2025-06-23 12:00:00+00:00,deterministic_contract_key,0xd91e80cf2e7be2e162c6513ced06f1dd0da35296,0xb99bbf9f72d65cc5fd17a2c9dd2e87ca4416dbba9d5f3e55f8d652cee16ad51a,2,62788391,0x0273e80df80776fdec2c083c49fbc79fd9c15171df6c261e9a24f4a4f7b810ac,533,neg_risk_adapter,neg_risk_adapter,ctf_condition_preparation_oracle,0x71523d0f655b41e805cec45b17163f528b59b820,0x2f5e3684cb1f318ec51b00edba38d79ac2c0aa9d,0x71523d0f655b41e805cec45b17163f528b59b820,0xb99bbf9f72d65cc5fd17a2c9dd2e87ca4416dbba9d5f3e55f8d652cee16ad500,0x855b2fc4e50efbc3a6c98253278a4ef1de5e4f148f5c2e2af90d906cb3d2bc6d,True,62788388.0,0x3039432888a61dca098cb04ef605c5dc787557d2e6dc9805a23a8a55607ef270,187.0,uma_via_neg_risk_adapter,True
509113,0xc022fc3b994509037e6f70adbc3e40b497a6cdc11b6f308a12b3040ba9df9a28,Will the Vegas Golden Knights win the 2025 Stanley Cup?,sports,sports|win|vegas_golden_knights|nhl_stanley_cup|2025,2024-10-07 19:27:15.176427+00:00,2025-06-23 12:00:00+00:00,deterministic_contract_key,0xd91e80cf2e7be2e162c6513ced06f1dd0da35296,0xb99bbf9f72d65cc5fd17a2c9dd2e87ca4416dbba9d5f3e55f8d652cee16ad51b,2,62788421,0xc1885edcbb54781d9f0490f42b15082e743c1c04335564f97f2c4560e305925f,458,neg_risk_adapter,neg_risk_adapter,ctf_condition_preparation_oracle,0x71523d0f655b41e805cec45b17163f528b59b820,0x2f5e3684cb1f318ec51b00edba38d79ac2c0aa9d,0x71523d0f655b41e805cec45b17163f528b59b820,0xb99bbf9f72d65cc5fd17a2c9dd2e87ca4416dbba9d5f3e55f8d652cee16ad500,0xd4d70f6682ed41d9e85e7210771bc11a7d81f4599a28c3d1738517ea405753e2,True,62788417.0,0x135005a8d649792dbe2a9cbe9b92d72bb5cc265d0141a39974f3f4a265102c18,472.0,uma_via_neg_risk_adapter,True
525533,0x5d5636328cf2d2b1f0cad84989b3cdfdc69a9452522ffc7a8cfa8fb80515bec3,Will Viktor Hovland win The 2025 Masters?,sports,sports|win|viktor_hovland|masters|2025,2025-02-26 22:38:24.958457+00:00,2025-04-14 12:00:00+00:00,deterministic_contract_key,0xd91e80cf2e7be2e162c6513ced06f1dd0da35296,0xa865b7f35a4b37c6ecdfd0da3fd1eb1d2a5a017f5960ae980ee1aa4c5077e305,2,68608695,0x9c2c576814970a4861db24ae3bb3b35a82f4c8cc6a598b2bad81fb2367a2eed5,180,neg_risk_adapter,neg_risk_adapter,ctf_condition_preparation_oracle,0x71523d0f655b41e805cec45b17163f528b59b820,0x2f5e3684cb1f318ec51b00edba38d79ac2c0aa9d,0x71523d0f655b41e805cec45b17163f528b59b820,0xa865b7f35a4b37c6ecdfd0da3fd1eb1d2a5a017f5960ae980ee1aa4c5077e300,0x8d9716f075938a99e0d9bbce0c3a8a24cfdb5395adb346447b492ba59a75a628,True,68608692.0,0x0d1720a8c7018ec490a0222829689401ee751c5da13559dc40bf355d5ec4ed86,171.0,uma_via_neg_risk_adapter,True
525627,0x6fd0ee23ef64263510ce90b7d39150842851a8d9b72891854be40f90f5717462,Will Viktor Hovland win The 2025 PGA Championship?,sports,sports|win|viktor_hovland|pga_championship|2025,2025-02-26 23:53:26.447049+00:00,2025-05-18 12:00:00+00:00,deterministic_contract_key,0xd91e80cf2e7be2e162c6513ced06f1dd0da35296,0x92131649b8fd2233d8d9e8fb334b22eebdb50e1239795f9df03e6cfec5a3c405,2,68608697,0xe8c6149c3fbfaf185a9013288933c73e67d1802b2639c91c2145a0d706eda91a,94,neg_risk_adapter,neg_risk_adapter,ctf_condition_preparation_oracle,0x71523d0f655b41e805cec45b17163f528b59b820,0x2f5e3684cb1f318ec51b00edba38d79ac2c0aa9d,0x71523d0f655b41e805cec45b17163f528b59b820,0x92131649b8fd2233d8d9e8fb334b22eebdb50e1239795f9df03e6cfec5a3c400,0xe454a4b3a33f98d8869e26bf8bf0f3e958686c376f0896b48ef0addba4d620ec,True,68608694.0,0x89856414fe18e0387fe69bbf1b925c564ad64df4654aaed2dd25414e6867a8ec,132.0,uma_via_neg_risk_adapter,True
507896,0xbba16a21398862877d2ba91d7221be625b4514066580c91c6acbc32b03fe7997,Will the Washington Wizards win the 2025 NBA Finals?,sports,sports|win|washington_wizards|nba_finals|2025,2024-09-24 15:35:19.262234+00:00,2025-06-23 12:00:00+00:00,deterministic_contract_key,0xd91e80cf2e7be2e162c6513ced06f1dd0da35296,0x834475c883fb4b23ce2a0b0a6964488e868016470159e17403471d9f611d4c1d,2,62226833,0xfb44c9fcc77416eb7d132e488d1c5a8b3aed5fd17b8e733e7acdf32d4f453e16,190,neg_risk_adapter,neg_risk_adapter,ctf_condition_preparation_oracle,0x71523d0f655b41e805cec45b17163f528b59b820,0x2f5e3684cb1f318ec51b00edba38d79ac2c0aa9d,0x71523d0f655b41e805cec45b17163f528b59b820,0x834475c883fb4b23ce2a0b0a6964488e868016470159e17403471d9f611d4c00,0x022714a1fb2ebd7846cfb40b222183013009da2014cd884f36a019ad5d63dcdb,True,62226831.0,0xd5420d08818c00209915612a00b7c61bb42a2cac393d3609c149214cb0638910,39.0,uma_via_neg_risk_adapter,True
509115,0x2f4d4813b59746d5ced985170530331befb399a25acc8540061e0ac8224c9aa2,Will the Winnipeg Jets win the 2025 Stanley Cup?,sports,sports|win|winnipeg_jets|nhl_stanley_cup|2025,2024-10-07 19:28:06.942911+00:00,2025-06-23 12:00:00+00:00,deterministic_contract_key,0xd91e80cf2e7be2e162c6513ced06f1dd0da35296,0xb99bbf9f72d65cc5fd17a2c9dd2e87ca4416dbba9d5f3e55f8d652cee16ad51d,2,62788464,0xeff80bfba3fecb0bd65deefecc0fe082c8e99846ed3b3e4dcd599024b9f9df9c,2187,neg_risk_adapter,neg_risk_adapter,ctf_condition_preparation_oracle,0x71523d0f655b41e805cec45b17163f528b59b820,0x2f5e3684cb1f318ec51b00edba38d79ac2c0aa9d,0x71523d0f655b41e805cec45b17163f528b59b820,0xb99bbf9f72d65cc5fd17a2c9dd2e87ca4416dbba9d5f3e55f8d652cee16ad500,0xebcd1acb21002a72051e5c5fd0289e01c72fc8e567e303f9dfbcc257e3baf599,True,62788458.0,0x50052fc507245b7d12733cfc6ebef680c05d47a5ec6c486aa760fada05f71938,646.0,uma_via_neg_risk_adapter,True
525529,0xcb8162298a401d327612bccf5a784109894c45dbe51f8b2abaf006a964d2802a,Will Xander Schauffele win The 2025 Masters?,sports,sports|win|xander_schauffele|masters|2025,2025-02-26 22:38:23.556349+00:00,2025-04-14 12:00:00+00:00,deterministic_contract_key,0xd91e80cf2e7be2e162c6513ced06f1dd0da35296,0xa865b7f35a4b37c6ecdfd0da3fd1eb1d2a5a017f5960ae980ee1aa4c5077e301,2,68608635,0xf5da7f426b496f9efccfd468f90e70b2bf91a1760d806577b8534571e1d480e3,102,neg_risk_adapter,neg_risk_adapter,ctf_condition_preparation_oracle,0x71523d0f655b41e805cec45b17163f528b59b820,0x2f5e3684cb1f318ec51b00edba38d79ac2c0aa9d,0x71523d0f655b41e805cec45b17163f528b59b820,0xa865b7f35a4b37c6ecdfd0da3fd1eb1d2a5a017f5960ae980ee1aa4c5077e300,0x569108cfb6d3dabce29c1637bd65841456540fbeb5f789202d12fbf7c1a65530,True,68608630.0,0x403c04bbb184c57ef00df5bfecea812454b96fc855401a2bff75af48c9bb5e05,705.0,uma_via_neg_risk_adapter,True
525623,0xb6154cde7563e65dcaac821b784ea0b858a4d4c992c733bb69abdbb1ff9acd47,Will Xander Schauffele win The 2025 PGA Championship?,sports,sports|win|xander_schauffele|pga_championship|2025,2025-02-26 23:53:25.092506+00:00,2025-05-18 12:00:00+00:00,deterministic_contract_key,0xd91e80cf2e7be2e162c6513ced06f1dd0da35296,0x92131649b8fd2233d8d9e8fb334b22eebdb50e1239795f9df03e6cfec5a3c401,2,68608634,0xb6c1107cdadb282c2dc5ac3a0b1b4551cf0c03c9142b8300684049854efaf7db,64,neg_risk_adapter,neg_risk_adapter,ctf_condition_preparation_oracle,0x71523d0f655b41e805cec45b17163f528b59b820,0x2f5e3684cb1f318ec51b00edba38d79ac2c0aa9d,0x71523d0f655b41e805cec45b17163f528b59b820,0x92131649b8fd2233d8d9e8fb334b22eebdb50e1239795f9df03e6cfec5a3c400,0x18b416565853ecf135422c5775ac6f0bc32aa22d8370334ec09e5e9ebe3e5c69,True,68608630.0,0xda13368221efcde10dc5d20b94880642743e4f79589a7be6b9b21d53cb2da31f,698.0,uma_via_neg_risk_adapter,True
525372,0x582b0ea6bd8c5bb2bfeefd34b2f87b79ce133b12bd4c71c3542f3ea6a35d5ba4,Will Yuki Tsunoda be the 2025 Drivers Champion?,sports,sports|win|yuki_tsunoda|formula_1_drivers_championship|2025,2025-02-26 18:26:32.363237+00:00,2025-12-07 12:00:00+00:00,deterministic_contract_key,0xd91e80cf2e7be2e162c6513ced06f1dd0da35296,0xd17b6435b7742ac0e437489f4c6d43e84714aa92863085e0550e21e604383b0e,2,68406989,0xb4de8e01f1e08c595c33badf9f0d2724cf070dd202ec7b9a620dc33c284ed7c5,246,neg_risk_adapter,neg_risk_adapter,ctf_condition_preparation_oracle,0x71523d0f655b41e805cec45b17163f528b59b820,0x2f5e3684cb1f318ec51b00edba38d79ac2c0aa9d,0x71523d0f655b41e805cec45b17163f528b59b820,0xd17b6435b7742ac0e437489f4c6d43e84714aa92863085e0550e21e604383b00,0xe4557c43df046fe6022058f4c07553a9367c6d46a8d7abf0c37faccb3c11628f,True,68406985.0,0x1886ba8083ac0563f1291da999d347fb2317724db8e3b45ba2e7985318a2857e,246.0,uma_via_neg_risk_adapter,True
516864,0x9aa6086535a4b3145e9f7378dd58a7a8c30c4b15bd4fe17eb6990817f5cd3cd9,"Will Bitcoin reach $150,000 by December 31, 2025?",asset_threshold,asset_threshold|threshold|bitcoin|year:2025|above|150000,2024-12-30 20:44:03.025659+00:00,2025-12-31 12:00:00+00:00,deterministic_contract_key,0x6a9d222616c90fca5754cd1333cfd9b7fb6a4f74,0x71ed27d517315ae446e8a937a402a84d79577fb25d113d5fcd6a3a58402c398f,2,66116947,0xa81c1dbc46ce036dc706a9016d91c50f6a2a78481b7f11d4c1f3aac9020ec92d,231,uma_adapter_v2,uma_direct,ctf_condition_preparation_oracle,,,,,,False,,,,uma,True
516863,0x4e2887e913cd6e091c9b07b5e4013b24f372453efa6f11a0b0c5f65371729cf4,"Will Bitcoin reach $200,000 by December 31, 2025?",asset_threshold,asset_threshold|threshold|bitcoin|year:2025|above|200000,2024-12-30 20:43:40.292689+00:00,2025-12-31 12:00:00+00:00,deterministic_contract_key,0x6a9d222616c90fca5754cd1333cfd9b7fb6a4f74,0x8f105aeae28912e3e4da965325903c1aff6aa308e5261e07d933439d25bda63d,2,66116941,0x0450bdf0e8630ab7fe4ad02f0cef56c8e64ed504cd4c5641ad2c889657b3f2f8,105,uma_adapter_v2,uma_direct,ctf_condition_preparation_oracle,,,,,,False,,,,uma,True
516862,0xac2be3a5471b343d43b9f0d3f141611b91feb8c66aed8e286cd3d2540714aaba,"Will Bitcoin reach $250,000 by December 31, 2025?",asset_threshold,asset_threshold|threshold|bitcoin|year:2025|above|250000,2024-12-30 20:43:17.940226+00:00,2025-12-31 12:00:00+00:00,deterministic_contract_key,0x6a9d222616c90fca5754cd1333cfd9b7fb6a4f74,0xfb38fc0c31a2c8f3fed2052b1f8d2eead9bbc16f3cab4bab76b10d5f0d034d49,2,66116934,0x4405e3ece81daf7db380b44510e031a6f0a5c4267c3084da372af19f84fd0c01,145,uma_adapter_v2,uma_direct,ctf_condition_preparation_oracle,,,,,,False,,,,uma,True
516872,0x5e8e585d855c4288c3805064e74fc7ea1dab47dc0e9b42a0dbd9ca5f49c997f9,"Will Bitcoin dip to $50,000 by December 31, 2025?",asset_threshold,asset_threshold|threshold|bitcoin|year:2025|below|50000,2024-12-30 20:52:00.940565+00:00,2025-12-31 12:00:00+00:00,deterministic_contract_key,0x6a9d222616c90fca5754cd1333cfd9b7fb6a4f74,0x9de3752836d5b2dcfe14a95d9fb5c001c81aaf3b12cd7806cb34f2f898cf0f7e,2,66117036,0xa00807b823a9be772f9b704559205d103a21c68a2dbd0aa75c4eb3efea0582a2,644,uma_adapter_v2,uma_direct,ctf_condition_preparation_oracle,,,,,,False,,,,uma,True
516871,0x0aeb566c973d193ef7f77d2532ba6bffe4f76d5f6b7c5422ceaa966536b7ef90,"Will Bitcoin dip to $70,000 by December 31, 2025?",asset_threshold,asset_threshold|threshold|bitcoin|year:2025|below|70000,2024-12-30 20:51:32.263226+00:00,2025-12-31 12:00:00+00:00,deterministic_contract_key,0x6a9d222616c90fca5754cd1333cfd9b7fb6a4f74,0x1efa40d8677e4edc07bb1cd1c3fef86426344e5c190cbcafcd00ff2893e36113,2,66117029,0x6b30c518f84c617fd378822e46aad6d9497b0bcf9bd77d0b2e07dbb030b4d967,296,uma_adapter_v2,uma_direct,ctf_condition_preparation_oracle,,,,,,False,,,,uma,True
516723,0xebfda84c91d3dafde3f49bd132aadc9e762b88023021806e7345cd526fc7e1fa,Will no Fed rate cuts happen in 2025?,fed_count,fed_count|cut|fed_rate_cuts|2025|equal|0,2024-12-29 19:49:27.907976+00:00,2025-12-10 12:00:00+00:00,deterministic_contract_key,0xd91e80cf2e7be2e162c6513ced06f1dd0da35296,0x1bdcc22f99efd4a0af525806c64f7e6ee0a1640517b1d0a4a731367b6554be00,2,66079547,0x28fba014123c81737019f96d8ec236a200c4974a2cba075e93d58dd32868b451,211,neg_risk_adapter,neg_risk_adapter,ctf_condition_preparation_oracle,0x71523d0f655b41e805cec45b17163f528b59b820,0x2f5e3684cb1f318ec51b00edba38d79ac2c0aa9d,0x71523d0f655b41e805cec45b17163f528b59b820,0x1bdcc22f99efd4a0af525806c64f7e6ee0a1640517b1d0a4a731367b6554be00,0x4dd53c9b0d616686cea42b92e8886696ea98740d1b249052e6d3b801de11ca77,True,66079539.0,0xa1daedf4b2b78ff50631a8bf5c2a18a69623cba3a1739065cfc7461e13b1343a,90.0,uma_via_neg_risk_adapter,True
516724,0x8e9b6942b4dac3117dadfacac2edb390b6d62d59c14152774bb5fcd983fc134e,Will 1 Fed rate cut happen in 2025?,fed_count,fed_count|cut|fed_rate_cuts|2025|equal|1,2024-12-29 19:53:12.962104+00:00,2025-12-10 12:00:00+00:00,deterministic_contract_key,0xd91e80cf2e7be2e162c6513ced06f1dd0da35296,0x1bdcc22f99efd4a0af525806c64f7e6ee0a1640517b1d0a4a731367b6554be01,2,66079564,0xb8afdb1f972fecb3bf01021601d27cbd8aa07af614cb5f6a190347df6dedea96,126,neg_risk_adapter,neg_risk_adapter,ctf_condition_preparation_oracle,0x71523d0f655b41e805cec45b17163f528b59b820,0x2f5e3684cb1f318ec51b00edba38d79ac2c0aa9d,0x71523d0f655b41e805cec45b17163f528b59b820,0x1bdcc22f99efd4a0af525806c64f7e6ee0a1640517b1d0a4a731367b6554be00,0xef6971601b767913c85fd9dd595ea3e73c561df29533e6eb8d9273c0ec10cbb2,True,66079559.0,0xddc65bdbecf03c40a168774b77edb088b434203ba9d2cc0b7fa0f49a50412009,127.0,uma_via_neg_risk_adapter,True
516725,0x05af636e0989accb08334a74f69e5368e0aa28fe498fd16a3ca991e6dc5ae2cc,Will 2 Fed rate cuts happen in 2025?,fed_count,fed_count|cut|fed_rate_cuts|2025|equal|2,2024-12-29 19:54:57.254583+00:00,2025-12-10 12:00:00+00:00,deterministic_contract_key,0xd91e80cf2e7be2e162c6513ced06f1dd0da35296,0x1bdcc22f99efd4a0af525806c64f7e6ee0a1640517b1d0a4a731367b6554be02,2,66079576,0x53904791f639f4c5e376f863b88e4f2ccf9181efe1f40eb282c36b7666ee4f26,224,neg_risk_adapter,neg_risk_adapter,ctf_condition_preparation_oracle,0x71523d0f655b41e805cec45b17163f528b59b820,0x2f5e3684cb1f318ec51b00edba38d79ac2c0aa9d,0x71523d0f655b41e805cec45b17163f528b59b820,0x1bdcc22f99efd4a0af525806c64f7e6ee0a1640517b1d0a4a731367b6554be00,0x8b77dbf0e57a1c31eb3dbc187132706ec0cbc98a1f38083017a4366eb4917d0f,True,66079571.0,0x4669c2b0760c2f4711cdbddbd92bcd5b9edcba1177864ce7e03f00d3b48c0abd,205.0,uma_via_neg_risk_adapter,True
516726,0x6df2f2ca434b5bacaef33d6b24edf42845199f4f794e66580de2d2c880a25275,Will 3 Fed rate cuts happen in 2025?,fed_count,fed_count|cut|fed_rate_cuts|2025|equal|3,2024-12-29 19:57:11.618587+00:00,2025-12-10 12:00:00+00:00,deterministic_contract_key,0xd91e80cf2e7be2e162c6513ced06f1dd0da35296,0x1bdcc22f99efd4a0af525806c64f7e6ee0a1640517b1d0a4a731367b6554be03,2,66079585,0xdd526359a1ad1d6585b7dff78baabb962b550296a8b6ccc41fa5c09449bd2007,387,neg_risk_adapter,neg_risk_adapter,ctf_condition_preparation_oracle,0x71523d0f655b41e805cec45b17163f528b59b820,0x2f5e3684cb1f318ec51b00edba38d79ac2c0aa9d,0x71523d0f655b41e805cec45b17163f528b59b820,0x1bdcc22f99efd4a0af525806c64f7e6ee0a1640517b1d0a4a731367b6554be00,0x9cf39e79b6cd47e9fabcafcef10d0f49528ca3328caf091ff3b696ed1258d5be,True,66079581.0,0xed4486d816c2dd8327a651ce09b160d2cb0691b6a0834e71ff77aeaf08b63a77,337.0,uma_via_neg_risk_adapter,True
516727,0xc2846f35e85eb09a094edbd4e93e345d3c682dc0436615adc27122222fccbd81,Will 4 Fed rate cuts happen in 2025?,fed_count,fed_count|cut|fed_rate_cuts|2025|equal|4,2024-12-29 19:58:26.387182+00:00,2025-12-10 12:00:00+00:00,deterministic_contract_key,0xd91e80cf2e7be2e162c6513ced06f1dd0da35296,0x1bdcc22f99efd4a0af525806c64f7e6ee0a1640517b1d0a4a731367b6554be04,2,66079598,0xf593e7fcc04daa735c680c6c2e98fe1e326a5fd4502805b074d38bcfb47a63c8,352,neg_risk_adapter,neg_risk_adapter,ctf_condition_preparation_oracle,0x71523d0f655b41e805cec45b17163f528b59b820,0x2f5e3684cb1f318ec51b00edba38d79ac2c0aa9d,0x71523d0f655b41e805cec45b17163f528b59b820,0x1bdcc22f99efd4a0af525806c64f7e6ee0a1640517b1d0a4a731367b6554be00,0xdf1c35d58be927accc754bf40f80fd470f1cdc180a9b7a18d76e33eb184cd976,True,66079592.0,0x4d104d6ae0efd1676b7e20dc9d0a73994fd8fdde655c85b35e7b724cbebdf32d,236.0,uma_via_neg_risk_adapter,True
516728,0x6ee22365b6602d928aa7136f549cc0d718bb16b044a6d15191041b84b5f1f43d,Will 5 Fed rate cuts happen in 2025?,fed_count,fed_count|cut|fed_rate_cuts|2025|equal|5,2024-12-29 19:59:42.523614+00:00,2025-12-10 12:00:00+00:00,deterministic_contract_key,0xd91e80cf2e7be2e162c6513ced06f1dd0da35296,0x1bdcc22f99efd4a0af525806c64f7e6ee0a1640517b1d0a4a731367b6554be05,2,66079633,0xfb6916f1a57d41f40fe7243a7fe2b79cc7c0a2f785d4238a5805e2076369c4d8,172,neg_risk_adapter,neg_risk_adapter,ctf_condition_preparation_oracle,0x71523d0f655b41e805cec45b17163f528b59b820,0x2f5e3684cb1f318ec51b00edba38d79ac2c0aa9d,0x71523d0f655b41e805cec45b17163f528b59b820,0x1bdcc22f99efd4a0af525806c64f7e6ee0a1640517b1d0a4a731367b6554be00,0x47f7b59cf1fef3097e5d68a70c83b82120748bc17b2426fb9e29396134c34c93,True,66079628.0,0x830f2b72b68a09044ff5c47323bdfd998904d9f3e4ad17b0374d2d2d8c5c9499,137.0,uma_via_neg_risk_adapter,True
516731,0x37100ed3560699c48d90a027e65da10a04e395785b598289163e3bbfdaca99e6,Will 6 Fed rate cuts happen in 2025?,fed_count,fed_count|cut|fed_rate_cuts|2025|equal|6,2024-12-29 20:36:57.617602+00:00,2025-12-10 12:00:00+00:00,deterministic_contract_key,0xd91e80cf2e7be2e162c6513ced06f1dd0da35296,0x1bdcc22f99efd4a0af525806c64f7e6ee0a1640517b1d0a4a731367b6554be06,2,66079652,0xb2a093c94d3145b53387b2dd2f18a6ad720b7c0433a0647c775e158168bc344e,147,neg_risk_adapter,neg_risk_adapter,ctf_condition_preparation_oracle,0x71523d0f655b41e805cec45b17163f528b59b820,0x2f5e3684cb1f318ec51b00edba38d79ac2c0aa9d,0x71523d0f655b41e805cec45b17163f528b59b820,0x1bdcc22f99efd4a0af525806c64f7e6ee0a1640517b1d0a4a731367b6554be00,0x033b2dbd0328eea8a2a302be05efbc501aaf3312be1bec02404fbb49745ec831,True,66079648.0,0x9af077412261e3911bc0e359b688ef77ea648bf1729c48023d81ab5a2bd38611,97.0,uma_via_neg_risk_adapter,True
516730,0xf4d03ce9ce65ea06654f23e26dead828005511d65bb650cd5a9dc77891406d12,Will 7 Fed rate cuts happen in 2025?,fed_count,fed_count|cut|fed_rate_cuts|2025|equal|7,2024-12-29 20:35:34.291374+00:00,2025-12-10 12:00:00+00:00,deterministic_contract_key,0xd91e80cf2e7be2e162c6513ced06f1dd0da35296,0x1bdcc22f99efd4a0af525806c64f7e6ee0a1640517b1d0a4a731367b6554be07,2,66079665,0x1b6a6f8857349aecd47b44ec855e8be78b08e62023dc22f14809c742453d0f15,488,neg_risk_adapter,neg_risk_adapter,ctf_condition_preparation_oracle,0x71523d0f655b41e805cec45b17163f528b59b820,0x2f5e3684cb1f318ec51b00edba38d79ac2c0aa9d,0x71523d0f655b41e805cec45b17163f528b59b820,0x1bdcc22f99efd4a0af525806c64f7e6ee0a1640517b1d0a4a731367b6554be00,0xb9c9f7d9d6ffc8464777f8e52c171b21abf668e1c4c5730e157aedbc58089b61,True,66079661.0,0x8633c336bcfe2cf51e1cba45f34cca096b85f8c8d46bb7dc3df37b6d26cc032d,107.0,uma_via_neg_risk_adapter,True
518901,0x629991508180f4ee4ba17c62fc19fbfbd95563b8a7e9d28b096f11418dbb1f07,Texas Strategic Bitcoin Reserve Act (H.B. 1598) signed in 2025?,policy_action,policy_action|pass_law|strategic_bitcoin_reserve_act|texas|year:2025,2025-01-16 20:34:05.484328+00:00,2025-12-31 12:00:00+00:00,deterministic_contract_key,0x6a9d222616c90fca5754cd1333cfd9b7fb6a4f74,0xc0b096c0cd4a913a8fa18a1e2a259c82b7a8ba4afa5936c9589014070e8348b6,2,66782093,0x2e17dbde639131708cbe38c94dc3ec9f995a14b69c5d22c4db54943c502fc045,117,uma_adapter_v2,uma_direct,ctf_condition_preparation_oracle,,,,,,False,,,,uma,True
528684,0xe03d57b46639f895cd964478206dcd03c1ff4c243a9ccd73a24952cd44669591,Will CHEGA win the most seats in the 2025 Portuguese legislative election?,election,election|win_most_seats|chega|portugal_parliament|year:2025|2025,2025-03-17 20:41:07.111178+00:00,2025-05-18 12:00:00+00:00,deterministic_contract_key,0xd91e80cf2e7be2e162c6513ced06f1dd0da35296,0x7be5767c0bd0804d16d8c5140526561a797d75160a8b4ad29a0d07ac23e0f702,2,69174262,0xf27255dedac73f5674e9865de252041b65e92cf3c83026e89db49003696fa38f,178,neg_risk_adapter,neg_risk_adapter,ctf_condition_preparation_oracle,0x71523d0f655b41e805cec45b17163f528b59b820,0x2f5e3684cb1f318ec51b00edba38d79ac2c0aa9d,0x71523d0f655b41e805cec45b17163f528b59b820,0x7be5767c0bd0804d16d8c5140526561a797d75160a8b4ad29a0d07ac23e0f700,0xd6aa378faf1adf32f8952ac4cb7529c4894ac57fe461ab42716f4218649ca5a7,True,69174259.0,0xca9342008afce749076b7b0540e379f69d65bf5076a9b0e0af05879d5460544e,220.0,uma_via_neg_risk_adapter,True
517585,0x51f7452fddea310ba15955cfa8fa21419335b16f8310074e43f48c4856d7e0b8,Will the Conservative Party win the most seats in the next Canadian election?,election,election|win_most_seats|conservative_party|canada_federal|year:2025|2025,2025-01-06 16:38:46.798801+00:00,2025-04-28 12:00:00+00:00,deterministic_contract_key,0xd91e80cf2e7be2e162c6513ced06f1dd0da35296,0xa5df7d4b12e3ae84262bc7fdeda621f33c221baa430f65463f9a60eed4bd7500,2,66379767,0x47bc9a19d70c7a3ade5b265d35600e0cd73f10d404a883066a4ffdf25a912992,687,neg_risk_adapter,neg_risk_adapter,ctf_condition_preparation_oracle,0x71523d0f655b41e805cec45b17163f528b59b820,0x2f5e3684cb1f318ec51b00edba38d79ac2c0aa9d,0x71523d0f655b41e805cec45b17163f528b59b820,0xa5df7d4b12e3ae84262bc7fdeda621f33c221baa430f65463f9a60eed4bd7500,0x86676ad840003b8b78566dd57e8700bf546b778bca04a8631946cb5fed3d4cfe,True,66379763.0,0xc63aa91e68820aa0fc368d5cc0ea7106283d850ce010383f04b8146a7346e887,133.0,uma_via_neg_risk_adapter,True
517589,0xc1a5352b767a581a9840feebc0d0b71f0034c9fcc14b5ad74431d6c95e50796d,Will the Green Party win the most seats in the next Canadian election?,election,election|win_most_seats|green_party|canada_federal|year:2025|2025,2025-01-06 16:49:55.308049+00:00,2025-04-28 12:00:00+00:00,deterministic_contract_key,0xd91e80cf2e7be2e162c6513ced06f1dd0da35296,0xa5df7d4b12e3ae84262bc7fdeda621f33c221baa430f65463f9a60eed4bd7504,2,66380003,0x191ee0f9bf8bfa4f0321c42dd66091d8e35af004b2299bda99b5a5e71abeb6e4,669,neg_risk_adapter,neg_risk_adapter,ctf_condition_preparation_oracle,0x71523d0f655b41e805cec45b17163f528b59b820,0x2f5e3684cb1f318ec51b00edba38d79ac2c0aa9d,0x71523d0f655b41e805cec45b17163f528b59b820,0xa5df7d4b12e3ae84262bc7fdeda621f33c221baa430f65463f9a60eed4bd7500,0x2e2fca7a3f3897affbfccd9db6e48c7dbadf2f845629d1a253dfb690794f43aa,True,66379997.0,0xe3c528366cdad2060cbf124fb667068b5763be9d0cae4a6908a1ab4006e4a9ef,124.0,uma_via_neg_risk_adapter,True
517586,0xae6dab898b0531faf72bf9f09517538249131850cfe48b309f7f91124411c380,Will the Liberal Party win the most seats in the next Canadian election?,election,election|win_most_seats|liberal_party|canada_federal|year:2025|2025,2025-01-06 16:43:44.894139+00:00,2025-04-28 12:00:00+00:00,deterministic_contract_key,0xd91e80cf2e7be2e162c6513ced06f1dd0da35296,0xa5df7d4b12e3ae84262bc7fdeda621f33c221baa430f65463f9a60eed4bd7501,2,66379783,0x424203dc2f4fa8e5c244b744595bc0d5a66636d13d95db4e5d2fcdaa01b5e0ed,116,neg_risk_adapter,neg_risk_adapter,ctf_condition_preparation_oracle,0x71523d0f655b41e805cec45b17163f528b59b820,0x2f5e3684cb1f318ec51b00edba38d79ac2c0aa9d,0x71523d0f655b41e805cec45b17163f528b59b820,0xa5df7d4b12e3ae84262bc7fdeda621f33c221baa430f65463f9a60eed4bd7500,0x69b80f7e2712482da6a199b69818c956e8fe35313f8ab000e4f62170047df709,True,66379778.0,0xf0178ed7bc236dbb2b77fdb3b243c44f1c0016aeacce96920527dea5fddcede0,240.0,uma_via_neg_risk_adapter,True
528688,0x88e1379369e64f6a3fff8e0da42a136862e227eb516977832e04511bd778e8b8,Will Livre win the most seats in the 2025 Portuguese legislative election?,election,election|win_most_seats|livre|portugal_parliament|year:2025|2025,2025-03-17 20:41:08.599485+00:00,2025-05-18 12:00:00+00:00,deterministic_contract_key,0xd91e80cf2e7be2e162c6513ced06f1dd0da35296,0x7be5767c0bd0804d16d8c5140526561a797d75160a8b4ad29a0d07ac23e0f706,2,69174321,0xed458be404112c3d772ed08845c62d3823f6b6a383478a90f54c5add1b49877e,203,neg_risk_adapter,neg_risk_adapter,ctf_condition_preparation_oracle,0x71523d0f655b41e805cec45b17163f528b59b820,0x2f5e3684cb1f318ec51b00edba38d79ac2c0aa9d,0x71523d0f655b41e805cec45b17163f528b59b820,0x7be5767c0bd0804d16d8c5140526561a797d75160a8b4ad29a0d07ac23e0f700,0xa44dc4ed8ff85ad18d8899fb26526718bbf3cf7711a8fa628b160c4ea8edbfbb,True,69174318.0,0xbb84e17d3bf071669ff3f61db82b2e76f3ece26868dd6312182beeebd807c848,133.0,uma_via_neg_risk_adapter,True
517588,0xa8ad29b208d9b2e79c4ae9cd22a85c8b875ced0a1fd6eab6f00a92055d603be2,Will the New Democratic Party win the most seats in the next Canadian election?,election,election|win_most_seats|new_democratic_party|canada_federal|year:2025|2025,2025-01-06 16:48:09.478561+00:00,2025-04-28 12:00:00+00:00,deterministic_contract_key,0xd91e80cf2e7be2e162c6513ced06f1dd0da35296,0xa5df7d4b12e3ae84262bc7fdeda621f33c221baa430f65463f9a60eed4bd7503,2,66379985,0x49d8b7a153a33219405cc9136a00e4f3ddc97496d38a674315a20dace1be925d,615,neg_risk_adapter,neg_risk_adapter,ctf_condition_preparation_oracle,0x71523d0f655b41e805cec45b17163f528b59b820,0x2f5e3684cb1f318ec51b00edba38d79ac2c0aa9d,0x71523d0f655b41e805cec45b17163f528b59b820,0xa5df7d4b12e3ae84262bc7fdeda621f33c221baa430f65463f9a60eed4bd7500,0xffb15fef36fcc79101456446148a4c5dc16a651880a1c15d191e19e4012db226,True,66379977.0,0x546bc0c014ff2c48e102323d6f75c8a4a007b983febaa0558cd5b5c74d97007e,516.0,uma_via_neg_risk_adapter,True
517590,0x7b94d6cef097f44d4f2327f2777b0c3f79048d25dad50bd9e752c7ea3fb80acc,Will the People's party win the most seats in the next Canadian election?,election,election|win_most_seats|peoples_party|canada_federal|year:2025|2025,2025-01-06 16:50:24.138827+00:00,2025-04-28 12:00:00+00:00,deterministic_contract_key,0xd91e80cf2e7be2e162c6513ced06f1dd0da35296,0xa5df7d4b12e3ae84262bc7fdeda621f33c221baa430f65463f9a60eed4bd7505,2,66380016,0x02175ec301b9664875f9e16a087b4fa83056ae3e5c94ff27ff6921bfd694e88a,181,neg_risk_adapter,neg_risk_adapter,ctf_condition_preparation_oracle,0x71523d0f655b41e805cec45b17163f528b59b820,0x2f5e3684cb1f318ec51b00edba38d79ac2c0aa9d,0x71523d0f655b41e805cec45b17163f528b59b820,0xa5df7d4b12e3ae84262bc7fdeda621f33c221baa430f65463f9a60eed4bd7500,0x9d1a0062e411d71170a4409fa89dceb101a91576a241101d2f3b9269c8cca18c,True,66380012.0,0xe8af9ff6d4bff1868b0e8a8a7b3ac0f0767b46eaa5a2c80b3f3b0a8df2d76c8a,614.0,uma_via_neg_risk_adapter,True
543259,0xec0a4d2952cb62ca55e16a4ad879aae5c988309f71a8f16fc3c65fe0a8df52d4,Will Andrónico Rodríguez win the 2025 Bolivia presidential election?,election,election|win|andr_nico_rodr_guez|bolivia_president|year:2025|2025,2025-05-09 21:39:14.001066+00:00,2025-10-19 00:00:00+00:00,deterministic_contract_key,0xd91e80cf2e7be2e162c6513ced06f1dd0da35296,0xe14500a62f39f74d657364c5d07f6a9affbe2470d24cbb97adb1e15528b74201,2,71352618,0x89c31494d6c328c4faca0500926941b48e3bd84673f08be8555847b2548824e2,7,neg_risk_adapter,neg_risk_adapter,ctf_condition_preparation_oracle,0x71523d0f655b41e805cec45b17163f528b59b820,0x2f5e3684cb1f318ec51b00edba38d79ac2c0aa9d,0x71523d0f655b41e805cec45b17163f528b59b820,0xe14500a62f39f74d657364c5d07f6a9affbe2470d24cbb97adb1e15528b74200,0xf0705fde486b645c9d11cc7e2fdd40dcbd949ba65d1b2c82105ec2a554e4c2df,True,71352618.0,0x2d850f165a3cba0a6edfa56dd9ce1440a674ee24058872202ca88dac633aea1c,5.0,uma_via_neg_risk_adapter,True
543274,0x60e541066412fd81be728abbbdcf8128f4d2bb70d18f8c66a276bc75707e99f3,Will Branko Marinković win the 2025 Bolivia presidential election?,election,election|win|branko_marinkovi|bolivia_president|year:2025|2025,2025-05-09 21:39:19.137544+00:00,2025-10-19 00:00:00+00:00,deterministic_contract_key,0xd91e80cf2e7be2e162c6513ced06f1dd0da35296,0xe14500a62f39f74d657364c5d07f6a9affbe2470d24cbb97adb1e15528b74210,2,71352700,0xe080488f6dc08c964da42c7582c819c11efc93d52191180e2913c8a4262106fe,25,neg_risk_adapter,neg_risk_adapter,ctf_condition_preparation_oracle,0x71523d0f655b41e805cec45b17163f528b59b820,0x2f5e3684cb1f318ec51b00edba38d79ac2c0aa9d,0x71523d0f655b41e805cec45b17163f528b59b820,0xe14500a62f39f74d657364c5d07f6a9affbe2470d24cbb97adb1e15528b74200,0xad06df5862e1a802343f65f53819d516ab714b8dcde042f57383261e7daa1747,True,71352700.0,0x1806c6a3e6cad40134c90af254913dcf2b5f6b16d9b88bd6ac3dd702bbcb572c,23.0,uma_via_neg_risk_adapter,True
543272,0xc984e72be5b7445bac6319af55b23873d156590da74e68ef21be6fc8d5ae6499,Will Carlos Mesa win the 2025 Bolivia presidential election?,election,election|win|carlos_mesa|bolivia_president|year:2025|2025,2025-05-09 21:39:18.532568+00:00,2025-10-19 00:00:00+00:00,deterministic_contract_key,0xd91e80cf2e7be2e162c6513ced06f1dd0da35296,0xe14500a62f39f74d657364c5d07f6a9affbe2470d24cbb97adb1e15528b7420e,2,71352689,0x62dac31b324ee4141f2b3cf2fb3e6266451a83b22a6f33ec0dc37dd975660910,19,neg_risk_adapter,neg_risk_adapter,ctf_condition_preparation_oracle,0x71523d0f655b41e805cec45b17163f528b59b820,0x2f5e3684cb1f318ec51b00edba38d79ac2c0aa9d,0x71523d0f655b41e805cec45b17163f528b59b820,0xe14500a62f39f74d657364c5d07f6a9affbe2470d24cbb97adb1e15528b74200,0x21667a83d9df9bdb32a1fe257f74f36fae7d19103d27c3139750375fac645c3b,True,71352689.0,0x776f19a59d75bad0210c6165651ed16c4fd19428f693f203904ecaba1a23a671,17.0,uma_via_neg_risk_adapter,True
543263,0xf690d66f5e516216fa145f1578f95b5897678be255127ebe390c2b51d8656bdb,Will Chi Hyun Chung win the 2025 Bolivia presidential election?,election,election|win|chi_hyun_chung|bolivia_president|year:2025|2025,2025-05-09 21:39:15.337186+00:00,2025-10-19 00:00:00+00:00,deterministic_contract_key,0xd91e80cf2e7be2e162c6513ced06f1dd0da35296,0xe14500a62f39f74d657364c5d07f6a9affbe2470d24cbb97adb1e15528b74205,2,71352640,0xfb12642c0187ff4543191e709fad7ec545a2bdf015552909cb0062cca6106c62,25,neg_risk_adapter,neg_risk_adapter,ctf_condition_preparation_oracle,0x71523d0f655b41e805cec45b17163f528b59b820,0x2f5e3684cb1f318ec51b00edba38d79ac2c0aa9d,0x71523d0f655b41e805cec45b17163f528b59b820,0xe14500a62f39f74d657364c5d07f6a9affbe2470d24cbb97adb1e15528b74200,0x1e339ec08d6072b27fda5364af65fc1facf7356133a20ec3f6243371b7d2baee,True,71352640.0,0x872ad6f3a05d21a97776aece9bad4f7fe7f39ef06aaafb44f4a97cb09ea2d88b,23.0,uma_via_neg_risk_adapter,True
514172,0x961ee2529ff3c3b27a9b7dc424c1d7046f52bdd5b4ae38bd74ae65f0838fabaa,Will Daniel Noboa win the 2025 Ecuadorian Presidential Election? ,election,election|win|daniel_noboa|ecuadorian_presidential|year:2025|2025,2024-11-26 22:18:21.416707+00:00,2025-04-13 12:00:00+00:00,deterministic_contract_key,0xd91e80cf2e7be2e162c6513ced06f1dd0da35296,0xa1533f6e2590ddefa87377155416c36aa7d169fb3e0c6f2292608d828a212900,2,64770551,0xdf735900ecbd083e9e374b3a4b9df8386c4d64348ac09fcade59f4e76a174ccc,199,neg_risk_adapter,neg_risk_adapter,ctf_condition_preparation_oracle,0x71523d0f655b41e805cec45b17163f528b59b820,0x2f5e3684cb1f318ec51b00edba38d79ac2c0aa9d,0x71523d0f655b41e805cec45b17163f528b59b820,0xa1533f6e2590ddefa87377155416c36aa7d169fb3e0c6f2292608d828a212900,0x6b86ca548e635cfa0a5b7b88fd9a0a717eb74a010888f219ab210fc25be0ab38,True,64770548.0,0xa7c2565e593e584c9b0b796536d9889e121549ec4051f36c16278afd126c63f1,183.0,uma_via_neg_risk_adapter,True
514184,0x5ab99b5c84e83438d0919125c4bb9fa883fb5238388b2803aa998f434a073dec,Will Henry Cucalón win the 2025 Ecuadorian Presidential Election?,election,election|win|henry_cucal_n|ecuadorian_presidential|year:2025|2025,2024-11-26 22:45:24.091733+00:00,2025-04-13 12:00:00+00:00,deterministic_contract_key,0xd91e80cf2e7be2e162c6513ced06f1dd0da35296,0xa1533f6e2590ddefa87377155416c36aa7d169fb3e0c6f2292608d828a212904,2,64770632,0xa04425a5a65a5788ab9af653792801df17a946c8ed08195342a3d63bbed4ddf3,150,neg_risk_adapter,neg_risk_adapter,ctf_condition_preparation_oracle,0x71523d0f655b41e805cec45b17163f528b59b820,0x2f5e3684cb1f318ec51b00edba38d79ac2c0aa9d,0x71523d0f655b41e805cec45b17163f528b59b820,0xa1533f6e2590ddefa87377155416c36aa7d169fb3e0c6f2292608d828a212900,0xd15779dcc39dbeaf6bfa71fb8a516200775dfb4d0bbc12496d08e8935f4b1f1b,True,64770627.0,0x85258bb84fb3443be0d35fa9752ce6f0b3f2b89aee2d5c7a005c854abb154d5a,269.0,uma_via_neg_risk_adapter,True
551143,0xda8ebb9d7998b0e37f912b78d8f71a9e36b8a8b5b2afff4bb1f8106e29ae0604,Will Jack Ciattarelli win the New Jersey Governor Election in 2025,election,election|win|jack_ciattarelli|new_jersey_governor|year:2025|2025,2025-06-10 01:40:24.780746+00:00,2025-11-04 00:00:00+00:00,deterministic_contract_key,0xd91e80cf2e7be2e162c6513ced06f1dd0da35296,0x5ddb6cc9bcce2d9d810ef66a6ee394f91ecf28b7caa4e405036af1916b26e806,2,72577914,0x505f5d047386c91af2437f5c43b1db8352a60119231b4876afbd677ebfc1e0e7,7,neg_risk_adapter,neg_risk_adapter,ctf_condition_preparation_oracle,0x71523d0f655b41e805cec45b17163f528b59b820,0x2f5e3684cb1f318ec51b00edba38d79ac2c0aa9d,0x71523d0f655b41e805cec45b17163f528b59b820,0x5ddb6cc9bcce2d9d810ef66a6ee394f91ecf28b7caa4e405036af1916b26e800,0x6e00495a7d36bb94f2f096be15ce2f4f1ed2e7f465637742725884212b116151,True,72577914.0,0x097e27eadc423450f0d9a735db98b71b8875b57f8a9feb2eaeaa9a8b29a3eb70,5.0,uma_via_neg_risk_adapter,True
543258,0xd35959d5208eda42fce49fd5b752380dee17813a98c96d87308ed8a324608a4e,Will Luis Arce win the 2025 Bolivia presidential election?,election,election|win|luis_arce|bolivia_president|year:2025|2025,2025-05-09 21:39:13.663587+00:00,2025-10-19 00:00:00+00:00,deterministic_contract_key,0xd91e80cf2e7be2e162c6513ced06f1dd0da35296,0xe14500a62f39f74d657364c5d07f6a9affbe2470d24cbb97adb1e15528b74200,2,71352613,0xeb1411280d89d9b15d642587a59bb8eec3f573dd1bffc5105274631abfb58639,7,neg_risk_adapter,neg_risk_adapter,ctf_condition_preparation_oracle,0x71523d0f655b41e805cec45b17163f528b59b820,0x2f5e3684cb1f318ec51b00edba38d79ac2c0aa9d,0x71523d0f655b41e805cec45b17163f528b59b820,0xe14500a62f39f74d657364c5d07f6a9affbe2470d24cbb97adb1e15528b74200,0xc0052207fbace3fcbcb61b5c65bbe5b61abd8eab244f9e4e1d085186b0db99c3,True,71352612.0,0x66a11a716b7bbec0266c211975e63ce83d745eabcfbd925aa1ae40493af2b4f4,8.0,uma_via_neg_risk_adapter,True
514181,0x73f531e7088e7da29626e152d60566aa71a4a078b6ae6b7215577a963edc376c,Will Luisa González win the 2025 Ecuadorian Presidential Election? ,election,election|win|luisa_gonz_lez|ecuadorian_presidential|year:2025|2025,2024-11-26 22:39:48.907119+00:00,2025-04-13 12:00:00+00:00,deterministic_contract_key,0xd91e80cf2e7be2e162c6513ced06f1dd0da35296,0xa1533f6e2590ddefa87377155416c36aa7d169fb3e0c6f2292608d828a212901,2,64770561,0xaf2c5f67280cabbcff340756ca9783449ea6ddd2bb75756ddc9932a443e330bd,120,neg_risk_adapter,neg_risk_adapter,ctf_condition_preparation_oracle,0x71523d0f655b41e805cec45b17163f528b59b820,0x2f5e3684cb1f318ec51b00edba38d79ac2c0aa9d,0x71523d0f655b41e805cec45b17163f528b59b820,0xa1533f6e2590ddefa87377155416c36aa7d169fb3e0c6f2292608d828a212900,0xde9cc83de5e11d518f9ba48bce90816bfe948ebb2d710a6c1ae15d2a30ab86e3,True,64770557.0,0xd64bd0e345ac940f635f4f293da0fe59bf13baea3825061544b6baffc8a46c92,180.0,uma_via_neg_risk_adapter,True
543261,0x9ec056d5b1c7793835a46928ca3db97f1df589765e099964b04215d12db65250,Will Manfred Reyes Villa win the 2025 Bolivia presidential election?,election,election|win|manfred_reyes_villa|bolivia_president|year:2025|2025,2025-05-09 21:39:14.625783+00:00,2025-10-19 00:00:00+00:00,deterministic_contract_key,0xd91e80cf2e7be2e162c6513ced06f1dd0da35296,0xe14500a62f39f74d657364c5d07f6a9affbe2470d24cbb97adb1e15528b74203,2,71352629,0x9a2dbae6865eda79d1018ce04475e1ed20e15868ffb9a1b6be5a38b7081a96a1,12,neg_risk_adapter,neg_risk_adapter,ctf_condition_preparation_oracle,0x71523d0f655b41e805cec45b17163f528b59b820,0x2f5e3684cb1f318ec51b00edba38d79ac2c0aa9d,0x71523d0f655b41e805cec45b17163f528b59b820,0xe14500a62f39f74d657364c5d07f6a9affbe2470d24cbb97adb1e15528b74200,0x7e5c4d176ee7e93249384aca90bf25ce361bfff7b5585eea9998e13525044538,True,71352629.0,0x9a82021e605c8233030f563246527be3e8b5e285ee85b98b6d9c79fb5604e79a,21.0,uma_via_neg_risk_adapter,True
551137,0x027eeeaba097b5f3b166eace64668b2e6b327acc7c6b314ae5f03b33b51425e7,Will Mikie Sherrill win the New Jersey Governor Election in 2025,election,election|win|mikie_sherrill|new_jersey_governor|year:2025|2025,2025-06-10 01:40:21.526391+00:00,2025-11-04 00:00:00+00:00,deterministic_contract_key,0xd91e80cf2e7be2e162c6513ced06f1dd0da35296,0x5ddb6cc9bcce2d9d810ef66a6ee394f91ecf28b7caa4e405036af1916b26e800,2,72577882,0x9e1a3f5777313ac81325b80ea490acae17e7f8b61a1a2a44b68d866f419b6cc8,0,neg_risk_adapter,neg_risk_adapter,ctf_condition_preparation_oracle,0x71523d0f655b41e805cec45b17163f528b59b820,0x2f5e3684cb1f318ec51b00edba38d79ac2c0aa9d,0x71523d0f655b41e805cec45b17163f528b59b820,0x5ddb6cc9bcce2d9d810ef66a6ee394f91ecf28b7caa4e405036af1916b26e800,0xedc68240d252c0e432f3e49847ad97915930d26fc857f70a3c638577cceb53c1,True,72577882.0,0x0ba11c5c11a675fc4ba70af0a33ce76c55a397d6fb06bbe00eee6504591305bb,9.0,uma_via_neg_risk_adapter,True
543260,0xaf2193cd6b091db90642fb9b9fd7f3c4a1c280373357081ec68c9841e864b207,Will Samuel Doria Medina win the 2025 Bolivia presidential election?,election,election|win|samuel_doria_medina|bolivia_president|year:2025|2025,2025-05-09 21:39:14.312071+00:00,2025-10-19 00:00:00+00:00,deterministic_contract_key,0xd91e80cf2e7be2e162c6513ced06f1dd0da35296,0xe14500a62f39f74d657364c5d07f6a9affbe2470d24cbb97adb1e15528b74202,2,71352623,0xdd1ac47be5cac724e75c23d56a139c497cf9d8430409393cc12f09ef75324c82,10,neg_risk_adapter,neg_risk_adapter,ctf_condition_preparation_oracle,0x71523d0f655b41e805cec45b17163f528b59b820,0x2f5e3684cb1f318ec51b00edba38d79ac2c0aa9d,0x71523d0f655b41e805cec45b17163f528b59b820,0xe14500a62f39f74d657364c5d07f6a9affbe2470d24cbb97adb1e15528b74200,0xb60fe589fb727cede739e7db81b6c1a0e6efb862a76bcd7857ef50e771a17f81,True,71352623.0,0x0653ab36123a36266e8d1203e545f7aa9ce163e1baabd8aeaad057d3f1879ada,8.0,uma_via_neg_risk_adapter,True
516937,0x80026f98f9de40aea8dba02798c4f0067942bba401fa3715209ee7c27482640b,US national Bitcoin reserve in 2025?,policy_action,policy_action|create|national_bitcoin_reserve|united_states|year:2025,2024-12-31 16:52:52.674002+00:00,2025-12-31 12:00:00+00:00,deterministic_contract_key,0x6a9d222616c90fca5754cd1333cfd9b7fb6a4f74,0x063ecde4dd7539a2b811db00d9b97d02a93b33a1541d34d20f1953106754a627,2,66147634,0x6bf27ea9a24f52b63e6486309e8241d6e61ece0644ae34c2ae094b360d803e3c,124,uma_adapter_v2,uma_direct,ctf_condition_preparation_oracle,,,,,,False,,,,uma,True
523188,0x2e1bd18c2e34f82daf04485029d16017f79914fc273d8a8a6bab02a2fdbeeb29,Will Trump end Department of Education in 2025?,policy_action,policy_action|eliminate|department_of_education|united_states|year:2025,2025-02-12 21:28:26.522588+00:00,2025-12-31 12:00:00+00:00,deterministic_contract_key,0x6a9d222616c90fca5754cd1333cfd9b7fb6a4f74,0xcd6f6f9125a7a7c9737e05308a939a49d8e409216a4ffd418e0af648de19b75d,2,67848931,0x22814dbc7631382bac5bc92621c72f601f1c30fc63af39bcfcf5c94032588769,259,uma_adapter_v2,uma_direct,ctf_condition_preparation_oracle,,,,,,False,,,,uma,True
537892,0x2865bc483dd523f4a36eb961f7467c8635ee9a13f39748bad55f645ce1f61512,Trump declassifies UFO files in 2025?,policy_action,policy_action|release|ufo_files|united_states|year:2025,2025-04-17 21:46:01.668012+00:00,2025-12-31 12:00:00+00:00,deterministic_contract_key,0x6a9d222616c90fca5754cd1333cfd9b7fb6a4f74,0x899ea371ef9a285e1a49cd1192bce0a8d0845aab8f41de2ab3405b281033a734,2,70428435,0xf921d4f812a716c7ef12e645b1a70722e8b66e96b58703ce846213f3fa97436f,172,uma_adapter_v2,uma_direct,ctf_condition_preparation_oracle,,,,,,False,,,,uma,True
516710,0xfa48a99317daef1654d5b03e30557c4222f276657275628d9475e141c64b545d,US recession in 2025?,policy_action,policy_action|start|recession|united_states|year:2025,2024-12-29 18:04:31.897422+00:00,2026-02-28 12:00:00+00:00,deterministic_contract_key,0x6a9d222616c90fca5754cd1333cfd9b7fb6a4f74,0xd87778fac13b570524bc8e8056bc235b3d696ecfcbe39afd754daca0741c419b,2,66431025,0x051bad99edb1be37ab775a3bc7516dbbeb2cf131849e2446f87b9bebe6cb0d86,489,uma_adapter_v2,uma_direct,ctf_condition_preparation_oracle,,,,,,False,,,,uma,True
