id,token_id,outcome_index,outcome_name,outcome_slug,cutoff_utc,cutoff_label,cutoff_local,trade_ts_utc,price
527005,100121345789532362055123879793212027312379236056429540221720415709850532973373,0,Yes,yes,2025-03-17 12:00:00+00:00,2025_03_17_open_0500_PT,2025-03-17 05:00:00-07:00,2025-03-13 11:38:31+00:00,0.15
507311,102006319303460238827563664446951754516041393632850360444322469125777577388771,0,Yes,yes,2025-03-17 12:00:00+00:00,2025_03_17_open_0500_PT,2025-03-17 05:00:00-07:00,2025-01-29 21:39:28+00:00,0.001
524145,102062916030133807330186342894442541205582789480933958339342744794892413850627,1,No,no,2025-03-17 12:00:00+00:00,2025_03_17_open_0500_PT,2025-03-17 05:00:00-07:00,2025-02-28 16:13:57+00:00,0.001
525437,10316592426452860464899722692398677096383513371344164830735417650138017205817,1,No,no,2025-03-17 12:00:00+00:00,2025_03_17_open_0500_PT,2025-03-17 05:00:00-07:00,2025-03-05 19:01:37+00:00,0.01
521103,103909253011351322759892776638669457027523901655815490042130382730360706229706,0,Yes,yes,2025-03-17 12:00:00+00:00,2025_03_17_open_0500_PT,2025-03-17 05:00:00-07:00,2025-03-15 23:17:13+00:00,0.12
516715,104795148936930645520469554178353538587130154145659561962269514319642274480768,1,No,no,2025-03-17 12:00:00+00:00,2025_03_17_open_0500_PT,2025-03-17 05:00:00-07:00,2025-03-17 11:42:41+00:00,0.94
526814,105039045108735350701067761926660919174556796573940954887933194396971464305066,0,Yes,yes,2025-03-17 12:00:00+00:00,2025_03_17_open_0500_PT,2025-03-17 05:00:00-07:00,2025-03-17 11:24:25+00:00,0.4343873067328513
524291,106785705064968660332067023300536266535388124753272914243541205698423062856246,0,Yes,yes,2025-03-17 12:00:00+00:00,2025_03_17_open_0500_PT,2025-03-17 05:00:00-07:00,2025-03-16 18:59:04+00:00,0.2
524285,107643187201000404038693592426566378917534508353468263334674357442312114112510,1,No,no,2025-03-17 12:00:00+00:00,2025_03_17_open_0500_PT,2025-03-17 05:00:00-07:00,2025-03-17 10:11:21+00:00,0.7100000076963909
525442,108057916747365167542504013787062021441684619476265070483570121865318046932052,0,Yes,yes,2025-03-17 12:00:00+00:00,2025_03_17_open_0500_PT,2025-03-17 05:00:00-07:00,2025-03-05 19:00:49+00:00,0.001
521603,108064859672314536571175804798614410280877635973727667622803804179444259690672,1,No,no,2025-03-17 12:00:00+00:00,2025_03_17_open_0500_PT,2025-03-17 05:00:00-07:00,2025-03-17 11:53:03+00:00,0.964
522894,108303820542127194670275571355095079674537367635794408292209711330192187534707,1,No,no,2025-03-17 12:00:00+00:00,2025_03_17_open_0500_PT,2025-03-17 05:00:00-07:00,2025-03-17 11:02:21+00:00,0.9399998630077294
519736,108331518505056537403722461966654684743488871885239753047834907734450664515452,1,No,no,2025-03-17 12:00:00+00:00,2025_03_17_open_0500_PT,2025-03-17 05:00:00-07:00,2025-03-16 13:12:06+00:00,0.884
507311,109788973099970019996072517823266794542154906066004680247007602517078576240900,1,No,no,2025-03-17 12:00:00+00:00,2025_03_17_open_0500_PT,2025-03-17 05:00:00-07:00,2025-01-29 21:39:28+00:00,0.999
523420,110303218457795832861589414223072133732424840017074962598980991451216787898529,0,Yes,yes,2025-03-17 12:00:00+00:00,2025_03_17_open_0500_PT,2025-03-17 05:00:00-07:00,2025-03-17 11:23:09+00:00,0.39
523420,110513468504414111967623727967802735681305040958967125800368195228103949451183,1,No,no,2025-03-17 12:00:00+00:00,2025_03_17_open_0500_PT,2025-03-17 05:00:00-07:00,2025-03-17 11:23:09+00:00,0.61
523198,111048886296924495129741424280092672064807186679410610865674623733591163627018,1,No,no,2025-03-17 12:00:00+00:00,2025_03_17_open_0500_PT,2025-03-17 05:00:00-07:00,2025-03-16 18:57:26+00:00,0.9300000203000008
522056,111817814065148789668110176254570458287510111700931938757952739120253070676417,1,No,no,2025-03-17 12:00:00+00:00,2025_03_17_open_0500_PT,2025-03-17 05:00:00-07:00,2025-03-17 11:47:53+00:00,0.4899999726511601
516315,112686805416681376426848642516954883318316273962669944235801308401883591913314,1,No,no,2025-03-17 12:00:00+00:00,2025_03_17_open_0500_PT,2025-03-17 05:00:00-07:00,2025-03-17 09:06:39+00:00,0.959
519844,115151921832306680160638545362939767099400757097903129602011054222202727203606,1,No,no,2025-03-17 12:00:00+00:00,2025_03_17_open_0500_PT,2025-03-17 05:00:00-07:00,2025-02-28 20:07:00+00:00,0.001
524143,1179039883486402183499490082435825463500517700553032674433043579228770785112,0,Yes,yes,2025-03-17 12:00:00+00:00,2025_03_17_open_0500_PT,2025-03-17 05:00:00-07:00,2025-03-17 11:25:07+00:00,0.17
525437,12198166341436727947405729209814148041740036263965322192437253954048906701116,0,Yes,yes,2025-03-17 12:00:00+00:00,2025_03_17_open_0500_PT,2025-03-17 05:00:00-07:00,2025-03-05 19:01:37+00:00,0.99
521100,14990029861718662869816237869973544862792282285138092644462921007650993247380,0,Yes,yes,2025-03-17 12:00:00+00:00,2025_03_17_open_0500_PT,2025-03-17 05:00:00-07:00,2025-03-12 20:16:21+00:00,0.999
516719,15974786252393396629980467963784550802583781222733347534844974829144359265969,0,Yes,yes,2025-03-17 12:00:00+00:00,2025_03_17_open_0500_PT,2025-03-17 05:00:00-07:00,2025-03-17 11:40:09+00:00,0.74
527081,17189149212865445714213344530377307644873493103595435170459256971807866915825,1,No,no,2025-03-17 12:00:00+00:00,2025_03_17_open_0500_PT,2025-03-17 05:00:00-07:00,2025-03-17 11:06:43+00:00,0.57999999884
525442,17526688879266974475993857941710252477836369992267558391595367358065513215277,1,No,no,2025-03-17 12:00:00+00:00,2025_03_17_open_0500_PT,2025-03-17 05:00:00-07:00,2025-03-05 19:00:49+00:00,0.999
523198,17636133037698655711537839367918666335877935696344385855077943944327611242596,0,Yes,yes,2025-03-17 12:00:00+00:00,2025_03_17_open_0500_PT,2025-03-17 05:00:00-07:00,2025-03-16 18:57:26+00:00,0.06999997969999912
518890,1820990530457734990844221236379424325571531338274179313320944848555296238885,0,Yes,yes,2025-03-17 12:00:00+00:00,2025_03_17_open_0500_PT,2025-03-17 05:00:00-07:00,2025-03-12 01:55:10+00:00,0.18999987839995622
521603,18833065283746804110550289341323864262410877417777323132151715138616977528841,0,Yes,yes,2025-03-17 12:00:00+00:00,2025_03_17_open_0500_PT,2025-03-17 05:00:00-07:00,2025-03-17 11:53:03+00:00,0.036
518890,19787433176606062103363478006507471735790167880416910771642279209812633663344,1,No,no,2025-03-17 12:00:00+00:00,2025_03_17_open_0500_PT,2025-03-17 05:00:00-07:00,2025-03-17 09:39:41+00:00,0.82
523343,22255463452594162709449800579658835371746668793825841462318307382376621533755,0,Yes,yes,2025-03-17 12:00:00+00:00,2025_03_17_open_0500_PT,2025-03-17 05:00:00-07:00,2025-03-17 09:10:41+00:00,0.6200000677227826
527279,22752183918002848078277748029145662550669719932108767430775139318472934671798,1,No,no,2025-03-17 12:00:00+00:00,2025_03_17_open_0500_PT,2025-03-17 05:00:00-07:00,2025-03-12 20:16:11+00:00,0.002
524021,22814991468805556116471270417641782171550309851492637070422109257339804109572,1,No,no,2025-03-17 12:00:00+00:00,2025_03_17_open_0500_PT,2025-03-17 05:00:00-07:00,2025-03-17 07:31:56+00:00,0.79
524292,23363560824318474668781482335102625289561748638527872548758492627125630990827,0,Yes,yes,2025-03-17 12:00:00+00:00,2025_03_17_open_0500_PT,2025-03-17 05:00:00-07:00,2025-03-16 22:08:11+00:00,0.1
521026,23632768753333496327246137884794918423597173479688585307138116345069085580247,1,No,no,2025-03-17 12:00:00+00:00,2025_03_17_open_0500_PT,2025-03-17 05:00:00-07:00,2025-03-17 07:26:08+00:00,0.39
516189,25301545985889508293321782755434072371936771538975200674445139222395623272851,1,No,no,2025-03-17 12:00:00+00:00,2025_03_17_open_0500_PT,2025-03-17 05:00:00-07:00,2025-03-17 07:31:44+00:00,0.972
516143,25742247876332768458781360292043764039507900813404980298479194684402595556451,0,Yes,yes,2025-03-17 12:00:00+00:00,2025_03_17_open_0500_PT,2025-03-17 05:00:00-07:00,2025-03-17 11:50:05+00:00,0.3485964070143903
516190,27706044619360761256387697290478189707563660684659877077148428665563431908215,1,No,no,2025-03-17 12:00:00+00:00,2025_03_17_open_0500_PT,2025-03-17 05:00:00-07:00,2025-03-17 11:50:11+00:00,0.034000004480003225
525231,27854589915558666949911110700107109304807510472832754346848714713106576041207,0,Yes,yes,2025-03-17 12:00:00+00:00,2025_03_17_open_0500_PT,2025-03-17 05:00:00-07:00,2025-03-14 23:31:50+00:00,0.09
521025,28414938735362964078307100001374150957816395319940009652318455849499629150252,1,No,no,2025-03-17 12:00:00+00:00,2025_03_17_open_0500_PT,2025-03-17 05:00:00-07:00,2025-03-17 11:45:07+00:00,0.6199999989832
525232,31566724138998405553508313449766802786847999037726188458982786371622924711878,1,No,no,2025-03-17 12:00:00+00:00,2025_03_17_open_0500_PT,2025-03-17 05:00:00-07:00,2025-03-17 06:14:59+00:00,0.5700000068800006
524143,32156304147657186738936334568719617978558036247795210919856751006394161293073,1,No,no,2025-03-17 12:00:00+00:00,2025_03_17_open_0500_PT,2025-03-17 05:00:00-07:00,2025-03-17 11:25:07+00:00,0.83
526861,32921044856076201189154703786849418887213408387521621721061527935861828024828,0,Yes,yes,2025-03-17 12:00:00+00:00,2025_03_17_open_0500_PT,2025-03-17 05:00:00-07:00,2025-03-17 06:21:55+00:00,0.72
527278,33787629600621860180939604657495798919073059313987957113657471584613393310606,1,No,no,2025-03-17 12:00:00+00:00,2025_03_17_open_0500_PT,2025-03-17 05:00:00-07:00,2025-03-14 17:08:09+00:00,0.001
521499,37809713000353368658683984822433912106052732096671571646866650191133502648634,1,No,no,2025-03-17 12:00:00+00:00,2025_03_17_open_0500_PT,2025-03-17 05:00:00-07:00,2025-03-12 20:16:29+00:00,0.001
519628,37946704943888888914227612417452623974614267503719043957094985529354395995926,1,No,no,2025-03-17 12:00:00+00:00,2025_03_17_open_0500_PT,2025-03-17 05:00:00-07:00,2025-03-17 11:36:55+00:00,0.41
517693,38028235049989289118991891250017423701902844342596888644757673357241176888913,1,No,no,2025-03-17 12:00:00+00:00,2025_03_17_open_0500_PT,2025-03-17 05:00:00-07:00,2025-03-15 06:09:02+00:00,0.87
522057,39073221701552764059446410725782004011128353041681427534414147663135223634260,1,No,no,2025-03-17 12:00:00+00:00,2025_03_17_open_0500_PT,2025-03-17 05:00:00-07:00,2025-03-17 11:36:47+00:00,0.76
519628,39327269875426915204597944387916069897800289788920336317845465327697809453999,0,Yes,yes,2025-03-17 12:00:00+00:00,2025_03_17_open_0500_PT,2025-03-17 05:00:00-07:00,2025-03-17 11:55:37+00:00,0.58
527279,40001158490980829331315202760805197309678407198352511114569399283632572307422,0,Yes,yes,2025-03-17 12:00:00+00:00,2025_03_17_open_0500_PT,2025-03-17 05:00:00-07:00,2025-03-12 20:19:55+00:00,0.998
521103,40643730425995007653653846322257326466291751148478865541862332040512398068473,1,No,no,2025-03-17 12:00:00+00:00,2025_03_17_open_0500_PT,2025-03-17 05:00:00-07:00,2025-03-15 23:17:13+00:00,0.88
519844,40914113765279699847589045742755525912767460490196542143342551731171071232917,0,Yes,yes,2025-03-17 12:00:00+00:00,2025_03_17_open_0500_PT,2025-03-17 05:00:00-07:00,2025-02-28 20:07:00+00:00,0.999
516719,42351579455604873042957090441032286075880144797259231030267680078160718556927,1,No,no,2025-03-17 12:00:00+00:00,2025_03_17_open_0500_PT,2025-03-17 05:00:00-07:00,2025-03-17 11:23:51+00:00,0.25
523413,4274339277583331170231436480507835882687434608350779078862983050349942696879,1,No,no,2025-03-17 12:00:00+00:00,2025_03_17_open_0500_PT,2025-03-17 05:00:00-07:00,2025-03-16 18:20:54+00:00,0.85
521100,42807705713627033072721560874549512720856774493986139163714965545915531235572,1,No,no,2025-03-17 12:00:00+00:00,2025_03_17_open_0500_PT,2025-03-17 05:00:00-07:00,2025-03-12 20:16:21+00:00,0.001
524147,43469326409739858395690572881501444443817974097672167644298447954120789600137,0,Yes,yes,2025-03-17 12:00:00+00:00,2025_03_17_open_0500_PT,2025-03-17 05:00:00-07:00,2025-02-28 06:17:16+00:00,0.9988821436653187
518889,44380686214454472779171256638293817778327849773706779670665516622038269778385,1,No,no,2025-03-17 12:00:00+00:00,2025_03_17_open_0500_PT,2025-03-17 05:00:00-07:00,2025-03-17 11:26:29+00:00,0.633891818437536
517073,46900460840406661483474634104595482418501684854096906918305683910102403871123,0,Yes,yes,2025-03-17 12:00:00+00:00,2025_03_17_open_0500_PT,2025-03-17 05:00:00-07:00,2025-03-15 22:04:44+00:00,0.22999999328399992
523413,46975241878566226675389813084558441099978633579735672808077735156890286559886,0,Yes,yes,2025-03-17 12:00:00+00:00,2025_03_17_open_0500_PT,2025-03-17 05:00:00-07:00,2025-03-16 05:21:05+00:00,0.15
521499,47692708638309429756044208432818720002044706296619873136468383174493259480485,0,Yes,yes,2025-03-17 12:00:00+00:00,2025_03_17_open_0500_PT,2025-03-17 05:00:00-07:00,2025-03-12 20:16:29+00:00,0.999
522057,48477409091695386761559202853239391470463303066983260592312960625658563043275,0,Yes,yes,2025-03-17 12:00:00+00:00,2025_03_17_open_0500_PT,2025-03-17 05:00:00-07:00,2025-03-17 11:36:47+00:00,0.24
521026,49473000926194462184545427213242554383104595845909786504578023251386790224858,0,Yes,yes,2025-03-17 12:00:00+00:00,2025_03_17_open_0500_PT,2025-03-17 05:00:00-07:00,2025-03-17 10:51:05+00:00,0.61
507984,50284187941943469569202009194355917949339120733469101749033950310686959468007,0,Yes,yes,2025-03-17 12:00:00+00:00,2025_03_17_open_0500_PT,2025-03-17 05:00:00-07:00,2024-12-12 21:27:58+00:00,0.002
521025,50391907985844971368730434370554275352555306650304559981296724287110163889372,0,Yes,yes,2025-03-17 12:00:00+00:00,2025_03_17_open_0500_PT,2025-03-17 05:00:00-07:00,2025-03-17 08:37:47+00:00,0.38
527032,52520991936301939851844268554264807330714499642654844594240746592838266792432,1,No,no,2025-03-17 12:00:00+00:00,2025_03_17_open_0500_PT,2025-03-17 05:00:00-07:00,2025-03-11 19:15:04+00:00,0.999
524348,52960782840877996381169383667062216635147767148703288363719115614339176853095,0,Yes,yes,2025-03-17 12:00:00+00:00,2025_03_17_open_0500_PT,2025-03-17 05:00:00-07:00,2025-02-25 19:54:41+00:00,0.001
522878,5442743401928862894180841736263512191564084389996775978514134400673743050598,0,Putin,putin,2025-03-17 12:00:00+00:00,2025_03_17_open_0500_PT,2025-03-17 05:00:00-07:00,2025-02-28 20:00:10+00:00,0.001
522878,55264189025055373090161890959631464405045385380191735792739072809428026021736,1,Zelenskyy,zelenskyy,2025-03-17 12:00:00+00:00,2025_03_17_open_0500_PT,2025-03-17 05:00:00-07:00,2025-02-28 20:00:10+00:00,0.999
523197,55509409310784585364116971076570089959207228118269642206238982520364239944605,1,No,no,2025-03-17 12:00:00+00:00,2025_03_17_open_0500_PT,2025-03-17 05:00:00-07:00,2025-03-17 06:17:33+00:00,0.963
516187,56333219586489855674685549932194420713208928308331628771337419037140355178076,0,Yes,yes,2025-03-17 12:00:00+00:00,2025_03_17_open_0500_PT,2025-03-17 05:00:00-07:00,2025-03-17 10:57:09+00:00,0.04
523343,57160884655103428512814247631012981773015723019889832549493437551469480061242,1,No,no,2025-03-17 12:00:00+00:00,2025_03_17_open_0500_PT,2025-03-17 05:00:00-07:00,2025-03-17 09:10:41+00:00,0.37999993227721746
516715,5802460671946751538636185453975614627729230853286731735057811449821051691611,0,Yes,yes,2025-03-17 12:00:00+00:00,2025_03_17_open_0500_PT,2025-03-17 05:00:00-07:00,2025-03-17 11:42:41+00:00,0.06
522895,62643694748826312587911382162440534823433709821141516597510649054633548502810,0,Yes,yes,2025-03-17 12:00:00+00:00,2025_03_17_open_0500_PT,2025-03-17 05:00:00-07:00,2025-03-17 10:25:01+00:00,0.35
519736,63894828884807366836211275957245556698359823645556214866812004935138375830618,0,Yes,yes,2025-03-17 12:00:00+00:00,2025_03_17_open_0500_PT,2025-03-17 05:00:00-07:00,2025-03-16 13:12:06+00:00,0.116
524147,6436214359665115810717148929293436681245885613476937891713590935932389735242,1,No,no,2025-03-17 12:00:00+00:00,2025_03_17_open_0500_PT,2025-03-17 05:00:00-07:00,2025-02-28 06:17:16+00:00,0.001
525157,64545313588399663482682286511585103428301403511234717343459455007091083337075,1,No,no,2025-03-17 12:00:00+00:00,2025_03_17_open_0500_PT,2025-03-17 05:00:00-07:00,2025-03-15 16:00:49+00:00,0.7899999739299982
524291,6456202668171707900880212750943570928813250356351945554332572852984770395210,1,No,no,2025-03-17 12:00:00+00:00,2025_03_17_open_0500_PT,2025-03-17 05:00:00-07:00,2025-03-16 09:13:20+00:00,0.82
526861,65449845407755668776897976670879705991692250175624922195548093200952844680115,1,No,no,2025-03-17 12:00:00+00:00,2025_03_17_open_0500_PT,2025-03-17 05:00:00-07:00,2025-03-17 06:21:55+00:00,0.28
524285,65482627758879803524003778479202246178420046841505286705606240559010331503838,0,Yes,yes,2025-03-17 12:00:00+00:00,2025_03_17_open_0500_PT,2025-03-17 05:00:00-07:00,2025-03-17 10:11:21+00:00,0.28491047571025324
526814,65961864506371256053813328069691531595710124813443748296296270747497043580971,1,No,no,2025-03-17 12:00:00+00:00,2025_03_17_open_0500_PT,2025-03-17 05:00:00-07:00,2025-03-17 11:24:25+00:00,0.56
522895,66339636783489562244427406324835042611372608866942882907689045655663784195972,1,No,no,2025-03-17 12:00:00+00:00,2025_03_17_open_0500_PT,2025-03-17 05:00:00-07:00,2025-03-17 11:18:49+00:00,0.67
524145,66356062315875533075062405949409720397580573066885585702377343083606583765118,0,Yes,yes,2025-03-17 12:00:00+00:00,2025_03_17_open_0500_PT,2025-03-17 05:00:00-07:00,2025-02-28 18:42:39+00:00,0.999
524310,6800060988333615171942817578522303119129729510028069894794248047438283072436,1,No,no,2025-03-17 12:00:00+00:00,2025_03_17_open_0500_PT,2025-03-17 05:00:00-07:00,2025-03-17 11:06:57+00:00,0.27844310832586316
507984,68914504833157616843053838732988841773228477730246651549660144444755511574372,1,No,no,2025-03-17 12:00:00+00:00,2025_03_17_open_0500_PT,2025-03-17 05:00:00-07:00,2024-12-12 21:27:58+00:00,0.998
517693,69226537548379102137110260910766942274764101034650179979960227372969528243604,0,Yes,yes,2025-03-17 12:00:00+00:00,2025_03_17_open_0500_PT,2025-03-17 05:00:00-07:00,2025-03-12 21:00:11+00:00,0.12
521041,70920939650366426146836696994150938025168677239124917474200404356093431153260,1,No,no,2025-03-17 12:00:00+00:00,2025_03_17_open_0500_PT,2025-03-17 05:00:00-07:00,2025-03-17 10:24:31+00:00,0.85
516189,71685983838843709915160975671540060908877886707703474939962098991499689519711,0,Yes,yes,2025-03-17 12:00:00+00:00,2025_03_17_open_0500_PT,2025-03-17 05:00:00-07:00,2025-03-15 18:46:35+00:00,0.029
525232,73663957466489274595176785305097386128325404078001917490010407904837134882577,0,Yes,yes,2025-03-17 12:00:00+00:00,2025_03_17_open_0500_PT,2025-03-17 05:00:00-07:00,2025-03-17 06:14:59+00:00,0.4299999931199994
524348,73984012795437798473481687953253285098754321969692105101879063972760068638228,1,No,no,2025-03-17 12:00:00+00:00,2025_03_17_open_0500_PT,2025-03-17 05:00:00-07:00,2025-02-25 19:54:41+00:00,0.999
525157,74129046843921940913413587682588886122583847748489066762857187137233978267670,0,Yes,yes,2025-03-17 12:00:00+00:00,2025_03_17_open_0500_PT,2025-03-17 05:00:00-07:00,2025-03-15 15:56:56+00:00,0.24
519048,74534059827731044353009484655251717921023956616694121520435859117169009979824,0,Yes,yes,2025-03-17 12:00:00+00:00,2025_03_17_open_0500_PT,2025-03-17 05:00:00-07:00,2025-03-17 10:48:35+00:00,0.15000000927947993
524477,75533964938719028696952998369094361524498526879485856631877081096914627658644,1,No,no,2025-03-17 12:00:00+00:00,2025_03_17_open_0500_PT,2025-03-17 05:00:00-07:00,2025-03-15 22:29:40+00:00,0.92
518889,76417393963448037479806799796874747547221511591996743269503725518742470496274,0,Yes,yes,2025-03-17 12:00:00+00:00,2025_03_17_open_0500_PT,2025-03-17 05:00:00-07:00,2025-03-17 11:26:29+00:00,0.38
523197,76517872896411850784270344965682992803318434169987777444136970978963357739156,0,Yes,yes,2025-03-17 12:00:00+00:00,2025_03_17_open_0500_PT,2025-03-17 05:00:00-07:00,2025-03-16 23:09:27+00:00,0.033
519048,76643504232063200802060773779828726415087044269171506931668031354693251545396,1,No,no,2025-03-17 12:00:00+00:00,2025_03_17_open_0500_PT,2025-03-17 05:00:00-07:00,2025-03-17 11:30:15+00:00,0.84
527278,76683579252562835143863542840343898007243510337054657506558517873008498105093,0,Yes,yes,2025-03-17 12:00:00+00:00,2025_03_17_open_0500_PT,2025-03-17 05:00:00-07:00,2025-03-14 17:08:09+00:00,0.999
516187,76896069667756716472035601301016783496873889454464161011234150458037478069918,1,No,no,2025-03-17 12:00:00+00:00,2025_03_17_open_0500_PT,2025-03-17 05:00:00-07:00,2025-03-17 10:57:09+00:00,0.96
517073,78869803177078589287716771530665317651497156168734051494454473188006845916520,1,No,no,2025-03-17 12:00:00+00:00,2025_03_17_open_0500_PT,2025-03-17 05:00:00-07:00,2025-03-15 23:39:17+00:00,0.79
522894,81020312652589627285197771109762839746287006928172707150877539028691834065212,0,Yes,yes,2025-03-17 12:00:00+00:00,2025_03_17_open_0500_PT,2025-03-17 05:00:00-07:00,2025-03-17 09:43:39+00:00,0.07
524310,82246973513888061559569421022652964687465272762066736721360354291228748283806,0,Yes,yes,2025-03-17 12:00:00+00:00,2025_03_17_open_0500_PT,2025-03-17 05:00:00-07:00,2025-03-17 11:06:57+00:00,0.7210000080558759
516190,83080252071092689902932666850490074811760131055025811650818073654402601835484,0,Yes,yes,2025-03-17 12:00:00+00:00,2025_03_17_open_0500_PT,2025-03-17 05:00:00-07:00,2025-03-17 11:50:11+00:00,0.9659999955199968
521041,83524440200143860657028178945801858366378129256359488825050609853223919531809,0,Yes,yes,2025-03-17 12:00:00+00:00,2025_03_17_open_0500_PT,2025-03-17 05:00:00-07:00,2025-03-17 10:24:31+00:00,0.15
524477,83547673164506671794819260938344653989875088069034224812175182562166039721574,0,Yes,yes,2025-03-17 12:00:00+00:00,2025_03_17_open_0500_PT,2025-03-17 05:00:00-07:00,2025-03-17 09:00:59+00:00,0.08
525231,83742739530586820493605246339344277590673217105618245459443915506041800643469,1,No,no,2025-03-17 12:00:00+00:00,2025_03_17_open_0500_PT,2025-03-17 05:00:00-07:00,2025-03-17 10:10:23+00:00,0.909999930233327
510319,84888738552927367074645370589243532246434846262240067551074642775011167355434,0,Yes,yes,2025-03-17 12:00:00+00:00,2025_03_17_open_0500_PT,2025-03-17 05:00:00-07:00,2025-03-17 11:51:45+00:00,0.35
527081,85329416514471004297478005149625146014624743562622421967455557722819447174298,0,Yes,yes,2025-03-17 12:00:00+00:00,2025_03_17_open_0500_PT,2025-03-17 05:00:00-07:00,2025-03-17 09:06:23+00:00,0.45
526229,86304131703011980721755979925817881408007934797292837200662297834354514178950,1,No,no,2025-03-17 12:00:00+00:00,2025_03_17_open_0500_PT,2025-03-17 05:00:00-07:00,2025-03-17 08:23:59+00:00,0.972
510319,86857783363775257860227917708309268561005168570896999677788731255030014967896,1,No,no,2025-03-17 12:00:00+00:00,2025_03_17_open_0500_PT,2025-03-17 05:00:00-07:00,2025-03-17 11:51:57+00:00,0.6599999844899996
526229,88551081062941956754624270296481102277138087249231124901142839087117648363109,0,Yes,yes,2025-03-17 12:00:00+00:00,2025_03_17_open_0500_PT,2025-03-17 05:00:00-07:00,2025-03-17 08:23:59+00:00,0.026975797208926042
524292,9014695769446700891659134648259488341557414914618690658701879241952037527074,1,No,no,2025-03-17 12:00:00+00:00,2025_03_17_open_0500_PT,2025-03-17 05:00:00-07:00,2025-03-16 22:08:11+00:00,0.9
527032,90544185197348445762400462367487730947998989538649021442756705113012034127717,0,Yes,yes,2025-03-17 12:00:00+00:00,2025_03_17_open_0500_PT,2025-03-17 05:00:00-07:00,2025-03-11 17:55:03+00:00,0.01
516315,9252583647094848244431316973245869222379640287360099162283052699401101960353,0,Yes,yes,2025-03-17 12:00:00+00:00,2025_03_17_open_0500_PT,2025-03-17 05:00:00-07:00,2025-03-17 09:06:39+00:00,0.04076074
516143,95786924372760057572092804419385993470890190892343223404877167501659835222533,1,No,no,2025-03-17 12:00:00+00:00,2025_03_17_open_0500_PT,2025-03-17 05:00:00-07:00,2025-03-17 11:50:05+00:00,0.65
522056,96601928894191559916157952751631886797424000157973909225754084049773554405468,0,Yes,yes,2025-03-17 12:00:00+00:00,2025_03_17_open_0500_PT,2025-03-17 05:00:00-07:00,2025-03-17 11:47:53+00:00,0.5100000273488399
527005,96618036676034164847772351078297997221316377064022855127438030193903015078566,1,No,no,2025-03-17 12:00:00+00:00,2025_03_17_open_0500_PT,2025-03-17 05:00:00-07:00,2025-03-14 08:22:36+00:00,0.8799995071992903
524021,97262919156133260921887403057581420516585464065308475066791456615017669503669,0,Yes,yes,2025-03-17 12:00:00+00:00,2025_03_17_open_0500_PT,2025-03-17 05:00:00-07:00,2025-03-17 05:51:59+00:00,0.21
527005,100121345789532362055123879793212027312379236056429540221720415709850532973373,0,Yes,yes,2025-03-18 00:00:00+00:00,2025_03_17_close_1700_PT,2025-03-17 17:00:00-07:00,2025-03-13 11:38:31+00:00,0.15
507311,102006319303460238827563664446951754516041393632850360444322469125777577388771,0,Yes,yes,2025-03-18 00:00:00+00:00,2025_03_17_close_1700_PT,2025-03-17 17:00:00-07:00,2025-01-29 21:39:28+00:00,0.001
524145,102062916030133807330186342894442541205582789480933958339342744794892413850627,1,No,no,2025-03-18 00:00:00+00:00,2025_03_17_close_1700_PT,2025-03-17 17:00:00-07:00,2025-02-28 16:13:57+00:00,0.001
525437,10316592426452860464899722692398677096383513371344164830735417650138017205817,1,No,no,2025-03-18 00:00:00+00:00,2025_03_17_close_1700_PT,2025-03-17 17:00:00-07:00,2025-03-05 19:01:37+00:00,0.01
521103,103909253011351322759892776638669457027523901655815490042130382730360706229706,0,Yes,yes,2025-03-18 00:00:00+00:00,2025_03_17_close_1700_PT,2025-03-17 17:00:00-07:00,2025-03-17 19:03:47+00:00,0.13
516715,104795148936930645520469554178353538587130154145659561962269514319642274480768,1,No,no,2025-03-18 00:00:00+00:00,2025_03_17_close_1700_PT,2025-03-17 17:00:00-07:00,2025-03-17 14:19:14+00:00,0.94
526814,105039045108735350701067761926660919174556796573940954887933194396971464305066,0,Yes,yes,2025-03-18 00:00:00+00:00,2025_03_17_close_1700_PT,2025-03-17 17:00:00-07:00,2025-03-17 23:52:30+00:00,0.46
524291,106785705064968660332067023300536266535388124753272914243541205698423062856246,0,Yes,yes,2025-03-18 00:00:00+00:00,2025_03_17_close_1700_PT,2025-03-17 17:00:00-07:00,2025-03-17 18:45:38+00:00,0.18
524285,107643187201000404038693592426566378917534508353468263334674357442312114112510,1,No,no,2025-03-18 00:00:00+00:00,2025_03_17_close_1700_PT,2025-03-17 17:00:00-07:00,2025-03-17 23:45:34+00:00,0.63
525442,108057916747365167542504013787062021441684619476265070483570121865318046932052,0,Yes,yes,2025-03-18 00:00:00+00:00,2025_03_17_close_1700_PT,2025-03-17 17:00:00-07:00,2025-03-05 19:00:49+00:00,0.001
521603,108064859672314536571175804798614410280877635973727667622803804179444259690672,1,No,no,2025-03-18 00:00:00+00:00,2025_03_17_close_1700_PT,2025-03-17 17:00:00-07:00,2025-03-17 22:02:07+00:00,0.975
522894,108303820542127194670275571355095079674537367635794408292209711330192187534707,1,No,no,2025-03-18 00:00:00+00:00,2025_03_17_close_1700_PT,2025-03-17 17:00:00-07:00,2025-03-17 18:22:15+00:00,0.92
519736,108331518505056537403722461966654684743488871885239753047834907734450664515452,1,No,no,2025-03-18 00:00:00+00:00,2025_03_17_close_1700_PT,2025-03-17 17:00:00-07:00,2025-03-17 13:21:57+00:00,0.8789999050676305
507311,109788973099970019996072517823266794542154906066004680247007602517078576240900,1,No,no,2025-03-18 00:00:00+00:00,2025_03_17_close_1700_PT,2025-03-17 17:00:00-07:00,2025-01-29 21:39:28+00:00,0.999
523420,110303218457795832861589414223072133732424840017074962598980991451216787898529,0,Yes,yes,2025-03-18 00:00:00+00:00,2025_03_17_close_1700_PT,2025-03-17 17:00:00-07:00,2025-03-17 21:15:13+00:00,0.46
523420,110513468504414111967623727967802735681305040958967125800368195228103949451183,1,No,no,2025-03-18 00:00:00+00:00,2025_03_17_close_1700_PT,2025-03-17 17:00:00-07:00,2025-03-17 23:16:48+00:00,0.56
523198,111048886296924495129741424280092672064807186679410610865674623733591163627018,1,No,no,2025-03-18 00:00:00+00:00,2025_03_17_close_1700_PT,2025-03-17 17:00:00-07:00,2025-03-16 18:57:26+00:00,0.9300000203000008
522056,111817814065148789668110176254570458287510111700931938757952739120253070676417,1,No,no,2025-03-18 00:00:00+00:00,2025_03_17_close_1700_PT,2025-03-17 17:00:00-07:00,2025-03-17 23:59:46+00:00,0.45000000015988373
516315,112686805416681376426848642516954883318316273962669944235801308401883591913314,1,No,no,2025-03-18 00:00:00+00:00,2025_03_17_close_1700_PT,2025-03-17 17:00:00-07:00,2025-03-17 09:06:39+00:00,0.959
519844,115151921832306680160638545362939767099400757097903129602011054222202727203606,1,No,no,2025-03-18 00:00:00+00:00,2025_03_17_close_1700_PT,2025-03-17 17:00:00-07:00,2025-02-28 20:07:00+00:00,0.001
524143,1179039883486402183499490082435825463500517700553032674433043579228770785112,0,Yes,yes,2025-03-18 00:00:00+00:00,2025_03_17_close_1700_PT,2025-03-17 17:00:00-07:00,2025-03-17 21:11:45+00:00,0.16
525437,12198166341436727947405729209814148041740036263965322192437253954048906701116,0,Yes,yes,2025-03-18 00:00:00+00:00,2025_03_17_close_1700_PT,2025-03-17 17:00:00-07:00,2025-03-05 19:01:37+00:00,0.99
521100,14990029861718662869816237869973544862792282285138092644462921007650993247380,0,Yes,yes,2025-03-18 00:00:00+00:00,2025_03_17_close_1700_PT,2025-03-17 17:00:00-07:00,2025-03-12 20:16:21+00:00,0.999
516719,15974786252393396629980467963784550802583781222733347534844974829144359265969,0,Yes,yes,2025-03-18 00:00:00+00:00,2025_03_17_close_1700_PT,2025-03-17 17:00:00-07:00,2025-03-17 23:32:04+00:00,0.74
527081,17189149212865445714213344530377307644873493103595435170459256971807866915825,1,No,no,2025-03-18 00:00:00+00:00,2025_03_17_close_1700_PT,2025-03-17 17:00:00-07:00,2025-03-17 23:19:08+00:00,0.57
525442,17526688879266974475993857941710252477836369992267558391595367358065513215277,1,No,no,2025-03-18 00:00:00+00:00,2025_03_17_close_1700_PT,2025-03-17 17:00:00-07:00,2025-03-05 19:00:49+00:00,0.999
523198,17636133037698655711537839367918666335877935696344385855077943944327611242596,0,Yes,yes,2025-03-18 00:00:00+00:00,2025_03_17_close_1700_PT,2025-03-17 17:00:00-07:00,2025-03-16 18:57:26+00:00,0.06999997969999912
518890,1820990530457734990844221236379424325571531338274179313320944848555296238885,0,Yes,yes,2025-03-18 00:00:00+00:00,2025_03_17_close_1700_PT,2025-03-17 17:00:00-07:00,2025-03-12 01:55:10+00:00,0.18999987839995622
521603,18833065283746804110550289341323864262410877417777323132151715138616977528841,0,Yes,yes,2025-03-18 00:00:00+00:00,2025_03_17_close_1700_PT,2025-03-17 17:00:00-07:00,2025-03-17 22:28:39+00:00,0.03599996630399784
518890,19787433176606062103363478006507471735790167880416910771642279209812633663344,1,No,no,2025-03-18 00:00:00+00:00,2025_03_17_close_1700_PT,2025-03-17 17:00:00-07:00,2025-03-17 09:39:41+00:00,0.82
523343,22255463452594162709449800579658835371746668793825841462318307382376621533755,0,Yes,yes,2025-03-18 00:00:00+00:00,2025_03_17_close_1700_PT,2025-03-17 17:00:00-07:00,2025-03-17 23:24:30+00:00,0.64
527279,22752183918002848078277748029145662550669719932108767430775139318472934671798,1,No,no,2025-03-18 00:00:00+00:00,2025_03_17_close_1700_PT,2025-03-17 17:00:00-07:00,2025-03-12 20:16:11+00:00,0.002
524021,22814991468805556116471270417641782171550309851492637070422109257339804109572,1,No,no,2025-03-18 00:00:00+00:00,2025_03_17_close_1700_PT,2025-03-17 17:00:00-07:00,2025-03-17 23:45:24+00:00,0.7
524292,23363560824318474668781482335102625289561748638527872548758492627125630990827,0,Yes,yes,2025-03-18 00:00:00+00:00,2025_03_17_close_1700_PT,2025-03-17 17:00:00-07:00,2025-03-16 22:08:11+00:00,0.1
521026,23632768753333496327246137884794918423597173479688585307138116345069085580247,1,No,no,2025-03-18 00:00:00+00:00,2025_03_17_close_1700_PT,2025-03-17 17:00:00-07:00,2025-03-17 07:26:08+00:00,0.39
516189,25301545985889508293321782755434072371936771538975200674445139222395623272851,1,No,no,2025-03-18 00:00:00+00:00,2025_03_17_close_1700_PT,2025-03-17 17:00:00-07:00,2025-03-17 19:40:37+00:00,0.972
516143,25742247876332768458781360292043764039507900813404980298479194684402595556451,0,Yes,yes,2025-03-18 00:00:00+00:00,2025_03_17_close_1700_PT,2025-03-17 17:00:00-07:00,2025-03-17 23:26:02+00:00,0.3699998971300273
516190,27706044619360761256387697290478189707563660684659877077148428665563431908215,1,No,no,2025-03-18 00:00:00+00:00,2025_03_17_close_1700_PT,2025-03-17 17:00:00-07:00,2025-03-17 13:04:29+00:00,0.03400000257600171
525231,27854589915558666949911110700107109304807510472832754346848714713106576041207,0,Yes,yes,2025-03-18 00:00:00+00:00,2025_03_17_close_1700_PT,2025-03-17 17:00:00-07:00,2025-03-14 23:31:50+00:00,0.09
521025,28414938735362964078307100001374150957816395319940009652318455849499629150252,1,No,no,2025-03-18 00:00:00+00:00,2025_03_17_close_1700_PT,2025-03-17 17:00:00-07:00,2025-03-17 21:08:55+00:00,0.61
525232,31566724138998405553508313449766802786847999037726188458982786371622924711878,1,No,no,2025-03-18 00:00:00+00:00,2025_03_17_close_1700_PT,2025-03-17 17:00:00-07:00,2025-03-17 23:30:32+00:00,0.6
524143,32156304147657186738936334568719617978558036247795210919856751006394161293073,1,No,no,2025-03-18 00:00:00+00:00,2025_03_17_close_1700_PT,2025-03-17 17:00:00-07:00,2025-03-17 21:11:45+00:00,0.84
526861,32921044856076201189154703786849418887213408387521621721061527935861828024828,0,Yes,yes,2025-03-18 00:00:00+00:00,2025_03_17_close_1700_PT,2025-03-17 17:00:00-07:00,2025-03-17 21:49:17+00:00,0.7299999684324253
527278,33787629600621860180939604657495798919073059313987957113657471584613393310606,1,No,no,2025-03-18 00:00:00+00:00,2025_03_17_close_1700_PT,2025-03-17 17:00:00-07:00,2025-03-14 17:08:09+00:00,0.001
521499,37809713000353368658683984822433912106052732096671571646866650191133502648634,1,No,no,2025-03-18 00:00:00+00:00,2025_03_17_close_1700_PT,2025-03-17 17:00:00-07:00,2025-03-12 20:16:29+00:00,0.001
519628,37946704943888888914227612417452623974614267503719043957094985529354395995926,1,No,no,2025-03-18 00:00:00+00:00,2025_03_17_close_1700_PT,2025-03-17 17:00:00-07:00,2025-03-17 22:40:34+00:00,0.4
517693,38028235049989289118991891250017423701902844342596888644757673357241176888913,1,No,no,2025-03-18 00:00:00+00:00,2025_03_17_close_1700_PT,2025-03-17 17:00:00-07:00,2025-03-15 06:09:02+00:00,0.87
522057,39073221701552764059446410725782004011128353041681427534414147663135223634260,1,No,no,2025-03-18 00:00:00+00:00,2025_03_17_close_1700_PT,2025-03-17 17:00:00-07:00,2025-03-17 23:59:28+00:00,0.729999987589999
519628,39327269875426915204597944387916069897800289788920336317845465327697809453999,0,Yes,yes,2025-03-18 00:00:00+00:00,2025_03_17_close_1700_PT,2025-03-17 17:00:00-07:00,2025-03-17 23:42:44+00:00,0.6099999926799997
527279,40001158490980829331315202760805197309678407198352511114569399283632572307422,0,Yes,yes,2025-03-18 00:00:00+00:00,2025_03_17_close_1700_PT,2025-03-17 17:00:00-07:00,2025-03-12 20:19:55+00:00,0.998
521103,40643730425995007653653846322257326466291751148478865541862332040512398068473,1,No,no,2025-03-18 00:00:00+00:00,2025_03_17_close_1700_PT,2025-03-17 17:00:00-07:00,2025-03-17 14:13:58+00:00,0.88
519844,40914113765279699847589045742755525912767460490196542143342551731171071232917,0,Yes,yes,2025-03-18 00:00:00+00:00,2025_03_17_close_1700_PT,2025-03-17 17:00:00-07:00,2025-02-28 20:07:00+00:00,0.999
516719,42351579455604873042957090441032286075880144797259231030267680078160718556927,1,No,no,2025-03-18 00:00:00+00:00,2025_03_17_close_1700_PT,2025-03-17 17:00:00-07:00,2025-03-17 23:32:04+00:00,0.26
523413,4274339277583331170231436480507835882687434608350779078862983050349942696879,1,No,no,2025-03-18 00:00:00+00:00,2025_03_17_close_1700_PT,2025-03-17 17:00:00-07:00,2025-03-17 21:17:53+00:00,0.86
521100,42807705713627033072721560874549512720856774493986139163714965545915531235572,1,No,no,2025-03-18 00:00:00+00:00,2025_03_17_close_1700_PT,2025-03-17 17:00:00-07:00,2025-03-12 20:16:21+00:00,0.001
524147,43469326409739858395690572881501444443817974097672167644298447954120789600137,0,Yes,yes,2025-03-18 00:00:00+00:00,2025_03_17_close_1700_PT,2025-03-17 17:00:00-07:00,2025-02-28 06:17:16+00:00,0.9988821436653187
518889,44380686214454472779171256638293817778327849773706779670665516622038269778385,1,No,no,2025-03-18 00:00:00+00:00,2025_03_17_close_1700_PT,2025-03-17 17:00:00-07:00,2025-03-17 13:48:54+00:00,0.6154573237284435
517073,46900460840406661483474634104595482418501684854096906918305683910102403871123,0,Yes,yes,2025-03-18 00:00:00+00:00,2025_03_17_close_1700_PT,2025-03-17 17:00:00-07:00,2025-03-15 22:04:44+00:00,0.22999999328399992
523413,46975241878566226675389813084558441099978633579735672808077735156890286559886,0,Yes,yes,2025-03-18 00:00:00+00:00,2025_03_17_close_1700_PT,2025-03-17 17:00:00-07:00,2025-03-17 21:17:53+00:00,0.14
521499,47692708638309429756044208432818720002044706296619873136468383174493259480485,0,Yes,yes,2025-03-18 00:00:00+00:00,2025_03_17_close_1700_PT,2025-03-17 17:00:00-07:00,2025-03-12 20:16:29+00:00,0.999
522057,48477409091695386761559202853239391470463303066983260592312960625658563043275,0,Yes,yes,2025-03-18 00:00:00+00:00,2025_03_17_close_1700_PT,2025-03-17 17:00:00-07:00,2025-03-17 23:14:04+00:00,0.28
521026,49473000926194462184545427213242554383104595845909786504578023251386790224858,0,Yes,yes,2025-03-18 00:00:00+00:00,2025_03_17_close_1700_PT,2025-03-17 17:00:00-07:00,2025-03-17 21:05:03+00:00,0.62
507984,50284187941943469569202009194355917949339120733469101749033950310686959468007,0,Yes,yes,2025-03-18 00:00:00+00:00,2025_03_17_close_1700_PT,2025-03-17 17:00:00-07:00,2024-12-12 21:27:58+00:00,0.002
521025,50391907985844971368730434370554275352555306650304559981296724287110163889372,0,Yes,yes,2025-03-18 00:00:00+00:00,2025_03_17_close_1700_PT,2025-03-17 17:00:00-07:00,2025-03-17 21:08:55+00:00,0.39
527032,52520991936301939851844268554264807330714499642654844594240746592838266792432,1,No,no,2025-03-18 00:00:00+00:00,2025_03_17_close_1700_PT,2025-03-17 17:00:00-07:00,2025-03-11 19:15:04+00:00,0.999
524348,52960782840877996381169383667062216635147767148703288363719115614339176853095,0,Yes,yes,2025-03-18 00:00:00+00:00,2025_03_17_close_1700_PT,2025-03-17 17:00:00-07:00,2025-02-25 19:54:41+00:00,0.001
522878,5442743401928862894180841736263512191564084389996775978514134400673743050598,0,Putin,putin,2025-03-18 00:00:00+00:00,2025_03_17_close_1700_PT,2025-03-17 17:00:00-07:00,2025-02-28 20:00:10+00:00,0.001
522878,55264189025055373090161890959631464405045385380191735792739072809428026021736,1,Zelenskyy,zelenskyy,2025-03-18 00:00:00+00:00,2025_03_17_close_1700_PT,2025-03-17 17:00:00-07:00,2025-02-28 20:00:10+00:00,0.999
523197,55509409310784585364116971076570089959207228118269642206238982520364239944605,1,No,no,2025-03-18 00:00:00+00:00,2025_03_17_close_1700_PT,2025-03-17 17:00:00-07:00,2025-03-17 23:23:18+00:00,0.96300000174455
516187,56333219586489855674685549932194420713208928308331628771337419037140355178076,0,Yes,yes,2025-03-18 00:00:00+00:00,2025_03_17_close_1700_PT,2025-03-17 17:00:00-07:00,2025-03-17 19:41:27+00:00,0.04
523343,57160884655103428512814247631012981773015723019889832549493437551469480061242,1,No,no,2025-03-18 00:00:00+00:00,2025_03_17_close_1700_PT,2025-03-17 17:00:00-07:00,2025-03-17 23:24:30+00:00,0.36
516715,5802460671946751538636185453975614627729230853286731735057811449821051691611,0,Yes,yes,2025-03-18 00:00:00+00:00,2025_03_17_close_1700_PT,2025-03-17 17:00:00-07:00,2025-03-17 14:19:14+00:00,0.06
522895,62643694748826312587911382162440534823433709821141516597510649054633548502810,0,Yes,yes,2025-03-18 00:00:00+00:00,2025_03_17_close_1700_PT,2025-03-17 17:00:00-07:00,2025-03-17 19:21:08+00:00,0.3205607450161586
519736,63894828884807366836211275957245556698359823645556214866812004935138375830618,0,Yes,yes,2025-03-18 00:00:00+00:00,2025_03_17_close_1700_PT,2025-03-17 17:00:00-07:00,2025-03-17 16:20:55+00:00,0.122
524147,6436214359665115810717148929293436681245885613476937891713590935932389735242,1,No,no,2025-03-18 00:00:00+00:00,2025_03_17_close_1700_PT,2025-03-17 17:00:00-07:00,2025-02-28 06:17:16+00:00,0.001
525157,64545313588399663482682286511585103428301403511234717343459455007091083337075,1,No,no,2025-03-18 00:00:00+00:00,2025_03_17_close_1700_PT,2025-03-17 17:00:00-07:00,2025-03-17 22:33:29+00:00,0.7600000081600001
524291,6456202668171707900880212750943570928813250356351945554332572852984770395210,1,No,no,2025-03-18 00:00:00+00:00,2025_03_17_close_1700_PT,2025-03-17 17:00:00-07:00,2025-03-17 18:45:38+00:00,0.82
526861,65449845407755668776897976670879705991692250175624922195548093200952844680115,1,No,no,2025-03-18 00:00:00+00:00,2025_03_17_close_1700_PT,2025-03-17 17:00:00-07:00,2025-03-17 21:49:17+00:00,0.27000233603924545
524285,65482627758879803524003778479202246178420046841505286705606240559010331503838,0,Yes,yes,2025-03-18 00:00:00+00:00,2025_03_17_close_1700_PT,2025-03-17 17:00:00-07:00,2025-03-17 23:45:34+00:00,0.37
526814,65961864506371256053813328069691531595710124813443748296296270747497043580971,1,No,no,2025-03-18 00:00:00+00:00,2025_03_17_close_1700_PT,2025-03-17 17:00:00-07:00,2025-03-17 23:45:18+00:00,0.54
522895,66339636783489562244427406324835042611372608866942882907689045655663784195972,1,No,no,2025-03-18 00:00:00+00:00,2025_03_17_close_1700_PT,2025-03-17 17:00:00-07:00,2025-03-17 19:21:08+00:00,0.650000008166667
524145,66356062315875533075062405949409720397580573066885585702377343083606583765118,0,Yes,yes,2025-03-18 00:00:00+00:00,2025_03_17_close_1700_PT,2025-03-17 17:00:00-07:00,2025-02-28 18:42:39+00:00,0.999
524310,6800060988333615171942817578522303119129729510028069894794248047438283072436,1,No,no,2025-03-18 00:00:00+00:00,2025_03_17_close_1700_PT,2025-03-17 17:00:00-07:00,2025-03-17 19:12:44+00:00,0.2819998206479347
507984,68914504833157616843053838732988841773228477730246651549660144444755511574372,1,No,no,2025-03-18 00:00:00+00:00,2025_03_17_close_1700_PT,2025-03-17 17:00:00-07:00,2024-12-12 21:27:58+00:00,0.998
517693,69226537548379102137110260910766942274764101034650179979960227372969528243604,0,Yes,yes,2025-03-18 00:00:00+00:00,2025_03_17_close_1700_PT,2025-03-17 17:00:00-07:00,2025-03-12 21:00:11+00:00,0.12
521041,70920939650366426146836696994150938025168677239124917474200404356093431153260,1,No,no,2025-03-18 00:00:00+00:00,2025_03_17_close_1700_PT,2025-03-17 17:00:00-07:00,2025-03-17 23:42:16+00:00,0.85
516189,71685983838843709915160975671540060908877886707703474939962098991499689519711,0,Yes,yes,2025-03-18 00:00:00+00:00,2025_03_17_close_1700_PT,2025-03-17 17:00:00-07:00,2025-03-17 19:40:37+00:00,0.028
525232,73663957466489274595176785305097386128325404078001917490010407904837134882577,0,Yes,yes,2025-03-18 00:00:00+00:00,2025_03_17_close_1700_PT,2025-03-17 17:00:00-07:00,2025-03-17 23:30:32+00:00,0.4
524348,73984012795437798473481687953253285098754321969692105101879063972760068638228,1,No,no,2025-03-18 00:00:00+00:00,2025_03_17_close_1700_PT,2025-03-17 17:00:00-07:00,2025-02-25 19:54:41+00:00,0.999
525157,74129046843921940913413587682588886122583847748489066762857187137233978267670,0,Yes,yes,2025-03-18 00:00:00+00:00,2025_03_17_close_1700_PT,2025-03-17 17:00:00-07:00,2025-03-17 22:33:29+00:00,0.23999999183999987
519048,74534059827731044353009484655251717921023956616694121520435859117169009979824,0,Yes,yes,2025-03-18 00:00:00+00:00,2025_03_17_close_1700_PT,2025-03-17 17:00:00-07:00,2025-03-17 23:03:18+00:00,0.16
524477,75533964938719028696952998369094361524498526879485856631877081096914627658644,1,No,no,2025-03-18 00:00:00+00:00,2025_03_17_close_1700_PT,2025-03-17 17:00:00-07:00,2025-03-17 16:57:57+00:00,0.92
518889,76417393963448037479806799796874747547221511591996743269503725518742470496274,0,Yes,yes,2025-03-18 00:00:00+00:00,2025_03_17_close_1700_PT,2025-03-17 17:00:00-07:00,2025-03-17 13:46:54+00:00,0.36
523197,76517872896411850784270344965682992803318434169987777444136970978963357739156,0,Yes,yes,2025-03-18 00:00:00+00:00,2025_03_17_close_1700_PT,2025-03-17 17:00:00-07:00,2025-03-17 23:23:18+00:00,0.036999998255449994
519048,76643504232063200802060773779828726415087044269171506931668031354693251545396,1,No,no,2025-03-18 00:00:00+00:00,2025_03_17_close_1700_PT,2025-03-17 17:00:00-07:00,2025-03-17 23:03:18+00:00,0.84
527278,76683579252562835143863542840343898007243510337054657506558517873008498105093,0,Yes,yes,2025-03-18 00:00:00+00:00,2025_03_17_close_1700_PT,2025-03-17 17:00:00-07:00,2025-03-14 17:08:09+00:00,0.999
516187,76896069667756716472035601301016783496873889454464161011234150458037478069918,1,No,no,2025-03-18 00:00:00+00:00,2025_03_17_close_1700_PT,2025-03-17 17:00:00-07:00,2025-03-17 19:41:27+00:00,0.96
517073,78869803177078589287716771530665317651497156168734051494454473188006845916520,1,No,no,2025-03-18 00:00:00+00:00,2025_03_17_close_1700_PT,2025-03-17 17:00:00-07:00,2025-03-15 23:39:17+00:00,0.79
522894,81020312652589627285197771109762839746287006928172707150877539028691834065212,0,Yes,yes,2025-03-18 00:00:00+00:00,2025_03_17_close_1700_PT,2025-03-17 17:00:00-07:00,2025-03-17 17:01:15+00:00,0.08919440854772834
524310,82246973513888061559569421022652964687465272762066736721360354291228748283806,0,Yes,yes,2025-03-18 00:00:00+00:00,2025_03_17_close_1700_PT,2025-03-17 17:00:00-07:00,2025-03-17 19:12:44+00:00,0.7180001793520653
516190,83080252071092689902932666850490074811760131055025811650818073654402601835484,0,Yes,yes,2025-03-18 00:00:00+00:00,2025_03_17_close_1700_PT,2025-03-17 17:00:00-07:00,2025-03-17 15:19:00+00:00,0.9659999888077212
521041,83524440200143860657028178945801858366378129256359488825050609853223919531809,0,Yes,yes,2025-03-18 00:00:00+00:00,2025_03_17_close_1700_PT,2025-03-17 17:00:00-07:00,2025-03-17 23:42:16+00:00,0.15
524477,83547673164506671794819260938344653989875088069034224812175182562166039721574,0,Yes,yes,2025-03-18 00:00:00+00:00,2025_03_17_close_1700_PT,2025-03-17 17:00:00-07:00,2025-03-17 16:57:57+00:00,0.08
525231,83742739530586820493605246339344277590673217105618245459443915506041800643469,1,No,no,2025-03-18 00:00:00+00:00,2025_03_17_close_1700_PT,2025-03-17 17:00:00-07:00,2025-03-17 10:10:23+00:00,0.909999930233327
510319,84888738552927367074645370589243532246434846262240067551074642775011167355434,0,Yes,yes,2025-03-18 00:00:00+00:00,2025_03_17_close_1700_PT,2025-03-17 17:00:00-07:00,2025-03-17 23:45:34+00:00,0.35
527081,85329416514471004297478005149625146014624743562622421967455557722819447174298,0,Yes,yes,2025-03-18 00:00:00+00:00,2025_03_17_close_1700_PT,2025-03-17 17:00:00-07:00,2025-03-17 22:33:13+00:00,0.4099999946699998
526229,86304131703011980721755979925817881408007934797292837200662297834354514178950,1,No,no,2025-03-18 00:00:00+00:00,2025_03_17_close_1700_PT,2025-03-17 17:00:00-07:00,2025-03-17 08:23:59+00:00,0.972
510319,86857783363775257860227917708309268561005168570896999677788731255030014967896,1,No,no,2025-03-18 00:00:00+00:00,2025_03_17_close_1700_PT,2025-03-17 17:00:00-07:00,2025-03-17 23:56:06+00:00,0.65
526229,88551081062941956754624270296481102277138087249231124901142839087117648363109,0,Yes,yes,2025-03-18 00:00:00+00:00,2025_03_17_close_1700_PT,2025-03-17 17:00:00-07:00,2025-03-17 08:23:59+00:00,0.026975797208926042
524292,9014695769446700891659134648259488341557414914618690658701879241952037527074,1,No,no,2025-03-18 00:00:00+00:00,2025_03_17_close_1700_PT,2025-03-17 17:00:00-07:00,2025-03-17 13:55:13+00:00,0.9
527032,90544185197348445762400462367487730947998989538649021442756705113012034127717,0,Yes,yes,2025-03-18 00:00:00+00:00,2025_03_17_close_1700_PT,2025-03-17 17:00:00-07:00,2025-03-11 17:55:03+00:00,0.01
516315,9252583647094848244431316973245869222379640287360099162283052699401101960353,0,Yes,yes,2025-03-18 00:00:00+00:00,2025_03_17_close_1700_PT,2025-03-17 17:00:00-07:00,2025-03-17 09:06:39+00:00,0.04076074
516143,95786924372760057572092804419385993470890190892343223404877167501659835222533,1,No,no,2025-03-18 00:00:00+00:00,2025_03_17_close_1700_PT,2025-03-17 17:00:00-07:00,2025-03-17 23:26:02+00:00,0.6300001028699727
522056,96601928894191559916157952751631886797424000157973909225754084049773554405468,0,Yes,yes,2025-03-18 00:00:00+00:00,2025_03_17_close_1700_PT,2025-03-17 17:00:00-07:00,2025-03-17 23:59:46+00:00,0.5499999998401163
527005,96618036676034164847772351078297997221316377064022855127438030193903015078566,1,No,no,2025-03-18 00:00:00+00:00,2025_03_17_close_1700_PT,2025-03-17 17:00:00-07:00,2025-03-17 19:09:36+00:00,0.85
524021,97262919156133260921887403057581420516585464065308475066791456615017669503669,0,Yes,yes,2025-03-18 00:00:00+00:00,2025_03_17_close_1700_PT,2025-03-17 17:00:00-07:00,2025-03-17 23:59:22+00:00,0.32
527005,100121345789532362055123879793212027312379236056429540221720415709850532973373,0,Yes,yes,2025-03-18 12:00:00+00:00,2025_03_18_open_0500_PT,2025-03-18 05:00:00-07:00,2025-03-18 06:24:25+00:00,0.15
507311,102006319303460238827563664446951754516041393632850360444322469125777577388771,0,Yes,yes,2025-03-18 12:00:00+00:00,2025_03_18_open_0500_PT,2025-03-18 05:00:00-07:00,2025-01-29 21:39:28+00:00,0.001
524145,102062916030133807330186342894442541205582789480933958339342744794892413850627,1,No,no,2025-03-18 12:00:00+00:00,2025_03_18_open_0500_PT,2025-03-18 05:00:00-07:00,2025-02-28 16:13:57+00:00,0.001
525437,10316592426452860464899722692398677096383513371344164830735417650138017205817,1,No,no,2025-03-18 12:00:00+00:00,2025_03_18_open_0500_PT,2025-03-18 05:00:00-07:00,2025-03-05 19:01:37+00:00,0.01
521103,103909253011351322759892776638669457027523901655815490042130382730360706229706,0,Yes,yes,2025-03-18 12:00:00+00:00,2025_03_18_open_0500_PT,2025-03-18 05:00:00-07:00,2025-03-17 19:03:47+00:00,0.13
516715,104795148936930645520469554178353538587130154145659561962269514319642274480768,1,No,no,2025-03-18 12:00:00+00:00,2025_03_18_open_0500_PT,2025-03-18 05:00:00-07:00,2025-03-18 02:12:33+00:00,0.9399999623995127
526814,105039045108735350701067761926660919174556796573940954887933194396971464305066,0,Yes,yes,2025-03-18 12:00:00+00:00,2025_03_18_open_0500_PT,2025-03-18 05:00:00-07:00,2025-03-18 11:49:00+00:00,0.41
524291,106785705064968660332067023300536266535388124753272914243541205698423062856246,0,Yes,yes,2025-03-18 12:00:00+00:00,2025_03_18_open_0500_PT,2025-03-18 05:00:00-07:00,2025-03-18 09:54:58+00:00,0.1417682552094239
524285,107643187201000404038693592426566378917534508353468263334674357442312114112510,1,No,no,2025-03-18 12:00:00+00:00,2025_03_18_open_0500_PT,2025-03-18 05:00:00-07:00,2025-03-18 11:59:26+00:00,0.5500000098889803
525442,108057916747365167542504013787062021441684619476265070483570121865318046932052,0,Yes,yes,2025-03-18 12:00:00+00:00,2025_03_18_open_0500_PT,2025-03-18 05:00:00-07:00,2025-03-05 19:00:49+00:00,0.001
521603,108064859672314536571175804798614410280877635973727667622803804179444259690672,1,No,no,2025-03-18 12:00:00+00:00,2025_03_18_open_0500_PT,2025-03-18 05:00:00-07:00,2025-03-18 11:33:48+00:00,0.966
522894,108303820542127194670275571355095079674537367635794408292209711330192187534707,1,No,no,2025-03-18 12:00:00+00:00,2025_03_18_open_0500_PT,2025-03-18 05:00:00-07:00,2025-03-18 10:41:18+00:00,0.94
519736,108331518505056537403722461966654684743488871885239753047834907734450664515452,1,No,no,2025-03-18 12:00:00+00:00,2025_03_18_open_0500_PT,2025-03-18 05:00:00-07:00,2025-03-18 05:08:33+00:00,0.879
507311,109788973099970019996072517823266794542154906066004680247007602517078576240900,1,No,no,2025-03-18 12:00:00+00:00,2025_03_18_open_0500_PT,2025-03-18 05:00:00-07:00,2025-01-29 21:39:28+00:00,0.999
523420,110303218457795832861589414223072133732424840017074962598980991451216787898529,0,Yes,yes,2025-03-18 12:00:00+00:00,2025_03_18_open_0500_PT,2025-03-18 05:00:00-07:00,2025-03-18 07:58:09+00:00,0.45
523420,110513468504414111967623727967802735681305040958967125800368195228103949451183,1,No,no,2025-03-18 12:00:00+00:00,2025_03_18_open_0500_PT,2025-03-18 05:00:00-07:00,2025-03-18 08:25:41+00:00,0.5499999559999947
523198,111048886296924495129741424280092672064807186679410610865674623733591163627018,1,No,no,2025-03-18 12:00:00+00:00,2025_03_18_open_0500_PT,2025-03-18 05:00:00-07:00,2025-03-16 18:57:26+00:00,0.9300000203000008
522056,111817814065148789668110176254570458287510111700931938757952739120253070676417,1,No,no,2025-03-18 12:00:00+00:00,2025_03_18_open_0500_PT,2025-03-18 05:00:00-07:00,2025-03-18 11:53:04+00:00,0.45000001925000127
516315,112686805416681376426848642516954883318316273962669944235801308401883591913314,1,No,no,2025-03-18 12:00:00+00:00,2025_03_18_open_0500_PT,2025-03-18 05:00:00-07:00,2025-03-18 11:23:38+00:00,0.953
519844,115151921832306680160638545362939767099400757097903129602011054222202727203606,1,No,no,2025-03-18 12:00:00+00:00,2025_03_18_open_0500_PT,2025-03-18 05:00:00-07:00,2025-02-28 20:07:00+00:00,0.001
524143,1179039883486402183499490082435825463500517700553032674433043579228770785112,0,Yes,yes,2025-03-18 12:00:00+00:00,2025_03_18_open_0500_PT,2025-03-18 05:00:00-07:00,2025-03-18 11:32:10+00:00,0.17
525437,12198166341436727947405729209814148041740036263965322192437253954048906701116,0,Yes,yes,2025-03-18 12:00:00+00:00,2025_03_18_open_0500_PT,2025-03-18 05:00:00-07:00,2025-03-05 19:01:37+00:00,0.99
521100,14990029861718662869816237869973544862792282285138092644462921007650993247380,0,Yes,yes,2025-03-18 12:00:00+00:00,2025_03_18_open_0500_PT,2025-03-18 05:00:00-07:00,2025-03-12 20:16:21+00:00,0.999
516719,15974786252393396629980467963784550802583781222733347534844974829144359265969,0,Yes,yes,2025-03-18 12:00:00+00:00,2025_03_18_open_0500_PT,2025-03-18 05:00:00-07:00,2025-03-18 11:56:24+00:00,0.7599999954399995
527081,17189149212865445714213344530377307644873493103595435170459256971807866915825,1,No,no,2025-03-18 12:00:00+00:00,2025_03_18_open_0500_PT,2025-03-18 05:00:00-07:00,2025-03-18 05:51:29+00:00,0.5567142857142857
525442,17526688879266974475993857941710252477836369992267558391595367358065513215277,1,No,no,2025-03-18 12:00:00+00:00,2025_03_18_open_0500_PT,2025-03-18 05:00:00-07:00,2025-03-05 19:00:49+00:00,0.999
523198,17636133037698655711537839367918666335877935696344385855077943944327611242596,0,Yes,yes,2025-03-18 12:00:00+00:00,2025_03_18_open_0500_PT,2025-03-18 05:00:00-07:00,2025-03-16 18:57:26+00:00,0.06999997969999912
518890,1820990530457734990844221236379424325571531338274179313320944848555296238885,0,Yes,yes,2025-03-18 12:00:00+00:00,2025_03_18_open_0500_PT,2025-03-18 05:00:00-07:00,2025-03-12 01:55:10+00:00,0.18999987839995622
521603,18833065283746804110550289341323864262410877417777323132151715138616977528841,0,Yes,yes,2025-03-18 12:00:00+00:00,2025_03_18_open_0500_PT,2025-03-18 05:00:00-07:00,2025-03-18 11:07:52+00:00,0.035
518890,19787433176606062103363478006507471735790167880416910771642279209812633663344,1,No,no,2025-03-18 12:00:00+00:00,2025_03_18_open_0500_PT,2025-03-18 05:00:00-07:00,2025-03-17 09:39:41+00:00,0.82
523343,22255463452594162709449800579658835371746668793825841462318307382376621533755,0,Yes,yes,2025-03-18 12:00:00+00:00,2025_03_18_open_0500_PT,2025-03-18 05:00:00-07:00,2025-03-18 05:52:05+00:00,0.6200000258400035
527279,22752183918002848078277748029145662550669719932108767430775139318472934671798,1,No,no,2025-03-18 12:00:00+00:00,2025_03_18_open_0500_PT,2025-03-18 05:00:00-07:00,2025-03-12 20:16:11+00:00,0.002
524021,22814991468805556116471270417641782171550309851492637070422109257339804109572,1,No,no,2025-03-18 12:00:00+00:00,2025_03_18_open_0500_PT,2025-03-18 05:00:00-07:00,2025-03-18 11:35:00+00:00,0.6499999024999659
524292,23363560824318474668781482335102625289561748638527872548758492627125630990827,0,Yes,yes,2025-03-18 12:00:00+00:00,2025_03_18_open_0500_PT,2025-03-18 05:00:00-07:00,2025-03-18 04:22:01+00:00,0.11
521026,23632768753333496327246137884794918423597173479688585307138116345069085580247,1,No,no,2025-03-18 12:00:00+00:00,2025_03_18_open_0500_PT,2025-03-18 05:00:00-07:00,2025-03-18 10:44:18+00:00,0.4
516189,25301545985889508293321782755434072371936771538975200674445139222395623272851,1,No,no,2025-03-18 12:00:00+00:00,2025_03_18_open_0500_PT,2025-03-18 05:00:00-07:00,2025-03-18 09:52:00+00:00,0.972
516143,25742247876332768458781360292043764039507900813404980298479194684402595556451,0,Yes,yes,2025-03-18 12:00:00+00:00,2025_03_18_open_0500_PT,2025-03-18 05:00:00-07:00,2025-03-18 09:58:24+00:00,0.37962032453559846
516190,27706044619360761256387697290478189707563660684659877077148428665563431908215,1,No,no,2025-03-18 12:00:00+00:00,2025_03_18_open_0500_PT,2025-03-18 05:00:00-07:00,2025-03-18 02:09:39+00:00,0.03400001545630888
525231,27854589915558666949911110700107109304807510472832754346848714713106576041207,0,Yes,yes,2025-03-18 12:00:00+00:00,2025_03_18_open_0500_PT,2025-03-18 05:00:00-07:00,2025-03-14 23:31:50+00:00,0.09
521025,28414938735362964078307100001374150957816395319940009652318455849499629150252,1,No,no,2025-03-18 12:00:00+00:00,2025_03_18_open_0500_PT,2025-03-18 05:00:00-07:00,2025-03-18 11:24:54+00:00,0.6100000097500002
525232,31566724138998405553508313449766802786847999037726188458982786371622924711878,1,No,no,2025-03-18 12:00:00+00:00,2025_03_18_open_0500_PT,2025-03-18 05:00:00-07:00,2025-03-18 08:56:50+00:00,0.59
524143,32156304147657186738936334568719617978558036247795210919856751006394161293073,1,No,no,2025-03-18 12:00:00+00:00,2025_03_18_open_0500_PT,2025-03-18 05:00:00-07:00,2025-03-18 04:47:59+00:00,0.8200003626191985
526861,32921044856076201189154703786849418887213408387521621721061527935861828024828,0,Yes,yes,2025-03-18 12:00:00+00:00,2025_03_18_open_0500_PT,2025-03-18 05:00:00-07:00,2025-03-17 21:49:17+00:00,0.7299999684324253
527278,33787629600621860180939604657495798919073059313987957113657471584613393310606,1,No,no,2025-03-18 12:00:00+00:00,2025_03_18_open_0500_PT,2025-03-18 05:00:00-07:00,2025-03-14 17:08:09+00:00,0.001
521499,37809713000353368658683984822433912106052732096671571646866650191133502648634,1,No,no,2025-03-18 12:00:00+00:00,2025_03_18_open_0500_PT,2025-03-18 05:00:00-07:00,2025-03-12 20:16:29+00:00,0.001
519628,37946704943888888914227612417452623974614267503719043957094985529354395995926,1,No,no,2025-03-18 12:00:00+00:00,2025_03_18_open_0500_PT,2025-03-18 05:00:00-07:00,2025-03-18 11:48:42+00:00,0.389999999038
517693,38028235049989289118991891250017423701902844342596888644757673357241176888913,1,No,no,2025-03-18 12:00:00+00:00,2025_03_18_open_0500_PT,2025-03-18 05:00:00-07:00,2025-03-18 08:47:02+00:00,0.88
522057,39073221701552764059446410725782004011128353041681427534414147663135223634260,1,No,no,2025-03-18 12:00:00+00:00,2025_03_18_open_0500_PT,2025-03-18 05:00:00-07:00,2025-03-18 11:28:16+00:00,0.7200000040299851
519628,39327269875426915204597944387916069897800289788920336317845465327697809453999,0,Yes,yes,2025-03-18 12:00:00+00:00,2025_03_18_open_0500_PT,2025-03-18 05:00:00-07:00,2025-03-18 11:14:18+00:00,0.62
527279,40001158490980829331315202760805197309678407198352511114569399283632572307422,0,Yes,yes,2025-03-18 12:00:00+00:00,2025_03_18_open_0500_PT,2025-03-18 05:00:00-07:00,2025-03-12 20:19:55+00:00,0.998
521103,40643730425995007653653846322257326466291751148478865541862332040512398068473,1,No,no,2025-03-18 12:00:00+00:00,2025_03_18_open_0500_PT,2025-03-18 05:00:00-07:00,2025-03-17 14:13:58+00:00,0.88
519844,40914113765279699847589045742755525912767460490196542143342551731171071232917,0,Yes,yes,2025-03-18 12:00:00+00:00,2025_03_18_open_0500_PT,2025-03-18 05:00:00-07:00,2025-02-28 20:07:00+00:00,0.999
516719,42351579455604873042957090441032286075880144797259231030267680078160718556927,1,No,no,2025-03-18 12:00:00+00:00,2025_03_18_open_0500_PT,2025-03-18 05:00:00-07:00,2025-03-18 11:56:24+00:00,0.24000000456000042
523413,4274339277583331170231436480507835882687434608350779078862983050349942696879,1,No,no,2025-03-18 12:00:00+00:00,2025_03_18_open_0500_PT,2025-03-18 05:00:00-07:00,2025-03-18 03:27:19+00:00,0.8451938030509883
521100,42807705713627033072721560874549512720856774493986139163714965545915531235572,1,No,no,2025-03-18 12:00:00+00:00,2025_03_18_open_0500_PT,2025-03-18 05:00:00-07:00,2025-03-12 20:16:21+00:00,0.001
524147,43469326409739858395690572881501444443817974097672167644298447954120789600137,0,Yes,yes,2025-03-18 12:00:00+00:00,2025_03_18_open_0500_PT,2025-03-18 05:00:00-07:00,2025-02-28 06:17:16+00:00,0.9988821436653187
518889,44380686214454472779171256638293817778327849773706779670665516622038269778385,1,No,no,2025-03-18 12:00:00+00:00,2025_03_18_open_0500_PT,2025-03-18 05:00:00-07:00,2025-03-17 13:48:54+00:00,0.6154573237284435
517073,46900460840406661483474634104595482418501684854096906918305683910102403871123,0,Yes,yes,2025-03-18 12:00:00+00:00,2025_03_18_open_0500_PT,2025-03-18 05:00:00-07:00,2025-03-15 22:04:44+00:00,0.22999999328399992
523413,46975241878566226675389813084558441099978633579735672808077735156890286559886,0,Yes,yes,2025-03-18 12:00:00+00:00,2025_03_18_open_0500_PT,2025-03-18 05:00:00-07:00,2025-03-17 21:17:53+00:00,0.14
521499,47692708638309429756044208432818720002044706296619873136468383174493259480485,0,Yes,yes,2025-03-18 12:00:00+00:00,2025_03_18_open_0500_PT,2025-03-18 05:00:00-07:00,2025-03-12 20:16:29+00:00,0.999
522057,48477409091695386761559202853239391470463303066983260592312960625658563043275,0,Yes,yes,2025-03-18 12:00:00+00:00,2025_03_18_open_0500_PT,2025-03-18 05:00:00-07:00,2025-03-18 11:28:16+00:00,0.2799999959700149
521026,49473000926194462184545427213242554383104595845909786504578023251386790224858,0,Yes,yes,2025-03-18 12:00:00+00:00,2025_03_18_open_0500_PT,2025-03-18 05:00:00-07:00,2025-03-18 10:44:18+00:00,0.6
507984,50284187941943469569202009194355917949339120733469101749033950310686959468007,0,Yes,yes,2025-03-18 12:00:00+00:00,2025_03_18_open_0500_PT,2025-03-18 05:00:00-07:00,2024-12-12 21:27:58+00:00,0.002
521025,50391907985844971368730434370554275352555306650304559981296724287110163889372,0,Yes,yes,2025-03-18 12:00:00+00:00,2025_03_18_open_0500_PT,2025-03-18 05:00:00-07:00,2025-03-18 11:24:54+00:00,0.38999999024999976
527032,52520991936301939851844268554264807330714499642654844594240746592838266792432,1,No,no,2025-03-18 12:00:00+00:00,2025_03_18_open_0500_PT,2025-03-18 05:00:00-07:00,2025-03-11 19:15:04+00:00,0.999
524348,52960782840877996381169383667062216635147767148703288363719115614339176853095,0,Yes,yes,2025-03-18 12:00:00+00:00,2025_03_18_open_0500_PT,2025-03-18 05:00:00-07:00,2025-02-25 19:54:41+00:00,0.001
522878,5442743401928862894180841736263512191564084389996775978514134400673743050598,0,Putin,putin,2025-03-18 12:00:00+00:00,2025_03_18_open_0500_PT,2025-03-18 05:00:00-07:00,2025-02-28 20:00:10+00:00,0.001
522878,55264189025055373090161890959631464405045385380191735792739072809428026021736,1,Zelenskyy,zelenskyy,2025-03-18 12:00:00+00:00,2025_03_18_open_0500_PT,2025-03-18 05:00:00-07:00,2025-02-28 20:00:10+00:00,0.999
523197,55509409310784585364116971076570089959207228118269642206238982520364239944605,1,No,no,2025-03-18 12:00:00+00:00,2025_03_18_open_0500_PT,2025-03-18 05:00:00-07:00,2025-03-18 08:03:11+00:00,0.967
516187,56333219586489855674685549932194420713208928308331628771337419037140355178076,0,Yes,yes,2025-03-18 12:00:00+00:00,2025_03_18_open_0500_PT,2025-03-18 05:00:00-07:00,2025-03-17 19:41:27+00:00,0.04
523343,57160884655103428512814247631012981773015723019889832549493437551469480061242,1,No,no,2025-03-18 12:00:00+00:00,2025_03_18_open_0500_PT,2025-03-18 05:00:00-07:00,2025-03-18 05:52:05+00:00,0.3799999741599966
516715,5802460671946751538636185453975614627729230853286731735057811449821051691611,0,Yes,yes,2025-03-18 12:00:00+00:00,2025_03_18_open_0500_PT,2025-03-18 05:00:00-07:00,2025-03-18 11:55:34+00:00,0.06
522895,62643694748826312587911382162440534823433709821141516597510649054633548502810,0,Yes,yes,2025-03-18 12:00:00+00:00,2025_03_18_open_0500_PT,2025-03-18 05:00:00-07:00,2025-03-18 08:20:23+00:00,0.3299999590799969
519736,63894828884807366836211275957245556698359823645556214866812004935138375830618,0,Yes,yes,2025-03-18 12:00:00+00:00,2025_03_18_open_0500_PT,2025-03-18 05:00:00-07:00,2025-03-18 05:08:33+00:00,0.121
524147,6436214359665115810717148929293436681245885613476937891713590935932389735242,1,No,no,2025-03-18 12:00:00+00:00,2025_03_18_open_0500_PT,2025-03-18 05:00:00-07:00,2025-02-28 06:17:16+00:00,0.001
525157,64545313588399663482682286511585103428301403511234717343459455007091083337075,1,No,no,2025-03-18 12:00:00+00:00,2025_03_18_open_0500_PT,2025-03-18 05:00:00-07:00,2025-03-18 08:01:31+00:00,0.75
524291,6456202668171707900880212750943570928813250356351945554332572852984770395210,1,No,no,2025-03-18 12:00:00+00:00,2025_03_18_open_0500_PT,2025-03-18 05:00:00-07:00,2025-03-18 09:54:58+00:00,0.8300001972269886
526861,65449845407755668776897976670879705991692250175624922195548093200952844680115,1,No,no,2025-03-18 12:00:00+00:00,2025_03_18_open_0500_PT,2025-03-18 05:00:00-07:00,2025-03-18 06:49:25+00:00,0.27
524285,65482627758879803524003778479202246178420046841505286705606240559010331503838,0,Yes,yes,2025-03-18 12:00:00+00:00,2025_03_18_open_0500_PT,2025-03-18 05:00:00-07:00,2025-03-18 11:59:26+00:00,0.39906317657628443
526814,65961864506371256053813328069691531595710124813443748296296270747497043580971,1,No,no,2025-03-18 12:00:00+00:00,2025_03_18_open_0500_PT,2025-03-18 05:00:00-07:00,2025-03-18 11:49:00+00:00,0.59
522895,66339636783489562244427406324835042611372608866942882907689045655663784195972,1,No,no,2025-03-18 12:00:00+00:00,2025_03_18_open_0500_PT,2025-03-18 05:00:00-07:00,2025-03-18 08:20:23+00:00,0.6700000409200031
524145,66356062315875533075062405949409720397580573066885585702377343083606583765118,0,Yes,yes,2025-03-18 12:00:00+00:00,2025_03_18_open_0500_PT,2025-03-18 05:00:00-07:00,2025-02-28 18:42:39+00:00,0.999
524310,6800060988333615171942817578522303119129729510028069894794248047438283072436,1,No,no,2025-03-18 12:00:00+00:00,2025_03_18_open_0500_PT,2025-03-18 05:00:00-07:00,2025-03-18 10:45:36+00:00,0.2809998659629299
507984,68914504833157616843053838732988841773228477730246651549660144444755511574372,1,No,no,2025-03-18 12:00:00+00:00,2025_03_18_open_0500_PT,2025-03-18 05:00:00-07:00,2024-12-12 21:27:58+00:00,0.998
517693,69226537548379102137110260910766942274764101034650179979960227372969528243604,0,Yes,yes,2025-03-18 12:00:00+00:00,2025_03_18_open_0500_PT,2025-03-18 05:00:00-07:00,2025-03-12 21:00:11+00:00,0.12
521041,70920939650366426146836696994150938025168677239124917474200404356093431153260,1,No,no,2025-03-18 12:00:00+00:00,2025_03_18_open_0500_PT,2025-03-18 05:00:00-07:00,2025-03-18 10:42:22+00:00,0.9
516189,71685983838843709915160975671540060908877886707703474939962098991499689519711,0,Yes,yes,2025-03-18 12:00:00+00:00,2025_03_18_open_0500_PT,2025-03-18 05:00:00-07:00,2025-03-18 09:34:20+00:00,0.029
525232,73663957466489274595176785305097386128325404078001917490010407904837134882577,0,Yes,yes,2025-03-18 12:00:00+00:00,2025_03_18_open_0500_PT,2025-03-18 05:00:00-07:00,2025-03-18 08:56:50+00:00,0.41
524348,73984012795437798473481687953253285098754321969692105101879063972760068638228,1,No,no,2025-03-18 12:00:00+00:00,2025_03_18_open_0500_PT,2025-03-18 05:00:00-07:00,2025-02-25 19:54:41+00:00,0.999
525157,74129046843921940913413587682588886122583847748489066762857187137233978267670,0,Yes,yes,2025-03-18 12:00:00+00:00,2025_03_18_open_0500_PT,2025-03-18 05:00:00-07:00,2025-03-18 08:00:07+00:00,0.24
519048,74534059827731044353009484655251717921023956616694121520435859117169009979824,0,Yes,yes,2025-03-18 12:00:00+00:00,2025_03_18_open_0500_PT,2025-03-18 05:00:00-07:00,2025-03-18 11:26:06+00:00,0.16
524477,75533964938719028696952998369094361524498526879485856631877081096914627658644,1,No,no,2025-03-18 12:00:00+00:00,2025_03_18_open_0500_PT,2025-03-18 05:00:00-07:00,2025-03-18 10:42:30+00:00,0.94
518889,76417393963448037479806799796874747547221511591996743269503725518742470496274,0,Yes,yes,2025-03-18 12:00:00+00:00,2025_03_18_open_0500_PT,2025-03-18 05:00:00-07:00,2025-03-17 13:46:54+00:00,0.36
523197,76517872896411850784270344965682992803318434169987777444136970978963357739156,0,Yes,yes,2025-03-18 12:00:00+00:00,2025_03_18_open_0500_PT,2025-03-18 05:00:00-07:00,2025-03-17 23:23:18+00:00,0.036999998255449994
519048,76643504232063200802060773779828726415087044269171506931668031354693251545396,1,No,no,2025-03-18 12:00:00+00:00,2025_03_18_open_0500_PT,2025-03-18 05:00:00-07:00,2025-03-18 11:26:06+00:00,0.84
527278,76683579252562835143863542840343898007243510337054657506558517873008498105093,0,Yes,yes,2025-03-18 12:00:00+00:00,2025_03_18_open_0500_PT,2025-03-18 05:00:00-07:00,2025-03-14 17:08:09+00:00,0.999
516187,76896069667756716472035601301016783496873889454464161011234150458037478069918,1,No,no,2025-03-18 12:00:00+00:00,2025_03_18_open_0500_PT,2025-03-18 05:00:00-07:00,2025-03-17 19:41:27+00:00,0.96
517073,78869803177078589287716771530665317651497156168734051494454473188006845916520,1,No,no,2025-03-18 12:00:00+00:00,2025_03_18_open_0500_PT,2025-03-18 05:00:00-07:00,2025-03-15 23:39:17+00:00,0.79
522894,81020312652589627285197771109762839746287006928172707150877539028691834065212,0,Yes,yes,2025-03-18 12:00:00+00:00,2025_03_18_open_0500_PT,2025-03-18 05:00:00-07:00,2025-03-18 10:41:18+00:00,0.05888978445235964
524310,82246973513888061559569421022652964687465272762066736721360354291228748283806,0,Yes,yes,2025-03-18 12:00:00+00:00,2025_03_18_open_0500_PT,2025-03-18 05:00:00-07:00,2025-03-18 10:45:36+00:00,0.7190001340370701
516190,83080252071092689902932666850490074811760131055025811650818073654402601835484,0,Yes,yes,2025-03-18 12:00:00+00:00,2025_03_18_open_0500_PT,2025-03-18 05:00:00-07:00,2025-03-18 02:09:39+00:00,0.9659999845436911
521041,83524440200143860657028178945801858366378129256359488825050609853223919531809,0,Yes,yes,2025-03-18 12:00:00+00:00,2025_03_18_open_0500_PT,2025-03-18 05:00:00-07:00,2025-03-18 10:42:22+00:00,0.11150053064263199
524477,83547673164506671794819260938344653989875088069034224812175182562166039721574,0,Yes,yes,2025-03-18 12:00:00+00:00,2025_03_18_open_0500_PT,2025-03-18 05:00:00-07:00,2025-03-18 10:42:30+00:00,0.0667214
525231,83742739530586820493605246339344277590673217105618245459443915506041800643469,1,No,no,2025-03-18 12:00:00+00:00,2025_03_18_open_0500_PT,2025-03-18 05:00:00-07:00,2025-03-17 10:10:23+00:00,0.909999930233327
510319,84888738552927367074645370589243532246434846262240067551074642775011167355434,0,Yes,yes,2025-03-18 12:00:00+00:00,2025_03_18_open_0500_PT,2025-03-18 05:00:00-07:00,2025-03-18 11:55:56+00:00,0.3497734238514114
527081,85329416514471004297478005149625146014624743562622421967455557722819447174298,0,Yes,yes,2025-03-18 12:00:00+00:00,2025_03_18_open_0500_PT,2025-03-18 05:00:00-07:00,2025-03-18 06:11:25+00:00,0.4499999647058782
526229,86304131703011980721755979925817881408007934797292837200662297834354514178950,1,No,no,2025-03-18 12:00:00+00:00,2025_03_18_open_0500_PT,2025-03-18 05:00:00-07:00,2025-03-17 08:23:59+00:00,0.972
510319,86857783363775257860227917708309268561005168570896999677788731255030014967896,1,No,no,2025-03-18 12:00:00+00:00,2025_03_18_open_0500_PT,2025-03-18 05:00:00-07:00,2025-03-18 11:55:56+00:00,0.66
526229,88551081062941956754624270296481102277138087249231124901142839087117648363109,0,Yes,yes,2025-03-18 12:00:00+00:00,2025_03_18_open_0500_PT,2025-03-18 05:00:00-07:00,2025-03-17 08:23:59+00:00,0.026975797208926042
524292,9014695769446700891659134648259488341557414914618690658701879241952037527074,1,No,no,2025-03-18 12:00:00+00:00,2025_03_18_open_0500_PT,2025-03-18 05:00:00-07:00,2025-03-18 04:22:01+00:00,0.89
527032,90544185197348445762400462367487730947998989538649021442756705113012034127717,0,Yes,yes,2025-03-18 12:00:00+00:00,2025_03_18_open_0500_PT,2025-03-18 05:00:00-07:00,2025-03-11 17:55:03+00:00,0.01
516315,9252583647094848244431316973245869222379640287360099162283052699401101960353,0,Yes,yes,2025-03-18 12:00:00+00:00,2025_03_18_open_0500_PT,2025-03-18 05:00:00-07:00,2025-03-18 11:23:38+00:00,0.04683333333333333
516143,95786924372760057572092804419385993470890190892343223404877167501659835222533,1,No,no,2025-03-18 12:00:00+00:00,2025_03_18_open_0500_PT,2025-03-18 05:00:00-07:00,2025-03-18 11:52:48+00:00,0.64
522056,96601928894191559916157952751631886797424000157973909225754084049773554405468,0,Yes,yes,2025-03-18 12:00:00+00:00,2025_03_18_open_0500_PT,2025-03-18 05:00:00-07:00,2025-03-18 11:53:04+00:00,0.5499999807499988
527005,96618036676034164847772351078297997221316377064022855127438030193903015078566,1,No,no,2025-03-18 12:00:00+00:00,2025_03_18_open_0500_PT,2025-03-18 05:00:00-07:00,2025-03-18 06:24:25+00:00,0.85
524021,97262919156133260921887403057581420516585464065308475066791456615017669503669,0,Yes,yes,2025-03-18 12:00:00+00:00,2025_03_18_open_0500_PT,2025-03-18 05:00:00-07:00,2025-03-18 11:35:00+00:00,0.35000009750003414
527005,100121345789532362055123879793212027312379236056429540221720415709850532973373,0,Yes,yes,2025-03-19 00:00:00+00:00,2025_03_18_close_1700_PT,2025-03-18 17:00:00-07:00,2025-03-18 16:42:21+00:00,0.15629375411085134
507311,102006319303460238827563664446951754516041393632850360444322469125777577388771,0,Yes,yes,2025-03-19 00:00:00+00:00,2025_03_18_close_1700_PT,2025-03-18 17:00:00-07:00,2025-01-29 21:39:28+00:00,0.001
524145,102062916030133807330186342894442541205582789480933958339342744794892413850627,1,No,no,2025-03-19 00:00:00+00:00,2025_03_18_close_1700_PT,2025-03-18 17:00:00-07:00,2025-02-28 16:13:57+00:00,0.001
525437,10316592426452860464899722692398677096383513371344164830735417650138017205817,1,No,no,2025-03-19 00:00:00+00:00,2025_03_18_close_1700_PT,2025-03-18 17:00:00-07:00,2025-03-05 19:01:37+00:00,0.01
521103,103909253011351322759892776638669457027523901655815490042130382730360706229706,0,Yes,yes,2025-03-19 00:00:00+00:00,2025_03_18_close_1700_PT,2025-03-18 17:00:00-07:00,2025-03-18 13:57:38+00:00,0.13
516715,104795148936930645520469554178353538587130154145659561962269514319642274480768,1,No,no,2025-03-19 00:00:00+00:00,2025_03_18_close_1700_PT,2025-03-18 17:00:00-07:00,2025-03-18 02:12:33+00:00,0.9399999623995127
526814,105039045108735350701067761926660919174556796573940954887933194396971464305066,0,Yes,yes,2025-03-19 00:00:00+00:00,2025_03_18_close_1700_PT,2025-03-18 17:00:00-07:00,2025-03-18 23:43:32+00:00,0.42000000369343116
524291,106785705064968660332067023300536266535388124753272914243541205698423062856246,0,Yes,yes,2025-03-19 00:00:00+00:00,2025_03_18_close_1700_PT,2025-03-18 17:00:00-07:00,2025-03-18 21:59:58+00:00,0.15
524285,107643187201000404038693592426566378917534508353468263334674357442312114112510,1,No,no,2025-03-19 00:00:00+00:00,2025_03_18_close_1700_PT,2025-03-18 17:00:00-07:00,2025-03-18 22:34:56+00:00,0.66999999933
525442,108057916747365167542504013787062021441684619476265070483570121865318046932052,0,Yes,yes,2025-03-19 00:00:00+00:00,2025_03_18_close_1700_PT,2025-03-18 17:00:00-07:00,2025-03-05 19:00:49+00:00,0.001
521603,108064859672314536571175804798614410280877635973727667622803804179444259690672,1,No,no,2025-03-19 00:00:00+00:00,2025_03_18_close_1700_PT,2025-03-18 17:00:00-07:00,2025-03-18 23:25:28+00:00,0.975
522894,108303820542127194670275571355095079674537367635794408292209711330192187534707,1,No,no,2025-03-19 00:00:00+00:00,2025_03_18_close_1700_PT,2025-03-18 17:00:00-07:00,2025-03-18 21:16:26+00:00,0.94
519736,108331518505056537403722461966654684743488871885239753047834907734450664515452,1,No,no,2025-03-19 00:00:00+00:00,2025_03_18_close_1700_PT,2025-03-18 17:00:00-07:00,2025-03-18 22:00:38+00:00,0.8859999993547281
507311,109788973099970019996072517823266794542154906066004680247007602517078576240900,1,No,no,2025-03-19 00:00:00+00:00,2025_03_18_close_1700_PT,2025-03-18 17:00:00-07:00,2025-01-29 21:39:28+00:00,0.999
523420,110303218457795832861589414223072133732424840017074962598980991451216787898529,0,Yes,yes,2025-03-19 00:00:00+00:00,2025_03_18_close_1700_PT,2025-03-18 17:00:00-07:00,2025-03-18 18:22:11+00:00,0.44
523420,110513468504414111967623727967802735681305040958967125800368195228103949451183,1,No,no,2025-03-19 00:00:00+00:00,2025_03_18_close_1700_PT,2025-03-18 17:00:00-07:00,2025-03-18 17:25:17+00:00,0.55
523198,111048886296924495129741424280092672064807186679410610865674623733591163627018,1,No,no,2025-03-19 00:00:00+00:00,2025_03_18_close_1700_PT,2025-03-18 17:00:00-07:00,2025-03-18 18:58:59+00:00,0.93
522056,111817814065148789668110176254570458287510111700931938757952739120253070676417,1,No,no,2025-03-19 00:00:00+00:00,2025_03_18_close_1700_PT,2025-03-18 17:00:00-07:00,2025-03-18 23:25:02+00:00,0.45999989384612733
516315,112686805416681376426848642516954883318316273962669944235801308401883591913314,1,No,no,2025-03-19 00:00:00+00:00,2025_03_18_close_1700_PT,2025-03-18 17:00:00-07:00,2025-03-18 22:53:26+00:00,0.952
519844,115151921832306680160638545362939767099400757097903129602011054222202727203606,1,No,no,2025-03-19 00:00:00+00:00,2025_03_18_close_1700_PT,2025-03-18 17:00:00-07:00,2025-02-28 20:07:00+00:00,0.001
524143,1179039883486402183499490082435825463500517700553032674433043579228770785112,0,Yes,yes,2025-03-19 00:00:00+00:00,2025_03_18_close_1700_PT,2025-03-18 17:00:00-07:00,2025-03-18 20:53:44+00:00,0.16
525437,12198166341436727947405729209814148041740036263965322192437253954048906701116,0,Yes,yes,2025-03-19 00:00:00+00:00,2025_03_18_close_1700_PT,2025-03-18 17:00:00-07:00,2025-03-05 19:01:37+00:00,0.99
521100,14990029861718662869816237869973544862792282285138092644462921007650993247380,0,Yes,yes,2025-03-19 00:00:00+00:00,2025_03_18_close_1700_PT,2025-03-18 17:00:00-07:00,2025-03-12 20:16:21+00:00,0.999
516719,15974786252393396629980467963784550802583781222733347534844974829144359265969,0,Yes,yes,2025-03-19 00:00:00+00:00,2025_03_18_close_1700_PT,2025-03-18 17:00:00-07:00,2025-03-18 23:07:52+00:00,0.74
527081,17189149212865445714213344530377307644873493103595435170459256971807866915825,1,No,no,2025-03-19 00:00:00+00:00,2025_03_18_close_1700_PT,2025-03-18 17:00:00-07:00,2025-03-18 22:12:36+00:00,0.55
525442,17526688879266974475993857941710252477836369992267558391595367358065513215277,1,No,no,2025-03-19 00:00:00+00:00,2025_03_18_close_1700_PT,2025-03-18 17:00:00-07:00,2025-03-05 19:00:49+00:00,0.999
523198,17636133037698655711537839367918666335877935696344385855077943944327611242596,0,Yes,yes,2025-03-19 00:00:00+00:00,2025_03_18_close_1700_PT,2025-03-18 17:00:00-07:00,2025-03-18 22:05:14+00:00,0.06
518890,1820990530457734990844221236379424325571531338274179313320944848555296238885,0,Yes,yes,2025-03-19 00:00:00+00:00,2025_03_18_close_1700_PT,2025-03-18 17:00:00-07:00,2025-03-18 21:38:54+00:00,0.1799999125714086
521603,18833065283746804110550289341323864262410877417777323132151715138616977528841,0,Yes,yes,2025-03-19 00:00:00+00:00,2025_03_18_close_1700_PT,2025-03-18 17:00:00-07:00,2025-03-18 23:33:14+00:00,0.025
518890,19787433176606062103363478006507471735790167880416910771642279209812633663344,1,No,no,2025-03-19 00:00:00+00:00,2025_03_18_close_1700_PT,2025-03-18 17:00:00-07:00,2025-03-18 17:09:15+00:00,0.82
523343,22255463452594162709449800579658835371746668793825841462318307382376621533755,0,Yes,yes,2025-03-19 00:00:00+00:00,2025_03_18_close_1700_PT,2025-03-18 17:00:00-07:00,2025-03-18 20:52:44+00:00,0.62
527279,22752183918002848078277748029145662550669719932108767430775139318472934671798,1,No,no,2025-03-19 00:00:00+00:00,2025_03_18_close_1700_PT,2025-03-18 17:00:00-07:00,2025-03-12 20:16:11+00:00,0.002
524021,22814991468805556116471270417641782171550309851492637070422109257339804109572,1,No,no,2025-03-19 00:00:00+00:00,2025_03_18_close_1700_PT,2025-03-18 17:00:00-07:00,2025-03-18 22:02:08+00:00,0.69
524292,23363560824318474668781482335102625289561748638527872548758492627125630990827,0,Yes,yes,2025-03-19 00:00:00+00:00,2025_03_18_close_1700_PT,2025-03-18 17:00:00-07:00,2025-03-18 04:22:01+00:00,0.11
521026,23632768753333496327246137884794918423597173479688585307138116345069085580247,1,No,no,2025-03-19 00:00:00+00:00,2025_03_18_close_1700_PT,2025-03-18 17:00:00-07:00,2025-03-18 22:11:52+00:00,0.37000030206803325
516189,25301545985889508293321782755434072371936771538975200674445139222395623272851,1,No,no,2025-03-19 00:00:00+00:00,2025_03_18_close_1700_PT,2025-03-18 17:00:00-07:00,2025-03-18 23:51:18+00:00,0.971
516143,25742247876332768458781360292043764039507900813404980298479194684402595556451,0,Yes,yes,2025-03-19 00:00:00+00:00,2025_03_18_close_1700_PT,2025-03-18 17:00:00-07:00,2025-03-18 23:55:08+00:00,0.22
516190,27706044619360761256387697290478189707563660684659877077148428665563431908215,1,No,no,2025-03-19 00:00:00+00:00,2025_03_18_close_1700_PT,2025-03-18 17:00:00-07:00,2025-03-18 17:30:21+00:00,0.034
525231,27854589915558666949911110700107109304807510472832754346848714713106576041207,0,Yes,yes,2025-03-19 00:00:00+00:00,2025_03_18_close_1700_PT,2025-03-18 17:00:00-07:00,2025-03-18 16:49:37+00:00,0.09
521025,28414938735362964078307100001374150957816395319940009652318455849499629150252,1,No,no,2025-03-19 00:00:00+00:00,2025_03_18_close_1700_PT,2025-03-18 17:00:00-07:00,2025-03-18 19:32:22+00:00,0.62
525232,31566724138998405553508313449766802786847999037726188458982786371622924711878,1,No,no,2025-03-19 00:00:00+00:00,2025_03_18_close_1700_PT,2025-03-18 17:00:00-07:00,2025-03-18 19:38:06+00:00,0.609999859699892
524143,32156304147657186738936334568719617978558036247795210919856751006394161293073,1,No,no,2025-03-19 00:00:00+00:00,2025_03_18_close_1700_PT,2025-03-18 17:00:00-07:00,2025-03-18 20:53:44+00:00,0.84
526861,32921044856076201189154703786849418887213408387521621721061527935861828024828,0,Yes,yes,2025-03-19 00:00:00+00:00,2025_03_18_close_1700_PT,2025-03-18 17:00:00-07:00,2025-03-18 19:30:36+00:00,0.72
527278,33787629600621860180939604657495798919073059313987957113657471584613393310606,1,No,no,2025-03-19 00:00:00+00:00,2025_03_18_close_1700_PT,2025-03-18 17:00:00-07:00,2025-03-14 17:08:09+00:00,0.001
521499,37809713000353368658683984822433912106052732096671571646866650191133502648634,1,No,no,2025-03-19 00:00:00+00:00,2025_03_18_close_1700_PT,2025-03-18 17:00:00-07:00,2025-03-12 20:16:29+00:00,0.001
519628,37946704943888888914227612417452623974614267503719043957094985529354395995926,1,No,no,2025-03-19 00:00:00+00:00,2025_03_18_close_1700_PT,2025-03-18 17:00:00-07:00,2025-03-18 23:14:30+00:00,0.47000000084126986
517693,38028235049989289118991891250017423701902844342596888644757673357241176888913,1,No,no,2025-03-19 00:00:00+00:00,2025_03_18_close_1700_PT,2025-03-18 17:00:00-07:00,2025-03-18 20:38:26+00:00,0.88
522057,39073221701552764059446410725782004011128353041681427534414147663135223634260,1,No,no,2025-03-19 00:00:00+00:00,2025_03_18_close_1700_PT,2025-03-18 17:00:00-07:00,2025-03-18 23:25:30+00:00,0.75
519628,39327269875426915204597944387916069897800289788920336317845465327697809453999,0,Yes,yes,2025-03-19 00:00:00+00:00,2025_03_18_close_1700_PT,2025-03-18 17:00:00-07:00,2025-03-18 23:14:30+00:00,0.5299999991587301
527279,40001158490980829331315202760805197309678407198352511114569399283632572307422,0,Yes,yes,2025-03-19 00:00:00+00:00,2025_03_18_close_1700_PT,2025-03-18 17:00:00-07:00,2025-03-12 20:19:55+00:00,0.998
521103,40643730425995007653653846322257326466291751148478865541862332040512398068473,1,No,no,2025-03-19 00:00:00+00:00,2025_03_18_close_1700_PT,2025-03-18 17:00:00-07:00,2025-03-17 14:13:58+00:00,0.88
519844,40914113765279699847589045742755525912767460490196542143342551731171071232917,0,Yes,yes,2025-03-19 00:00:00+00:00,2025_03_18_close_1700_PT,2025-03-18 17:00:00-07:00,2025-02-28 20:07:00+00:00,0.999
516719,42351579455604873042957090441032286075880144797259231030267680078160718556927,1,No,no,2025-03-19 00:00:00+00:00,2025_03_18_close_1700_PT,2025-03-18 17:00:00-07:00,2025-03-18 23:07:52+00:00,0.2615
523413,4274339277583331170231436480507835882687434608350779078862983050349942696879,1,No,no,2025-03-19 00:00:00+00:00,2025_03_18_close_1700_PT,2025-03-18 17:00:00-07:00,2025-03-18 22:12:04+00:00,0.85
521100,42807705713627033072721560874549512720856774493986139163714965545915531235572,1,No,no,2025-03-19 00:00:00+00:00,2025_03_18_close_1700_PT,2025-03-18 17:00:00-07:00,2025-03-12 20:16:21+00:00,0.001
524147,43469326409739858395690572881501444443817974097672167644298447954120789600137,0,Yes,yes,2025-03-19 00:00:00+00:00,2025_03_18_close_1700_PT,2025-03-18 17:00:00-07:00,2025-02-28 06:17:16+00:00,0.9988821436653187
518889,44380686214454472779171256638293817778327849773706779670665516622038269778385,1,No,no,2025-03-19 00:00:00+00:00,2025_03_18_close_1700_PT,2025-03-18 17:00:00-07:00,2025-03-18 20:45:22+00:00,0.6699999865999994
517073,46900460840406661483474634104595482418501684854096906918305683910102403871123,0,Yes,yes,2025-03-19 00:00:00+00:00,2025_03_18_close_1700_PT,2025-03-18 17:00:00-07:00,2025-03-15 22:04:44+00:00,0.22999999328399992
523413,46975241878566226675389813084558441099978633579735672808077735156890286559886,0,Yes,yes,2025-03-19 00:00:00+00:00,2025_03_18_close_1700_PT,2025-03-18 17:00:00-07:00,2025-03-18 22:12:04+00:00,0.15
521499,47692708638309429756044208432818720002044706296619873136468383174493259480485,0,Yes,yes,2025-03-19 00:00:00+00:00,2025_03_18_close_1700_PT,2025-03-18 17:00:00-07:00,2025-03-12 20:16:29+00:00,0.999
522057,48477409091695386761559202853239391470463303066983260592312960625658563043275,0,Yes,yes,2025-03-19 00:00:00+00:00,2025_03_18_close_1700_PT,2025-03-18 17:00:00-07:00,2025-03-18 23:25:30+00:00,0.25
521026,49473000926194462184545427213242554383104595845909786504578023251386790224858,0,Yes,yes,2025-03-19 00:00:00+00:00,2025_03_18_close_1700_PT,2025-03-18 17:00:00-07:00,2025-03-18 22:11:52+00:00,0.6203954300669474
507984,50284187941943469569202009194355917949339120733469101749033950310686959468007,0,Yes,yes,2025-03-19 00:00:00+00:00,2025_03_18_close_1700_PT,2025-03-18 17:00:00-07:00,2024-12-12 21:27:58+00:00,0.002
521025,50391907985844971368730434370554275352555306650304559981296724287110163889372,0,Yes,yes,2025-03-19 00:00:00+00:00,2025_03_18_close_1700_PT,2025-03-18 17:00:00-07:00,2025-03-18 19:32:22+00:00,0.38
527032,52520991936301939851844268554264807330714499642654844594240746592838266792432,1,No,no,2025-03-19 00:00:00+00:00,2025_03_18_close_1700_PT,2025-03-18 17:00:00-07:00,2025-03-11 19:15:04+00:00,0.999
524348,52960782840877996381169383667062216635147767148703288363719115614339176853095,0,Yes,yes,2025-03-19 00:00:00+00:00,2025_03_18_close_1700_PT,2025-03-18 17:00:00-07:00,2025-02-25 19:54:41+00:00,0.001
522878,5442743401928862894180841736263512191564084389996775978514134400673743050598,0,Putin,putin,2025-03-19 00:00:00+00:00,2025_03_18_close_1700_PT,2025-03-18 17:00:00-07:00,2025-02-28 20:00:10+00:00,0.001
522878,55264189025055373090161890959631464405045385380191735792739072809428026021736,1,Zelenskyy,zelenskyy,2025-03-19 00:00:00+00:00,2025_03_18_close_1700_PT,2025-03-18 17:00:00-07:00,2025-02-28 20:00:10+00:00,0.999
523197,55509409310784585364116971076570089959207228118269642206238982520364239944605,1,No,no,2025-03-19 00:00:00+00:00,2025_03_18_close_1700_PT,2025-03-18 17:00:00-07:00,2025-03-18 20:57:42+00:00,0.965
516187,56333219586489855674685549932194420713208928308331628771337419037140355178076,0,Yes,yes,2025-03-19 00:00:00+00:00,2025_03_18_close_1700_PT,2025-03-18 17:00:00-07:00,2025-03-17 19:41:27+00:00,0.04
523343,57160884655103428512814247631012981773015723019889832549493437551469480061242,1,No,no,2025-03-19 00:00:00+00:00,2025_03_18_close_1700_PT,2025-03-18 17:00:00-07:00,2025-03-18 05:52:05+00:00,0.3799999741599966
516715,5802460671946751538636185453975614627729230853286731735057811449821051691611,0,Yes,yes,2025-03-19 00:00:00+00:00,2025_03_18_close_1700_PT,2025-03-18 17:00:00-07:00,2025-03-18 11:55:34+00:00,0.06
522895,62643694748826312587911382162440534823433709821141516597510649054633548502810,0,Yes,yes,2025-03-19 00:00:00+00:00,2025_03_18_close_1700_PT,2025-03-18 17:00:00-07:00,2025-03-18 23:13:24+00:00,0.33
519736,63894828884807366836211275957245556698359823645556214866812004935138375830618,0,Yes,yes,2025-03-19 00:00:00+00:00,2025_03_18_close_1700_PT,2025-03-18 17:00:00-07:00,2025-03-18 22:00:38+00:00,0.11400000064527196
524147,6436214359665115810717148929293436681245885613476937891713590935932389735242,1,No,no,2025-03-19 00:00:00+00:00,2025_03_18_close_1700_PT,2025-03-18 17:00:00-07:00,2025-02-28 06:17:16+00:00,0.001
525157,64545313588399663482682286511585103428301403511234717343459455007091083337075,1,No,no,2025-03-19 00:00:00+00:00,2025_03_18_close_1700_PT,2025-03-18 17:00:00-07:00,2025-03-18 22:39:24+00:00,0.75
524291,6456202668171707900880212750943570928813250356351945554332572852984770395210,1,No,no,2025-03-19 00:00:00+00:00,2025_03_18_close_1700_PT,2025-03-18 17:00:00-07:00,2025-03-18 21:59:58+00:00,0.85
526861,65449845407755668776897976670879705991692250175624922195548093200952844680115,1,No,no,2025-03-19 00:00:00+00:00,2025_03_18_close_1700_PT,2025-03-18 17:00:00-07:00,2025-03-18 22:06:48+00:00,0.27
524285,65482627758879803524003778479202246178420046841505286705606240559010331503838,0,Yes,yes,2025-03-19 00:00:00+00:00,2025_03_18_close_1700_PT,2025-03-18 17:00:00-07:00,2025-03-18 22:34:56+00:00,0.33000000067
526814,65961864506371256053813328069691531595710124813443748296296270747497043580971,1,No,no,2025-03-19 00:00:00+00:00,2025_03_18_close_1700_PT,2025-03-18 17:00:00-07:00,2025-03-18 23:43:32+00:00,0.5799999981754631
522895,66339636783489562244427406324835042611372608866942882907689045655663784195972,1,No,no,2025-03-19 00:00:00+00:00,2025_03_18_close_1700_PT,2025-03-18 17:00:00-07:00,2025-03-18 23:13:24+00:00,0.67
524145,66356062315875533075062405949409720397580573066885585702377343083606583765118,0,Yes,yes,2025-03-19 00:00:00+00:00,2025_03_18_close_1700_PT,2025-03-18 17:00:00-07:00,2025-02-28 18:42:39+00:00,0.999
524310,6800060988333615171942817578522303119129729510028069894794248047438283072436,1,No,no,2025-03-19 00:00:00+00:00,2025_03_18_close_1700_PT,2025-03-18 17:00:00-07:00,2025-03-18 22:44:28+00:00,0.28599983640793
507984,68914504833157616843053838732988841773228477730246651549660144444755511574372,1,No,no,2025-03-19 00:00:00+00:00,2025_03_18_close_1700_PT,2025-03-18 17:00:00-07:00,2024-12-12 21:27:58+00:00,0.998
517693,69226537548379102137110260910766942274764101034650179979960227372969528243604,0,Yes,yes,2025-03-19 00:00:00+00:00,2025_03_18_close_1700_PT,2025-03-18 17:00:00-07:00,2025-03-12 21:00:11+00:00,0.12
521041,70920939650366426146836696994150938025168677239124917474200404356093431153260,1,No,no,2025-03-19 00:00:00+00:00,2025_03_18_close_1700_PT,2025-03-18 17:00:00-07:00,2025-03-18 21:58:42+00:00,0.88
516189,71685983838843709915160975671540060908877886707703474939962098991499689519711,0,Yes,yes,2025-03-19 00:00:00+00:00,2025_03_18_close_1700_PT,2025-03-18 17:00:00-07:00,2025-03-18 23:51:18+00:00,0.029
525232,73663957466489274595176785305097386128325404078001917490010407904837134882577,0,Yes,yes,2025-03-19 00:00:00+00:00,2025_03_18_close_1700_PT,2025-03-18 17:00:00-07:00,2025-03-18 19:38:06+00:00,0.39000014030010804
524348,73984012795437798473481687953253285098754321969692105101879063972760068638228,1,No,no,2025-03-19 00:00:00+00:00,2025_03_18_close_1700_PT,2025-03-18 17:00:00-07:00,2025-02-25 19:54:41+00:00,0.999
525157,74129046843921940913413587682588886122583847748489066762857187137233978267670,0,Yes,yes,2025-03-19 00:00:00+00:00,2025_03_18_close_1700_PT,2025-03-18 17:00:00-07:00,2025-03-18 21:48:16+00:00,0.2599999927199999
519048,74534059827731044353009484655251717921023956616694121520435859117169009979824,0,Yes,yes,2025-03-19 00:00:00+00:00,2025_03_18_close_1700_PT,2025-03-18 17:00:00-07:00,2025-03-18 23:41:02+00:00,0.14
524477,75533964938719028696952998369094361524498526879485856631877081096914627658644,1,No,no,2025-03-19 00:00:00+00:00,2025_03_18_close_1700_PT,2025-03-18 17:00:00-07:00,2025-03-18 22:03:12+00:00,0.93
518889,76417393963448037479806799796874747547221511591996743269503725518742470496274,0,Yes,yes,2025-03-19 00:00:00+00:00,2025_03_18_close_1700_PT,2025-03-18 17:00:00-07:00,2025-03-18 20:28:44+00:00,0.35
523197,76517872896411850784270344965682992803318434169987777444136970978963357739156,0,Yes,yes,2025-03-19 00:00:00+00:00,2025_03_18_close_1700_PT,2025-03-18 17:00:00-07:00,2025-03-18 20:57:42+00:00,0.0341
519048,76643504232063200802060773779828726415087044269171506931668031354693251545396,1,No,no,2025-03-19 00:00:00+00:00,2025_03_18_close_1700_PT,2025-03-18 17:00:00-07:00,2025-03-18 23:41:02+00:00,0.86
527278,76683579252562835143863542840343898007243510337054657506558517873008498105093,0,Yes,yes,2025-03-19 00:00:00+00:00,2025_03_18_close_1700_PT,2025-03-18 17:00:00-07:00,2025-03-14 17:08:09+00:00,0.999
516187,76896069667756716472035601301016783496873889454464161011234150458037478069918,1,No,no,2025-03-19 00:00:00+00:00,2025_03_18_close_1700_PT,2025-03-18 17:00:00-07:00,2025-03-17 19:41:27+00:00,0.96
517073,78869803177078589287716771530665317651497156168734051494454473188006845916520,1,No,no,2025-03-19 00:00:00+00:00,2025_03_18_close_1700_PT,2025-03-18 17:00:00-07:00,2025-03-15 23:39:17+00:00,0.79
522894,81020312652589627285197771109762839746287006928172707150877539028691834065212,0,Yes,yes,2025-03-19 00:00:00+00:00,2025_03_18_close_1700_PT,2025-03-18 17:00:00-07:00,2025-03-18 21:16:26+00:00,0.06
524310,82246973513888061559569421022652964687465272762066736721360354291228748283806,0,Yes,yes,2025-03-19 00:00:00+00:00,2025_03_18_close_1700_PT,2025-03-18 17:00:00-07:00,2025-03-18 22:44:28+00:00,0.71400016359207
516190,83080252071092689902932666850490074811760131055025811650818073654402601835484,0,Yes,yes,2025-03-19 00:00:00+00:00,2025_03_18_close_1700_PT,2025-03-18 17:00:00-07:00,2025-03-18 02:09:39+00:00,0.9659999845436911
521041,83524440200143860657028178945801858366378129256359488825050609853223919531809,0,Yes,yes,2025-03-19 00:00:00+00:00,2025_03_18_close_1700_PT,2025-03-18 17:00:00-07:00,2025-03-18 21:58:42+00:00,0.12
524477,83547673164506671794819260938344653989875088069034224812175182562166039721574,0,Yes,yes,2025-03-19 00:00:00+00:00,2025_03_18_close_1700_PT,2025-03-18 17:00:00-07:00,2025-03-18 22:03:12+00:00,0.07
525231,83742739530586820493605246339344277590673217105618245459443915506041800643469,1,No,no,2025-03-19 00:00:00+00:00,2025_03_18_close_1700_PT,2025-03-18 17:00:00-07:00,2025-03-18 16:49:37+00:00,0.91
510319,84888738552927367074645370589243532246434846262240067551074642775011167355434,0,Yes,yes,2025-03-19 00:00:00+00:00,2025_03_18_close_1700_PT,2025-03-18 17:00:00-07:00,2025-03-18 23:54:12+00:00,0.24000000846207545
527081,85329416514471004297478005149625146014624743562622421967455557722819447174298,0,Yes,yes,2025-03-19 00:00:00+00:00,2025_03_18_close_1700_PT,2025-03-18 17:00:00-07:00,2025-03-18 20:53:42+00:00,0.45
526229,86304131703011980721755979925817881408007934797292837200662297834354514178950,1,No,no,2025-03-19 00:00:00+00:00,2025_03_18_close_1700_PT,2025-03-18 17:00:00-07:00,2025-03-17 08:23:59+00:00,0.972
510319,86857783363775257860227917708309268561005168570896999677788731255030014967896,1,No,no,2025-03-19 00:00:00+00:00,2025_03_18_close_1700_PT,2025-03-18 17:00:00-07:00,2025-03-18 23:55:18+00:00,0.75
526229,88551081062941956754624270296481102277138087249231124901142839087117648363109,0,Yes,yes,2025-03-19 00:00:00+00:00,2025_03_18_close_1700_PT,2025-03-18 17:00:00-07:00,2025-03-18 19:28:32+00:00,0.030999994103799944
524292,9014695769446700891659134648259488341557414914618690658701879241952037527074,1,No,no,2025-03-19 00:00:00+00:00,2025_03_18_close_1700_PT,2025-03-18 17:00:00-07:00,2025-03-18 14:56:20+00:00,0.88
527032,90544185197348445762400462367487730947998989538649021442756705113012034127717,0,Yes,yes,2025-03-19 00:00:00+00:00,2025_03_18_close_1700_PT,2025-03-18 17:00:00-07:00,2025-03-11 17:55:03+00:00,0.01
516315,9252583647094848244431316973245869222379640287360099162283052699401101960353,0,Yes,yes,2025-03-19 00:00:00+00:00,2025_03_18_close_1700_PT,2025-03-18 17:00:00-07:00,2025-03-18 22:53:26+00:00,0.048073349633251834
516143,95786924372760057572092804419385993470890190892343223404877167501659835222533,1,No,no,2025-03-19 00:00:00+00:00,2025_03_18_close_1700_PT,2025-03-18 17:00:00-07:00,2025-03-18 23:29:50+00:00,0.7600000081600001
522056,96601928894191559916157952751631886797424000157973909225754084049773554405468,0,Yes,yes,2025-03-19 00:00:00+00:00,2025_03_18_close_1700_PT,2025-03-18 17:00:00-07:00,2025-03-18 22:21:56+00:00,0.55
527005,96618036676034164847772351078297997221316377064022855127438030193903015078566,1,No,no,2025-03-19 00:00:00+00:00,2025_03_18_close_1700_PT,2025-03-18 17:00:00-07:00,2025-03-18 16:44:15+00:00,0.84
524021,97262919156133260921887403057581420516585464065308475066791456615017669503669,0,Yes,yes,2025-03-19 00:00:00+00:00,2025_03_18_close_1700_PT,2025-03-18 17:00:00-07:00,2025-03-18 23:30:26+00:00,0.3299999811899992
527005,100121345789532362055123879793212027312379236056429540221720415709850532973373,0,Yes,yes,2025-03-19 12:00:00+00:00,2025_03_19_open_0500_PT,2025-03-19 05:00:00-07:00,2025-03-18 16:42:21+00:00,0.15629375411085134
507311,102006319303460238827563664446951754516041393632850360444322469125777577388771,0,Yes,yes,2025-03-19 12:00:00+00:00,2025_03_19_open_0500_PT,2025-03-19 05:00:00-07:00,2025-01-29 21:39:28+00:00,0.001
524145,102062916030133807330186342894442541205582789480933958339342744794892413850627,1,No,no,2025-03-19 12:00:00+00:00,2025_03_19_open_0500_PT,2025-03-19 05:00:00-07:00,2025-02-28 16:13:57+00:00,0.001
525437,10316592426452860464899722692398677096383513371344164830735417650138017205817,1,No,no,2025-03-19 12:00:00+00:00,2025_03_19_open_0500_PT,2025-03-19 05:00:00-07:00,2025-03-05 19:01:37+00:00,0.01
521103,103909253011351322759892776638669457027523901655815490042130382730360706229706,0,Yes,yes,2025-03-19 12:00:00+00:00,2025_03_19_open_0500_PT,2025-03-19 05:00:00-07:00,2025-03-19 01:21:01+00:00,0.11262178619756427
516715,104795148936930645520469554178353538587130154145659561962269514319642274480768,1,No,no,2025-03-19 12:00:00+00:00,2025_03_19_open_0500_PT,2025-03-19 05:00:00-07:00,2025-03-18 02:12:33+00:00,0.9399999623995127
526814,105039045108735350701067761926660919174556796573940954887933194396971464305066,0,Yes,yes,2025-03-19 12:00:00+00:00,2025_03_19_open_0500_PT,2025-03-19 05:00:00-07:00,2025-03-19 11:41:48+00:00,0.4
524291,106785705064968660332067023300536266535388124753272914243541205698423062856246,0,Yes,yes,2025-03-19 12:00:00+00:00,2025_03_19_open_0500_PT,2025-03-19 05:00:00-07:00,2025-03-19 06:20:04+00:00,0.14
524285,107643187201000404038693592426566378917534508353468263334674357442312114112510,1,No,no,2025-03-19 12:00:00+00:00,2025_03_19_open_0500_PT,2025-03-19 05:00:00-07:00,2025-03-19 11:01:35+00:00,0.62
525442,108057916747365167542504013787062021441684619476265070483570121865318046932052,0,Yes,yes,2025-03-19 12:00:00+00:00,2025_03_19_open_0500_PT,2025-03-19 05:00:00-07:00,2025-03-05 19:00:49+00:00,0.001
521603,108064859672314536571175804798614410280877635973727667622803804179444259690672,1,No,no,2025-03-19 12:00:00+00:00,2025_03_19_open_0500_PT,2025-03-19 05:00:00-07:00,2025-03-19 11:57:38+00:00,0.973
522894,108303820542127194670275571355095079674537367635794408292209711330192187534707,1,No,no,2025-03-19 12:00:00+00:00,2025_03_19_open_0500_PT,2025-03-19 05:00:00-07:00,2025-03-19 10:18:46+00:00,0.93
519736,108331518505056537403722461966654684743488871885239753047834907734450664515452,1,No,no,2025-03-19 12:00:00+00:00,2025_03_19_open_0500_PT,2025-03-19 05:00:00-07:00,2025-03-19 11:08:49+00:00,0.88
507311,109788973099970019996072517823266794542154906066004680247007602517078576240900,1,No,no,2025-03-19 12:00:00+00:00,2025_03_19_open_0500_PT,2025-03-19 05:00:00-07:00,2025-01-29 21:39:28+00:00,0.999
523420,110303218457795832861589414223072133732424840017074962598980991451216787898529,0,Yes,yes,2025-03-19 12:00:00+00:00,2025_03_19_open_0500_PT,2025-03-19 05:00:00-07:00,2025-03-19 07:47:55+00:00,0.4499999797499989
523420,110513468504414111967623727967802735681305040958967125800368195228103949451183,1,No,no,2025-03-19 12:00:00+00:00,2025_03_19_open_0500_PT,2025-03-19 05:00:00-07:00,2025-03-19 07:47:55+00:00,0.5500000202500012
523198,111048886296924495129741424280092672064807186679410610865674623733591163627018,1,No,no,2025-03-19 12:00:00+00:00,2025_03_19_open_0500_PT,2025-03-19 05:00:00-07:00,2025-03-19 09:04:16+00:00,0.92
522056,111817814065148789668110176254570458287510111700931938757952739120253070676417,1,No,no,2025-03-19 12:00:00+00:00,2025_03_19_open_0500_PT,2025-03-19 05:00:00-07:00,2025-03-19 11:53:30+00:00,0.4300000527250215
516315,112686805416681376426848642516954883318316273962669944235801308401883591913314,1,No,no,2025-03-19 12:00:00+00:00,2025_03_19_open_0500_PT,2025-03-19 05:00:00-07:00,2025-03-19 06:45:14+00:00,0.9539999828279832
519844,115151921832306680160638545362939767099400757097903129602011054222202727203606,1,No,no,2025-03-19 12:00:00+00:00,2025_03_19_open_0500_PT,2025-03-19 05:00:00-07:00,2025-02-28 20:07:00+00:00,0.001
524143,1179039883486402183499490082435825463500517700553032674433043579228770785112,0,Yes,yes,2025-03-19 12:00:00+00:00,2025_03_19_open_0500_PT,2025-03-19 05:00:00-07:00,2025-03-18 20:53:44+00:00,0.16
525437,12198166341436727947405729209814148041740036263965322192437253954048906701116,0,Yes,yes,2025-03-19 12:00:00+00:00,2025_03_19_open_0500_PT,2025-03-19 05:00:00-07:00,2025-03-05 19:01:37+00:00,0.99
521100,14990029861718662869816237869973544862792282285138092644462921007650993247380,0,Yes,yes,2025-03-19 12:00:00+00:00,2025_03_19_open_0500_PT,2025-03-19 05:00:00-07:00,2025-03-12 20:16:21+00:00,0.999
516719,15974786252393396629980467963784550802583781222733347534844974829144359265969,0,Yes,yes,2025-03-19 12:00:00+00:00,2025_03_19_open_0500_PT,2025-03-19 05:00:00-07:00,2025-03-19 11:42:00+00:00,0.7099999952666666
527081,17189149212865445714213344530377307644873493103595435170459256971807866915825,1,No,no,2025-03-19 12:00:00+00:00,2025_03_19_open_0500_PT,2025-03-19 05:00:00-07:00,2025-03-19 11:36:48+00:00,0.37
525442,17526688879266974475993857941710252477836369992267558391595367358065513215277,1,No,no,2025-03-19 12:00:00+00:00,2025_03_19_open_0500_PT,2025-03-19 05:00:00-07:00,2025-03-05 19:00:49+00:00,0.999
523198,17636133037698655711537839367918666335877935696344385855077943944327611242596,0,Yes,yes,2025-03-19 12:00:00+00:00,2025_03_19_open_0500_PT,2025-03-19 05:00:00-07:00,2025-03-19 09:04:16+00:00,0.08
518890,1820990530457734990844221236379424325571531338274179313320944848555296238885,0,Yes,yes,2025-03-19 12:00:00+00:00,2025_03_19_open_0500_PT,2025-03-19 05:00:00-07:00,2025-03-19 06:52:28+00:00,0.16
521603,18833065283746804110550289341323864262410877417777323132151715138616977528841,0,Yes,yes,2025-03-19 12:00:00+00:00,2025_03_19_open_0500_PT,2025-03-19 05:00:00-07:00,2025-03-19 11:58:34+00:00,0.027
518890,19787433176606062103363478006507471735790167880416910771642279209812633663344,1,No,no,2025-03-19 12:00:00+00:00,2025_03_19_open_0500_PT,2025-03-19 05:00:00-07:00,2025-03-19 06:52:28+00:00,0.84
523343,22255463452594162709449800579658835371746668793825841462318307382376621533755,0,Yes,yes,2025-03-19 12:00:00+00:00,2025_03_19_open_0500_PT,2025-03-19 05:00:00-07:00,2025-03-19 05:33:42+00:00,0.64
527279,22752183918002848078277748029145662550669719932108767430775139318472934671798,1,No,no,2025-03-19 12:00:00+00:00,2025_03_19_open_0500_PT,2025-03-19 05:00:00-07:00,2025-03-12 20:16:11+00:00,0.002
524021,22814991468805556116471270417641782171550309851492637070422109257339804109572,1,No,no,2025-03-19 12:00:00+00:00,2025_03_19_open_0500_PT,2025-03-19 05:00:00-07:00,2025-03-19 10:47:19+00:00,0.63
524292,23363560824318474668781482335102625289561748638527872548758492627125630990827,0,Yes,yes,2025-03-19 12:00:00+00:00,2025_03_19_open_0500_PT,2025-03-19 05:00:00-07:00,2025-03-18 04:22:01+00:00,0.11
521026,23632768753333496327246137884794918423597173479688585307138116345069085580247,1,No,no,2025-03-19 12:00:00+00:00,2025_03_19_open_0500_PT,2025-03-19 05:00:00-07:00,2025-03-19 09:28:40+00:00,0.37
516189,25301545985889508293321782755434072371936771538975200674445139222395623272851,1,No,no,2025-03-19 12:00:00+00:00,2025_03_19_open_0500_PT,2025-03-19 05:00:00-07:00,2025-03-18 23:51:18+00:00,0.971
516143,25742247876332768458781360292043764039507900813404980298479194684402595556451,0,Yes,yes,2025-03-19 12:00:00+00:00,2025_03_19_open_0500_PT,2025-03-19 05:00:00-07:00,2025-03-19 11:55:56+00:00,0.21
516190,27706044619360761256387697290478189707563660684659877077148428665563431908215,1,No,no,2025-03-19 12:00:00+00:00,2025_03_19_open_0500_PT,2025-03-19 05:00:00-07:00,2025-03-18 17:30:21+00:00,0.034
525231,27854589915558666949911110700107109304807510472832754346848714713106576041207,0,Yes,yes,2025-03-19 12:00:00+00:00,2025_03_19_open_0500_PT,2025-03-19 05:00:00-07:00,2025-03-18 16:49:37+00:00,0.09
521025,28414938735362964078307100001374150957816395319940009652318455849499629150252,1,No,no,2025-03-19 12:00:00+00:00,2025_03_19_open_0500_PT,2025-03-19 05:00:00-07:00,2025-03-19 07:27:48+00:00,0.64
525232,31566724138998405553508313449766802786847999037726188458982786371622924711878,1,No,no,2025-03-19 12:00:00+00:00,2025_03_19_open_0500_PT,2025-03-19 05:00:00-07:00,2025-03-18 19:38:06+00:00,0.609999859699892
524143,32156304147657186738936334568719617978558036247795210919856751006394161293073,1,No,no,2025-03-19 12:00:00+00:00,2025_03_19_open_0500_PT,2025-03-19 05:00:00-07:00,2025-03-18 20:53:44+00:00,0.84
526861,32921044856076201189154703786849418887213408387521621721061527935861828024828,0,Yes,yes,2025-03-19 12:00:00+00:00,2025_03_19_open_0500_PT,2025-03-19 05:00:00-07:00,2025-03-19 09:28:36+00:00,0.7
527278,33787629600621860180939604657495798919073059313987957113657471584613393310606,1,No,no,2025-03-19 12:00:00+00:00,2025_03_19_open_0500_PT,2025-03-19 05:00:00-07:00,2025-03-14 17:08:09+00:00,0.001
521499,37809713000353368658683984822433912106052732096671571646866650191133502648634,1,No,no,2025-03-19 12:00:00+00:00,2025_03_19_open_0500_PT,2025-03-19 05:00:00-07:00,2025-03-12 20:16:29+00:00,0.001
519628,37946704943888888914227612417452623974614267503719043957094985529354395995926,1,No,no,2025-03-19 12:00:00+00:00,2025_03_19_open_0500_PT,2025-03-19 05:00:00-07:00,2025-03-19 11:47:32+00:00,0.48000000416000005
517693,38028235049989289118991891250017423701902844342596888644757673357241176888913,1,No,no,2025-03-19 12:00:00+00:00,2025_03_19_open_0500_PT,2025-03-19 05:00:00-07:00,2025-03-18 20:38:26+00:00,0.88
522057,39073221701552764059446410725782004011128353041681427534414147663135223634260,1,No,no,2025-03-19 12:00:00+00:00,2025_03_19_open_0500_PT,2025-03-19 05:00:00-07:00,2025-03-19 11:21:27+00:00,0.76
519628,39327269875426915204597944387916069897800289788920336317845465327697809453999,0,Yes,yes,2025-03-19 12:00:00+00:00,2025_03_19_open_0500_PT,2025-03-19 05:00:00-07:00,2025-03-19 11:47:32+00:00,0.5199999958399999
527279,40001158490980829331315202760805197309678407198352511114569399283632572307422,0,Yes,yes,2025-03-19 12:00:00+00:00,2025_03_19_open_0500_PT,2025-03-19 05:00:00-07:00,2025-03-12 20:19:55+00:00,0.998
521103,40643730425995007653653846322257326466291751148478865541862332040512398068473,1,No,no,2025-03-19 12:00:00+00:00,2025_03_19_open_0500_PT,2025-03-19 05:00:00-07:00,2025-03-19 01:21:01+00:00,0.89
519844,40914113765279699847589045742755525912767460490196542143342551731171071232917,0,Yes,yes,2025-03-19 12:00:00+00:00,2025_03_19_open_0500_PT,2025-03-19 05:00:00-07:00,2025-02-28 20:07:00+00:00,0.999
516719,42351579455604873042957090441032286075880144797259231030267680078160718556927,1,No,no,2025-03-19 12:00:00+00:00,2025_03_19_open_0500_PT,2025-03-19 05:00:00-07:00,2025-03-19 10:55:29+00:00,0.29
523413,4274339277583331170231436480507835882687434608350779078862983050349942696879,1,No,no,2025-03-19 12:00:00+00:00,2025_03_19_open_0500_PT,2025-03-19 05:00:00-07:00,2025-03-18 22:12:04+00:00,0.85
521100,42807705713627033072721560874549512720856774493986139163714965545915531235572,1,No,no,2025-03-19 12:00:00+00:00,2025_03_19_open_0500_PT,2025-03-19 05:00:00-07:00,2025-03-12 20:16:21+00:00,0.001
524147,43469326409739858395690572881501444443817974097672167644298447954120789600137,0,Yes,yes,2025-03-19 12:00:00+00:00,2025_03_19_open_0500_PT,2025-03-19 05:00:00-07:00,2025-02-28 06:17:16+00:00,0.9988821436653187
518889,44380686214454472779171256638293817778327849773706779670665516622038269778385,1,No,no,2025-03-19 12:00:00+00:00,2025_03_19_open_0500_PT,2025-03-19 05:00:00-07:00,2025-03-19 10:06:28+00:00,0.6899999951699998
517073,46900460840406661483474634104595482418501684854096906918305683910102403871123,0,Yes,yes,2025-03-19 12:00:00+00:00,2025_03_19_open_0500_PT,2025-03-19 05:00:00-07:00,2025-03-15 22:04:44+00:00,0.22999999328399992
523413,46975241878566226675389813084558441099978633579735672808077735156890286559886,0,Yes,yes,2025-03-19 12:00:00+00:00,2025_03_19_open_0500_PT,2025-03-19 05:00:00-07:00,2025-03-18 22:12:04+00:00,0.15
521499,47692708638309429756044208432818720002044706296619873136468383174493259480485,0,Yes,yes,2025-03-19 12:00:00+00:00,2025_03_19_open_0500_PT,2025-03-19 05:00:00-07:00,2025-03-12 20:16:29+00:00,0.999
522057,48477409091695386761559202853239391470463303066983260592312960625658563043275,0,Yes,yes,2025-03-19 12:00:00+00:00,2025_03_19_open_0500_PT,2025-03-19 05:00:00-07:00,2025-03-19 10:56:35+00:00,0.23999999834683955
521026,49473000926194462184545427213242554383104595845909786504578023251386790224858,0,Yes,yes,2025-03-19 12:00:00+00:00,2025_03_19_open_0500_PT,2025-03-19 05:00:00-07:00,2025-03-19 09:23:14+00:00,0.6
507984,50284187941943469569202009194355917949339120733469101749033950310686959468007,0,Yes,yes,2025-03-19 12:00:00+00:00,2025_03_19_open_0500_PT,2025-03-19 05:00:00-07:00,2024-12-12 21:27:58+00:00,0.002
521025,50391907985844971368730434370554275352555306650304559981296724287110163889372,0,Yes,yes,2025-03-19 12:00:00+00:00,2025_03_19_open_0500_PT,2025-03-19 05:00:00-07:00,2025-03-19 07:27:48+00:00,0.36
527032,52520991936301939851844268554264807330714499642654844594240746592838266792432,1,No,no,2025-03-19 12:00:00+00:00,2025_03_19_open_0500_PT,2025-03-19 05:00:00-07:00,2025-03-11 19:15:04+00:00,0.999
524348,52960782840877996381169383667062216635147767148703288363719115614339176853095,0,Yes,yes,2025-03-19 12:00:00+00:00,2025_03_19_open_0500_PT,2025-03-19 05:00:00-07:00,2025-02-25 19:54:41+00:00,0.001
522878,5442743401928862894180841736263512191564084389996775978514134400673743050598,0,Putin,putin,2025-03-19 12:00:00+00:00,2025_03_19_open_0500_PT,2025-03-19 05:00:00-07:00,2025-02-28 20:00:10+00:00,0.001
522878,55264189025055373090161890959631464405045385380191735792739072809428026021736,1,Zelenskyy,zelenskyy,2025-03-19 12:00:00+00:00,2025_03_19_open_0500_PT,2025-03-19 05:00:00-07:00,2025-02-28 20:00:10+00:00,0.999
523197,55509409310784585364116971076570089959207228118269642206238982520364239944605,1,No,no,2025-03-19 12:00:00+00:00,2025_03_19_open_0500_PT,2025-03-19 05:00:00-07:00,2025-03-18 20:57:42+00:00,0.965
516187,56333219586489855674685549932194420713208928308331628771337419037140355178076,0,Yes,yes,2025-03-19 12:00:00+00:00,2025_03_19_open_0500_PT,2025-03-19 05:00:00-07:00,2025-03-17 19:41:27+00:00,0.04
523343,57160884655103428512814247631012981773015723019889832549493437551469480061242,1,No,no,2025-03-19 12:00:00+00:00,2025_03_19_open_0500_PT,2025-03-19 05:00:00-07:00,2025-03-19 05:33:42+00:00,0.36
516715,5802460671946751538636185453975614627729230853286731735057811449821051691611,0,Yes,yes,2025-03-19 12:00:00+00:00,2025_03_19_open_0500_PT,2025-03-19 05:00:00-07:00,2025-03-19 10:05:34+00:00,0.06
522895,62643694748826312587911382162440534823433709821141516597510649054633548502810,0,Yes,yes,2025-03-19 12:00:00+00:00,2025_03_19_open_0500_PT,2025-03-19 05:00:00-07:00,2025-03-18 23:13:24+00:00,0.33
519736,63894828884807366836211275957245556698359823645556214866812004935138375830618,0,Yes,yes,2025-03-19 12:00:00+00:00,2025_03_19_open_0500_PT,2025-03-19 05:00:00-07:00,2025-03-19 11:08:49+00:00,0.12
524147,6436214359665115810717148929293436681245885613476937891713590935932389735242,1,No,no,2025-03-19 12:00:00+00:00,2025_03_19_open_0500_PT,2025-03-19 05:00:00-07:00,2025-02-28 06:17:16+00:00,0.001
525157,64545313588399663482682286511585103428301403511234717343459455007091083337075,1,No,no,2025-03-19 12:00:00+00:00,2025_03_19_open_0500_PT,2025-03-19 05:00:00-07:00,2025-03-19 11:55:28+00:00,0.75
524291,6456202668171707900880212750943570928813250356351945554332572852984770395210,1,No,no,2025-03-19 12:00:00+00:00,2025_03_19_open_0500_PT,2025-03-19 05:00:00-07:00,2025-03-18 21:59:58+00:00,0.85
526861,65449845407755668776897976670879705991692250175624922195548093200952844680115,1,No,no,2025-03-19 12:00:00+00:00,2025_03_19_open_0500_PT,2025-03-19 05:00:00-07:00,2025-03-19 09:54:52+00:00,0.33
524285,65482627758879803524003778479202246178420046841505286705606240559010331503838,0,Yes,yes,2025-03-19 12:00:00+00:00,2025_03_19_open_0500_PT,2025-03-19 05:00:00-07:00,2025-03-19 11:01:35+00:00,0.3752096
526814,65961864506371256053813328069691531595710124813443748296296270747497043580971,1,No,no,2025-03-19 12:00:00+00:00,2025_03_19_open_0500_PT,2025-03-19 05:00:00-07:00,2025-03-19 11:24:27+00:00,0.62
522895,66339636783489562244427406324835042611372608866942882907689045655663784195972,1,No,no,2025-03-19 12:00:00+00:00,2025_03_19_open_0500_PT,2025-03-19 05:00:00-07:00,2025-03-18 23:13:24+00:00,0.67
524145,66356062315875533075062405949409720397580573066885585702377343083606583765118,0,Yes,yes,2025-03-19 12:00:00+00:00,2025_03_19_open_0500_PT,2025-03-19 05:00:00-07:00,2025-02-28 18:42:39+00:00,0.999
524310,6800060988333615171942817578522303119129729510028069894794248047438283072436,1,No,no,2025-03-19 12:00:00+00:00,2025_03_19_open_0500_PT,2025-03-19 05:00:00-07:00,2025-03-19 11:57:40+00:00,0.3232311477238808
507984,68914504833157616843053838732988841773228477730246651549660144444755511574372,1,No,no,2025-03-19 12:00:00+00:00,2025_03_19_open_0500_PT,2025-03-19 05:00:00-07:00,2024-12-12 21:27:58+00:00,0.998
517693,69226537548379102137110260910766942274764101034650179979960227372969528243604,0,Yes,yes,2025-03-19 12:00:00+00:00,2025_03_19_open_0500_PT,2025-03-19 05:00:00-07:00,2025-03-12 21:00:11+00:00,0.12
521041,70920939650366426146836696994150938025168677239124917474200404356093431153260,1,No,no,2025-03-19 12:00:00+00:00,2025_03_19_open_0500_PT,2025-03-19 05:00:00-07:00,2025-03-19 09:13:24+00:00,0.9
516189,71685983838843709915160975671540060908877886707703474939962098991499689519711,0,Yes,yes,2025-03-19 12:00:00+00:00,2025_03_19_open_0500_PT,2025-03-19 05:00:00-07:00,2025-03-18 23:51:18+00:00,0.029
525232,73663957466489274595176785305097386128325404078001917490010407904837134882577,0,Yes,yes,2025-03-19 12:00:00+00:00,2025_03_19_open_0500_PT,2025-03-19 05:00:00-07:00,2025-03-19 11:12:57+00:00,0.4
524348,73984012795437798473481687953253285098754321969692105101879063972760068638228,1,No,no,2025-03-19 12:00:00+00:00,2025_03_19_open_0500_PT,2025-03-19 05:00:00-07:00,2025-02-25 19:54:41+00:00,0.999
525157,74129046843921940913413587682588886122583847748489066762857187137233978267670,0,Yes,yes,2025-03-19 12:00:00+00:00,2025_03_19_open_0500_PT,2025-03-19 05:00:00-07:00,2025-03-19 11:55:28+00:00,0.25
519048,74534059827731044353009484655251717921023956616694121520435859117169009979824,0,Yes,yes,2025-03-19 12:00:00+00:00,2025_03_19_open_0500_PT,2025-03-19 05:00:00-07:00,2025-03-19 11:41:40+00:00,0.1499999985
524477,75533964938719028696952998369094361524498526879485856631877081096914627658644,1,No,no,2025-03-19 12:00:00+00:00,2025_03_19_open_0500_PT,2025-03-19 05:00:00-07:00,2025-03-19 11:10:53+00:00,0.91
518889,76417393963448037479806799796874747547221511591996743269503725518742470496274,0,Yes,yes,2025-03-19 12:00:00+00:00,2025_03_19_open_0500_PT,2025-03-19 05:00:00-07:00,2025-03-19 10:06:28+00:00,0.31000000483000023
523197,76517872896411850784270344965682992803318434169987777444136970978963357739156,0,Yes,yes,2025-03-19 12:00:00+00:00,2025_03_19_open_0500_PT,2025-03-19 05:00:00-07:00,2025-03-18 20:57:42+00:00,0.0341
519048,76643504232063200802060773779828726415087044269171506931668031354693251545396,1,No,no,2025-03-19 12:00:00+00:00,2025_03_19_open_0500_PT,2025-03-19 05:00:00-07:00,2025-03-19 11:41:40+00:00,0.8500000096907051
527278,76683579252562835143863542840343898007243510337054657506558517873008498105093,0,Yes,yes,2025-03-19 12:00:00+00:00,2025_03_19_open_0500_PT,2025-03-19 05:00:00-07:00,2025-03-14 17:08:09+00:00,0.999
516187,76896069667756716472035601301016783496873889454464161011234150458037478069918,1,No,no,2025-03-19 12:00:00+00:00,2025_03_19_open_0500_PT,2025-03-19 05:00:00-07:00,2025-03-17 19:41:27+00:00,0.96
517073,78869803177078589287716771530665317651497156168734051494454473188006845916520,1,No,no,2025-03-19 12:00:00+00:00,2025_03_19_open_0500_PT,2025-03-19 05:00:00-07:00,2025-03-15 23:39:17+00:00,0.79
522894,81020312652589627285197771109762839746287006928172707150877539028691834065212,0,Yes,yes,2025-03-19 12:00:00+00:00,2025_03_19_open_0500_PT,2025-03-19 05:00:00-07:00,2025-03-19 10:18:46+00:00,0.07
524310,82246973513888061559569421022652964687465272762066736721360354291228748283806,0,Yes,yes,2025-03-19 12:00:00+00:00,2025_03_19_open_0500_PT,2025-03-19 05:00:00-07:00,2025-03-19 11:57:40+00:00,0.688
516190,83080252071092689902932666850490074811760131055025811650818073654402601835484,0,Yes,yes,2025-03-19 12:00:00+00:00,2025_03_19_open_0500_PT,2025-03-19 05:00:00-07:00,2025-03-18 02:09:39+00:00,0.9659999845436911
521041,83524440200143860657028178945801858366378129256359488825050609853223919531809,0,Yes,yes,2025-03-19 12:00:00+00:00,2025_03_19_open_0500_PT,2025-03-19 05:00:00-07:00,2025-03-19 08:22:10+00:00,0.11000000106633578
524477,83547673164506671794819260938344653989875088069034224812175182562166039721574,0,Yes,yes,2025-03-19 12:00:00+00:00,2025_03_19_open_0500_PT,2025-03-19 05:00:00-07:00,2025-03-19 07:10:54+00:00,0.08
525231,83742739530586820493605246339344277590673217105618245459443915506041800643469,1,No,no,2025-03-19 12:00:00+00:00,2025_03_19_open_0500_PT,2025-03-19 05:00:00-07:00,2025-03-18 16:49:37+00:00,0.91
510319,84888738552927367074645370589243532246434846262240067551074642775011167355434,0,Yes,yes,2025-03-19 12:00:00+00:00,2025_03_19_open_0500_PT,2025-03-19 05:00:00-07:00,2025-03-19 11:59:02+00:00,0.210000000316
527081,85329416514471004297478005149625146014624743562622421967455557722819447174298,0,Yes,yes,2025-03-19 12:00:00+00:00,2025_03_19_open_0500_PT,2025-03-19 05:00:00-07:00,2025-03-19 11:36:48+00:00,0.63
526229,86304131703011980721755979925817881408007934797292837200662297834354514178950,1,No,no,2025-03-19 12:00:00+00:00,2025_03_19_open_0500_PT,2025-03-19 05:00:00-07:00,2025-03-17 08:23:59+00:00,0.972
510319,86857783363775257860227917708309268561005168570896999677788731255030014967896,1,No,no,2025-03-19 12:00:00+00:00,2025_03_19_open_0500_PT,2025-03-19 05:00:00-07:00,2025-03-19 11:59:02+00:00,0.789999999684
526229,88551081062941956754624270296481102277138087249231124901142839087117648363109,0,Yes,yes,2025-03-19 12:00:00+00:00,2025_03_19_open_0500_PT,2025-03-19 05:00:00-07:00,2025-03-19 01:43:51+00:00,0.03099997045699861
524292,9014695769446700891659134648259488341557414914618690658701879241952037527074,1,No,no,2025-03-19 12:00:00+00:00,2025_03_19_open_0500_PT,2025-03-19 05:00:00-07:00,2025-03-19 00:24:32+00:00,0.88
527032,90544185197348445762400462367487730947998989538649021442756705113012034127717,0,Yes,yes,2025-03-19 12:00:00+00:00,2025_03_19_open_0500_PT,2025-03-19 05:00:00-07:00,2025-03-11 17:55:03+00:00,0.01
516315,9252583647094848244431316973245869222379640287360099162283052699401101960353,0,Yes,yes,2025-03-19 12:00:00+00:00,2025_03_19_open_0500_PT,2025-03-19 05:00:00-07:00,2025-03-19 09:43:42+00:00,0.046
516143,95786924372760057572092804419385993470890190892343223404877167501659835222533,1,No,no,2025-03-19 12:00:00+00:00,2025_03_19_open_0500_PT,2025-03-19 05:00:00-07:00,2025-03-19 11:48:12+00:00,0.78
522056,96601928894191559916157952751631886797424000157973909225754084049773554405468,0,Yes,yes,2025-03-19 12:00:00+00:00,2025_03_19_open_0500_PT,2025-03-19 05:00:00-07:00,2025-03-19 11:53:30+00:00,0.5699999472749785
527005,96618036676034164847772351078297997221316377064022855127438030193903015078566,1,No,no,2025-03-19 12:00:00+00:00,2025_03_19_open_0500_PT,2025-03-19 05:00:00-07:00,2025-03-18 16:44:15+00:00,0.84
524021,97262919156133260921887403057581420516585464065308475066791456615017669503669,0,Yes,yes,2025-03-19 12:00:00+00:00,2025_03_19_open_0500_PT,2025-03-19 05:00:00-07:00,2025-03-19 11:36:08+00:00,0.37999998410909014
527005,100121345789532362055123879793212027312379236056429540221720415709850532973373,0,Yes,yes,2025-03-20 00:00:00+00:00,2025_03_19_close_1700_PT,2025-03-19 17:00:00-07:00,2025-03-18 16:42:21+00:00,0.15629375411085134
507311,102006319303460238827563664446951754516041393632850360444322469125777577388771,0,Yes,yes,2025-03-20 00:00:00+00:00,2025_03_19_close_1700_PT,2025-03-19 17:00:00-07:00,2025-01-29 21:39:28+00:00,0.001
524145,102062916030133807330186342894442541205582789480933958339342744794892413850627,1,No,no,2025-03-20 00:00:00+00:00,2025_03_19_close_1700_PT,2025-03-19 17:00:00-07:00,2025-02-28 16:13:57+00:00,0.001
525437,10316592426452860464899722692398677096383513371344164830735417650138017205817,1,No,no,2025-03-20 00:00:00+00:00,2025_03_19_close_1700_PT,2025-03-19 17:00:00-07:00,2025-03-05 19:01:37+00:00,0.01
521103,103909253011351322759892776638669457027523901655815490042130382730360706229706,0,Yes,yes,2025-03-20 00:00:00+00:00,2025_03_19_close_1700_PT,2025-03-19 17:00:00-07:00,2025-03-19 01:21:01+00:00,0.11262178619756427
516715,104795148936930645520469554178353538587130154145659561962269514319642274480768,1,No,no,2025-03-20 00:00:00+00:00,2025_03_19_close_1700_PT,2025-03-19 17:00:00-07:00,2025-03-18 02:12:33+00:00,0.9399999623995127
526814,105039045108735350701067761926660919174556796573940954887933194396971464305066,0,Yes,yes,2025-03-20 00:00:00+00:00,2025_03_19_close_1700_PT,2025-03-19 17:00:00-07:00,2025-03-19 23:45:55+00:00,0.35000000085526317
524291,106785705064968660332067023300536266535388124753272914243541205698423062856246,0,Yes,yes,2025-03-20 00:00:00+00:00,2025_03_19_close_1700_PT,2025-03-19 17:00:00-07:00,2025-03-19 23:09:23+00:00,0.14
524285,107643187201000404038693592426566378917534508353468263334674357442312114112510,1,No,no,2025-03-20 00:00:00+00:00,2025_03_19_close_1700_PT,2025-03-19 17:00:00-07:00,2025-03-19 23:01:05+00:00,0.62
525442,108057916747365167542504013787062021441684619476265070483570121865318046932052,0,Yes,yes,2025-03-20 00:00:00+00:00,2025_03_19_close_1700_PT,2025-03-19 17:00:00-07:00,2025-03-05 19:00:49+00:00,0.001
521603,108064859672314536571175804798614410280877635973727667622803804179444259690672,1,No,no,2025-03-20 00:00:00+00:00,2025_03_19_close_1700_PT,2025-03-19 17:00:00-07:00,2025-03-19 23:49:13+00:00,0.972
522894,108303820542127194670275571355095079674537367635794408292209711330192187534707,1,No,no,2025-03-20 00:00:00+00:00,2025_03_19_close_1700_PT,2025-03-19 17:00:00-07:00,2025-03-19 22:21:41+00:00,0.93
519736,108331518505056537403722461966654684743488871885239753047834907734450664515452,1,No,no,2025-03-20 00:00:00+00:00,2025_03_19_close_1700_PT,2025-03-19 17:00:00-07:00,2025-03-19 23:24:59+00:00,0.886
507311,109788973099970019996072517823266794542154906066004680247007602517078576240900,1,No,no,2025-03-20 00:00:00+00:00,2025_03_19_close_1700_PT,2025-03-19 17:00:00-07:00,2025-01-29 21:39:28+00:00,0.999
523420,110303218457795832861589414223072133732424840017074962598980991451216787898529,0,Yes,yes,2025-03-20 00:00:00+00:00,2025_03_19_close_1700_PT,2025-03-19 17:00:00-07:00,2025-03-19 23:30:05+00:00,0.42000001469874193
523420,110513468504414111967623727967802735681305040958967125800368195228103949451183,1,No,no,2025-03-20 00:00:00+00:00,2025_03_19_close_1700_PT,2025-03-19 17:00:00-07:00,2025-03-19 23:30:05+00:00,0.5702327676483593
523198,111048886296924495129741424280092672064807186679410610865674623733591163627018,1,No,no,2025-03-20 00:00:00+00:00,2025_03_19_close_1700_PT,2025-03-19 17:00:00-07:00,2025-03-19 18:04:40+00:00,0.93
522056,111817814065148789668110176254570458287510111700931938757952739120253070676417,1,No,no,2025-03-20 00:00:00+00:00,2025_03_19_close_1700_PT,2025-03-19 17:00:00-07:00,2025-03-19 20:54:37+00:00,0.47
516315,112686805416681376426848642516954883318316273962669944235801308401883591913314,1,No,no,2025-03-20 00:00:00+00:00,2025_03_19_close_1700_PT,2025-03-19 17:00:00-07:00,2025-03-19 23:11:19+00:00,0.95
519844,115151921832306680160638545362939767099400757097903129602011054222202727203606,1,No,no,2025-03-20 00:00:00+00:00,2025_03_19_close_1700_PT,2025-03-19 17:00:00-07:00,2025-02-28 20:07:00+00:00,0.001
524143,1179039883486402183499490082435825463500517700553032674433043579228770785112,0,Yes,yes,2025-03-20 00:00:00+00:00,2025_03_19_close_1700_PT,2025-03-19 17:00:00-07:00,2025-03-19 21:24:17+00:00,0.16
525437,12198166341436727947405729209814148041740036263965322192437253954048906701116,0,Yes,yes,2025-03-20 00:00:00+00:00,2025_03_19_close_1700_PT,2025-03-19 17:00:00-07:00,2025-03-05 19:01:37+00:00,0.99
521100,14990029861718662869816237869973544862792282285138092644462921007650993247380,0,Yes,yes,2025-03-20 00:00:00+00:00,2025_03_19_close_1700_PT,2025-03-19 17:00:00-07:00,2025-03-12 20:16:21+00:00,0.999
516719,15974786252393396629980467963784550802583781222733347534844974829144359265969,0,Yes,yes,2025-03-20 00:00:00+00:00,2025_03_19_close_1700_PT,2025-03-19 17:00:00-07:00,2025-03-19 23:28:37+00:00,0.6999999936363626
527081,17189149212865445714213344530377307644873493103595435170459256971807866915825,1,No,no,2025-03-20 00:00:00+00:00,2025_03_19_close_1700_PT,2025-03-19 17:00:00-07:00,2025-03-19 21:53:07+00:00,0.5400000099666669
525442,17526688879266974475993857941710252477836369992267558391595367358065513215277,1,No,no,2025-03-20 00:00:00+00:00,2025_03_19_close_1700_PT,2025-03-19 17:00:00-07:00,2025-03-05 19:00:49+00:00,0.999
523198,17636133037698655711537839367918666335877935696344385855077943944327611242596,0,Yes,yes,2025-03-20 00:00:00+00:00,2025_03_19_close_1700_PT,2025-03-19 17:00:00-07:00,2025-03-19 18:04:40+00:00,0.07
518890,1820990530457734990844221236379424325571531338274179313320944848555296238885,0,Yes,yes,2025-03-20 00:00:00+00:00,2025_03_19_close_1700_PT,2025-03-19 17:00:00-07:00,2025-03-19 21:32:07+00:00,0.17999998703999964
521603,18833065283746804110550289341323864262410877417777323132151715138616977528841,0,Yes,yes,2025-03-20 00:00:00+00:00,2025_03_19_close_1700_PT,2025-03-19 17:00:00-07:00,2025-03-19 23:49:13+00:00,0.028
518890,19787433176606062103363478006507471735790167880416910771642279209812633663344,1,No,no,2025-03-20 00:00:00+00:00,2025_03_19_close_1700_PT,2025-03-19 17:00:00-07:00,2025-03-19 06:52:28+00:00,0.84
523343,22255463452594162709449800579658835371746668793825841462318307382376621533755,0,Yes,yes,2025-03-20 00:00:00+00:00,2025_03_19_close_1700_PT,2025-03-19 17:00:00-07:00,2025-03-19 23:32:35+00:00,0.61
527279,22752183918002848078277748029145662550669719932108767430775139318472934671798,1,No,no,2025-03-20 00:00:00+00:00,2025_03_19_close_1700_PT,2025-03-19 17:00:00-07:00,2025-03-12 20:16:11+00:00,0.002
524021,22814991468805556116471270417641782171550309851492637070422109257339804109572,1,No,no,2025-03-20 00:00:00+00:00,2025_03_19_close_1700_PT,2025-03-19 17:00:00-07:00,2025-03-19 23:39:11+00:00,0.5989039672170091
524292,23363560824318474668781482335102625289561748638527872548758492627125630990827,0,Yes,yes,2025-03-20 00:00:00+00:00,2025_03_19_close_1700_PT,2025-03-19 17:00:00-07:00,2025-03-18 04:22:01+00:00,0.11
521026,23632768753333496327246137884794918423597173479688585307138116345069085580247,1,No,no,2025-03-20 00:00:00+00:00,2025_03_19_close_1700_PT,2025-03-19 17:00:00-07:00,2025-03-19 19:11:38+00:00,0.41
516189,25301545985889508293321782755434072371936771538975200674445139222395623272851,1,No,no,2025-03-20 00:00:00+00:00,2025_03_19_close_1700_PT,2025-03-19 17:00:00-07:00,2025-03-18 23:51:18+00:00,0.971
516143,25742247876332768458781360292043764039507900813404980298479194684402595556451,0,Yes,yes,2025-03-20 00:00:00+00:00,2025_03_19_close_1700_PT,2025-03-19 17:00:00-07:00,2025-03-19 23:55:53+00:00,0.19000000331363695
516190,27706044619360761256387697290478189707563660684659877077148428665563431908215,1,No,no,2025-03-20 00:00:00+00:00,2025_03_19_close_1700_PT,2025-03-19 17:00:00-07:00,2025-03-19 22:58:09+00:00,0.032832113144758736
525231,27854589915558666949911110700107109304807510472832754346848714713106576041207,0,Yes,yes,2025-03-20 00:00:00+00:00,2025_03_19_close_1700_PT,2025-03-19 17:00:00-07:00,2025-03-19 20:18:48+00:00,0.08
521025,28414938735362964078307100001374150957816395319940009652318455849499629150252,1,No,no,2025-03-20 00:00:00+00:00,2025_03_19_close_1700_PT,2025-03-19 17:00:00-07:00,2025-03-19 19:41:08+00:00,0.63
525232,31566724138998405553508313449766802786847999037726188458982786371622924711878,1,No,no,2025-03-20 00:00:00+00:00,2025_03_19_close_1700_PT,2025-03-19 17:00:00-07:00,2025-03-19 13:37:34+00:00,0.61
524143,32156304147657186738936334568719617978558036247795210919856751006394161293073,1,No,no,2025-03-20 00:00:00+00:00,2025_03_19_close_1700_PT,2025-03-19 17:00:00-07:00,2025-03-19 21:24:17+00:00,0.84
526861,32921044856076201189154703786849418887213408387521621721061527935861828024828,0,Yes,yes,2025-03-20 00:00:00+00:00,2025_03_19_close_1700_PT,2025-03-19 17:00:00-07:00,2025-03-19 22:37:55+00:00,0.49
527278,33787629600621860180939604657495798919073059313987957113657471584613393310606,1,No,no,2025-03-20 00:00:00+00:00,2025_03_19_close_1700_PT,2025-03-19 17:00:00-07:00,2025-03-14 17:08:09+00:00,0.001
521499,37809713000353368658683984822433912106052732096671571646866650191133502648634,1,No,no,2025-03-20 00:00:00+00:00,2025_03_19_close_1700_PT,2025-03-19 17:00:00-07:00,2025-03-12 20:16:29+00:00,0.001
519628,37946704943888888914227612417452623974614267503719043957094985529354395995926,1,No,no,2025-03-20 00:00:00+00:00,2025_03_19_close_1700_PT,2025-03-19 17:00:00-07:00,2025-03-19 23:39:31+00:00,0.489999999902
517693,38028235049989289118991891250017423701902844342596888644757673357241176888913,1,No,no,2025-03-20 00:00:00+00:00,2025_03_19_close_1700_PT,2025-03-19 17:00:00-07:00,2025-03-18 20:38:26+00:00,0.88
522057,39073221701552764059446410725782004011128353041681427534414147663135223634260,1,No,no,2025-03-20 00:00:00+00:00,2025_03_19_close_1700_PT,2025-03-19 17:00:00-07:00,2025-03-19 20:04:20+00:00,0.76
519628,39327269875426915204597944387916069897800289788920336317845465327697809453999,0,Yes,yes,2025-03-20 00:00:00+00:00,2025_03_19_close_1700_PT,2025-03-19 17:00:00-07:00,2025-03-19 23:41:35+00:00,0.52
527279,40001158490980829331315202760805197309678407198352511114569399283632572307422,0,Yes,yes,2025-03-20 00:00:00+00:00,2025_03_19_close_1700_PT,2025-03-19 17:00:00-07:00,2025-03-12 20:19:55+00:00,0.998
521103,40643730425995007653653846322257326466291751148478865541862332040512398068473,1,No,no,2025-03-20 00:00:00+00:00,2025_03_19_close_1700_PT,2025-03-19 17:00:00-07:00,2025-03-19 01:21:01+00:00,0.89
519844,40914113765279699847589045742755525912767460490196542143342551731171071232917,0,Yes,yes,2025-03-20 00:00:00+00:00,2025_03_19_close_1700_PT,2025-03-19 17:00:00-07:00,2025-02-28 20:07:00+00:00,0.999
516719,42351579455604873042957090441032286075880144797259231030267680078160718556927,1,No,no,2025-03-20 00:00:00+00:00,2025_03_19_close_1700_PT,2025-03-19 17:00:00-07:00,2025-03-19 23:28:37+00:00,0.30000000636363744
523413,4274339277583331170231436480507835882687434608350779078862983050349942696879,1,No,no,2025-03-20 00:00:00+00:00,2025_03_19_close_1700_PT,2025-03-19 17:00:00-07:00,2025-03-19 15:30:44+00:00,0.8399999663999946
521100,42807705713627033072721560874549512720856774493986139163714965545915531235572,1,No,no,2025-03-20 00:00:00+00:00,2025_03_19_close_1700_PT,2025-03-19 17:00:00-07:00,2025-03-12 20:16:21+00:00,0.001
524147,43469326409739858395690572881501444443817974097672167644298447954120789600137,0,Yes,yes,2025-03-20 00:00:00+00:00,2025_03_19_close_1700_PT,2025-03-19 17:00:00-07:00,2025-02-28 06:17:16+00:00,0.9988821436653187
518889,44380686214454472779171256638293817778327849773706779670665516622038269778385,1,No,no,2025-03-20 00:00:00+00:00,2025_03_19_close_1700_PT,2025-03-19 17:00:00-07:00,2025-03-19 16:46:22+00:00,0.67
517073,46900460840406661483474634104595482418501684854096906918305683910102403871123,0,Yes,yes,2025-03-20 00:00:00+00:00,2025_03_19_close_1700_PT,2025-03-19 17:00:00-07:00,2025-03-15 22:04:44+00:00,0.22999999328399992
523413,46975241878566226675389813084558441099978633579735672808077735156890286559886,0,Yes,yes,2025-03-20 00:00:00+00:00,2025_03_19_close_1700_PT,2025-03-19 17:00:00-07:00,2025-03-19 12:19:12+00:00,0.16
521499,47692708638309429756044208432818720002044706296619873136468383174493259480485,0,Yes,yes,2025-03-20 00:00:00+00:00,2025_03_19_close_1700_PT,2025-03-19 17:00:00-07:00,2025-03-12 20:16:29+00:00,0.999
522057,48477409091695386761559202853239391470463303066983260592312960625658563043275,0,Yes,yes,2025-03-20 00:00:00+00:00,2025_03_19_close_1700_PT,2025-03-19 17:00:00-07:00,2025-03-19 20:12:58+00:00,0.25
521026,49473000926194462184545427213242554383104595845909786504578023251386790224858,0,Yes,yes,2025-03-20 00:00:00+00:00,2025_03_19_close_1700_PT,2025-03-19 17:00:00-07:00,2025-03-19 19:11:38+00:00,0.59
507984,50284187941943469569202009194355917949339120733469101749033950310686959468007,0,Yes,yes,2025-03-20 00:00:00+00:00,2025_03_19_close_1700_PT,2025-03-19 17:00:00-07:00,2024-12-12 21:27:58+00:00,0.002
521025,50391907985844971368730434370554275352555306650304559981296724287110163889372,0,Yes,yes,2025-03-20 00:00:00+00:00,2025_03_19_close_1700_PT,2025-03-19 17:00:00-07:00,2025-03-19 22:20:33+00:00,0.34
527032,52520991936301939851844268554264807330714499642654844594240746592838266792432,1,No,no,2025-03-20 00:00:00+00:00,2025_03_19_close_1700_PT,2025-03-19 17:00:00-07:00,2025-03-11 19:15:04+00:00,0.999
524348,52960782840877996381169383667062216635147767148703288363719115614339176853095,0,Yes,yes,2025-03-20 00:00:00+00:00,2025_03_19_close_1700_PT,2025-03-19 17:00:00-07:00,2025-02-25 19:54:41+00:00,0.001
522878,5442743401928862894180841736263512191564084389996775978514134400673743050598,0,Putin,putin,2025-03-20 00:00:00+00:00,2025_03_19_close_1700_PT,2025-03-19 17:00:00-07:00,2025-02-28 20:00:10+00:00,0.001
522878,55264189025055373090161890959631464405045385380191735792739072809428026021736,1,Zelenskyy,zelenskyy,2025-03-20 00:00:00+00:00,2025_03_19_close_1700_PT,2025-03-19 17:00:00-07:00,2025-02-28 20:00:10+00:00,0.999
523197,55509409310784585364116971076570089959207228118269642206238982520364239944605,1,No,no,2025-03-20 00:00:00+00:00,2025_03_19_close_1700_PT,2025-03-19 17:00:00-07:00,2025-03-19 19:34:10+00:00,0.97
516187,56333219586489855674685549932194420713208928308331628771337419037140355178076,0,Yes,yes,2025-03-20 00:00:00+00:00,2025_03_19_close_1700_PT,2025-03-19 17:00:00-07:00,2025-03-17 19:41:27+00:00,0.04
523343,57160884655103428512814247631012981773015723019889832549493437551469480061242,1,No,no,2025-03-20 00:00:00+00:00,2025_03_19_close_1700_PT,2025-03-19 17:00:00-07:00,2025-03-19 23:32:35+00:00,0.39
516715,5802460671946751538636185453975614627729230853286731735057811449821051691611,0,Yes,yes,2025-03-20 00:00:00+00:00,2025_03_19_close_1700_PT,2025-03-19 17:00:00-07:00,2025-03-19 10:05:34+00:00,0.06
522895,62643694748826312587911382162440534823433709821141516597510649054633548502810,0,Yes,yes,2025-03-20 00:00:00+00:00,2025_03_19_close_1700_PT,2025-03-19 17:00:00-07:00,2025-03-18 23:13:24+00:00,0.33
519736,63894828884807366836211275957245556698359823645556214866812004935138375830618,0,Yes,yes,2025-03-20 00:00:00+00:00,2025_03_19_close_1700_PT,2025-03-19 17:00:00-07:00,2025-03-19 23:24:59+00:00,0.1042903
524147,6436214359665115810717148929293436681245885613476937891713590935932389735242,1,No,no,2025-03-20 00:00:00+00:00,2025_03_19_close_1700_PT,2025-03-19 17:00:00-07:00,2025-02-28 06:17:16+00:00,0.001
525157,64545313588399663482682286511585103428301403511234717343459455007091083337075,1,No,no,2025-03-20 00:00:00+00:00,2025_03_19_close_1700_PT,2025-03-19 17:00:00-07:00,2025-03-19 23:39:27+00:00,0.75
524291,6456202668171707900880212750943570928813250356351945554332572852984770395210,1,No,no,2025-03-20 00:00:00+00:00,2025_03_19_close_1700_PT,2025-03-19 17:00:00-07:00,2025-03-19 23:09:23+00:00,0.86
526861,65449845407755668776897976670879705991692250175624922195548093200952844680115,1,No,no,2025-03-20 00:00:00+00:00,2025_03_19_close_1700_PT,2025-03-19 17:00:00-07:00,2025-03-19 23:21:03+00:00,0.57
524285,65482627758879803524003778479202246178420046841505286705606240559010331503838,0,Yes,yes,2025-03-20 00:00:00+00:00,2025_03_19_close_1700_PT,2025-03-19 17:00:00-07:00,2025-03-19 23:01:05+00:00,0.38
526814,65961864506371256053813328069691531595710124813443748296296270747497043580971,1,No,no,2025-03-20 00:00:00+00:00,2025_03_19_close_1700_PT,2025-03-19 17:00:00-07:00,2025-03-19 23:45:55+00:00,0.6499999991447368
522895,66339636783489562244427406324835042611372608866942882907689045655663784195972,1,No,no,2025-03-20 00:00:00+00:00,2025_03_19_close_1700_PT,2025-03-19 17:00:00-07:00,2025-03-18 23:13:24+00:00,0.67
524145,66356062315875533075062405949409720397580573066885585702377343083606583765118,0,Yes,yes,2025-03-20 00:00:00+00:00,2025_03_19_close_1700_PT,2025-03-19 17:00:00-07:00,2025-02-28 18:42:39+00:00,0.999
524310,6800060988333615171942817578522303119129729510028069894794248047438283072436,1,No,no,2025-03-20 00:00:00+00:00,2025_03_19_close_1700_PT,2025-03-19 17:00:00-07:00,2025-03-19 22:58:47+00:00,0.43642470544919
507984,68914504833157616843053838732988841773228477730246651549660144444755511574372,1,No,no,2025-03-20 00:00:00+00:00,2025_03_19_close_1700_PT,2025-03-19 17:00:00-07:00,2024-12-12 21:27:58+00:00,0.998
517693,69226537548379102137110260910766942274764101034650179979960227372969528243604,0,Yes,yes,2025-03-20 00:00:00+00:00,2025_03_19_close_1700_PT,2025-03-19 17:00:00-07:00,2025-03-12 21:00:11+00:00,0.12
521041,70920939650366426146836696994150938025168677239124917474200404356093431153260,1,No,no,2025-03-20 00:00:00+00:00,2025_03_19_close_1700_PT,2025-03-19 17:00:00-07:00,2025-03-19 13:42:26+00:00,0.8700000319255392
516189,71685983838843709915160975671540060908877886707703474939962098991499689519711,0,Yes,yes,2025-03-20 00:00:00+00:00,2025_03_19_close_1700_PT,2025-03-19 17:00:00-07:00,2025-03-18 23:51:18+00:00,0.029
525232,73663957466489274595176785305097386128325404078001917490010407904837134882577,0,Yes,yes,2025-03-20 00:00:00+00:00,2025_03_19_close_1700_PT,2025-03-19 17:00:00-07:00,2025-03-19 13:37:34+00:00,0.39
524348,73984012795437798473481687953253285098754321969692105101879063972760068638228,1,No,no,2025-03-20 00:00:00+00:00,2025_03_19_close_1700_PT,2025-03-19 17:00:00-07:00,2025-02-25 19:54:41+00:00,0.999
525157,74129046843921940913413587682588886122583847748489066762857187137233978267670,0,Yes,yes,2025-03-20 00:00:00+00:00,2025_03_19_close_1700_PT,2025-03-19 17:00:00-07:00,2025-03-19 23:39:27+00:00,0.2551885456885457
519048,74534059827731044353009484655251717921023956616694121520435859117169009979824,0,Yes,yes,2025-03-20 00:00:00+00:00,2025_03_19_close_1700_PT,2025-03-19 17:00:00-07:00,2025-03-19 23:29:37+00:00,0.13
524477,75533964938719028696952998369094361524498526879485856631877081096914627658644,1,No,no,2025-03-20 00:00:00+00:00,2025_03_19_close_1700_PT,2025-03-19 17:00:00-07:00,2025-03-19 20:31:09+00:00,0.9333345020150344
518889,76417393963448037479806799796874747547221511591996743269503725518742470496274,0,Yes,yes,2025-03-20 00:00:00+00:00,2025_03_19_close_1700_PT,2025-03-19 17:00:00-07:00,2025-03-19 13:40:52+00:00,0.3299999590799969
523197,76517872896411850784270344965682992803318434169987777444136970978963357739156,0,Yes,yes,2025-03-20 00:00:00+00:00,2025_03_19_close_1700_PT,2025-03-19 17:00:00-07:00,2025-03-19 23:42:17+00:00,0.025915996639865595
519048,76643504232063200802060773779828726415087044269171506931668031354693251545396,1,No,no,2025-03-20 00:00:00+00:00,2025_03_19_close_1700_PT,2025-03-19 17:00:00-07:00,2025-03-19 23:29:37+00:00,0.87
527278,76683579252562835143863542840343898007243510337054657506558517873008498105093,0,Yes,yes,2025-03-20 00:00:00+00:00,2025_03_19_close_1700_PT,2025-03-19 17:00:00-07:00,2025-03-14 17:08:09+00:00,0.999
516187,76896069667756716472035601301016783496873889454464161011234150458037478069918,1,No,no,2025-03-20 00:00:00+00:00,2025_03_19_close_1700_PT,2025-03-19 17:00:00-07:00,2025-03-17 19:41:27+00:00,0.96
517073,78869803177078589287716771530665317651497156168734051494454473188006845916520,1,No,no,2025-03-20 00:00:00+00:00,2025_03_19_close_1700_PT,2025-03-19 17:00:00-07:00,2025-03-15 23:39:17+00:00,0.79
522894,81020312652589627285197771109762839746287006928172707150877539028691834065212,0,Yes,yes,2025-03-20 00:00:00+00:00,2025_03_19_close_1700_PT,2025-03-19 17:00:00-07:00,2025-03-19 22:21:41+00:00,0.07
524310,82246973513888061559569421022652964687465272762066736721360354291228748283806,0,Yes,yes,2025-03-20 00:00:00+00:00,2025_03_19_close_1700_PT,2025-03-19 17:00:00-07:00,2025-03-19 23:39:37+00:00,0.5799999981061223
516190,83080252071092689902932666850490074811760131055025811650818073654402601835484,0,Yes,yes,2025-03-20 00:00:00+00:00,2025_03_19_close_1700_PT,2025-03-19 17:00:00-07:00,2025-03-19 21:30:25+00:00,0.9689338376056403
521041,83524440200143860657028178945801858366378129256359488825050609853223919531809,0,Yes,yes,2025-03-20 00:00:00+00:00,2025_03_19_close_1700_PT,2025-03-19 17:00:00-07:00,2025-03-19 13:42:26+00:00,0.1299999789399992
524477,83547673164506671794819260938344653989875088069034224812175182562166039721574,0,Yes,yes,2025-03-20 00:00:00+00:00,2025_03_19_close_1700_PT,2025-03-19 17:00:00-07:00,2025-03-19 07:10:54+00:00,0.08
525231,83742739530586820493605246339344277590673217105618245459443915506041800643469,1,No,no,2025-03-20 00:00:00+00:00,2025_03_19_close_1700_PT,2025-03-19 17:00:00-07:00,2025-03-18 16:49:37+00:00,0.91
510319,84888738552927367074645370589243532246434846262240067551074642775011167355434,0,Yes,yes,2025-03-20 00:00:00+00:00,2025_03_19_close_1700_PT,2025-03-19 17:00:00-07:00,2025-03-19 23:41:21+00:00,0.19
527081,85329416514471004297478005149625146014624743562622421967455557722819447174298,0,Yes,yes,2025-03-20 00:00:00+00:00,2025_03_19_close_1700_PT,2025-03-19 17:00:00-07:00,2025-03-19 21:53:07+00:00,0.45999999003333314
526229,86304131703011980721755979925817881408007934797292837200662297834354514178950,1,No,no,2025-03-20 00:00:00+00:00,2025_03_19_close_1700_PT,2025-03-19 17:00:00-07:00,2025-03-19 23:55:05+00:00,0.971
510319,86857783363775257860227917708309268561005168570896999677788731255030014967896,1,No,no,2025-03-20 00:00:00+00:00,2025_03_19_close_1700_PT,2025-03-19 17:00:00-07:00,2025-03-19 23:55:27+00:00,0.8099999808545442
526229,88551081062941956754624270296481102277138087249231124901142839087117648363109,0,Yes,yes,2025-03-20 00:00:00+00:00,2025_03_19_close_1700_PT,2025-03-19 17:00:00-07:00,2025-03-19 23:55:05+00:00,0.029
524292,9014695769446700891659134648259488341557414914618690658701879241952037527074,1,No,no,2025-03-20 00:00:00+00:00,2025_03_19_close_1700_PT,2025-03-19 17:00:00-07:00,2025-03-19 19:52:32+00:00,0.88
527032,90544185197348445762400462367487730947998989538649021442756705113012034127717,0,Yes,yes,2025-03-20 00:00:00+00:00,2025_03_19_close_1700_PT,2025-03-19 17:00:00-07:00,2025-03-11 17:55:03+00:00,0.01
516315,9252583647094848244431316973245869222379640287360099162283052699401101960353,0,Yes,yes,2025-03-20 00:00:00+00:00,2025_03_19_close_1700_PT,2025-03-19 17:00:00-07:00,2025-03-19 23:11:19+00:00,0.05
516143,95786924372760057572092804419385993470890190892343223404877167501659835222533,1,No,no,2025-03-20 00:00:00+00:00,2025_03_19_close_1700_PT,2025-03-19 17:00:00-07:00,2025-03-19 23:55:53+00:00,0.809999996686363
522056,96601928894191559916157952751631886797424000157973909225754084049773554405468,0,Yes,yes,2025-03-20 00:00:00+00:00,2025_03_19_close_1700_PT,2025-03-19 17:00:00-07:00,2025-03-19 20:54:37+00:00,0.53
527005,96618036676034164847772351078297997221316377064022855127438030193903015078566,1,No,no,2025-03-20 00:00:00+00:00,2025_03_19_close_1700_PT,2025-03-19 17:00:00-07:00,2025-03-18 16:44:15+00:00,0.84
524021,97262919156133260921887403057581420516585464065308475066791456615017669503669,0,Yes,yes,2025-03-20 00:00:00+00:00,2025_03_19_close_1700_PT,2025-03-19 17:00:00-07:00,2025-03-19 23:39:11+00:00,0.41
527005,100121345789532362055123879793212027312379236056429540221720415709850532973373,0,Yes,yes,2025-03-20 12:00:00+00:00,2025_03_20_open_0500_PT,2025-03-20 05:00:00-07:00,2025-03-18 16:42:21+00:00,0.15629375411085134
507311,102006319303460238827563664446951754516041393632850360444322469125777577388771,0,Yes,yes,2025-03-20 12:00:00+00:00,2025_03_20_open_0500_PT,2025-03-20 05:00:00-07:00,2025-01-29 21:39:28+00:00,0.001
524145,102062916030133807330186342894442541205582789480933958339342744794892413850627,1,No,no,2025-03-20 12:00:00+00:00,2025_03_20_open_0500_PT,2025-03-20 05:00:00-07:00,2025-02-28 16:13:57+00:00,0.001
525437,10316592426452860464899722692398677096383513371344164830735417650138017205817,1,No,no,2025-03-20 12:00:00+00:00,2025_03_20_open_0500_PT,2025-03-20 05:00:00-07:00,2025-03-05 19:01:37+00:00,0.01
521103,103909253011351322759892776638669457027523901655815490042130382730360706229706,0,Yes,yes,2025-03-20 12:00:00+00:00,2025_03_20_open_0500_PT,2025-03-20 05:00:00-07:00,2025-03-20 08:33:33+00:00,0.13
516715,104795148936930645520469554178353538587130154145659561962269514319642274480768,1,No,no,2025-03-20 12:00:00+00:00,2025_03_20_open_0500_PT,2025-03-20 05:00:00-07:00,2025-03-20 11:21:53+00:00,0.9399999981199973
526814,105039045108735350701067761926660919174556796573940954887933194396971464305066,0,Yes,yes,2025-03-20 12:00:00+00:00,2025_03_20_open_0500_PT,2025-03-20 05:00:00-07:00,2025-03-20 11:52:08+00:00,0.4
524291,106785705064968660332067023300536266535388124753272914243541205698423062856246,0,Yes,yes,2025-03-20 12:00:00+00:00,2025_03_20_open_0500_PT,2025-03-20 05:00:00-07:00,2025-03-19 23:09:23+00:00,0.14
524285,107643187201000404038693592426566378917534508353468263334674357442312114112510,1,No,no,2025-03-20 12:00:00+00:00,2025_03_20_open_0500_PT,2025-03-20 05:00:00-07:00,2025-03-20 11:13:45+00:00,0.62
525442,108057916747365167542504013787062021441684619476265070483570121865318046932052,0,Yes,yes,2025-03-20 12:00:00+00:00,2025_03_20_open_0500_PT,2025-03-20 05:00:00-07:00,2025-03-05 19:00:49+00:00,0.001
521603,108064859672314536571175804798614410280877635973727667622803804179444259690672,1,No,no,2025-03-20 12:00:00+00:00,2025_03_20_open_0500_PT,2025-03-20 05:00:00-07:00,2025-03-20 11:35:18+00:00,0.976
522894,108303820542127194670275571355095079674537367635794408292209711330192187534707,1,No,no,2025-03-20 12:00:00+00:00,2025_03_20_open_0500_PT,2025-03-20 05:00:00-07:00,2025-03-19 22:21:41+00:00,0.93
519736,108331518505056537403722461966654684743488871885239753047834907734450664515452,1,No,no,2025-03-20 12:00:00+00:00,2025_03_20_open_0500_PT,2025-03-20 05:00:00-07:00,2025-03-20 05:38:05+00:00,0.9
507311,109788973099970019996072517823266794542154906066004680247007602517078576240900,1,No,no,2025-03-20 12:00:00+00:00,2025_03_20_open_0500_PT,2025-03-20 05:00:00-07:00,2025-01-29 21:39:28+00:00,0.999
523420,110303218457795832861589414223072133732424840017074962598980991451216787898529,0,Yes,yes,2025-03-20 12:00:00+00:00,2025_03_20_open_0500_PT,2025-03-20 05:00:00-07:00,2025-03-20 11:50:48+00:00,0.42
523420,110513468504414111967623727967802735681305040958967125800368195228103949451183,1,No,no,2025-03-20 12:00:00+00:00,2025_03_20_open_0500_PT,2025-03-20 05:00:00-07:00,2025-03-20 11:50:48+00:00,0.58
523198,111048886296924495129741424280092672064807186679410610865674623733591163627018,1,No,no,2025-03-20 12:00:00+00:00,2025_03_20_open_0500_PT,2025-03-20 05:00:00-07:00,2025-03-19 18:04:40+00:00,0.93
522056,111817814065148789668110176254570458287510111700931938757952739120253070676417,1,No,no,2025-03-20 12:00:00+00:00,2025_03_20_open_0500_PT,2025-03-20 05:00:00-07:00,2025-03-20 09:17:07+00:00,0.45000000687500025
516315,112686805416681376426848642516954883318316273962669944235801308401883591913314,1,No,no,2025-03-20 12:00:00+00:00,2025_03_20_open_0500_PT,2025-03-20 05:00:00-07:00,2025-03-20 05:48:37+00:00,0.956
519844,115151921832306680160638545362939767099400757097903129602011054222202727203606,1,No,no,2025-03-20 12:00:00+00:00,2025_03_20_open_0500_PT,2025-03-20 05:00:00-07:00,2025-02-28 20:07:00+00:00,0.001
524143,1179039883486402183499490082435825463500517700553032674433043579228770785112,0,Yes,yes,2025-03-20 12:00:00+00:00,2025_03_20_open_0500_PT,2025-03-20 05:00:00-07:00,2025-03-20 09:21:03+00:00,0.1
525437,12198166341436727947405729209814148041740036263965322192437253954048906701116,0,Yes,yes,2025-03-20 12:00:00+00:00,2025_03_20_open_0500_PT,2025-03-20 05:00:00-07:00,2025-03-05 19:01:37+00:00,0.99
521100,14990029861718662869816237869973544862792282285138092644462921007650993247380,0,Yes,yes,2025-03-20 12:00:00+00:00,2025_03_20_open_0500_PT,2025-03-20 05:00:00-07:00,2025-03-12 20:16:21+00:00,0.999
516719,15974786252393396629980467963784550802583781222733347534844974829144359265969,0,Yes,yes,2025-03-20 12:00:00+00:00,2025_03_20_open_0500_PT,2025-03-20 05:00:00-07:00,2025-03-20 11:28:35+00:00,0.7
527081,17189149212865445714213344530377307644873493103595435170459256971807866915825,1,No,no,2025-03-20 12:00:00+00:00,2025_03_20_open_0500_PT,2025-03-20 05:00:00-07:00,2025-03-20 11:55:50+00:00,0.5300000530854081
525442,17526688879266974475993857941710252477836369992267558391595367358065513215277,1,No,no,2025-03-20 12:00:00+00:00,2025_03_20_open_0500_PT,2025-03-20 05:00:00-07:00,2025-03-05 19:00:49+00:00,0.999
523198,17636133037698655711537839367918666335877935696344385855077943944327611242596,0,Yes,yes,2025-03-20 12:00:00+00:00,2025_03_20_open_0500_PT,2025-03-20 05:00:00-07:00,2025-03-19 18:04:40+00:00,0.07
518890,1820990530457734990844221236379424325571531338274179313320944848555296238885,0,Yes,yes,2025-03-20 12:00:00+00:00,2025_03_20_open_0500_PT,2025-03-20 05:00:00-07:00,2025-03-19 21:32:07+00:00,0.17999998703999964
521603,18833065283746804110550289341323864262410877417777323132151715138616977528841,0,Yes,yes,2025-03-20 12:00:00+00:00,2025_03_20_open_0500_PT,2025-03-20 05:00:00-07:00,2025-03-20 11:35:18+00:00,0.024
518890,19787433176606062103363478006507471735790167880416910771642279209812633663344,1,No,no,2025-03-20 12:00:00+00:00,2025_03_20_open_0500_PT,2025-03-20 05:00:00-07:00,2025-03-19 06:52:28+00:00,0.84
523343,22255463452594162709449800579658835371746668793825841462318307382376621533755,0,Yes,yes,2025-03-20 12:00:00+00:00,2025_03_20_open_0500_PT,2025-03-20 05:00:00-07:00,2025-03-20 08:31:23+00:00,0.61
527279,22752183918002848078277748029145662550669719932108767430775139318472934671798,1,No,no,2025-03-20 12:00:00+00:00,2025_03_20_open_0500_PT,2025-03-20 05:00:00-07:00,2025-03-12 20:16:11+00:00,0.002
524021,22814991468805556116471270417641782171550309851492637070422109257339804109572,1,No,no,2025-03-20 12:00:00+00:00,2025_03_20_open_0500_PT,2025-03-20 05:00:00-07:00,2025-03-20 11:36:24+00:00,0.64
524292,23363560824318474668781482335102625289561748638527872548758492627125630990827,0,Yes,yes,2025-03-20 12:00:00+00:00,2025_03_20_open_0500_PT,2025-03-20 05:00:00-07:00,2025-03-18 04:22:01+00:00,0.11
521026,23632768753333496327246137884794918423597173479688585307138116345069085580247,1,No,no,2025-03-20 12:00:00+00:00,2025_03_20_open_0500_PT,2025-03-20 05:00:00-07:00,2025-03-20 08:38:05+00:00,0.38
516189,25301545985889508293321782755434072371936771538975200674445139222395623272851,1,No,no,2025-03-20 12:00:00+00:00,2025_03_20_open_0500_PT,2025-03-20 05:00:00-07:00,2025-03-18 23:51:18+00:00,0.971
516143,25742247876332768458781360292043764039507900813404980298479194684402595556451,0,Yes,yes,2025-03-20 12:00:00+00:00,2025_03_20_open_0500_PT,2025-03-20 05:00:00-07:00,2025-03-20 11:41:44+00:00,0.14
516190,27706044619360761256387697290478189707563660684659877077148428665563431908215,1,No,no,2025-03-20 12:00:00+00:00,2025_03_20_open_0500_PT,2025-03-20 05:00:00-07:00,2025-03-19 22:58:09+00:00,0.032832113144758736
525231,27854589915558666949911110700107109304807510472832754346848714713106576041207,0,Yes,yes,2025-03-20 12:00:00+00:00,2025_03_20_open_0500_PT,2025-03-20 05:00:00-07:00,2025-03-19 20:18:48+00:00,0.08
521025,28414938735362964078307100001374150957816395319940009652318455849499629150252,1,No,no,2025-03-20 12:00:00+00:00,2025_03_20_open_0500_PT,2025-03-20 05:00:00-07:00,2025-03-20 06:50:49+00:00,0.6499999593749923
525232,31566724138998405553508313449766802786847999037726188458982786371622924711878,1,No,no,2025-03-20 12:00:00+00:00,2025_03_20_open_0500_PT,2025-03-20 05:00:00-07:00,2025-03-20 09:21:17+00:00,0.62
524143,32156304147657186738936334568719617978558036247795210919856751006394161293073,1,No,no,2025-03-20 12:00:00+00:00,2025_03_20_open_0500_PT,2025-03-20 05:00:00-07:00,2025-03-20 10:58:51+00:00,0.89
526861,32921044856076201189154703786849418887213408387521621721061527935861828024828,0,Yes,yes,2025-03-20 12:00:00+00:00,2025_03_20_open_0500_PT,2025-03-20 05:00:00-07:00,2025-03-20 10:46:31+00:00,0.41
527278,33787629600621860180939604657495798919073059313987957113657471584613393310606,1,No,no,2025-03-20 12:00:00+00:00,2025_03_20_open_0500_PT,2025-03-20 05:00:00-07:00,2025-03-14 17:08:09+00:00,0.001
521499,37809713000353368658683984822433912106052732096671571646866650191133502648634,1,No,no,2025-03-20 12:00:00+00:00,2025_03_20_open_0500_PT,2025-03-20 05:00:00-07:00,2025-03-12 20:16:29+00:00,0.001
519628,37946704943888888914227612417452623974614267503719043957094985529354395995926,1,No,no,2025-03-20 12:00:00+00:00,2025_03_20_open_0500_PT,2025-03-20 05:00:00-07:00,2025-03-20 11:55:42+00:00,0.4799999879999988
517693,38028235049989289118991891250017423701902844342596888644757673357241176888913,1,No,no,2025-03-20 12:00:00+00:00,2025_03_20_open_0500_PT,2025-03-20 05:00:00-07:00,2025-03-18 20:38:26+00:00,0.88
522057,39073221701552764059446410725782004011128353041681427534414147663135223634260,1,No,no,2025-03-20 12:00:00+00:00,2025_03_20_open_0500_PT,2025-03-20 05:00:00-07:00,2025-03-20 10:11:29+00:00,0.7400000097066669
519628,39327269875426915204597944387916069897800289788920336317845465327697809453999,0,Yes,yes,2025-03-20 12:00:00+00:00,2025_03_20_open_0500_PT,2025-03-20 05:00:00-07:00,2025-03-20 11:59:44+00:00,0.52
527279,40001158490980829331315202760805197309678407198352511114569399283632572307422,0,Yes,yes,2025-03-20 12:00:00+00:00,2025_03_20_open_0500_PT,2025-03-20 05:00:00-07:00,2025-03-12 20:19:55+00:00,0.998
521103,40643730425995007653653846322257326466291751148478865541862332040512398068473,1,No,no,2025-03-20 12:00:00+00:00,2025_03_20_open_0500_PT,2025-03-20 05:00:00-07:00,2025-03-20 11:21:23+00:00,0.8804035578554902
519844,40914113765279699847589045742755525912767460490196542143342551731171071232917,0,Yes,yes,2025-03-20 12:00:00+00:00,2025_03_20_open_0500_PT,2025-03-20 05:00:00-07:00,2025-02-28 20:07:00+00:00,0.999
516719,42351579455604873042957090441032286075880144797259231030267680078160718556927,1,No,no,2025-03-20 12:00:00+00:00,2025_03_20_open_0500_PT,2025-03-20 05:00:00-07:00,2025-03-20 11:28:35+00:00,0.3
523413,4274339277583331170231436480507835882687434608350779078862983050349942696879,1,No,no,2025-03-20 12:00:00+00:00,2025_03_20_open_0500_PT,2025-03-20 05:00:00-07:00,2025-03-19 15:30:44+00:00,0.8399999663999946
521100,42807705713627033072721560874549512720856774493986139163714965545915531235572,1,No,no,2025-03-20 12:00:00+00:00,2025_03_20_open_0500_PT,2025-03-20 05:00:00-07:00,2025-03-12 20:16:21+00:00,0.001
524147,43469326409739858395690572881501444443817974097672167644298447954120789600137,0,Yes,yes,2025-03-20 12:00:00+00:00,2025_03_20_open_0500_PT,2025-03-20 05:00:00-07:00,2025-02-28 06:17:16+00:00,0.9988821436653187
518889,44380686214454472779171256638293817778327849773706779670665516622038269778385,1,No,no,2025-03-20 12:00:00+00:00,2025_03_20_open_0500_PT,2025-03-20 05:00:00-07:00,2025-03-20 08:36:09+00:00,0.7
517073,46900460840406661483474634104595482418501684854096906918305683910102403871123,0,Yes,yes,2025-03-20 12:00:00+00:00,2025_03_20_open_0500_PT,2025-03-20 05:00:00-07:00,2025-03-15 22:04:44+00:00,0.22999999328399992
523413,46975241878566226675389813084558441099978633579735672808077735156890286559886,0,Yes,yes,2025-03-20 12:00:00+00:00,2025_03_20_open_0500_PT,2025-03-20 05:00:00-07:00,2025-03-19 12:19:12+00:00,0.16
521499,47692708638309429756044208432818720002044706296619873136468383174493259480485,0,Yes,yes,2025-03-20 12:00:00+00:00,2025_03_20_open_0500_PT,2025-03-20 05:00:00-07:00,2025-03-12 20:16:29+00:00,0.999
522057,48477409091695386761559202853239391470463303066983260592312960625658563043275,0,Yes,yes,2025-03-20 12:00:00+00:00,2025_03_20_open_0500_PT,2025-03-20 05:00:00-07:00,2025-03-20 10:11:29+00:00,0.25999999029333304
521026,49473000926194462184545427213242554383104595845909786504578023251386790224858,0,Yes,yes,2025-03-20 12:00:00+00:00,2025_03_20_open_0500_PT,2025-03-20 05:00:00-07:00,2025-03-19 19:11:38+00:00,0.59
507984,50284187941943469569202009194355917949339120733469101749033950310686959468007,0,Yes,yes,2025-03-20 12:00:00+00:00,2025_03_20_open_0500_PT,2025-03-20 05:00:00-07:00,2024-12-12 21:27:58+00:00,0.002
521025,50391907985844971368730434370554275352555306650304559981296724287110163889372,0,Yes,yes,2025-03-20 12:00:00+00:00,2025_03_20_open_0500_PT,2025-03-20 05:00:00-07:00,2025-03-19 22:20:33+00:00,0.34
527032,52520991936301939851844268554264807330714499642654844594240746592838266792432,1,No,no,2025-03-20 12:00:00+00:00,2025_03_20_open_0500_PT,2025-03-20 05:00:00-07:00,2025-03-11 19:15:04+00:00,0.999
524348,52960782840877996381169383667062216635147767148703288363719115614339176853095,0,Yes,yes,2025-03-20 12:00:00+00:00,2025_03_20_open_0500_PT,2025-03-20 05:00:00-07:00,2025-02-25 19:54:41+00:00,0.001
522878,5442743401928862894180841736263512191564084389996775978514134400673743050598,0,Putin,putin,2025-03-20 12:00:00+00:00,2025_03_20_open_0500_PT,2025-03-20 05:00:00-07:00,2025-02-28 20:00:10+00:00,0.001
522878,55264189025055373090161890959631464405045385380191735792739072809428026021736,1,Zelenskyy,zelenskyy,2025-03-20 12:00:00+00:00,2025_03_20_open_0500_PT,2025-03-20 05:00:00-07:00,2025-02-28 20:00:10+00:00,0.999
523197,55509409310784585364116971076570089959207228118269642206238982520364239944605,1,No,no,2025-03-20 12:00:00+00:00,2025_03_20_open_0500_PT,2025-03-20 05:00:00-07:00,2025-03-20 07:10:13+00:00,0.975
516187,56333219586489855674685549932194420713208928308331628771337419037140355178076,0,Yes,yes,2025-03-20 12:00:00+00:00,2025_03_20_open_0500_PT,2025-03-20 05:00:00-07:00,2025-03-17 19:41:27+00:00,0.04
523343,57160884655103428512814247631012981773015723019889832549493437551469480061242,1,No,no,2025-03-20 12:00:00+00:00,2025_03_20_open_0500_PT,2025-03-20 05:00:00-07:00,2025-03-20 04:27:57+00:00,0.38999999024999976
516715,5802460671946751538636185453975614627729230853286731735057811449821051691611,0,Yes,yes,2025-03-20 12:00:00+00:00,2025_03_20_open_0500_PT,2025-03-20 05:00:00-07:00,2025-03-20 11:21:53+00:00,0.06000000188000263
522895,62643694748826312587911382162440534823433709821141516597510649054633548502810,0,Yes,yes,2025-03-20 12:00:00+00:00,2025_03_20_open_0500_PT,2025-03-20 05:00:00-07:00,2025-03-18 23:13:24+00:00,0.33
519736,63894828884807366836211275957245556698359823645556214866812004935138375830618,0,Yes,yes,2025-03-20 12:00:00+00:00,2025_03_20_open_0500_PT,2025-03-20 05:00:00-07:00,2025-03-20 05:38:05+00:00,0.1
524147,6436214359665115810717148929293436681245885613476937891713590935932389735242,1,No,no,2025-03-20 12:00:00+00:00,2025_03_20_open_0500_PT,2025-03-20 05:00:00-07:00,2025-02-28 06:17:16+00:00,0.001
525157,64545313588399663482682286511585103428301403511234717343459455007091083337075,1,No,no,2025-03-20 12:00:00+00:00,2025_03_20_open_0500_PT,2025-03-20 05:00:00-07:00,2025-03-19 23:39:27+00:00,0.75
524291,6456202668171707900880212750943570928813250356351945554332572852984770395210,1,No,no,2025-03-20 12:00:00+00:00,2025_03_20_open_0500_PT,2025-03-20 05:00:00-07:00,2025-03-19 23:09:23+00:00,0.86
526861,65449845407755668776897976670879705991692250175624922195548093200952844680115,1,No,no,2025-03-20 12:00:00+00:00,2025_03_20_open_0500_PT,2025-03-20 05:00:00-07:00,2025-03-20 10:46:31+00:00,0.59
524285,65482627758879803524003778479202246178420046841505286705606240559010331503838,0,Yes,yes,2025-03-20 12:00:00+00:00,2025_03_20_open_0500_PT,2025-03-20 05:00:00-07:00,2025-03-20 11:13:45+00:00,0.38
526814,65961864506371256053813328069691531595710124813443748296296270747497043580971,1,No,no,2025-03-20 12:00:00+00:00,2025_03_20_open_0500_PT,2025-03-20 05:00:00-07:00,2025-03-20 11:47:48+00:00,0.61
522895,66339636783489562244427406324835042611372608866942882907689045655663784195972,1,No,no,2025-03-20 12:00:00+00:00,2025_03_20_open_0500_PT,2025-03-20 05:00:00-07:00,2025-03-20 04:33:25+00:00,0.67
524145,66356062315875533075062405949409720397580573066885585702377343083606583765118,0,Yes,yes,2025-03-20 12:00:00+00:00,2025_03_20_open_0500_PT,2025-03-20 05:00:00-07:00,2025-02-28 18:42:39+00:00,0.999
524310,6800060988333615171942817578522303119129729510028069894794248047438283072436,1,No,no,2025-03-20 12:00:00+00:00,2025_03_20_open_0500_PT,2025-03-20 05:00:00-07:00,2025-03-20 11:14:25+00:00,0.46
507984,68914504833157616843053838732988841773228477730246651549660144444755511574372,1,No,no,2025-03-20 12:00:00+00:00,2025_03_20_open_0500_PT,2025-03-20 05:00:00-07:00,2024-12-12 21:27:58+00:00,0.998
517693,69226537548379102137110260910766942274764101034650179979960227372969528243604,0,Yes,yes,2025-03-20 12:00:00+00:00,2025_03_20_open_0500_PT,2025-03-20 05:00:00-07:00,2025-03-12 21:00:11+00:00,0.12
521041,70920939650366426146836696994150938025168677239124917474200404356093431153260,1,No,no,2025-03-20 12:00:00+00:00,2025_03_20_open_0500_PT,2025-03-20 05:00:00-07:00,2025-03-20 06:10:57+00:00,0.8899994125992129
516189,71685983838843709915160975671540060908877886707703474939962098991499689519711,0,Yes,yes,2025-03-20 12:00:00+00:00,2025_03_20_open_0500_PT,2025-03-20 05:00:00-07:00,2025-03-18 23:51:18+00:00,0.029
525232,73663957466489274595176785305097386128325404078001917490010407904837134882577,0,Yes,yes,2025-03-20 12:00:00+00:00,2025_03_20_open_0500_PT,2025-03-20 05:00:00-07:00,2025-03-20 09:21:17+00:00,0.38
524348,73984012795437798473481687953253285098754321969692105101879063972760068638228,1,No,no,2025-03-20 12:00:00+00:00,2025_03_20_open_0500_PT,2025-03-20 05:00:00-07:00,2025-02-25 19:54:41+00:00,0.999
525157,74129046843921940913413587682588886122583847748489066762857187137233978267670,0,Yes,yes,2025-03-20 12:00:00+00:00,2025_03_20_open_0500_PT,2025-03-20 05:00:00-07:00,2025-03-19 23:39:27+00:00,0.2551885456885457
519048,74534059827731044353009484655251717921023956616694121520435859117169009979824,0,Yes,yes,2025-03-20 12:00:00+00:00,2025_03_20_open_0500_PT,2025-03-20 05:00:00-07:00,2025-03-20 11:52:52+00:00,0.13000000870001732
524477,75533964938719028696952998369094361524498526879485856631877081096914627658644,1,No,no,2025-03-20 12:00:00+00:00,2025_03_20_open_0500_PT,2025-03-20 05:00:00-07:00,2025-03-20 07:30:37+00:00,0.93
518889,76417393963448037479806799796874747547221511591996743269503725518742470496274,0,Yes,yes,2025-03-20 12:00:00+00:00,2025_03_20_open_0500_PT,2025-03-20 05:00:00-07:00,2025-03-20 05:57:41+00:00,0.31
523197,76517872896411850784270344965682992803318434169987777444136970978963357739156,0,Yes,yes,2025-03-20 12:00:00+00:00,2025_03_20_open_0500_PT,2025-03-20 05:00:00-07:00,2025-03-20 08:39:45+00:00,0.025
519048,76643504232063200802060773779828726415087044269171506931668031354693251545396,1,No,no,2025-03-20 12:00:00+00:00,2025_03_20_open_0500_PT,2025-03-20 05:00:00-07:00,2025-03-20 11:52:52+00:00,0.8699999912999827
527278,76683579252562835143863542840343898007243510337054657506558517873008498105093,0,Yes,yes,2025-03-20 12:00:00+00:00,2025_03_20_open_0500_PT,2025-03-20 05:00:00-07:00,2025-03-14 17:08:09+00:00,0.999
516187,76896069667756716472035601301016783496873889454464161011234150458037478069918,1,No,no,2025-03-20 12:00:00+00:00,2025_03_20_open_0500_PT,2025-03-20 05:00:00-07:00,2025-03-17 19:41:27+00:00,0.96
517073,78869803177078589287716771530665317651497156168734051494454473188006845916520,1,No,no,2025-03-20 12:00:00+00:00,2025_03_20_open_0500_PT,2025-03-20 05:00:00-07:00,2025-03-15 23:39:17+00:00,0.79
522894,81020312652589627285197771109762839746287006928172707150877539028691834065212,0,Yes,yes,2025-03-20 12:00:00+00:00,2025_03_20_open_0500_PT,2025-03-20 05:00:00-07:00,2025-03-19 22:21:41+00:00,0.07
524310,82246973513888061559569421022652964687465272762066736721360354291228748283806,0,Yes,yes,2025-03-20 12:00:00+00:00,2025_03_20_open_0500_PT,2025-03-20 05:00:00-07:00,2025-03-20 10:49:39+00:00,0.5499999582429442
516190,83080252071092689902932666850490074811760131055025811650818073654402601835484,0,Yes,yes,2025-03-20 12:00:00+00:00,2025_03_20_open_0500_PT,2025-03-20 05:00:00-07:00,2025-03-19 21:30:25+00:00,0.9689338376056403
521041,83524440200143860657028178945801858366378129256359488825050609853223919531809,0,Yes,yes,2025-03-20 12:00:00+00:00,2025_03_20_open_0500_PT,2025-03-20 05:00:00-07:00,2025-03-19 13:42:26+00:00,0.1299999789399992
524477,83547673164506671794819260938344653989875088069034224812175182562166039721574,0,Yes,yes,2025-03-20 12:00:00+00:00,2025_03_20_open_0500_PT,2025-03-20 05:00:00-07:00,2025-03-20 07:30:37+00:00,0.07
525231,83742739530586820493605246339344277590673217105618245459443915506041800643469,1,No,no,2025-03-20 12:00:00+00:00,2025_03_20_open_0500_PT,2025-03-20 05:00:00-07:00,2025-03-18 16:49:37+00:00,0.91
510319,84888738552927367074645370589243532246434846262240067551074642775011167355434,0,Yes,yes,2025-03-20 12:00:00+00:00,2025_03_20_open_0500_PT,2025-03-20 05:00:00-07:00,2025-03-20 11:59:08+00:00,0.16686381928348878
527081,85329416514471004297478005149625146014624743562622421967455557722819447174298,0,Yes,yes,2025-03-20 12:00:00+00:00,2025_03_20_open_0500_PT,2025-03-20 05:00:00-07:00,2025-03-20 11:55:50+00:00,0.4699999469145919
526229,86304131703011980721755979925817881408007934797292837200662297834354514178950,1,No,no,2025-03-20 12:00:00+00:00,2025_03_20_open_0500_PT,2025-03-20 05:00:00-07:00,2025-03-20 00:17:33+00:00,0.972
510319,86857783363775257860227917708309268561005168570896999677788731255030014967896,1,No,no,2025-03-20 12:00:00+00:00,2025_03_20_open_0500_PT,2025-03-20 05:00:00-07:00,2025-03-20 11:59:08+00:00,0.84
526229,88551081062941956754624270296481102277138087249231124901142839087117648363109,0,Yes,yes,2025-03-20 12:00:00+00:00,2025_03_20_open_0500_PT,2025-03-20 05:00:00-07:00,2025-03-20 07:01:47+00:00,0.031
524292,9014695769446700891659134648259488341557414914618690658701879241952037527074,1,No,no,2025-03-20 12:00:00+00:00,2025_03_20_open_0500_PT,2025-03-20 05:00:00-07:00,2025-03-19 19:52:32+00:00,0.88
527032,90544185197348445762400462367487730947998989538649021442756705113012034127717,0,Yes,yes,2025-03-20 12:00:00+00:00,2025_03_20_open_0500_PT,2025-03-20 05:00:00-07:00,2025-03-11 17:55:03+00:00,0.01
516315,9252583647094848244431316973245869222379640287360099162283052699401101960353,0,Yes,yes,2025-03-20 12:00:00+00:00,2025_03_20_open_0500_PT,2025-03-20 05:00:00-07:00,2025-03-20 05:47:53+00:00,0.045
516143,95786924372760057572092804419385993470890190892343223404877167501659835222533,1,No,no,2025-03-20 12:00:00+00:00,2025_03_20_open_0500_PT,2025-03-20 05:00:00-07:00,2025-03-20 11:41:44+00:00,0.86
522056,96601928894191559916157952751631886797424000157973909225754084049773554405468,0,Yes,yes,2025-03-20 12:00:00+00:00,2025_03_20_open_0500_PT,2025-03-20 05:00:00-07:00,2025-03-20 09:17:07+00:00,0.5499999931249997
527005,96618036676034164847772351078297997221316377064022855127438030193903015078566,1,No,no,2025-03-20 12:00:00+00:00,2025_03_20_open_0500_PT,2025-03-20 05:00:00-07:00,2025-03-18 16:44:15+00:00,0.84
524021,97262919156133260921887403057581420516585464065308475066791456615017669503669,0,Yes,yes,2025-03-20 12:00:00+00:00,2025_03_20_open_0500_PT,2025-03-20 05:00:00-07:00,2025-03-20 11:36:24+00:00,0.36
527005,100121345789532362055123879793212027312379236056429540221720415709850532973373,0,Yes,yes,2025-03-21 00:00:00+00:00,2025_03_20_close_1700_PT,2025-03-20 17:00:00-07:00,2025-03-20 16:42:48+00:00,0.17
507311,102006319303460238827563664446951754516041393632850360444322469125777577388771,0,Yes,yes,2025-03-21 00:00:00+00:00,2025_03_20_close_1700_PT,2025-03-20 17:00:00-07:00,2025-01-29 21:39:28+00:00,0.001
524145,102062916030133807330186342894442541205582789480933958339342744794892413850627,1,No,no,2025-03-21 00:00:00+00:00,2025_03_20_close_1700_PT,2025-03-20 17:00:00-07:00,2025-02-28 16:13:57+00:00,0.001
525437,10316592426452860464899722692398677096383513371344164830735417650138017205817,1,No,no,2025-03-21 00:00:00+00:00,2025_03_20_close_1700_PT,2025-03-20 17:00:00-07:00,2025-03-05 19:01:37+00:00,0.01
521103,103909253011351322759892776638669457027523901655815490042130382730360706229706,0,Yes,yes,2025-03-21 00:00:00+00:00,2025_03_20_close_1700_PT,2025-03-20 17:00:00-07:00,2025-03-20 08:33:33+00:00,0.13
516715,104795148936930645520469554178353538587130154145659561962269514319642274480768,1,No,no,2025-03-21 00:00:00+00:00,2025_03_20_close_1700_PT,2025-03-20 17:00:00-07:00,2025-03-20 11:21:53+00:00,0.9399999981199973
526814,105039045108735350701067761926660919174556796573940954887933194396971464305066,0,Yes,yes,2025-03-21 00:00:00+00:00,2025_03_20_close_1700_PT,2025-03-20 17:00:00-07:00,2025-03-20 22:11:09+00:00,0.3800000096875006
524291,106785705064968660332067023300536266535388124753272914243541205698423062856246,0,Yes,yes,2025-03-21 00:00:00+00:00,2025_03_20_close_1700_PT,2025-03-20 17:00:00-07:00,2025-03-20 21:51:45+00:00,0.0908788081099125
524285,107643187201000404038693592426566378917534508353468263334674357442312114112510,1,No,no,2025-03-21 00:00:00+00:00,2025_03_20_close_1700_PT,2025-03-20 17:00:00-07:00,2025-03-20 23:37:55+00:00,0.6299999453999683
525442,108057916747365167542504013787062021441684619476265070483570121865318046932052,0,Yes,yes,2025-03-21 00:00:00+00:00,2025_03_20_close_1700_PT,2025-03-20 17:00:00-07:00,2025-03-05 19:00:49+00:00,0.001
521603,108064859672314536571175804798614410280877635973727667622803804179444259690672,1,No,no,2025-03-21 00:00:00+00:00,2025_03_20_close_1700_PT,2025-03-20 17:00:00-07:00,2025-03-20 21:05:23+00:00,0.976
522894,108303820542127194670275571355095079674537367635794408292209711330192187534707,1,No,no,2025-03-21 00:00:00+00:00,2025_03_20_close_1700_PT,2025-03-20 17:00:00-07:00,2025-03-19 22:21:41+00:00,0.93
519736,108331518505056537403722461966654684743488871885239753047834907734450664515452,1,No,no,2025-03-21 00:00:00+00:00,2025_03_20_close_1700_PT,2025-03-20 17:00:00-07:00,2025-03-20 18:30:09+00:00,0.9099090909090909
507311,109788973099970019996072517823266794542154906066004680247007602517078576240900,1,No,no,2025-03-21 00:00:00+00:00,2025_03_20_close_1700_PT,2025-03-20 17:00:00-07:00,2025-01-29 21:39:28+00:00,0.999
523420,110303218457795832861589414223072133732424840017074962598980991451216787898529,0,Yes,yes,2025-03-21 00:00:00+00:00,2025_03_20_close_1700_PT,2025-03-20 17:00:00-07:00,2025-03-20 12:56:53+00:00,0.4199998235998977
523420,110513468504414111967623727967802735681305040958967125800368195228103949451183,1,No,no,2025-03-21 00:00:00+00:00,2025_03_20_close_1700_PT,2025-03-20 17:00:00-07:00,2025-03-20 17:52:09+00:00,0.59
523198,111048886296924495129741424280092672064807186679410610865674623733591163627018,1,No,no,2025-03-21 00:00:00+00:00,2025_03_20_close_1700_PT,2025-03-20 17:00:00-07:00,2025-03-20 20:44:05+00:00,0.9399999962399888
522056,111817814065148789668110176254570458287510111700931938757952739120253070676417,1,No,no,2025-03-21 00:00:00+00:00,2025_03_20_close_1700_PT,2025-03-20 17:00:00-07:00,2025-03-20 20:05:09+00:00,0.4799999827199989
516315,112686805416681376426848642516954883318316273962669944235801308401883591913314,1,No,no,2025-03-21 00:00:00+00:00,2025_03_20_close_1700_PT,2025-03-20 17:00:00-07:00,2025-03-20 22:46:53+00:00,0.954
519844,115151921832306680160638545362939767099400757097903129602011054222202727203606,1,No,no,2025-03-21 00:00:00+00:00,2025_03_20_close_1700_PT,2025-03-20 17:00:00-07:00,2025-02-28 20:07:00+00:00,0.001
524143,1179039883486402183499490082435825463500517700553032674433043579228770785112,0,Yes,yes,2025-03-21 00:00:00+00:00,2025_03_20_close_1700_PT,2025-03-20 17:00:00-07:00,2025-03-20 15:54:40+00:00,0.08
525437,12198166341436727947405729209814148041740036263965322192437253954048906701116,0,Yes,yes,2025-03-21 00:00:00+00:00,2025_03_20_close_1700_PT,2025-03-20 17:00:00-07:00,2025-03-05 19:01:37+00:00,0.99
521100,14990029861718662869816237869973544862792282285138092644462921007650993247380,0,Yes,yes,2025-03-21 00:00:00+00:00,2025_03_20_close_1700_PT,2025-03-20 17:00:00-07:00,2025-03-12 20:16:21+00:00,0.999
516719,15974786252393396629980467963784550802583781222733347534844974829144359265969,0,Yes,yes,2025-03-21 00:00:00+00:00,2025_03_20_close_1700_PT,2025-03-20 17:00:00-07:00,2025-03-20 23:51:05+00:00,0.6900000007841766
527081,17189149212865445714213344530377307644873493103595435170459256971807866915825,1,No,no,2025-03-21 00:00:00+00:00,2025_03_20_close_1700_PT,2025-03-20 17:00:00-07:00,2025-03-20 23:15:49+00:00,0.5300000067680002
525442,17526688879266974475993857941710252477836369992267558391595367358065513215277,1,No,no,2025-03-21 00:00:00+00:00,2025_03_20_close_1700_PT,2025-03-20 17:00:00-07:00,2025-03-05 19:00:49+00:00,0.999
523198,17636133037698655711537839367918666335877935696344385855077943944327611242596,0,Yes,yes,2025-03-21 00:00:00+00:00,2025_03_20_close_1700_PT,2025-03-20 17:00:00-07:00,2025-03-20 20:44:05+00:00,0.060000003760011265
518890,1820990530457734990844221236379424325571531338274179313320944848555296238885,0,Yes,yes,2025-03-21 00:00:00+00:00,2025_03_20_close_1700_PT,2025-03-20 17:00:00-07:00,2025-03-20 15:37:28+00:00,0.16
521603,18833065283746804110550289341323864262410877417777323132151715138616977528841,0,Yes,yes,2025-03-21 00:00:00+00:00,2025_03_20_close_1700_PT,2025-03-20 17:00:00-07:00,2025-03-20 22:16:33+00:00,0.023
518890,19787433176606062103363478006507471735790167880416910771642279209812633663344,1,No,no,2025-03-21 00:00:00+00:00,2025_03_20_close_1700_PT,2025-03-20 17:00:00-07:00,2025-03-19 06:52:28+00:00,0.84
523343,22255463452594162709449800579658835371746668793825841462318307382376621533755,0,Yes,yes,2025-03-21 00:00:00+00:00,2025_03_20_close_1700_PT,2025-03-20 17:00:00-07:00,2025-03-20 21:57:49+00:00,0.63
527279,22752183918002848078277748029145662550669719932108767430775139318472934671798,1,No,no,2025-03-21 00:00:00+00:00,2025_03_20_close_1700_PT,2025-03-20 17:00:00-07:00,2025-03-12 20:16:11+00:00,0.002
524021,22814991468805556116471270417641782171550309851492637070422109257339804109572,1,No,no,2025-03-21 00:00:00+00:00,2025_03_20_close_1700_PT,2025-03-20 17:00:00-07:00,2025-03-20 22:24:37+00:00,0.6400000030125523
524292,23363560824318474668781482335102625289561748638527872548758492627125630990827,0,Yes,yes,2025-03-21 00:00:00+00:00,2025_03_20_close_1700_PT,2025-03-20 17:00:00-07:00,2025-03-20 21:04:27+00:00,0.15
521026,23632768753333496327246137884794918423597173479688585307138116345069085580247,1,No,no,2025-03-21 00:00:00+00:00,2025_03_20_close_1700_PT,2025-03-20 17:00:00-07:00,2025-03-20 21:50:49+00:00,0.3351659015311873
516189,25301545985889508293321782755434072371936771538975200674445139222395623272851,1,No,no,2025-03-21 00:00:00+00:00,2025_03_20_close_1700_PT,2025-03-20 17:00:00-07:00,2025-03-20 16:19:18+00:00,0.97
516143,25742247876332768458781360292043764039507900813404980298479194684402595556451,0,Yes,yes,2025-03-21 00:00:00+00:00,2025_03_20_close_1700_PT,2025-03-20 17:00:00-07:00,2025-03-20 23:38:51+00:00,0.12
516190,27706044619360761256387697290478189707563660684659877077148428665563431908215,1,No,no,2025-03-21 00:00:00+00:00,2025_03_20_close_1700_PT,2025-03-20 17:00:00-07:00,2025-03-19 22:58:09+00:00,0.032832113144758736
525231,27854589915558666949911110700107109304807510472832754346848714713106576041207,0,Yes,yes,2025-03-21 00:00:00+00:00,2025_03_20_close_1700_PT,2025-03-20 17:00:00-07:00,2025-03-19 20:18:48+00:00,0.08
521025,28414938735362964078307100001374150957816395319940009652318455849499629150252,1,No,no,2025-03-21 00:00:00+00:00,2025_03_20_close_1700_PT,2025-03-20 17:00:00-07:00,2025-03-20 22:42:11+00:00,0.65
525232,31566724138998405553508313449766802786847999037726188458982786371622924711878,1,No,no,2025-03-21 00:00:00+00:00,2025_03_20_close_1700_PT,2025-03-20 17:00:00-07:00,2025-03-20 23:09:35+00:00,0.65
524143,32156304147657186738936334568719617978558036247795210919856751006394161293073,1,No,no,2025-03-21 00:00:00+00:00,2025_03_20_close_1700_PT,2025-03-20 17:00:00-07:00,2025-03-20 19:46:03+00:00,0.9
526861,32921044856076201189154703786849418887213408387521621721061527935861828024828,0,Yes,yes,2025-03-21 00:00:00+00:00,2025_03_20_close_1700_PT,2025-03-20 17:00:00-07:00,2025-03-20 23:48:51+00:00,0.68
527278,33787629600621860180939604657495798919073059313987957113657471584613393310606,1,No,no,2025-03-21 00:00:00+00:00,2025_03_20_close_1700_PT,2025-03-20 17:00:00-07:00,2025-03-14 17:08:09+00:00,0.001
521499,37809713000353368658683984822433912106052732096671571646866650191133502648634,1,No,no,2025-03-21 00:00:00+00:00,2025_03_20_close_1700_PT,2025-03-20 17:00:00-07:00,2025-03-12 20:16:29+00:00,0.001
519628,37946704943888888914227612417452623974614267503719043957094985529354395995926,1,No,no,2025-03-21 00:00:00+00:00,2025_03_20_close_1700_PT,2025-03-20 17:00:00-07:00,2025-03-20 23:34:43+00:00,0.5
517693,38028235049989289118991891250017423701902844342596888644757673357241176888913,1,No,no,2025-03-21 00:00:00+00:00,2025_03_20_close_1700_PT,2025-03-20 17:00:00-07:00,2025-03-18 20:38:26+00:00,0.88
522057,39073221701552764059446410725782004011128353041681427534414147663135223634260,1,No,no,2025-03-21 00:00:00+00:00,2025_03_20_close_1700_PT,2025-03-20 17:00:00-07:00,2025-03-20 18:39:09+00:00,0.75
519628,39327269875426915204597944387916069897800289788920336317845465327697809453999,0,Yes,yes,2025-03-21 00:00:00+00:00,2025_03_20_close_1700_PT,2025-03-20 17:00:00-07:00,2025-03-20 23:34:43+00:00,0.5
527279,40001158490980829331315202760805197309678407198352511114569399283632572307422,0,Yes,yes,2025-03-21 00:00:00+00:00,2025_03_20_close_1700_PT,2025-03-20 17:00:00-07:00,2025-03-12 20:19:55+00:00,0.998
521103,40643730425995007653653846322257326466291751148478865541862332040512398068473,1,No,no,2025-03-21 00:00:00+00:00,2025_03_20_close_1700_PT,2025-03-20 17:00:00-07:00,2025-03-20 11:21:23+00:00,0.8804035578554902
519844,40914113765279699847589045742755525912767460490196542143342551731171071232917,0,Yes,yes,2025-03-21 00:00:00+00:00,2025_03_20_close_1700_PT,2025-03-20 17:00:00-07:00,2025-02-28 20:07:00+00:00,0.999
516719,42351579455604873042957090441032286075880144797259231030267680078160718556927,1,No,no,2025-03-21 00:00:00+00:00,2025_03_20_close_1700_PT,2025-03-20 17:00:00-07:00,2025-03-20 23:51:05+00:00,0.30999999921582344
523413,4274339277583331170231436480507835882687434608350779078862983050349942696879,1,No,no,2025-03-21 00:00:00+00:00,2025_03_20_close_1700_PT,2025-03-20 17:00:00-07:00,2025-03-20 22:59:19+00:00,0.85
521100,42807705713627033072721560874549512720856774493986139163714965545915531235572,1,No,no,2025-03-21 00:00:00+00:00,2025_03_20_close_1700_PT,2025-03-20 17:00:00-07:00,2025-03-12 20:16:21+00:00,0.001
524147,43469326409739858395690572881501444443817974097672167644298447954120789600137,0,Yes,yes,2025-03-21 00:00:00+00:00,2025_03_20_close_1700_PT,2025-03-20 17:00:00-07:00,2025-02-28 06:17:16+00:00,0.9988821436653187
518889,44380686214454472779171256638293817778327849773706779670665516622038269778385,1,No,no,2025-03-21 00:00:00+00:00,2025_03_20_close_1700_PT,2025-03-20 17:00:00-07:00,2025-03-20 17:33:16+00:00,0.6900000066959164
517073,46900460840406661483474634104595482418501684854096906918305683910102403871123,0,Yes,yes,2025-03-21 00:00:00+00:00,2025_03_20_close_1700_PT,2025-03-20 17:00:00-07:00,2025-03-15 22:04:44+00:00,0.22999999328399992
523413,46975241878566226675389813084558441099978633579735672808077735156890286559886,0,Yes,yes,2025-03-21 00:00:00+00:00,2025_03_20_close_1700_PT,2025-03-20 17:00:00-07:00,2025-03-20 22:59:19+00:00,0.15
521499,47692708638309429756044208432818720002044706296619873136468383174493259480485,0,Yes,yes,2025-03-21 00:00:00+00:00,2025_03_20_close_1700_PT,2025-03-20 17:00:00-07:00,2025-03-12 20:16:29+00:00,0.999
522057,48477409091695386761559202853239391470463303066983260592312960625658563043275,0,Yes,yes,2025-03-21 00:00:00+00:00,2025_03_20_close_1700_PT,2025-03-20 17:00:00-07:00,2025-03-20 18:39:09+00:00,0.25
521026,49473000926194462184545427213242554383104595845909786504578023251386790224858,0,Yes,yes,2025-03-21 00:00:00+00:00,2025_03_20_close_1700_PT,2025-03-20 17:00:00-07:00,2025-03-20 21:50:49+00:00,0.67
507984,50284187941943469569202009194355917949339120733469101749033950310686959468007,0,Yes,yes,2025-03-21 00:00:00+00:00,2025_03_20_close_1700_PT,2025-03-20 17:00:00-07:00,2024-12-12 21:27:58+00:00,0.002
521025,50391907985844971368730434370554275352555306650304559981296724287110163889372,0,Yes,yes,2025-03-21 00:00:00+00:00,2025_03_20_close_1700_PT,2025-03-20 17:00:00-07:00,2025-03-20 22:42:11+00:00,0.35
527032,52520991936301939851844268554264807330714499642654844594240746592838266792432,1,No,no,2025-03-21 00:00:00+00:00,2025_03_20_close_1700_PT,2025-03-20 17:00:00-07:00,2025-03-11 19:15:04+00:00,0.999
524348,52960782840877996381169383667062216635147767148703288363719115614339176853095,0,Yes,yes,2025-03-21 00:00:00+00:00,2025_03_20_close_1700_PT,2025-03-20 17:00:00-07:00,2025-02-25 19:54:41+00:00,0.001
522878,5442743401928862894180841736263512191564084389996775978514134400673743050598,0,Putin,putin,2025-03-21 00:00:00+00:00,2025_03_20_close_1700_PT,2025-03-20 17:00:00-07:00,2025-02-28 20:00:10+00:00,0.001
522878,55264189025055373090161890959631464405045385380191735792739072809428026021736,1,Zelenskyy,zelenskyy,2025-03-21 00:00:00+00:00,2025_03_20_close_1700_PT,2025-03-20 17:00:00-07:00,2025-02-28 20:00:10+00:00,0.999
523197,55509409310784585364116971076570089959207228118269642206238982520364239944605,1,No,no,2025-03-21 00:00:00+00:00,2025_03_20_close_1700_PT,2025-03-20 17:00:00-07:00,2025-03-20 07:10:13+00:00,0.975
516187,56333219586489855674685549932194420713208928308331628771337419037140355178076,0,Yes,yes,2025-03-21 00:00:00+00:00,2025_03_20_close_1700_PT,2025-03-20 17:00:00-07:00,2025-03-17 19:41:27+00:00,0.04
523343,57160884655103428512814247631012981773015723019889832549493437551469480061242,1,No,no,2025-03-21 00:00:00+00:00,2025_03_20_close_1700_PT,2025-03-20 17:00:00-07:00,2025-03-20 21:57:49+00:00,0.37
516715,5802460671946751538636185453975614627729230853286731735057811449821051691611,0,Yes,yes,2025-03-21 00:00:00+00:00,2025_03_20_close_1700_PT,2025-03-20 17:00:00-07:00,2025-03-20 11:21:53+00:00,0.06000000188000263
522895,62643694748826312587911382162440534823433709821141516597510649054633548502810,0,Yes,yes,2025-03-21 00:00:00+00:00,2025_03_20_close_1700_PT,2025-03-20 17:00:00-07:00,2025-03-18 23:13:24+00:00,0.33
519736,63894828884807366836211275957245556698359823645556214866812004935138375830618,0,Yes,yes,2025-03-21 00:00:00+00:00,2025_03_20_close_1700_PT,2025-03-20 17:00:00-07:00,2025-03-20 05:38:05+00:00,0.1
524147,6436214359665115810717148929293436681245885613476937891713590935932389735242,1,No,no,2025-03-21 00:00:00+00:00,2025_03_20_close_1700_PT,2025-03-20 17:00:00-07:00,2025-02-28 06:17:16+00:00,0.001
525157,64545313588399663482682286511585103428301403511234717343459455007091083337075,1,No,no,2025-03-21 00:00:00+00:00,2025_03_20_close_1700_PT,2025-03-20 17:00:00-07:00,2025-03-20 21:50:41+00:00,0.75
524291,6456202668171707900880212750943570928813250356351945554332572852984770395210,1,No,no,2025-03-21 00:00:00+00:00,2025_03_20_close_1700_PT,2025-03-20 17:00:00-07:00,2025-03-20 22:13:57+00:00,0.88
526861,65449845407755668776897976670879705991692250175624922195548093200952844680115,1,No,no,2025-03-21 00:00:00+00:00,2025_03_20_close_1700_PT,2025-03-20 17:00:00-07:00,2025-03-20 23:48:51+00:00,0.32
524285,65482627758879803524003778479202246178420046841505286705606240559010331503838,0,Yes,yes,2025-03-21 00:00:00+00:00,2025_03_20_close_1700_PT,2025-03-20 17:00:00-07:00,2025-03-20 23:37:55+00:00,0.37000005460003166
526814,65961864506371256053813328069691531595710124813443748296296270747497043580971,1,No,no,2025-03-21 00:00:00+00:00,2025_03_20_close_1700_PT,2025-03-20 17:00:00-07:00,2025-03-20 22:11:09+00:00,0.6199999903124994
522895,66339636783489562244427406324835042611372608866942882907689045655663784195972,1,No,no,2025-03-21 00:00:00+00:00,2025_03_20_close_1700_PT,2025-03-20 17:00:00-07:00,2025-03-20 21:49:55+00:00,0.6503745964712809
524145,66356062315875533075062405949409720397580573066885585702377343083606583765118,0,Yes,yes,2025-03-21 00:00:00+00:00,2025_03_20_close_1700_PT,2025-03-20 17:00:00-07:00,2025-02-28 18:42:39+00:00,0.999
524310,6800060988333615171942817578522303119129729510028069894794248047438283072436,1,No,no,2025-03-21 00:00:00+00:00,2025_03_20_close_1700_PT,2025-03-20 17:00:00-07:00,2025-03-20 23:59:01+00:00,0.2591863503256261
507984,68914504833157616843053838732988841773228477730246651549660144444755511574372,1,No,no,2025-03-21 00:00:00+00:00,2025_03_20_close_1700_PT,2025-03-20 17:00:00-07:00,2024-12-12 21:27:58+00:00,0.998
517693,69226537548379102137110260910766942274764101034650179979960227372969528243604,0,Yes,yes,2025-03-21 00:00:00+00:00,2025_03_20_close_1700_PT,2025-03-20 17:00:00-07:00,2025-03-12 21:00:11+00:00,0.12
521041,70920939650366426146836696994150938025168677239124917474200404356093431153260,1,No,no,2025-03-21 00:00:00+00:00,2025_03_20_close_1700_PT,2025-03-20 17:00:00-07:00,2025-03-20 06:10:57+00:00,0.8899994125992129
516189,71685983838843709915160975671540060908877886707703474939962098991499689519711,0,Yes,yes,2025-03-21 00:00:00+00:00,2025_03_20_close_1700_PT,2025-03-20 17:00:00-07:00,2025-03-20 14:16:20+00:00,0.029
525232,73663957466489274595176785305097386128325404078001917490010407904837134882577,0,Yes,yes,2025-03-21 00:00:00+00:00,2025_03_20_close_1700_PT,2025-03-20 17:00:00-07:00,2025-03-20 22:18:29+00:00,0.36
524348,73984012795437798473481687953253285098754321969692105101879063972760068638228,1,No,no,2025-03-21 00:00:00+00:00,2025_03_20_close_1700_PT,2025-03-20 17:00:00-07:00,2025-02-25 19:54:41+00:00,0.999
525157,74129046843921940913413587682588886122583847748489066762857187137233978267670,0,Yes,yes,2025-03-21 00:00:00+00:00,2025_03_20_close_1700_PT,2025-03-20 17:00:00-07:00,2025-03-20 21:50:41+00:00,0.25
519048,74534059827731044353009484655251717921023956616694121520435859117169009979824,0,Yes,yes,2025-03-21 00:00:00+00:00,2025_03_20_close_1700_PT,2025-03-20 17:00:00-07:00,2025-03-20 23:56:17+00:00,0.12
524477,75533964938719028696952998369094361524498526879485856631877081096914627658644,1,No,no,2025-03-21 00:00:00+00:00,2025_03_20_close_1700_PT,2025-03-20 17:00:00-07:00,2025-03-20 18:03:51+00:00,0.92
518889,76417393963448037479806799796874747547221511591996743269503725518742470496274,0,Yes,yes,2025-03-21 00:00:00+00:00,2025_03_20_close_1700_PT,2025-03-20 17:00:00-07:00,2025-03-20 21:50:29+00:00,0.29
523197,76517872896411850784270344965682992803318434169987777444136970978963357739156,0,Yes,yes,2025-03-21 00:00:00+00:00,2025_03_20_close_1700_PT,2025-03-20 17:00:00-07:00,2025-03-20 08:39:45+00:00,0.025
519048,76643504232063200802060773779828726415087044269171506931668031354693251545396,1,No,no,2025-03-21 00:00:00+00:00,2025_03_20_close_1700_PT,2025-03-20 17:00:00-07:00,2025-03-20 23:56:17+00:00,0.88
527278,76683579252562835143863542840343898007243510337054657506558517873008498105093,0,Yes,yes,2025-03-21 00:00:00+00:00,2025_03_20_close_1700_PT,2025-03-20 17:00:00-07:00,2025-03-14 17:08:09+00:00,0.999
516187,76896069667756716472035601301016783496873889454464161011234150458037478069918,1,No,no,2025-03-21 00:00:00+00:00,2025_03_20_close_1700_PT,2025-03-20 17:00:00-07:00,2025-03-17 19:41:27+00:00,0.96
517073,78869803177078589287716771530665317651497156168734051494454473188006845916520,1,No,no,2025-03-21 00:00:00+00:00,2025_03_20_close_1700_PT,2025-03-20 17:00:00-07:00,2025-03-15 23:39:17+00:00,0.79
522894,81020312652589627285197771109762839746287006928172707150877539028691834065212,0,Yes,yes,2025-03-21 00:00:00+00:00,2025_03_20_close_1700_PT,2025-03-20 17:00:00-07:00,2025-03-19 22:21:41+00:00,0.07
524310,82246973513888061559569421022652964687465272762066736721360354291228748283806,0,Yes,yes,2025-03-21 00:00:00+00:00,2025_03_20_close_1700_PT,2025-03-20 17:00:00-07:00,2025-03-20 23:59:01+00:00,0.73
516190,83080252071092689902932666850490074811760131055025811650818073654402601835484,0,Yes,yes,2025-03-21 00:00:00+00:00,2025_03_20_close_1700_PT,2025-03-20 17:00:00-07:00,2025-03-19 21:30:25+00:00,0.9689338376056403
521041,83524440200143860657028178945801858366378129256359488825050609853223919531809,0,Yes,yes,2025-03-21 00:00:00+00:00,2025_03_20_close_1700_PT,2025-03-20 17:00:00-07:00,2025-03-19 13:42:26+00:00,0.1299999789399992
524477,83547673164506671794819260938344653989875088069034224812175182562166039721574,0,Yes,yes,2025-03-21 00:00:00+00:00,2025_03_20_close_1700_PT,2025-03-20 17:00:00-07:00,2025-03-20 07:30:37+00:00,0.07
525231,83742739530586820493605246339344277590673217105618245459443915506041800643469,1,No,no,2025-03-21 00:00:00+00:00,2025_03_20_close_1700_PT,2025-03-20 17:00:00-07:00,2025-03-18 16:49:37+00:00,0.91
510319,84888738552927367074645370589243532246434846262240067551074642775011167355434,0,Yes,yes,2025-03-21 00:00:00+00:00,2025_03_20_close_1700_PT,2025-03-20 17:00:00-07:00,2025-03-20 23:47:05+00:00,0.13
527081,85329416514471004297478005149625146014624743562622421967455557722819447174298,0,Yes,yes,2025-03-21 00:00:00+00:00,2025_03_20_close_1700_PT,2025-03-20 17:00:00-07:00,2025-03-20 23:15:49+00:00,0.4699999932319998
526229,86304131703011980721755979925817881408007934797292837200662297834354514178950,1,No,no,2025-03-21 00:00:00+00:00,2025_03_20_close_1700_PT,2025-03-20 17:00:00-07:00,2025-03-20 16:45:08+00:00,0.985
510319,86857783363775257860227917708309268561005168570896999677788731255030014967896,1,No,no,2025-03-21 00:00:00+00:00,2025_03_20_close_1700_PT,2025-03-20 17:00:00-07:00,2025-03-20 23:54:05+00:00,0.85
526229,88551081062941956754624270296481102277138087249231124901142839087117648363109,0,Yes,yes,2025-03-21 00:00:00+00:00,2025_03_20_close_1700_PT,2025-03-20 17:00:00-07:00,2025-03-20 16:45:08+00:00,0.017798042642432715
524292,9014695769446700891659134648259488341557414914618690658701879241952037527074,1,No,no,2025-03-21 00:00:00+00:00,2025_03_20_close_1700_PT,2025-03-20 17:00:00-07:00,2025-03-20 21:04:27+00:00,0.85
527032,90544185197348445762400462367487730947998989538649021442756705113012034127717,0,Yes,yes,2025-03-21 00:00:00+00:00,2025_03_20_close_1700_PT,2025-03-20 17:00:00-07:00,2025-03-11 17:55:03+00:00,0.01
516315,9252583647094848244431316973245869222379640287360099162283052699401101960353,0,Yes,yes,2025-03-21 00:00:00+00:00,2025_03_20_close_1700_PT,2025-03-20 17:00:00-07:00,2025-03-20 22:46:53+00:00,0.046
516143,95786924372760057572092804419385993470890190892343223404877167501659835222533,1,No,no,2025-03-21 00:00:00+00:00,2025_03_20_close_1700_PT,2025-03-20 17:00:00-07:00,2025-03-20 23:35:47+00:00,0.8700000372666684
522056,96601928894191559916157952751631886797424000157973909225754084049773554405468,0,Yes,yes,2025-03-21 00:00:00+00:00,2025_03_20_close_1700_PT,2025-03-20 17:00:00-07:00,2025-03-20 17:33:24+00:00,0.52
527005,96618036676034164847772351078297997221316377064022855127438030193903015078566,1,No,no,2025-03-21 00:00:00+00:00,2025_03_20_close_1700_PT,2025-03-20 17:00:00-07:00,2025-03-20 16:42:48+00:00,0.83
524021,97262919156133260921887403057581420516585464065308475066791456615017669503669,0,Yes,yes,2025-03-21 00:00:00+00:00,2025_03_20_close_1700_PT,2025-03-20 17:00:00-07:00,2025-03-20 22:24:37+00:00,0.35999999698744767
527005,100121345789532362055123879793212027312379236056429540221720415709850532973373,0,Yes,yes,2025-03-21 12:00:00+00:00,2025_03_21_open_0500_PT,2025-03-21 05:00:00-07:00,2025-03-20 16:42:48+00:00,0.17
507311,102006319303460238827563664446951754516041393632850360444322469125777577388771,0,Yes,yes,2025-03-21 12:00:00+00:00,2025_03_21_open_0500_PT,2025-03-21 05:00:00-07:00,2025-01-29 21:39:28+00:00,0.001
524145,102062916030133807330186342894442541205582789480933958339342744794892413850627,1,No,no,2025-03-21 12:00:00+00:00,2025_03_21_open_0500_PT,2025-03-21 05:00:00-07:00,2025-02-28 16:13:57+00:00,0.001
525437,10316592426452860464899722692398677096383513371344164830735417650138017205817,1,No,no,2025-03-21 12:00:00+00:00,2025_03_21_open_0500_PT,2025-03-21 05:00:00-07:00,2025-03-05 19:01:37+00:00,0.01
521103,103909253011351322759892776638669457027523901655815490042130382730360706229706,0,Yes,yes,2025-03-21 12:00:00+00:00,2025_03_21_open_0500_PT,2025-03-21 05:00:00-07:00,2025-03-21 09:54:47+00:00,0.1299999789399992
516715,104795148936930645520469554178353538587130154145659561962269514319642274480768,1,No,no,2025-03-21 12:00:00+00:00,2025_03_21_open_0500_PT,2025-03-21 05:00:00-07:00,2025-03-20 11:21:53+00:00,0.9399999981199973
526814,105039045108735350701067761926660919174556796573940954887933194396971464305066,0,Yes,yes,2025-03-21 12:00:00+00:00,2025_03_21_open_0500_PT,2025-03-21 05:00:00-07:00,2025-03-21 07:12:55+00:00,0.4
524291,106785705064968660332067023300536266535388124753272914243541205698423062856246,0,Yes,yes,2025-03-21 12:00:00+00:00,2025_03_21_open_0500_PT,2025-03-21 05:00:00-07:00,2025-03-20 21:51:45+00:00,0.0908788081099125
524285,107643187201000404038693592426566378917534508353468263334674357442312114112510,1,No,no,2025-03-21 12:00:00+00:00,2025_03_21_open_0500_PT,2025-03-21 05:00:00-07:00,2025-03-21 07:50:07+00:00,0.6499999990249999
525442,108057916747365167542504013787062021441684619476265070483570121865318046932052,0,Yes,yes,2025-03-21 12:00:00+00:00,2025_03_21_open_0500_PT,2025-03-21 05:00:00-07:00,2025-03-05 19:00:49+00:00,0.001
521603,108064859672314536571175804798614410280877635973727667622803804179444259690672,1,No,no,2025-03-21 12:00:00+00:00,2025_03_21_open_0500_PT,2025-03-21 05:00:00-07:00,2025-03-21 11:57:39+00:00,0.9760475885374146
522894,108303820542127194670275571355095079674537367635794408292209711330192187534707,1,No,no,2025-03-21 12:00:00+00:00,2025_03_21_open_0500_PT,2025-03-21 05:00:00-07:00,2025-03-21 08:03:47+00:00,0.92
519736,108331518505056537403722461966654684743488871885239753047834907734450664515452,1,No,no,2025-03-21 12:00:00+00:00,2025_03_21_open_0500_PT,2025-03-21 05:00:00-07:00,2025-03-20 18:30:09+00:00,0.9099090909090909
507311,109788973099970019996072517823266794542154906066004680247007602517078576240900,1,No,no,2025-03-21 12:00:00+00:00,2025_03_21_open_0500_PT,2025-03-21 05:00:00-07:00,2025-01-29 21:39:28+00:00,0.999
523420,110303218457795832861589414223072133732424840017074962598980991451216787898529,0,Yes,yes,2025-03-21 12:00:00+00:00,2025_03_21_open_0500_PT,2025-03-21 05:00:00-07:00,2025-03-21 10:44:53+00:00,0.36
523420,110513468504414111967623727967802735681305040958967125800368195228103949451183,1,No,no,2025-03-21 12:00:00+00:00,2025_03_21_open_0500_PT,2025-03-21 05:00:00-07:00,2025-03-21 10:44:53+00:00,0.64
523198,111048886296924495129741424280092672064807186679410610865674623733591163627018,1,No,no,2025-03-21 12:00:00+00:00,2025_03_21_open_0500_PT,2025-03-21 05:00:00-07:00,2025-03-20 20:44:05+00:00,0.9399999962399888
522056,111817814065148789668110176254570458287510111700931938757952739120253070676417,1,No,no,2025-03-21 12:00:00+00:00,2025_03_21_open_0500_PT,2025-03-21 05:00:00-07:00,2025-03-21 11:07:05+00:00,0.4900000038850401
516315,112686805416681376426848642516954883318316273962669944235801308401883591913314,1,No,no,2025-03-21 12:00:00+00:00,2025_03_21_open_0500_PT,2025-03-21 05:00:00-07:00,2025-03-21 04:42:29+00:00,0.947
519844,115151921832306680160638545362939767099400757097903129602011054222202727203606,1,No,no,2025-03-21 12:00:00+00:00,2025_03_21_open_0500_PT,2025-03-21 05:00:00-07:00,2025-02-28 20:07:00+00:00,0.001
524143,1179039883486402183499490082435825463500517700553032674433043579228770785112,0,Yes,yes,2025-03-21 12:00:00+00:00,2025_03_21_open_0500_PT,2025-03-21 05:00:00-07:00,2025-03-21 09:51:41+00:00,0.1099999684666652
525437,12198166341436727947405729209814148041740036263965322192437253954048906701116,0,Yes,yes,2025-03-21 12:00:00+00:00,2025_03_21_open_0500_PT,2025-03-21 05:00:00-07:00,2025-03-05 19:01:37+00:00,0.99
521100,14990029861718662869816237869973544862792282285138092644462921007650993247380,0,Yes,yes,2025-03-21 12:00:00+00:00,2025_03_21_open_0500_PT,2025-03-21 05:00:00-07:00,2025-03-12 20:16:21+00:00,0.999
516719,15974786252393396629980467963784550802583781222733347534844974829144359265969,0,Yes,yes,2025-03-21 12:00:00+00:00,2025_03_21_open_0500_PT,2025-03-21 05:00:00-07:00,2025-03-21 11:45:07+00:00,0.69
527081,17189149212865445714213344530377307644873493103595435170459256971807866915825,1,No,no,2025-03-21 12:00:00+00:00,2025_03_21_open_0500_PT,2025-03-21 05:00:00-07:00,2025-03-21 11:45:01+00:00,0.54
525442,17526688879266974475993857941710252477836369992267558391595367358065513215277,1,No,no,2025-03-21 12:00:00+00:00,2025_03_21_open_0500_PT,2025-03-21 05:00:00-07:00,2025-03-05 19:00:49+00:00,0.999
523198,17636133037698655711537839367918666335877935696344385855077943944327611242596,0,Yes,yes,2025-03-21 12:00:00+00:00,2025_03_21_open_0500_PT,2025-03-21 05:00:00-07:00,2025-03-20 20:44:05+00:00,0.060000003760011265
518890,1820990530457734990844221236379424325571531338274179313320944848555296238885,0,Yes,yes,2025-03-21 12:00:00+00:00,2025_03_21_open_0500_PT,2025-03-21 05:00:00-07:00,2025-03-20 15:37:28+00:00,0.16
521603,18833065283746804110550289341323864262410877417777323132151715138616977528841,0,Yes,yes,2025-03-21 12:00:00+00:00,2025_03_21_open_0500_PT,2025-03-21 05:00:00-07:00,2025-03-21 11:57:39+00:00,0.023
518890,19787433176606062103363478006507471735790167880416910771642279209812633663344,1,No,no,2025-03-21 12:00:00+00:00,2025_03_21_open_0500_PT,2025-03-21 05:00:00-07:00,2025-03-19 06:52:28+00:00,0.84
523343,22255463452594162709449800579658835371746668793825841462318307382376621533755,0,Yes,yes,2025-03-21 12:00:00+00:00,2025_03_21_open_0500_PT,2025-03-21 05:00:00-07:00,2025-03-21 09:37:17+00:00,0.62
527279,22752183918002848078277748029145662550669719932108767430775139318472934671798,1,No,no,2025-03-21 12:00:00+00:00,2025_03_21_open_0500_PT,2025-03-21 05:00:00-07:00,2025-03-12 20:16:11+00:00,0.002
524021,22814991468805556116471270417641782171550309851492637070422109257339804109572,1,No,no,2025-03-21 12:00:00+00:00,2025_03_21_open_0500_PT,2025-03-21 05:00:00-07:00,2025-03-21 11:21:41+00:00,0.6699999962674074
524292,23363560824318474668781482335102625289561748638527872548758492627125630990827,0,Yes,yes,2025-03-21 12:00:00+00:00,2025_03_21_open_0500_PT,2025-03-21 05:00:00-07:00,2025-03-21 03:14:47+00:00,0.14
521026,23632768753333496327246137884794918423597173479688585307138116345069085580247,1,No,no,2025-03-21 12:00:00+00:00,2025_03_21_open_0500_PT,2025-03-21 05:00:00-07:00,2025-03-20 21:50:49+00:00,0.3351659015311873
516189,25301545985889508293321782755434072371936771538975200674445139222395623272851,1,No,no,2025-03-21 12:00:00+00:00,2025_03_21_open_0500_PT,2025-03-21 05:00:00-07:00,2025-03-20 16:19:18+00:00,0.97
516143,25742247876332768458781360292043764039507900813404980298479194684402595556451,0,Yes,yes,2025-03-21 12:00:00+00:00,2025_03_21_open_0500_PT,2025-03-21 05:00:00-07:00,2025-03-21 11:39:09+00:00,0.13999999834319526
516190,27706044619360761256387697290478189707563660684659877077148428665563431908215,1,No,no,2025-03-21 12:00:00+00:00,2025_03_21_open_0500_PT,2025-03-21 05:00:00-07:00,2025-03-19 22:58:09+00:00,0.032832113144758736
525231,27854589915558666949911110700107109304807510472832754346848714713106576041207,0,Yes,yes,2025-03-21 12:00:00+00:00,2025_03_21_open_0500_PT,2025-03-21 05:00:00-07:00,2025-03-19 20:18:48+00:00,0.08
521025,28414938735362964078307100001374150957816395319940009652318455849499629150252,1,No,no,2025-03-21 12:00:00+00:00,2025_03_21_open_0500_PT,2025-03-21 05:00:00-07:00,2025-03-21 09:58:44+00:00,0.66
525232,31566724138998405553508313449766802786847999037726188458982786371622924711878,1,No,no,2025-03-21 12:00:00+00:00,2025_03_21_open_0500_PT,2025-03-21 05:00:00-07:00,2025-03-21 10:44:55+00:00,0.68
524143,32156304147657186738936334568719617978558036247795210919856751006394161293073,1,No,no,2025-03-21 12:00:00+00:00,2025_03_21_open_0500_PT,2025-03-21 05:00:00-07:00,2025-03-21 00:44:17+00:00,0.88
526861,32921044856076201189154703786849418887213408387521621721061527935861828024828,0,Yes,yes,2025-03-21 12:00:00+00:00,2025_03_21_open_0500_PT,2025-03-21 05:00:00-07:00,2025-03-21 10:59:51+00:00,0.65
527278,33787629600621860180939604657495798919073059313987957113657471584613393310606,1,No,no,2025-03-21 12:00:00+00:00,2025_03_21_open_0500_PT,2025-03-21 05:00:00-07:00,2025-03-14 17:08:09+00:00,0.001
521499,37809713000353368658683984822433912106052732096671571646866650191133502648634,1,No,no,2025-03-21 12:00:00+00:00,2025_03_21_open_0500_PT,2025-03-21 05:00:00-07:00,2025-03-12 20:16:29+00:00,0.001
519628,37946704943888888914227612417452623974614267503719043957094985529354395995926,1,No,no,2025-03-21 12:00:00+00:00,2025_03_21_open_0500_PT,2025-03-21 05:00:00-07:00,2025-03-21 10:42:31+00:00,0.5
517693,38028235049989289118991891250017423701902844342596888644757673357241176888913,1,No,no,2025-03-21 12:00:00+00:00,2025_03_21_open_0500_PT,2025-03-21 05:00:00-07:00,2025-03-21 07:41:09+00:00,0.889999886079969
522057,39073221701552764059446410725782004011128353041681427534414147663135223634260,1,No,no,2025-03-21 12:00:00+00:00,2025_03_21_open_0500_PT,2025-03-21 05:00:00-07:00,2025-03-21 10:30:42+00:00,0.77
519628,39327269875426915204597944387916069897800289788920336317845465327697809453999,0,Yes,yes,2025-03-21 12:00:00+00:00,2025_03_21_open_0500_PT,2025-03-21 05:00:00-07:00,2025-03-21 11:32:05+00:00,0.48
527279,40001158490980829331315202760805197309678407198352511114569399283632572307422,0,Yes,yes,2025-03-21 12:00:00+00:00,2025_03_21_open_0500_PT,2025-03-21 05:00:00-07:00,2025-03-12 20:19:55+00:00,0.998
521103,40643730425995007653653846322257326466291751148478865541862332040512398068473,1,No,no,2025-03-21 12:00:00+00:00,2025_03_21_open_0500_PT,2025-03-21 05:00:00-07:00,2025-03-20 11:21:23+00:00,0.8804035578554902
519844,40914113765279699847589045742755525912767460490196542143342551731171071232917,0,Yes,yes,2025-03-21 12:00:00+00:00,2025_03_21_open_0500_PT,2025-03-21 05:00:00-07:00,2025-02-28 20:07:00+00:00,0.999
516719,42351579455604873042957090441032286075880144797259231030267680078160718556927,1,No,no,2025-03-21 12:00:00+00:00,2025_03_21_open_0500_PT,2025-03-21 05:00:00-07:00,2025-03-21 11:45:07+00:00,0.31
523413,4274339277583331170231436480507835882687434608350779078862983050349942696879,1,No,no,2025-03-21 12:00:00+00:00,2025_03_21_open_0500_PT,2025-03-21 05:00:00-07:00,2025-03-20 22:59:19+00:00,0.85
521100,42807705713627033072721560874549512720856774493986139163714965545915531235572,1,No,no,2025-03-21 12:00:00+00:00,2025_03_21_open_0500_PT,2025-03-21 05:00:00-07:00,2025-03-12 20:16:21+00:00,0.001
524147,43469326409739858395690572881501444443817974097672167644298447954120789600137,0,Yes,yes,2025-03-21 12:00:00+00:00,2025_03_21_open_0500_PT,2025-03-21 05:00:00-07:00,2025-02-28 06:17:16+00:00,0.9988821436653187
518889,44380686214454472779171256638293817778327849773706779670665516622038269778385,1,No,no,2025-03-21 12:00:00+00:00,2025_03_21_open_0500_PT,2025-03-21 05:00:00-07:00,2025-03-21 08:05:23+00:00,0.72
517073,46900460840406661483474634104595482418501684854096906918305683910102403871123,0,Yes,yes,2025-03-21 12:00:00+00:00,2025_03_21_open_0500_PT,2025-03-21 05:00:00-07:00,2025-03-15 22:04:44+00:00,0.22999999328399992
523413,46975241878566226675389813084558441099978633579735672808077735156890286559886,0,Yes,yes,2025-03-21 12:00:00+00:00,2025_03_21_open_0500_PT,2025-03-21 05:00:00-07:00,2025-03-20 22:59:19+00:00,0.15
521499,47692708638309429756044208432818720002044706296619873136468383174493259480485,0,Yes,yes,2025-03-21 12:00:00+00:00,2025_03_21_open_0500_PT,2025-03-21 05:00:00-07:00,2025-03-12 20:16:29+00:00,0.999
522057,48477409091695386761559202853239391470463303066983260592312960625658563043275,0,Yes,yes,2025-03-21 12:00:00+00:00,2025_03_21_open_0500_PT,2025-03-21 05:00:00-07:00,2025-03-21 10:46:23+00:00,0.22
521026,49473000926194462184545427213242554383104595845909786504578023251386790224858,0,Yes,yes,2025-03-21 12:00:00+00:00,2025_03_21_open_0500_PT,2025-03-21 05:00:00-07:00,2025-03-20 21:50:49+00:00,0.67
507984,50284187941943469569202009194355917949339120733469101749033950310686959468007,0,Yes,yes,2025-03-21 12:00:00+00:00,2025_03_21_open_0500_PT,2025-03-21 05:00:00-07:00,2024-12-12 21:27:58+00:00,0.002
521025,50391907985844971368730434370554275352555306650304559981296724287110163889372,0,Yes,yes,2025-03-21 12:00:00+00:00,2025_03_21_open_0500_PT,2025-03-21 05:00:00-07:00,2025-03-21 03:11:14+00:00,0.35
527032,52520991936301939851844268554264807330714499642654844594240746592838266792432,1,No,no,2025-03-21 12:00:00+00:00,2025_03_21_open_0500_PT,2025-03-21 05:00:00-07:00,2025-03-11 19:15:04+00:00,0.999
524348,52960782840877996381169383667062216635147767148703288363719115614339176853095,0,Yes,yes,2025-03-21 12:00:00+00:00,2025_03_21_open_0500_PT,2025-03-21 05:00:00-07:00,2025-02-25 19:54:41+00:00,0.001
522878,5442743401928862894180841736263512191564084389996775978514134400673743050598,0,Putin,putin,2025-03-21 12:00:00+00:00,2025_03_21_open_0500_PT,2025-03-21 05:00:00-07:00,2025-02-28 20:00:10+00:00,0.001
522878,55264189025055373090161890959631464405045385380191735792739072809428026021736,1,Zelenskyy,zelenskyy,2025-03-21 12:00:00+00:00,2025_03_21_open_0500_PT,2025-03-21 05:00:00-07:00,2025-02-28 20:00:10+00:00,0.999
523197,55509409310784585364116971076570089959207228118269642206238982520364239944605,1,No,no,2025-03-21 12:00:00+00:00,2025_03_21_open_0500_PT,2025-03-21 05:00:00-07:00,2025-03-20 07:10:13+00:00,0.975
516187,56333219586489855674685549932194420713208928308331628771337419037140355178076,0,Yes,yes,2025-03-21 12:00:00+00:00,2025_03_21_open_0500_PT,2025-03-21 05:00:00-07:00,2025-03-17 19:41:27+00:00,0.04
523343,57160884655103428512814247631012981773015723019889832549493437551469480061242,1,No,no,2025-03-21 12:00:00+00:00,2025_03_21_open_0500_PT,2025-03-21 05:00:00-07:00,2025-03-21 09:37:17+00:00,0.38
516715,5802460671946751538636185453975614627729230853286731735057811449821051691611,0,Yes,yes,2025-03-21 12:00:00+00:00,2025_03_21_open_0500_PT,2025-03-21 05:00:00-07:00,2025-03-20 11:21:53+00:00,0.06000000188000263
522895,62643694748826312587911382162440534823433709821141516597510649054633548502810,0,Yes,yes,2025-03-21 12:00:00+00:00,2025_03_21_open_0500_PT,2025-03-21 05:00:00-07:00,2025-03-18 23:13:24+00:00,0.33
519736,63894828884807366836211275957245556698359823645556214866812004935138375830618,0,Yes,yes,2025-03-21 12:00:00+00:00,2025_03_21_open_0500_PT,2025-03-21 05:00:00-07:00,2025-03-20 05:38:05+00:00,0.1
524147,6436214359665115810717148929293436681245885613476937891713590935932389735242,1,No,no,2025-03-21 12:00:00+00:00,2025_03_21_open_0500_PT,2025-03-21 05:00:00-07:00,2025-02-28 06:17:16+00:00,0.001
525157,64545313588399663482682286511585103428301403511234717343459455007091083337075,1,No,no,2025-03-21 12:00:00+00:00,2025_03_21_open_0500_PT,2025-03-21 05:00:00-07:00,2025-03-20 21:50:41+00:00,0.75
524291,6456202668171707900880212750943570928813250356351945554332572852984770395210,1,No,no,2025-03-21 12:00:00+00:00,2025_03_21_open_0500_PT,2025-03-21 05:00:00-07:00,2025-03-20 22:13:57+00:00,0.88
526861,65449845407755668776897976670879705991692250175624922195548093200952844680115,1,No,no,2025-03-21 12:00:00+00:00,2025_03_21_open_0500_PT,2025-03-21 05:00:00-07:00,2025-03-21 10:59:51+00:00,0.35
524285,65482627758879803524003778479202246178420046841505286705606240559010331503838,0,Yes,yes,2025-03-21 12:00:00+00:00,2025_03_21_open_0500_PT,2025-03-21 05:00:00-07:00,2025-03-21 07:50:07+00:00,0.3500000024371955
526814,65961864506371256053813328069691531595710124813443748296296270747497043580971,1,No,no,2025-03-21 12:00:00+00:00,2025_03_21_open_0500_PT,2025-03-21 05:00:00-07:00,2025-03-21 10:56:19+00:00,0.6099999666533307
522895,66339636783489562244427406324835042611372608866942882907689045655663784195972,1,No,no,2025-03-21 12:00:00+00:00,2025_03_21_open_0500_PT,2025-03-21 05:00:00-07:00,2025-03-20 21:49:55+00:00,0.6503745964712809
524145,66356062315875533075062405949409720397580573066885585702377343083606583765118,0,Yes,yes,2025-03-21 12:00:00+00:00,2025_03_21_open_0500_PT,2025-03-21 05:00:00-07:00,2025-02-28 18:42:39+00:00,0.999
524310,6800060988333615171942817578522303119129729510028069894794248047438283072436,1,No,no,2025-03-21 12:00:00+00:00,2025_03_21_open_0500_PT,2025-03-21 05:00:00-07:00,2025-03-21 11:44:31+00:00,0.25865178918873194
507984,68914504833157616843053838732988841773228477730246651549660144444755511574372,1,No,no,2025-03-21 12:00:00+00:00,2025_03_21_open_0500_PT,2025-03-21 05:00:00-07:00,2024-12-12 21:27:58+00:00,0.998
517693,69226537548379102137110260910766942274764101034650179979960227372969528243604,0,Yes,yes,2025-03-21 12:00:00+00:00,2025_03_21_open_0500_PT,2025-03-21 05:00:00-07:00,2025-03-12 21:00:11+00:00,0.12
521041,70920939650366426146836696994150938025168677239124917474200404356093431153260,1,No,no,2025-03-21 12:00:00+00:00,2025_03_21_open_0500_PT,2025-03-21 05:00:00-07:00,2025-03-21 10:15:06+00:00,0.8899999922124991
516189,71685983838843709915160975671540060908877886707703474939962098991499689519711,0,Yes,yes,2025-03-21 12:00:00+00:00,2025_03_21_open_0500_PT,2025-03-21 05:00:00-07:00,2025-03-20 14:16:20+00:00,0.029
525232,73663957466489274595176785305097386128325404078001917490010407904837134882577,0,Yes,yes,2025-03-21 12:00:00+00:00,2025_03_21_open_0500_PT,2025-03-21 05:00:00-07:00,2025-03-21 10:44:55+00:00,0.32
524348,73984012795437798473481687953253285098754321969692105101879063972760068638228,1,No,no,2025-03-21 12:00:00+00:00,2025_03_21_open_0500_PT,2025-03-21 05:00:00-07:00,2025-02-25 19:54:41+00:00,0.999
525157,74129046843921940913413587682588886122583847748489066762857187137233978267670,0,Yes,yes,2025-03-21 12:00:00+00:00,2025_03_21_open_0500_PT,2025-03-21 05:00:00-07:00,2025-03-20 21:50:41+00:00,0.25
519048,74534059827731044353009484655251717921023956616694121520435859117169009979824,0,Yes,yes,2025-03-21 12:00:00+00:00,2025_03_21_open_0500_PT,2025-03-21 05:00:00-07:00,2025-03-21 09:50:21+00:00,0.12999999275714275
524477,75533964938719028696952998369094361524498526879485856631877081096914627658644,1,No,no,2025-03-21 12:00:00+00:00,2025_03_21_open_0500_PT,2025-03-21 05:00:00-07:00,2025-03-21 05:56:31+00:00,0.92
518889,76417393963448037479806799796874747547221511591996743269503725518742470496274,0,Yes,yes,2025-03-21 12:00:00+00:00,2025_03_21_open_0500_PT,2025-03-21 05:00:00-07:00,2025-03-21 08:05:23+00:00,0.28
523197,76517872896411850784270344965682992803318434169987777444136970978963357739156,0,Yes,yes,2025-03-21 12:00:00+00:00,2025_03_21_open_0500_PT,2025-03-21 05:00:00-07:00,2025-03-21 06:03:19+00:00,0.013
519048,76643504232063200802060773779828726415087044269171506931668031354693251545396,1,No,no,2025-03-21 12:00:00+00:00,2025_03_21_open_0500_PT,2025-03-21 05:00:00-07:00,2025-03-21 10:20:32+00:00,0.88
527278,76683579252562835143863542840343898007243510337054657506558517873008498105093,0,Yes,yes,2025-03-21 12:00:00+00:00,2025_03_21_open_0500_PT,2025-03-21 05:00:00-07:00,2025-03-14 17:08:09+00:00,0.999
516187,76896069667756716472035601301016783496873889454464161011234150458037478069918,1,No,no,2025-03-21 12:00:00+00:00,2025_03_21_open_0500_PT,2025-03-21 05:00:00-07:00,2025-03-17 19:41:27+00:00,0.96
517073,78869803177078589287716771530665317651497156168734051494454473188006845916520,1,No,no,2025-03-21 12:00:00+00:00,2025_03_21_open_0500_PT,2025-03-21 05:00:00-07:00,2025-03-15 23:39:17+00:00,0.79
522894,81020312652589627285197771109762839746287006928172707150877539028691834065212,0,Yes,yes,2025-03-21 12:00:00+00:00,2025_03_21_open_0500_PT,2025-03-21 05:00:00-07:00,2025-03-21 08:03:47+00:00,0.08
524310,82246973513888061559569421022652964687465272762066736721360354291228748283806,0,Yes,yes,2025-03-21 12:00:00+00:00,2025_03_21_open_0500_PT,2025-03-21 05:00:00-07:00,2025-03-21 11:44:31+00:00,0.741
516190,83080252071092689902932666850490074811760131055025811650818073654402601835484,0,Yes,yes,2025-03-21 12:00:00+00:00,2025_03_21_open_0500_PT,2025-03-21 05:00:00-07:00,2025-03-19 21:30:25+00:00,0.9689338376056403
521041,83524440200143860657028178945801858366378129256359488825050609853223919531809,0,Yes,yes,2025-03-21 12:00:00+00:00,2025_03_21_open_0500_PT,2025-03-21 05:00:00-07:00,2025-03-21 10:15:06+00:00,0.11000000778750091
524477,83547673164506671794819260938344653989875088069034224812175182562166039721574,0,Yes,yes,2025-03-21 12:00:00+00:00,2025_03_21_open_0500_PT,2025-03-21 05:00:00-07:00,2025-03-21 05:56:31+00:00,0.08
525231,83742739530586820493605246339344277590673217105618245459443915506041800643469,1,No,no,2025-03-21 12:00:00+00:00,2025_03_21_open_0500_PT,2025-03-21 05:00:00-07:00,2025-03-18 16:49:37+00:00,0.91
510319,84888738552927367074645370589243532246434846262240067551074642775011167355434,0,Yes,yes,2025-03-21 12:00:00+00:00,2025_03_21_open_0500_PT,2025-03-21 05:00:00-07:00,2025-03-21 11:41:53+00:00,0.15
527081,85329416514471004297478005149625146014624743562622421967455557722819447174298,0,Yes,yes,2025-03-21 12:00:00+00:00,2025_03_21_open_0500_PT,2025-03-21 05:00:00-07:00,2025-03-21 11:36:53+00:00,0.4300000001284301
526229,86304131703011980721755979925817881408007934797292837200662297834354514178950,1,No,no,2025-03-21 12:00:00+00:00,2025_03_21_open_0500_PT,2025-03-21 05:00:00-07:00,2025-03-21 09:51:11+00:00,0.9690000069307144
510319,86857783363775257860227917708309268561005168570896999677788731255030014967896,1,No,no,2025-03-21 12:00:00+00:00,2025_03_21_open_0500_PT,2025-03-21 05:00:00-07:00,2025-03-21 11:53:19+00:00,0.84
526229,88551081062941956754624270296481102277138087249231124901142839087117648363109,0,Yes,yes,2025-03-21 12:00:00+00:00,2025_03_21_open_0500_PT,2025-03-21 05:00:00-07:00,2025-03-21 09:51:11+00:00,0.028492641679788815
524292,9014695769446700891659134648259488341557414914618690658701879241952037527074,1,No,no,2025-03-21 12:00:00+00:00,2025_03_21_open_0500_PT,2025-03-21 05:00:00-07:00,2025-03-21 03:14:47+00:00,0.86
527032,90544185197348445762400462367487730947998989538649021442756705113012034127717,0,Yes,yes,2025-03-21 12:00:00+00:00,2025_03_21_open_0500_PT,2025-03-21 05:00:00-07:00,2025-03-11 17:55:03+00:00,0.01
516315,9252583647094848244431316973245869222379640287360099162283052699401101960353,0,Yes,yes,2025-03-21 12:00:00+00:00,2025_03_21_open_0500_PT,2025-03-21 05:00:00-07:00,2025-03-21 04:42:29+00:00,0.05294058827822787
516143,95786924372760057572092804419385993470890190892343223404877167501659835222533,1,No,no,2025-03-21 12:00:00+00:00,2025_03_21_open_0500_PT,2025-03-21 05:00:00-07:00,2025-03-21 11:39:09+00:00,0.8600000033648525
522056,96601928894191559916157952751631886797424000157973909225754084049773554405468,0,Yes,yes,2025-03-21 12:00:00+00:00,2025_03_21_open_0500_PT,2025-03-21 05:00:00-07:00,2025-03-21 11:07:05+00:00,0.5099999966618182
527005,96618036676034164847772351078297997221316377064022855127438030193903015078566,1,No,no,2025-03-21 12:00:00+00:00,2025_03_21_open_0500_PT,2025-03-21 05:00:00-07:00,2025-03-20 16:42:48+00:00,0.83
524021,97262919156133260921887403057581420516585464065308475066791456615017669503669,0,Yes,yes,2025-03-21 12:00:00+00:00,2025_03_21_open_0500_PT,2025-03-21 05:00:00-07:00,2025-03-21 11:21:41+00:00,0.3300000037325926
527005,100121345789532362055123879793212027312379236056429540221720415709850532973373,0,Yes,yes,2025-03-22 00:00:00+00:00,2025_03_21_close_1700_PT,2025-03-21 17:00:00-07:00,2025-03-21 23:05:30+00:00,0.17
507311,102006319303460238827563664446951754516041393632850360444322469125777577388771,0,Yes,yes,2025-03-22 00:00:00+00:00,2025_03_21_close_1700_PT,2025-03-21 17:00:00-07:00,2025-01-29 21:39:28+00:00,0.001
524145,102062916030133807330186342894442541205582789480933958339342744794892413850627,1,No,no,2025-03-22 00:00:00+00:00,2025_03_21_close_1700_PT,2025-03-21 17:00:00-07:00,2025-02-28 16:13:57+00:00,0.001
525437,10316592426452860464899722692398677096383513371344164830735417650138017205817,1,No,no,2025-03-22 00:00:00+00:00,2025_03_21_close_1700_PT,2025-03-21 17:00:00-07:00,2025-03-05 19:01:37+00:00,0.01
521103,103909253011351322759892776638669457027523901655815490042130382730360706229706,0,Yes,yes,2025-03-22 00:00:00+00:00,2025_03_21_close_1700_PT,2025-03-21 17:00:00-07:00,2025-03-21 09:54:47+00:00,0.1299999789399992
516715,104795148936930645520469554178353538587130154145659561962269514319642274480768,1,No,no,2025-03-22 00:00:00+00:00,2025_03_21_close_1700_PT,2025-03-21 17:00:00-07:00,2025-03-21 19:54:21+00:00,0.93
526814,105039045108735350701067761926660919174556796573940954887933194396971464305066,0,Yes,yes,2025-03-22 00:00:00+00:00,2025_03_21_close_1700_PT,2025-03-21 17:00:00-07:00,2025-03-21 23:53:02+00:00,0.4
524291,106785705064968660332067023300536266535388124753272914243541205698423062856246,0,Yes,yes,2025-03-22 00:00:00+00:00,2025_03_21_close_1700_PT,2025-03-21 17:00:00-07:00,2025-03-21 21:52:58+00:00,0.09
524285,107643187201000404038693592426566378917534508353468263334674357442312114112510,1,No,no,2025-03-22 00:00:00+00:00,2025_03_21_close_1700_PT,2025-03-21 17:00:00-07:00,2025-03-21 20:47:33+00:00,0.62
525442,108057916747365167542504013787062021441684619476265070483570121865318046932052,0,Yes,yes,2025-03-22 00:00:00+00:00,2025_03_21_close_1700_PT,2025-03-21 17:00:00-07:00,2025-03-05 19:00:49+00:00,0.001
521603,108064859672314536571175804798614410280877635973727667622803804179444259690672,1,No,no,2025-03-22 00:00:00+00:00,2025_03_21_close_1700_PT,2025-03-21 17:00:00-07:00,2025-03-21 22:19:56+00:00,0.9769999992144004
522894,108303820542127194670275571355095079674537367635794408292209711330192187534707,1,No,no,2025-03-22 00:00:00+00:00,2025_03_21_close_1700_PT,2025-03-21 17:00:00-07:00,2025-03-21 16:37:19+00:00,0.94
519736,108331518505056537403722461966654684743488871885239753047834907734450664515452,1,No,no,2025-03-22 00:00:00+00:00,2025_03_21_close_1700_PT,2025-03-21 17:00:00-07:00,2025-03-20 18:30:09+00:00,0.9099090909090909
507311,109788973099970019996072517823266794542154906066004680247007602517078576240900,1,No,no,2025-03-22 00:00:00+00:00,2025_03_21_close_1700_PT,2025-03-21 17:00:00-07:00,2025-01-29 21:39:28+00:00,0.999
523420,110303218457795832861589414223072133732424840017074962598980991451216787898529,0,Yes,yes,2025-03-22 00:00:00+00:00,2025_03_21_close_1700_PT,2025-03-21 17:00:00-07:00,2025-03-21 23:59:54+00:00,0.36
523420,110513468504414111967623727967802735681305040958967125800368195228103949451183,1,No,no,2025-03-22 00:00:00+00:00,2025_03_21_close_1700_PT,2025-03-21 17:00:00-07:00,2025-03-21 23:59:54+00:00,0.64
523198,111048886296924495129741424280092672064807186679410610865674623733591163627018,1,No,no,2025-03-22 00:00:00+00:00,2025_03_21_close_1700_PT,2025-03-21 17:00:00-07:00,2025-03-20 20:44:05+00:00,0.9399999962399888
522056,111817814065148789668110176254570458287510111700931938757952739120253070676417,1,No,no,2025-03-22 00:00:00+00:00,2025_03_21_close_1700_PT,2025-03-21 17:00:00-07:00,2025-03-21 23:29:36+00:00,0.51
516315,112686805416681376426848642516954883318316273962669944235801308401883591913314,1,No,no,2025-03-22 00:00:00+00:00,2025_03_21_close_1700_PT,2025-03-21 17:00:00-07:00,2025-03-21 20:10:29+00:00,0.9510004581502978
519844,115151921832306680160638545362939767099400757097903129602011054222202727203606,1,No,no,2025-03-22 00:00:00+00:00,2025_03_21_close_1700_PT,2025-03-21 17:00:00-07:00,2025-02-28 20:07:00+00:00,0.001
524143,1179039883486402183499490082435825463500517700553032674433043579228770785112,0,Yes,yes,2025-03-22 00:00:00+00:00,2025_03_21_close_1700_PT,2025-03-21 17:00:00-07:00,2025-03-21 20:54:13+00:00,0.1099999684666652
525437,12198166341436727947405729209814148041740036263965322192437253954048906701116,0,Yes,yes,2025-03-22 00:00:00+00:00,2025_03_21_close_1700_PT,2025-03-21 17:00:00-07:00,2025-03-05 19:01:37+00:00,0.99
521100,14990029861718662869816237869973544862792282285138092644462921007650993247380,0,Yes,yes,2025-03-22 00:00:00+00:00,2025_03_21_close_1700_PT,2025-03-21 17:00:00-07:00,2025-03-12 20:16:21+00:00,0.999
516719,15974786252393396629980467963784550802583781222733347534844974829144359265969,0,Yes,yes,2025-03-22 00:00:00+00:00,2025_03_21_close_1700_PT,2025-03-21 17:00:00-07:00,2025-03-21 23:48:10+00:00,0.7099999826829132
527081,17189149212865445714213344530377307644873493103595435170459256971807866915825,1,No,no,2025-03-22 00:00:00+00:00,2025_03_21_close_1700_PT,2025-03-21 17:00:00-07:00,2025-03-21 18:48:29+00:00,0.6099999755999961
525442,17526688879266974475993857941710252477836369992267558391595367358065513215277,1,No,no,2025-03-22 00:00:00+00:00,2025_03_21_close_1700_PT,2025-03-21 17:00:00-07:00,2025-03-05 19:00:49+00:00,0.999
523198,17636133037698655711537839367918666335877935696344385855077943944327611242596,0,Yes,yes,2025-03-22 00:00:00+00:00,2025_03_21_close_1700_PT,2025-03-21 17:00:00-07:00,2025-03-20 20:44:05+00:00,0.060000003760011265
518890,1820990530457734990844221236379424325571531338274179313320944848555296238885,0,Yes,yes,2025-03-22 00:00:00+00:00,2025_03_21_close_1700_PT,2025-03-21 17:00:00-07:00,2025-03-20 15:37:28+00:00,0.16
521603,18833065283746804110550289341323864262410877417777323132151715138616977528841,0,Yes,yes,2025-03-22 00:00:00+00:00,2025_03_21_close_1700_PT,2025-03-21 17:00:00-07:00,2025-03-21 22:20:10+00:00,0.023
518890,19787433176606062103363478006507471735790167880416910771642279209812633663344,1,No,no,2025-03-22 00:00:00+00:00,2025_03_21_close_1700_PT,2025-03-21 17:00:00-07:00,2025-03-19 06:52:28+00:00,0.84
523343,22255463452594162709449800579658835371746668793825841462318307382376621533755,0,Yes,yes,2025-03-22 00:00:00+00:00,2025_03_21_close_1700_PT,2025-03-21 17:00:00-07:00,2025-03-21 21:32:29+00:00,0.6100001521000927
527279,22752183918002848078277748029145662550669719932108767430775139318472934671798,1,No,no,2025-03-22 00:00:00+00:00,2025_03_21_close_1700_PT,2025-03-21 17:00:00-07:00,2025-03-12 20:16:11+00:00,0.002
524021,22814991468805556116471270417641782171550309851492637070422109257339804109572,1,No,no,2025-03-22 00:00:00+00:00,2025_03_21_close_1700_PT,2025-03-21 17:00:00-07:00,2025-03-21 23:39:50+00:00,0.69
524292,23363560824318474668781482335102625289561748638527872548758492627125630990827,0,Yes,yes,2025-03-22 00:00:00+00:00,2025_03_21_close_1700_PT,2025-03-21 17:00:00-07:00,2025-03-21 17:07:25+00:00,0.15
521026,23632768753333496327246137884794918423597173479688585307138116345069085580247,1,No,no,2025-03-22 00:00:00+00:00,2025_03_21_close_1700_PT,2025-03-21 17:00:00-07:00,2025-03-21 15:15:03+00:00,0.35
516189,25301545985889508293321782755434072371936771538975200674445139222395623272851,1,No,no,2025-03-22 00:00:00+00:00,2025_03_21_close_1700_PT,2025-03-21 17:00:00-07:00,2025-03-20 16:19:18+00:00,0.97
516143,25742247876332768458781360292043764039507900813404980298479194684402595556451,0,Yes,yes,2025-03-22 00:00:00+00:00,2025_03_21_close_1700_PT,2025-03-21 17:00:00-07:00,2025-03-21 23:34:58+00:00,0.14
516190,27706044619360761256387697290478189707563660684659877077148428665563431908215,1,No,no,2025-03-22 00:00:00+00:00,2025_03_21_close_1700_PT,2025-03-21 17:00:00-07:00,2025-03-21 18:48:01+00:00,0.04083720930232558
525231,27854589915558666949911110700107109304807510472832754346848714713106576041207,0,Yes,yes,2025-03-22 00:00:00+00:00,2025_03_21_close_1700_PT,2025-03-21 17:00:00-07:00,2025-03-19 20:18:48+00:00,0.08
521025,28414938735362964078307100001374150957816395319940009652318455849499629150252,1,No,no,2025-03-22 00:00:00+00:00,2025_03_21_close_1700_PT,2025-03-21 17:00:00-07:00,2025-03-21 15:14:45+00:00,0.63
525232,31566724138998405553508313449766802786847999037726188458982786371622924711878,1,No,no,2025-03-22 00:00:00+00:00,2025_03_21_close_1700_PT,2025-03-21 17:00:00-07:00,2025-03-21 10:44:55+00:00,0.68
524143,32156304147657186738936334568719617978558036247795210919856751006394161293073,1,No,no,2025-03-22 00:00:00+00:00,2025_03_21_close_1700_PT,2025-03-21 17:00:00-07:00,2025-03-21 16:37:01+00:00,0.9
526861,32921044856076201189154703786849418887213408387521621721061527935861828024828,0,Yes,yes,2025-03-22 00:00:00+00:00,2025_03_21_close_1700_PT,2025-03-21 17:00:00-07:00,2025-03-21 23:49:18+00:00,0.68
527278,33787629600621860180939604657495798919073059313987957113657471584613393310606,1,No,no,2025-03-22 00:00:00+00:00,2025_03_21_close_1700_PT,2025-03-21 17:00:00-07:00,2025-03-14 17:08:09+00:00,0.001
521499,37809713000353368658683984822433912106052732096671571646866650191133502648634,1,No,no,2025-03-22 00:00:00+00:00,2025_03_21_close_1700_PT,2025-03-21 17:00:00-07:00,2025-03-12 20:16:29+00:00,0.001
519628,37946704943888888914227612417452623974614267503719043957094985529354395995926,1,No,no,2025-03-22 00:00:00+00:00,2025_03_21_close_1700_PT,2025-03-21 17:00:00-07:00,2025-03-21 23:12:52+00:00,0.51
517693,38028235049989289118991891250017423701902844342596888644757673357241176888913,1,No,no,2025-03-22 00:00:00+00:00,2025_03_21_close_1700_PT,2025-03-21 17:00:00-07:00,2025-03-21 21:52:42+00:00,0.89
522057,39073221701552764059446410725782004011128353041681427534414147663135223634260,1,No,no,2025-03-22 00:00:00+00:00,2025_03_21_close_1700_PT,2025-03-21 17:00:00-07:00,2025-03-21 23:54:08+00:00,0.770000003795
519628,39327269875426915204597944387916069897800289788920336317845465327697809453999,0,Yes,yes,2025-03-22 00:00:00+00:00,2025_03_21_close_1700_PT,2025-03-21 17:00:00-07:00,2025-03-21 23:12:52+00:00,0.49
527279,40001158490980829331315202760805197309678407198352511114569399283632572307422,0,Yes,yes,2025-03-22 00:00:00+00:00,2025_03_21_close_1700_PT,2025-03-21 17:00:00-07:00,2025-03-12 20:19:55+00:00,0.998
521103,40643730425995007653653846322257326466291751148478865541862332040512398068473,1,No,no,2025-03-22 00:00:00+00:00,2025_03_21_close_1700_PT,2025-03-21 17:00:00-07:00,2025-03-21 15:03:01+00:00,0.88999995549998
519844,40914113765279699847589045742755525912767460490196542143342551731171071232917,0,Yes,yes,2025-03-22 00:00:00+00:00,2025_03_21_close_1700_PT,2025-03-21 17:00:00-07:00,2025-02-28 20:07:00+00:00,0.999
516719,42351579455604873042957090441032286075880144797259231030267680078160718556927,1,No,no,2025-03-22 00:00:00+00:00,2025_03_21_close_1700_PT,2025-03-21 17:00:00-07:00,2025-03-21 23:48:10+00:00,0.2900000173170868
523413,4274339277583331170231436480507835882687434608350779078862983050349942696879,1,No,no,2025-03-22 00:00:00+00:00,2025_03_21_close_1700_PT,2025-03-21 17:00:00-07:00,2025-03-21 19:15:03+00:00,0.84
521100,42807705713627033072721560874549512720856774493986139163714965545915531235572,1,No,no,2025-03-22 00:00:00+00:00,2025_03_21_close_1700_PT,2025-03-21 17:00:00-07:00,2025-03-12 20:16:21+00:00,0.001
524147,43469326409739858395690572881501444443817974097672167644298447954120789600137,0,Yes,yes,2025-03-22 00:00:00+00:00,2025_03_21_close_1700_PT,2025-03-21 17:00:00-07:00,2025-02-28 06:17:16+00:00,0.9988821436653187
518889,44380686214454472779171256638293817778327849773706779670665516622038269778385,1,No,no,2025-03-22 00:00:00+00:00,2025_03_21_close_1700_PT,2025-03-21 17:00:00-07:00,2025-03-21 23:57:14+00:00,0.71
517073,46900460840406661483474634104595482418501684854096906918305683910102403871123,0,Yes,yes,2025-03-22 00:00:00+00:00,2025_03_21_close_1700_PT,2025-03-21 17:00:00-07:00,2025-03-21 20:56:49+00:00,0.22543552128393204
523413,46975241878566226675389813084558441099978633579735672808077735156890286559886,0,Yes,yes,2025-03-22 00:00:00+00:00,2025_03_21_close_1700_PT,2025-03-21 17:00:00-07:00,2025-03-21 19:15:03+00:00,0.16
521499,47692708638309429756044208432818720002044706296619873136468383174493259480485,0,Yes,yes,2025-03-22 00:00:00+00:00,2025_03_21_close_1700_PT,2025-03-21 17:00:00-07:00,2025-03-12 20:16:29+00:00,0.999
522057,48477409091695386761559202853239391470463303066983260592312960625658563043275,0,Yes,yes,2025-03-22 00:00:00+00:00,2025_03_21_close_1700_PT,2025-03-21 17:00:00-07:00,2025-03-21 23:54:08+00:00,0.22999999620499997
521026,49473000926194462184545427213242554383104595845909786504578023251386790224858,0,Yes,yes,2025-03-22 00:00:00+00:00,2025_03_21_close_1700_PT,2025-03-21 17:00:00-07:00,2025-03-21 15:15:03+00:00,0.6482255
507984,50284187941943469569202009194355917949339120733469101749033950310686959468007,0,Yes,yes,2025-03-22 00:00:00+00:00,2025_03_21_close_1700_PT,2025-03-21 17:00:00-07:00,2024-12-12 21:27:58+00:00,0.002
521025,50391907985844971368730434370554275352555306650304559981296724287110163889372,0,Yes,yes,2025-03-22 00:00:00+00:00,2025_03_21_close_1700_PT,2025-03-21 17:00:00-07:00,2025-03-21 15:14:45+00:00,0.369601
527032,52520991936301939851844268554264807330714499642654844594240746592838266792432,1,No,no,2025-03-22 00:00:00+00:00,2025_03_21_close_1700_PT,2025-03-21 17:00:00-07:00,2025-03-11 19:15:04+00:00,0.999
524348,52960782840877996381169383667062216635147767148703288363719115614339176853095,0,Yes,yes,2025-03-22 00:00:00+00:00,2025_03_21_close_1700_PT,2025-03-21 17:00:00-07:00,2025-02-25 19:54:41+00:00,0.001
522878,5442743401928862894180841736263512191564084389996775978514134400673743050598,0,Putin,putin,2025-03-22 00:00:00+00:00,2025_03_21_close_1700_PT,2025-03-21 17:00:00-07:00,2025-02-28 20:00:10+00:00,0.001
522878,55264189025055373090161890959631464405045385380191735792739072809428026021736,1,Zelenskyy,zelenskyy,2025-03-22 00:00:00+00:00,2025_03_21_close_1700_PT,2025-03-21 17:00:00-07:00,2025-02-28 20:00:10+00:00,0.999
523197,55509409310784585364116971076570089959207228118269642206238982520364239944605,1,No,no,2025-03-22 00:00:00+00:00,2025_03_21_close_1700_PT,2025-03-21 17:00:00-07:00,2025-03-20 07:10:13+00:00,0.975
516187,56333219586489855674685549932194420713208928308331628771337419037140355178076,0,Yes,yes,2025-03-22 00:00:00+00:00,2025_03_21_close_1700_PT,2025-03-21 17:00:00-07:00,2025-03-17 19:41:27+00:00,0.04
523343,57160884655103428512814247631012981773015723019889832549493437551469480061242,1,No,no,2025-03-22 00:00:00+00:00,2025_03_21_close_1700_PT,2025-03-21 17:00:00-07:00,2025-03-21 21:32:29+00:00,0.3899998478999072
516715,5802460671946751538636185453975614627729230853286731735057811449821051691611,0,Yes,yes,2025-03-22 00:00:00+00:00,2025_03_21_close_1700_PT,2025-03-21 17:00:00-07:00,2025-03-20 11:21:53+00:00,0.06000000188000263
522895,62643694748826312587911382162440534823433709821141516597510649054633548502810,0,Yes,yes,2025-03-22 00:00:00+00:00,2025_03_21_close_1700_PT,2025-03-21 17:00:00-07:00,2025-03-18 23:13:24+00:00,0.33
519736,63894828884807366836211275957245556698359823645556214866812004935138375830618,0,Yes,yes,2025-03-22 00:00:00+00:00,2025_03_21_close_1700_PT,2025-03-21 17:00:00-07:00,2025-03-20 05:38:05+00:00,0.1
524147,6436214359665115810717148929293436681245885613476937891713590935932389735242,1,No,no,2025-03-22 00:00:00+00:00,2025_03_21_close_1700_PT,2025-03-21 17:00:00-07:00,2025-02-28 06:17:16+00:00,0.001
525157,64545313588399663482682286511585103428301403511234717343459455007091083337075,1,No,no,2025-03-22 00:00:00+00:00,2025_03_21_close_1700_PT,2025-03-21 17:00:00-07:00,2025-03-20 21:50:41+00:00,0.75
524291,6456202668171707900880212750943570928813250356351945554332572852984770395210,1,No,no,2025-03-22 00:00:00+00:00,2025_03_21_close_1700_PT,2025-03-21 17:00:00-07:00,2025-03-21 21:52:58+00:00,0.91
526861,65449845407755668776897976670879705991692250175624922195548093200952844680115,1,No,no,2025-03-22 00:00:00+00:00,2025_03_21_close_1700_PT,2025-03-21 17:00:00-07:00,2025-03-21 23:49:18+00:00,0.32
524285,65482627758879803524003778479202246178420046841505286705606240559010331503838,0,Yes,yes,2025-03-22 00:00:00+00:00,2025_03_21_close_1700_PT,2025-03-21 17:00:00-07:00,2025-03-21 21:09:21+00:00,0.3899999773799968
526814,65961864506371256053813328069691531595710124813443748296296270747497043580971,1,No,no,2025-03-22 00:00:00+00:00,2025_03_21_close_1700_PT,2025-03-21 17:00:00-07:00,2025-03-21 23:53:02+00:00,0.6
522895,66339636783489562244427406324835042611372608866942882907689045655663784195972,1,No,no,2025-03-22 00:00:00+00:00,2025_03_21_close_1700_PT,2025-03-21 17:00:00-07:00,2025-03-20 21:49:55+00:00,0.6503745964712809
524145,66356062315875533075062405949409720397580573066885585702377343083606583765118,0,Yes,yes,2025-03-22 00:00:00+00:00,2025_03_21_close_1700_PT,2025-03-21 17:00:00-07:00,2025-02-28 18:42:39+00:00,0.999
524310,6800060988333615171942817578522303119129729510028069894794248047438283072436,1,No,no,2025-03-22 00:00:00+00:00,2025_03_21_close_1700_PT,2025-03-21 17:00:00-07:00,2025-03-21 20:11:25+00:00,0.29599997395199706
507984,68914504833157616843053838732988841773228477730246651549660144444755511574372,1,No,no,2025-03-22 00:00:00+00:00,2025_03_21_close_1700_PT,2025-03-21 17:00:00-07:00,2024-12-12 21:27:58+00:00,0.998
517693,69226537548379102137110260910766942274764101034650179979960227372969528243604,0,Yes,yes,2025-03-22 00:00:00+00:00,2025_03_21_close_1700_PT,2025-03-21 17:00:00-07:00,2025-03-12 21:00:11+00:00,0.12
521041,70920939650366426146836696994150938025168677239124917474200404356093431153260,1,No,no,2025-03-22 00:00:00+00:00,2025_03_21_close_1700_PT,2025-03-21 17:00:00-07:00,2025-03-21 10:15:06+00:00,0.8899999922124991
516189,71685983838843709915160975671540060908877886707703474939962098991499689519711,0,Yes,yes,2025-03-22 00:00:00+00:00,2025_03_21_close_1700_PT,2025-03-21 17:00:00-07:00,2025-03-20 14:16:20+00:00,0.029
525232,73663957466489274595176785305097386128325404078001917490010407904837134882577,0,Yes,yes,2025-03-22 00:00:00+00:00,2025_03_21_close_1700_PT,2025-03-21 17:00:00-07:00,2025-03-21 10:44:55+00:00,0.32
524348,73984012795437798473481687953253285098754321969692105101879063972760068638228,1,No,no,2025-03-22 00:00:00+00:00,2025_03_21_close_1700_PT,2025-03-21 17:00:00-07:00,2025-02-25 19:54:41+00:00,0.999
525157,74129046843921940913413587682588886122583847748489066762857187137233978267670,0,Yes,yes,2025-03-22 00:00:00+00:00,2025_03_21_close_1700_PT,2025-03-21 17:00:00-07:00,2025-03-20 21:50:41+00:00,0.25
519048,74534059827731044353009484655251717921023956616694121520435859117169009979824,0,Yes,yes,2025-03-22 00:00:00+00:00,2025_03_21_close_1700_PT,2025-03-21 17:00:00-07:00,2025-03-21 22:15:50+00:00,0.10999990319998838
524477,75533964938719028696952998369094361524498526879485856631877081096914627658644,1,No,no,2025-03-22 00:00:00+00:00,2025_03_21_close_1700_PT,2025-03-21 17:00:00-07:00,2025-03-21 05:56:31+00:00,0.92
518889,76417393963448037479806799796874747547221511591996743269503725518742470496274,0,Yes,yes,2025-03-22 00:00:00+00:00,2025_03_21_close_1700_PT,2025-03-21 17:00:00-07:00,2025-03-21 22:00:10+00:00,0.28491428571428573
523197,76517872896411850784270344965682992803318434169987777444136970978963357739156,0,Yes,yes,2025-03-22 00:00:00+00:00,2025_03_21_close_1700_PT,2025-03-21 17:00:00-07:00,2025-03-21 06:03:19+00:00,0.013
519048,76643504232063200802060773779828726415087044269171506931668031354693251545396,1,No,no,2025-03-22 00:00:00+00:00,2025_03_21_close_1700_PT,2025-03-21 17:00:00-07:00,2025-03-21 23:56:06+00:00,0.89
527278,76683579252562835143863542840343898007243510337054657506558517873008498105093,0,Yes,yes,2025-03-22 00:00:00+00:00,2025_03_21_close_1700_PT,2025-03-21 17:00:00-07:00,2025-03-14 17:08:09+00:00,0.999
516187,76896069667756716472035601301016783496873889454464161011234150458037478069918,1,No,no,2025-03-22 00:00:00+00:00,2025_03_21_close_1700_PT,2025-03-21 17:00:00-07:00,2025-03-21 12:28:41+00:00,0.9599998617599647
517073,78869803177078589287716771530665317651497156168734051494454473188006845916520,1,No,no,2025-03-22 00:00:00+00:00,2025_03_21_close_1700_PT,2025-03-21 17:00:00-07:00,2025-03-21 20:56:49+00:00,0.77
522894,81020312652589627285197771109762839746287006928172707150877539028691834065212,0,Yes,yes,2025-03-22 00:00:00+00:00,2025_03_21_close_1700_PT,2025-03-21 17:00:00-07:00,2025-03-21 14:24:07+00:00,0.07
524310,82246973513888061559569421022652964687465272762066736721360354291228748283806,0,Yes,yes,2025-03-22 00:00:00+00:00,2025_03_21_close_1700_PT,2025-03-21 17:00:00-07:00,2025-03-21 22:00:24+00:00,0.704
516190,83080252071092689902932666850490074811760131055025811650818073654402601835484,0,Yes,yes,2025-03-22 00:00:00+00:00,2025_03_21_close_1700_PT,2025-03-21 17:00:00-07:00,2025-03-21 18:48:01+00:00,0.961
521041,83524440200143860657028178945801858366378129256359488825050609853223919531809,0,Yes,yes,2025-03-22 00:00:00+00:00,2025_03_21_close_1700_PT,2025-03-21 17:00:00-07:00,2025-03-21 10:15:06+00:00,0.11000000778750091
524477,83547673164506671794819260938344653989875088069034224812175182562166039721574,0,Yes,yes,2025-03-22 00:00:00+00:00,2025_03_21_close_1700_PT,2025-03-21 17:00:00-07:00,2025-03-21 05:56:31+00:00,0.08
525231,83742739530586820493605246339344277590673217105618245459443915506041800643469,1,No,no,2025-03-22 00:00:00+00:00,2025_03_21_close_1700_PT,2025-03-21 17:00:00-07:00,2025-03-18 16:49:37+00:00,0.91
510319,84888738552927367074645370589243532246434846262240067551074642775011167355434,0,Yes,yes,2025-03-22 00:00:00+00:00,2025_03_21_close_1700_PT,2025-03-21 17:00:00-07:00,2025-03-21 23:49:16+00:00,0.14
527081,85329416514471004297478005149625146014624743562622421967455557722819447174298,0,Yes,yes,2025-03-22 00:00:00+00:00,2025_03_21_close_1700_PT,2025-03-21 17:00:00-07:00,2025-03-21 18:48:29+00:00,0.3900000244000039
526229,86304131703011980721755979925817881408007934797292837200662297834354514178950,1,No,no,2025-03-22 00:00:00+00:00,2025_03_21_close_1700_PT,2025-03-21 17:00:00-07:00,2025-03-21 22:20:34+00:00,0.973
510319,86857783363775257860227917708309268561005168570896999677788731255030014967896,1,No,no,2025-03-22 00:00:00+00:00,2025_03_21_close_1700_PT,2025-03-21 17:00:00-07:00,2025-03-21 23:59:12+00:00,0.8599999738559987
526229,88551081062941956754624270296481102277138087249231124901142839087117648363109,0,Yes,yes,2025-03-22 00:00:00+00:00,2025_03_21_close_1700_PT,2025-03-21 17:00:00-07:00,2025-03-21 22:20:34+00:00,0.027
524292,9014695769446700891659134648259488341557414914618690658701879241952037527074,1,No,no,2025-03-22 00:00:00+00:00,2025_03_21_close_1700_PT,2025-03-21 17:00:00-07:00,2025-03-21 17:07:25+00:00,0.85
527032,90544185197348445762400462367487730947998989538649021442756705113012034127717,0,Yes,yes,2025-03-22 00:00:00+00:00,2025_03_21_close_1700_PT,2025-03-21 17:00:00-07:00,2025-03-11 17:55:03+00:00,0.01
516315,9252583647094848244431316973245869222379640287360099162283052699401101960353,0,Yes,yes,2025-03-22 00:00:00+00:00,2025_03_21_close_1700_PT,2025-03-21 17:00:00-07:00,2025-03-21 20:10:29+00:00,0.04899999083699988
516143,95786924372760057572092804419385993470890190892343223404877167501659835222533,1,No,no,2025-03-22 00:00:00+00:00,2025_03_21_close_1700_PT,2025-03-21 17:00:00-07:00,2025-03-21 23:34:58+00:00,0.86
522056,96601928894191559916157952751631886797424000157973909225754084049773554405468,0,Yes,yes,2025-03-22 00:00:00+00:00,2025_03_21_close_1700_PT,2025-03-21 17:00:00-07:00,2025-03-21 23:29:36+00:00,0.49
527005,96618036676034164847772351078297997221316377064022855127438030193903015078566,1,No,no,2025-03-22 00:00:00+00:00,2025_03_21_close_1700_PT,2025-03-21 17:00:00-07:00,2025-03-21 23:05:30+00:00,0.83
524021,97262919156133260921887403057581420516585464065308475066791456615017669503669,0,Yes,yes,2025-03-22 00:00:00+00:00,2025_03_21_close_1700_PT,2025-03-21 17:00:00-07:00,2025-03-21 23:39:50+00:00,0.31
527005,100121345789532362055123879793212027312379236056429540221720415709850532973373,0,Yes,yes,2025-03-22 12:00:00+00:00,2025_03_22_open_0500_PT,2025-03-22 05:00:00-07:00,2025-03-22 05:17:52+00:00,0.14941176470588236
507311,102006319303460238827563664446951754516041393632850360444322469125777577388771,0,Yes,yes,2025-03-22 12:00:00+00:00,2025_03_22_open_0500_PT,2025-03-22 05:00:00-07:00,2025-01-29 21:39:28+00:00,0.001
524145,102062916030133807330186342894442541205582789480933958339342744794892413850627,1,No,no,2025-03-22 12:00:00+00:00,2025_03_22_open_0500_PT,2025-03-22 05:00:00-07:00,2025-02-28 16:13:57+00:00,0.001
525437,10316592426452860464899722692398677096383513371344164830735417650138017205817,1,No,no,2025-03-22 12:00:00+00:00,2025_03_22_open_0500_PT,2025-03-22 05:00:00-07:00,2025-03-05 19:01:37+00:00,0.01
521103,103909253011351322759892776638669457027523901655815490042130382730360706229706,0,Yes,yes,2025-03-22 12:00:00+00:00,2025_03_22_open_0500_PT,2025-03-22 05:00:00-07:00,2025-03-21 09:54:47+00:00,0.1299999789399992
516715,104795148936930645520469554178353538587130154145659561962269514319642274480768,1,No,no,2025-03-22 12:00:00+00:00,2025_03_22_open_0500_PT,2025-03-22 05:00:00-07:00,2025-03-22 07:47:56+00:00,0.94
526814,105039045108735350701067761926660919174556796573940954887933194396971464305066,0,Yes,yes,2025-03-22 12:00:00+00:00,2025_03_22_open_0500_PT,2025-03-22 05:00:00-07:00,2025-03-22 11:43:29+00:00,0.42
524291,106785705064968660332067023300536266535388124753272914243541205698423062856246,0,Yes,yes,2025-03-22 12:00:00+00:00,2025_03_22_open_0500_PT,2025-03-22 05:00:00-07:00,2025-03-21 21:52:58+00:00,0.09
524285,107643187201000404038693592426566378917534508353468263334674357442312114112510,1,No,no,2025-03-22 12:00:00+00:00,2025_03_22_open_0500_PT,2025-03-22 05:00:00-07:00,2025-03-22 07:38:28+00:00,0.6339602601586954
525442,108057916747365167542504013787062021441684619476265070483570121865318046932052,0,Yes,yes,2025-03-22 12:00:00+00:00,2025_03_22_open_0500_PT,2025-03-22 05:00:00-07:00,2025-03-05 19:00:49+00:00,0.001
521603,108064859672314536571175804798614410280877635973727667622803804179444259690672,1,No,no,2025-03-22 12:00:00+00:00,2025_03_22_open_0500_PT,2025-03-22 05:00:00-07:00,2025-03-22 10:34:05+00:00,0.978
522894,108303820542127194670275571355095079674537367635794408292209711330192187534707,1,No,no,2025-03-22 12:00:00+00:00,2025_03_22_open_0500_PT,2025-03-22 05:00:00-07:00,2025-03-22 11:23:27+00:00,0.9299999813999167
519736,108331518505056537403722461966654684743488871885239753047834907734450664515452,1,No,no,2025-03-22 12:00:00+00:00,2025_03_22_open_0500_PT,2025-03-22 05:00:00-07:00,2025-03-20 18:30:09+00:00,0.9099090909090909
507311,109788973099970019996072517823266794542154906066004680247007602517078576240900,1,No,no,2025-03-22 12:00:00+00:00,2025_03_22_open_0500_PT,2025-03-22 05:00:00-07:00,2025-01-29 21:39:28+00:00,0.999
523420,110303218457795832861589414223072133732424840017074962598980991451216787898529,0,Yes,yes,2025-03-22 12:00:00+00:00,2025_03_22_open_0500_PT,2025-03-22 05:00:00-07:00,2025-03-22 08:44:27+00:00,0.4335218471062764
523420,110513468504414111967623727967802735681305040958967125800368195228103949451183,1,No,no,2025-03-22 12:00:00+00:00,2025_03_22_open_0500_PT,2025-03-22 05:00:00-07:00,2025-03-22 09:32:16+00:00,0.59
523198,111048886296924495129741424280092672064807186679410610865674623733591163627018,1,No,no,2025-03-22 12:00:00+00:00,2025_03_22_open_0500_PT,2025-03-22 05:00:00-07:00,2025-03-20 20:44:05+00:00,0.9399999962399888
522056,111817814065148789668110176254570458287510111700931938757952739120253070676417,1,No,no,2025-03-22 12:00:00+00:00,2025_03_22_open_0500_PT,2025-03-22 05:00:00-07:00,2025-03-22 10:32:03+00:00,0.52
516315,112686805416681376426848642516954883318316273962669944235801308401883591913314,1,No,no,2025-03-22 12:00:00+00:00,2025_03_22_open_0500_PT,2025-03-22 05:00:00-07:00,2025-03-22 01:51:41+00:00,0.954
519844,115151921832306680160638545362939767099400757097903129602011054222202727203606,1,No,no,2025-03-22 12:00:00+00:00,2025_03_22_open_0500_PT,2025-03-22 05:00:00-07:00,2025-02-28 20:07:00+00:00,0.001
524143,1179039883486402183499490082435825463500517700553032674433043579228770785112,0,Yes,yes,2025-03-22 12:00:00+00:00,2025_03_22_open_0500_PT,2025-03-22 05:00:00-07:00,2025-03-22 06:13:37+00:00,0.11
525437,12198166341436727947405729209814148041740036263965322192437253954048906701116,0,Yes,yes,2025-03-22 12:00:00+00:00,2025_03_22_open_0500_PT,2025-03-22 05:00:00-07:00,2025-03-05 19:01:37+00:00,0.99
521100,14990029861718662869816237869973544862792282285138092644462921007650993247380,0,Yes,yes,2025-03-22 12:00:00+00:00,2025_03_22_open_0500_PT,2025-03-22 05:00:00-07:00,2025-03-12 20:16:21+00:00,0.999
516719,15974786252393396629980467963784550802583781222733347534844974829144359265969,0,Yes,yes,2025-03-22 12:00:00+00:00,2025_03_22_open_0500_PT,2025-03-22 05:00:00-07:00,2025-03-22 11:45:55+00:00,0.69
527081,17189149212865445714213344530377307644873493103595435170459256971807866915825,1,No,no,2025-03-22 12:00:00+00:00,2025_03_22_open_0500_PT,2025-03-22 05:00:00-07:00,2025-03-22 11:32:11+00:00,0.6099999755999961
525442,17526688879266974475993857941710252477836369992267558391595367358065513215277,1,No,no,2025-03-22 12:00:00+00:00,2025_03_22_open_0500_PT,2025-03-22 05:00:00-07:00,2025-03-05 19:00:49+00:00,0.999
523198,17636133037698655711537839367918666335877935696344385855077943944327611242596,0,Yes,yes,2025-03-22 12:00:00+00:00,2025_03_22_open_0500_PT,2025-03-22 05:00:00-07:00,2025-03-20 20:44:05+00:00,0.060000003760011265
518890,1820990530457734990844221236379424325571531338274179313320944848555296238885,0,Yes,yes,2025-03-22 12:00:00+00:00,2025_03_22_open_0500_PT,2025-03-22 05:00:00-07:00,2025-03-22 05:08:58+00:00,0.16999988609996242
521603,18833065283746804110550289341323864262410877417777323132151715138616977528841,0,Yes,yes,2025-03-22 12:00:00+00:00,2025_03_22_open_0500_PT,2025-03-22 05:00:00-07:00,2025-03-22 10:54:29+00:00,0.023
518890,19787433176606062103363478006507471735790167880416910771642279209812633663344,1,No,no,2025-03-22 12:00:00+00:00,2025_03_22_open_0500_PT,2025-03-22 05:00:00-07:00,2025-03-19 06:52:28+00:00,0.84
523343,22255463452594162709449800579658835371746668793825841462318307382376621533755,0,Yes,yes,2025-03-22 12:00:00+00:00,2025_03_22_open_0500_PT,2025-03-22 05:00:00-07:00,2025-03-22 10:21:17+00:00,0.64
527279,22752183918002848078277748029145662550669719932108767430775139318472934671798,1,No,no,2025-03-22 12:00:00+00:00,2025_03_22_open_0500_PT,2025-03-22 05:00:00-07:00,2025-03-12 20:16:11+00:00,0.002
524021,22814991468805556116471270417641782171550309851492637070422109257339804109572,1,No,no,2025-03-22 12:00:00+00:00,2025_03_22_open_0500_PT,2025-03-22 05:00:00-07:00,2025-03-22 11:49:31+00:00,0.68
524292,23363560824318474668781482335102625289561748638527872548758492627125630990827,0,Yes,yes,2025-03-22 12:00:00+00:00,2025_03_22_open_0500_PT,2025-03-22 05:00:00-07:00,2025-03-22 02:05:13+00:00,0.14
521026,23632768753333496327246137884794918423597173479688585307138116345069085580247,1,No,no,2025-03-22 12:00:00+00:00,2025_03_22_open_0500_PT,2025-03-22 05:00:00-07:00,2025-03-22 05:47:20+00:00,0.3799999011999269
516189,25301545985889508293321782755434072371936771538975200674445139222395623272851,1,No,no,2025-03-22 12:00:00+00:00,2025_03_22_open_0500_PT,2025-03-22 05:00:00-07:00,2025-03-20 16:19:18+00:00,0.97
516143,25742247876332768458781360292043764039507900813404980298479194684402595556451,0,Yes,yes,2025-03-22 12:00:00+00:00,2025_03_22_open_0500_PT,2025-03-22 05:00:00-07:00,2025-03-22 11:39:33+00:00,0.14
516190,27706044619360761256387697290478189707563660684659877077148428665563431908215,1,No,no,2025-03-22 12:00:00+00:00,2025_03_22_open_0500_PT,2025-03-22 05:00:00-07:00,2025-03-22 07:40:56+00:00,0.035
525231,27854589915558666949911110700107109304807510472832754346848714713106576041207,0,Yes,yes,2025-03-22 12:00:00+00:00,2025_03_22_open_0500_PT,2025-03-22 05:00:00-07:00,2025-03-19 20:18:48+00:00,0.08
521025,28414938735362964078307100001374150957816395319940009652318455849499629150252,1,No,no,2025-03-22 12:00:00+00:00,2025_03_22_open_0500_PT,2025-03-22 05:00:00-07:00,2025-03-22 07:03:03+00:00,0.6400001296000829
525232,31566724138998405553508313449766802786847999037726188458982786371622924711878,1,No,no,2025-03-22 12:00:00+00:00,2025_03_22_open_0500_PT,2025-03-22 05:00:00-07:00,2025-03-22 10:57:17+00:00,0.6600000208506437
524143,32156304147657186738936334568719617978558036247795210919856751006394161293073,1,No,no,2025-03-22 12:00:00+00:00,2025_03_22_open_0500_PT,2025-03-22 05:00:00-07:00,2025-03-22 06:13:37+00:00,0.89
526861,32921044856076201189154703786849418887213408387521621721061527935861828024828,0,Yes,yes,2025-03-22 12:00:00+00:00,2025_03_22_open_0500_PT,2025-03-22 05:00:00-07:00,2025-03-22 09:30:02+00:00,0.64
527278,33787629600621860180939604657495798919073059313987957113657471584613393310606,1,No,no,2025-03-22 12:00:00+00:00,2025_03_22_open_0500_PT,2025-03-22 05:00:00-07:00,2025-03-14 17:08:09+00:00,0.001
521499,37809713000353368658683984822433912106052732096671571646866650191133502648634,1,No,no,2025-03-22 12:00:00+00:00,2025_03_22_open_0500_PT,2025-03-22 05:00:00-07:00,2025-03-12 20:16:29+00:00,0.001
519628,37946704943888888914227612417452623974614267503719043957094985529354395995926,1,No,no,2025-03-22 12:00:00+00:00,2025_03_22_open_0500_PT,2025-03-22 05:00:00-07:00,2025-03-22 11:58:35+00:00,0.509999999949
517693,38028235049989289118991891250017423701902844342596888644757673357241176888913,1,No,no,2025-03-22 12:00:00+00:00,2025_03_22_open_0500_PT,2025-03-22 05:00:00-07:00,2025-03-22 10:59:33+00:00,0.89
522057,39073221701552764059446410725782004011128353041681427534414147663135223634260,1,No,no,2025-03-22 12:00:00+00:00,2025_03_22_open_0500_PT,2025-03-22 05:00:00-07:00,2025-03-22 10:18:55+00:00,0.78
519628,39327269875426915204597944387916069897800289788920336317845465327697809453999,0,Yes,yes,2025-03-22 12:00:00+00:00,2025_03_22_open_0500_PT,2025-03-22 05:00:00-07:00,2025-03-22 11:58:35+00:00,0.49
527279,40001158490980829331315202760805197309678407198352511114569399283632572307422,0,Yes,yes,2025-03-22 12:00:00+00:00,2025_03_22_open_0500_PT,2025-03-22 05:00:00-07:00,2025-03-12 20:19:55+00:00,0.998
521103,40643730425995007653653846322257326466291751148478865541862332040512398068473,1,No,no,2025-03-22 12:00:00+00:00,2025_03_22_open_0500_PT,2025-03-22 05:00:00-07:00,2025-03-21 15:03:01+00:00,0.88999995549998
519844,40914113765279699847589045742755525912767460490196542143342551731171071232917,0,Yes,yes,2025-03-22 12:00:00+00:00,2025_03_22_open_0500_PT,2025-03-22 05:00:00-07:00,2025-02-28 20:07:00+00:00,0.999
516719,42351579455604873042957090441032286075880144797259231030267680078160718556927,1,No,no,2025-03-22 12:00:00+00:00,2025_03_22_open_0500_PT,2025-03-22 05:00:00-07:00,2025-03-22 08:14:26+00:00,0.30999998945999985
523413,4274339277583331170231436480507835882687434608350779078862983050349942696879,1,No,no,2025-03-22 12:00:00+00:00,2025_03_22_open_0500_PT,2025-03-22 05:00:00-07:00,2025-03-22 02:04:47+00:00,0.83
521100,42807705713627033072721560874549512720856774493986139163714965545915531235572,1,No,no,2025-03-22 12:00:00+00:00,2025_03_22_open_0500_PT,2025-03-22 05:00:00-07:00,2025-03-12 20:16:21+00:00,0.001
524147,43469326409739858395690572881501444443817974097672167644298447954120789600137,0,Yes,yes,2025-03-22 12:00:00+00:00,2025_03_22_open_0500_PT,2025-03-22 05:00:00-07:00,2025-02-28 06:17:16+00:00,0.9988821436653187
518889,44380686214454472779171256638293817778327849773706779670665516622038269778385,1,No,no,2025-03-22 12:00:00+00:00,2025_03_22_open_0500_PT,2025-03-22 05:00:00-07:00,2025-03-22 09:48:01+00:00,0.7
517073,46900460840406661483474634104595482418501684854096906918305683910102403871123,0,Yes,yes,2025-03-22 12:00:00+00:00,2025_03_22_open_0500_PT,2025-03-22 05:00:00-07:00,2025-03-21 20:56:49+00:00,0.22543552128393204
523413,46975241878566226675389813084558441099978633579735672808077735156890286559886,0,Yes,yes,2025-03-22 12:00:00+00:00,2025_03_22_open_0500_PT,2025-03-22 05:00:00-07:00,2025-03-22 02:04:47+00:00,0.17
521499,47692708638309429756044208432818720002044706296619873136468383174493259480485,0,Yes,yes,2025-03-22 12:00:00+00:00,2025_03_22_open_0500_PT,2025-03-22 05:00:00-07:00,2025-03-12 20:16:29+00:00,0.999
522057,48477409091695386761559202853239391470463303066983260592312960625658563043275,0,Yes,yes,2025-03-22 12:00:00+00:00,2025_03_22_open_0500_PT,2025-03-22 05:00:00-07:00,2025-03-22 10:18:55+00:00,0.22
521026,49473000926194462184545427213242554383104595845909786504578023251386790224858,0,Yes,yes,2025-03-22 12:00:00+00:00,2025_03_22_open_0500_PT,2025-03-22 05:00:00-07:00,2025-03-22 05:47:20+00:00,0.6200000988000731
507984,50284187941943469569202009194355917949339120733469101749033950310686959468007,0,Yes,yes,2025-03-22 12:00:00+00:00,2025_03_22_open_0500_PT,2025-03-22 05:00:00-07:00,2024-12-12 21:27:58+00:00,0.002
521025,50391907985844971368730434370554275352555306650304559981296724287110163889372,0,Yes,yes,2025-03-22 12:00:00+00:00,2025_03_22_open_0500_PT,2025-03-22 05:00:00-07:00,2025-03-22 07:03:03+00:00,0.35999987039991704
527032,52520991936301939851844268554264807330714499642654844594240746592838266792432,1,No,no,2025-03-22 12:00:00+00:00,2025_03_22_open_0500_PT,2025-03-22 05:00:00-07:00,2025-03-11 19:15:04+00:00,0.999
524348,52960782840877996381169383667062216635147767148703288363719115614339176853095,0,Yes,yes,2025-03-22 12:00:00+00:00,2025_03_22_open_0500_PT,2025-03-22 05:00:00-07:00,2025-02-25 19:54:41+00:00,0.001
522878,5442743401928862894180841736263512191564084389996775978514134400673743050598,0,Putin,putin,2025-03-22 12:00:00+00:00,2025_03_22_open_0500_PT,2025-03-22 05:00:00-07:00,2025-02-28 20:00:10+00:00,0.001
522878,55264189025055373090161890959631464405045385380191735792739072809428026021736,1,Zelenskyy,zelenskyy,2025-03-22 12:00:00+00:00,2025_03_22_open_0500_PT,2025-03-22 05:00:00-07:00,2025-02-28 20:00:10+00:00,0.999
523197,55509409310784585364116971076570089959207228118269642206238982520364239944605,1,No,no,2025-03-22 12:00:00+00:00,2025_03_22_open_0500_PT,2025-03-22 05:00:00-07:00,2025-03-20 07:10:13+00:00,0.975
516187,56333219586489855674685549932194420713208928308331628771337419037140355178076,0,Yes,yes,2025-03-22 12:00:00+00:00,2025_03_22_open_0500_PT,2025-03-22 05:00:00-07:00,2025-03-17 19:41:27+00:00,0.04
523343,57160884655103428512814247631012981773015723019889832549493437551469480061242,1,No,no,2025-03-22 12:00:00+00:00,2025_03_22_open_0500_PT,2025-03-22 05:00:00-07:00,2025-03-22 07:31:18+00:00,0.3799999741599966
516715,5802460671946751538636185453975614627729230853286731735057811449821051691611,0,Yes,yes,2025-03-22 12:00:00+00:00,2025_03_22_open_0500_PT,2025-03-22 05:00:00-07:00,2025-03-22 07:47:56+00:00,0.06
522895,62643694748826312587911382162440534823433709821141516597510649054633548502810,0,Yes,yes,2025-03-22 12:00:00+00:00,2025_03_22_open_0500_PT,2025-03-22 05:00:00-07:00,2025-03-22 09:29:12+00:00,0.36999984953329423
519736,63894828884807366836211275957245556698359823645556214866812004935138375830618,0,Yes,yes,2025-03-22 12:00:00+00:00,2025_03_22_open_0500_PT,2025-03-22 05:00:00-07:00,2025-03-20 05:38:05+00:00,0.1
524147,6436214359665115810717148929293436681245885613476937891713590935932389735242,1,No,no,2025-03-22 12:00:00+00:00,2025_03_22_open_0500_PT,2025-03-22 05:00:00-07:00,2025-02-28 06:17:16+00:00,0.001
525157,64545313588399663482682286511585103428301403511234717343459455007091083337075,1,No,no,2025-03-22 12:00:00+00:00,2025_03_22_open_0500_PT,2025-03-22 05:00:00-07:00,2025-03-22 03:21:33+00:00,0.75
524291,6456202668171707900880212750943570928813250356351945554332572852984770395210,1,No,no,2025-03-22 12:00:00+00:00,2025_03_22_open_0500_PT,2025-03-22 05:00:00-07:00,2025-03-21 21:52:58+00:00,0.91
526861,65449845407755668776897976670879705991692250175624922195548093200952844680115,1,No,no,2025-03-22 12:00:00+00:00,2025_03_22_open_0500_PT,2025-03-22 05:00:00-07:00,2025-03-22 09:30:02+00:00,0.36
524285,65482627758879803524003778479202246178420046841505286705606240559010331503838,0,Yes,yes,2025-03-22 12:00:00+00:00,2025_03_22_open_0500_PT,2025-03-22 05:00:00-07:00,2025-03-22 11:13:45+00:00,0.36
526814,65961864506371256053813328069691531595710124813443748296296270747497043580971,1,No,no,2025-03-22 12:00:00+00:00,2025_03_22_open_0500_PT,2025-03-22 05:00:00-07:00,2025-03-22 11:43:29+00:00,0.58
522895,66339636783489562244427406324835042611372608866942882907689045655663784195972,1,No,no,2025-03-22 12:00:00+00:00,2025_03_22_open_0500_PT,2025-03-22 05:00:00-07:00,2025-03-22 09:29:12+00:00,0.6300001504667058
524145,66356062315875533075062405949409720397580573066885585702377343083606583765118,0,Yes,yes,2025-03-22 12:00:00+00:00,2025_03_22_open_0500_PT,2025-03-22 05:00:00-07:00,2025-02-28 18:42:39+00:00,0.999
524310,6800060988333615171942817578522303119129729510028069894794248047438283072436,1,No,no,2025-03-22 12:00:00+00:00,2025_03_22_open_0500_PT,2025-03-22 05:00:00-07:00,2025-03-22 11:59:19+00:00,0.29
507984,68914504833157616843053838732988841773228477730246651549660144444755511574372,1,No,no,2025-03-22 12:00:00+00:00,2025_03_22_open_0500_PT,2025-03-22 05:00:00-07:00,2024-12-12 21:27:58+00:00,0.998
517693,69226537548379102137110260910766942274764101034650179979960227372969528243604,0,Yes,yes,2025-03-22 12:00:00+00:00,2025_03_22_open_0500_PT,2025-03-22 05:00:00-07:00,2025-03-12 21:00:11+00:00,0.12
521041,70920939650366426146836696994150938025168677239124917474200404356093431153260,1,No,no,2025-03-22 12:00:00+00:00,2025_03_22_open_0500_PT,2025-03-22 05:00:00-07:00,2025-03-22 11:47:39+00:00,0.8899999109995639
516189,71685983838843709915160975671540060908877886707703474939962098991499689519711,0,Yes,yes,2025-03-22 12:00:00+00:00,2025_03_22_open_0500_PT,2025-03-22 05:00:00-07:00,2025-03-20 14:16:20+00:00,0.029
525232,73663957466489274595176785305097386128325404078001917490010407904837134882577,0,Yes,yes,2025-03-22 12:00:00+00:00,2025_03_22_open_0500_PT,2025-03-22 05:00:00-07:00,2025-03-22 10:57:17+00:00,0.3399999973012418
524348,73984012795437798473481687953253285098754321969692105101879063972760068638228,1,No,no,2025-03-22 12:00:00+00:00,2025_03_22_open_0500_PT,2025-03-22 05:00:00-07:00,2025-02-25 19:54:41+00:00,0.999
525157,74129046843921940913413587682588886122583847748489066762857187137233978267670,0,Yes,yes,2025-03-22 12:00:00+00:00,2025_03_22_open_0500_PT,2025-03-22 05:00:00-07:00,2025-03-22 03:21:33+00:00,0.25
519048,74534059827731044353009484655251717921023956616694121520435859117169009979824,0,Yes,yes,2025-03-22 12:00:00+00:00,2025_03_22_open_0500_PT,2025-03-22 05:00:00-07:00,2025-03-22 10:32:35+00:00,0.11000000844402749
524477,75533964938719028696952998369094361524498526879485856631877081096914627658644,1,No,no,2025-03-22 12:00:00+00:00,2025_03_22_open_0500_PT,2025-03-22 05:00:00-07:00,2025-03-22 11:49:35+00:00,0.9299997767998304
518889,76417393963448037479806799796874747547221511591996743269503725518742470496274,0,Yes,yes,2025-03-22 12:00:00+00:00,2025_03_22_open_0500_PT,2025-03-22 05:00:00-07:00,2025-03-21 22:00:10+00:00,0.28491428571428573
523197,76517872896411850784270344965682992803318434169987777444136970978963357739156,0,Yes,yes,2025-03-22 12:00:00+00:00,2025_03_22_open_0500_PT,2025-03-22 05:00:00-07:00,2025-03-21 06:03:19+00:00,0.013
519048,76643504232063200802060773779828726415087044269171506931668031354693251545396,1,No,no,2025-03-22 12:00:00+00:00,2025_03_22_open_0500_PT,2025-03-22 05:00:00-07:00,2025-03-22 10:32:35+00:00,0.8899999915559725
527278,76683579252562835143863542840343898007243510337054657506558517873008498105093,0,Yes,yes,2025-03-22 12:00:00+00:00,2025_03_22_open_0500_PT,2025-03-22 05:00:00-07:00,2025-03-14 17:08:09+00:00,0.999
516187,76896069667756716472035601301016783496873889454464161011234150458037478069918,1,No,no,2025-03-22 12:00:00+00:00,2025_03_22_open_0500_PT,2025-03-22 05:00:00-07:00,2025-03-21 12:28:41+00:00,0.9599998617599647
517073,78869803177078589287716771530665317651497156168734051494454473188006845916520,1,No,no,2025-03-22 12:00:00+00:00,2025_03_22_open_0500_PT,2025-03-22 05:00:00-07:00,2025-03-21 20:56:49+00:00,0.77
522894,81020312652589627285197771109762839746287006928172707150877539028691834065212,0,Yes,yes,2025-03-22 12:00:00+00:00,2025_03_22_open_0500_PT,2025-03-22 05:00:00-07:00,2025-03-22 11:23:27+00:00,0.07000001860008333
524310,82246973513888061559569421022652964687465272762066736721360354291228748283806,0,Yes,yes,2025-03-22 12:00:00+00:00,2025_03_22_open_0500_PT,2025-03-22 05:00:00-07:00,2025-03-22 11:59:19+00:00,0.71
516190,83080252071092689902932666850490074811760131055025811650818073654402601835484,0,Yes,yes,2025-03-22 12:00:00+00:00,2025_03_22_open_0500_PT,2025-03-22 05:00:00-07:00,2025-03-22 07:40:56+00:00,0.965
521041,83524440200143860657028178945801858366378129256359488825050609853223919531809,0,Yes,yes,2025-03-22 12:00:00+00:00,2025_03_22_open_0500_PT,2025-03-22 05:00:00-07:00,2025-03-22 11:47:39+00:00,0.1100000890004361
524477,83547673164506671794819260938344653989875088069034224812175182562166039721574,0,Yes,yes,2025-03-22 12:00:00+00:00,2025_03_22_open_0500_PT,2025-03-22 05:00:00-07:00,2025-03-21 05:56:31+00:00,0.08
525231,83742739530586820493605246339344277590673217105618245459443915506041800643469,1,No,no,2025-03-22 12:00:00+00:00,2025_03_22_open_0500_PT,2025-03-22 05:00:00-07:00,2025-03-18 16:49:37+00:00,0.91
510319,84888738552927367074645370589243532246434846262240067551074642775011167355434,0,Yes,yes,2025-03-22 12:00:00+00:00,2025_03_22_open_0500_PT,2025-03-22 05:00:00-07:00,2025-03-22 11:47:15+00:00,0.14
527081,85329416514471004297478005149625146014624743562622421967455557722819447174298,0,Yes,yes,2025-03-22 12:00:00+00:00,2025_03_22_open_0500_PT,2025-03-22 05:00:00-07:00,2025-03-22 11:32:11+00:00,0.3900000244000039
526229,86304131703011980721755979925817881408007934797292837200662297834354514178950,1,No,no,2025-03-22 12:00:00+00:00,2025_03_22_open_0500_PT,2025-03-22 05:00:00-07:00,2025-03-22 06:58:23+00:00,0.9739995431937575
510319,86857783363775257860227917708309268561005168570896999677788731255030014967896,1,No,no,2025-03-22 12:00:00+00:00,2025_03_22_open_0500_PT,2025-03-22 05:00:00-07:00,2025-03-22 11:47:15+00:00,0.86
526229,88551081062941956754624270296481102277138087249231124901142839087117648363109,0,Yes,yes,2025-03-22 12:00:00+00:00,2025_03_22_open_0500_PT,2025-03-22 05:00:00-07:00,2025-03-22 02:05:21+00:00,0.031
524292,9014695769446700891659134648259488341557414914618690658701879241952037527074,1,No,no,2025-03-22 12:00:00+00:00,2025_03_22_open_0500_PT,2025-03-22 05:00:00-07:00,2025-03-22 11:50:55+00:00,0.85
527032,90544185197348445762400462367487730947998989538649021442756705113012034127717,0,Yes,yes,2025-03-22 12:00:00+00:00,2025_03_22_open_0500_PT,2025-03-22 05:00:00-07:00,2025-03-11 17:55:03+00:00,0.01
516315,9252583647094848244431316973245869222379640287360099162283052699401101960353,0,Yes,yes,2025-03-22 12:00:00+00:00,2025_03_22_open_0500_PT,2025-03-22 05:00:00-07:00,2025-03-22 01:51:41+00:00,0.0452232
516143,95786924372760057572092804419385993470890190892343223404877167501659835222533,1,No,no,2025-03-22 12:00:00+00:00,2025_03_22_open_0500_PT,2025-03-22 05:00:00-07:00,2025-03-22 11:39:33+00:00,0.86
522056,96601928894191559916157952751631886797424000157973909225754084049773554405468,0,Yes,yes,2025-03-22 12:00:00+00:00,2025_03_22_open_0500_PT,2025-03-22 05:00:00-07:00,2025-03-22 10:32:03+00:00,0.4849566547679755
527005,96618036676034164847772351078297997221316377064022855127438030193903015078566,1,No,no,2025-03-22 12:00:00+00:00,2025_03_22_open_0500_PT,2025-03-22 05:00:00-07:00,2025-03-22 05:17:52+00:00,0.86
524021,97262919156133260921887403057581420516585464065308475066791456615017669503669,0,Yes,yes,2025-03-22 12:00:00+00:00,2025_03_22_open_0500_PT,2025-03-22 05:00:00-07:00,2025-03-22 11:49:31+00:00,0.32
527005,100121345789532362055123879793212027312379236056429540221720415709850532973373,0,Yes,yes,2025-03-23 00:00:00+00:00,2025_03_22_close_1700_PT,2025-03-22 17:00:00-07:00,2025-03-22 05:17:52+00:00,0.14941176470588236
507311,102006319303460238827563664446951754516041393632850360444322469125777577388771,0,Yes,yes,2025-03-23 00:00:00+00:00,2025_03_22_close_1700_PT,2025-03-22 17:00:00-07:00,2025-01-29 21:39:28+00:00,0.001
524145,102062916030133807330186342894442541205582789480933958339342744794892413850627,1,No,no,2025-03-23 00:00:00+00:00,2025_03_22_close_1700_PT,2025-03-22 17:00:00-07:00,2025-02-28 16:13:57+00:00,0.001
525437,10316592426452860464899722692398677096383513371344164830735417650138017205817,1,No,no,2025-03-23 00:00:00+00:00,2025_03_22_close_1700_PT,2025-03-22 17:00:00-07:00,2025-03-05 19:01:37+00:00,0.01
521103,103909253011351322759892776638669457027523901655815490042130382730360706229706,0,Yes,yes,2025-03-23 00:00:00+00:00,2025_03_22_close_1700_PT,2025-03-22 17:00:00-07:00,2025-03-21 09:54:47+00:00,0.1299999789399992
516715,104795148936930645520469554178353538587130154145659561962269514319642274480768,1,No,no,2025-03-23 00:00:00+00:00,2025_03_22_close_1700_PT,2025-03-22 17:00:00-07:00,2025-03-22 07:47:56+00:00,0.94
526814,105039045108735350701067761926660919174556796573940954887933194396971464305066,0,Yes,yes,2025-03-23 00:00:00+00:00,2025_03_22_close_1700_PT,2025-03-22 17:00:00-07:00,2025-03-22 22:28:20+00:00,0.41
524291,106785705064968660332067023300536266535388124753272914243541205698423062856246,0,Yes,yes,2025-03-23 00:00:00+00:00,2025_03_22_close_1700_PT,2025-03-22 17:00:00-07:00,2025-03-21 21:52:58+00:00,0.09
524285,107643187201000404038693592426566378917534508353468263334674357442312114112510,1,No,no,2025-03-23 00:00:00+00:00,2025_03_22_close_1700_PT,2025-03-22 17:00:00-07:00,2025-03-22 23:50:54+00:00,0.5999999976
525442,108057916747365167542504013787062021441684619476265070483570121865318046932052,0,Yes,yes,2025-03-23 00:00:00+00:00,2025_03_22_close_1700_PT,2025-03-22 17:00:00-07:00,2025-03-05 19:00:49+00:00,0.001
521603,108064859672314536571175804798614410280877635973727667622803804179444259690672,1,No,no,2025-03-23 00:00:00+00:00,2025_03_22_close_1700_PT,2025-03-22 17:00:00-07:00,2025-03-22 22:23:50+00:00,0.976999999832015
522894,108303820542127194670275571355095079674537367635794408292209711330192187534707,1,No,no,2025-03-23 00:00:00+00:00,2025_03_22_close_1700_PT,2025-03-22 17:00:00-07:00,2025-03-22 21:26:14+00:00,0.9399999806777771
519736,108331518505056537403722461966654684743488871885239753047834907734450664515452,1,No,no,2025-03-23 00:00:00+00:00,2025_03_22_close_1700_PT,2025-03-22 17:00:00-07:00,2025-03-20 18:30:09+00:00,0.9099090909090909
507311,109788973099970019996072517823266794542154906066004680247007602517078576240900,1,No,no,2025-03-23 00:00:00+00:00,2025_03_22_close_1700_PT,2025-03-22 17:00:00-07:00,2025-01-29 21:39:28+00:00,0.999
523420,110303218457795832861589414223072133732424840017074962598980991451216787898529,0,Yes,yes,2025-03-23 00:00:00+00:00,2025_03_22_close_1700_PT,2025-03-22 17:00:00-07:00,2025-03-22 23:52:00+00:00,0.41
523420,110513468504414111967623727967802735681305040958967125800368195228103949451183,1,No,no,2025-03-23 00:00:00+00:00,2025_03_22_close_1700_PT,2025-03-22 17:00:00-07:00,2025-03-22 23:52:00+00:00,0.59
523198,111048886296924495129741424280092672064807186679410610865674623733591163627018,1,No,no,2025-03-23 00:00:00+00:00,2025_03_22_close_1700_PT,2025-03-22 17:00:00-07:00,2025-03-20 20:44:05+00:00,0.9399999962399888
522056,111817814065148789668110176254570458287510111700931938757952739120253070676417,1,No,no,2025-03-23 00:00:00+00:00,2025_03_22_close_1700_PT,2025-03-22 17:00:00-07:00,2025-03-22 19:32:04+00:00,0.47
516315,112686805416681376426848642516954883318316273962669944235801308401883591913314,1,No,no,2025-03-23 00:00:00+00:00,2025_03_22_close_1700_PT,2025-03-22 17:00:00-07:00,2025-03-22 21:33:38+00:00,0.9539336970762051
519844,115151921832306680160638545362939767099400757097903129602011054222202727203606,1,No,no,2025-03-23 00:00:00+00:00,2025_03_22_close_1700_PT,2025-03-22 17:00:00-07:00,2025-02-28 20:07:00+00:00,0.001
524143,1179039883486402183499490082435825463500517700553032674433043579228770785112,0,Yes,yes,2025-03-23 00:00:00+00:00,2025_03_22_close_1700_PT,2025-03-22 17:00:00-07:00,2025-03-22 06:13:37+00:00,0.11
525437,12198166341436727947405729209814148041740036263965322192437253954048906701116,0,Yes,yes,2025-03-23 00:00:00+00:00,2025_03_22_close_1700_PT,2025-03-22 17:00:00-07:00,2025-03-05 19:01:37+00:00,0.99
521100,14990029861718662869816237869973544862792282285138092644462921007650993247380,0,Yes,yes,2025-03-23 00:00:00+00:00,2025_03_22_close_1700_PT,2025-03-22 17:00:00-07:00,2025-03-12 20:16:21+00:00,0.999
516719,15974786252393396629980467963784550802583781222733347534844974829144359265969,0,Yes,yes,2025-03-23 00:00:00+00:00,2025_03_22_close_1700_PT,2025-03-22 17:00:00-07:00,2025-03-22 21:23:36+00:00,0.7
527081,17189149212865445714213344530377307644873493103595435170459256971807866915825,1,No,no,2025-03-23 00:00:00+00:00,2025_03_22_close_1700_PT,2025-03-22 17:00:00-07:00,2025-03-22 16:22:00+00:00,0.609999859699892
525442,17526688879266974475993857941710252477836369992267558391595367358065513215277,1,No,no,2025-03-23 00:00:00+00:00,2025_03_22_close_1700_PT,2025-03-22 17:00:00-07:00,2025-03-05 19:00:49+00:00,0.999
523198,17636133037698655711537839367918666335877935696344385855077943944327611242596,0,Yes,yes,2025-03-23 00:00:00+00:00,2025_03_22_close_1700_PT,2025-03-22 17:00:00-07:00,2025-03-20 20:44:05+00:00,0.060000003760011265
518890,1820990530457734990844221236379424325571531338274179313320944848555296238885,0,Yes,yes,2025-03-23 00:00:00+00:00,2025_03_22_close_1700_PT,2025-03-22 17:00:00-07:00,2025-03-22 21:27:14+00:00,0.16999988517541542
521603,18833065283746804110550289341323864262410877417777323132151715138616977528841,0,Yes,yes,2025-03-23 00:00:00+00:00,2025_03_22_close_1700_PT,2025-03-22 17:00:00-07:00,2025-03-22 22:23:50+00:00,0.023000000167984983
518890,19787433176606062103363478006507471735790167880416910771642279209812633663344,1,No,no,2025-03-23 00:00:00+00:00,2025_03_22_close_1700_PT,2025-03-22 17:00:00-07:00,2025-03-19 06:52:28+00:00,0.84
523343,22255463452594162709449800579658835371746668793825841462318307382376621533755,0,Yes,yes,2025-03-23 00:00:00+00:00,2025_03_22_close_1700_PT,2025-03-22 17:00:00-07:00,2025-03-22 23:16:42+00:00,0.64
527279,22752183918002848078277748029145662550669719932108767430775139318472934671798,1,No,no,2025-03-23 00:00:00+00:00,2025_03_22_close_1700_PT,2025-03-22 17:00:00-07:00,2025-03-12 20:16:11+00:00,0.002
524021,22814991468805556116471270417641782171550309851492637070422109257339804109572,1,No,no,2025-03-23 00:00:00+00:00,2025_03_22_close_1700_PT,2025-03-22 17:00:00-07:00,2025-03-22 22:25:46+00:00,0.6600000589333428
524292,23363560824318474668781482335102625289561748638527872548758492627125630990827,0,Yes,yes,2025-03-23 00:00:00+00:00,2025_03_22_close_1700_PT,2025-03-22 17:00:00-07:00,2025-03-22 21:12:30+00:00,0.16999999717322667
521026,23632768753333496327246137884794918423597173479688585307138116345069085580247,1,No,no,2025-03-23 00:00:00+00:00,2025_03_22_close_1700_PT,2025-03-22 17:00:00-07:00,2025-03-22 05:47:20+00:00,0.3799999011999269
516189,25301545985889508293321782755434072371936771538975200674445139222395623272851,1,No,no,2025-03-23 00:00:00+00:00,2025_03_22_close_1700_PT,2025-03-22 17:00:00-07:00,2025-03-20 16:19:18+00:00,0.97
516143,25742247876332768458781360292043764039507900813404980298479194684402595556451,0,Yes,yes,2025-03-23 00:00:00+00:00,2025_03_22_close_1700_PT,2025-03-22 17:00:00-07:00,2025-03-22 23:34:44+00:00,0.15
516190,27706044619360761256387697290478189707563660684659877077148428665563431908215,1,No,no,2025-03-23 00:00:00+00:00,2025_03_22_close_1700_PT,2025-03-22 17:00:00-07:00,2025-03-22 17:00:20+00:00,0.037
525231,27854589915558666949911110700107109304807510472832754346848714713106576041207,0,Yes,yes,2025-03-23 00:00:00+00:00,2025_03_22_close_1700_PT,2025-03-22 17:00:00-07:00,2025-03-19 20:18:48+00:00,0.08
521025,28414938735362964078307100001374150957816395319940009652318455849499629150252,1,No,no,2025-03-23 00:00:00+00:00,2025_03_22_close_1700_PT,2025-03-22 17:00:00-07:00,2025-03-22 23:44:30+00:00,0.6400001568317701
525232,31566724138998405553508313449766802786847999037726188458982786371622924711878,1,No,no,2025-03-23 00:00:00+00:00,2025_03_22_close_1700_PT,2025-03-22 17:00:00-07:00,2025-03-22 23:58:26+00:00,0.69
524143,32156304147657186738936334568719617978558036247795210919856751006394161293073,1,No,no,2025-03-23 00:00:00+00:00,2025_03_22_close_1700_PT,2025-03-22 17:00:00-07:00,2025-03-22 06:13:37+00:00,0.89
526861,32921044856076201189154703786849418887213408387521621721061527935861828024828,0,Yes,yes,2025-03-23 00:00:00+00:00,2025_03_22_close_1700_PT,2025-03-22 17:00:00-07:00,2025-03-22 23:35:10+00:00,0.74
527278,33787629600621860180939604657495798919073059313987957113657471584613393310606,1,No,no,2025-03-23 00:00:00+00:00,2025_03_22_close_1700_PT,2025-03-22 17:00:00-07:00,2025-03-14 17:08:09+00:00,0.001
521499,37809713000353368658683984822433912106052732096671571646866650191133502648634,1,No,no,2025-03-23 00:00:00+00:00,2025_03_22_close_1700_PT,2025-03-22 17:00:00-07:00,2025-03-12 20:16:29+00:00,0.001
519628,37946704943888888914227612417452623974614267503719043957094985529354395995926,1,No,no,2025-03-23 00:00:00+00:00,2025_03_22_close_1700_PT,2025-03-22 17:00:00-07:00,2025-03-22 23:28:58+00:00,0.55
517693,38028235049989289118991891250017423701902844342596888644757673357241176888913,1,No,no,2025-03-23 00:00:00+00:00,2025_03_22_close_1700_PT,2025-03-22 17:00:00-07:00,2025-03-22 20:49:30+00:00,0.89209995800084
522057,39073221701552764059446410725782004011128353041681427534414147663135223634260,1,No,no,2025-03-23 00:00:00+00:00,2025_03_22_close_1700_PT,2025-03-22 17:00:00-07:00,2025-03-22 16:58:02+00:00,0.7899999920999764
519628,39327269875426915204597944387916069897800289788920336317845465327697809453999,0,Yes,yes,2025-03-23 00:00:00+00:00,2025_03_22_close_1700_PT,2025-03-22 17:00:00-07:00,2025-03-22 23:28:58+00:00,0.4613999882352941
527279,40001158490980829331315202760805197309678407198352511114569399283632572307422,0,Yes,yes,2025-03-23 00:00:00+00:00,2025_03_22_close_1700_PT,2025-03-22 17:00:00-07:00,2025-03-12 20:19:55+00:00,0.998
521103,40643730425995007653653846322257326466291751148478865541862332040512398068473,1,No,no,2025-03-23 00:00:00+00:00,2025_03_22_close_1700_PT,2025-03-22 17:00:00-07:00,2025-03-21 15:03:01+00:00,0.88999995549998
519844,40914113765279699847589045742755525912767460490196542143342551731171071232917,0,Yes,yes,2025-03-23 00:00:00+00:00,2025_03_22_close_1700_PT,2025-03-22 17:00:00-07:00,2025-02-28 20:07:00+00:00,0.999
516719,42351579455604873042957090441032286075880144797259231030267680078160718556927,1,No,no,2025-03-23 00:00:00+00:00,2025_03_22_close_1700_PT,2025-03-22 17:00:00-07:00,2025-03-22 21:23:36+00:00,0.3
523413,4274339277583331170231436480507835882687434608350779078862983050349942696879,1,No,no,2025-03-23 00:00:00+00:00,2025_03_22_close_1700_PT,2025-03-22 17:00:00-07:00,2025-03-22 20:40:54+00:00,0.84
521100,42807705713627033072721560874549512720856774493986139163714965545915531235572,1,No,no,2025-03-23 00:00:00+00:00,2025_03_22_close_1700_PT,2025-03-22 17:00:00-07:00,2025-03-12 20:16:21+00:00,0.001
524147,43469326409739858395690572881501444443817974097672167644298447954120789600137,0,Yes,yes,2025-03-23 00:00:00+00:00,2025_03_22_close_1700_PT,2025-03-22 17:00:00-07:00,2025-02-28 06:17:16+00:00,0.9988821436653187
518889,44380686214454472779171256638293817778327849773706779670665516622038269778385,1,No,no,2025-03-23 00:00:00+00:00,2025_03_22_close_1700_PT,2025-03-22 17:00:00-07:00,2025-03-22 13:16:33+00:00,0.7
517073,46900460840406661483474634104595482418501684854096906918305683910102403871123,0,Yes,yes,2025-03-23 00:00:00+00:00,2025_03_22_close_1700_PT,2025-03-22 17:00:00-07:00,2025-03-22 13:48:39+00:00,0.21999985479995063
523413,46975241878566226675389813084558441099978633579735672808077735156890286559886,0,Yes,yes,2025-03-23 00:00:00+00:00,2025_03_22_close_1700_PT,2025-03-22 17:00:00-07:00,2025-03-22 20:24:50+00:00,0.15
521499,47692708638309429756044208432818720002044706296619873136468383174493259480485,0,Yes,yes,2025-03-23 00:00:00+00:00,2025_03_22_close_1700_PT,2025-03-22 17:00:00-07:00,2025-03-12 20:16:29+00:00,0.999
522057,48477409091695386761559202853239391470463303066983260592312960625658563043275,0,Yes,yes,2025-03-23 00:00:00+00:00,2025_03_22_close_1700_PT,2025-03-22 17:00:00-07:00,2025-03-22 16:58:02+00:00,0.21000000790002363
521026,49473000926194462184545427213242554383104595845909786504578023251386790224858,0,Yes,yes,2025-03-23 00:00:00+00:00,2025_03_22_close_1700_PT,2025-03-22 17:00:00-07:00,2025-03-22 13:07:55+00:00,0.64
507984,50284187941943469569202009194355917949339120733469101749033950310686959468007,0,Yes,yes,2025-03-23 00:00:00+00:00,2025_03_22_close_1700_PT,2025-03-22 17:00:00-07:00,2024-12-12 21:27:58+00:00,0.002
521025,50391907985844971368730434370554275352555306650304559981296724287110163889372,0,Yes,yes,2025-03-23 00:00:00+00:00,2025_03_22_close_1700_PT,2025-03-22 17:00:00-07:00,2025-03-22 23:44:30+00:00,0.35999984316822986
527032,52520991936301939851844268554264807330714499642654844594240746592838266792432,1,No,no,2025-03-23 00:00:00+00:00,2025_03_22_close_1700_PT,2025-03-22 17:00:00-07:00,2025-03-11 19:15:04+00:00,0.999
524348,52960782840877996381169383667062216635147767148703288363719115614339176853095,0,Yes,yes,2025-03-23 00:00:00+00:00,2025_03_22_close_1700_PT,2025-03-22 17:00:00-07:00,2025-02-25 19:54:41+00:00,0.001
522878,5442743401928862894180841736263512191564084389996775978514134400673743050598,0,Putin,putin,2025-03-23 00:00:00+00:00,2025_03_22_close_1700_PT,2025-03-22 17:00:00-07:00,2025-02-28 20:00:10+00:00,0.001
522878,55264189025055373090161890959631464405045385380191735792739072809428026021736,1,Zelenskyy,zelenskyy,2025-03-23 00:00:00+00:00,2025_03_22_close_1700_PT,2025-03-22 17:00:00-07:00,2025-02-28 20:00:10+00:00,0.999
523197,55509409310784585364116971076570089959207228118269642206238982520364239944605,1,No,no,2025-03-23 00:00:00+00:00,2025_03_22_close_1700_PT,2025-03-22 17:00:00-07:00,2025-03-20 07:10:13+00:00,0.975
516187,56333219586489855674685549932194420713208928308331628771337419037140355178076,0,Yes,yes,2025-03-23 00:00:00+00:00,2025_03_22_close_1700_PT,2025-03-22 17:00:00-07:00,2025-03-17 19:41:27+00:00,0.04
523343,57160884655103428512814247631012981773015723019889832549493437551469480061242,1,No,no,2025-03-23 00:00:00+00:00,2025_03_22_close_1700_PT,2025-03-22 17:00:00-07:00,2025-03-22 16:22:12+00:00,0.36
516715,5802460671946751538636185453975614627729230853286731735057811449821051691611,0,Yes,yes,2025-03-23 00:00:00+00:00,2025_03_22_close_1700_PT,2025-03-22 17:00:00-07:00,2025-03-22 07:47:56+00:00,0.06
522895,62643694748826312587911382162440534823433709821141516597510649054633548502810,0,Yes,yes,2025-03-23 00:00:00+00:00,2025_03_22_close_1700_PT,2025-03-22 17:00:00-07:00,2025-03-22 23:31:18+00:00,0.37999987207912433
519736,63894828884807366836211275957245556698359823645556214866812004935138375830618,0,Yes,yes,2025-03-23 00:00:00+00:00,2025_03_22_close_1700_PT,2025-03-22 17:00:00-07:00,2025-03-20 05:38:05+00:00,0.1
524147,6436214359665115810717148929293436681245885613476937891713590935932389735242,1,No,no,2025-03-23 00:00:00+00:00,2025_03_22_close_1700_PT,2025-03-22 17:00:00-07:00,2025-02-28 06:17:16+00:00,0.001
525157,64545313588399663482682286511585103428301403511234717343459455007091083337075,1,No,no,2025-03-23 00:00:00+00:00,2025_03_22_close_1700_PT,2025-03-22 17:00:00-07:00,2025-03-22 18:23:46+00:00,0.75
524291,6456202668171707900880212750943570928813250356351945554332572852984770395210,1,No,no,2025-03-23 00:00:00+00:00,2025_03_22_close_1700_PT,2025-03-22 17:00:00-07:00,2025-03-21 21:52:58+00:00,0.91
526861,65449845407755668776897976670879705991692250175624922195548093200952844680115,1,No,no,2025-03-23 00:00:00+00:00,2025_03_22_close_1700_PT,2025-03-22 17:00:00-07:00,2025-03-22 23:35:10+00:00,0.26
524285,65482627758879803524003778479202246178420046841505286705606240559010331503838,0,Yes,yes,2025-03-23 00:00:00+00:00,2025_03_22_close_1700_PT,2025-03-22 17:00:00-07:00,2025-03-22 23:50:54+00:00,0.40000000240000005
526814,65961864506371256053813328069691531595710124813443748296296270747497043580971,1,No,no,2025-03-23 00:00:00+00:00,2025_03_22_close_1700_PT,2025-03-22 17:00:00-07:00,2025-03-22 22:28:20+00:00,0.59
522895,66339636783489562244427406324835042611372608866942882907689045655663784195972,1,No,no,2025-03-23 00:00:00+00:00,2025_03_22_close_1700_PT,2025-03-22 17:00:00-07:00,2025-03-22 23:31:18+00:00,0.6200001279208757
524145,66356062315875533075062405949409720397580573066885585702377343083606583765118,0,Yes,yes,2025-03-23 00:00:00+00:00,2025_03_22_close_1700_PT,2025-03-22 17:00:00-07:00,2025-02-28 18:42:39+00:00,0.999
524310,6800060988333615171942817578522303119129729510028069894794248047438283072436,1,No,no,2025-03-23 00:00:00+00:00,2025_03_22_close_1700_PT,2025-03-22 17:00:00-07:00,2025-03-22 23:50:42+00:00,0.283
507984,68914504833157616843053838732988841773228477730246651549660144444755511574372,1,No,no,2025-03-23 00:00:00+00:00,2025_03_22_close_1700_PT,2025-03-22 17:00:00-07:00,2024-12-12 21:27:58+00:00,0.998
517693,69226537548379102137110260910766942274764101034650179979960227372969528243604,0,Yes,yes,2025-03-23 00:00:00+00:00,2025_03_22_close_1700_PT,2025-03-22 17:00:00-07:00,2025-03-12 21:00:11+00:00,0.12
521041,70920939650366426146836696994150938025168677239124917474200404356093431153260,1,No,no,2025-03-23 00:00:00+00:00,2025_03_22_close_1700_PT,2025-03-22 17:00:00-07:00,2025-03-22 23:47:34+00:00,0.8800000950495238
516189,71685983838843709915160975671540060908877886707703474939962098991499689519711,0,Yes,yes,2025-03-23 00:00:00+00:00,2025_03_22_close_1700_PT,2025-03-22 17:00:00-07:00,2025-03-20 14:16:20+00:00,0.029
525232,73663957466489274595176785305097386128325404078001917490010407904837134882577,0,Yes,yes,2025-03-23 00:00:00+00:00,2025_03_22_close_1700_PT,2025-03-22 17:00:00-07:00,2025-03-22 23:58:26+00:00,0.31
524348,73984012795437798473481687953253285098754321969692105101879063972760068638228,1,No,no,2025-03-23 00:00:00+00:00,2025_03_22_close_1700_PT,2025-03-22 17:00:00-07:00,2025-02-25 19:54:41+00:00,0.999
525157,74129046843921940913413587682588886122583847748489066762857187137233978267670,0,Yes,yes,2025-03-23 00:00:00+00:00,2025_03_22_close_1700_PT,2025-03-22 17:00:00-07:00,2025-03-22 18:23:46+00:00,0.25
519048,74534059827731044353009484655251717921023956616694121520435859117169009979824,0,Yes,yes,2025-03-23 00:00:00+00:00,2025_03_22_close_1700_PT,2025-03-22 17:00:00-07:00,2025-03-22 23:20:26+00:00,0.12
524477,75533964938719028696952998369094361524498526879485856631877081096914627658644,1,No,no,2025-03-23 00:00:00+00:00,2025_03_22_close_1700_PT,2025-03-22 17:00:00-07:00,2025-03-22 11:49:35+00:00,0.9299997767998304
518889,76417393963448037479806799796874747547221511591996743269503725518742470496274,0,Yes,yes,2025-03-23 00:00:00+00:00,2025_03_22_close_1700_PT,2025-03-22 17:00:00-07:00,2025-03-22 13:16:33+00:00,0.3
523197,76517872896411850784270344965682992803318434169987777444136970978963357739156,0,Yes,yes,2025-03-23 00:00:00+00:00,2025_03_22_close_1700_PT,2025-03-22 17:00:00-07:00,2025-03-21 06:03:19+00:00,0.013
519048,76643504232063200802060773779828726415087044269171506931668031354693251545396,1,No,no,2025-03-23 00:00:00+00:00,2025_03_22_close_1700_PT,2025-03-22 17:00:00-07:00,2025-03-22 23:20:26+00:00,0.88
527278,76683579252562835143863542840343898007243510337054657506558517873008498105093,0,Yes,yes,2025-03-23 00:00:00+00:00,2025_03_22_close_1700_PT,2025-03-22 17:00:00-07:00,2025-03-14 17:08:09+00:00,0.999
516187,76896069667756716472035601301016783496873889454464161011234150458037478069918,1,No,no,2025-03-23 00:00:00+00:00,2025_03_22_close_1700_PT,2025-03-22 17:00:00-07:00,2025-03-22 17:51:44+00:00,0.9599999654399978
517073,78869803177078589287716771530665317651497156168734051494454473188006845916520,1,No,no,2025-03-23 00:00:00+00:00,2025_03_22_close_1700_PT,2025-03-22 17:00:00-07:00,2025-03-21 20:56:49+00:00,0.77
522894,81020312652589627285197771109762839746287006928172707150877539028691834065212,0,Yes,yes,2025-03-23 00:00:00+00:00,2025_03_22_close_1700_PT,2025-03-22 17:00:00-07:00,2025-03-22 15:44:02+00:00,0.06
524310,82246973513888061559569421022652964687465272762066736721360354291228748283806,0,Yes,yes,2025-03-23 00:00:00+00:00,2025_03_22_close_1700_PT,2025-03-22 17:00:00-07:00,2025-03-22 23:50:42+00:00,0.717
516190,83080252071092689902932666850490074811760131055025811650818073654402601835484,0,Yes,yes,2025-03-23 00:00:00+00:00,2025_03_22_close_1700_PT,2025-03-22 17:00:00-07:00,2025-03-22 23:15:48+00:00,0.9605820721769499
521041,83524440200143860657028178945801858366378129256359488825050609853223919531809,0,Yes,yes,2025-03-23 00:00:00+00:00,2025_03_22_close_1700_PT,2025-03-22 17:00:00-07:00,2025-03-22 23:47:34+00:00,0.11999990495047623
524477,83547673164506671794819260938344653989875088069034224812175182562166039721574,0,Yes,yes,2025-03-23 00:00:00+00:00,2025_03_22_close_1700_PT,2025-03-22 17:00:00-07:00,2025-03-21 05:56:31+00:00,0.08
525231,83742739530586820493605246339344277590673217105618245459443915506041800643469,1,No,no,2025-03-23 00:00:00+00:00,2025_03_22_close_1700_PT,2025-03-22 17:00:00-07:00,2025-03-18 16:49:37+00:00,0.91
510319,84888738552927367074645370589243532246434846262240067551074642775011167355434,0,Yes,yes,2025-03-23 00:00:00+00:00,2025_03_22_close_1700_PT,2025-03-22 17:00:00-07:00,2025-03-22 23:58:42+00:00,0.15
527081,85329416514471004297478005149625146014624743562622421967455557722819447174298,0,Yes,yes,2025-03-23 00:00:00+00:00,2025_03_22_close_1700_PT,2025-03-22 17:00:00-07:00,2025-03-22 16:22:00+00:00,0.39000014030010804
526229,86304131703011980721755979925817881408007934797292837200662297834354514178950,1,No,no,2025-03-23 00:00:00+00:00,2025_03_22_close_1700_PT,2025-03-22 17:00:00-07:00,2025-03-22 16:28:22+00:00,0.9749662347188264
510319,86857783363775257860227917708309268561005168570896999677788731255030014967896,1,No,no,2025-03-23 00:00:00+00:00,2025_03_22_close_1700_PT,2025-03-22 17:00:00-07:00,2025-03-22 23:58:42+00:00,0.85
526229,88551081062941956754624270296481102277138087249231124901142839087117648363109,0,Yes,yes,2025-03-23 00:00:00+00:00,2025_03_22_close_1700_PT,2025-03-22 17:00:00-07:00,2025-03-22 16:28:22+00:00,0.025
524292,9014695769446700891659134648259488341557414914618690658701879241952037527074,1,No,no,2025-03-23 00:00:00+00:00,2025_03_22_close_1700_PT,2025-03-22 17:00:00-07:00,2025-03-22 22:56:28+00:00,0.85
527032,90544185197348445762400462367487730947998989538649021442756705113012034127717,0,Yes,yes,2025-03-23 00:00:00+00:00,2025_03_22_close_1700_PT,2025-03-22 17:00:00-07:00,2025-03-11 17:55:03+00:00,0.01
516315,9252583647094848244431316973245869222379640287360099162283052699401101960353,0,Yes,yes,2025-03-23 00:00:00+00:00,2025_03_22_close_1700_PT,2025-03-22 17:00:00-07:00,2025-03-22 12:21:51+00:00,0.050687154159611815
516143,95786924372760057572092804419385993470890190892343223404877167501659835222533,1,No,no,2025-03-23 00:00:00+00:00,2025_03_22_close_1700_PT,2025-03-22 17:00:00-07:00,2025-03-22 23:34:44+00:00,0.85
522056,96601928894191559916157952751631886797424000157973909225754084049773554405468,0,Yes,yes,2025-03-23 00:00:00+00:00,2025_03_22_close_1700_PT,2025-03-22 17:00:00-07:00,2025-03-22 21:45:10+00:00,0.5299999816266648
527005,96618036676034164847772351078297997221316377064022855127438030193903015078566,1,No,no,2025-03-23 00:00:00+00:00,2025_03_22_close_1700_PT,2025-03-22 17:00:00-07:00,2025-03-22 05:17:52+00:00,0.86
524021,97262919156133260921887403057581420516585464065308475066791456615017669503669,0,Yes,yes,2025-03-23 00:00:00+00:00,2025_03_22_close_1700_PT,2025-03-22 17:00:00-07:00,2025-03-22 22:25:46+00:00,0.33999994106665726
527005,100121345789532362055123879793212027312379236056429540221720415709850532973373,0,Yes,yes,2025-03-23 12:00:00+00:00,2025_03_23_open_0500_PT,2025-03-23 05:00:00-07:00,2025-03-22 05:17:52+00:00,0.14941176470588236
507311,102006319303460238827563664446951754516041393632850360444322469125777577388771,0,Yes,yes,2025-03-23 12:00:00+00:00,2025_03_23_open_0500_PT,2025-03-23 05:00:00-07:00,2025-01-29 21:39:28+00:00,0.001
524145,102062916030133807330186342894442541205582789480933958339342744794892413850627,1,No,no,2025-03-23 12:00:00+00:00,2025_03_23_open_0500_PT,2025-03-23 05:00:00-07:00,2025-02-28 16:13:57+00:00,0.001
525437,10316592426452860464899722692398677096383513371344164830735417650138017205817,1,No,no,2025-03-23 12:00:00+00:00,2025_03_23_open_0500_PT,2025-03-23 05:00:00-07:00,2025-03-05 19:01:37+00:00,0.01
521103,103909253011351322759892776638669457027523901655815490042130382730360706229706,0,Yes,yes,2025-03-23 12:00:00+00:00,2025_03_23_open_0500_PT,2025-03-23 05:00:00-07:00,2025-03-21 09:54:47+00:00,0.1299999789399992
516715,104795148936930645520469554178353538587130154145659561962269514319642274480768,1,No,no,2025-03-23 12:00:00+00:00,2025_03_23_open_0500_PT,2025-03-23 05:00:00-07:00,2025-03-22 07:47:56+00:00,0.94
526814,105039045108735350701067761926660919174556796573940954887933194396971464305066,0,Yes,yes,2025-03-23 12:00:00+00:00,2025_03_23_open_0500_PT,2025-03-23 05:00:00-07:00,2025-03-23 10:40:11+00:00,0.41
524291,106785705064968660332067023300536266535388124753272914243541205698423062856246,0,Yes,yes,2025-03-23 12:00:00+00:00,2025_03_23_open_0500_PT,2025-03-23 05:00:00-07:00,2025-03-23 10:42:17+00:00,0.1
524285,107643187201000404038693592426566378917534508353468263334674357442312114112510,1,No,no,2025-03-23 12:00:00+00:00,2025_03_23_open_0500_PT,2025-03-23 05:00:00-07:00,2025-03-23 10:04:45+00:00,0.6
525442,108057916747365167542504013787062021441684619476265070483570121865318046932052,0,Yes,yes,2025-03-23 12:00:00+00:00,2025_03_23_open_0500_PT,2025-03-23 05:00:00-07:00,2025-03-05 19:00:49+00:00,0.001
521603,108064859672314536571175804798614410280877635973727667622803804179444259690672,1,No,no,2025-03-23 12:00:00+00:00,2025_03_23_open_0500_PT,2025-03-23 05:00:00-07:00,2025-03-23 11:55:57+00:00,0.971
522894,108303820542127194670275571355095079674537367635794408292209711330192187534707,1,No,no,2025-03-23 12:00:00+00:00,2025_03_23_open_0500_PT,2025-03-23 05:00:00-07:00,2025-03-22 21:26:14+00:00,0.9399999806777771
519736,108331518505056537403722461966654684743488871885239753047834907734450664515452,1,No,no,2025-03-23 12:00:00+00:00,2025_03_23_open_0500_PT,2025-03-23 05:00:00-07:00,2025-03-20 18:30:09+00:00,0.9099090909090909
507311,109788973099970019996072517823266794542154906066004680247007602517078576240900,1,No,no,2025-03-23 12:00:00+00:00,2025_03_23_open_0500_PT,2025-03-23 05:00:00-07:00,2025-01-29 21:39:28+00:00,0.999
523420,110303218457795832861589414223072133732424840017074962598980991451216787898529,0,Yes,yes,2025-03-23 12:00:00+00:00,2025_03_23_open_0500_PT,2025-03-23 05:00:00-07:00,2025-03-23 07:07:57+00:00,0.4
523420,110513468504414111967623727967802735681305040958967125800368195228103949451183,1,No,no,2025-03-23 12:00:00+00:00,2025_03_23_open_0500_PT,2025-03-23 05:00:00-07:00,2025-03-23 07:07:57+00:00,0.6
523198,111048886296924495129741424280092672064807186679410610865674623733591163627018,1,No,no,2025-03-23 12:00:00+00:00,2025_03_23_open_0500_PT,2025-03-23 05:00:00-07:00,2025-03-20 20:44:05+00:00,0.9399999962399888
522056,111817814065148789668110176254570458287510111700931938757952739120253070676417,1,No,no,2025-03-23 12:00:00+00:00,2025_03_23_open_0500_PT,2025-03-23 05:00:00-07:00,2025-03-23 10:26:19+00:00,0.48
516315,112686805416681376426848642516954883318316273962669944235801308401883591913314,1,No,no,2025-03-23 12:00:00+00:00,2025_03_23_open_0500_PT,2025-03-23 05:00:00-07:00,2025-03-23 11:01:25+00:00,0.9420000535920041
519844,115151921832306680160638545362939767099400757097903129602011054222202727203606,1,No,no,2025-03-23 12:00:00+00:00,2025_03_23_open_0500_PT,2025-03-23 05:00:00-07:00,2025-02-28 20:07:00+00:00,0.001
524143,1179039883486402183499490082435825463500517700553032674433043579228770785112,0,Yes,yes,2025-03-23 12:00:00+00:00,2025_03_23_open_0500_PT,2025-03-23 05:00:00-07:00,2025-03-23 10:26:07+00:00,0.10999999376666661
525437,12198166341436727947405729209814148041740036263965322192437253954048906701116,0,Yes,yes,2025-03-23 12:00:00+00:00,2025_03_23_open_0500_PT,2025-03-23 05:00:00-07:00,2025-03-05 19:01:37+00:00,0.99
521100,14990029861718662869816237869973544862792282285138092644462921007650993247380,0,Yes,yes,2025-03-23 12:00:00+00:00,2025_03_23_open_0500_PT,2025-03-23 05:00:00-07:00,2025-03-12 20:16:21+00:00,0.999
516719,15974786252393396629980467963784550802583781222733347534844974829144359265969,0,Yes,yes,2025-03-23 12:00:00+00:00,2025_03_23_open_0500_PT,2025-03-23 05:00:00-07:00,2025-03-23 09:38:13+00:00,0.71
527081,17189149212865445714213344530377307644873493103595435170459256971807866915825,1,No,no,2025-03-23 12:00:00+00:00,2025_03_23_open_0500_PT,2025-03-23 05:00:00-07:00,2025-03-23 10:31:27+00:00,0.6
525442,17526688879266974475993857941710252477836369992267558391595367358065513215277,1,No,no,2025-03-23 12:00:00+00:00,2025_03_23_open_0500_PT,2025-03-23 05:00:00-07:00,2025-03-05 19:00:49+00:00,0.999
523198,17636133037698655711537839367918666335877935696344385855077943944327611242596,0,Yes,yes,2025-03-23 12:00:00+00:00,2025_03_23_open_0500_PT,2025-03-23 05:00:00-07:00,2025-03-20 20:44:05+00:00,0.060000003760011265
518890,1820990530457734990844221236379424325571531338274179313320944848555296238885,0,Yes,yes,2025-03-23 12:00:00+00:00,2025_03_23_open_0500_PT,2025-03-23 05:00:00-07:00,2025-03-22 21:27:14+00:00,0.16999988517541542
521603,18833065283746804110550289341323864262410877417777323132151715138616977528841,0,Yes,yes,2025-03-23 12:00:00+00:00,2025_03_23_open_0500_PT,2025-03-23 05:00:00-07:00,2025-03-23 11:55:57+00:00,0.029
518890,19787433176606062103363478006507471735790167880416910771642279209812633663344,1,No,no,2025-03-23 12:00:00+00:00,2025_03_23_open_0500_PT,2025-03-23 05:00:00-07:00,2025-03-19 06:52:28+00:00,0.84
523343,22255463452594162709449800579658835371746668793825841462318307382376621533755,0,Yes,yes,2025-03-23 12:00:00+00:00,2025_03_23_open_0500_PT,2025-03-23 05:00:00-07:00,2025-03-23 07:08:49+00:00,0.64
527279,22752183918002848078277748029145662550669719932108767430775139318472934671798,1,No,no,2025-03-23 12:00:00+00:00,2025_03_23_open_0500_PT,2025-03-23 05:00:00-07:00,2025-03-12 20:16:11+00:00,0.002
524021,22814991468805556116471270417641782171550309851492637070422109257339804109572,1,No,no,2025-03-23 12:00:00+00:00,2025_03_23_open_0500_PT,2025-03-23 05:00:00-07:00,2025-03-23 11:30:13+00:00,0.6700000409200031
524292,23363560824318474668781482335102625289561748638527872548758492627125630990827,0,Yes,yes,2025-03-23 12:00:00+00:00,2025_03_23_open_0500_PT,2025-03-23 05:00:00-07:00,2025-03-23 07:59:49+00:00,0.15
521026,23632768753333496327246137884794918423597173479688585307138116345069085580247,1,No,no,2025-03-23 12:00:00+00:00,2025_03_23_open_0500_PT,2025-03-23 05:00:00-07:00,2025-03-23 07:39:15+00:00,0.36
516189,25301545985889508293321782755434072371936771538975200674445139222395623272851,1,No,no,2025-03-23 12:00:00+00:00,2025_03_23_open_0500_PT,2025-03-23 05:00:00-07:00,2025-03-20 16:19:18+00:00,0.97
516143,25742247876332768458781360292043764039507900813404980298479194684402595556451,0,Yes,yes,2025-03-23 12:00:00+00:00,2025_03_23_open_0500_PT,2025-03-23 05:00:00-07:00,2025-03-23 11:25:33+00:00,0.16
516190,27706044619360761256387697290478189707563660684659877077148428665563431908215,1,No,no,2025-03-23 12:00:00+00:00,2025_03_23_open_0500_PT,2025-03-23 05:00:00-07:00,2025-03-22 17:00:20+00:00,0.037
525231,27854589915558666949911110700107109304807510472832754346848714713106576041207,0,Yes,yes,2025-03-23 12:00:00+00:00,2025_03_23_open_0500_PT,2025-03-23 05:00:00-07:00,2025-03-19 20:18:48+00:00,0.08
521025,28414938735362964078307100001374150957816395319940009652318455849499629150252,1,No,no,2025-03-23 12:00:00+00:00,2025_03_23_open_0500_PT,2025-03-23 05:00:00-07:00,2025-03-23 11:01:49+00:00,0.6699999986599999
525232,31566724138998405553508313449766802786847999037726188458982786371622924711878,1,No,no,2025-03-23 12:00:00+00:00,2025_03_23_open_0500_PT,2025-03-23 05:00:00-07:00,2025-03-23 05:19:59+00:00,0.6500000261733849
524143,32156304147657186738936334568719617978558036247795210919856751006394161293073,1,No,no,2025-03-23 12:00:00+00:00,2025_03_23_open_0500_PT,2025-03-23 05:00:00-07:00,2025-03-23 10:26:07+00:00,0.89
526861,32921044856076201189154703786849418887213408387521621721061527935861828024828,0,Yes,yes,2025-03-23 12:00:00+00:00,2025_03_23_open_0500_PT,2025-03-23 05:00:00-07:00,2025-03-23 11:35:39+00:00,0.67
527278,33787629600621860180939604657495798919073059313987957113657471584613393310606,1,No,no,2025-03-23 12:00:00+00:00,2025_03_23_open_0500_PT,2025-03-23 05:00:00-07:00,2025-03-14 17:08:09+00:00,0.001
521499,37809713000353368658683984822433912106052732096671571646866650191133502648634,1,No,no,2025-03-23 12:00:00+00:00,2025_03_23_open_0500_PT,2025-03-23 05:00:00-07:00,2025-03-12 20:16:29+00:00,0.001
519628,37946704943888888914227612417452623974614267503719043957094985529354395995926,1,No,no,2025-03-23 12:00:00+00:00,2025_03_23_open_0500_PT,2025-03-23 05:00:00-07:00,2025-03-23 11:54:41+00:00,0.5199999997409068
517693,38028235049989289118991891250017423701902844342596888644757673357241176888913,1,No,no,2025-03-23 12:00:00+00:00,2025_03_23_open_0500_PT,2025-03-23 05:00:00-07:00,2025-03-22 20:49:30+00:00,0.89209995800084
522057,39073221701552764059446410725782004011128353041681427534414147663135223634260,1,No,no,2025-03-23 12:00:00+00:00,2025_03_23_open_0500_PT,2025-03-23 05:00:00-07:00,2025-03-23 10:04:21+00:00,0.79
519628,39327269875426915204597944387916069897800289788920336317845465327697809453999,0,Yes,yes,2025-03-23 12:00:00+00:00,2025_03_23_open_0500_PT,2025-03-23 05:00:00-07:00,2025-03-23 11:54:41+00:00,0.48
527279,40001158490980829331315202760805197309678407198352511114569399283632572307422,0,Yes,yes,2025-03-23 12:00:00+00:00,2025_03_23_open_0500_PT,2025-03-23 05:00:00-07:00,2025-03-12 20:19:55+00:00,0.998
521103,40643730425995007653653846322257326466291751148478865541862332040512398068473,1,No,no,2025-03-23 12:00:00+00:00,2025_03_23_open_0500_PT,2025-03-23 05:00:00-07:00,2025-03-21 15:03:01+00:00,0.88999995549998
519844,40914113765279699847589045742755525912767460490196542143342551731171071232917,0,Yes,yes,2025-03-23 12:00:00+00:00,2025_03_23_open_0500_PT,2025-03-23 05:00:00-07:00,2025-02-28 20:07:00+00:00,0.999
516719,42351579455604873042957090441032286075880144797259231030267680078160718556927,1,No,no,2025-03-23 12:00:00+00:00,2025_03_23_open_0500_PT,2025-03-23 05:00:00-07:00,2025-03-23 11:49:37+00:00,0.2999999742857128
523413,4274339277583331170231436480507835882687434608350779078862983050349942696879,1,No,no,2025-03-23 12:00:00+00:00,2025_03_23_open_0500_PT,2025-03-23 05:00:00-07:00,2025-03-23 09:38:19+00:00,0.85
521100,42807705713627033072721560874549512720856774493986139163714965545915531235572,1,No,no,2025-03-23 12:00:00+00:00,2025_03_23_open_0500_PT,2025-03-23 05:00:00-07:00,2025-03-12 20:16:21+00:00,0.001
524147,43469326409739858395690572881501444443817974097672167644298447954120789600137,0,Yes,yes,2025-03-23 12:00:00+00:00,2025_03_23_open_0500_PT,2025-03-23 05:00:00-07:00,2025-02-28 06:17:16+00:00,0.9988821436653187
518889,44380686214454472779171256638293817778327849773706779670665516622038269778385,1,No,no,2025-03-23 12:00:00+00:00,2025_03_23_open_0500_PT,2025-03-23 05:00:00-07:00,2025-03-23 11:06:21+00:00,0.68
517073,46900460840406661483474634104595482418501684854096906918305683910102403871123,0,Yes,yes,2025-03-23 12:00:00+00:00,2025_03_23_open_0500_PT,2025-03-23 05:00:00-07:00,2025-03-22 13:48:39+00:00,0.21999985479995063
523413,46975241878566226675389813084558441099978633579735672808077735156890286559886,0,Yes,yes,2025-03-23 12:00:00+00:00,2025_03_23_open_0500_PT,2025-03-23 05:00:00-07:00,2025-03-23 09:38:19+00:00,0.15
521499,47692708638309429756044208432818720002044706296619873136468383174493259480485,0,Yes,yes,2025-03-23 12:00:00+00:00,2025_03_23_open_0500_PT,2025-03-23 05:00:00-07:00,2025-03-12 20:16:29+00:00,0.999
522057,48477409091695386761559202853239391470463303066983260592312960625658563043275,0,Yes,yes,2025-03-23 12:00:00+00:00,2025_03_23_open_0500_PT,2025-03-23 05:00:00-07:00,2025-03-23 10:04:21+00:00,0.21
521026,49473000926194462184545427213242554383104595845909786504578023251386790224858,0,Yes,yes,2025-03-23 12:00:00+00:00,2025_03_23_open_0500_PT,2025-03-23 05:00:00-07:00,2025-03-23 07:39:15+00:00,0.64
507984,50284187941943469569202009194355917949339120733469101749033950310686959468007,0,Yes,yes,2025-03-23 12:00:00+00:00,2025_03_23_open_0500_PT,2025-03-23 05:00:00-07:00,2024-12-12 21:27:58+00:00,0.002
521025,50391907985844971368730434370554275352555306650304559981296724287110163889372,0,Yes,yes,2025-03-23 12:00:00+00:00,2025_03_23_open_0500_PT,2025-03-23 05:00:00-07:00,2025-03-23 11:01:49+00:00,0.33000000134
527032,52520991936301939851844268554264807330714499642654844594240746592838266792432,1,No,no,2025-03-23 12:00:00+00:00,2025_03_23_open_0500_PT,2025-03-23 05:00:00-07:00,2025-03-11 19:15:04+00:00,0.999
524348,52960782840877996381169383667062216635147767148703288363719115614339176853095,0,Yes,yes,2025-03-23 12:00:00+00:00,2025_03_23_open_0500_PT,2025-03-23 05:00:00-07:00,2025-02-25 19:54:41+00:00,0.001
522878,5442743401928862894180841736263512191564084389996775978514134400673743050598,0,Putin,putin,2025-03-23 12:00:00+00:00,2025_03_23_open_0500_PT,2025-03-23 05:00:00-07:00,2025-02-28 20:00:10+00:00,0.001
522878,55264189025055373090161890959631464405045385380191735792739072809428026021736,1,Zelenskyy,zelenskyy,2025-03-23 12:00:00+00:00,2025_03_23_open_0500_PT,2025-03-23 05:00:00-07:00,2025-02-28 20:00:10+00:00,0.999
523197,55509409310784585364116971076570089959207228118269642206238982520364239944605,1,No,no,2025-03-23 12:00:00+00:00,2025_03_23_open_0500_PT,2025-03-23 05:00:00-07:00,2025-03-20 07:10:13+00:00,0.975
516187,56333219586489855674685549932194420713208928308331628771337419037140355178076,0,Yes,yes,2025-03-23 12:00:00+00:00,2025_03_23_open_0500_PT,2025-03-23 05:00:00-07:00,2025-03-23 10:28:51+00:00,0.04
523343,57160884655103428512814247631012981773015723019889832549493437551469480061242,1,No,no,2025-03-23 12:00:00+00:00,2025_03_23_open_0500_PT,2025-03-23 05:00:00-07:00,2025-03-23 11:38:01+00:00,0.3799999950599998
516715,5802460671946751538636185453975614627729230853286731735057811449821051691611,0,Yes,yes,2025-03-23 12:00:00+00:00,2025_03_23_open_0500_PT,2025-03-23 05:00:00-07:00,2025-03-22 07:47:56+00:00,0.06
522895,62643694748826312587911382162440534823433709821141516597510649054633548502810,0,Yes,yes,2025-03-23 12:00:00+00:00,2025_03_23_open_0500_PT,2025-03-23 05:00:00-07:00,2025-03-22 23:31:18+00:00,0.37999987207912433
519736,63894828884807366836211275957245556698359823645556214866812004935138375830618,0,Yes,yes,2025-03-23 12:00:00+00:00,2025_03_23_open_0500_PT,2025-03-23 05:00:00-07:00,2025-03-20 05:38:05+00:00,0.1
524147,6436214359665115810717148929293436681245885613476937891713590935932389735242,1,No,no,2025-03-23 12:00:00+00:00,2025_03_23_open_0500_PT,2025-03-23 05:00:00-07:00,2025-02-28 06:17:16+00:00,0.001
525157,64545313588399663482682286511585103428301403511234717343459455007091083337075,1,No,no,2025-03-23 12:00:00+00:00,2025_03_23_open_0500_PT,2025-03-23 05:00:00-07:00,2025-03-22 18:23:46+00:00,0.75
524291,6456202668171707900880212750943570928813250356351945554332572852984770395210,1,No,no,2025-03-23 12:00:00+00:00,2025_03_23_open_0500_PT,2025-03-23 05:00:00-07:00,2025-03-23 10:42:17+00:00,0.9
526861,65449845407755668776897976670879705991692250175624922195548093200952844680115,1,No,no,2025-03-23 12:00:00+00:00,2025_03_23_open_0500_PT,2025-03-23 05:00:00-07:00,2025-03-23 11:35:39+00:00,0.33
524285,65482627758879803524003778479202246178420046841505286705606240559010331503838,0,Yes,yes,2025-03-23 12:00:00+00:00,2025_03_23_open_0500_PT,2025-03-23 05:00:00-07:00,2025-03-23 10:04:45+00:00,0.4
526814,65961864506371256053813328069691531595710124813443748296296270747497043580971,1,No,no,2025-03-23 12:00:00+00:00,2025_03_23_open_0500_PT,2025-03-23 05:00:00-07:00,2025-03-23 11:15:31+00:00,0.58
522895,66339636783489562244427406324835042611372608866942882907689045655663784195972,1,No,no,2025-03-23 12:00:00+00:00,2025_03_23_open_0500_PT,2025-03-23 05:00:00-07:00,2025-03-22 23:31:18+00:00,0.6200001279208757
524145,66356062315875533075062405949409720397580573066885585702377343083606583765118,0,Yes,yes,2025-03-23 12:00:00+00:00,2025_03_23_open_0500_PT,2025-03-23 05:00:00-07:00,2025-02-28 18:42:39+00:00,0.999
524310,6800060988333615171942817578522303119129729510028069894794248047438283072436,1,No,no,2025-03-23 12:00:00+00:00,2025_03_23_open_0500_PT,2025-03-23 05:00:00-07:00,2025-03-23 11:49:37+00:00,0.2710000866851595
507984,68914504833157616843053838732988841773228477730246651549660144444755511574372,1,No,no,2025-03-23 12:00:00+00:00,2025_03_23_open_0500_PT,2025-03-23 05:00:00-07:00,2024-12-12 21:27:58+00:00,0.998
517693,69226537548379102137110260910766942274764101034650179979960227372969528243604,0,Yes,yes,2025-03-23 12:00:00+00:00,2025_03_23_open_0500_PT,2025-03-23 05:00:00-07:00,2025-03-12 21:00:11+00:00,0.12
521041,70920939650366426146836696994150938025168677239124917474200404356093431153260,1,No,no,2025-03-23 12:00:00+00:00,2025_03_23_open_0500_PT,2025-03-23 05:00:00-07:00,2025-03-23 06:05:13+00:00,0.9199999553780271
516189,71685983838843709915160975671540060908877886707703474939962098991499689519711,0,Yes,yes,2025-03-23 12:00:00+00:00,2025_03_23_open_0500_PT,2025-03-23 05:00:00-07:00,2025-03-20 14:16:20+00:00,0.029
525232,73663957466489274595176785305097386128325404078001917490010407904837134882577,0,Yes,yes,2025-03-23 12:00:00+00:00,2025_03_23_open_0500_PT,2025-03-23 05:00:00-07:00,2025-03-23 05:55:03+00:00,0.3699999839130422
524348,73984012795437798473481687953253285098754321969692105101879063972760068638228,1,No,no,2025-03-23 12:00:00+00:00,2025_03_23_open_0500_PT,2025-03-23 05:00:00-07:00,2025-02-25 19:54:41+00:00,0.999
525157,74129046843921940913413587682588886122583847748489066762857187137233978267670,0,Yes,yes,2025-03-23 12:00:00+00:00,2025_03_23_open_0500_PT,2025-03-23 05:00:00-07:00,2025-03-22 18:23:46+00:00,0.25
519048,74534059827731044353009484655251717921023956616694121520435859117169009979824,0,Yes,yes,2025-03-23 12:00:00+00:00,2025_03_23_open_0500_PT,2025-03-23 05:00:00-07:00,2025-03-23 10:57:11+00:00,0.12
524477,75533964938719028696952998369094361524498526879485856631877081096914627658644,1,No,no,2025-03-23 12:00:00+00:00,2025_03_23_open_0500_PT,2025-03-23 05:00:00-07:00,2025-03-23 08:18:31+00:00,0.93
518889,76417393963448037479806799796874747547221511591996743269503725518742470496274,0,Yes,yes,2025-03-23 12:00:00+00:00,2025_03_23_open_0500_PT,2025-03-23 05:00:00-07:00,2025-03-23 11:06:07+00:00,0.33
523197,76517872896411850784270344965682992803318434169987777444136970978963357739156,0,Yes,yes,2025-03-23 12:00:00+00:00,2025_03_23_open_0500_PT,2025-03-23 05:00:00-07:00,2025-03-21 06:03:19+00:00,0.013
519048,76643504232063200802060773779828726415087044269171506931668031354693251545396,1,No,no,2025-03-23 12:00:00+00:00,2025_03_23_open_0500_PT,2025-03-23 05:00:00-07:00,2025-03-23 11:24:43+00:00,0.88
527278,76683579252562835143863542840343898007243510337054657506558517873008498105093,0,Yes,yes,2025-03-23 12:00:00+00:00,2025_03_23_open_0500_PT,2025-03-23 05:00:00-07:00,2025-03-14 17:08:09+00:00,0.999
516187,76896069667756716472035601301016783496873889454464161011234150458037478069918,1,No,no,2025-03-23 12:00:00+00:00,2025_03_23_open_0500_PT,2025-03-23 05:00:00-07:00,2025-03-23 10:28:51+00:00,0.96
517073,78869803177078589287716771530665317651497156168734051494454473188006845916520,1,No,no,2025-03-23 12:00:00+00:00,2025_03_23_open_0500_PT,2025-03-23 05:00:00-07:00,2025-03-21 20:56:49+00:00,0.77
522894,81020312652589627285197771109762839746287006928172707150877539028691834065212,0,Yes,yes,2025-03-23 12:00:00+00:00,2025_03_23_open_0500_PT,2025-03-23 05:00:00-07:00,2025-03-22 15:44:02+00:00,0.06
524310,82246973513888061559569421022652964687465272762066736721360354291228748283806,0,Yes,yes,2025-03-23 12:00:00+00:00,2025_03_23_open_0500_PT,2025-03-23 05:00:00-07:00,2025-03-23 11:49:37+00:00,0.742
516190,83080252071092689902932666850490074811760131055025811650818073654402601835484,0,Yes,yes,2025-03-23 12:00:00+00:00,2025_03_23_open_0500_PT,2025-03-23 05:00:00-07:00,2025-03-22 23:15:48+00:00,0.9605820721769499
521041,83524440200143860657028178945801858366378129256359488825050609853223919531809,0,Yes,yes,2025-03-23 12:00:00+00:00,2025_03_23_open_0500_PT,2025-03-23 05:00:00-07:00,2025-03-22 23:47:34+00:00,0.11999990495047623
524477,83547673164506671794819260938344653989875088069034224812175182562166039721574,0,Yes,yes,2025-03-23 12:00:00+00:00,2025_03_23_open_0500_PT,2025-03-23 05:00:00-07:00,2025-03-23 08:18:31+00:00,0.07
525231,83742739530586820493605246339344277590673217105618245459443915506041800643469,1,No,no,2025-03-23 12:00:00+00:00,2025_03_23_open_0500_PT,2025-03-23 05:00:00-07:00,2025-03-18 16:49:37+00:00,0.91
510319,84888738552927367074645370589243532246434846262240067551074642775011167355434,0,Yes,yes,2025-03-23 12:00:00+00:00,2025_03_23_open_0500_PT,2025-03-23 05:00:00-07:00,2025-03-23 11:42:43+00:00,0.15
527081,85329416514471004297478005149625146014624743562622421967455557722819447174298,0,Yes,yes,2025-03-23 12:00:00+00:00,2025_03_23_open_0500_PT,2025-03-23 05:00:00-07:00,2025-03-23 10:49:51+00:00,0.4
526229,86304131703011980721755979925817881408007934797292837200662297834354514178950,1,No,no,2025-03-23 12:00:00+00:00,2025_03_23_open_0500_PT,2025-03-23 05:00:00-07:00,2025-03-23 07:51:01+00:00,0.975
510319,86857783363775257860227917708309268561005168570896999677788731255030014967896,1,No,no,2025-03-23 12:00:00+00:00,2025_03_23_open_0500_PT,2025-03-23 05:00:00-07:00,2025-03-23 11:42:43+00:00,0.85
526229,88551081062941956754624270296481102277138087249231124901142839087117648363109,0,Yes,yes,2025-03-23 12:00:00+00:00,2025_03_23_open_0500_PT,2025-03-23 05:00:00-07:00,2025-03-23 07:51:01+00:00,0.025
524292,9014695769446700891659134648259488341557414914618690658701879241952037527074,1,No,no,2025-03-23 12:00:00+00:00,2025_03_23_open_0500_PT,2025-03-23 05:00:00-07:00,2025-03-23 07:59:49+00:00,0.85
527032,90544185197348445762400462367487730947998989538649021442756705113012034127717,0,Yes,yes,2025-03-23 12:00:00+00:00,2025_03_23_open_0500_PT,2025-03-23 05:00:00-07:00,2025-03-11 17:55:03+00:00,0.01
516315,9252583647094848244431316973245869222379640287360099162283052699401101960353,0,Yes,yes,2025-03-23 12:00:00+00:00,2025_03_23_open_0500_PT,2025-03-23 05:00:00-07:00,2025-03-23 11:01:25+00:00,0.057999946407995925
516143,95786924372760057572092804419385993470890190892343223404877167501659835222533,1,No,no,2025-03-23 12:00:00+00:00,2025_03_23_open_0500_PT,2025-03-23 05:00:00-07:00,2025-03-23 11:25:33+00:00,0.84
522056,96601928894191559916157952751631886797424000157973909225754084049773554405468,0,Yes,yes,2025-03-23 12:00:00+00:00,2025_03_23_open_0500_PT,2025-03-23 05:00:00-07:00,2025-03-23 09:41:57+00:00,0.52
527005,96618036676034164847772351078297997221316377064022855127438030193903015078566,1,No,no,2025-03-23 12:00:00+00:00,2025_03_23_open_0500_PT,2025-03-23 05:00:00-07:00,2025-03-22 05:17:52+00:00,0.86
524021,97262919156133260921887403057581420516585464065308475066791456615017669503669,0,Yes,yes,2025-03-23 12:00:00+00:00,2025_03_23_open_0500_PT,2025-03-23 05:00:00-07:00,2025-03-23 11:30:13+00:00,0.3299999590799969
527005,100121345789532362055123879793212027312379236056429540221720415709850532973373,0,Yes,yes,2025-03-24 00:00:00+00:00,2025_03_23_close_1700_PT,2025-03-23 17:00:00-07:00,2025-03-22 05:17:52+00:00,0.14941176470588236
507311,102006319303460238827563664446951754516041393632850360444322469125777577388771,0,Yes,yes,2025-03-24 00:00:00+00:00,2025_03_23_close_1700_PT,2025-03-23 17:00:00-07:00,2025-01-29 21:39:28+00:00,0.001
524145,102062916030133807330186342894442541205582789480933958339342744794892413850627,1,No,no,2025-03-24 00:00:00+00:00,2025_03_23_close_1700_PT,2025-03-23 17:00:00-07:00,2025-02-28 16:13:57+00:00,0.001
525437,10316592426452860464899722692398677096383513371344164830735417650138017205817,1,No,no,2025-03-24 00:00:00+00:00,2025_03_23_close_1700_PT,2025-03-23 17:00:00-07:00,2025-03-05 19:01:37+00:00,0.01
521103,103909253011351322759892776638669457027523901655815490042130382730360706229706,0,Yes,yes,2025-03-24 00:00:00+00:00,2025_03_23_close_1700_PT,2025-03-23 17:00:00-07:00,2025-03-21 09:54:47+00:00,0.1299999789399992
516715,104795148936930645520469554178353538587130154145659561962269514319642274480768,1,No,no,2025-03-24 00:00:00+00:00,2025_03_23_close_1700_PT,2025-03-23 17:00:00-07:00,2025-03-23 20:38:53+00:00,0.94
526814,105039045108735350701067761926660919174556796573940954887933194396971464305066,0,Yes,yes,2025-03-24 00:00:00+00:00,2025_03_23_close_1700_PT,2025-03-23 17:00:00-07:00,2025-03-23 23:32:08+00:00,0.42
524291,106785705064968660332067023300536266535388124753272914243541205698423062856246,0,Yes,yes,2025-03-24 00:00:00+00:00,2025_03_23_close_1700_PT,2025-03-23 17:00:00-07:00,2025-03-23 21:02:32+00:00,0.1
524285,107643187201000404038693592426566378917534508353468263334674357442312114112510,1,No,no,2025-03-24 00:00:00+00:00,2025_03_23_close_1700_PT,2025-03-23 17:00:00-07:00,2025-03-23 17:18:38+00:00,0.6072243333333334
525442,108057916747365167542504013787062021441684619476265070483570121865318046932052,0,Yes,yes,2025-03-24 00:00:00+00:00,2025_03_23_close_1700_PT,2025-03-23 17:00:00-07:00,2025-03-05 19:00:49+00:00,0.001
521603,108064859672314536571175804798614410280877635973727667622803804179444259690672,1,No,no,2025-03-24 00:00:00+00:00,2025_03_23_close_1700_PT,2025-03-23 17:00:00-07:00,2025-03-23 23:21:20+00:00,0.974
522894,108303820542127194670275571355095079674537367635794408292209711330192187534707,1,No,no,2025-03-24 00:00:00+00:00,2025_03_23_close_1700_PT,2025-03-23 17:00:00-07:00,2025-03-22 21:26:14+00:00,0.9399999806777771
519736,108331518505056537403722461966654684743488871885239753047834907734450664515452,1,No,no,2025-03-24 00:00:00+00:00,2025_03_23_close_1700_PT,2025-03-23 17:00:00-07:00,2025-03-23 19:22:36+00:00,0.903
507311,109788973099970019996072517823266794542154906066004680247007602517078576240900,1,No,no,2025-03-24 00:00:00+00:00,2025_03_23_close_1700_PT,2025-03-23 17:00:00-07:00,2025-01-29 21:39:28+00:00,0.999
523420,110303218457795832861589414223072133732424840017074962598980991451216787898529,0,Yes,yes,2025-03-24 00:00:00+00:00,2025_03_23_close_1700_PT,2025-03-23 17:00:00-07:00,2025-03-23 21:47:20+00:00,0.3903388061117965
523420,110513468504414111967623727967802735681305040958967125800368195228103949451183,1,No,no,2025-03-24 00:00:00+00:00,2025_03_23_close_1700_PT,2025-03-23 17:00:00-07:00,2025-03-23 21:47:20+00:00,0.61
523198,111048886296924495129741424280092672064807186679410610865674623733591163627018,1,No,no,2025-03-24 00:00:00+00:00,2025_03_23_close_1700_PT,2025-03-23 17:00:00-07:00,2025-03-20 20:44:05+00:00,0.9399999962399888
522056,111817814065148789668110176254570458287510111700931938757952739120253070676417,1,No,no,2025-03-24 00:00:00+00:00,2025_03_23_close_1700_PT,2025-03-23 17:00:00-07:00,2025-03-23 22:00:38+00:00,0.48000000487279226
516315,112686805416681376426848642516954883318316273962669944235801308401883591913314,1,No,no,2025-03-24 00:00:00+00:00,2025_03_23_close_1700_PT,2025-03-23 17:00:00-07:00,2025-03-23 11:01:25+00:00,0.9420000535920041
519844,115151921832306680160638545362939767099400757097903129602011054222202727203606,1,No,no,2025-03-24 00:00:00+00:00,2025_03_23_close_1700_PT,2025-03-23 17:00:00-07:00,2025-02-28 20:07:00+00:00,0.001
524143,1179039883486402183499490082435825463500517700553032674433043579228770785112,0,Yes,yes,2025-03-24 00:00:00+00:00,2025_03_23_close_1700_PT,2025-03-23 17:00:00-07:00,2025-03-23 22:09:58+00:00,0.1
525437,12198166341436727947405729209814148041740036263965322192437253954048906701116,0,Yes,yes,2025-03-24 00:00:00+00:00,2025_03_23_close_1700_PT,2025-03-23 17:00:00-07:00,2025-03-05 19:01:37+00:00,0.99
521100,14990029861718662869816237869973544862792282285138092644462921007650993247380,0,Yes,yes,2025-03-24 00:00:00+00:00,2025_03_23_close_1700_PT,2025-03-23 17:00:00-07:00,2025-03-12 20:16:21+00:00,0.999
516719,15974786252393396629980467963784550802583781222733347534844974829144359265969,0,Yes,yes,2025-03-24 00:00:00+00:00,2025_03_23_close_1700_PT,2025-03-23 17:00:00-07:00,2025-03-23 20:13:24+00:00,0.7099999994115732
527081,17189149212865445714213344530377307644873493103595435170459256971807866915825,1,No,no,2025-03-24 00:00:00+00:00,2025_03_23_close_1700_PT,2025-03-23 17:00:00-07:00,2025-03-23 23:46:09+00:00,0.66
525442,17526688879266974475993857941710252477836369992267558391595367358065513215277,1,No,no,2025-03-24 00:00:00+00:00,2025_03_23_close_1700_PT,2025-03-23 17:00:00-07:00,2025-03-05 19:00:49+00:00,0.999
523198,17636133037698655711537839367918666335877935696344385855077943944327611242596,0,Yes,yes,2025-03-24 00:00:00+00:00,2025_03_23_close_1700_PT,2025-03-23 17:00:00-07:00,2025-03-20 20:44:05+00:00,0.060000003760011265
518890,1820990530457734990844221236379424325571531338274179313320944848555296238885,0,Yes,yes,2025-03-24 00:00:00+00:00,2025_03_23_close_1700_PT,2025-03-23 17:00:00-07:00,2025-03-23 21:38:04+00:00,0.16
521603,18833065283746804110550289341323864262410877417777323132151715138616977528841,0,Yes,yes,2025-03-24 00:00:00+00:00,2025_03_23_close_1700_PT,2025-03-23 17:00:00-07:00,2025-03-23 23:48:43+00:00,0.026
518890,19787433176606062103363478006507471735790167880416910771642279209812633663344,1,No,no,2025-03-24 00:00:00+00:00,2025_03_23_close_1700_PT,2025-03-23 17:00:00-07:00,2025-03-19 06:52:28+00:00,0.84
523343,22255463452594162709449800579658835371746668793825841462318307382376621533755,0,Yes,yes,2025-03-24 00:00:00+00:00,2025_03_23_close_1700_PT,2025-03-23 17:00:00-07:00,2025-03-23 12:16:21+00:00,0.61
527279,22752183918002848078277748029145662550669719932108767430775139318472934671798,1,No,no,2025-03-24 00:00:00+00:00,2025_03_23_close_1700_PT,2025-03-23 17:00:00-07:00,2025-03-12 20:16:11+00:00,0.002
524021,22814991468805556116471270417641782171550309851492637070422109257339804109572,1,No,no,2025-03-24 00:00:00+00:00,2025_03_23_close_1700_PT,2025-03-23 17:00:00-07:00,2025-03-23 18:12:12+00:00,0.67
524292,23363560824318474668781482335102625289561748638527872548758492627125630990827,0,Yes,yes,2025-03-24 00:00:00+00:00,2025_03_23_close_1700_PT,2025-03-23 17:00:00-07:00,2025-03-23 14:24:07+00:00,0.16
521026,23632768753333496327246137884794918423597173479688585307138116345069085580247,1,No,no,2025-03-24 00:00:00+00:00,2025_03_23_close_1700_PT,2025-03-23 17:00:00-07:00,2025-03-23 16:48:02+00:00,0.36999986309991373
516189,25301545985889508293321782755434072371936771538975200674445139222395623272851,1,No,no,2025-03-24 00:00:00+00:00,2025_03_23_close_1700_PT,2025-03-23 17:00:00-07:00,2025-03-20 16:19:18+00:00,0.97
516143,25742247876332768458781360292043764039507900813404980298479194684402595556451,0,Yes,yes,2025-03-24 00:00:00+00:00,2025_03_23_close_1700_PT,2025-03-23 17:00:00-07:00,2025-03-23 22:10:42+00:00,0.1550376464115965
516190,27706044619360761256387697290478189707563660684659877077148428665563431908215,1,No,no,2025-03-24 00:00:00+00:00,2025_03_23_close_1700_PT,2025-03-23 17:00:00-07:00,2025-03-23 13:09:01+00:00,0.037000000746325486
525231,27854589915558666949911110700107109304807510472832754346848714713106576041207,0,Yes,yes,2025-03-24 00:00:00+00:00,2025_03_23_close_1700_PT,2025-03-23 17:00:00-07:00,2025-03-23 19:21:00+00:00,0.08
521025,28414938735362964078307100001374150957816395319940009652318455849499629150252,1,No,no,2025-03-24 00:00:00+00:00,2025_03_23_close_1700_PT,2025-03-23 17:00:00-07:00,2025-03-23 19:21:02+00:00,0.67
525232,31566724138998405553508313449766802786847999037726188458982786371622924711878,1,No,no,2025-03-24 00:00:00+00:00,2025_03_23_close_1700_PT,2025-03-23 17:00:00-07:00,2025-03-23 17:29:16+00:00,0.7
524143,32156304147657186738936334568719617978558036247795210919856751006394161293073,1,No,no,2025-03-24 00:00:00+00:00,2025_03_23_close_1700_PT,2025-03-23 17:00:00-07:00,2025-03-23 23:13:42+00:00,0.9
526861,32921044856076201189154703786849418887213408387521621721061527935861828024828,0,Yes,yes,2025-03-24 00:00:00+00:00,2025_03_23_close_1700_PT,2025-03-23 17:00:00-07:00,2025-03-23 23:53:21+00:00,0.7
527278,33787629600621860180939604657495798919073059313987957113657471584613393310606,1,No,no,2025-03-24 00:00:00+00:00,2025_03_23_close_1700_PT,2025-03-23 17:00:00-07:00,2025-03-14 17:08:09+00:00,0.001
521499,37809713000353368658683984822433912106052732096671571646866650191133502648634,1,No,no,2025-03-24 00:00:00+00:00,2025_03_23_close_1700_PT,2025-03-23 17:00:00-07:00,2025-03-12 20:16:29+00:00,0.001
519628,37946704943888888914227612417452623974614267503719043957094985529354395995926,1,No,no,2025-03-24 00:00:00+00:00,2025_03_23_close_1700_PT,2025-03-23 17:00:00-07:00,2025-03-23 23:44:54+00:00,0.52
517693,38028235049989289118991891250017423701902844342596888644757673357241176888913,1,No,no,2025-03-24 00:00:00+00:00,2025_03_23_close_1700_PT,2025-03-23 17:00:00-07:00,2025-03-22 20:49:30+00:00,0.89209995800084
522057,39073221701552764059446410725782004011128353041681427534414147663135223634260,1,No,no,2025-03-24 00:00:00+00:00,2025_03_23_close_1700_PT,2025-03-23 17:00:00-07:00,2025-03-23 10:04:21+00:00,0.79
519628,39327269875426915204597944387916069897800289788920336317845465327697809453999,0,Yes,yes,2025-03-24 00:00:00+00:00,2025_03_23_close_1700_PT,2025-03-23 17:00:00-07:00,2025-03-23 23:44:54+00:00,0.48
527279,40001158490980829331315202760805197309678407198352511114569399283632572307422,0,Yes,yes,2025-03-24 00:00:00+00:00,2025_03_23_close_1700_PT,2025-03-23 17:00:00-07:00,2025-03-12 20:19:55+00:00,0.998
521103,40643730425995007653653846322257326466291751148478865541862332040512398068473,1,No,no,2025-03-24 00:00:00+00:00,2025_03_23_close_1700_PT,2025-03-23 17:00:00-07:00,2025-03-21 15:03:01+00:00,0.88999995549998
519844,40914113765279699847589045742755525912767460490196542143342551731171071232917,0,Yes,yes,2025-03-24 00:00:00+00:00,2025_03_23_close_1700_PT,2025-03-23 17:00:00-07:00,2025-02-28 20:07:00+00:00,0.999
516719,42351579455604873042957090441032286075880144797259231030267680078160718556927,1,No,no,2025-03-24 00:00:00+00:00,2025_03_23_close_1700_PT,2025-03-23 17:00:00-07:00,2025-03-23 20:13:24+00:00,0.29000000058842684
523413,4274339277583331170231436480507835882687434608350779078862983050349942696879,1,No,no,2025-03-24 00:00:00+00:00,2025_03_23_close_1700_PT,2025-03-23 17:00:00-07:00,2025-03-23 09:38:19+00:00,0.85
521100,42807705713627033072721560874549512720856774493986139163714965545915531235572,1,No,no,2025-03-24 00:00:00+00:00,2025_03_23_close_1700_PT,2025-03-23 17:00:00-07:00,2025-03-12 20:16:21+00:00,0.001
524147,43469326409739858395690572881501444443817974097672167644298447954120789600137,0,Yes,yes,2025-03-24 00:00:00+00:00,2025_03_23_close_1700_PT,2025-03-23 17:00:00-07:00,2025-02-28 06:17:16+00:00,0.9988821436653187
518889,44380686214454472779171256638293817778327849773706779670665516622038269778385,1,No,no,2025-03-24 00:00:00+00:00,2025_03_23_close_1700_PT,2025-03-23 17:00:00-07:00,2025-03-23 11:06:21+00:00,0.68
517073,46900460840406661483474634104595482418501684854096906918305683910102403871123,0,Yes,yes,2025-03-24 00:00:00+00:00,2025_03_23_close_1700_PT,2025-03-23 17:00:00-07:00,2025-03-22 13:48:39+00:00,0.21999985479995063
523413,46975241878566226675389813084558441099978633579735672808077735156890286559886,0,Yes,yes,2025-03-24 00:00:00+00:00,2025_03_23_close_1700_PT,2025-03-23 17:00:00-07:00,2025-03-23 09:38:19+00:00,0.15
521499,47692708638309429756044208432818720002044706296619873136468383174493259480485,0,Yes,yes,2025-03-24 00:00:00+00:00,2025_03_23_close_1700_PT,2025-03-23 17:00:00-07:00,2025-03-12 20:16:29+00:00,0.999
522057,48477409091695386761559202853239391470463303066983260592312960625658563043275,0,Yes,yes,2025-03-24 00:00:00+00:00,2025_03_23_close_1700_PT,2025-03-23 17:00:00-07:00,2025-03-23 16:36:38+00:00,0.22999988603598984
521026,49473000926194462184545427213242554383104595845909786504578023251386790224858,0,Yes,yes,2025-03-24 00:00:00+00:00,2025_03_23_close_1700_PT,2025-03-23 17:00:00-07:00,2025-03-23 16:48:02+00:00,0.6300001369000863
507984,50284187941943469569202009194355917949339120733469101749033950310686959468007,0,Yes,yes,2025-03-24 00:00:00+00:00,2025_03_23_close_1700_PT,2025-03-23 17:00:00-07:00,2024-12-12 21:27:58+00:00,0.002
521025,50391907985844971368730434370554275352555306650304559981296724287110163889372,0,Yes,yes,2025-03-24 00:00:00+00:00,2025_03_23_close_1700_PT,2025-03-23 17:00:00-07:00,2025-03-23 19:21:02+00:00,0.33
527032,52520991936301939851844268554264807330714499642654844594240746592838266792432,1,No,no,2025-03-24 00:00:00+00:00,2025_03_23_close_1700_PT,2025-03-23 17:00:00-07:00,2025-03-11 19:15:04+00:00,0.999
524348,52960782840877996381169383667062216635147767148703288363719115614339176853095,0,Yes,yes,2025-03-24 00:00:00+00:00,2025_03_23_close_1700_PT,2025-03-23 17:00:00-07:00,2025-02-25 19:54:41+00:00,0.001
522878,5442743401928862894180841736263512191564084389996775978514134400673743050598,0,Putin,putin,2025-03-24 00:00:00+00:00,2025_03_23_close_1700_PT,2025-03-23 17:00:00-07:00,2025-02-28 20:00:10+00:00,0.001
522878,55264189025055373090161890959631464405045385380191735792739072809428026021736,1,Zelenskyy,zelenskyy,2025-03-24 00:00:00+00:00,2025_03_23_close_1700_PT,2025-03-23 17:00:00-07:00,2025-02-28 20:00:10+00:00,0.999
523197,55509409310784585364116971076570089959207228118269642206238982520364239944605,1,No,no,2025-03-24 00:00:00+00:00,2025_03_23_close_1700_PT,2025-03-23 17:00:00-07:00,2025-03-23 14:41:35+00:00,0.9774965488963302
516187,56333219586489855674685549932194420713208928308331628771337419037140355178076,0,Yes,yes,2025-03-24 00:00:00+00:00,2025_03_23_close_1700_PT,2025-03-23 17:00:00-07:00,2025-03-23 10:28:51+00:00,0.04
523343,57160884655103428512814247631012981773015723019889832549493437551469480061242,1,No,no,2025-03-24 00:00:00+00:00,2025_03_23_close_1700_PT,2025-03-23 17:00:00-07:00,2025-03-23 12:16:21+00:00,0.39
516715,5802460671946751538636185453975614627729230853286731735057811449821051691611,0,Yes,yes,2025-03-24 00:00:00+00:00,2025_03_23_close_1700_PT,2025-03-23 17:00:00-07:00,2025-03-23 20:38:53+00:00,0.06
522895,62643694748826312587911382162440534823433709821141516597510649054633548502810,0,Yes,yes,2025-03-24 00:00:00+00:00,2025_03_23_close_1700_PT,2025-03-23 17:00:00-07:00,2025-03-23 20:02:20+00:00,0.34
519736,63894828884807366836211275957245556698359823645556214866812004935138375830618,0,Yes,yes,2025-03-24 00:00:00+00:00,2025_03_23_close_1700_PT,2025-03-23 17:00:00-07:00,2025-03-23 16:19:38+00:00,0.087
524147,6436214359665115810717148929293436681245885613476937891713590935932389735242,1,No,no,2025-03-24 00:00:00+00:00,2025_03_23_close_1700_PT,2025-03-23 17:00:00-07:00,2025-02-28 06:17:16+00:00,0.001
525157,64545313588399663482682286511585103428301403511234717343459455007091083337075,1,No,no,2025-03-24 00:00:00+00:00,2025_03_23_close_1700_PT,2025-03-23 17:00:00-07:00,2025-03-22 18:23:46+00:00,0.75
524291,6456202668171707900880212750943570928813250356351945554332572852984770395210,1,No,no,2025-03-24 00:00:00+00:00,2025_03_23_close_1700_PT,2025-03-23 17:00:00-07:00,2025-03-23 21:02:32+00:00,0.9
526861,65449845407755668776897976670879705991692250175624922195548093200952844680115,1,No,no,2025-03-24 00:00:00+00:00,2025_03_23_close_1700_PT,2025-03-23 17:00:00-07:00,2025-03-23 23:53:21+00:00,0.3
524285,65482627758879803524003778479202246178420046841505286705606240559010331503838,0,Yes,yes,2025-03-24 00:00:00+00:00,2025_03_23_close_1700_PT,2025-03-23 17:00:00-07:00,2025-03-23 17:20:16+00:00,0.39
526814,65961864506371256053813328069691531595710124813443748296296270747497043580971,1,No,no,2025-03-24 00:00:00+00:00,2025_03_23_close_1700_PT,2025-03-23 17:00:00-07:00,2025-03-23 23:30:14+00:00,0.58
522895,66339636783489562244427406324835042611372608866942882907689045655663784195972,1,No,no,2025-03-24 00:00:00+00:00,2025_03_23_close_1700_PT,2025-03-23 17:00:00-07:00,2025-03-23 20:02:20+00:00,0.66
524145,66356062315875533075062405949409720397580573066885585702377343083606583765118,0,Yes,yes,2025-03-24 00:00:00+00:00,2025_03_23_close_1700_PT,2025-03-23 17:00:00-07:00,2025-02-28 18:42:39+00:00,0.999
524310,6800060988333615171942817578522303119129729510028069894794248047438283072436,1,No,no,2025-03-24 00:00:00+00:00,2025_03_23_close_1700_PT,2025-03-23 17:00:00-07:00,2025-03-23 22:36:06+00:00,0.319
507984,68914504833157616843053838732988841773228477730246651549660144444755511574372,1,No,no,2025-03-24 00:00:00+00:00,2025_03_23_close_1700_PT,2025-03-23 17:00:00-07:00,2024-12-12 21:27:58+00:00,0.998
517693,69226537548379102137110260910766942274764101034650179979960227372969528243604,0,Yes,yes,2025-03-24 00:00:00+00:00,2025_03_23_close_1700_PT,2025-03-23 17:00:00-07:00,2025-03-12 21:00:11+00:00,0.12
521041,70920939650366426146836696994150938025168677239124917474200404356093431153260,1,No,no,2025-03-24 00:00:00+00:00,2025_03_23_close_1700_PT,2025-03-23 17:00:00-07:00,2025-03-23 18:17:26+00:00,0.9199998756055805
516189,71685983838843709915160975671540060908877886707703474939962098991499689519711,0,Yes,yes,2025-03-24 00:00:00+00:00,2025_03_23_close_1700_PT,2025-03-23 17:00:00-07:00,2025-03-20 14:16:20+00:00,0.029
525232,73663957466489274595176785305097386128325404078001917490010407904837134882577,0,Yes,yes,2025-03-24 00:00:00+00:00,2025_03_23_close_1700_PT,2025-03-23 17:00:00-07:00,2025-03-23 16:41:28+00:00,0.31
524348,73984012795437798473481687953253285098754321969692105101879063972760068638228,1,No,no,2025-03-24 00:00:00+00:00,2025_03_23_close_1700_PT,2025-03-23 17:00:00-07:00,2025-02-25 19:54:41+00:00,0.999
525157,74129046843921940913413587682588886122583847748489066762857187137233978267670,0,Yes,yes,2025-03-24 00:00:00+00:00,2025_03_23_close_1700_PT,2025-03-23 17:00:00-07:00,2025-03-22 18:23:46+00:00,0.25
519048,74534059827731044353009484655251717921023956616694121520435859117169009979824,0,Yes,yes,2025-03-24 00:00:00+00:00,2025_03_23_close_1700_PT,2025-03-23 17:00:00-07:00,2025-03-23 22:48:16+00:00,0.12
524477,75533964938719028696952998369094361524498526879485856631877081096914627658644,1,No,no,2025-03-24 00:00:00+00:00,2025_03_23_close_1700_PT,2025-03-23 17:00:00-07:00,2025-03-23 08:18:31+00:00,0.93
518889,76417393963448037479806799796874747547221511591996743269503725518742470496274,0,Yes,yes,2025-03-24 00:00:00+00:00,2025_03_23_close_1700_PT,2025-03-23 17:00:00-07:00,2025-03-23 11:06:07+00:00,0.33
523197,76517872896411850784270344965682992803318434169987777444136970978963357739156,0,Yes,yes,2025-03-24 00:00:00+00:00,2025_03_23_close_1700_PT,2025-03-23 17:00:00-07:00,2025-03-23 14:41:35+00:00,0.022
519048,76643504232063200802060773779828726415087044269171506931668031354693251545396,1,No,no,2025-03-24 00:00:00+00:00,2025_03_23_close_1700_PT,2025-03-23 17:00:00-07:00,2025-03-23 22:48:16+00:00,0.88
527278,76683579252562835143863542840343898007243510337054657506558517873008498105093,0,Yes,yes,2025-03-24 00:00:00+00:00,2025_03_23_close_1700_PT,2025-03-23 17:00:00-07:00,2025-03-14 17:08:09+00:00,0.999
516187,76896069667756716472035601301016783496873889454464161011234150458037478069918,1,No,no,2025-03-24 00:00:00+00:00,2025_03_23_close_1700_PT,2025-03-23 17:00:00-07:00,2025-03-23 10:28:51+00:00,0.96
517073,78869803177078589287716771530665317651497156168734051494454473188006845916520,1,No,no,2025-03-24 00:00:00+00:00,2025_03_23_close_1700_PT,2025-03-23 17:00:00-07:00,2025-03-21 20:56:49+00:00,0.77
522894,81020312652589627285197771109762839746287006928172707150877539028691834065212,0,Yes,yes,2025-03-24 00:00:00+00:00,2025_03_23_close_1700_PT,2025-03-23 17:00:00-07:00,2025-03-22 15:44:02+00:00,0.06
524310,82246973513888061559569421022652964687465272762066736721360354291228748283806,0,Yes,yes,2025-03-24 00:00:00+00:00,2025_03_23_close_1700_PT,2025-03-23 17:00:00-07:00,2025-03-23 22:36:06+00:00,0.6926503074739829
516190,83080252071092689902932666850490074811760131055025811650818073654402601835484,0,Yes,yes,2025-03-24 00:00:00+00:00,2025_03_23_close_1700_PT,2025-03-23 17:00:00-07:00,2025-03-23 13:09:01+00:00,0.9629999992536745
521041,83524440200143860657028178945801858366378129256359488825050609853223919531809,0,Yes,yes,2025-03-24 00:00:00+00:00,2025_03_23_close_1700_PT,2025-03-23 17:00:00-07:00,2025-03-23 17:00:04+00:00,0.09
524477,83547673164506671794819260938344653989875088069034224812175182562166039721574,0,Yes,yes,2025-03-24 00:00:00+00:00,2025_03_23_close_1700_PT,2025-03-23 17:00:00-07:00,2025-03-23 08:18:31+00:00,0.07
525231,83742739530586820493605246339344277590673217105618245459443915506041800643469,1,No,no,2025-03-24 00:00:00+00:00,2025_03_23_close_1700_PT,2025-03-23 17:00:00-07:00,2025-03-23 19:21:00+00:00,0.92
510319,84888738552927367074645370589243532246434846262240067551074642775011167355434,0,Yes,yes,2025-03-24 00:00:00+00:00,2025_03_23_close_1700_PT,2025-03-23 17:00:00-07:00,2025-03-23 22:59:48+00:00,0.16
527081,85329416514471004297478005149625146014624743562622421967455557722819447174298,0,Yes,yes,2025-03-24 00:00:00+00:00,2025_03_23_close_1700_PT,2025-03-23 17:00:00-07:00,2025-03-23 23:43:42+00:00,0.31
526229,86304131703011980721755979925817881408007934797292837200662297834354514178950,1,No,no,2025-03-24 00:00:00+00:00,2025_03_23_close_1700_PT,2025-03-23 17:00:00-07:00,2025-03-23 19:45:38+00:00,0.973
510319,86857783363775257860227917708309268561005168570896999677788731255030014967896,1,No,no,2025-03-24 00:00:00+00:00,2025_03_23_close_1700_PT,2025-03-23 17:00:00-07:00,2025-03-23 23:39:46+00:00,0.84
526229,88551081062941956754624270296481102277138087249231124901142839087117648363109,0,Yes,yes,2025-03-24 00:00:00+00:00,2025_03_23_close_1700_PT,2025-03-23 17:00:00-07:00,2025-03-23 19:45:38+00:00,0.027
524292,9014695769446700891659134648259488341557414914618690658701879241952037527074,1,No,no,2025-03-24 00:00:00+00:00,2025_03_23_close_1700_PT,2025-03-23 17:00:00-07:00,2025-03-23 14:24:07+00:00,0.84
527032,90544185197348445762400462367487730947998989538649021442756705113012034127717,0,Yes,yes,2025-03-24 00:00:00+00:00,2025_03_23_close_1700_PT,2025-03-23 17:00:00-07:00,2025-03-11 17:55:03+00:00,0.01
516315,9252583647094848244431316973245869222379640287360099162283052699401101960353,0,Yes,yes,2025-03-24 00:00:00+00:00,2025_03_23_close_1700_PT,2025-03-23 17:00:00-07:00,2025-03-23 11:01:25+00:00,0.057999946407995925
516143,95786924372760057572092804419385993470890190892343223404877167501659835222533,1,No,no,2025-03-24 00:00:00+00:00,2025_03_23_close_1700_PT,2025-03-23 17:00:00-07:00,2025-03-23 23:04:06+00:00,0.83
522056,96601928894191559916157952751631886797424000157973909225754084049773554405468,0,Yes,yes,2025-03-24 00:00:00+00:00,2025_03_23_close_1700_PT,2025-03-23 17:00:00-07:00,2025-03-23 22:00:38+00:00,0.519999995689119
527005,96618036676034164847772351078297997221316377064022855127438030193903015078566,1,No,no,2025-03-24 00:00:00+00:00,2025_03_23_close_1700_PT,2025-03-23 17:00:00-07:00,2025-03-22 05:17:52+00:00,0.86
524021,97262919156133260921887403057581420516585464065308475066791456615017669503669,0,Yes,yes,2025-03-24 00:00:00+00:00,2025_03_23_close_1700_PT,2025-03-23 17:00:00-07:00,2025-03-23 17:21:42+00:00,0.35
527005,100121345789532362055123879793212027312379236056429540221720415709850532973373,0,Yes,yes,2025-03-24 12:00:00+00:00,2025_03_24_open_0500_PT,2025-03-24 05:00:00-07:00,2025-03-22 05:17:52+00:00,0.14941176470588236
507311,102006319303460238827563664446951754516041393632850360444322469125777577388771,0,Yes,yes,2025-03-24 12:00:00+00:00,2025_03_24_open_0500_PT,2025-03-24 05:00:00-07:00,2025-01-29 21:39:28+00:00,0.001
524145,102062916030133807330186342894442541205582789480933958339342744794892413850627,1,No,no,2025-03-24 12:00:00+00:00,2025_03_24_open_0500_PT,2025-03-24 05:00:00-07:00,2025-02-28 16:13:57+00:00,0.001
525437,10316592426452860464899722692398677096383513371344164830735417650138017205817,1,No,no,2025-03-24 12:00:00+00:00,2025_03_24_open_0500_PT,2025-03-24 05:00:00-07:00,2025-03-05 19:01:37+00:00,0.01
521103,103909253011351322759892776638669457027523901655815490042130382730360706229706,0,Yes,yes,2025-03-24 12:00:00+00:00,2025_03_24_open_0500_PT,2025-03-24 05:00:00-07:00,2025-03-21 09:54:47+00:00,0.1299999789399992
516715,104795148936930645520469554178353538587130154145659561962269514319642274480768,1,No,no,2025-03-24 12:00:00+00:00,2025_03_24_open_0500_PT,2025-03-24 05:00:00-07:00,2025-03-24 01:32:33+00:00,0.9399999962399888
526814,105039045108735350701067761926660919174556796573940954887933194396971464305066,0,Yes,yes,2025-03-24 12:00:00+00:00,2025_03_24_open_0500_PT,2025-03-24 05:00:00-07:00,2025-03-24 11:33:38+00:00,0.42
524291,106785705064968660332067023300536266535388124753272914243541205698423062856246,0,Yes,yes,2025-03-24 12:00:00+00:00,2025_03_24_open_0500_PT,2025-03-24 05:00:00-07:00,2025-03-23 21:02:32+00:00,0.1
524285,107643187201000404038693592426566378917534508353468263334674357442312114112510,1,No,no,2025-03-24 12:00:00+00:00,2025_03_24_open_0500_PT,2025-03-24 05:00:00-07:00,2025-03-24 10:13:56+00:00,0.58
525442,108057916747365167542504013787062021441684619476265070483570121865318046932052,0,Yes,yes,2025-03-24 12:00:00+00:00,2025_03_24_open_0500_PT,2025-03-24 05:00:00-07:00,2025-03-05 19:00:49+00:00,0.001
521603,108064859672314536571175804798614410280877635973727667622803804179444259690672,1,No,no,2025-03-24 12:00:00+00:00,2025_03_24_open_0500_PT,2025-03-24 05:00:00-07:00,2025-03-24 11:59:36+00:00,0.975
522894,108303820542127194670275571355095079674537367635794408292209711330192187534707,1,No,no,2025-03-24 12:00:00+00:00,2025_03_24_open_0500_PT,2025-03-24 05:00:00-07:00,2025-03-22 21:26:14+00:00,0.9399999806777771
519736,108331518505056537403722461966654684743488871885239753047834907734450664515452,1,No,no,2025-03-24 12:00:00+00:00,2025_03_24_open_0500_PT,2025-03-24 05:00:00-07:00,2025-03-24 08:05:58+00:00,0.9449997196498963
507311,109788973099970019996072517823266794542154906066004680247007602517078576240900,1,No,no,2025-03-24 12:00:00+00:00,2025_03_24_open_0500_PT,2025-03-24 05:00:00-07:00,2025-01-29 21:39:28+00:00,0.999
523420,110303218457795832861589414223072133732424840017074962598980991451216787898529,0,Yes,yes,2025-03-24 12:00:00+00:00,2025_03_24_open_0500_PT,2025-03-24 05:00:00-07:00,2025-03-24 07:09:41+00:00,0.3699999978821163
523420,110513468504414111967623727967802735681305040958967125800368195228103949451183,1,No,no,2025-03-24 12:00:00+00:00,2025_03_24_open_0500_PT,2025-03-24 05:00:00-07:00,2025-03-24 07:09:41+00:00,0.6300000021178837
523198,111048886296924495129741424280092672064807186679410610865674623733591163627018,1,No,no,2025-03-24 12:00:00+00:00,2025_03_24_open_0500_PT,2025-03-24 05:00:00-07:00,2025-03-20 20:44:05+00:00,0.9399999962399888
522056,111817814065148789668110176254570458287510111700931938757952739120253070676417,1,No,no,2025-03-24 12:00:00+00:00,2025_03_24_open_0500_PT,2025-03-24 05:00:00-07:00,2025-03-24 09:34:48+00:00,0.48000005093879133
516315,112686805416681376426848642516954883318316273962669944235801308401883591913314,1,No,no,2025-03-24 12:00:00+00:00,2025_03_24_open_0500_PT,2025-03-24 05:00:00-07:00,2025-03-24 11:35:38+00:00,0.95
519844,115151921832306680160638545362939767099400757097903129602011054222202727203606,1,No,no,2025-03-24 12:00:00+00:00,2025_03_24_open_0500_PT,2025-03-24 05:00:00-07:00,2025-02-28 20:07:00+00:00,0.001
524143,1179039883486402183499490082435825463500517700553032674433043579228770785112,0,Yes,yes,2025-03-24 12:00:00+00:00,2025_03_24_open_0500_PT,2025-03-24 05:00:00-07:00,2025-03-24 10:31:24+00:00,0.11
525437,12198166341436727947405729209814148041740036263965322192437253954048906701116,0,Yes,yes,2025-03-24 12:00:00+00:00,2025_03_24_open_0500_PT,2025-03-24 05:00:00-07:00,2025-03-05 19:01:37+00:00,0.99
521100,14990029861718662869816237869973544862792282285138092644462921007650993247380,0,Yes,yes,2025-03-24 12:00:00+00:00,2025_03_24_open_0500_PT,2025-03-24 05:00:00-07:00,2025-03-12 20:16:21+00:00,0.999
516719,15974786252393396629980467963784550802583781222733347534844974829144359265969,0,Yes,yes,2025-03-24 12:00:00+00:00,2025_03_24_open_0500_PT,2025-03-24 05:00:00-07:00,2025-03-24 11:57:58+00:00,0.7
527081,17189149212865445714213344530377307644873493103595435170459256971807866915825,1,No,no,2025-03-24 12:00:00+00:00,2025_03_24_open_0500_PT,2025-03-24 05:00:00-07:00,2025-03-24 11:53:06+00:00,0.74
525442,17526688879266974475993857941710252477836369992267558391595367358065513215277,1,No,no,2025-03-24 12:00:00+00:00,2025_03_24_open_0500_PT,2025-03-24 05:00:00-07:00,2025-03-05 19:00:49+00:00,0.999
523198,17636133037698655711537839367918666335877935696344385855077943944327611242596,0,Yes,yes,2025-03-24 12:00:00+00:00,2025_03_24_open_0500_PT,2025-03-24 05:00:00-07:00,2025-03-20 20:44:05+00:00,0.060000003760011265
518890,1820990530457734990844221236379424325571531338274179313320944848555296238885,0,Yes,yes,2025-03-24 12:00:00+00:00,2025_03_24_open_0500_PT,2025-03-24 05:00:00-07:00,2025-03-23 21:38:04+00:00,0.16
521603,18833065283746804110550289341323864262410877417777323132151715138616977528841,0,Yes,yes,2025-03-24 12:00:00+00:00,2025_03_24_open_0500_PT,2025-03-24 05:00:00-07:00,2025-03-24 11:59:36+00:00,0.025
518890,19787433176606062103363478006507471735790167880416910771642279209812633663344,1,No,no,2025-03-24 12:00:00+00:00,2025_03_24_open_0500_PT,2025-03-24 05:00:00-07:00,2025-03-19 06:52:28+00:00,0.84
523343,22255463452594162709449800579658835371746668793825841462318307382376621533755,0,Yes,yes,2025-03-24 12:00:00+00:00,2025_03_24_open_0500_PT,2025-03-24 05:00:00-07:00,2025-03-24 07:24:05+00:00,0.6
527279,22752183918002848078277748029145662550669719932108767430775139318472934671798,1,No,no,2025-03-24 12:00:00+00:00,2025_03_24_open_0500_PT,2025-03-24 05:00:00-07:00,2025-03-12 20:16:11+00:00,0.002
524021,22814991468805556116471270417641782171550309851492637070422109257339804109572,1,No,no,2025-03-24 12:00:00+00:00,2025_03_24_open_0500_PT,2025-03-24 05:00:00-07:00,2025-03-24 06:45:11+00:00,0.66
524292,23363560824318474668781482335102625289561748638527872548758492627125630990827,0,Yes,yes,2025-03-24 12:00:00+00:00,2025_03_24_open_0500_PT,2025-03-24 05:00:00-07:00,2025-03-24 11:38:16+00:00,0.16
521026,23632768753333496327246137884794918423597173479688585307138116345069085580247,1,No,no,2025-03-24 12:00:00+00:00,2025_03_24_open_0500_PT,2025-03-24 05:00:00-07:00,2025-03-24 10:23:44+00:00,0.32
516189,25301545985889508293321782755434072371936771538975200674445139222395623272851,1,No,no,2025-03-24 12:00:00+00:00,2025_03_24_open_0500_PT,2025-03-24 05:00:00-07:00,2025-03-20 16:19:18+00:00,0.97
516143,25742247876332768458781360292043764039507900813404980298479194684402595556451,0,Yes,yes,2025-03-24 12:00:00+00:00,2025_03_24_open_0500_PT,2025-03-24 05:00:00-07:00,2025-03-24 11:08:50+00:00,0.1699999870799997
516190,27706044619360761256387697290478189707563660684659877077148428665563431908215,1,No,no,2025-03-24 12:00:00+00:00,2025_03_24_open_0500_PT,2025-03-24 05:00:00-07:00,2025-03-23 13:09:01+00:00,0.037000000746325486
525231,27854589915558666949911110700107109304807510472832754346848714713106576041207,0,Yes,yes,2025-03-24 12:00:00+00:00,2025_03_24_open_0500_PT,2025-03-24 05:00:00-07:00,2025-03-23 19:21:00+00:00,0.08
521025,28414938735362964078307100001374150957816395319940009652318455849499629150252,1,No,no,2025-03-24 12:00:00+00:00,2025_03_24_open_0500_PT,2025-03-24 05:00:00-07:00,2025-03-24 11:40:26+00:00,0.67
525232,31566724138998405553508313449766802786847999037726188458982786371622924711878,1,No,no,2025-03-24 12:00:00+00:00,2025_03_24_open_0500_PT,2025-03-24 05:00:00-07:00,2025-03-24 11:53:58+00:00,0.76
524143,32156304147657186738936334568719617978558036247795210919856751006394161293073,1,No,no,2025-03-24 12:00:00+00:00,2025_03_24_open_0500_PT,2025-03-24 05:00:00-07:00,2025-03-24 02:34:52+00:00,0.89
526861,32921044856076201189154703786849418887213408387521621721061527935861828024828,0,Yes,yes,2025-03-24 12:00:00+00:00,2025_03_24_open_0500_PT,2025-03-24 05:00:00-07:00,2025-03-24 09:47:26+00:00,0.68
527278,33787629600621860180939604657495798919073059313987957113657471584613393310606,1,No,no,2025-03-24 12:00:00+00:00,2025_03_24_open_0500_PT,2025-03-24 05:00:00-07:00,2025-03-14 17:08:09+00:00,0.001
521499,37809713000353368658683984822433912106052732096671571646866650191133502648634,1,No,no,2025-03-24 12:00:00+00:00,2025_03_24_open_0500_PT,2025-03-24 05:00:00-07:00,2025-03-12 20:16:29+00:00,0.001
519628,37946704943888888914227612417452623974614267503719043957094985529354395995926,1,No,no,2025-03-24 12:00:00+00:00,2025_03_24_open_0500_PT,2025-03-24 05:00:00-07:00,2025-03-24 11:13:36+00:00,0.52
517693,38028235049989289118991891250017423701902844342596888644757673357241176888913,1,No,no,2025-03-24 12:00:00+00:00,2025_03_24_open_0500_PT,2025-03-24 05:00:00-07:00,2025-03-22 20:49:30+00:00,0.89209995800084
522057,39073221701552764059446410725782004011128353041681427534414147663135223634260,1,No,no,2025-03-24 12:00:00+00:00,2025_03_24_open_0500_PT,2025-03-24 05:00:00-07:00,2025-03-24 10:07:18+00:00,0.7799999995319999
519628,39327269875426915204597944387916069897800289788920336317845465327697809453999,0,Yes,yes,2025-03-24 12:00:00+00:00,2025_03_24_open_0500_PT,2025-03-24 05:00:00-07:00,2025-03-24 10:33:32+00:00,0.48
527279,40001158490980829331315202760805197309678407198352511114569399283632572307422,0,Yes,yes,2025-03-24 12:00:00+00:00,2025_03_24_open_0500_PT,2025-03-24 05:00:00-07:00,2025-03-12 20:19:55+00:00,0.998
521103,40643730425995007653653846322257326466291751148478865541862332040512398068473,1,No,no,2025-03-24 12:00:00+00:00,2025_03_24_open_0500_PT,2025-03-24 05:00:00-07:00,2025-03-21 15:03:01+00:00,0.88999995549998
519844,40914113765279699847589045742755525912767460490196542143342551731171071232917,0,Yes,yes,2025-03-24 12:00:00+00:00,2025_03_24_open_0500_PT,2025-03-24 05:00:00-07:00,2025-02-28 20:07:00+00:00,0.999
516719,42351579455604873042957090441032286075880144797259231030267680078160718556927,1,No,no,2025-03-24 12:00:00+00:00,2025_03_24_open_0500_PT,2025-03-24 05:00:00-07:00,2025-03-24 11:57:58+00:00,0.3
523413,4274339277583331170231436480507835882687434608350779078862983050349942696879,1,No,no,2025-03-24 12:00:00+00:00,2025_03_24_open_0500_PT,2025-03-24 05:00:00-07:00,2025-03-23 09:38:19+00:00,0.85
521100,42807705713627033072721560874549512720856774493986139163714965545915531235572,1,No,no,2025-03-24 12:00:00+00:00,2025_03_24_open_0500_PT,2025-03-24 05:00:00-07:00,2025-03-12 20:16:21+00:00,0.001
524147,43469326409739858395690572881501444443817974097672167644298447954120789600137,0,Yes,yes,2025-03-24 12:00:00+00:00,2025_03_24_open_0500_PT,2025-03-24 05:00:00-07:00,2025-02-28 06:17:16+00:00,0.9988821436653187
518889,44380686214454472779171256638293817778327849773706779670665516622038269778385,1,No,no,2025-03-24 12:00:00+00:00,2025_03_24_open_0500_PT,2025-03-24 05:00:00-07:00,2025-03-23 11:06:21+00:00,0.68
517073,46900460840406661483474634104595482418501684854096906918305683910102403871123,0,Yes,yes,2025-03-24 12:00:00+00:00,2025_03_24_open_0500_PT,2025-03-24 05:00:00-07:00,2025-03-22 13:48:39+00:00,0.21999985479995063
523413,46975241878566226675389813084558441099978633579735672808077735156890286559886,0,Yes,yes,2025-03-24 12:00:00+00:00,2025_03_24_open_0500_PT,2025-03-24 05:00:00-07:00,2025-03-23 09:38:19+00:00,0.15
521499,47692708638309429756044208432818720002044706296619873136468383174493259480485,0,Yes,yes,2025-03-24 12:00:00+00:00,2025_03_24_open_0500_PT,2025-03-24 05:00:00-07:00,2025-03-12 20:16:29+00:00,0.999
522057,48477409091695386761559202853239391470463303066983260592312960625658563043275,0,Yes,yes,2025-03-24 12:00:00+00:00,2025_03_24_open_0500_PT,2025-03-24 05:00:00-07:00,2025-03-24 10:06:18+00:00,0.23
521026,49473000926194462184545427213242554383104595845909786504578023251386790224858,0,Yes,yes,2025-03-24 12:00:00+00:00,2025_03_24_open_0500_PT,2025-03-24 05:00:00-07:00,2025-03-24 10:23:44+00:00,0.68
507984,50284187941943469569202009194355917949339120733469101749033950310686959468007,0,Yes,yes,2025-03-24 12:00:00+00:00,2025_03_24_open_0500_PT,2025-03-24 05:00:00-07:00,2024-12-12 21:27:58+00:00,0.002
521025,50391907985844971368730434370554275352555306650304559981296724287110163889372,0,Yes,yes,2025-03-24 12:00:00+00:00,2025_03_24_open_0500_PT,2025-03-24 05:00:00-07:00,2025-03-24 09:43:10+00:00,0.32
527032,52520991936301939851844268554264807330714499642654844594240746592838266792432,1,No,no,2025-03-24 12:00:00+00:00,2025_03_24_open_0500_PT,2025-03-24 05:00:00-07:00,2025-03-11 19:15:04+00:00,0.999
524348,52960782840877996381169383667062216635147767148703288363719115614339176853095,0,Yes,yes,2025-03-24 12:00:00+00:00,2025_03_24_open_0500_PT,2025-03-24 05:00:00-07:00,2025-02-25 19:54:41+00:00,0.001
522878,5442743401928862894180841736263512191564084389996775978514134400673743050598,0,Putin,putin,2025-03-24 12:00:00+00:00,2025_03_24_open_0500_PT,2025-03-24 05:00:00-07:00,2025-02-28 20:00:10+00:00,0.001
522878,55264189025055373090161890959631464405045385380191735792739072809428026021736,1,Zelenskyy,zelenskyy,2025-03-24 12:00:00+00:00,2025_03_24_open_0500_PT,2025-03-24 05:00:00-07:00,2025-02-28 20:00:10+00:00,0.999
523197,55509409310784585364116971076570089959207228118269642206238982520364239944605,1,No,no,2025-03-24 12:00:00+00:00,2025_03_24_open_0500_PT,2025-03-24 05:00:00-07:00,2025-03-24 10:59:28+00:00,0.972
516187,56333219586489855674685549932194420713208928308331628771337419037140355178076,0,Yes,yes,2025-03-24 12:00:00+00:00,2025_03_24_open_0500_PT,2025-03-24 05:00:00-07:00,2025-03-23 10:28:51+00:00,0.04
523343,57160884655103428512814247631012981773015723019889832549493437551469480061242,1,No,no,2025-03-24 12:00:00+00:00,2025_03_24_open_0500_PT,2025-03-24 05:00:00-07:00,2025-03-24 00:51:23+00:00,0.38
516715,5802460671946751538636185453975614627729230853286731735057811449821051691611,0,Yes,yes,2025-03-24 12:00:00+00:00,2025_03_24_open_0500_PT,2025-03-24 05:00:00-07:00,2025-03-24 01:32:33+00:00,0.060000003760011265
522895,62643694748826312587911382162440534823433709821141516597510649054633548502810,0,Yes,yes,2025-03-24 12:00:00+00:00,2025_03_24_open_0500_PT,2025-03-24 05:00:00-07:00,2025-03-23 20:02:20+00:00,0.34
519736,63894828884807366836211275957245556698359823645556214866812004935138375830618,0,Yes,yes,2025-03-24 12:00:00+00:00,2025_03_24_open_0500_PT,2025-03-24 05:00:00-07:00,2025-03-24 06:29:01+00:00,0.06447826086956522
524147,6436214359665115810717148929293436681245885613476937891713590935932389735242,1,No,no,2025-03-24 12:00:00+00:00,2025_03_24_open_0500_PT,2025-03-24 05:00:00-07:00,2025-02-28 06:17:16+00:00,0.001
525157,64545313588399663482682286511585103428301403511234717343459455007091083337075,1,No,no,2025-03-24 12:00:00+00:00,2025_03_24_open_0500_PT,2025-03-24 05:00:00-07:00,2025-03-22 18:23:46+00:00,0.75
524291,6456202668171707900880212750943570928813250356351945554332572852984770395210,1,No,no,2025-03-24 12:00:00+00:00,2025_03_24_open_0500_PT,2025-03-24 05:00:00-07:00,2025-03-23 21:02:32+00:00,0.9
526861,65449845407755668776897976670879705991692250175624922195548093200952844680115,1,No,no,2025-03-24 12:00:00+00:00,2025_03_24_open_0500_PT,2025-03-24 05:00:00-07:00,2025-03-24 09:47:26+00:00,0.32
524285,65482627758879803524003778479202246178420046841505286705606240559010331503838,0,Yes,yes,2025-03-24 12:00:00+00:00,2025_03_24_open_0500_PT,2025-03-24 05:00:00-07:00,2025-03-24 10:46:52+00:00,0.41
526814,65961864506371256053813328069691531595710124813443748296296270747497043580971,1,No,no,2025-03-24 12:00:00+00:00,2025_03_24_open_0500_PT,2025-03-24 05:00:00-07:00,2025-03-24 11:33:38+00:00,0.58
522895,66339636783489562244427406324835042611372608866942882907689045655663784195972,1,No,no,2025-03-24 12:00:00+00:00,2025_03_24_open_0500_PT,2025-03-24 05:00:00-07:00,2025-03-24 07:15:13+00:00,0.6699999731999944
524145,66356062315875533075062405949409720397580573066885585702377343083606583765118,0,Yes,yes,2025-03-24 12:00:00+00:00,2025_03_24_open_0500_PT,2025-03-24 05:00:00-07:00,2025-02-28 18:42:39+00:00,0.999
524310,6800060988333615171942817578522303119129729510028069894794248047438283072436,1,No,no,2025-03-24 12:00:00+00:00,2025_03_24_open_0500_PT,2025-03-24 05:00:00-07:00,2025-03-24 08:34:40+00:00,0.30806812262424327
507984,68914504833157616843053838732988841773228477730246651549660144444755511574372,1,No,no,2025-03-24 12:00:00+00:00,2025_03_24_open_0500_PT,2025-03-24 05:00:00-07:00,2024-12-12 21:27:58+00:00,0.998
517693,69226537548379102137110260910766942274764101034650179979960227372969528243604,0,Yes,yes,2025-03-24 12:00:00+00:00,2025_03_24_open_0500_PT,2025-03-24 05:00:00-07:00,2025-03-12 21:00:11+00:00,0.12
521041,70920939650366426146836696994150938025168677239124917474200404356093431153260,1,No,no,2025-03-24 12:00:00+00:00,2025_03_24_open_0500_PT,2025-03-24 05:00:00-07:00,2025-03-24 07:38:21+00:00,0.9299999992559999
516189,71685983838843709915160975671540060908877886707703474939962098991499689519711,0,Yes,yes,2025-03-24 12:00:00+00:00,2025_03_24_open_0500_PT,2025-03-24 05:00:00-07:00,2025-03-20 14:16:20+00:00,0.029
525232,73663957466489274595176785305097386128325404078001917490010407904837134882577,0,Yes,yes,2025-03-24 12:00:00+00:00,2025_03_24_open_0500_PT,2025-03-24 05:00:00-07:00,2025-03-24 11:53:58+00:00,0.24
524348,73984012795437798473481687953253285098754321969692105101879063972760068638228,1,No,no,2025-03-24 12:00:00+00:00,2025_03_24_open_0500_PT,2025-03-24 05:00:00-07:00,2025-02-25 19:54:41+00:00,0.999
525157,74129046843921940913413587682588886122583847748489066762857187137233978267670,0,Yes,yes,2025-03-24 12:00:00+00:00,2025_03_24_open_0500_PT,2025-03-24 05:00:00-07:00,2025-03-22 18:23:46+00:00,0.25
519048,74534059827731044353009484655251717921023956616694121520435859117169009979824,0,Yes,yes,2025-03-24 12:00:00+00:00,2025_03_24_open_0500_PT,2025-03-24 05:00:00-07:00,2025-03-24 10:22:00+00:00,0.1199999996020529
524477,75533964938719028696952998369094361524498526879485856631877081096914627658644,1,No,no,2025-03-24 12:00:00+00:00,2025_03_24_open_0500_PT,2025-03-24 05:00:00-07:00,2025-03-24 09:45:00+00:00,0.95
518889,76417393963448037479806799796874747547221511591996743269503725518742470496274,0,Yes,yes,2025-03-24 12:00:00+00:00,2025_03_24_open_0500_PT,2025-03-24 05:00:00-07:00,2025-03-24 02:04:43+00:00,0.3
523197,76517872896411850784270344965682992803318434169987777444136970978963357739156,0,Yes,yes,2025-03-24 12:00:00+00:00,2025_03_24_open_0500_PT,2025-03-24 05:00:00-07:00,2025-03-24 09:33:22+00:00,0.022
519048,76643504232063200802060773779828726415087044269171506931668031354693251545396,1,No,no,2025-03-24 12:00:00+00:00,2025_03_24_open_0500_PT,2025-03-24 05:00:00-07:00,2025-03-24 11:37:22+00:00,0.89
527278,76683579252562835143863542840343898007243510337054657506558517873008498105093,0,Yes,yes,2025-03-24 12:00:00+00:00,2025_03_24_open_0500_PT,2025-03-24 05:00:00-07:00,2025-03-14 17:08:09+00:00,0.999
516187,76896069667756716472035601301016783496873889454464161011234150458037478069918,1,No,no,2025-03-24 12:00:00+00:00,2025_03_24_open_0500_PT,2025-03-24 05:00:00-07:00,2025-03-23 10:28:51+00:00,0.96
517073,78869803177078589287716771530665317651497156168734051494454473188006845916520,1,No,no,2025-03-24 12:00:00+00:00,2025_03_24_open_0500_PT,2025-03-24 05:00:00-07:00,2025-03-24 04:35:05+00:00,0.8
522894,81020312652589627285197771109762839746287006928172707150877539028691834065212,0,Yes,yes,2025-03-24 12:00:00+00:00,2025_03_24_open_0500_PT,2025-03-24 05:00:00-07:00,2025-03-22 15:44:02+00:00,0.06
524310,82246973513888061559569421022652964687465272762066736721360354291228748283806,0,Yes,yes,2025-03-24 12:00:00+00:00,2025_03_24_open_0500_PT,2025-03-24 05:00:00-07:00,2025-03-24 08:34:40+00:00,0.72
516190,83080252071092689902932666850490074811760131055025811650818073654402601835484,0,Yes,yes,2025-03-24 12:00:00+00:00,2025_03_24_open_0500_PT,2025-03-24 05:00:00-07:00,2025-03-24 08:41:56+00:00,0.96
521041,83524440200143860657028178945801858366378129256359488825050609853223919531809,0,Yes,yes,2025-03-24 12:00:00+00:00,2025_03_24_open_0500_PT,2025-03-24 05:00:00-07:00,2025-03-24 07:38:21+00:00,0.07000000074400017
524477,83547673164506671794819260938344653989875088069034224812175182562166039721574,0,Yes,yes,2025-03-24 12:00:00+00:00,2025_03_24_open_0500_PT,2025-03-24 05:00:00-07:00,2025-03-24 09:45:00+00:00,0.05
525231,83742739530586820493605246339344277590673217105618245459443915506041800643469,1,No,no,2025-03-24 12:00:00+00:00,2025_03_24_open_0500_PT,2025-03-24 05:00:00-07:00,2025-03-24 09:18:30+00:00,0.91
510319,84888738552927367074645370589243532246434846262240067551074642775011167355434,0,Yes,yes,2025-03-24 12:00:00+00:00,2025_03_24_open_0500_PT,2025-03-24 05:00:00-07:00,2025-03-24 11:55:24+00:00,0.15
527081,85329416514471004297478005149625146014624743562622421967455557722819447174298,0,Yes,yes,2025-03-24 12:00:00+00:00,2025_03_24_open_0500_PT,2025-03-24 05:00:00-07:00,2025-03-24 11:53:06+00:00,0.26
526229,86304131703011980721755979925817881408007934797292837200662297834354514178950,1,No,no,2025-03-24 12:00:00+00:00,2025_03_24_open_0500_PT,2025-03-24 05:00:00-07:00,2025-03-23 19:45:38+00:00,0.973
510319,86857783363775257860227917708309268561005168570896999677788731255030014967896,1,No,no,2025-03-24 12:00:00+00:00,2025_03_24_open_0500_PT,2025-03-24 05:00:00-07:00,2025-03-24 11:55:24+00:00,0.85
526229,88551081062941956754624270296481102277138087249231124901142839087117648363109,0,Yes,yes,2025-03-24 12:00:00+00:00,2025_03_24_open_0500_PT,2025-03-24 05:00:00-07:00,2025-03-24 09:35:12+00:00,0.024734
524292,9014695769446700891659134648259488341557414914618690658701879241952037527074,1,No,no,2025-03-24 12:00:00+00:00,2025_03_24_open_0500_PT,2025-03-24 05:00:00-07:00,2025-03-24 11:38:16+00:00,0.84
527032,90544185197348445762400462367487730947998989538649021442756705113012034127717,0,Yes,yes,2025-03-24 12:00:00+00:00,2025_03_24_open_0500_PT,2025-03-24 05:00:00-07:00,2025-03-11 17:55:03+00:00,0.01
516315,9252583647094848244431316973245869222379640287360099162283052699401101960353,0,Yes,yes,2025-03-24 12:00:00+00:00,2025_03_24_open_0500_PT,2025-03-24 05:00:00-07:00,2025-03-24 11:35:38+00:00,0.05
516143,95786924372760057572092804419385993470890190892343223404877167501659835222533,1,No,no,2025-03-24 12:00:00+00:00,2025_03_24_open_0500_PT,2025-03-24 05:00:00-07:00,2025-03-24 11:08:50+00:00,0.8300000129200004
522056,96601928894191559916157952751631886797424000157973909225754084049773554405468,0,Yes,yes,2025-03-24 12:00:00+00:00,2025_03_24_open_0500_PT,2025-03-24 05:00:00-07:00,2025-03-24 11:42:42+00:00,0.5027792620405805
527005,96618036676034164847772351078297997221316377064022855127438030193903015078566,1,No,no,2025-03-24 12:00:00+00:00,2025_03_24_open_0500_PT,2025-03-24 05:00:00-07:00,2025-03-22 05:17:52+00:00,0.86
524021,97262919156133260921887403057581420516585464065308475066791456615017669503669,0,Yes,yes,2025-03-24 12:00:00+00:00,2025_03_24_open_0500_PT,2025-03-24 05:00:00-07:00,2025-03-24 06:45:11+00:00,0.34
527005,100121345789532362055123879793212027312379236056429540221720415709850532973373,0,Yes,yes,2025-03-25 00:00:00+00:00,2025_03_24_close_1700_PT,2025-03-24 17:00:00-07:00,2025-03-24 18:22:28+00:00,0.16
507311,102006319303460238827563664446951754516041393632850360444322469125777577388771,0,Yes,yes,2025-03-25 00:00:00+00:00,2025_03_24_close_1700_PT,2025-03-24 17:00:00-07:00,2025-01-29 21:39:28+00:00,0.001
524145,102062916030133807330186342894442541205582789480933958339342744794892413850627,1,No,no,2025-03-25 00:00:00+00:00,2025_03_24_close_1700_PT,2025-03-24 17:00:00-07:00,2025-02-28 16:13:57+00:00,0.001
525437,10316592426452860464899722692398677096383513371344164830735417650138017205817,1,No,no,2025-03-25 00:00:00+00:00,2025_03_24_close_1700_PT,2025-03-24 17:00:00-07:00,2025-03-05 19:01:37+00:00,0.01
521103,103909253011351322759892776638669457027523901655815490042130382730360706229706,0,Yes,yes,2025-03-25 00:00:00+00:00,2025_03_24_close_1700_PT,2025-03-24 17:00:00-07:00,2025-03-21 09:54:47+00:00,0.1299999789399992
516715,104795148936930645520469554178353538587130154145659561962269514319642274480768,1,No,no,2025-03-25 00:00:00+00:00,2025_03_24_close_1700_PT,2025-03-24 17:00:00-07:00,2025-03-24 01:32:33+00:00,0.9399999962399888
526814,105039045108735350701067761926660919174556796573940954887933194396971464305066,0,Yes,yes,2025-03-25 00:00:00+00:00,2025_03_24_close_1700_PT,2025-03-24 17:00:00-07:00,2025-03-24 23:55:14+00:00,0.42
524291,106785705064968660332067023300536266535388124753272914243541205698423062856246,0,Yes,yes,2025-03-25 00:00:00+00:00,2025_03_24_close_1700_PT,2025-03-24 17:00:00-07:00,2025-03-24 15:20:56+00:00,0.11999999519999995
524285,107643187201000404038693592426566378917534508353468263334674357442312114112510,1,No,no,2025-03-25 00:00:00+00:00,2025_03_24_close_1700_PT,2025-03-24 17:00:00-07:00,2025-03-24 22:16:02+00:00,0.6
525442,108057916747365167542504013787062021441684619476265070483570121865318046932052,0,Yes,yes,2025-03-25 00:00:00+00:00,2025_03_24_close_1700_PT,2025-03-24 17:00:00-07:00,2025-03-05 19:00:49+00:00,0.001
521603,108064859672314536571175804798614410280877635973727667622803804179444259690672,1,No,no,2025-03-25 00:00:00+00:00,2025_03_24_close_1700_PT,2025-03-24 17:00:00-07:00,2025-03-24 23:56:44+00:00,0.976
522894,108303820542127194670275571355095079674537367635794408292209711330192187534707,1,No,no,2025-03-25 00:00:00+00:00,2025_03_24_close_1700_PT,2025-03-24 17:00:00-07:00,2025-03-22 21:26:14+00:00,0.9399999806777771
519736,108331518505056537403722461966654684743488871885239753047834907734450664515452,1,No,no,2025-03-25 00:00:00+00:00,2025_03_24_close_1700_PT,2025-03-24 17:00:00-07:00,2025-03-24 08:05:58+00:00,0.9449997196498963
507311,109788973099970019996072517823266794542154906066004680247007602517078576240900,1,No,no,2025-03-25 00:00:00+00:00,2025_03_24_close_1700_PT,2025-03-24 17:00:00-07:00,2025-01-29 21:39:28+00:00,0.999
523420,110303218457795832861589414223072133732424840017074962598980991451216787898529,0,Yes,yes,2025-03-25 00:00:00+00:00,2025_03_24_close_1700_PT,2025-03-24 17:00:00-07:00,2025-03-24 15:47:58+00:00,0.4100000727667062
523420,110513468504414111967623727967802735681305040958967125800368195228103949451183,1,No,no,2025-03-25 00:00:00+00:00,2025_03_24_close_1700_PT,2025-03-24 17:00:00-07:00,2025-03-24 15:47:58+00:00,0.5899999272332938
523198,111048886296924495129741424280092672064807186679410610865674623733591163627018,1,No,no,2025-03-25 00:00:00+00:00,2025_03_24_close_1700_PT,2025-03-24 17:00:00-07:00,2025-03-20 20:44:05+00:00,0.9399999962399888
522056,111817814065148789668110176254570458287510111700931938757952739120253070676417,1,No,no,2025-03-25 00:00:00+00:00,2025_03_24_close_1700_PT,2025-03-24 17:00:00-07:00,2025-03-24 20:04:10+00:00,0.51
516315,112686805416681376426848642516954883318316273962669944235801308401883591913314,1,No,no,2025-03-25 00:00:00+00:00,2025_03_24_close_1700_PT,2025-03-24 17:00:00-07:00,2025-03-24 22:51:40+00:00,0.947
519844,115151921832306680160638545362939767099400757097903129602011054222202727203606,1,No,no,2025-03-25 00:00:00+00:00,2025_03_24_close_1700_PT,2025-03-24 17:00:00-07:00,2025-02-28 20:07:00+00:00,0.001
524143,1179039883486402183499490082435825463500517700553032674433043579228770785112,0,Yes,yes,2025-03-25 00:00:00+00:00,2025_03_24_close_1700_PT,2025-03-24 17:00:00-07:00,2025-03-24 19:58:06+00:00,0.1
525437,12198166341436727947405729209814148041740036263965322192437253954048906701116,0,Yes,yes,2025-03-25 00:00:00+00:00,2025_03_24_close_1700_PT,2025-03-24 17:00:00-07:00,2025-03-05 19:01:37+00:00,0.99
521100,14990029861718662869816237869973544862792282285138092644462921007650993247380,0,Yes,yes,2025-03-25 00:00:00+00:00,2025_03_24_close_1700_PT,2025-03-24 17:00:00-07:00,2025-03-12 20:16:21+00:00,0.999
516719,15974786252393396629980467963784550802583781222733347534844974829144359265969,0,Yes,yes,2025-03-25 00:00:00+00:00,2025_03_24_close_1700_PT,2025-03-24 17:00:00-07:00,2025-03-24 23:51:34+00:00,0.6899999951699998
527081,17189149212865445714213344530377307644873493103595435170459256971807866915825,1,No,no,2025-03-25 00:00:00+00:00,2025_03_24_close_1700_PT,2025-03-24 17:00:00-07:00,2025-03-24 15:56:14+00:00,0.6999999766666597
525442,17526688879266974475993857941710252477836369992267558391595367358065513215277,1,No,no,2025-03-25 00:00:00+00:00,2025_03_24_close_1700_PT,2025-03-24 17:00:00-07:00,2025-03-05 19:00:49+00:00,0.999
523198,17636133037698655711537839367918666335877935696344385855077943944327611242596,0,Yes,yes,2025-03-25 00:00:00+00:00,2025_03_24_close_1700_PT,2025-03-24 17:00:00-07:00,2025-03-24 20:32:50+00:00,0.06
518890,1820990530457734990844221236379424325571531338274179313320944848555296238885,0,Yes,yes,2025-03-25 00:00:00+00:00,2025_03_24_close_1700_PT,2025-03-24 17:00:00-07:00,2025-03-23 21:38:04+00:00,0.16
521603,18833065283746804110550289341323864262410877417777323132151715138616977528841,0,Yes,yes,2025-03-25 00:00:00+00:00,2025_03_24_close_1700_PT,2025-03-24 17:00:00-07:00,2025-03-24 23:56:44+00:00,0.024
518890,19787433176606062103363478006507471735790167880416910771642279209812633663344,1,No,no,2025-03-25 00:00:00+00:00,2025_03_24_close_1700_PT,2025-03-24 17:00:00-07:00,2025-03-19 06:52:28+00:00,0.84
523343,22255463452594162709449800579658835371746668793825841462318307382376621533755,0,Yes,yes,2025-03-25 00:00:00+00:00,2025_03_24_close_1700_PT,2025-03-24 17:00:00-07:00,2025-03-24 15:18:10+00:00,0.6299999975911763
527279,22752183918002848078277748029145662550669719932108767430775139318472934671798,1,No,no,2025-03-25 00:00:00+00:00,2025_03_24_close_1700_PT,2025-03-24 17:00:00-07:00,2025-03-12 20:16:11+00:00,0.002
524021,22814991468805556116471270417641782171550309851492637070422109257339804109572,1,No,no,2025-03-25 00:00:00+00:00,2025_03_24_close_1700_PT,2025-03-24 17:00:00-07:00,2025-03-24 20:10:04+00:00,0.6299999914949993
524292,23363560824318474668781482335102625289561748638527872548758492627125630990827,0,Yes,yes,2025-03-25 00:00:00+00:00,2025_03_24_close_1700_PT,2025-03-24 17:00:00-07:00,2025-03-24 14:16:12+00:00,0.1699999758599986
521026,23632768753333496327246137884794918423597173479688585307138116345069085580247,1,No,no,2025-03-25 00:00:00+00:00,2025_03_24_close_1700_PT,2025-03-24 17:00:00-07:00,2025-03-24 20:01:18+00:00,0.3599999920799998
516189,25301545985889508293321782755434072371936771538975200674445139222395623272851,1,No,no,2025-03-25 00:00:00+00:00,2025_03_24_close_1700_PT,2025-03-24 17:00:00-07:00,2025-03-20 16:19:18+00:00,0.97
516143,25742247876332768458781360292043764039507900813404980298479194684402595556451,0,Yes,yes,2025-03-25 00:00:00+00:00,2025_03_24_close_1700_PT,2025-03-24 17:00:00-07:00,2025-03-24 22:22:12+00:00,0.16
516190,27706044619360761256387697290478189707563660684659877077148428665563431908215,1,No,no,2025-03-25 00:00:00+00:00,2025_03_24_close_1700_PT,2025-03-24 17:00:00-07:00,2025-03-23 13:09:01+00:00,0.037000000746325486
525231,27854589915558666949911110700107109304807510472832754346848714713106576041207,0,Yes,yes,2025-03-25 00:00:00+00:00,2025_03_24_close_1700_PT,2025-03-24 17:00:00-07:00,2025-03-23 19:21:00+00:00,0.08
521025,28414938735362964078307100001374150957816395319940009652318455849499629150252,1,No,no,2025-03-25 00:00:00+00:00,2025_03_24_close_1700_PT,2025-03-24 17:00:00-07:00,2025-03-24 22:05:52+00:00,0.67
525232,31566724138998405553508313449766802786847999037726188458982786371622924711878,1,No,no,2025-03-25 00:00:00+00:00,2025_03_24_close_1700_PT,2025-03-24 17:00:00-07:00,2025-03-24 20:18:08+00:00,0.72
524143,32156304147657186738936334568719617978558036247795210919856751006394161293073,1,No,no,2025-03-25 00:00:00+00:00,2025_03_24_close_1700_PT,2025-03-24 17:00:00-07:00,2025-03-24 21:48:14+00:00,0.89
526861,32921044856076201189154703786849418887213408387521621721061527935861828024828,0,Yes,yes,2025-03-25 00:00:00+00:00,2025_03_24_close_1700_PT,2025-03-24 17:00:00-07:00,2025-03-24 23:52:38+00:00,0.77
527278,33787629600621860180939604657495798919073059313987957113657471584613393310606,1,No,no,2025-03-25 00:00:00+00:00,2025_03_24_close_1700_PT,2025-03-24 17:00:00-07:00,2025-03-14 17:08:09+00:00,0.001
521499,37809713000353368658683984822433912106052732096671571646866650191133502648634,1,No,no,2025-03-25 00:00:00+00:00,2025_03_24_close_1700_PT,2025-03-24 17:00:00-07:00,2025-03-12 20:16:29+00:00,0.001
519628,37946704943888888914227612417452623974614267503719043957094985529354395995926,1,No,no,2025-03-25 00:00:00+00:00,2025_03_24_close_1700_PT,2025-03-24 17:00:00-07:00,2025-03-24 23:38:30+00:00,0.56
517693,38028235049989289118991891250017423701902844342596888644757673357241176888913,1,No,no,2025-03-25 00:00:00+00:00,2025_03_24_close_1700_PT,2025-03-24 17:00:00-07:00,2025-03-24 19:40:44+00:00,0.89
522057,39073221701552764059446410725782004011128353041681427534414147663135223634260,1,No,no,2025-03-25 00:00:00+00:00,2025_03_24_close_1700_PT,2025-03-24 17:00:00-07:00,2025-03-24 20:47:10+00:00,0.75
519628,39327269875426915204597944387916069897800289788920336317845465327697809453999,0,Yes,yes,2025-03-25 00:00:00+00:00,2025_03_24_close_1700_PT,2025-03-24 17:00:00-07:00,2025-03-24 23:38:30+00:00,0.43611118268689925
527279,40001158490980829331315202760805197309678407198352511114569399283632572307422,0,Yes,yes,2025-03-25 00:00:00+00:00,2025_03_24_close_1700_PT,2025-03-24 17:00:00-07:00,2025-03-12 20:19:55+00:00,0.998
521103,40643730425995007653653846322257326466291751148478865541862332040512398068473,1,No,no,2025-03-25 00:00:00+00:00,2025_03_24_close_1700_PT,2025-03-24 17:00:00-07:00,2025-03-24 16:49:38+00:00,0.8899998071665799
519844,40914113765279699847589045742755525912767460490196542143342551731171071232917,0,Yes,yes,2025-03-25 00:00:00+00:00,2025_03_24_close_1700_PT,2025-03-24 17:00:00-07:00,2025-02-28 20:07:00+00:00,0.999
516719,42351579455604873042957090441032286075880144797259231030267680078160718556927,1,No,no,2025-03-25 00:00:00+00:00,2025_03_24_close_1700_PT,2025-03-24 17:00:00-07:00,2025-03-24 23:38:02+00:00,0.3166528240153271
523413,4274339277583331170231436480507835882687434608350779078862983050349942696879,1,No,no,2025-03-25 00:00:00+00:00,2025_03_24_close_1700_PT,2025-03-24 17:00:00-07:00,2025-03-24 15:51:10+00:00,0.8499999716666203
521100,42807705713627033072721560874549512720856774493986139163714965545915531235572,1,No,no,2025-03-25 00:00:00+00:00,2025_03_24_close_1700_PT,2025-03-24 17:00:00-07:00,2025-03-12 20:16:21+00:00,0.001
524147,43469326409739858395690572881501444443817974097672167644298447954120789600137,0,Yes,yes,2025-03-25 00:00:00+00:00,2025_03_24_close_1700_PT,2025-03-24 17:00:00-07:00,2025-02-28 06:17:16+00:00,0.9988821436653187
518889,44380686214454472779171256638293817778327849773706779670665516622038269778385,1,No,no,2025-03-25 00:00:00+00:00,2025_03_24_close_1700_PT,2025-03-24 17:00:00-07:00,2025-03-24 22:25:00+00:00,0.68
517073,46900460840406661483474634104595482418501684854096906918305683910102403871123,0,Yes,yes,2025-03-25 00:00:00+00:00,2025_03_24_close_1700_PT,2025-03-24 17:00:00-07:00,2025-03-22 13:48:39+00:00,0.21999985479995063
523413,46975241878566226675389813084558441099978633579735672808077735156890286559886,0,Yes,yes,2025-03-25 00:00:00+00:00,2025_03_24_close_1700_PT,2025-03-24 17:00:00-07:00,2025-03-24 15:51:10+00:00,0.1500000283333796
521499,47692708638309429756044208432818720002044706296619873136468383174493259480485,0,Yes,yes,2025-03-25 00:00:00+00:00,2025_03_24_close_1700_PT,2025-03-24 17:00:00-07:00,2025-03-12 20:16:29+00:00,0.999
522057,48477409091695386761559202853239391470463303066983260592312960625658563043275,0,Yes,yes,2025-03-25 00:00:00+00:00,2025_03_24_close_1700_PT,2025-03-24 17:00:00-07:00,2025-03-24 20:47:10+00:00,0.25
521026,49473000926194462184545427213242554383104595845909786504578023251386790224858,0,Yes,yes,2025-03-25 00:00:00+00:00,2025_03_24_close_1700_PT,2025-03-24 17:00:00-07:00,2025-03-24 20:01:18+00:00,0.6400007920022176
507984,50284187941943469569202009194355917949339120733469101749033950310686959468007,0,Yes,yes,2025-03-25 00:00:00+00:00,2025_03_24_close_1700_PT,2025-03-24 17:00:00-07:00,2024-12-12 21:27:58+00:00,0.002
521025,50391907985844971368730434370554275352555306650304559981296724287110163889372,0,Yes,yes,2025-03-25 00:00:00+00:00,2025_03_24_close_1700_PT,2025-03-24 17:00:00-07:00,2025-03-24 20:08:30+00:00,0.32999999540357133
527032,52520991936301939851844268554264807330714499642654844594240746592838266792432,1,No,no,2025-03-25 00:00:00+00:00,2025_03_24_close_1700_PT,2025-03-24 17:00:00-07:00,2025-03-11 19:15:04+00:00,0.999
524348,52960782840877996381169383667062216635147767148703288363719115614339176853095,0,Yes,yes,2025-03-25 00:00:00+00:00,2025_03_24_close_1700_PT,2025-03-24 17:00:00-07:00,2025-02-25 19:54:41+00:00,0.001
522878,5442743401928862894180841736263512191564084389996775978514134400673743050598,0,Putin,putin,2025-03-25 00:00:00+00:00,2025_03_24_close_1700_PT,2025-03-24 17:00:00-07:00,2025-02-28 20:00:10+00:00,0.001
522878,55264189025055373090161890959631464405045385380191735792739072809428026021736,1,Zelenskyy,zelenskyy,2025-03-25 00:00:00+00:00,2025_03_24_close_1700_PT,2025-03-24 17:00:00-07:00,2025-02-28 20:00:10+00:00,0.999
523197,55509409310784585364116971076570089959207228118269642206238982520364239944605,1,No,no,2025-03-25 00:00:00+00:00,2025_03_24_close_1700_PT,2025-03-24 17:00:00-07:00,2025-03-24 16:39:58+00:00,0.971
516187,56333219586489855674685549932194420713208928308331628771337419037140355178076,0,Yes,yes,2025-03-25 00:00:00+00:00,2025_03_24_close_1700_PT,2025-03-24 17:00:00-07:00,2025-03-23 10:28:51+00:00,0.04
523343,57160884655103428512814247631012981773015723019889832549493437551469480061242,1,No,no,2025-03-25 00:00:00+00:00,2025_03_24_close_1700_PT,2025-03-24 17:00:00-07:00,2025-03-24 15:18:10+00:00,0.37000000240882364
516715,5802460671946751538636185453975614627729230853286731735057811449821051691611,0,Yes,yes,2025-03-25 00:00:00+00:00,2025_03_24_close_1700_PT,2025-03-24 17:00:00-07:00,2025-03-24 01:32:33+00:00,0.060000003760011265
522895,62643694748826312587911382162440534823433709821141516597510649054633548502810,0,Yes,yes,2025-03-25 00:00:00+00:00,2025_03_24_close_1700_PT,2025-03-24 17:00:00-07:00,2025-03-23 20:02:20+00:00,0.34
519736,63894828884807366836211275957245556698359823645556214866812004935138375830618,0,Yes,yes,2025-03-25 00:00:00+00:00,2025_03_24_close_1700_PT,2025-03-24 17:00:00-07:00,2025-03-24 06:29:01+00:00,0.06447826086956522
524147,6436214359665115810717148929293436681245885613476937891713590935932389735242,1,No,no,2025-03-25 00:00:00+00:00,2025_03_24_close_1700_PT,2025-03-24 17:00:00-07:00,2025-02-28 06:17:16+00:00,0.001
525157,64545313588399663482682286511585103428301403511234717343459455007091083337075,1,No,no,2025-03-25 00:00:00+00:00,2025_03_24_close_1700_PT,2025-03-24 17:00:00-07:00,2025-03-24 23:02:44+00:00,0.75
524291,6456202668171707900880212750943570928813250356351945554332572852984770395210,1,No,no,2025-03-25 00:00:00+00:00,2025_03_24_close_1700_PT,2025-03-24 17:00:00-07:00,2025-03-24 17:42:48+00:00,0.89
526861,65449845407755668776897976670879705991692250175624922195548093200952844680115,1,No,no,2025-03-25 00:00:00+00:00,2025_03_24_close_1700_PT,2025-03-24 17:00:00-07:00,2025-03-24 21:16:08+00:00,0.25
524285,65482627758879803524003778479202246178420046841505286705606240559010331503838,0,Yes,yes,2025-03-25 00:00:00+00:00,2025_03_24_close_1700_PT,2025-03-24 17:00:00-07:00,2025-03-24 22:16:02+00:00,0.406694
526814,65961864506371256053813328069691531595710124813443748296296270747497043580971,1,No,no,2025-03-25 00:00:00+00:00,2025_03_24_close_1700_PT,2025-03-24 17:00:00-07:00,2025-03-24 23:55:14+00:00,0.58
522895,66339636783489562244427406324835042611372608866942882907689045655663784195972,1,No,no,2025-03-25 00:00:00+00:00,2025_03_24_close_1700_PT,2025-03-24 17:00:00-07:00,2025-03-24 07:15:13+00:00,0.6699999731999944
524145,66356062315875533075062405949409720397580573066885585702377343083606583765118,0,Yes,yes,2025-03-25 00:00:00+00:00,2025_03_24_close_1700_PT,2025-03-24 17:00:00-07:00,2025-02-28 18:42:39+00:00,0.999
524310,6800060988333615171942817578522303119129729510028069894794248047438283072436,1,No,no,2025-03-25 00:00:00+00:00,2025_03_24_close_1700_PT,2025-03-24 17:00:00-07:00,2025-03-24 23:25:18+00:00,0.24445473336089293
507984,68914504833157616843053838732988841773228477730246651549660144444755511574372,1,No,no,2025-03-25 00:00:00+00:00,2025_03_24_close_1700_PT,2025-03-24 17:00:00-07:00,2024-12-12 21:27:58+00:00,0.998
517693,69226537548379102137110260910766942274764101034650179979960227372969528243604,0,Yes,yes,2025-03-25 00:00:00+00:00,2025_03_24_close_1700_PT,2025-03-24 17:00:00-07:00,2025-03-24 16:43:44+00:00,0.09
521041,70920939650366426146836696994150938025168677239124917474200404356093431153260,1,No,no,2025-03-25 00:00:00+00:00,2025_03_24_close_1700_PT,2025-03-24 17:00:00-07:00,2025-03-24 07:38:21+00:00,0.9299999992559999
516189,71685983838843709915160975671540060908877886707703474939962098991499689519711,0,Yes,yes,2025-03-25 00:00:00+00:00,2025_03_24_close_1700_PT,2025-03-24 17:00:00-07:00,2025-03-20 14:16:20+00:00,0.029
525232,73663957466489274595176785305097386128325404078001917490010407904837134882577,0,Yes,yes,2025-03-25 00:00:00+00:00,2025_03_24_close_1700_PT,2025-03-24 17:00:00-07:00,2025-03-24 23:22:20+00:00,0.2799999514666589
524348,73984012795437798473481687953253285098754321969692105101879063972760068638228,1,No,no,2025-03-25 00:00:00+00:00,2025_03_24_close_1700_PT,2025-03-24 17:00:00-07:00,2025-02-25 19:54:41+00:00,0.999
525157,74129046843921940913413587682588886122583847748489066762857187137233978267670,0,Yes,yes,2025-03-25 00:00:00+00:00,2025_03_24_close_1700_PT,2025-03-24 17:00:00-07:00,2025-03-22 18:23:46+00:00,0.25
519048,74534059827731044353009484655251717921023956616694121520435859117169009979824,0,Yes,yes,2025-03-25 00:00:00+00:00,2025_03_24_close_1700_PT,2025-03-24 17:00:00-07:00,2025-03-24 21:14:24+00:00,0.1
524477,75533964938719028696952998369094361524498526879485856631877081096914627658644,1,No,no,2025-03-25 00:00:00+00:00,2025_03_24_close_1700_PT,2025-03-24 17:00:00-07:00,2025-03-24 17:46:28+00:00,0.95
518889,76417393963448037479806799796874747547221511591996743269503725518742470496274,0,Yes,yes,2025-03-25 00:00:00+00:00,2025_03_24_close_1700_PT,2025-03-24 17:00:00-07:00,2025-03-24 22:25:00+00:00,0.32
523197,76517872896411850784270344965682992803318434169987777444136970978963357739156,0,Yes,yes,2025-03-25 00:00:00+00:00,2025_03_24_close_1700_PT,2025-03-24 17:00:00-07:00,2025-03-24 16:39:58+00:00,0.029
519048,76643504232063200802060773779828726415087044269171506931668031354693251545396,1,No,no,2025-03-25 00:00:00+00:00,2025_03_24_close_1700_PT,2025-03-24 17:00:00-07:00,2025-03-24 22:22:00+00:00,0.8999997290968903
527278,76683579252562835143863542840343898007243510337054657506558517873008498105093,0,Yes,yes,2025-03-25 00:00:00+00:00,2025_03_24_close_1700_PT,2025-03-24 17:00:00-07:00,2025-03-14 17:08:09+00:00,0.999
516187,76896069667756716472035601301016783496873889454464161011234150458037478069918,1,No,no,2025-03-25 00:00:00+00:00,2025_03_24_close_1700_PT,2025-03-24 17:00:00-07:00,2025-03-24 14:33:43+00:00,0.96
517073,78869803177078589287716771530665317651497156168734051494454473188006845916520,1,No,no,2025-03-25 00:00:00+00:00,2025_03_24_close_1700_PT,2025-03-24 17:00:00-07:00,2025-03-24 15:38:52+00:00,0.8
522894,81020312652589627285197771109762839746287006928172707150877539028691834065212,0,Yes,yes,2025-03-25 00:00:00+00:00,2025_03_24_close_1700_PT,2025-03-24 17:00:00-07:00,2025-03-22 15:44:02+00:00,0.06
524310,82246973513888061559569421022652964687465272762066736721360354291228748283806,0,Yes,yes,2025-03-25 00:00:00+00:00,2025_03_24_close_1700_PT,2025-03-24 17:00:00-07:00,2025-03-24 23:46:04+00:00,0.76
516190,83080252071092689902932666850490074811760131055025811650818073654402601835484,0,Yes,yes,2025-03-25 00:00:00+00:00,2025_03_24_close_1700_PT,2025-03-24 17:00:00-07:00,2025-03-24 18:16:32+00:00,0.96
521041,83524440200143860657028178945801858366378129256359488825050609853223919531809,0,Yes,yes,2025-03-25 00:00:00+00:00,2025_03_24_close_1700_PT,2025-03-24 17:00:00-07:00,2025-03-24 20:58:10+00:00,0.07
524477,83547673164506671794819260938344653989875088069034224812175182562166039721574,0,Yes,yes,2025-03-25 00:00:00+00:00,2025_03_24_close_1700_PT,2025-03-24 17:00:00-07:00,2025-03-24 21:44:00+00:00,0.04
525231,83742739530586820493605246339344277590673217105618245459443915506041800643469,1,No,no,2025-03-25 00:00:00+00:00,2025_03_24_close_1700_PT,2025-03-24 17:00:00-07:00,2025-03-24 09:18:30+00:00,0.91
510319,84888738552927367074645370589243532246434846262240067551074642775011167355434,0,Yes,yes,2025-03-25 00:00:00+00:00,2025_03_24_close_1700_PT,2025-03-24 17:00:00-07:00,2025-03-24 22:28:58+00:00,0.14
527081,85329416514471004297478005149625146014624743562622421967455557722819447174298,0,Yes,yes,2025-03-25 00:00:00+00:00,2025_03_24_close_1700_PT,2025-03-24 17:00:00-07:00,2025-03-24 15:22:14+00:00,0.29
526229,86304131703011980721755979925817881408007934797292837200662297834354514178950,1,No,no,2025-03-25 00:00:00+00:00,2025_03_24_close_1700_PT,2025-03-24 17:00:00-07:00,2025-03-24 22:14:24+00:00,0.979
510319,86857783363775257860227917708309268561005168570896999677788731255030014967896,1,No,no,2025-03-25 00:00:00+00:00,2025_03_24_close_1700_PT,2025-03-24 17:00:00-07:00,2025-03-24 23:30:44+00:00,0.8699999791199984
526229,88551081062941956754624270296481102277138087249231124901142839087117648363109,0,Yes,yes,2025-03-25 00:00:00+00:00,2025_03_24_close_1700_PT,2025-03-24 17:00:00-07:00,2025-03-24 22:14:24+00:00,0.021
524292,9014695769446700891659134648259488341557414914618690658701879241952037527074,1,No,no,2025-03-25 00:00:00+00:00,2025_03_24_close_1700_PT,2025-03-24 17:00:00-07:00,2025-03-24 15:50:00+00:00,0.84
527032,90544185197348445762400462367487730947998989538649021442756705113012034127717,0,Yes,yes,2025-03-25 00:00:00+00:00,2025_03_24_close_1700_PT,2025-03-24 17:00:00-07:00,2025-03-11 17:55:03+00:00,0.01
516315,9252583647094848244431316973245869222379640287360099162283052699401101960353,0,Yes,yes,2025-03-25 00:00:00+00:00,2025_03_24_close_1700_PT,2025-03-24 17:00:00-07:00,2025-03-24 22:51:40+00:00,0.053
516143,95786924372760057572092804419385993470890190892343223404877167501659835222533,1,No,no,2025-03-25 00:00:00+00:00,2025_03_24_close_1700_PT,2025-03-24 17:00:00-07:00,2025-03-24 22:22:12+00:00,0.84
522056,96601928894191559916157952751631886797424000157973909225754084049773554405468,0,Yes,yes,2025-03-25 00:00:00+00:00,2025_03_24_close_1700_PT,2025-03-24 17:00:00-07:00,2025-03-24 21:08:52+00:00,0.48
527005,96618036676034164847772351078297997221316377064022855127438030193903015078566,1,No,no,2025-03-25 00:00:00+00:00,2025_03_24_close_1700_PT,2025-03-24 17:00:00-07:00,2025-03-24 18:22:28+00:00,0.84
524021,97262919156133260921887403057581420516585464065308475066791456615017669503669,0,Yes,yes,2025-03-25 00:00:00+00:00,2025_03_24_close_1700_PT,2025-03-24 17:00:00-07:00,2025-03-24 22:01:54+00:00,0.37999994679998084
527005,100121345789532362055123879793212027312379236056429540221720415709850532973373,0,Yes,yes,2025-03-25 12:00:00+00:00,2025_03_25_open_0500_PT,2025-03-25 05:00:00-07:00,2025-03-24 18:22:28+00:00,0.16
507311,102006319303460238827563664446951754516041393632850360444322469125777577388771,0,Yes,yes,2025-03-25 12:00:00+00:00,2025_03_25_open_0500_PT,2025-03-25 05:00:00-07:00,2025-01-29 21:39:28+00:00,0.001
524145,102062916030133807330186342894442541205582789480933958339342744794892413850627,1,No,no,2025-03-25 12:00:00+00:00,2025_03_25_open_0500_PT,2025-03-25 05:00:00-07:00,2025-02-28 16:13:57+00:00,0.001
525437,10316592426452860464899722692398677096383513371344164830735417650138017205817,1,No,no,2025-03-25 12:00:00+00:00,2025_03_25_open_0500_PT,2025-03-25 05:00:00-07:00,2025-03-05 19:01:37+00:00,0.01
521103,103909253011351322759892776638669457027523901655815490042130382730360706229706,0,Yes,yes,2025-03-25 12:00:00+00:00,2025_03_25_open_0500_PT,2025-03-25 05:00:00-07:00,2025-03-25 11:22:56+00:00,0.13
516715,104795148936930645520469554178353538587130154145659561962269514319642274480768,1,No,no,2025-03-25 12:00:00+00:00,2025_03_25_open_0500_PT,2025-03-25 05:00:00-07:00,2025-03-24 01:32:33+00:00,0.9399999962399888
526814,105039045108735350701067761926660919174556796573940954887933194396971464305066,0,Yes,yes,2025-03-25 12:00:00+00:00,2025_03_25_open_0500_PT,2025-03-25 05:00:00-07:00,2025-03-25 11:48:18+00:00,0.42
524291,106785705064968660332067023300536266535388124753272914243541205698423062856246,0,Yes,yes,2025-03-25 12:00:00+00:00,2025_03_25_open_0500_PT,2025-03-25 05:00:00-07:00,2025-03-25 09:19:08+00:00,0.1717150903221375
524285,107643187201000404038693592426566378917534508353468263334674357442312114112510,1,No,no,2025-03-25 12:00:00+00:00,2025_03_25_open_0500_PT,2025-03-25 05:00:00-07:00,2025-03-25 11:45:24+00:00,0.57
525442,108057916747365167542504013787062021441684619476265070483570121865318046932052,0,Yes,yes,2025-03-25 12:00:00+00:00,2025_03_25_open_0500_PT,2025-03-25 05:00:00-07:00,2025-03-05 19:00:49+00:00,0.001
521603,108064859672314536571175804798614410280877635973727667622803804179444259690672,1,No,no,2025-03-25 12:00:00+00:00,2025_03_25_open_0500_PT,2025-03-25 05:00:00-07:00,2025-03-25 11:46:48+00:00,0.9739999983427686
522894,108303820542127194670275571355095079674537367635794408292209711330192187534707,1,No,no,2025-03-25 12:00:00+00:00,2025_03_25_open_0500_PT,2025-03-25 05:00:00-07:00,2025-03-22 21:26:14+00:00,0.9399999806777771
519736,108331518505056537403722461966654684743488871885239753047834907734450664515452,1,No,no,2025-03-25 12:00:00+00:00,2025_03_25_open_0500_PT,2025-03-25 05:00:00-07:00,2025-03-25 11:22:30+00:00,0.9200710518605333
507311,109788973099970019996072517823266794542154906066004680247007602517078576240900,1,No,no,2025-03-25 12:00:00+00:00,2025_03_25_open_0500_PT,2025-03-25 05:00:00-07:00,2025-01-29 21:39:28+00:00,0.999
523420,110303218457795832861589414223072133732424840017074962598980991451216787898529,0,Yes,yes,2025-03-25 12:00:00+00:00,2025_03_25_open_0500_PT,2025-03-25 05:00:00-07:00,2025-03-25 11:06:46+00:00,0.41
523420,110513468504414111967623727967802735681305040958967125800368195228103949451183,1,No,no,2025-03-25 12:00:00+00:00,2025_03_25_open_0500_PT,2025-03-25 05:00:00-07:00,2025-03-25 11:06:46+00:00,0.59
523198,111048886296924495129741424280092672064807186679410610865674623733591163627018,1,No,no,2025-03-25 12:00:00+00:00,2025_03_25_open_0500_PT,2025-03-25 05:00:00-07:00,2025-03-20 20:44:05+00:00,0.9399999962399888
522056,111817814065148789668110176254570458287510111700931938757952739120253070676417,1,No,no,2025-03-25 12:00:00+00:00,2025_03_25_open_0500_PT,2025-03-25 05:00:00-07:00,2025-03-25 11:30:18+00:00,0.53
516315,112686805416681376426848642516954883318316273962669944235801308401883591913314,1,No,no,2025-03-25 12:00:00+00:00,2025_03_25_open_0500_PT,2025-03-25 05:00:00-07:00,2025-03-25 11:52:42+00:00,0.951
519844,115151921832306680160638545362939767099400757097903129602011054222202727203606,1,No,no,2025-03-25 12:00:00+00:00,2025_03_25_open_0500_PT,2025-03-25 05:00:00-07:00,2025-02-28 20:07:00+00:00,0.001
524143,1179039883486402183499490082435825463500517700553032674433043579228770785112,0,Yes,yes,2025-03-25 12:00:00+00:00,2025_03_25_open_0500_PT,2025-03-25 05:00:00-07:00,2025-03-25 01:59:14+00:00,0.12
525437,12198166341436727947405729209814148041740036263965322192437253954048906701116,0,Yes,yes,2025-03-25 12:00:00+00:00,2025_03_25_open_0500_PT,2025-03-25 05:00:00-07:00,2025-03-05 19:01:37+00:00,0.99
521100,14990029861718662869816237869973544862792282285138092644462921007650993247380,0,Yes,yes,2025-03-25 12:00:00+00:00,2025_03_25_open_0500_PT,2025-03-25 05:00:00-07:00,2025-03-12 20:16:21+00:00,0.999
516719,15974786252393396629980467963784550802583781222733347534844974829144359265969,0,Yes,yes,2025-03-25 12:00:00+00:00,2025_03_25_open_0500_PT,2025-03-25 05:00:00-07:00,2025-03-25 11:52:10+00:00,0.68
527081,17189149212865445714213344530377307644873493103595435170459256971807866915825,1,No,no,2025-03-25 12:00:00+00:00,2025_03_25_open_0500_PT,2025-03-25 05:00:00-07:00,2025-03-25 09:16:32+00:00,0.71
525442,17526688879266974475993857941710252477836369992267558391595367358065513215277,1,No,no,2025-03-25 12:00:00+00:00,2025_03_25_open_0500_PT,2025-03-25 05:00:00-07:00,2025-03-05 19:00:49+00:00,0.999
523198,17636133037698655711537839367918666335877935696344385855077943944327611242596,0,Yes,yes,2025-03-25 12:00:00+00:00,2025_03_25_open_0500_PT,2025-03-25 05:00:00-07:00,2025-03-24 20:32:50+00:00,0.06
518890,1820990530457734990844221236379424325571531338274179313320944848555296238885,0,Yes,yes,2025-03-25 12:00:00+00:00,2025_03_25_open_0500_PT,2025-03-25 05:00:00-07:00,2025-03-25 11:47:30+00:00,0.16
521603,18833065283746804110550289341323864262410877417777323132151715138616977528841,0,Yes,yes,2025-03-25 12:00:00+00:00,2025_03_25_open_0500_PT,2025-03-25 05:00:00-07:00,2025-03-25 11:46:48+00:00,0.026000001657231372
518890,19787433176606062103363478006507471735790167880416910771642279209812633663344,1,No,no,2025-03-25 12:00:00+00:00,2025_03_25_open_0500_PT,2025-03-25 05:00:00-07:00,2025-03-25 01:59:38+00:00,0.83
523343,22255463452594162709449800579658835371746668793825841462318307382376621533755,0,Yes,yes,2025-03-25 12:00:00+00:00,2025_03_25_open_0500_PT,2025-03-25 05:00:00-07:00,2025-03-25 01:57:38+00:00,0.64
527279,22752183918002848078277748029145662550669719932108767430775139318472934671798,1,No,no,2025-03-25 12:00:00+00:00,2025_03_25_open_0500_PT,2025-03-25 05:00:00-07:00,2025-03-12 20:16:11+00:00,0.002
524021,22814991468805556116471270417641782171550309851492637070422109257339804109572,1,No,no,2025-03-25 12:00:00+00:00,2025_03_25_open_0500_PT,2025-03-25 05:00:00-07:00,2025-03-25 08:10:29+00:00,0.6099999868560212
524292,23363560824318474668781482335102625289561748638527872548758492627125630990827,0,Yes,yes,2025-03-25 12:00:00+00:00,2025_03_25_open_0500_PT,2025-03-25 05:00:00-07:00,2025-03-24 14:16:12+00:00,0.1699999758599986
521026,23632768753333496327246137884794918423597173479688585307138116345069085580247,1,No,no,2025-03-25 12:00:00+00:00,2025_03_25_open_0500_PT,2025-03-25 05:00:00-07:00,2025-03-24 20:01:18+00:00,0.3599999920799998
516189,25301545985889508293321782755434072371936771538975200674445139222395623272851,1,No,no,2025-03-25 12:00:00+00:00,2025_03_25_open_0500_PT,2025-03-25 05:00:00-07:00,2025-03-25 01:36:04+00:00,0.967
516143,25742247876332768458781360292043764039507900813404980298479194684402595556451,0,Yes,yes,2025-03-25 12:00:00+00:00,2025_03_25_open_0500_PT,2025-03-25 05:00:00-07:00,2025-03-25 11:33:58+00:00,0.15
516190,27706044619360761256387697290478189707563660684659877077148428665563431908215,1,No,no,2025-03-25 12:00:00+00:00,2025_03_25_open_0500_PT,2025-03-25 05:00:00-07:00,2025-03-23 13:09:01+00:00,0.037000000746325486
525231,27854589915558666949911110700107109304807510472832754346848714713106576041207,0,Yes,yes,2025-03-25 12:00:00+00:00,2025_03_25_open_0500_PT,2025-03-25 05:00:00-07:00,2025-03-23 19:21:00+00:00,0.08
521025,28414938735362964078307100001374150957816395319940009652318455849499629150252,1,No,no,2025-03-25 12:00:00+00:00,2025_03_25_open_0500_PT,2025-03-25 05:00:00-07:00,2025-03-25 07:13:55+00:00,0.689999996826
525232,31566724138998405553508313449766802786847999037726188458982786371622924711878,1,No,no,2025-03-25 12:00:00+00:00,2025_03_25_open_0500_PT,2025-03-25 05:00:00-07:00,2025-03-24 20:18:08+00:00,0.72
524143,32156304147657186738936334568719617978558036247795210919856751006394161293073,1,No,no,2025-03-25 12:00:00+00:00,2025_03_25_open_0500_PT,2025-03-25 05:00:00-07:00,2025-03-25 01:59:14+00:00,0.88
526861,32921044856076201189154703786849418887213408387521621721061527935861828024828,0,Yes,yes,2025-03-25 12:00:00+00:00,2025_03_25_open_0500_PT,2025-03-25 05:00:00-07:00,2025-03-25 10:28:12+00:00,0.81
527278,33787629600621860180939604657495798919073059313987957113657471584613393310606,1,No,no,2025-03-25 12:00:00+00:00,2025_03_25_open_0500_PT,2025-03-25 05:00:00-07:00,2025-03-14 17:08:09+00:00,0.001
521499,37809713000353368658683984822433912106052732096671571646866650191133502648634,1,No,no,2025-03-25 12:00:00+00:00,2025_03_25_open_0500_PT,2025-03-25 05:00:00-07:00,2025-03-12 20:16:29+00:00,0.001
519628,37946704943888888914227612417452623974614267503719043957094985529354395995926,1,No,no,2025-03-25 12:00:00+00:00,2025_03_25_open_0500_PT,2025-03-25 05:00:00-07:00,2025-03-25 11:58:54+00:00,0.55
517693,38028235049989289118991891250017423701902844342596888644757673357241176888913,1,No,no,2025-03-25 12:00:00+00:00,2025_03_25_open_0500_PT,2025-03-25 05:00:00-07:00,2025-03-24 19:40:44+00:00,0.89
522057,39073221701552764059446410725782004011128353041681427534414147663135223634260,1,No,no,2025-03-25 12:00:00+00:00,2025_03_25_open_0500_PT,2025-03-25 05:00:00-07:00,2025-03-25 11:21:08+00:00,0.76
519628,39327269875426915204597944387916069897800289788920336317845465327697809453999,0,Yes,yes,2025-03-25 12:00:00+00:00,2025_03_25_open_0500_PT,2025-03-25 05:00:00-07:00,2025-03-25 11:58:54+00:00,0.45
527279,40001158490980829331315202760805197309678407198352511114569399283632572307422,0,Yes,yes,2025-03-25 12:00:00+00:00,2025_03_25_open_0500_PT,2025-03-25 05:00:00-07:00,2025-03-12 20:19:55+00:00,0.998
521103,40643730425995007653653846322257326466291751148478865541862332040512398068473,1,No,no,2025-03-25 12:00:00+00:00,2025_03_25_open_0500_PT,2025-03-25 05:00:00-07:00,2025-03-25 11:22:56+00:00,0.8795403372936412
519844,40914113765279699847589045742755525912767460490196542143342551731171071232917,0,Yes,yes,2025-03-25 12:00:00+00:00,2025_03_25_open_0500_PT,2025-03-25 05:00:00-07:00,2025-02-28 20:07:00+00:00,0.999
516719,42351579455604873042957090441032286075880144797259231030267680078160718556927,1,No,no,2025-03-25 12:00:00+00:00,2025_03_25_open_0500_PT,2025-03-25 05:00:00-07:00,2025-03-25 11:52:10+00:00,0.32
523413,4274339277583331170231436480507835882687434608350779078862983050349942696879,1,No,no,2025-03-25 12:00:00+00:00,2025_03_25_open_0500_PT,2025-03-25 05:00:00-07:00,2025-03-25 02:16:34+00:00,0.8499999149996685
521100,42807705713627033072721560874549512720856774493986139163714965545915531235572,1,No,no,2025-03-25 12:00:00+00:00,2025_03_25_open_0500_PT,2025-03-25 05:00:00-07:00,2025-03-12 20:16:21+00:00,0.001
524147,43469326409739858395690572881501444443817974097672167644298447954120789600137,0,Yes,yes,2025-03-25 12:00:00+00:00,2025_03_25_open_0500_PT,2025-03-25 05:00:00-07:00,2025-02-28 06:17:16+00:00,0.9988821436653187
518889,44380686214454472779171256638293817778327849773706779670665516622038269778385,1,No,no,2025-03-25 12:00:00+00:00,2025_03_25_open_0500_PT,2025-03-25 05:00:00-07:00,2025-03-25 06:19:06+00:00,0.67
517073,46900460840406661483474634104595482418501684854096906918305683910102403871123,0,Yes,yes,2025-03-25 12:00:00+00:00,2025_03_25_open_0500_PT,2025-03-25 05:00:00-07:00,2025-03-22 13:48:39+00:00,0.21999985479995063
523413,46975241878566226675389813084558441099978633579735672808077735156890286559886,0,Yes,yes,2025-03-25 12:00:00+00:00,2025_03_25_open_0500_PT,2025-03-25 05:00:00-07:00,2025-03-25 02:16:34+00:00,0.1500000850003315
521499,47692708638309429756044208432818720002044706296619873136468383174493259480485,0,Yes,yes,2025-03-25 12:00:00+00:00,2025_03_25_open_0500_PT,2025-03-25 05:00:00-07:00,2025-03-12 20:16:29+00:00,0.999
522057,48477409091695386761559202853239391470463303066983260592312960625658563043275,0,Yes,yes,2025-03-25 12:00:00+00:00,2025_03_25_open_0500_PT,2025-03-25 05:00:00-07:00,2025-03-25 06:17:10+00:00,0.2399999954430379
521026,49473000926194462184545427213242554383104595845909786504578023251386790224858,0,Yes,yes,2025-03-25 12:00:00+00:00,2025_03_25_open_0500_PT,2025-03-25 05:00:00-07:00,2025-03-24 20:01:18+00:00,0.6400007920022176
507984,50284187941943469569202009194355917949339120733469101749033950310686959468007,0,Yes,yes,2025-03-25 12:00:00+00:00,2025_03_25_open_0500_PT,2025-03-25 05:00:00-07:00,2024-12-12 21:27:58+00:00,0.002
521025,50391907985844971368730434370554275352555306650304559981296724287110163889372,0,Yes,yes,2025-03-25 12:00:00+00:00,2025_03_25_open_0500_PT,2025-03-25 05:00:00-07:00,2025-03-25 07:13:55+00:00,0.3100000158688904
527032,52520991936301939851844268554264807330714499642654844594240746592838266792432,1,No,no,2025-03-25 12:00:00+00:00,2025_03_25_open_0500_PT,2025-03-25 05:00:00-07:00,2025-03-11 19:15:04+00:00,0.999
524348,52960782840877996381169383667062216635147767148703288363719115614339176853095,0,Yes,yes,2025-03-25 12:00:00+00:00,2025_03_25_open_0500_PT,2025-03-25 05:00:00-07:00,2025-02-25 19:54:41+00:00,0.001
522878,5442743401928862894180841736263512191564084389996775978514134400673743050598,0,Putin,putin,2025-03-25 12:00:00+00:00,2025_03_25_open_0500_PT,2025-03-25 05:00:00-07:00,2025-02-28 20:00:10+00:00,0.001
522878,55264189025055373090161890959631464405045385380191735792739072809428026021736,1,Zelenskyy,zelenskyy,2025-03-25 12:00:00+00:00,2025_03_25_open_0500_PT,2025-03-25 05:00:00-07:00,2025-02-28 20:00:10+00:00,0.999
523197,55509409310784585364116971076570089959207228118269642206238982520364239944605,1,No,no,2025-03-25 12:00:00+00:00,2025_03_25_open_0500_PT,2025-03-25 05:00:00-07:00,2025-03-25 10:16:08+00:00,0.9700000288000011
516187,56333219586489855674685549932194420713208928308331628771337419037140355178076,0,Yes,yes,2025-03-25 12:00:00+00:00,2025_03_25_open_0500_PT,2025-03-25 05:00:00-07:00,2025-03-23 10:28:51+00:00,0.04
523343,57160884655103428512814247631012981773015723019889832549493437551469480061242,1,No,no,2025-03-25 12:00:00+00:00,2025_03_25_open_0500_PT,2025-03-25 05:00:00-07:00,2025-03-25 10:09:00+00:00,0.38
516715,5802460671946751538636185453975614627729230853286731735057811449821051691611,0,Yes,yes,2025-03-25 12:00:00+00:00,2025_03_25_open_0500_PT,2025-03-25 05:00:00-07:00,2025-03-24 01:32:33+00:00,0.060000003760011265
522895,62643694748826312587911382162440534823433709821141516597510649054633548502810,0,Yes,yes,2025-03-25 12:00:00+00:00,2025_03_25_open_0500_PT,2025-03-25 05:00:00-07:00,2025-03-25 05:45:54+00:00,0.32
519736,63894828884807366836211275957245556698359823645556214866812004935138375830618,0,Yes,yes,2025-03-25 12:00:00+00:00,2025_03_25_open_0500_PT,2025-03-25 05:00:00-07:00,2025-03-25 11:22:30+00:00,0.08
524147,6436214359665115810717148929293436681245885613476937891713590935932389735242,1,No,no,2025-03-25 12:00:00+00:00,2025_03_25_open_0500_PT,2025-03-25 05:00:00-07:00,2025-02-28 06:17:16+00:00,0.001
525157,64545313588399663482682286511585103428301403511234717343459455007091083337075,1,No,no,2025-03-25 12:00:00+00:00,2025_03_25_open_0500_PT,2025-03-25 05:00:00-07:00,2025-03-25 02:47:00+00:00,0.7537535901289082
524291,6456202668171707900880212750943570928813250356351945554332572852984770395210,1,No,no,2025-03-25 12:00:00+00:00,2025_03_25_open_0500_PT,2025-03-25 05:00:00-07:00,2025-03-25 09:19:08+00:00,0.85
526861,65449845407755668776897976670879705991692250175624922195548093200952844680115,1,No,no,2025-03-25 12:00:00+00:00,2025_03_25_open_0500_PT,2025-03-25 05:00:00-07:00,2025-03-25 10:28:12+00:00,0.19
524285,65482627758879803524003778479202246178420046841505286705606240559010331503838,0,Yes,yes,2025-03-25 12:00:00+00:00,2025_03_25_open_0500_PT,2025-03-25 05:00:00-07:00,2025-03-25 11:45:24+00:00,0.43
526814,65961864506371256053813328069691531595710124813443748296296270747497043580971,1,No,no,2025-03-25 12:00:00+00:00,2025_03_25_open_0500_PT,2025-03-25 05:00:00-07:00,2025-03-25 11:41:56+00:00,0.5500000440217444
522895,66339636783489562244427406324835042611372608866942882907689045655663784195972,1,No,no,2025-03-25 12:00:00+00:00,2025_03_25_open_0500_PT,2025-03-25 05:00:00-07:00,2025-03-25 02:40:12+00:00,0.6900090567254044
524145,66356062315875533075062405949409720397580573066885585702377343083606583765118,0,Yes,yes,2025-03-25 12:00:00+00:00,2025_03_25_open_0500_PT,2025-03-25 05:00:00-07:00,2025-02-28 18:42:39+00:00,0.999
524310,6800060988333615171942817578522303119129729510028069894794248047438283072436,1,No,no,2025-03-25 12:00:00+00:00,2025_03_25_open_0500_PT,2025-03-25 05:00:00-07:00,2025-03-25 02:14:26+00:00,0.001
507984,68914504833157616843053838732988841773228477730246651549660144444755511574372,1,No,no,2025-03-25 12:00:00+00:00,2025_03_25_open_0500_PT,2025-03-25 05:00:00-07:00,2024-12-12 21:27:58+00:00,0.998
517693,69226537548379102137110260910766942274764101034650179979960227372969528243604,0,Yes,yes,2025-03-25 12:00:00+00:00,2025_03_25_open_0500_PT,2025-03-25 05:00:00-07:00,2025-03-24 16:43:44+00:00,0.09
521041,70920939650366426146836696994150938025168677239124917474200404356093431153260,1,No,no,2025-03-25 12:00:00+00:00,2025_03_25_open_0500_PT,2025-03-25 05:00:00-07:00,2025-03-24 07:38:21+00:00,0.9299999992559999
516189,71685983838843709915160975671540060908877886707703474939962098991499689519711,0,Yes,yes,2025-03-25 12:00:00+00:00,2025_03_25_open_0500_PT,2025-03-25 05:00:00-07:00,2025-03-25 01:36:04+00:00,0.031224489795918367
525232,73663957466489274595176785305097386128325404078001917490010407904837134882577,0,Yes,yes,2025-03-25 12:00:00+00:00,2025_03_25_open_0500_PT,2025-03-25 05:00:00-07:00,2025-03-25 00:46:44+00:00,0.27999999159999983
524348,73984012795437798473481687953253285098754321969692105101879063972760068638228,1,No,no,2025-03-25 12:00:00+00:00,2025_03_25_open_0500_PT,2025-03-25 05:00:00-07:00,2025-02-25 19:54:41+00:00,0.999
525157,74129046843921940913413587682588886122583847748489066762857187137233978267670,0,Yes,yes,2025-03-25 12:00:00+00:00,2025_03_25_open_0500_PT,2025-03-25 05:00:00-07:00,2025-03-25 02:47:00+00:00,0.23
519048,74534059827731044353009484655251717921023956616694121520435859117169009979824,0,Yes,yes,2025-03-25 12:00:00+00:00,2025_03_25_open_0500_PT,2025-03-25 05:00:00-07:00,2025-03-25 11:47:58+00:00,0.11
524477,75533964938719028696952998369094361524498526879485856631877081096914627658644,1,No,no,2025-03-25 12:00:00+00:00,2025_03_25_open_0500_PT,2025-03-25 05:00:00-07:00,2025-03-25 04:27:16+00:00,0.96
518889,76417393963448037479806799796874747547221511591996743269503725518742470496274,0,Yes,yes,2025-03-25 12:00:00+00:00,2025_03_25_open_0500_PT,2025-03-25 05:00:00-07:00,2025-03-25 06:19:06+00:00,0.3298259868421053
523197,76517872896411850784270344965682992803318434169987777444136970978963357739156,0,Yes,yes,2025-03-25 12:00:00+00:00,2025_03_25_open_0500_PT,2025-03-25 05:00:00-07:00,2025-03-25 10:16:08+00:00,0.029999971199998848
519048,76643504232063200802060773779828726415087044269171506931668031354693251545396,1,No,no,2025-03-25 12:00:00+00:00,2025_03_25_open_0500_PT,2025-03-25 05:00:00-07:00,2025-03-25 11:47:58+00:00,0.89
527278,76683579252562835143863542840343898007243510337054657506558517873008498105093,0,Yes,yes,2025-03-25 12:00:00+00:00,2025_03_25_open_0500_PT,2025-03-25 05:00:00-07:00,2025-03-14 17:08:09+00:00,0.999
516187,76896069667756716472035601301016783496873889454464161011234150458037478069918,1,No,no,2025-03-25 12:00:00+00:00,2025_03_25_open_0500_PT,2025-03-25 05:00:00-07:00,2025-03-24 14:33:43+00:00,0.96
517073,78869803177078589287716771530665317651497156168734051494454473188006845916520,1,No,no,2025-03-25 12:00:00+00:00,2025_03_25_open_0500_PT,2025-03-25 05:00:00-07:00,2025-03-25 07:02:25+00:00,0.79
522894,81020312652589627285197771109762839746287006928172707150877539028691834065212,0,Yes,yes,2025-03-25 12:00:00+00:00,2025_03_25_open_0500_PT,2025-03-25 05:00:00-07:00,2025-03-22 15:44:02+00:00,0.06
524310,82246973513888061559569421022652964687465272762066736721360354291228748283806,0,Yes,yes,2025-03-25 12:00:00+00:00,2025_03_25_open_0500_PT,2025-03-25 05:00:00-07:00,2025-03-25 02:14:26+00:00,0.999
516190,83080252071092689902932666850490074811760131055025811650818073654402601835484,0,Yes,yes,2025-03-25 12:00:00+00:00,2025_03_25_open_0500_PT,2025-03-25 05:00:00-07:00,2025-03-24 18:16:32+00:00,0.96
521041,83524440200143860657028178945801858366378129256359488825050609853223919531809,0,Yes,yes,2025-03-25 12:00:00+00:00,2025_03_25_open_0500_PT,2025-03-25 05:00:00-07:00,2025-03-24 20:58:10+00:00,0.07
524477,83547673164506671794819260938344653989875088069034224812175182562166039721574,0,Yes,yes,2025-03-25 12:00:00+00:00,2025_03_25_open_0500_PT,2025-03-25 05:00:00-07:00,2025-03-25 10:21:00+00:00,0.04
525231,83742739530586820493605246339344277590673217105618245459443915506041800643469,1,No,no,2025-03-25 12:00:00+00:00,2025_03_25_open_0500_PT,2025-03-25 05:00:00-07:00,2025-03-24 09:18:30+00:00,0.91
510319,84888738552927367074645370589243532246434846262240067551074642775011167355434,0,Yes,yes,2025-03-25 12:00:00+00:00,2025_03_25_open_0500_PT,2025-03-25 05:00:00-07:00,2025-03-25 11:57:48+00:00,0.1400000002064
527081,85329416514471004297478005149625146014624743562622421967455557722819447174298,0,Yes,yes,2025-03-25 12:00:00+00:00,2025_03_25_open_0500_PT,2025-03-25 05:00:00-07:00,2025-03-25 09:16:32+00:00,0.29
526229,86304131703011980721755979925817881408007934797292837200662297834354514178950,1,No,no,2025-03-25 12:00:00+00:00,2025_03_25_open_0500_PT,2025-03-25 05:00:00-07:00,2025-03-25 06:57:47+00:00,0.98
510319,86857783363775257860227917708309268561005168570896999677788731255030014967896,1,No,no,2025-03-25 12:00:00+00:00,2025_03_25_open_0500_PT,2025-03-25 05:00:00-07:00,2025-03-25 11:58:36+00:00,0.85
526229,88551081062941956754624270296481102277138087249231124901142839087117648363109,0,Yes,yes,2025-03-25 12:00:00+00:00,2025_03_25_open_0500_PT,2025-03-25 05:00:00-07:00,2025-03-25 07:16:25+00:00,0.021
524292,9014695769446700891659134648259488341557414914618690658701879241952037527074,1,No,no,2025-03-25 12:00:00+00:00,2025_03_25_open_0500_PT,2025-03-25 05:00:00-07:00,2025-03-24 15:50:00+00:00,0.84
527032,90544185197348445762400462367487730947998989538649021442756705113012034127717,0,Yes,yes,2025-03-25 12:00:00+00:00,2025_03_25_open_0500_PT,2025-03-25 05:00:00-07:00,2025-03-11 17:55:03+00:00,0.01
516315,9252583647094848244431316973245869222379640287360099162283052699401101960353,0,Yes,yes,2025-03-25 12:00:00+00:00,2025_03_25_open_0500_PT,2025-03-25 05:00:00-07:00,2025-03-25 11:52:42+00:00,0.049
516143,95786924372760057572092804419385993470890190892343223404877167501659835222533,1,No,no,2025-03-25 12:00:00+00:00,2025_03_25_open_0500_PT,2025-03-25 05:00:00-07:00,2025-03-25 11:57:30+00:00,0.83
522056,96601928894191559916157952751631886797424000157973909225754084049773554405468,0,Yes,yes,2025-03-25 12:00:00+00:00,2025_03_25_open_0500_PT,2025-03-25 05:00:00-07:00,2025-03-25 05:44:02+00:00,0.44
527005,96618036676034164847772351078297997221316377064022855127438030193903015078566,1,No,no,2025-03-25 12:00:00+00:00,2025_03_25_open_0500_PT,2025-03-25 05:00:00-07:00,2025-03-24 18:22:28+00:00,0.84
524021,97262919156133260921887403057581420516585464065308475066791456615017669503669,0,Yes,yes,2025-03-25 12:00:00+00:00,2025_03_25_open_0500_PT,2025-03-25 05:00:00-07:00,2025-03-25 10:59:24+00:00,0.4
527005,100121345789532362055123879793212027312379236056429540221720415709850532973373,0,Yes,yes,2025-03-26 00:00:00+00:00,2025_03_25_close_1700_PT,2025-03-25 17:00:00-07:00,2025-03-25 21:17:04+00:00,0.17
507311,102006319303460238827563664446951754516041393632850360444322469125777577388771,0,Yes,yes,2025-03-26 00:00:00+00:00,2025_03_25_close_1700_PT,2025-03-25 17:00:00-07:00,2025-01-29 21:39:28+00:00,0.001
524145,102062916030133807330186342894442541205582789480933958339342744794892413850627,1,No,no,2025-03-26 00:00:00+00:00,2025_03_25_close_1700_PT,2025-03-25 17:00:00-07:00,2025-02-28 16:13:57+00:00,0.001
525437,10316592426452860464899722692398677096383513371344164830735417650138017205817,1,No,no,2025-03-26 00:00:00+00:00,2025_03_25_close_1700_PT,2025-03-25 17:00:00-07:00,2025-03-05 19:01:37+00:00,0.01
521103,103909253011351322759892776638669457027523901655815490042130382730360706229706,0,Yes,yes,2025-03-26 00:00:00+00:00,2025_03_25_close_1700_PT,2025-03-25 17:00:00-07:00,2025-03-25 20:27:44+00:00,0.1299999466999952
516715,104795148936930645520469554178353538587130154145659561962269514319642274480768,1,No,no,2025-03-26 00:00:00+00:00,2025_03_25_close_1700_PT,2025-03-25 17:00:00-07:00,2025-03-25 20:27:32+00:00,0.9399999937333209
526814,105039045108735350701067761926660919174556796573940954887933194396971464305066,0,Yes,yes,2025-03-26 00:00:00+00:00,2025_03_25_close_1700_PT,2025-03-25 17:00:00-07:00,2025-03-25 19:12:44+00:00,0.999
524291,106785705064968660332067023300536266535388124753272914243541205698423062856246,0,Yes,yes,2025-03-26 00:00:00+00:00,2025_03_25_close_1700_PT,2025-03-25 17:00:00-07:00,2025-03-25 20:28:34+00:00,0.16
524285,107643187201000404038693592426566378917534508353468263334674357442312114112510,1,No,no,2025-03-26 00:00:00+00:00,2025_03_25_close_1700_PT,2025-03-25 17:00:00-07:00,2025-03-25 22:00:42+00:00,0.5600000105600008
525442,108057916747365167542504013787062021441684619476265070483570121865318046932052,0,Yes,yes,2025-03-26 00:00:00+00:00,2025_03_25_close_1700_PT,2025-03-25 17:00:00-07:00,2025-03-05 19:00:49+00:00,0.001
521603,108064859672314536571175804798614410280877635973727667622803804179444259690672,1,No,no,2025-03-26 00:00:00+00:00,2025_03_25_close_1700_PT,2025-03-25 17:00:00-07:00,2025-03-25 23:43:00+00:00,0.972
522894,108303820542127194670275571355095079674537367635794408292209711330192187534707,1,No,no,2025-03-26 00:00:00+00:00,2025_03_25_close_1700_PT,2025-03-25 17:00:00-07:00,2025-03-22 21:26:14+00:00,0.9399999806777771
519736,108331518505056537403722461966654684743488871885239753047834907734450664515452,1,No,no,2025-03-26 00:00:00+00:00,2025_03_25_close_1700_PT,2025-03-25 17:00:00-07:00,2025-03-25 14:46:48+00:00,0.9040684090909091
507311,109788973099970019996072517823266794542154906066004680247007602517078576240900,1,No,no,2025-03-26 00:00:00+00:00,2025_03_25_close_1700_PT,2025-03-25 17:00:00-07:00,2025-01-29 21:39:28+00:00,0.999
523420,110303218457795832861589414223072133732424840017074962598980991451216787898529,0,Yes,yes,2025-03-26 00:00:00+00:00,2025_03_25_close_1700_PT,2025-03-25 17:00:00-07:00,2025-03-25 22:49:10+00:00,0.41000015340011353
523420,110513468504414111967623727967802735681305040958967125800368195228103949451183,1,No,no,2025-03-26 00:00:00+00:00,2025_03_25_close_1700_PT,2025-03-25 17:00:00-07:00,2025-03-25 22:49:10+00:00,0.5899998465998865
523198,111048886296924495129741424280092672064807186679410610865674623733591163627018,1,No,no,2025-03-26 00:00:00+00:00,2025_03_25_close_1700_PT,2025-03-25 17:00:00-07:00,2025-03-20 20:44:05+00:00,0.9399999962399888
522056,111817814065148789668110176254570458287510111700931938757952739120253070676417,1,No,no,2025-03-26 00:00:00+00:00,2025_03_25_close_1700_PT,2025-03-25 17:00:00-07:00,2025-03-25 21:59:32+00:00,0.5200001728001106
516315,112686805416681376426848642516954883318316273962669944235801308401883591913314,1,No,no,2025-03-26 00:00:00+00:00,2025_03_25_close_1700_PT,2025-03-25 17:00:00-07:00,2025-03-25 18:15:31+00:00,0.946
519844,115151921832306680160638545362939767099400757097903129602011054222202727203606,1,No,no,2025-03-26 00:00:00+00:00,2025_03_25_close_1700_PT,2025-03-25 17:00:00-07:00,2025-02-28 20:07:00+00:00,0.001
524143,1179039883486402183499490082435825463500517700553032674433043579228770785112,0,Yes,yes,2025-03-26 00:00:00+00:00,2025_03_25_close_1700_PT,2025-03-25 17:00:00-07:00,2025-03-25 18:47:48+00:00,0.12
525437,12198166341436727947405729209814148041740036263965322192437253954048906701116,0,Yes,yes,2025-03-26 00:00:00+00:00,2025_03_25_close_1700_PT,2025-03-25 17:00:00-07:00,2025-03-05 19:01:37+00:00,0.99
521100,14990029861718662869816237869973544862792282285138092644462921007650993247380,0,Yes,yes,2025-03-26 00:00:00+00:00,2025_03_25_close_1700_PT,2025-03-25 17:00:00-07:00,2025-03-12 20:16:21+00:00,0.999
516719,15974786252393396629980467963784550802583781222733347534844974829144359265969,0,Yes,yes,2025-03-26 00:00:00+00:00,2025_03_25_close_1700_PT,2025-03-25 17:00:00-07:00,2025-03-25 23:10:22+00:00,0.65
527081,17189149212865445714213344530377307644873493103595435170459256971807866915825,1,No,no,2025-03-26 00:00:00+00:00,2025_03_25_close_1700_PT,2025-03-25 17:00:00-07:00,2025-03-25 21:21:38+00:00,0.7375952867129686
525442,17526688879266974475993857941710252477836369992267558391595367358065513215277,1,No,no,2025-03-26 00:00:00+00:00,2025_03_25_close_1700_PT,2025-03-25 17:00:00-07:00,2025-03-05 19:00:49+00:00,0.999
523198,17636133037698655711537839367918666335877935696344385855077943944327611242596,0,Yes,yes,2025-03-26 00:00:00+00:00,2025_03_25_close_1700_PT,2025-03-25 17:00:00-07:00,2025-03-24 20:32:50+00:00,0.06
518890,1820990530457734990844221236379424325571531338274179313320944848555296238885,0,Yes,yes,2025-03-26 00:00:00+00:00,2025_03_25_close_1700_PT,2025-03-25 17:00:00-07:00,2025-03-25 21:38:42+00:00,0.1799998703999637
521603,18833065283746804110550289341323864262410877417777323132151715138616977528841,0,Yes,yes,2025-03-26 00:00:00+00:00,2025_03_25_close_1700_PT,2025-03-25 17:00:00-07:00,2025-03-25 23:56:24+00:00,0.029
518890,19787433176606062103363478006507471735790167880416910771642279209812633663344,1,No,no,2025-03-26 00:00:00+00:00,2025_03_25_close_1700_PT,2025-03-25 17:00:00-07:00,2025-03-25 21:38:42+00:00,0.8200001296000363
523343,22255463452594162709449800579658835371746668793825841462318307382376621533755,0,Yes,yes,2025-03-26 00:00:00+00:00,2025_03_25_close_1700_PT,2025-03-25 17:00:00-07:00,2025-03-25 19:54:22+00:00,0.62
527279,22752183918002848078277748029145662550669719932108767430775139318472934671798,1,No,no,2025-03-26 00:00:00+00:00,2025_03_25_close_1700_PT,2025-03-25 17:00:00-07:00,2025-03-12 20:16:11+00:00,0.002
524021,22814991468805556116471270417641782171550309851492637070422109257339804109572,1,No,no,2025-03-26 00:00:00+00:00,2025_03_25_close_1700_PT,2025-03-25 17:00:00-07:00,2025-03-25 19:00:48+00:00,0.61
524292,23363560824318474668781482335102625289561748638527872548758492627125630990827,0,Yes,yes,2025-03-26 00:00:00+00:00,2025_03_25_close_1700_PT,2025-03-25 17:00:00-07:00,2025-03-24 14:16:12+00:00,0.1699999758599986
521026,23632768753333496327246137884794918423597173479688585307138116345069085580247,1,No,no,2025-03-26 00:00:00+00:00,2025_03_25_close_1700_PT,2025-03-25 17:00:00-07:00,2025-03-25 23:40:28+00:00,0.3549675864980999
516189,25301545985889508293321782755434072371936771538975200674445139222395623272851,1,No,no,2025-03-26 00:00:00+00:00,2025_03_25_close_1700_PT,2025-03-25 17:00:00-07:00,2025-03-25 01:36:04+00:00,0.967
516143,25742247876332768458781360292043764039507900813404980298479194684402595556451,0,Yes,yes,2025-03-26 00:00:00+00:00,2025_03_25_close_1700_PT,2025-03-25 17:00:00-07:00,2025-03-25 23:47:40+00:00,0.16
516190,27706044619360761256387697290478189707563660684659877077148428665563431908215,1,No,no,2025-03-26 00:00:00+00:00,2025_03_25_close_1700_PT,2025-03-25 17:00:00-07:00,2025-03-23 13:09:01+00:00,0.037000000746325486
525231,27854589915558666949911110700107109304807510472832754346848714713106576041207,0,Yes,yes,2025-03-26 00:00:00+00:00,2025_03_25_close_1700_PT,2025-03-25 17:00:00-07:00,2025-03-23 19:21:00+00:00,0.08
521025,28414938735362964078307100001374150957816395319940009652318455849499629150252,1,No,no,2025-03-26 00:00:00+00:00,2025_03_25_close_1700_PT,2025-03-25 17:00:00-07:00,2025-03-25 15:06:52+00:00,0.6836251931010485
525232,31566724138998405553508313449766802786847999037726188458982786371622924711878,1,No,no,2025-03-26 00:00:00+00:00,2025_03_25_close_1700_PT,2025-03-25 17:00:00-07:00,2025-03-25 21:23:46+00:00,0.72
524143,32156304147657186738936334568719617978558036247795210919856751006394161293073,1,No,no,2025-03-26 00:00:00+00:00,2025_03_25_close_1700_PT,2025-03-25 17:00:00-07:00,2025-03-25 18:47:48+00:00,0.88
526861,32921044856076201189154703786849418887213408387521621721061527935861828024828,0,Yes,yes,2025-03-26 00:00:00+00:00,2025_03_25_close_1700_PT,2025-03-25 17:00:00-07:00,2025-03-25 22:58:40+00:00,0.75
527278,33787629600621860180939604657495798919073059313987957113657471584613393310606,1,No,no,2025-03-26 00:00:00+00:00,2025_03_25_close_1700_PT,2025-03-25 17:00:00-07:00,2025-03-14 17:08:09+00:00,0.001
521499,37809713000353368658683984822433912106052732096671571646866650191133502648634,1,No,no,2025-03-26 00:00:00+00:00,2025_03_25_close_1700_PT,2025-03-25 17:00:00-07:00,2025-03-12 20:16:29+00:00,0.001
519628,37946704943888888914227612417452623974614267503719043957094985529354395995926,1,No,no,2025-03-26 00:00:00+00:00,2025_03_25_close_1700_PT,2025-03-25 17:00:00-07:00,2025-03-25 23:55:54+00:00,0.5600000142592605
517693,38028235049989289118991891250017423701902844342596888644757673357241176888913,1,No,no,2025-03-26 00:00:00+00:00,2025_03_25_close_1700_PT,2025-03-25 17:00:00-07:00,2025-03-24 19:40:44+00:00,0.89
522057,39073221701552764059446410725782004011128353041681427534414147663135223634260,1,No,no,2025-03-26 00:00:00+00:00,2025_03_25_close_1700_PT,2025-03-25 17:00:00-07:00,2025-03-25 21:24:48+00:00,0.75
519628,39327269875426915204597944387916069897800289788920336317845465327697809453999,0,Yes,yes,2025-03-26 00:00:00+00:00,2025_03_25_close_1700_PT,2025-03-25 17:00:00-07:00,2025-03-25 23:55:54+00:00,0.43999998574073956
527279,40001158490980829331315202760805197309678407198352511114569399283632572307422,0,Yes,yes,2025-03-26 00:00:00+00:00,2025_03_25_close_1700_PT,2025-03-25 17:00:00-07:00,2025-03-12 20:19:55+00:00,0.998
521103,40643730425995007653653846322257326466291751148478865541862332040512398068473,1,No,no,2025-03-26 00:00:00+00:00,2025_03_25_close_1700_PT,2025-03-25 17:00:00-07:00,2025-03-25 20:27:44+00:00,0.8700000533000048
519844,40914113765279699847589045742755525912767460490196542143342551731171071232917,0,Yes,yes,2025-03-26 00:00:00+00:00,2025_03_25_close_1700_PT,2025-03-25 17:00:00-07:00,2025-02-28 20:07:00+00:00,0.999
516719,42351579455604873042957090441032286075880144797259231030267680078160718556927,1,No,no,2025-03-26 00:00:00+00:00,2025_03_25_close_1700_PT,2025-03-25 17:00:00-07:00,2025-03-25 23:02:26+00:00,0.34
523413,4274339277583331170231436480507835882687434608350779078862983050349942696879,1,No,no,2025-03-26 00:00:00+00:00,2025_03_25_close_1700_PT,2025-03-25 17:00:00-07:00,2025-03-25 02:16:34+00:00,0.8499999149996685
521100,42807705713627033072721560874549512720856774493986139163714965545915531235572,1,No,no,2025-03-26 00:00:00+00:00,2025_03_25_close_1700_PT,2025-03-25 17:00:00-07:00,2025-03-12 20:16:21+00:00,0.001
524147,43469326409739858395690572881501444443817974097672167644298447954120789600137,0,Yes,yes,2025-03-26 00:00:00+00:00,2025_03_25_close_1700_PT,2025-03-25 17:00:00-07:00,2025-02-28 06:17:16+00:00,0.9988821436653187
518889,44380686214454472779171256638293817778327849773706779670665516622038269778385,1,No,no,2025-03-26 00:00:00+00:00,2025_03_25_close_1700_PT,2025-03-25 17:00:00-07:00,2025-03-25 06:19:06+00:00,0.67
517073,46900460840406661483474634104595482418501684854096906918305683910102403871123,0,Yes,yes,2025-03-26 00:00:00+00:00,2025_03_25_close_1700_PT,2025-03-25 17:00:00-07:00,2025-03-22 13:48:39+00:00,0.21999985479995063
523413,46975241878566226675389813084558441099978633579735672808077735156890286559886,0,Yes,yes,2025-03-26 00:00:00+00:00,2025_03_25_close_1700_PT,2025-03-25 17:00:00-07:00,2025-03-25 21:44:32+00:00,0.15
521499,47692708638309429756044208432818720002044706296619873136468383174493259480485,0,Yes,yes,2025-03-26 00:00:00+00:00,2025_03_25_close_1700_PT,2025-03-25 17:00:00-07:00,2025-03-12 20:16:29+00:00,0.999
522057,48477409091695386761559202853239391470463303066983260592312960625658563043275,0,Yes,yes,2025-03-26 00:00:00+00:00,2025_03_25_close_1700_PT,2025-03-25 17:00:00-07:00,2025-03-25 21:22:08+00:00,0.25
521026,49473000926194462184545427213242554383104595845909786504578023251386790224858,0,Yes,yes,2025-03-26 00:00:00+00:00,2025_03_25_close_1700_PT,2025-03-25 17:00:00-07:00,2025-03-25 23:40:28+00:00,0.65
507984,50284187941943469569202009194355917949339120733469101749033950310686959468007,0,Yes,yes,2025-03-26 00:00:00+00:00,2025_03_25_close_1700_PT,2025-03-25 17:00:00-07:00,2024-12-12 21:27:58+00:00,0.002
521025,50391907985844971368730434370554275352555306650304559981296724287110163889372,0,Yes,yes,2025-03-26 00:00:00+00:00,2025_03_25_close_1700_PT,2025-03-25 17:00:00-07:00,2025-03-25 15:06:52+00:00,0.3100000154030613
527032,52520991936301939851844268554264807330714499642654844594240746592838266792432,1,No,no,2025-03-26 00:00:00+00:00,2025_03_25_close_1700_PT,2025-03-25 17:00:00-07:00,2025-03-11 19:15:04+00:00,0.999
524348,52960782840877996381169383667062216635147767148703288363719115614339176853095,0,Yes,yes,2025-03-26 00:00:00+00:00,2025_03_25_close_1700_PT,2025-03-25 17:00:00-07:00,2025-02-25 19:54:41+00:00,0.001
522878,5442743401928862894180841736263512191564084389996775978514134400673743050598,0,Putin,putin,2025-03-26 00:00:00+00:00,2025_03_25_close_1700_PT,2025-03-25 17:00:00-07:00,2025-02-28 20:00:10+00:00,0.001
522878,55264189025055373090161890959631464405045385380191735792739072809428026021736,1,Zelenskyy,zelenskyy,2025-03-26 00:00:00+00:00,2025_03_25_close_1700_PT,2025-03-25 17:00:00-07:00,2025-02-28 20:00:10+00:00,0.999
523197,55509409310784585364116971076570089959207228118269642206238982520364239944605,1,No,no,2025-03-26 00:00:00+00:00,2025_03_25_close_1700_PT,2025-03-25 17:00:00-07:00,2025-03-25 19:12:48+00:00,0.96
516187,56333219586489855674685549932194420713208928308331628771337419037140355178076,0,Yes,yes,2025-03-26 00:00:00+00:00,2025_03_25_close_1700_PT,2025-03-25 17:00:00-07:00,2025-03-23 10:28:51+00:00,0.04
523343,57160884655103428512814247631012981773015723019889832549493437551469480061242,1,No,no,2025-03-26 00:00:00+00:00,2025_03_25_close_1700_PT,2025-03-25 17:00:00-07:00,2025-03-25 19:54:22+00:00,0.38
516715,5802460671946751538636185453975614627729230853286731735057811449821051691611,0,Yes,yes,2025-03-26 00:00:00+00:00,2025_03_25_close_1700_PT,2025-03-25 17:00:00-07:00,2025-03-25 20:27:32+00:00,0.06000000626667916
522895,62643694748826312587911382162440534823433709821141516597510649054633548502810,0,Yes,yes,2025-03-26 00:00:00+00:00,2025_03_25_close_1700_PT,2025-03-25 17:00:00-07:00,2025-03-25 05:45:54+00:00,0.32
519736,63894828884807366836211275957245556698359823645556214866812004935138375830618,0,Yes,yes,2025-03-26 00:00:00+00:00,2025_03_25_close_1700_PT,2025-03-25 17:00:00-07:00,2025-03-25 14:46:48+00:00,0.1
524147,6436214359665115810717148929293436681245885613476937891713590935932389735242,1,No,no,2025-03-26 00:00:00+00:00,2025_03_25_close_1700_PT,2025-03-25 17:00:00-07:00,2025-02-28 06:17:16+00:00,0.001
525157,64545313588399663482682286511585103428301403511234717343459455007091083337075,1,No,no,2025-03-26 00:00:00+00:00,2025_03_25_close_1700_PT,2025-03-25 17:00:00-07:00,2025-03-25 20:56:17+00:00,0.760004797979798
524291,6456202668171707900880212750943570928813250356351945554332572852984770395210,1,No,no,2025-03-26 00:00:00+00:00,2025_03_25_close_1700_PT,2025-03-25 17:00:00-07:00,2025-03-25 20:28:34+00:00,0.84
526861,65449845407755668776897976670879705991692250175624922195548093200952844680115,1,No,no,2025-03-26 00:00:00+00:00,2025_03_25_close_1700_PT,2025-03-25 17:00:00-07:00,2025-03-25 22:48:22+00:00,0.31
524285,65482627758879803524003778479202246178420046841505286705606240559010331503838,0,Yes,yes,2025-03-26 00:00:00+00:00,2025_03_25_close_1700_PT,2025-03-25 17:00:00-07:00,2025-03-25 22:00:42+00:00,0.4399999894399992
526814,65961864506371256053813328069691531595710124813443748296296270747497043580971,1,No,no,2025-03-26 00:00:00+00:00,2025_03_25_close_1700_PT,2025-03-25 17:00:00-07:00,2025-03-25 19:12:44+00:00,0.001
522895,66339636783489562244427406324835042611372608866942882907689045655663784195972,1,No,no,2025-03-26 00:00:00+00:00,2025_03_25_close_1700_PT,2025-03-25 17:00:00-07:00,2025-03-25 02:40:12+00:00,0.6900090567254044
524145,66356062315875533075062405949409720397580573066885585702377343083606583765118,0,Yes,yes,2025-03-26 00:00:00+00:00,2025_03_25_close_1700_PT,2025-03-25 17:00:00-07:00,2025-02-28 18:42:39+00:00,0.999
524310,6800060988333615171942817578522303119129729510028069894794248047438283072436,1,No,no,2025-03-26 00:00:00+00:00,2025_03_25_close_1700_PT,2025-03-25 17:00:00-07:00,2025-03-25 02:14:26+00:00,0.001
507984,68914504833157616843053838732988841773228477730246651549660144444755511574372,1,No,no,2025-03-26 00:00:00+00:00,2025_03_25_close_1700_PT,2025-03-25 17:00:00-07:00,2024-12-12 21:27:58+00:00,0.998
517693,69226537548379102137110260910766942274764101034650179979960227372969528243604,0,Yes,yes,2025-03-26 00:00:00+00:00,2025_03_25_close_1700_PT,2025-03-25 17:00:00-07:00,2025-03-24 16:43:44+00:00,0.09
521041,70920939650366426146836696994150938025168677239124917474200404356093431153260,1,No,no,2025-03-26 00:00:00+00:00,2025_03_25_close_1700_PT,2025-03-25 17:00:00-07:00,2025-03-25 23:57:20+00:00,0.93
516189,71685983838843709915160975671540060908877886707703474939962098991499689519711,0,Yes,yes,2025-03-26 00:00:00+00:00,2025_03_25_close_1700_PT,2025-03-25 17:00:00-07:00,2025-03-25 01:36:04+00:00,0.031224489795918367
525232,73663957466489274595176785305097386128325404078001917490010407904837134882577,0,Yes,yes,2025-03-26 00:00:00+00:00,2025_03_25_close_1700_PT,2025-03-25 17:00:00-07:00,2025-03-25 21:23:46+00:00,0.28
524348,73984012795437798473481687953253285098754321969692105101879063972760068638228,1,No,no,2025-03-26 00:00:00+00:00,2025_03_25_close_1700_PT,2025-03-25 17:00:00-07:00,2025-02-25 19:54:41+00:00,0.999
525157,74129046843921940913413587682588886122583847748489066762857187137233978267670,0,Yes,yes,2025-03-26 00:00:00+00:00,2025_03_25_close_1700_PT,2025-03-25 17:00:00-07:00,2025-03-25 20:56:17+00:00,0.23
519048,74534059827731044353009484655251717921023956616694121520435859117169009979824,0,Yes,yes,2025-03-26 00:00:00+00:00,2025_03_25_close_1700_PT,2025-03-25 17:00:00-07:00,2025-03-25 21:10:44+00:00,0.1
524477,75533964938719028696952998369094361524498526879485856631877081096914627658644,1,No,no,2025-03-26 00:00:00+00:00,2025_03_25_close_1700_PT,2025-03-25 17:00:00-07:00,2025-03-25 19:18:04+00:00,0.9699999980599977
518889,76417393963448037479806799796874747547221511591996743269503725518742470496274,0,Yes,yes,2025-03-26 00:00:00+00:00,2025_03_25_close_1700_PT,2025-03-25 17:00:00-07:00,2025-03-25 06:19:06+00:00,0.3298259868421053
523197,76517872896411850784270344965682992803318434169987777444136970978963357739156,0,Yes,yes,2025-03-26 00:00:00+00:00,2025_03_25_close_1700_PT,2025-03-25 17:00:00-07:00,2025-03-25 19:12:48+00:00,0.04
519048,76643504232063200802060773779828726415087044269171506931668031354693251545396,1,No,no,2025-03-26 00:00:00+00:00,2025_03_25_close_1700_PT,2025-03-25 17:00:00-07:00,2025-03-25 21:10:44+00:00,0.9
527278,76683579252562835143863542840343898007243510337054657506558517873008498105093,0,Yes,yes,2025-03-26 00:00:00+00:00,2025_03_25_close_1700_PT,2025-03-25 17:00:00-07:00,2025-03-14 17:08:09+00:00,0.999
516187,76896069667756716472035601301016783496873889454464161011234150458037478069918,1,No,no,2025-03-26 00:00:00+00:00,2025_03_25_close_1700_PT,2025-03-25 17:00:00-07:00,2025-03-24 14:33:43+00:00,0.96
517073,78869803177078589287716771530665317651497156168734051494454473188006845916520,1,No,no,2025-03-26 00:00:00+00:00,2025_03_25_close_1700_PT,2025-03-25 17:00:00-07:00,2025-03-25 07:02:25+00:00,0.79
522894,81020312652589627285197771109762839746287006928172707150877539028691834065212,0,Yes,yes,2025-03-26 00:00:00+00:00,2025_03_25_close_1700_PT,2025-03-25 17:00:00-07:00,2025-03-22 15:44:02+00:00,0.06
524310,82246973513888061559569421022652964687465272762066736721360354291228748283806,0,Yes,yes,2025-03-26 00:00:00+00:00,2025_03_25_close_1700_PT,2025-03-25 17:00:00-07:00,2025-03-25 02:14:26+00:00,0.999
516190,83080252071092689902932666850490074811760131055025811650818073654402601835484,0,Yes,yes,2025-03-26 00:00:00+00:00,2025_03_25_close_1700_PT,2025-03-25 17:00:00-07:00,2025-03-24 18:16:32+00:00,0.96
521041,83524440200143860657028178945801858366378129256359488825050609853223919531809,0,Yes,yes,2025-03-26 00:00:00+00:00,2025_03_25_close_1700_PT,2025-03-25 17:00:00-07:00,2025-03-24 20:58:10+00:00,0.07
524477,83547673164506671794819260938344653989875088069034224812175182562166039721574,0,Yes,yes,2025-03-26 00:00:00+00:00,2025_03_25_close_1700_PT,2025-03-25 17:00:00-07:00,2025-03-25 19:18:04+00:00,0.030000001940002324
525231,83742739530586820493605246339344277590673217105618245459443915506041800643469,1,No,no,2025-03-26 00:00:00+00:00,2025_03_25_close_1700_PT,2025-03-25 17:00:00-07:00,2025-03-24 09:18:30+00:00,0.91
510319,84888738552927367074645370589243532246434846262240067551074642775011167355434,0,Yes,yes,2025-03-26 00:00:00+00:00,2025_03_25_close_1700_PT,2025-03-25 17:00:00-07:00,2025-03-25 23:28:32+00:00,0.15
527081,85329416514471004297478005149625146014624743562622421967455557722819447174298,0,Yes,yes,2025-03-26 00:00:00+00:00,2025_03_25_close_1700_PT,2025-03-25 17:00:00-07:00,2025-03-25 21:21:38+00:00,0.22000000054544083
526229,86304131703011980721755979925817881408007934797292837200662297834354514178950,1,No,no,2025-03-26 00:00:00+00:00,2025_03_25_close_1700_PT,2025-03-25 17:00:00-07:00,2025-03-25 16:54:22+00:00,0.977
510319,86857783363775257860227917708309268561005168570896999677788731255030014967896,1,No,no,2025-03-26 00:00:00+00:00,2025_03_25_close_1700_PT,2025-03-25 17:00:00-07:00,2025-03-25 23:34:28+00:00,0.84
526229,88551081062941956754624270296481102277138087249231124901142839087117648363109,0,Yes,yes,2025-03-26 00:00:00+00:00,2025_03_25_close_1700_PT,2025-03-25 17:00:00-07:00,2025-03-25 21:31:12+00:00,0.024
524292,9014695769446700891659134648259488341557414914618690658701879241952037527074,1,No,no,2025-03-26 00:00:00+00:00,2025_03_25_close_1700_PT,2025-03-25 17:00:00-07:00,2025-03-25 16:57:52+00:00,0.85
527032,90544185197348445762400462367487730947998989538649021442756705113012034127717,0,Yes,yes,2025-03-26 00:00:00+00:00,2025_03_25_close_1700_PT,2025-03-25 17:00:00-07:00,2025-03-11 17:55:03+00:00,0.01
516315,9252583647094848244431316973245869222379640287360099162283052699401101960353,0,Yes,yes,2025-03-26 00:00:00+00:00,2025_03_25_close_1700_PT,2025-03-25 17:00:00-07:00,2025-03-25 20:27:24+00:00,0.054000000054
516143,95786924372760057572092804419385993470890190892343223404877167501659835222533,1,No,no,2025-03-26 00:00:00+00:00,2025_03_25_close_1700_PT,2025-03-25 17:00:00-07:00,2025-03-25 23:20:14+00:00,0.83
522056,96601928894191559916157952751631886797424000157973909225754084049773554405468,0,Yes,yes,2025-03-26 00:00:00+00:00,2025_03_25_close_1700_PT,2025-03-25 17:00:00-07:00,2025-03-25 21:59:32+00:00,0.47999982719988943
527005,96618036676034164847772351078297997221316377064022855127438030193903015078566,1,No,no,2025-03-26 00:00:00+00:00,2025_03_25_close_1700_PT,2025-03-25 17:00:00-07:00,2025-03-25 21:17:04+00:00,0.8146975331035734
524021,97262919156133260921887403057581420516585464065308475066791456615017669503669,0,Yes,yes,2025-03-26 00:00:00+00:00,2025_03_25_close_1700_PT,2025-03-25 17:00:00-07:00,2025-03-25 19:00:48+00:00,0.39
527005,100121345789532362055123879793212027312379236056429540221720415709850532973373,0,Yes,yes,2025-03-26 12:00:00+00:00,2025_03_26_open_0500_PT,2025-03-26 05:00:00-07:00,2025-03-25 21:17:04+00:00,0.17
507311,102006319303460238827563664446951754516041393632850360444322469125777577388771,0,Yes,yes,2025-03-26 12:00:00+00:00,2025_03_26_open_0500_PT,2025-03-26 05:00:00-07:00,2025-01-29 21:39:28+00:00,0.001
524145,102062916030133807330186342894442541205582789480933958339342744794892413850627,1,No,no,2025-03-26 12:00:00+00:00,2025_03_26_open_0500_PT,2025-03-26 05:00:00-07:00,2025-02-28 16:13:57+00:00,0.001
525437,10316592426452860464899722692398677096383513371344164830735417650138017205817,1,No,no,2025-03-26 12:00:00+00:00,2025_03_26_open_0500_PT,2025-03-26 05:00:00-07:00,2025-03-05 19:01:37+00:00,0.01
521103,103909253011351322759892776638669457027523901655815490042130382730360706229706,0,Yes,yes,2025-03-26 12:00:00+00:00,2025_03_26_open_0500_PT,2025-03-26 05:00:00-07:00,2025-03-25 20:27:44+00:00,0.1299999466999952
516715,104795148936930645520469554178353538587130154145659561962269514319642274480768,1,No,no,2025-03-26 12:00:00+00:00,2025_03_26_open_0500_PT,2025-03-26 05:00:00-07:00,2025-03-25 20:27:32+00:00,0.9399999937333209
526814,105039045108735350701067761926660919174556796573940954887933194396971464305066,0,Yes,yes,2025-03-26 12:00:00+00:00,2025_03_26_open_0500_PT,2025-03-26 05:00:00-07:00,2025-03-25 19:12:44+00:00,0.999
524291,106785705064968660332067023300536266535388124753272914243541205698423062856246,0,Yes,yes,2025-03-26 12:00:00+00:00,2025_03_26_open_0500_PT,2025-03-26 05:00:00-07:00,2025-03-26 01:31:59+00:00,0.14
524285,107643187201000404038693592426566378917534508353468263334674357442312114112510,1,No,no,2025-03-26 12:00:00+00:00,2025_03_26_open_0500_PT,2025-03-26 05:00:00-07:00,2025-03-26 10:56:27+00:00,0.5899999874062082
525442,108057916747365167542504013787062021441684619476265070483570121865318046932052,0,Yes,yes,2025-03-26 12:00:00+00:00,2025_03_26_open_0500_PT,2025-03-26 05:00:00-07:00,2025-03-05 19:00:49+00:00,0.001
521603,108064859672314536571175804798614410280877635973727667622803804179444259690672,1,No,no,2025-03-26 12:00:00+00:00,2025_03_26_open_0500_PT,2025-03-26 05:00:00-07:00,2025-03-26 11:52:07+00:00,0.976
522894,108303820542127194670275571355095079674537367635794408292209711330192187534707,1,No,no,2025-03-26 12:00:00+00:00,2025_03_26_open_0500_PT,2025-03-26 05:00:00-07:00,2025-03-26 10:18:19+00:00,0.94
519736,108331518505056537403722461966654684743488871885239753047834907734450664515452,1,No,no,2025-03-26 12:00:00+00:00,2025_03_26_open_0500_PT,2025-03-26 05:00:00-07:00,2025-03-26 08:54:31+00:00,0.927
507311,109788973099970019996072517823266794542154906066004680247007602517078576240900,1,No,no,2025-03-26 12:00:00+00:00,2025_03_26_open_0500_PT,2025-03-26 05:00:00-07:00,2025-01-29 21:39:28+00:00,0.999
523420,110303218457795832861589414223072133732424840017074962598980991451216787898529,0,Yes,yes,2025-03-26 12:00:00+00:00,2025_03_26_open_0500_PT,2025-03-26 05:00:00-07:00,2025-03-26 11:45:11+00:00,0.4199998235998977
523420,110513468504414111967623727967802735681305040958967125800368195228103949451183,1,No,no,2025-03-26 12:00:00+00:00,2025_03_26_open_0500_PT,2025-03-26 05:00:00-07:00,2025-03-26 11:45:11+00:00,0.5800001764001023
523198,111048886296924495129741424280092672064807186679410610865674623733591163627018,1,No,no,2025-03-26 12:00:00+00:00,2025_03_26_open_0500_PT,2025-03-26 05:00:00-07:00,2025-03-20 20:44:05+00:00,0.9399999962399888
522056,111817814065148789668110176254570458287510111700931938757952739120253070676417,1,No,no,2025-03-26 12:00:00+00:00,2025_03_26_open_0500_PT,2025-03-26 05:00:00-07:00,2025-03-26 10:21:33+00:00,0.5
516315,112686805416681376426848642516954883318316273962669944235801308401883591913314,1,No,no,2025-03-26 12:00:00+00:00,2025_03_26_open_0500_PT,2025-03-26 05:00:00-07:00,2025-03-25 18:15:31+00:00,0.946
519844,115151921832306680160638545362939767099400757097903129602011054222202727203606,1,No,no,2025-03-26 12:00:00+00:00,2025_03_26_open_0500_PT,2025-03-26 05:00:00-07:00,2025-02-28 20:07:00+00:00,0.001
524143,1179039883486402183499490082435825463500517700553032674433043579228770785112,0,Yes,yes,2025-03-26 12:00:00+00:00,2025_03_26_open_0500_PT,2025-03-26 05:00:00-07:00,2025-03-25 18:47:48+00:00,0.12
525437,12198166341436727947405729209814148041740036263965322192437253954048906701116,0,Yes,yes,2025-03-26 12:00:00+00:00,2025_03_26_open_0500_PT,2025-03-26 05:00:00-07:00,2025-03-05 19:01:37+00:00,0.99
521100,14990029861718662869816237869973544862792282285138092644462921007650993247380,0,Yes,yes,2025-03-26 12:00:00+00:00,2025_03_26_open_0500_PT,2025-03-26 05:00:00-07:00,2025-03-12 20:16:21+00:00,0.999
516719,15974786252393396629980467963784550802583781222733347534844974829144359265969,0,Yes,yes,2025-03-26 12:00:00+00:00,2025_03_26_open_0500_PT,2025-03-26 05:00:00-07:00,2025-03-26 11:33:57+00:00,0.67
527081,17189149212865445714213344530377307644873493103595435170459256971807866915825,1,No,no,2025-03-26 12:00:00+00:00,2025_03_26_open_0500_PT,2025-03-26 05:00:00-07:00,2025-03-26 10:47:43+00:00,0.6899995930766414
525442,17526688879266974475993857941710252477836369992267558391595367358065513215277,1,No,no,2025-03-26 12:00:00+00:00,2025_03_26_open_0500_PT,2025-03-26 05:00:00-07:00,2025-03-05 19:00:49+00:00,0.999
523198,17636133037698655711537839367918666335877935696344385855077943944327611242596,0,Yes,yes,2025-03-26 12:00:00+00:00,2025_03_26_open_0500_PT,2025-03-26 05:00:00-07:00,2025-03-24 20:32:50+00:00,0.06
518890,1820990530457734990844221236379424325571531338274179313320944848555296238885,0,Yes,yes,2025-03-26 12:00:00+00:00,2025_03_26_open_0500_PT,2025-03-26 05:00:00-07:00,2025-03-25 21:38:42+00:00,0.1799998703999637
521603,18833065283746804110550289341323864262410877417777323132151715138616977528841,0,Yes,yes,2025-03-26 12:00:00+00:00,2025_03_26_open_0500_PT,2025-03-26 05:00:00-07:00,2025-03-26 11:58:08+00:00,0.026
518890,19787433176606062103363478006507471735790167880416910771642279209812633663344,1,No,no,2025-03-26 12:00:00+00:00,2025_03_26_open_0500_PT,2025-03-26 05:00:00-07:00,2025-03-25 21:38:42+00:00,0.8200001296000363
523343,22255463452594162709449800579658835371746668793825841462318307382376621533755,0,Yes,yes,2025-03-26 12:00:00+00:00,2025_03_26_open_0500_PT,2025-03-26 05:00:00-07:00,2025-03-26 08:07:17+00:00,0.6
527279,22752183918002848078277748029145662550669719932108767430775139318472934671798,1,No,no,2025-03-26 12:00:00+00:00,2025_03_26_open_0500_PT,2025-03-26 05:00:00-07:00,2025-03-12 20:16:11+00:00,0.002
524021,22814991468805556116471270417641782171550309851492637070422109257339804109572,1,No,no,2025-03-26 12:00:00+00:00,2025_03_26_open_0500_PT,2025-03-26 05:00:00-07:00,2025-03-26 10:42:23+00:00,0.6299999880299978
524292,23363560824318474668781482335102625289561748638527872548758492627125630990827,0,Yes,yes,2025-03-26 12:00:00+00:00,2025_03_26_open_0500_PT,2025-03-26 05:00:00-07:00,2025-03-24 14:16:12+00:00,0.1699999758599986
521026,23632768753333496327246137884794918423597173479688585307138116345069085580247,1,No,no,2025-03-26 12:00:00+00:00,2025_03_26_open_0500_PT,2025-03-26 05:00:00-07:00,2025-03-26 11:28:54+00:00,0.38
516189,25301545985889508293321782755434072371936771538975200674445139222395623272851,1,No,no,2025-03-26 12:00:00+00:00,2025_03_26_open_0500_PT,2025-03-26 05:00:00-07:00,2025-03-25 01:36:04+00:00,0.967
516143,25742247876332768458781360292043764039507900813404980298479194684402595556451,0,Yes,yes,2025-03-26 12:00:00+00:00,2025_03_26_open_0500_PT,2025-03-26 05:00:00-07:00,2025-03-26 09:25:49+00:00,0.16
516190,27706044619360761256387697290478189707563660684659877077148428665563431908215,1,No,no,2025-03-26 12:00:00+00:00,2025_03_26_open_0500_PT,2025-03-26 05:00:00-07:00,2025-03-23 13:09:01+00:00,0.037000000746325486
525231,27854589915558666949911110700107109304807510472832754346848714713106576041207,0,Yes,yes,2025-03-26 12:00:00+00:00,2025_03_26_open_0500_PT,2025-03-26 05:00:00-07:00,2025-03-23 19:21:00+00:00,0.08
521025,28414938735362964078307100001374150957816395319940009652318455849499629150252,1,No,no,2025-03-26 12:00:00+00:00,2025_03_26_open_0500_PT,2025-03-26 05:00:00-07:00,2025-03-26 11:49:30+00:00,0.7
525232,31566724138998405553508313449766802786847999037726188458982786371622924711878,1,No,no,2025-03-26 12:00:00+00:00,2025_03_26_open_0500_PT,2025-03-26 05:00:00-07:00,2025-03-26 06:48:39+00:00,0.75
524143,32156304147657186738936334568719617978558036247795210919856751006394161293073,1,No,no,2025-03-26 12:00:00+00:00,2025_03_26_open_0500_PT,2025-03-26 05:00:00-07:00,2025-03-25 18:47:48+00:00,0.88
526861,32921044856076201189154703786849418887213408387521621721061527935861828024828,0,Yes,yes,2025-03-26 12:00:00+00:00,2025_03_26_open_0500_PT,2025-03-26 05:00:00-07:00,2025-03-26 09:15:23+00:00,0.76
527278,33787629600621860180939604657495798919073059313987957113657471584613393310606,1,No,no,2025-03-26 12:00:00+00:00,2025_03_26_open_0500_PT,2025-03-26 05:00:00-07:00,2025-03-14 17:08:09+00:00,0.001
521499,37809713000353368658683984822433912106052732096671571646866650191133502648634,1,No,no,2025-03-26 12:00:00+00:00,2025_03_26_open_0500_PT,2025-03-26 05:00:00-07:00,2025-03-12 20:16:29+00:00,0.001
519628,37946704943888888914227612417452623974614267503719043957094985529354395995926,1,No,no,2025-03-26 12:00:00+00:00,2025_03_26_open_0500_PT,2025-03-26 05:00:00-07:00,2025-03-26 11:54:04+00:00,0.56
517693,38028235049989289118991891250017423701902844342596888644757673357241176888913,1,No,no,2025-03-26 12:00:00+00:00,2025_03_26_open_0500_PT,2025-03-26 05:00:00-07:00,2025-03-24 19:40:44+00:00,0.89
522057,39073221701552764059446410725782004011128353041681427534414147663135223634260,1,No,no,2025-03-26 12:00:00+00:00,2025_03_26_open_0500_PT,2025-03-26 05:00:00-07:00,2025-03-26 08:16:37+00:00,0.75
519628,39327269875426915204597944387916069897800289788920336317845465327697809453999,0,Yes,yes,2025-03-26 12:00:00+00:00,2025_03_26_open_0500_PT,2025-03-26 05:00:00-07:00,2025-03-26 11:54:04+00:00,0.44
527279,40001158490980829331315202760805197309678407198352511114569399283632572307422,0,Yes,yes,2025-03-26 12:00:00+00:00,2025_03_26_open_0500_PT,2025-03-26 05:00:00-07:00,2025-03-12 20:19:55+00:00,0.998
521103,40643730425995007653653846322257326466291751148478865541862332040512398068473,1,No,no,2025-03-26 12:00:00+00:00,2025_03_26_open_0500_PT,2025-03-26 05:00:00-07:00,2025-03-25 20:27:44+00:00,0.8700000533000048
519844,40914113765279699847589045742755525912767460490196542143342551731171071232917,0,Yes,yes,2025-03-26 12:00:00+00:00,2025_03_26_open_0500_PT,2025-03-26 05:00:00-07:00,2025-02-28 20:07:00+00:00,0.999
516719,42351579455604873042957090441032286075880144797259231030267680078160718556927,1,No,no,2025-03-26 12:00:00+00:00,2025_03_26_open_0500_PT,2025-03-26 05:00:00-07:00,2025-03-26 11:31:45+00:00,0.33999993631419206
523413,4274339277583331170231436480507835882687434608350779078862983050349942696879,1,No,no,2025-03-26 12:00:00+00:00,2025_03_26_open_0500_PT,2025-03-26 05:00:00-07:00,2025-03-26 00:53:03+00:00,0.83
521100,42807705713627033072721560874549512720856774493986139163714965545915531235572,1,No,no,2025-03-26 12:00:00+00:00,2025_03_26_open_0500_PT,2025-03-26 05:00:00-07:00,2025-03-12 20:16:21+00:00,0.001
524147,43469326409739858395690572881501444443817974097672167644298447954120789600137,0,Yes,yes,2025-03-26 12:00:00+00:00,2025_03_26_open_0500_PT,2025-03-26 05:00:00-07:00,2025-02-28 06:17:16+00:00,0.9988821436653187
518889,44380686214454472779171256638293817778327849773706779670665516622038269778385,1,No,no,2025-03-26 12:00:00+00:00,2025_03_26_open_0500_PT,2025-03-26 05:00:00-07:00,2025-03-26 07:08:53+00:00,0.6892825733480927
517073,46900460840406661483474634104595482418501684854096906918305683910102403871123,0,Yes,yes,2025-03-26 12:00:00+00:00,2025_03_26_open_0500_PT,2025-03-26 05:00:00-07:00,2025-03-22 13:48:39+00:00,0.21999985479995063
523413,46975241878566226675389813084558441099978633579735672808077735156890286559886,0,Yes,yes,2025-03-26 12:00:00+00:00,2025_03_26_open_0500_PT,2025-03-26 05:00:00-07:00,2025-03-26 03:42:05+00:00,0.15
521499,47692708638309429756044208432818720002044706296619873136468383174493259480485,0,Yes,yes,2025-03-26 12:00:00+00:00,2025_03_26_open_0500_PT,2025-03-26 05:00:00-07:00,2025-03-12 20:16:29+00:00,0.999
522057,48477409091695386761559202853239391470463303066983260592312960625658563043275,0,Yes,yes,2025-03-26 12:00:00+00:00,2025_03_26_open_0500_PT,2025-03-26 05:00:00-07:00,2025-03-26 08:16:37+00:00,0.25
521026,49473000926194462184545427213242554383104595845909786504578023251386790224858,0,Yes,yes,2025-03-26 12:00:00+00:00,2025_03_26_open_0500_PT,2025-03-26 05:00:00-07:00,2025-03-26 11:28:54+00:00,0.62
507984,50284187941943469569202009194355917949339120733469101749033950310686959468007,0,Yes,yes,2025-03-26 12:00:00+00:00,2025_03_26_open_0500_PT,2025-03-26 05:00:00-07:00,2024-12-12 21:27:58+00:00,0.002
521025,50391907985844971368730434370554275352555306650304559981296724287110163889372,0,Yes,yes,2025-03-26 12:00:00+00:00,2025_03_26_open_0500_PT,2025-03-26 05:00:00-07:00,2025-03-26 10:47:01+00:00,0.32999997766153655
527032,52520991936301939851844268554264807330714499642654844594240746592838266792432,1,No,no,2025-03-26 12:00:00+00:00,2025_03_26_open_0500_PT,2025-03-26 05:00:00-07:00,2025-03-11 19:15:04+00:00,0.999
524348,52960782840877996381169383667062216635147767148703288363719115614339176853095,0,Yes,yes,2025-03-26 12:00:00+00:00,2025_03_26_open_0500_PT,2025-03-26 05:00:00-07:00,2025-02-25 19:54:41+00:00,0.001
522878,5442743401928862894180841736263512191564084389996775978514134400673743050598,0,Putin,putin,2025-03-26 12:00:00+00:00,2025_03_26_open_0500_PT,2025-03-26 05:00:00-07:00,2025-02-28 20:00:10+00:00,0.001
522878,55264189025055373090161890959631464405045385380191735792739072809428026021736,1,Zelenskyy,zelenskyy,2025-03-26 12:00:00+00:00,2025_03_26_open_0500_PT,2025-03-26 05:00:00-07:00,2025-02-28 20:00:10+00:00,0.999
523197,55509409310784585364116971076570089959207228118269642206238982520364239944605,1,No,no,2025-03-26 12:00:00+00:00,2025_03_26_open_0500_PT,2025-03-26 05:00:00-07:00,2025-03-26 10:42:07+00:00,0.963
516187,56333219586489855674685549932194420713208928308331628771337419037140355178076,0,Yes,yes,2025-03-26 12:00:00+00:00,2025_03_26_open_0500_PT,2025-03-26 05:00:00-07:00,2025-03-23 10:28:51+00:00,0.04
523343,57160884655103428512814247631012981773015723019889832549493437551469480061242,1,No,no,2025-03-26 12:00:00+00:00,2025_03_26_open_0500_PT,2025-03-26 05:00:00-07:00,2025-03-26 07:33:21+00:00,0.3989632988497178
516715,5802460671946751538636185453975614627729230853286731735057811449821051691611,0,Yes,yes,2025-03-26 12:00:00+00:00,2025_03_26_open_0500_PT,2025-03-26 05:00:00-07:00,2025-03-25 20:27:32+00:00,0.06000000626667916
522895,62643694748826312587911382162440534823433709821141516597510649054633548502810,0,Yes,yes,2025-03-26 12:00:00+00:00,2025_03_26_open_0500_PT,2025-03-26 05:00:00-07:00,2025-03-25 05:45:54+00:00,0.32
519736,63894828884807366836211275957245556698359823645556214866812004935138375830618,0,Yes,yes,2025-03-26 12:00:00+00:00,2025_03_26_open_0500_PT,2025-03-26 05:00:00-07:00,2025-03-26 07:02:49+00:00,0.061
524147,6436214359665115810717148929293436681245885613476937891713590935932389735242,1,No,no,2025-03-26 12:00:00+00:00,2025_03_26_open_0500_PT,2025-03-26 05:00:00-07:00,2025-02-28 06:17:16+00:00,0.001
525157,64545313588399663482682286511585103428301403511234717343459455007091083337075,1,No,no,2025-03-26 12:00:00+00:00,2025_03_26_open_0500_PT,2025-03-26 05:00:00-07:00,2025-03-26 08:54:51+00:00,0.760000003264
524291,6456202668171707900880212750943570928813250356351945554332572852984770395210,1,No,no,2025-03-26 12:00:00+00:00,2025_03_26_open_0500_PT,2025-03-26 05:00:00-07:00,2025-03-26 02:08:13+00:00,0.876494012590276
526861,65449845407755668776897976670879705991692250175624922195548093200952844680115,1,No,no,2025-03-26 12:00:00+00:00,2025_03_26_open_0500_PT,2025-03-26 05:00:00-07:00,2025-03-26 09:15:23+00:00,0.24
524285,65482627758879803524003778479202246178420046841505286705606240559010331503838,0,Yes,yes,2025-03-26 12:00:00+00:00,2025_03_26_open_0500_PT,2025-03-26 05:00:00-07:00,2025-03-26 10:56:27+00:00,0.41000001259379176
526814,65961864506371256053813328069691531595710124813443748296296270747497043580971,1,No,no,2025-03-26 12:00:00+00:00,2025_03_26_open_0500_PT,2025-03-26 05:00:00-07:00,2025-03-25 19:12:44+00:00,0.001
522895,66339636783489562244427406324835042611372608866942882907689045655663784195972,1,No,no,2025-03-26 12:00:00+00:00,2025_03_26_open_0500_PT,2025-03-26 05:00:00-07:00,2025-03-25 02:40:12+00:00,0.6900090567254044
524145,66356062315875533075062405949409720397580573066885585702377343083606583765118,0,Yes,yes,2025-03-26 12:00:00+00:00,2025_03_26_open_0500_PT,2025-03-26 05:00:00-07:00,2025-02-28 18:42:39+00:00,0.999
524310,6800060988333615171942817578522303119129729510028069894794248047438283072436,1,No,no,2025-03-26 12:00:00+00:00,2025_03_26_open_0500_PT,2025-03-26 05:00:00-07:00,2025-03-25 02:14:26+00:00,0.001
507984,68914504833157616843053838732988841773228477730246651549660144444755511574372,1,No,no,2025-03-26 12:00:00+00:00,2025_03_26_open_0500_PT,2025-03-26 05:00:00-07:00,2024-12-12 21:27:58+00:00,0.998
517693,69226537548379102137110260910766942274764101034650179979960227372969528243604,0,Yes,yes,2025-03-26 12:00:00+00:00,2025_03_26_open_0500_PT,2025-03-26 05:00:00-07:00,2025-03-24 16:43:44+00:00,0.09
521041,70920939650366426146836696994150938025168677239124917474200404356093431153260,1,No,no,2025-03-26 12:00:00+00:00,2025_03_26_open_0500_PT,2025-03-26 05:00:00-07:00,2025-03-26 03:25:41+00:00,0.94
516189,71685983838843709915160975671540060908877886707703474939962098991499689519711,0,Yes,yes,2025-03-26 12:00:00+00:00,2025_03_26_open_0500_PT,2025-03-26 05:00:00-07:00,2025-03-25 01:36:04+00:00,0.031224489795918367
525232,73663957466489274595176785305097386128325404078001917490010407904837134882577,0,Yes,yes,2025-03-26 12:00:00+00:00,2025_03_26_open_0500_PT,2025-03-26 05:00:00-07:00,2025-03-26 06:48:39+00:00,0.25
524348,73984012795437798473481687953253285098754321969692105101879063972760068638228,1,No,no,2025-03-26 12:00:00+00:00,2025_03_26_open_0500_PT,2025-03-26 05:00:00-07:00,2025-02-25 19:54:41+00:00,0.999
525157,74129046843921940913413587682588886122583847748489066762857187137233978267670,0,Yes,yes,2025-03-26 12:00:00+00:00,2025_03_26_open_0500_PT,2025-03-26 05:00:00-07:00,2025-03-26 08:54:51+00:00,0.23999999673599998
519048,74534059827731044353009484655251717921023956616694121520435859117169009979824,0,Yes,yes,2025-03-26 12:00:00+00:00,2025_03_26_open_0500_PT,2025-03-26 05:00:00-07:00,2025-03-26 11:43:57+00:00,0.09
524477,75533964938719028696952998369094361524498526879485856631877081096914627658644,1,No,no,2025-03-26 12:00:00+00:00,2025_03_26_open_0500_PT,2025-03-26 05:00:00-07:00,2025-03-25 19:18:04+00:00,0.9699999980599977
518889,76417393963448037479806799796874747547221511591996743269503725518742470496274,0,Yes,yes,2025-03-26 12:00:00+00:00,2025_03_26_open_0500_PT,2025-03-26 05:00:00-07:00,2025-03-26 07:08:53+00:00,0.3
523197,76517872896411850784270344965682992803318434169987777444136970978963357739156,0,Yes,yes,2025-03-26 12:00:00+00:00,2025_03_26_open_0500_PT,2025-03-26 05:00:00-07:00,2025-03-26 04:21:55+00:00,0.039
519048,76643504232063200802060773779828726415087044269171506931668031354693251545396,1,No,no,2025-03-26 12:00:00+00:00,2025_03_26_open_0500_PT,2025-03-26 05:00:00-07:00,2025-03-26 11:43:57+00:00,0.91
527278,76683579252562835143863542840343898007243510337054657506558517873008498105093,0,Yes,yes,2025-03-26 12:00:00+00:00,2025_03_26_open_0500_PT,2025-03-26 05:00:00-07:00,2025-03-14 17:08:09+00:00,0.999
516187,76896069667756716472035601301016783496873889454464161011234150458037478069918,1,No,no,2025-03-26 12:00:00+00:00,2025_03_26_open_0500_PT,2025-03-26 05:00:00-07:00,2025-03-24 14:33:43+00:00,0.96
517073,78869803177078589287716771530665317651497156168734051494454473188006845916520,1,No,no,2025-03-26 12:00:00+00:00,2025_03_26_open_0500_PT,2025-03-26 05:00:00-07:00,2025-03-25 07:02:25+00:00,0.79
522894,81020312652589627285197771109762839746287006928172707150877539028691834065212,0,Yes,yes,2025-03-26 12:00:00+00:00,2025_03_26_open_0500_PT,2025-03-26 05:00:00-07:00,2025-03-22 15:44:02+00:00,0.06
524310,82246973513888061559569421022652964687465272762066736721360354291228748283806,0,Yes,yes,2025-03-26 12:00:00+00:00,2025_03_26_open_0500_PT,2025-03-26 05:00:00-07:00,2025-03-25 02:14:26+00:00,0.999
516190,83080252071092689902932666850490074811760131055025811650818073654402601835484,0,Yes,yes,2025-03-26 12:00:00+00:00,2025_03_26_open_0500_PT,2025-03-26 05:00:00-07:00,2025-03-24 18:16:32+00:00,0.96
521041,83524440200143860657028178945801858366378129256359488825050609853223919531809,0,Yes,yes,2025-03-26 12:00:00+00:00,2025_03_26_open_0500_PT,2025-03-26 05:00:00-07:00,2025-03-26 03:25:41+00:00,0.06
524477,83547673164506671794819260938344653989875088069034224812175182562166039721574,0,Yes,yes,2025-03-26 12:00:00+00:00,2025_03_26_open_0500_PT,2025-03-26 05:00:00-07:00,2025-03-25 19:18:04+00:00,0.030000001940002324
525231,83742739530586820493605246339344277590673217105618245459443915506041800643469,1,No,no,2025-03-26 12:00:00+00:00,2025_03_26_open_0500_PT,2025-03-26 05:00:00-07:00,2025-03-24 09:18:30+00:00,0.91
510319,84888738552927367074645370589243532246434846262240067551074642775011167355434,0,Yes,yes,2025-03-26 12:00:00+00:00,2025_03_26_open_0500_PT,2025-03-26 05:00:00-07:00,2025-03-26 11:56:34+00:00,0.14
527081,85329416514471004297478005149625146014624743562622421967455557722819447174298,0,Yes,yes,2025-03-26 12:00:00+00:00,2025_03_26_open_0500_PT,2025-03-26 05:00:00-07:00,2025-03-26 06:09:27+00:00,0.32
526229,86304131703011980721755979925817881408007934797292837200662297834354514178950,1,No,no,2025-03-26 12:00:00+00:00,2025_03_26_open_0500_PT,2025-03-26 05:00:00-07:00,2025-03-26 02:16:53+00:00,0.972
510319,86857783363775257860227917708309268561005168570896999677788731255030014967896,1,No,no,2025-03-26 12:00:00+00:00,2025_03_26_open_0500_PT,2025-03-26 05:00:00-07:00,2025-03-26 11:54:28+00:00,0.8599999991399997
526229,88551081062941956754624270296481102277138087249231124901142839087117648363109,0,Yes,yes,2025-03-26 12:00:00+00:00,2025_03_26_open_0500_PT,2025-03-26 05:00:00-07:00,2025-03-26 02:16:53+00:00,0.027166666666666665
524292,9014695769446700891659134648259488341557414914618690658701879241952037527074,1,No,no,2025-03-26 12:00:00+00:00,2025_03_26_open_0500_PT,2025-03-26 05:00:00-07:00,2025-03-25 16:57:52+00:00,0.85
527032,90544185197348445762400462367487730947998989538649021442756705113012034127717,0,Yes,yes,2025-03-26 12:00:00+00:00,2025_03_26_open_0500_PT,2025-03-26 05:00:00-07:00,2025-03-11 17:55:03+00:00,0.01
516315,9252583647094848244431316973245869222379640287360099162283052699401101960353,0,Yes,yes,2025-03-26 12:00:00+00:00,2025_03_26_open_0500_PT,2025-03-26 05:00:00-07:00,2025-03-25 20:27:24+00:00,0.054000000054
516143,95786924372760057572092804419385993470890190892343223404877167501659835222533,1,No,no,2025-03-26 12:00:00+00:00,2025_03_26_open_0500_PT,2025-03-26 05:00:00-07:00,2025-03-26 10:07:03+00:00,0.8499997449998725
522056,96601928894191559916157952751631886797424000157973909225754084049773554405468,0,Yes,yes,2025-03-26 12:00:00+00:00,2025_03_26_open_0500_PT,2025-03-26 05:00:00-07:00,2025-03-26 10:21:33+00:00,0.5
527005,96618036676034164847772351078297997221316377064022855127438030193903015078566,1,No,no,2025-03-26 12:00:00+00:00,2025_03_26_open_0500_PT,2025-03-26 05:00:00-07:00,2025-03-25 21:17:04+00:00,0.8146975331035734
524021,97262919156133260921887403057581420516585464065308475066791456615017669503669,0,Yes,yes,2025-03-26 12:00:00+00:00,2025_03_26_open_0500_PT,2025-03-26 05:00:00-07:00,2025-03-26 10:42:23+00:00,0.37000001197000215
527005,100121345789532362055123879793212027312379236056429540221720415709850532973373,0,Yes,yes,2025-03-27 00:00:00+00:00,2025_03_26_close_1700_PT,2025-03-26 17:00:00-07:00,2025-03-25 21:17:04+00:00,0.17
507311,102006319303460238827563664446951754516041393632850360444322469125777577388771,0,Yes,yes,2025-03-27 00:00:00+00:00,2025_03_26_close_1700_PT,2025-03-26 17:00:00-07:00,2025-01-29 21:39:28+00:00,0.001
524145,102062916030133807330186342894442541205582789480933958339342744794892413850627,1,No,no,2025-03-27 00:00:00+00:00,2025_03_26_close_1700_PT,2025-03-26 17:00:00-07:00,2025-02-28 16:13:57+00:00,0.001
525437,10316592426452860464899722692398677096383513371344164830735417650138017205817,1,No,no,2025-03-27 00:00:00+00:00,2025_03_26_close_1700_PT,2025-03-26 17:00:00-07:00,2025-03-05 19:01:37+00:00,0.01
521103,103909253011351322759892776638669457027523901655815490042130382730360706229706,0,Yes,yes,2025-03-27 00:00:00+00:00,2025_03_26_close_1700_PT,2025-03-26 17:00:00-07:00,2025-03-25 20:27:44+00:00,0.1299999466999952
516715,104795148936930645520469554178353538587130154145659561962269514319642274480768,1,No,no,2025-03-27 00:00:00+00:00,2025_03_26_close_1700_PT,2025-03-26 17:00:00-07:00,2025-03-25 20:27:32+00:00,0.9399999937333209
526814,105039045108735350701067761926660919174556796573940954887933194396971464305066,0,Yes,yes,2025-03-27 00:00:00+00:00,2025_03_26_close_1700_PT,2025-03-26 17:00:00-07:00,2025-03-25 19:12:44+00:00,0.999
524291,106785705064968660332067023300536266535388124753272914243541205698423062856246,0,Yes,yes,2025-03-27 00:00:00+00:00,2025_03_26_close_1700_PT,2025-03-26 17:00:00-07:00,2025-03-26 01:31:59+00:00,0.14
524285,107643187201000404038693592426566378917534508353468263334674357442312114112510,1,No,no,2025-03-27 00:00:00+00:00,2025_03_26_close_1700_PT,2025-03-26 17:00:00-07:00,2025-03-26 23:19:49+00:00,0.5899999675499855
525442,108057916747365167542504013787062021441684619476265070483570121865318046932052,0,Yes,yes,2025-03-27 00:00:00+00:00,2025_03_26_close_1700_PT,2025-03-26 17:00:00-07:00,2025-03-05 19:00:49+00:00,0.001
521603,108064859672314536571175804798614410280877635973727667622803804179444259690672,1,No,no,2025-03-27 00:00:00+00:00,2025_03_26_close_1700_PT,2025-03-26 17:00:00-07:00,2025-03-26 22:57:39+00:00,0.975
522894,108303820542127194670275571355095079674537367635794408292209711330192187534707,1,No,no,2025-03-27 00:00:00+00:00,2025_03_26_close_1700_PT,2025-03-26 17:00:00-07:00,2025-03-26 23:49:07+00:00,0.95
519736,108331518505056537403722461966654684743488871885239753047834907734450664515452,1,No,no,2025-03-27 00:00:00+00:00,2025_03_26_close_1700_PT,2025-03-26 17:00:00-07:00,2025-03-26 15:40:32+00:00,0.9459994078031864
507311,109788973099970019996072517823266794542154906066004680247007602517078576240900,1,No,no,2025-03-27 00:00:00+00:00,2025_03_26_close_1700_PT,2025-03-26 17:00:00-07:00,2025-01-29 21:39:28+00:00,0.999
523420,110303218457795832861589414223072133732424840017074962598980991451216787898529,0,Yes,yes,2025-03-27 00:00:00+00:00,2025_03_26_close_1700_PT,2025-03-26 17:00:00-07:00,2025-03-26 23:10:07+00:00,0.39530984829004884
523420,110513468504414111967623727967802735681305040958967125800368195228103949451183,1,No,no,2025-03-27 00:00:00+00:00,2025_03_26_close_1700_PT,2025-03-26 17:00:00-07:00,2025-03-26 23:10:07+00:00,0.6
523198,111048886296924495129741424280092672064807186679410610865674623733591163627018,1,No,no,2025-03-27 00:00:00+00:00,2025_03_26_close_1700_PT,2025-03-26 17:00:00-07:00,2025-03-20 20:44:05+00:00,0.9399999962399888
522056,111817814065148789668110176254570458287510111700931938757952739120253070676417,1,No,no,2025-03-27 00:00:00+00:00,2025_03_26_close_1700_PT,2025-03-26 17:00:00-07:00,2025-03-26 23:03:11+00:00,0.52
516315,112686805416681376426848642516954883318316273962669944235801308401883591913314,1,No,no,2025-03-27 00:00:00+00:00,2025_03_26_close_1700_PT,2025-03-26 17:00:00-07:00,2025-03-25 18:15:31+00:00,0.946
519844,115151921832306680160638545362939767099400757097903129602011054222202727203606,1,No,no,2025-03-27 00:00:00+00:00,2025_03_26_close_1700_PT,2025-03-26 17:00:00-07:00,2025-02-28 20:07:00+00:00,0.001
524143,1179039883486402183499490082435825463500517700553032674433043579228770785112,0,Yes,yes,2025-03-27 00:00:00+00:00,2025_03_26_close_1700_PT,2025-03-26 17:00:00-07:00,2025-03-26 14:40:22+00:00,0.11
525437,12198166341436727947405729209814148041740036263965322192437253954048906701116,0,Yes,yes,2025-03-27 00:00:00+00:00,2025_03_26_close_1700_PT,2025-03-26 17:00:00-07:00,2025-03-05 19:01:37+00:00,0.99
521100,14990029861718662869816237869973544862792282285138092644462921007650993247380,0,Yes,yes,2025-03-27 00:00:00+00:00,2025_03_26_close_1700_PT,2025-03-26 17:00:00-07:00,2025-03-12 20:16:21+00:00,0.999
516719,15974786252393396629980467963784550802583781222733347534844974829144359265969,0,Yes,yes,2025-03-27 00:00:00+00:00,2025_03_26_close_1700_PT,2025-03-26 17:00:00-07:00,2025-03-26 23:58:13+00:00,0.63
527081,17189149212865445714213344530377307644873493103595435170459256971807866915825,1,No,no,2025-03-27 00:00:00+00:00,2025_03_26_close_1700_PT,2025-03-26 17:00:00-07:00,2025-03-26 10:47:43+00:00,0.6899995930766414
525442,17526688879266974475993857941710252477836369992267558391595367358065513215277,1,No,no,2025-03-27 00:00:00+00:00,2025_03_26_close_1700_PT,2025-03-26 17:00:00-07:00,2025-03-05 19:00:49+00:00,0.999
523198,17636133037698655711537839367918666335877935696344385855077943944327611242596,0,Yes,yes,2025-03-27 00:00:00+00:00,2025_03_26_close_1700_PT,2025-03-26 17:00:00-07:00,2025-03-24 20:32:50+00:00,0.06
518890,1820990530457734990844221236379424325571531338274179313320944848555296238885,0,Yes,yes,2025-03-27 00:00:00+00:00,2025_03_26_close_1700_PT,2025-03-26 17:00:00-07:00,2025-03-26 19:41:51+00:00,0.1799999279999928
521603,18833065283746804110550289341323864262410877417777323132151715138616977528841,0,Yes,yes,2025-03-27 00:00:00+00:00,2025_03_26_close_1700_PT,2025-03-26 17:00:00-07:00,2025-03-26 23:54:55+00:00,0.025
518890,19787433176606062103363478006507471735790167880416910771642279209812633663344,1,No,no,2025-03-27 00:00:00+00:00,2025_03_26_close_1700_PT,2025-03-26 17:00:00-07:00,2025-03-26 19:41:51+00:00,0.8200000720000072
523343,22255463452594162709449800579658835371746668793825841462318307382376621533755,0,Yes,yes,2025-03-27 00:00:00+00:00,2025_03_26_close_1700_PT,2025-03-26 17:00:00-07:00,2025-03-26 20:19:31+00:00,0.6
527279,22752183918002848078277748029145662550669719932108767430775139318472934671798,1,No,no,2025-03-27 00:00:00+00:00,2025_03_26_close_1700_PT,2025-03-26 17:00:00-07:00,2025-03-12 20:16:11+00:00,0.002
524021,22814991468805556116471270417641782171550309851492637070422109257339804109572,1,No,no,2025-03-27 00:00:00+00:00,2025_03_26_close_1700_PT,2025-03-26 17:00:00-07:00,2025-03-26 21:41:33+00:00,0.63
524292,23363560824318474668781482335102625289561748638527872548758492627125630990827,0,Yes,yes,2025-03-27 00:00:00+00:00,2025_03_26_close_1700_PT,2025-03-26 17:00:00-07:00,2025-03-26 23:12:07+00:00,0.14000001720000538
521026,23632768753333496327246137884794918423597173479688585307138116345069085580247,1,No,no,2025-03-27 00:00:00+00:00,2025_03_26_close_1700_PT,2025-03-26 17:00:00-07:00,2025-03-26 16:52:14+00:00,0.38
516189,25301545985889508293321782755434072371936771538975200674445139222395623272851,1,No,no,2025-03-27 00:00:00+00:00,2025_03_26_close_1700_PT,2025-03-26 17:00:00-07:00,2025-03-26 12:22:52+00:00,0.97
516143,25742247876332768458781360292043764039507900813404980298479194684402595556451,0,Yes,yes,2025-03-27 00:00:00+00:00,2025_03_26_close_1700_PT,2025-03-26 17:00:00-07:00,2025-03-26 23:43:15+00:00,0.0992592354590218
516190,27706044619360761256387697290478189707563660684659877077148428665563431908215,1,No,no,2025-03-27 00:00:00+00:00,2025_03_26_close_1700_PT,2025-03-26 17:00:00-07:00,2025-03-26 23:38:09+00:00,0.037
525231,27854589915558666949911110700107109304807510472832754346848714713106576041207,0,Yes,yes,2025-03-27 00:00:00+00:00,2025_03_26_close_1700_PT,2025-03-26 17:00:00-07:00,2025-03-23 19:21:00+00:00,0.08
521025,28414938735362964078307100001374150957816395319940009652318455849499629150252,1,No,no,2025-03-27 00:00:00+00:00,2025_03_26_close_1700_PT,2025-03-26 17:00:00-07:00,2025-03-26 20:26:29+00:00,0.6700000188100008
525232,31566724138998405553508313449766802786847999037726188458982786371622924711878,1,No,no,2025-03-27 00:00:00+00:00,2025_03_26_close_1700_PT,2025-03-26 17:00:00-07:00,2025-03-26 23:22:15+00:00,0.72
524143,32156304147657186738936334568719617978558036247795210919856751006394161293073,1,No,no,2025-03-27 00:00:00+00:00,2025_03_26_close_1700_PT,2025-03-26 17:00:00-07:00,2025-03-26 14:40:22+00:00,0.89
526861,32921044856076201189154703786849418887213408387521621721061527935861828024828,0,Yes,yes,2025-03-27 00:00:00+00:00,2025_03_26_close_1700_PT,2025-03-26 17:00:00-07:00,2025-03-26 22:52:33+00:00,0.83
527278,33787629600621860180939604657495798919073059313987957113657471584613393310606,1,No,no,2025-03-27 00:00:00+00:00,2025_03_26_close_1700_PT,2025-03-26 17:00:00-07:00,2025-03-14 17:08:09+00:00,0.001
521499,37809713000353368658683984822433912106052732096671571646866650191133502648634,1,No,no,2025-03-27 00:00:00+00:00,2025_03_26_close_1700_PT,2025-03-26 17:00:00-07:00,2025-03-12 20:16:29+00:00,0.001
519628,37946704943888888914227612417452623974614267503719043957094985529354395995926,1,No,no,2025-03-27 00:00:00+00:00,2025_03_26_close_1700_PT,2025-03-26 17:00:00-07:00,2025-03-26 23:34:25+00:00,0.6
517693,38028235049989289118991891250017423701902844342596888644757673357241176888913,1,No,no,2025-03-27 00:00:00+00:00,2025_03_26_close_1700_PT,2025-03-26 17:00:00-07:00,2025-03-24 19:40:44+00:00,0.89
522057,39073221701552764059446410725782004011128353041681427534414147663135223634260,1,No,no,2025-03-27 00:00:00+00:00,2025_03_26_close_1700_PT,2025-03-26 17:00:00-07:00,2025-03-26 20:57:35+00:00,0.78
519628,39327269875426915204597944387916069897800289788920336317845465327697809453999,0,Yes,yes,2025-03-27 00:00:00+00:00,2025_03_26_close_1700_PT,2025-03-26 17:00:00-07:00,2025-03-26 23:23:11+00:00,0.4
527279,40001158490980829331315202760805197309678407198352511114569399283632572307422,0,Yes,yes,2025-03-27 00:00:00+00:00,2025_03_26_close_1700_PT,2025-03-26 17:00:00-07:00,2025-03-12 20:19:55+00:00,0.998
521103,40643730425995007653653846322257326466291751148478865541862332040512398068473,1,No,no,2025-03-27 00:00:00+00:00,2025_03_26_close_1700_PT,2025-03-26 17:00:00-07:00,2025-03-25 20:27:44+00:00,0.8700000533000048
519844,40914113765279699847589045742755525912767460490196542143342551731171071232917,0,Yes,yes,2025-03-27 00:00:00+00:00,2025_03_26_close_1700_PT,2025-03-26 17:00:00-07:00,2025-02-28 20:07:00+00:00,0.999
516719,42351579455604873042957090441032286075880144797259231030267680078160718556927,1,No,no,2025-03-27 00:00:00+00:00,2025_03_26_close_1700_PT,2025-03-26 17:00:00-07:00,2025-03-26 23:57:59+00:00,0.36999999862614047
523413,4274339277583331170231436480507835882687434608350779078862983050349942696879,1,No,no,2025-03-27 00:00:00+00:00,2025_03_26_close_1700_PT,2025-03-26 17:00:00-07:00,2025-03-26 00:53:03+00:00,0.83
521100,42807705713627033072721560874549512720856774493986139163714965545915531235572,1,No,no,2025-03-27 00:00:00+00:00,2025_03_26_close_1700_PT,2025-03-26 17:00:00-07:00,2025-03-12 20:16:21+00:00,0.001
524147,43469326409739858395690572881501444443817974097672167644298447954120789600137,0,Yes,yes,2025-03-27 00:00:00+00:00,2025_03_26_close_1700_PT,2025-03-26 17:00:00-07:00,2025-02-28 06:17:16+00:00,0.9988821436653187
518889,44380686214454472779171256638293817778327849773706779670665516622038269778385,1,No,no,2025-03-27 00:00:00+00:00,2025_03_26_close_1700_PT,2025-03-26 17:00:00-07:00,2025-03-26 07:08:53+00:00,0.6892825733480927
517073,46900460840406661483474634104595482418501684854096906918305683910102403871123,0,Yes,yes,2025-03-27 00:00:00+00:00,2025_03_26_close_1700_PT,2025-03-26 17:00:00-07:00,2025-03-22 13:48:39+00:00,0.21999985479995063
523413,46975241878566226675389813084558441099978633579735672808077735156890286559886,0,Yes,yes,2025-03-27 00:00:00+00:00,2025_03_26_close_1700_PT,2025-03-26 17:00:00-07:00,2025-03-26 03:42:05+00:00,0.15
521499,47692708638309429756044208432818720002044706296619873136468383174493259480485,0,Yes,yes,2025-03-27 00:00:00+00:00,2025_03_26_close_1700_PT,2025-03-26 17:00:00-07:00,2025-03-12 20:16:29+00:00,0.999
522057,48477409091695386761559202853239391470463303066983260592312960625658563043275,0,Yes,yes,2025-03-27 00:00:00+00:00,2025_03_26_close_1700_PT,2025-03-26 17:00:00-07:00,2025-03-26 20:57:35+00:00,0.22
521026,49473000926194462184545427213242554383104595845909786504578023251386790224858,0,Yes,yes,2025-03-27 00:00:00+00:00,2025_03_26_close_1700_PT,2025-03-26 17:00:00-07:00,2025-03-26 16:52:14+00:00,0.62
507984,50284187941943469569202009194355917949339120733469101749033950310686959468007,0,Yes,yes,2025-03-27 00:00:00+00:00,2025_03_26_close_1700_PT,2025-03-26 17:00:00-07:00,2024-12-12 21:27:58+00:00,0.002
521025,50391907985844971368730434370554275352555306650304559981296724287110163889372,0,Yes,yes,2025-03-27 00:00:00+00:00,2025_03_26_close_1700_PT,2025-03-26 17:00:00-07:00,2025-03-26 20:26:29+00:00,0.3299999811899992
527032,52520991936301939851844268554264807330714499642654844594240746592838266792432,1,No,no,2025-03-27 00:00:00+00:00,2025_03_26_close_1700_PT,2025-03-26 17:00:00-07:00,2025-03-11 19:15:04+00:00,0.999
524348,52960782840877996381169383667062216635147767148703288363719115614339176853095,0,Yes,yes,2025-03-27 00:00:00+00:00,2025_03_26_close_1700_PT,2025-03-26 17:00:00-07:00,2025-02-25 19:54:41+00:00,0.001
522878,5442743401928862894180841736263512191564084389996775978514134400673743050598,0,Putin,putin,2025-03-27 00:00:00+00:00,2025_03_26_close_1700_PT,2025-03-26 17:00:00-07:00,2025-02-28 20:00:10+00:00,0.001
522878,55264189025055373090161890959631464405045385380191735792739072809428026021736,1,Zelenskyy,zelenskyy,2025-03-27 00:00:00+00:00,2025_03_26_close_1700_PT,2025-03-26 17:00:00-07:00,2025-02-28 20:00:10+00:00,0.999
523197,55509409310784585364116971076570089959207228118269642206238982520364239944605,1,No,no,2025-03-27 00:00:00+00:00,2025_03_26_close_1700_PT,2025-03-26 17:00:00-07:00,2025-03-26 18:49:47+00:00,0.9649999951749422
516187,56333219586489855674685549932194420713208928308331628771337419037140355178076,0,Yes,yes,2025-03-27 00:00:00+00:00,2025_03_26_close_1700_PT,2025-03-26 17:00:00-07:00,2025-03-23 10:28:51+00:00,0.04
523343,57160884655103428512814247631012981773015723019889832549493437551469480061242,1,No,no,2025-03-27 00:00:00+00:00,2025_03_26_close_1700_PT,2025-03-26 17:00:00-07:00,2025-03-26 07:33:21+00:00,0.3989632988497178
516715,5802460671946751538636185453975614627729230853286731735057811449821051691611,0,Yes,yes,2025-03-27 00:00:00+00:00,2025_03_26_close_1700_PT,2025-03-26 17:00:00-07:00,2025-03-25 20:27:32+00:00,0.06000000626667916
522895,62643694748826312587911382162440534823433709821141516597510649054633548502810,0,Yes,yes,2025-03-27 00:00:00+00:00,2025_03_26_close_1700_PT,2025-03-26 17:00:00-07:00,2025-03-26 21:42:07+00:00,0.3206723128639226
519736,63894828884807366836211275957245556698359823645556214866812004935138375830618,0,Yes,yes,2025-03-27 00:00:00+00:00,2025_03_26_close_1700_PT,2025-03-26 17:00:00-07:00,2025-03-26 12:04:35+00:00,0.05300000148410492
524147,6436214359665115810717148929293436681245885613476937891713590935932389735242,1,No,no,2025-03-27 00:00:00+00:00,2025_03_26_close_1700_PT,2025-03-26 17:00:00-07:00,2025-02-28 06:17:16+00:00,0.001
525157,64545313588399663482682286511585103428301403511234717343459455007091083337075,1,No,no,2025-03-27 00:00:00+00:00,2025_03_26_close_1700_PT,2025-03-26 17:00:00-07:00,2025-03-26 20:36:37+00:00,0.78
524291,6456202668171707900880212750943570928813250356351945554332572852984770395210,1,No,no,2025-03-27 00:00:00+00:00,2025_03_26_close_1700_PT,2025-03-26 17:00:00-07:00,2025-03-26 16:34:49+00:00,0.89
526861,65449845407755668776897976670879705991692250175624922195548093200952844680115,1,No,no,2025-03-27 00:00:00+00:00,2025_03_26_close_1700_PT,2025-03-26 17:00:00-07:00,2025-03-26 22:24:16+00:00,0.146385
524285,65482627758879803524003778479202246178420046841505286705606240559010331503838,0,Yes,yes,2025-03-27 00:00:00+00:00,2025_03_26_close_1700_PT,2025-03-26 17:00:00-07:00,2025-03-26 23:19:49+00:00,0.41000003245001443
526814,65961864506371256053813328069691531595710124813443748296296270747497043580971,1,No,no,2025-03-27 00:00:00+00:00,2025_03_26_close_1700_PT,2025-03-26 17:00:00-07:00,2025-03-25 19:12:44+00:00,0.001
522895,66339636783489562244427406324835042611372608866942882907689045655663784195972,1,No,no,2025-03-27 00:00:00+00:00,2025_03_26_close_1700_PT,2025-03-26 17:00:00-07:00,2025-03-26 21:42:07+00:00,0.6700000102049052
524145,66356062315875533075062405949409720397580573066885585702377343083606583765118,0,Yes,yes,2025-03-27 00:00:00+00:00,2025_03_26_close_1700_PT,2025-03-26 17:00:00-07:00,2025-02-28 18:42:39+00:00,0.999
524310,6800060988333615171942817578522303119129729510028069894794248047438283072436,1,No,no,2025-03-27 00:00:00+00:00,2025_03_26_close_1700_PT,2025-03-26 17:00:00-07:00,2025-03-25 02:14:26+00:00,0.001
507984,68914504833157616843053838732988841773228477730246651549660144444755511574372,1,No,no,2025-03-27 00:00:00+00:00,2025_03_26_close_1700_PT,2025-03-26 17:00:00-07:00,2024-12-12 21:27:58+00:00,0.998
517693,69226537548379102137110260910766942274764101034650179979960227372969528243604,0,Yes,yes,2025-03-27 00:00:00+00:00,2025_03_26_close_1700_PT,2025-03-26 17:00:00-07:00,2025-03-24 16:43:44+00:00,0.09
521041,70920939650366426146836696994150938025168677239124917474200404356093431153260,1,No,no,2025-03-27 00:00:00+00:00,2025_03_26_close_1700_PT,2025-03-26 17:00:00-07:00,2025-03-26 19:42:43+00:00,0.9300000637000058
516189,71685983838843709915160975671540060908877886707703474939962098991499689519711,0,Yes,yes,2025-03-27 00:00:00+00:00,2025_03_26_close_1700_PT,2025-03-26 17:00:00-07:00,2025-03-26 12:22:52+00:00,0.03
525232,73663957466489274595176785305097386128325404078001917490010407904837134882577,0,Yes,yes,2025-03-27 00:00:00+00:00,2025_03_26_close_1700_PT,2025-03-26 17:00:00-07:00,2025-03-26 23:22:15+00:00,0.2753708133971292
524348,73984012795437798473481687953253285098754321969692105101879063972760068638228,1,No,no,2025-03-27 00:00:00+00:00,2025_03_26_close_1700_PT,2025-03-26 17:00:00-07:00,2025-02-25 19:54:41+00:00,0.999
525157,74129046843921940913413587682588886122583847748489066762857187137233978267670,0,Yes,yes,2025-03-27 00:00:00+00:00,2025_03_26_close_1700_PT,2025-03-26 17:00:00-07:00,2025-03-26 18:29:59+00:00,0.2399999673599979
519048,74534059827731044353009484655251717921023956616694121520435859117169009979824,0,Yes,yes,2025-03-27 00:00:00+00:00,2025_03_26_close_1700_PT,2025-03-26 17:00:00-07:00,2025-03-26 19:59:47+00:00,0.1
524477,75533964938719028696952998369094361524498526879485856631877081096914627658644,1,No,no,2025-03-27 00:00:00+00:00,2025_03_26_close_1700_PT,2025-03-26 17:00:00-07:00,2025-03-25 19:18:04+00:00,0.9699999980599977
518889,76417393963448037479806799796874747547221511591996743269503725518742470496274,0,Yes,yes,2025-03-27 00:00:00+00:00,2025_03_26_close_1700_PT,2025-03-26 17:00:00-07:00,2025-03-26 15:18:26+00:00,0.33
523197,76517872896411850784270344965682992803318434169987777444136970978963357739156,0,Yes,yes,2025-03-27 00:00:00+00:00,2025_03_26_close_1700_PT,2025-03-26 17:00:00-07:00,2025-03-26 18:49:47+00:00,0.03500000482505788
519048,76643504232063200802060773779828726415087044269171506931668031354693251545396,1,No,no,2025-03-27 00:00:00+00:00,2025_03_26_close_1700_PT,2025-03-26 17:00:00-07:00,2025-03-26 23:12:25+00:00,0.9099998835199683
527278,76683579252562835143863542840343898007243510337054657506558517873008498105093,0,Yes,yes,2025-03-27 00:00:00+00:00,2025_03_26_close_1700_PT,2025-03-26 17:00:00-07:00,2025-03-14 17:08:09+00:00,0.999
516187,76896069667756716472035601301016783496873889454464161011234150458037478069918,1,No,no,2025-03-27 00:00:00+00:00,2025_03_26_close_1700_PT,2025-03-26 17:00:00-07:00,2025-03-24 14:33:43+00:00,0.96
517073,78869803177078589287716771530665317651497156168734051494454473188006845916520,1,No,no,2025-03-27 00:00:00+00:00,2025_03_26_close_1700_PT,2025-03-26 17:00:00-07:00,2025-03-26 19:28:03+00:00,0.79
522894,81020312652589627285197771109762839746287006928172707150877539028691834065212,0,Yes,yes,2025-03-27 00:00:00+00:00,2025_03_26_close_1700_PT,2025-03-26 17:00:00-07:00,2025-03-26 23:49:07+00:00,0.05
524310,82246973513888061559569421022652964687465272762066736721360354291228748283806,0,Yes,yes,2025-03-27 00:00:00+00:00,2025_03_26_close_1700_PT,2025-03-26 17:00:00-07:00,2025-03-25 02:14:26+00:00,0.999
516190,83080252071092689902932666850490074811760131055025811650818073654402601835484,0,Yes,yes,2025-03-27 00:00:00+00:00,2025_03_26_close_1700_PT,2025-03-26 17:00:00-07:00,2025-03-26 23:38:09+00:00,0.963
521041,83524440200143860657028178945801858366378129256359488825050609853223919531809,0,Yes,yes,2025-03-27 00:00:00+00:00,2025_03_26_close_1700_PT,2025-03-26 17:00:00-07:00,2025-03-26 19:42:43+00:00,0.06999993629999426
524477,83547673164506671794819260938344653989875088069034224812175182562166039721574,0,Yes,yes,2025-03-27 00:00:00+00:00,2025_03_26_close_1700_PT,2025-03-26 17:00:00-07:00,2025-03-25 19:18:04+00:00,0.030000001940002324
525231,83742739530586820493605246339344277590673217105618245459443915506041800643469,1,No,no,2025-03-27 00:00:00+00:00,2025_03_26_close_1700_PT,2025-03-26 17:00:00-07:00,2025-03-24 09:18:30+00:00,0.91
510319,84888738552927367074645370589243532246434846262240067551074642775011167355434,0,Yes,yes,2025-03-27 00:00:00+00:00,2025_03_26_close_1700_PT,2025-03-26 17:00:00-07:00,2025-03-26 23:44:13+00:00,0.13000000121800007
527081,85329416514471004297478005149625146014624743562622421967455557722819447174298,0,Yes,yes,2025-03-27 00:00:00+00:00,2025_03_26_close_1700_PT,2025-03-26 17:00:00-07:00,2025-03-26 06:09:27+00:00,0.32
526229,86304131703011980721755979925817881408007934797292837200662297834354514178950,1,No,no,2025-03-27 00:00:00+00:00,2025_03_26_close_1700_PT,2025-03-26 17:00:00-07:00,2025-03-26 02:16:53+00:00,0.972
510319,86857783363775257860227917708309268561005168570896999677788731255030014967896,1,No,no,2025-03-27 00:00:00+00:00,2025_03_26_close_1700_PT,2025-03-26 17:00:00-07:00,2025-03-26 23:49:33+00:00,0.86
526229,88551081062941956754624270296481102277138087249231124901142839087117648363109,0,Yes,yes,2025-03-27 00:00:00+00:00,2025_03_26_close_1700_PT,2025-03-26 17:00:00-07:00,2025-03-26 02:16:53+00:00,0.027166666666666665
524292,9014695769446700891659134648259488341557414914618690658701879241952037527074,1,No,no,2025-03-27 00:00:00+00:00,2025_03_26_close_1700_PT,2025-03-26 17:00:00-07:00,2025-03-26 23:12:07+00:00,0.8599999827999946
527032,90544185197348445762400462367487730947998989538649021442756705113012034127717,0,Yes,yes,2025-03-27 00:00:00+00:00,2025_03_26_close_1700_PT,2025-03-26 17:00:00-07:00,2025-03-11 17:55:03+00:00,0.01
516315,9252583647094848244431316973245869222379640287360099162283052699401101960353,0,Yes,yes,2025-03-27 00:00:00+00:00,2025_03_26_close_1700_PT,2025-03-26 17:00:00-07:00,2025-03-25 20:27:24+00:00,0.054000000054
516143,95786924372760057572092804419385993470890190892343223404877167501659835222533,1,No,no,2025-03-27 00:00:00+00:00,2025_03_26_close_1700_PT,2025-03-26 17:00:00-07:00,2025-03-26 23:43:15+00:00,0.9
522056,96601928894191559916157952751631886797424000157973909225754084049773554405468,0,Yes,yes,2025-03-27 00:00:00+00:00,2025_03_26_close_1700_PT,2025-03-26 17:00:00-07:00,2025-03-26 23:03:11+00:00,0.48
527005,96618036676034164847772351078297997221316377064022855127438030193903015078566,1,No,no,2025-03-27 00:00:00+00:00,2025_03_26_close_1700_PT,2025-03-26 17:00:00-07:00,2025-03-25 21:17:04+00:00,0.8146975331035734
524021,97262919156133260921887403057581420516585464065308475066791456615017669503669,0,Yes,yes,2025-03-27 00:00:00+00:00,2025_03_26_close_1700_PT,2025-03-26 17:00:00-07:00,2025-03-26 23:23:13+00:00,0.36
527005,100121345789532362055123879793212027312379236056429540221720415709850532973373,0,Yes,yes,2025-03-27 12:00:00+00:00,2025_03_27_open_0500_PT,2025-03-27 05:00:00-07:00,2025-03-27 08:55:20+00:00,0.18
507311,102006319303460238827563664446951754516041393632850360444322469125777577388771,0,Yes,yes,2025-03-27 12:00:00+00:00,2025_03_27_open_0500_PT,2025-03-27 05:00:00-07:00,2025-01-29 21:39:28+00:00,0.001
524145,102062916030133807330186342894442541205582789480933958339342744794892413850627,1,No,no,2025-03-27 12:00:00+00:00,2025_03_27_open_0500_PT,2025-03-27 05:00:00-07:00,2025-02-28 16:13:57+00:00,0.001
525437,10316592426452860464899722692398677096383513371344164830735417650138017205817,1,No,no,2025-03-27 12:00:00+00:00,2025_03_27_open_0500_PT,2025-03-27 05:00:00-07:00,2025-03-05 19:01:37+00:00,0.01
521103,103909253011351322759892776638669457027523901655815490042130382730360706229706,0,Yes,yes,2025-03-27 12:00:00+00:00,2025_03_27_open_0500_PT,2025-03-27 05:00:00-07:00,2025-03-25 20:27:44+00:00,0.1299999466999952
516715,104795148936930645520469554178353538587130154145659561962269514319642274480768,1,No,no,2025-03-27 12:00:00+00:00,2025_03_27_open_0500_PT,2025-03-27 05:00:00-07:00,2025-03-25 20:27:32+00:00,0.9399999937333209
526814,105039045108735350701067761926660919174556796573940954887933194396971464305066,0,Yes,yes,2025-03-27 12:00:00+00:00,2025_03_27_open_0500_PT,2025-03-27 05:00:00-07:00,2025-03-25 19:12:44+00:00,0.999
524291,106785705064968660332067023300536266535388124753272914243541205698423062856246,0,Yes,yes,2025-03-27 12:00:00+00:00,2025_03_27_open_0500_PT,2025-03-27 05:00:00-07:00,2025-03-26 01:31:59+00:00,0.14
524285,107643187201000404038693592426566378917534508353468263334674357442312114112510,1,No,no,2025-03-27 12:00:00+00:00,2025_03_27_open_0500_PT,2025-03-27 05:00:00-07:00,2025-03-27 11:58:19+00:00,0.59
525442,108057916747365167542504013787062021441684619476265070483570121865318046932052,0,Yes,yes,2025-03-27 12:00:00+00:00,2025_03_27_open_0500_PT,2025-03-27 05:00:00-07:00,2025-03-05 19:00:49+00:00,0.001
521603,108064859672314536571175804798614410280877635973727667622803804179444259690672,1,No,no,2025-03-27 12:00:00+00:00,2025_03_27_open_0500_PT,2025-03-27 05:00:00-07:00,2025-03-27 11:27:11+00:00,0.978
522894,108303820542127194670275571355095079674537367635794408292209711330192187534707,1,No,no,2025-03-27 12:00:00+00:00,2025_03_27_open_0500_PT,2025-03-27 05:00:00-07:00,2025-03-27 08:51:40+00:00,0.95
519736,108331518505056537403722461966654684743488871885239753047834907734450664515452,1,No,no,2025-03-27 12:00:00+00:00,2025_03_27_open_0500_PT,2025-03-27 05:00:00-07:00,2025-03-27 11:47:19+00:00,0.934
507311,109788973099970019996072517823266794542154906066004680247007602517078576240900,1,No,no,2025-03-27 12:00:00+00:00,2025_03_27_open_0500_PT,2025-03-27 05:00:00-07:00,2025-01-29 21:39:28+00:00,0.999
523420,110303218457795832861589414223072133732424840017074962598980991451216787898529,0,Yes,yes,2025-03-27 12:00:00+00:00,2025_03_27_open_0500_PT,2025-03-27 05:00:00-07:00,2025-03-27 11:35:47+00:00,0.4
523420,110513468504414111967623727967802735681305040958967125800368195228103949451183,1,No,no,2025-03-27 12:00:00+00:00,2025_03_27_open_0500_PT,2025-03-27 05:00:00-07:00,2025-03-27 11:35:47+00:00,0.6
523198,111048886296924495129741424280092672064807186679410610865674623733591163627018,1,No,no,2025-03-27 12:00:00+00:00,2025_03_27_open_0500_PT,2025-03-27 05:00:00-07:00,2025-03-20 20:44:05+00:00,0.9399999962399888
522056,111817814065148789668110176254570458287510111700931938757952739120253070676417,1,No,no,2025-03-27 12:00:00+00:00,2025_03_27_open_0500_PT,2025-03-27 05:00:00-07:00,2025-03-27 07:33:40+00:00,0.54
516315,112686805416681376426848642516954883318316273962669944235801308401883591913314,1,No,no,2025-03-27 12:00:00+00:00,2025_03_27_open_0500_PT,2025-03-27 05:00:00-07:00,2025-03-27 06:43:16+00:00,0.946
519844,115151921832306680160638545362939767099400757097903129602011054222202727203606,1,No,no,2025-03-27 12:00:00+00:00,2025_03_27_open_0500_PT,2025-03-27 05:00:00-07:00,2025-02-28 20:07:00+00:00,0.001
524143,1179039883486402183499490082435825463500517700553032674433043579228770785112,0,Yes,yes,2025-03-27 12:00:00+00:00,2025_03_27_open_0500_PT,2025-03-27 05:00:00-07:00,2025-03-27 04:00:23+00:00,0.11336417157275021
525437,12198166341436727947405729209814148041740036263965322192437253954048906701116,0,Yes,yes,2025-03-27 12:00:00+00:00,2025_03_27_open_0500_PT,2025-03-27 05:00:00-07:00,2025-03-05 19:01:37+00:00,0.99
521100,14990029861718662869816237869973544862792282285138092644462921007650993247380,0,Yes,yes,2025-03-27 12:00:00+00:00,2025_03_27_open_0500_PT,2025-03-27 05:00:00-07:00,2025-03-12 20:16:21+00:00,0.999
516719,15974786252393396629980467963784550802583781222733347534844974829144359265969,0,Yes,yes,2025-03-27 12:00:00+00:00,2025_03_27_open_0500_PT,2025-03-27 05:00:00-07:00,2025-03-27 11:39:37+00:00,0.63
527081,17189149212865445714213344530377307644873493103595435170459256971807866915825,1,No,no,2025-03-27 12:00:00+00:00,2025_03_27_open_0500_PT,2025-03-27 05:00:00-07:00,2025-03-27 11:10:47+00:00,0.68
525442,17526688879266974475993857941710252477836369992267558391595367358065513215277,1,No,no,2025-03-27 12:00:00+00:00,2025_03_27_open_0500_PT,2025-03-27 05:00:00-07:00,2025-03-05 19:00:49+00:00,0.999
523198,17636133037698655711537839367918666335877935696344385855077943944327611242596,0,Yes,yes,2025-03-27 12:00:00+00:00,2025_03_27_open_0500_PT,2025-03-27 05:00:00-07:00,2025-03-24 20:32:50+00:00,0.06
518890,1820990530457734990844221236379424325571531338274179313320944848555296238885,0,Yes,yes,2025-03-27 12:00:00+00:00,2025_03_27_open_0500_PT,2025-03-27 05:00:00-07:00,2025-03-26 19:41:51+00:00,0.1799999279999928
521603,18833065283746804110550289341323864262410877417777323132151715138616977528841,0,Yes,yes,2025-03-27 12:00:00+00:00,2025_03_27_open_0500_PT,2025-03-27 05:00:00-07:00,2025-03-27 11:27:11+00:00,0.022
518890,19787433176606062103363478006507471735790167880416910771642279209812633663344,1,No,no,2025-03-27 12:00:00+00:00,2025_03_27_open_0500_PT,2025-03-27 05:00:00-07:00,2025-03-26 19:41:51+00:00,0.8200000720000072
523343,22255463452594162709449800579658835371746668793825841462318307382376621533755,0,Yes,yes,2025-03-27 12:00:00+00:00,2025_03_27_open_0500_PT,2025-03-27 05:00:00-07:00,2025-03-27 09:00:50+00:00,0.5899998890486443
527279,22752183918002848078277748029145662550669719932108767430775139318472934671798,1,No,no,2025-03-27 12:00:00+00:00,2025_03_27_open_0500_PT,2025-03-27 05:00:00-07:00,2025-03-12 20:16:11+00:00,0.002
524021,22814991468805556116471270417641782171550309851492637070422109257339804109572,1,No,no,2025-03-27 12:00:00+00:00,2025_03_27_open_0500_PT,2025-03-27 05:00:00-07:00,2025-03-27 11:20:51+00:00,0.64
524292,23363560824318474668781482335102625289561748638527872548758492627125630990827,0,Yes,yes,2025-03-27 12:00:00+00:00,2025_03_27_open_0500_PT,2025-03-27 05:00:00-07:00,2025-03-27 11:26:01+00:00,0.14
521026,23632768753333496327246137884794918423597173479688585307138116345069085580247,1,No,no,2025-03-27 12:00:00+00:00,2025_03_27_open_0500_PT,2025-03-27 05:00:00-07:00,2025-03-26 16:52:14+00:00,0.38
516189,25301545985889508293321782755434072371936771538975200674445139222395623272851,1,No,no,2025-03-27 12:00:00+00:00,2025_03_27_open_0500_PT,2025-03-27 05:00:00-07:00,2025-03-26 12:22:52+00:00,0.97
516143,25742247876332768458781360292043764039507900813404980298479194684402595556451,0,Yes,yes,2025-03-27 12:00:00+00:00,2025_03_27_open_0500_PT,2025-03-27 05:00:00-07:00,2025-03-27 10:03:42+00:00,0.09
516190,27706044619360761256387697290478189707563660684659877077148428665563431908215,1,No,no,2025-03-27 12:00:00+00:00,2025_03_27_open_0500_PT,2025-03-27 05:00:00-07:00,2025-03-27 11:15:59+00:00,0.03700000140600005
525231,27854589915558666949911110700107109304807510472832754346848714713106576041207,0,Yes,yes,2025-03-27 12:00:00+00:00,2025_03_27_open_0500_PT,2025-03-27 05:00:00-07:00,2025-03-23 19:21:00+00:00,0.08
521025,28414938735362964078307100001374150957816395319940009652318455849499629150252,1,No,no,2025-03-27 12:00:00+00:00,2025_03_27_open_0500_PT,2025-03-27 05:00:00-07:00,2025-03-26 20:26:29+00:00,0.6700000188100008
525232,31566724138998405553508313449766802786847999037726188458982786371622924711878,1,No,no,2025-03-27 12:00:00+00:00,2025_03_27_open_0500_PT,2025-03-27 05:00:00-07:00,2025-03-26 23:22:15+00:00,0.72
524143,32156304147657186738936334568719617978558036247795210919856751006394161293073,1,No,no,2025-03-27 12:00:00+00:00,2025_03_27_open_0500_PT,2025-03-27 05:00:00-07:00,2025-03-27 04:00:23+00:00,0.88
526861,32921044856076201189154703786849418887213408387521621721061527935861828024828,0,Yes,yes,2025-03-27 12:00:00+00:00,2025_03_27_open_0500_PT,2025-03-27 05:00:00-07:00,2025-03-27 10:24:54+00:00,0.83
527278,33787629600621860180939604657495798919073059313987957113657471584613393310606,1,No,no,2025-03-27 12:00:00+00:00,2025_03_27_open_0500_PT,2025-03-27 05:00:00-07:00,2025-03-14 17:08:09+00:00,0.001
521499,37809713000353368658683984822433912106052732096671571646866650191133502648634,1,No,no,2025-03-27 12:00:00+00:00,2025_03_27_open_0500_PT,2025-03-27 05:00:00-07:00,2025-03-12 20:16:29+00:00,0.001
519628,37946704943888888914227612417452623974614267503719043957094985529354395995926,1,No,no,2025-03-27 12:00:00+00:00,2025_03_27_open_0500_PT,2025-03-27 05:00:00-07:00,2025-03-27 11:56:13+00:00,0.63
517693,38028235049989289118991891250017423701902844342596888644757673357241176888913,1,No,no,2025-03-27 12:00:00+00:00,2025_03_27_open_0500_PT,2025-03-27 05:00:00-07:00,2025-03-24 19:40:44+00:00,0.89
522057,39073221701552764059446410725782004011128353041681427534414147663135223634260,1,No,no,2025-03-27 12:00:00+00:00,2025_03_27_open_0500_PT,2025-03-27 05:00:00-07:00,2025-03-27 11:55:39+00:00,0.79
519628,39327269875426915204597944387916069897800289788920336317845465327697809453999,0,Yes,yes,2025-03-27 12:00:00+00:00,2025_03_27_open_0500_PT,2025-03-27 05:00:00-07:00,2025-03-27 11:56:13+00:00,0.3731500906344411
527279,40001158490980829331315202760805197309678407198352511114569399283632572307422,0,Yes,yes,2025-03-27 12:00:00+00:00,2025_03_27_open_0500_PT,2025-03-27 05:00:00-07:00,2025-03-12 20:19:55+00:00,0.998
521103,40643730425995007653653846322257326466291751148478865541862332040512398068473,1,No,no,2025-03-27 12:00:00+00:00,2025_03_27_open_0500_PT,2025-03-27 05:00:00-07:00,2025-03-25 20:27:44+00:00,0.8700000533000048
519844,40914113765279699847589045742755525912767460490196542143342551731171071232917,0,Yes,yes,2025-03-27 12:00:00+00:00,2025_03_27_open_0500_PT,2025-03-27 05:00:00-07:00,2025-02-28 20:07:00+00:00,0.999
516719,42351579455604873042957090441032286075880144797259231030267680078160718556927,1,No,no,2025-03-27 12:00:00+00:00,2025_03_27_open_0500_PT,2025-03-27 05:00:00-07:00,2025-03-27 11:39:37+00:00,0.37
523413,4274339277583331170231436480507835882687434608350779078862983050349942696879,1,No,no,2025-03-27 12:00:00+00:00,2025_03_27_open_0500_PT,2025-03-27 05:00:00-07:00,2025-03-26 00:53:03+00:00,0.83
521100,42807705713627033072721560874549512720856774493986139163714965545915531235572,1,No,no,2025-03-27 12:00:00+00:00,2025_03_27_open_0500_PT,2025-03-27 05:00:00-07:00,2025-03-12 20:16:21+00:00,0.001
524147,43469326409739858395690572881501444443817974097672167644298447954120789600137,0,Yes,yes,2025-03-27 12:00:00+00:00,2025_03_27_open_0500_PT,2025-03-27 05:00:00-07:00,2025-02-28 06:17:16+00:00,0.9988821436653187
518889,44380686214454472779171256638293817778327849773706779670665516622038269778385,1,No,no,2025-03-27 12:00:00+00:00,2025_03_27_open_0500_PT,2025-03-27 05:00:00-07:00,2025-03-27 11:33:09+00:00,0.6699999195999292
517073,46900460840406661483474634104595482418501684854096906918305683910102403871123,0,Yes,yes,2025-03-27 12:00:00+00:00,2025_03_27_open_0500_PT,2025-03-27 05:00:00-07:00,2025-03-22 13:48:39+00:00,0.21999985479995063
523413,46975241878566226675389813084558441099978633579735672808077735156890286559886,0,Yes,yes,2025-03-27 12:00:00+00:00,2025_03_27_open_0500_PT,2025-03-27 05:00:00-07:00,2025-03-26 03:42:05+00:00,0.15
521499,47692708638309429756044208432818720002044706296619873136468383174493259480485,0,Yes,yes,2025-03-27 12:00:00+00:00,2025_03_27_open_0500_PT,2025-03-27 05:00:00-07:00,2025-03-12 20:16:29+00:00,0.999
522057,48477409091695386761559202853239391470463303066983260592312960625658563043275,0,Yes,yes,2025-03-27 12:00:00+00:00,2025_03_27_open_0500_PT,2025-03-27 05:00:00-07:00,2025-03-27 11:55:39+00:00,0.21
521026,49473000926194462184545427213242554383104595845909786504578023251386790224858,0,Yes,yes,2025-03-27 12:00:00+00:00,2025_03_27_open_0500_PT,2025-03-27 05:00:00-07:00,2025-03-26 16:52:14+00:00,0.62
507984,50284187941943469569202009194355917949339120733469101749033950310686959468007,0,Yes,yes,2025-03-27 12:00:00+00:00,2025_03_27_open_0500_PT,2025-03-27 05:00:00-07:00,2024-12-12 21:27:58+00:00,0.002
521025,50391907985844971368730434370554275352555306650304559981296724287110163889372,0,Yes,yes,2025-03-27 12:00:00+00:00,2025_03_27_open_0500_PT,2025-03-27 05:00:00-07:00,2025-03-26 20:26:29+00:00,0.3299999811899992
527032,52520991936301939851844268554264807330714499642654844594240746592838266792432,1,No,no,2025-03-27 12:00:00+00:00,2025_03_27_open_0500_PT,2025-03-27 05:00:00-07:00,2025-03-11 19:15:04+00:00,0.999
524348,52960782840877996381169383667062216635147767148703288363719115614339176853095,0,Yes,yes,2025-03-27 12:00:00+00:00,2025_03_27_open_0500_PT,2025-03-27 05:00:00-07:00,2025-02-25 19:54:41+00:00,0.001
522878,5442743401928862894180841736263512191564084389996775978514134400673743050598,0,Putin,putin,2025-03-27 12:00:00+00:00,2025_03_27_open_0500_PT,2025-03-27 05:00:00-07:00,2025-02-28 20:00:10+00:00,0.001
522878,55264189025055373090161890959631464405045385380191735792739072809428026021736,1,Zelenskyy,zelenskyy,2025-03-27 12:00:00+00:00,2025_03_27_open_0500_PT,2025-03-27 05:00:00-07:00,2025-02-28 20:00:10+00:00,0.999
523197,55509409310784585364116971076570089959207228118269642206238982520364239944605,1,No,no,2025-03-27 12:00:00+00:00,2025_03_27_open_0500_PT,2025-03-27 05:00:00-07:00,2025-03-27 09:08:58+00:00,0.968
516187,56333219586489855674685549932194420713208928308331628771337419037140355178076,0,Yes,yes,2025-03-27 12:00:00+00:00,2025_03_27_open_0500_PT,2025-03-27 05:00:00-07:00,2025-03-23 10:28:51+00:00,0.04
523343,57160884655103428512814247631012981773015723019889832549493437551469480061242,1,No,no,2025-03-27 12:00:00+00:00,2025_03_27_open_0500_PT,2025-03-27 05:00:00-07:00,2025-03-27 05:49:33+00:00,0.4189706462625881
516715,5802460671946751538636185453975614627729230853286731735057811449821051691611,0,Yes,yes,2025-03-27 12:00:00+00:00,2025_03_27_open_0500_PT,2025-03-27 05:00:00-07:00,2025-03-25 20:27:32+00:00,0.06000000626667916
522895,62643694748826312587911382162440534823433709821141516597510649054633548502810,0,Yes,yes,2025-03-27 12:00:00+00:00,2025_03_27_open_0500_PT,2025-03-27 05:00:00-07:00,2025-03-26 21:42:07+00:00,0.3206723128639226
519736,63894828884807366836211275957245556698359823645556214866812004935138375830618,0,Yes,yes,2025-03-27 12:00:00+00:00,2025_03_27_open_0500_PT,2025-03-27 05:00:00-07:00,2025-03-27 11:17:05+00:00,0.07647055337370089
524147,6436214359665115810717148929293436681245885613476937891713590935932389735242,1,No,no,2025-03-27 12:00:00+00:00,2025_03_27_open_0500_PT,2025-03-27 05:00:00-07:00,2025-02-28 06:17:16+00:00,0.001
525157,64545313588399663482682286511585103428301403511234717343459455007091083337075,1,No,no,2025-03-27 12:00:00+00:00,2025_03_27_open_0500_PT,2025-03-27 05:00:00-07:00,2025-03-27 03:44:22+00:00,0.76
524291,6456202668171707900880212750943570928813250356351945554332572852984770395210,1,No,no,2025-03-27 12:00:00+00:00,2025_03_27_open_0500_PT,2025-03-27 05:00:00-07:00,2025-03-26 16:34:49+00:00,0.89
526861,65449845407755668776897976670879705991692250175624922195548093200952844680115,1,No,no,2025-03-27 12:00:00+00:00,2025_03_27_open_0500_PT,2025-03-27 05:00:00-07:00,2025-03-27 04:42:24+00:00,0.18
524285,65482627758879803524003778479202246178420046841505286705606240559010331503838,0,Yes,yes,2025-03-27 12:00:00+00:00,2025_03_27_open_0500_PT,2025-03-27 05:00:00-07:00,2025-03-27 11:57:25+00:00,0.41
526814,65961864506371256053813328069691531595710124813443748296296270747497043580971,1,No,no,2025-03-27 12:00:00+00:00,2025_03_27_open_0500_PT,2025-03-27 05:00:00-07:00,2025-03-25 19:12:44+00:00,0.001
522895,66339636783489562244427406324835042611372608866942882907689045655663784195972,1,No,no,2025-03-27 12:00:00+00:00,2025_03_27_open_0500_PT,2025-03-27 05:00:00-07:00,2025-03-26 21:42:07+00:00,0.6700000102049052
524145,66356062315875533075062405949409720397580573066885585702377343083606583765118,0,Yes,yes,2025-03-27 12:00:00+00:00,2025_03_27_open_0500_PT,2025-03-27 05:00:00-07:00,2025-02-28 18:42:39+00:00,0.999
524310,6800060988333615171942817578522303119129729510028069894794248047438283072436,1,No,no,2025-03-27 12:00:00+00:00,2025_03_27_open_0500_PT,2025-03-27 05:00:00-07:00,2025-03-25 02:14:26+00:00,0.001
507984,68914504833157616843053838732988841773228477730246651549660144444755511574372,1,No,no,2025-03-27 12:00:00+00:00,2025_03_27_open_0500_PT,2025-03-27 05:00:00-07:00,2024-12-12 21:27:58+00:00,0.998
517693,69226537548379102137110260910766942274764101034650179979960227372969528243604,0,Yes,yes,2025-03-27 12:00:00+00:00,2025_03_27_open_0500_PT,2025-03-27 05:00:00-07:00,2025-03-27 11:21:03+00:00,0.11
521041,70920939650366426146836696994150938025168677239124917474200404356093431153260,1,No,no,2025-03-27 12:00:00+00:00,2025_03_27_open_0500_PT,2025-03-27 05:00:00-07:00,2025-03-27 05:32:45+00:00,0.93
516189,71685983838843709915160975671540060908877886707703474939962098991499689519711,0,Yes,yes,2025-03-27 12:00:00+00:00,2025_03_27_open_0500_PT,2025-03-27 05:00:00-07:00,2025-03-26 12:22:52+00:00,0.03
525232,73663957466489274595176785305097386128325404078001917490010407904837134882577,0,Yes,yes,2025-03-27 12:00:00+00:00,2025_03_27_open_0500_PT,2025-03-27 05:00:00-07:00,2025-03-26 23:22:15+00:00,0.2753708133971292
524348,73984012795437798473481687953253285098754321969692105101879063972760068638228,1,No,no,2025-03-27 12:00:00+00:00,2025_03_27_open_0500_PT,2025-03-27 05:00:00-07:00,2025-02-25 19:54:41+00:00,0.999
525157,74129046843921940913413587682588886122583847748489066762857187137233978267670,0,Yes,yes,2025-03-27 12:00:00+00:00,2025_03_27_open_0500_PT,2025-03-27 05:00:00-07:00,2025-03-26 18:29:59+00:00,0.2399999673599979
519048,74534059827731044353009484655251717921023956616694121520435859117169009979824,0,Yes,yes,2025-03-27 12:00:00+00:00,2025_03_27_open_0500_PT,2025-03-27 05:00:00-07:00,2025-03-27 09:43:56+00:00,0.1099999684666652
524477,75533964938719028696952998369094361524498526879485856631877081096914627658644,1,No,no,2025-03-27 12:00:00+00:00,2025_03_27_open_0500_PT,2025-03-27 05:00:00-07:00,2025-03-27 11:16:07+00:00,0.970000098275879
518889,76417393963448037479806799796874747547221511591996743269503725518742470496274,0,Yes,yes,2025-03-27 12:00:00+00:00,2025_03_27_open_0500_PT,2025-03-27 05:00:00-07:00,2025-03-27 04:56:12+00:00,0.31407055630936226
523197,76517872896411850784270344965682992803318434169987777444136970978963357739156,0,Yes,yes,2025-03-27 12:00:00+00:00,2025_03_27_open_0500_PT,2025-03-27 05:00:00-07:00,2025-03-27 09:08:58+00:00,0.032
519048,76643504232063200802060773779828726415087044269171506931668031354693251545396,1,No,no,2025-03-27 12:00:00+00:00,2025_03_27_open_0500_PT,2025-03-27 05:00:00-07:00,2025-03-27 10:18:20+00:00,0.89
527278,76683579252562835143863542840343898007243510337054657506558517873008498105093,0,Yes,yes,2025-03-27 12:00:00+00:00,2025_03_27_open_0500_PT,2025-03-27 05:00:00-07:00,2025-03-14 17:08:09+00:00,0.999
516187,76896069667756716472035601301016783496873889454464161011234150458037478069918,1,No,no,2025-03-27 12:00:00+00:00,2025_03_27_open_0500_PT,2025-03-27 05:00:00-07:00,2025-03-24 14:33:43+00:00,0.96
517073,78869803177078589287716771530665317651497156168734051494454473188006845916520,1,No,no,2025-03-27 12:00:00+00:00,2025_03_27_open_0500_PT,2025-03-27 05:00:00-07:00,2025-03-26 19:28:03+00:00,0.79
522894,81020312652589627285197771109762839746287006928172707150877539028691834065212,0,Yes,yes,2025-03-27 12:00:00+00:00,2025_03_27_open_0500_PT,2025-03-27 05:00:00-07:00,2025-03-27 08:51:40+00:00,0.05
524310,82246973513888061559569421022652964687465272762066736721360354291228748283806,0,Yes,yes,2025-03-27 12:00:00+00:00,2025_03_27_open_0500_PT,2025-03-27 05:00:00-07:00,2025-03-25 02:14:26+00:00,0.999
516190,83080252071092689902932666850490074811760131055025811650818073654402601835484,0,Yes,yes,2025-03-27 12:00:00+00:00,2025_03_27_open_0500_PT,2025-03-27 05:00:00-07:00,2025-03-27 11:15:59+00:00,0.9630000355940014
521041,83524440200143860657028178945801858366378129256359488825050609853223919531809,0,Yes,yes,2025-03-27 12:00:00+00:00,2025_03_27_open_0500_PT,2025-03-27 05:00:00-07:00,2025-03-27 05:32:45+00:00,0.07
524477,83547673164506671794819260938344653989875088069034224812175182562166039721574,0,Yes,yes,2025-03-27 12:00:00+00:00,2025_03_27_open_0500_PT,2025-03-27 05:00:00-07:00,2025-03-27 11:16:07+00:00,0.028846126386833
525231,83742739530586820493605246339344277590673217105618245459443915506041800643469,1,No,no,2025-03-27 12:00:00+00:00,2025_03_27_open_0500_PT,2025-03-27 05:00:00-07:00,2025-03-24 09:18:30+00:00,0.91
510319,84888738552927367074645370589243532246434846262240067551074642775011167355434,0,Yes,yes,2025-03-27 12:00:00+00:00,2025_03_27_open_0500_PT,2025-03-27 05:00:00-07:00,2025-03-27 11:59:05+00:00,0.1200000043084492
527081,85329416514471004297478005149625146014624743562622421967455557722819447174298,0,Yes,yes,2025-03-27 12:00:00+00:00,2025_03_27_open_0500_PT,2025-03-27 05:00:00-07:00,2025-03-27 10:48:52+00:00,0.32
526229,86304131703011980721755979925817881408007934797292837200662297834354514178950,1,No,no,2025-03-27 12:00:00+00:00,2025_03_27_open_0500_PT,2025-03-27 05:00:00-07:00,2025-03-26 02:16:53+00:00,0.972
510319,86857783363775257860227917708309268561005168570896999677788731255030014967896,1,No,no,2025-03-27 12:00:00+00:00,2025_03_27_open_0500_PT,2025-03-27 05:00:00-07:00,2025-03-27 11:59:05+00:00,0.8799999956915509
526229,88551081062941956754624270296481102277138087249231124901142839087117648363109,0,Yes,yes,2025-03-27 12:00:00+00:00,2025_03_27_open_0500_PT,2025-03-27 05:00:00-07:00,2025-03-26 02:16:53+00:00,0.027166666666666665
524292,9014695769446700891659134648259488341557414914618690658701879241952037527074,1,No,no,2025-03-27 12:00:00+00:00,2025_03_27_open_0500_PT,2025-03-27 05:00:00-07:00,2025-03-27 11:26:01+00:00,0.86
527032,90544185197348445762400462367487730947998989538649021442756705113012034127717,0,Yes,yes,2025-03-27 12:00:00+00:00,2025_03_27_open_0500_PT,2025-03-27 05:00:00-07:00,2025-03-11 17:55:03+00:00,0.01
516315,9252583647094848244431316973245869222379640287360099162283052699401101960353,0,Yes,yes,2025-03-27 12:00:00+00:00,2025_03_27_open_0500_PT,2025-03-27 05:00:00-07:00,2025-03-27 06:43:16+00:00,0.054
516143,95786924372760057572092804419385993470890190892343223404877167501659835222533,1,No,no,2025-03-27 12:00:00+00:00,2025_03_27_open_0500_PT,2025-03-27 05:00:00-07:00,2025-03-27 10:03:42+00:00,0.91
522056,96601928894191559916157952751631886797424000157973909225754084049773554405468,0,Yes,yes,2025-03-27 12:00:00+00:00,2025_03_27_open_0500_PT,2025-03-27 05:00:00-07:00,2025-03-27 07:33:40+00:00,0.46
527005,96618036676034164847772351078297997221316377064022855127438030193903015078566,1,No,no,2025-03-27 12:00:00+00:00,2025_03_27_open_0500_PT,2025-03-27 05:00:00-07:00,2025-03-27 08:55:20+00:00,0.82
524021,97262919156133260921887403057581420516585464065308475066791456615017669503669,0,Yes,yes,2025-03-27 12:00:00+00:00,2025_03_27_open_0500_PT,2025-03-27 05:00:00-07:00,2025-03-27 11:20:51+00:00,0.36
527005,100121345789532362055123879793212027312379236056429540221720415709850532973373,0,Yes,yes,2025-03-28 00:00:00+00:00,2025_03_27_close_1700_PT,2025-03-27 17:00:00-07:00,2025-03-27 08:55:20+00:00,0.18
507311,102006319303460238827563664446951754516041393632850360444322469125777577388771,0,Yes,yes,2025-03-28 00:00:00+00:00,2025_03_27_close_1700_PT,2025-03-27 17:00:00-07:00,2025-01-29 21:39:28+00:00,0.001
524145,102062916030133807330186342894442541205582789480933958339342744794892413850627,1,No,no,2025-03-28 00:00:00+00:00,2025_03_27_close_1700_PT,2025-03-27 17:00:00-07:00,2025-02-28 16:13:57+00:00,0.001
525437,10316592426452860464899722692398677096383513371344164830735417650138017205817,1,No,no,2025-03-28 00:00:00+00:00,2025_03_27_close_1700_PT,2025-03-27 17:00:00-07:00,2025-03-05 19:01:37+00:00,0.01
521103,103909253011351322759892776638669457027523901655815490042130382730360706229706,0,Yes,yes,2025-03-28 00:00:00+00:00,2025_03_27_close_1700_PT,2025-03-27 17:00:00-07:00,2025-03-27 15:22:52+00:00,0.1299999789399992
516715,104795148936930645520469554178353538587130154145659561962269514319642274480768,1,No,no,2025-03-28 00:00:00+00:00,2025_03_27_close_1700_PT,2025-03-27 17:00:00-07:00,2025-03-27 22:05:46+00:00,0.9399999997314286
526814,105039045108735350701067761926660919174556796573940954887933194396971464305066,0,Yes,yes,2025-03-28 00:00:00+00:00,2025_03_27_close_1700_PT,2025-03-27 17:00:00-07:00,2025-03-25 19:12:44+00:00,0.999
524291,106785705064968660332067023300536266535388124753272914243541205698423062856246,0,Yes,yes,2025-03-28 00:00:00+00:00,2025_03_27_close_1700_PT,2025-03-27 17:00:00-07:00,2025-03-27 23:07:00+00:00,0.13
524285,107643187201000404038693592426566378917534508353468263334674357442312114112510,1,No,no,2025-03-28 00:00:00+00:00,2025_03_27_close_1700_PT,2025-03-27 17:00:00-07:00,2025-03-27 23:18:06+00:00,0.63
525442,108057916747365167542504013787062021441684619476265070483570121865318046932052,0,Yes,yes,2025-03-28 00:00:00+00:00,2025_03_27_close_1700_PT,2025-03-27 17:00:00-07:00,2025-03-05 19:00:49+00:00,0.001
521603,108064859672314536571175804798614410280877635973727667622803804179444259690672,1,No,no,2025-03-28 00:00:00+00:00,2025_03_27_close_1700_PT,2025-03-27 17:00:00-07:00,2025-03-27 23:49:46+00:00,0.9789999974311924
522894,108303820542127194670275571355095079674537367635794408292209711330192187534707,1,No,no,2025-03-28 00:00:00+00:00,2025_03_27_close_1700_PT,2025-03-27 17:00:00-07:00,2025-03-27 13:39:09+00:00,0.95
519736,108331518505056537403722461966654684743488871885239753047834907734450664515452,1,No,no,2025-03-28 00:00:00+00:00,2025_03_27_close_1700_PT,2025-03-27 17:00:00-07:00,2025-03-27 11:47:19+00:00,0.934
507311,109788973099970019996072517823266794542154906066004680247007602517078576240900,1,No,no,2025-03-28 00:00:00+00:00,2025_03_27_close_1700_PT,2025-03-27 17:00:00-07:00,2025-01-29 21:39:28+00:00,0.999
523420,110303218457795832861589414223072133732424840017074962598980991451216787898529,0,Yes,yes,2025-03-28 00:00:00+00:00,2025_03_27_close_1700_PT,2025-03-27 17:00:00-07:00,2025-03-27 23:36:28+00:00,0.3700000409252022
523420,110513468504414111967623727967802735681305040958967125800368195228103949451183,1,No,no,2025-03-28 00:00:00+00:00,2025_03_27_close_1700_PT,2025-03-27 17:00:00-07:00,2025-03-27 23:36:28+00:00,0.6299999590747978
523198,111048886296924495129741424280092672064807186679410610865674623733591163627018,1,No,no,2025-03-28 00:00:00+00:00,2025_03_27_close_1700_PT,2025-03-27 17:00:00-07:00,2025-03-27 19:33:52+00:00,0.94
522056,111817814065148789668110176254570458287510111700931938757952739120253070676417,1,No,no,2025-03-28 00:00:00+00:00,2025_03_27_close_1700_PT,2025-03-27 17:00:00-07:00,2025-03-27 23:22:12+00:00,0.56
516315,112686805416681376426848642516954883318316273962669944235801308401883591913314,1,No,no,2025-03-28 00:00:00+00:00,2025_03_27_close_1700_PT,2025-03-27 17:00:00-07:00,2025-03-27 16:09:48+00:00,0.949
519844,115151921832306680160638545362939767099400757097903129602011054222202727203606,1,No,no,2025-03-28 00:00:00+00:00,2025_03_27_close_1700_PT,2025-03-27 17:00:00-07:00,2025-02-28 20:07:00+00:00,0.001
524143,1179039883486402183499490082435825463500517700553032674433043579228770785112,0,Yes,yes,2025-03-28 00:00:00+00:00,2025_03_27_close_1700_PT,2025-03-27 17:00:00-07:00,2025-03-27 13:11:29+00:00,0.11
525437,12198166341436727947405729209814148041740036263965322192437253954048906701116,0,Yes,yes,2025-03-28 00:00:00+00:00,2025_03_27_close_1700_PT,2025-03-27 17:00:00-07:00,2025-03-05 19:01:37+00:00,0.99
521100,14990029861718662869816237869973544862792282285138092644462921007650993247380,0,Yes,yes,2025-03-28 00:00:00+00:00,2025_03_27_close_1700_PT,2025-03-27 17:00:00-07:00,2025-03-12 20:16:21+00:00,0.999
516719,15974786252393396629980467963784550802583781222733347534844974829144359265969,0,Yes,yes,2025-03-28 00:00:00+00:00,2025_03_27_close_1700_PT,2025-03-27 17:00:00-07:00,2025-03-27 23:05:22+00:00,0.6099999993899999
527081,17189149212865445714213344530377307644873493103595435170459256971807866915825,1,No,no,2025-03-28 00:00:00+00:00,2025_03_27_close_1700_PT,2025-03-27 17:00:00-07:00,2025-03-27 20:00:22+00:00,0.69
525442,17526688879266974475993857941710252477836369992267558391595367358065513215277,1,No,no,2025-03-28 00:00:00+00:00,2025_03_27_close_1700_PT,2025-03-27 17:00:00-07:00,2025-03-05 19:00:49+00:00,0.999
523198,17636133037698655711537839367918666335877935696344385855077943944327611242596,0,Yes,yes,2025-03-28 00:00:00+00:00,2025_03_27_close_1700_PT,2025-03-27 17:00:00-07:00,2025-03-27 19:33:52+00:00,0.06
518890,1820990530457734990844221236379424325571531338274179313320944848555296238885,0,Yes,yes,2025-03-28 00:00:00+00:00,2025_03_27_close_1700_PT,2025-03-27 17:00:00-07:00,2025-03-26 19:41:51+00:00,0.1799999279999928
521603,18833065283746804110550289341323864262410877417777323132151715138616977528841,0,Yes,yes,2025-03-28 00:00:00+00:00,2025_03_27_close_1700_PT,2025-03-27 17:00:00-07:00,2025-03-27 23:57:34+00:00,0.02238177
518890,19787433176606062103363478006507471735790167880416910771642279209812633663344,1,No,no,2025-03-28 00:00:00+00:00,2025_03_27_close_1700_PT,2025-03-27 17:00:00-07:00,2025-03-27 23:08:16+00:00,0.82
523343,22255463452594162709449800579658835371746668793825841462318307382376621533755,0,Yes,yes,2025-03-28 00:00:00+00:00,2025_03_27_close_1700_PT,2025-03-27 17:00:00-07:00,2025-03-27 22:53:24+00:00,0.56
527279,22752183918002848078277748029145662550669719932108767430775139318472934671798,1,No,no,2025-03-28 00:00:00+00:00,2025_03_27_close_1700_PT,2025-03-27 17:00:00-07:00,2025-03-12 20:16:11+00:00,0.002
524021,22814991468805556116471270417641782171550309851492637070422109257339804109572,1,No,no,2025-03-28 00:00:00+00:00,2025_03_27_close_1700_PT,2025-03-27 17:00:00-07:00,2025-03-27 20:10:24+00:00,0.64
524292,23363560824318474668781482335102625289561748638527872548758492627125630990827,0,Yes,yes,2025-03-28 00:00:00+00:00,2025_03_27_close_1700_PT,2025-03-27 17:00:00-07:00,2025-03-27 23:19:32+00:00,0.15
521026,23632768753333496327246137884794918423597173479688585307138116345069085580247,1,No,no,2025-03-28 00:00:00+00:00,2025_03_27_close_1700_PT,2025-03-27 17:00:00-07:00,2025-03-27 22:14:54+00:00,0.36
516189,25301545985889508293321782755434072371936771538975200674445139222395623272851,1,No,no,2025-03-28 00:00:00+00:00,2025_03_27_close_1700_PT,2025-03-27 17:00:00-07:00,2025-03-27 12:19:37+00:00,0.967
516143,25742247876332768458781360292043764039507900813404980298479194684402595556451,0,Yes,yes,2025-03-28 00:00:00+00:00,2025_03_27_close_1700_PT,2025-03-27 17:00:00-07:00,2025-03-27 22:28:30+00:00,0.08
516190,27706044619360761256387697290478189707563660684659877077148428665563431908215,1,No,no,2025-03-28 00:00:00+00:00,2025_03_27_close_1700_PT,2025-03-27 17:00:00-07:00,2025-03-27 18:34:52+00:00,0.038
525231,27854589915558666949911110700107109304807510472832754346848714713106576041207,0,Yes,yes,2025-03-28 00:00:00+00:00,2025_03_27_close_1700_PT,2025-03-27 17:00:00-07:00,2025-03-23 19:21:00+00:00,0.08
521025,28414938735362964078307100001374150957816395319940009652318455849499629150252,1,No,no,2025-03-28 00:00:00+00:00,2025_03_27_close_1700_PT,2025-03-27 17:00:00-07:00,2025-03-26 20:26:29+00:00,0.6700000188100008
525232,31566724138998405553508313449766802786847999037726188458982786371622924711878,1,No,no,2025-03-28 00:00:00+00:00,2025_03_27_close_1700_PT,2025-03-27 17:00:00-07:00,2025-03-27 22:18:18+00:00,0.700000180000072
524143,32156304147657186738936334568719617978558036247795210919856751006394161293073,1,No,no,2025-03-28 00:00:00+00:00,2025_03_27_close_1700_PT,2025-03-27 17:00:00-07:00,2025-03-27 13:00:05+00:00,0.87
526861,32921044856076201189154703786849418887213408387521621721061527935861828024828,0,Yes,yes,2025-03-28 00:00:00+00:00,2025_03_27_close_1700_PT,2025-03-27 17:00:00-07:00,2025-03-27 23:54:06+00:00,0.8
527278,33787629600621860180939604657495798919073059313987957113657471584613393310606,1,No,no,2025-03-28 00:00:00+00:00,2025_03_27_close_1700_PT,2025-03-27 17:00:00-07:00,2025-03-14 17:08:09+00:00,0.001
521499,37809713000353368658683984822433912106052732096671571646866650191133502648634,1,No,no,2025-03-28 00:00:00+00:00,2025_03_27_close_1700_PT,2025-03-27 17:00:00-07:00,2025-03-12 20:16:29+00:00,0.001
519628,37946704943888888914227612417452623974614267503719043957094985529354395995926,1,No,no,2025-03-28 00:00:00+00:00,2025_03_27_close_1700_PT,2025-03-27 17:00:00-07:00,2025-03-27 23:57:06+00:00,0.66
517693,38028235049989289118991891250017423701902844342596888644757673357241176888913,1,No,no,2025-03-28 00:00:00+00:00,2025_03_27_close_1700_PT,2025-03-27 17:00:00-07:00,2025-03-24 19:40:44+00:00,0.89
522057,39073221701552764059446410725782004011128353041681427534414147663135223634260,1,No,no,2025-03-28 00:00:00+00:00,2025_03_27_close_1700_PT,2025-03-27 17:00:00-07:00,2025-03-27 22:40:22+00:00,0.81
519628,39327269875426915204597944387916069897800289788920336317845465327697809453999,0,Yes,yes,2025-03-28 00:00:00+00:00,2025_03_27_close_1700_PT,2025-03-27 17:00:00-07:00,2025-03-27 23:56:20+00:00,0.34
527279,40001158490980829331315202760805197309678407198352511114569399283632572307422,0,Yes,yes,2025-03-28 00:00:00+00:00,2025_03_27_close_1700_PT,2025-03-27 17:00:00-07:00,2025-03-12 20:19:55+00:00,0.998
521103,40643730425995007653653846322257326466291751148478865541862332040512398068473,1,No,no,2025-03-28 00:00:00+00:00,2025_03_27_close_1700_PT,2025-03-27 17:00:00-07:00,2025-03-27 19:01:48+00:00,0.8813705768075465
519844,40914113765279699847589045742755525912767460490196542143342551731171071232917,0,Yes,yes,2025-03-28 00:00:00+00:00,2025_03_27_close_1700_PT,2025-03-27 17:00:00-07:00,2025-02-28 20:07:00+00:00,0.999
516719,42351579455604873042957090441032286075880144797259231030267680078160718556927,1,No,no,2025-03-28 00:00:00+00:00,2025_03_27_close_1700_PT,2025-03-27 17:00:00-07:00,2025-03-27 23:05:22+00:00,0.39000000061000006
523413,4274339277583331170231436480507835882687434608350779078862983050349942696879,1,No,no,2025-03-28 00:00:00+00:00,2025_03_27_close_1700_PT,2025-03-27 17:00:00-07:00,2025-03-27 19:02:58+00:00,0.8499999868636361
521100,42807705713627033072721560874549512720856774493986139163714965545915531235572,1,No,no,2025-03-28 00:00:00+00:00,2025_03_27_close_1700_PT,2025-03-27 17:00:00-07:00,2025-03-12 20:16:21+00:00,0.001
524147,43469326409739858395690572881501444443817974097672167644298447954120789600137,0,Yes,yes,2025-03-28 00:00:00+00:00,2025_03_27_close_1700_PT,2025-03-27 17:00:00-07:00,2025-02-28 06:17:16+00:00,0.9988821436653187
518889,44380686214454472779171256638293817778327849773706779670665516622038269778385,1,No,no,2025-03-28 00:00:00+00:00,2025_03_27_close_1700_PT,2025-03-27 17:00:00-07:00,2025-03-27 23:06:08+00:00,0.64
517073,46900460840406661483474634104595482418501684854096906918305683910102403871123,0,Yes,yes,2025-03-28 00:00:00+00:00,2025_03_27_close_1700_PT,2025-03-27 17:00:00-07:00,2025-03-27 23:13:56+00:00,0.22
523413,46975241878566226675389813084558441099978633579735672808077735156890286559886,0,Yes,yes,2025-03-28 00:00:00+00:00,2025_03_27_close_1700_PT,2025-03-27 17:00:00-07:00,2025-03-27 18:12:18+00:00,0.15
521499,47692708638309429756044208432818720002044706296619873136468383174493259480485,0,Yes,yes,2025-03-28 00:00:00+00:00,2025_03_27_close_1700_PT,2025-03-27 17:00:00-07:00,2025-03-12 20:16:29+00:00,0.999
522057,48477409091695386761559202853239391470463303066983260592312960625658563043275,0,Yes,yes,2025-03-28 00:00:00+00:00,2025_03_27_close_1700_PT,2025-03-27 17:00:00-07:00,2025-03-27 22:31:42+00:00,0.18
521026,49473000926194462184545427213242554383104595845909786504578023251386790224858,0,Yes,yes,2025-03-28 00:00:00+00:00,2025_03_27_close_1700_PT,2025-03-27 17:00:00-07:00,2025-03-27 22:14:54+00:00,0.64
507984,50284187941943469569202009194355917949339120733469101749033950310686959468007,0,Yes,yes,2025-03-28 00:00:00+00:00,2025_03_27_close_1700_PT,2025-03-27 17:00:00-07:00,2024-12-12 21:27:58+00:00,0.002
521025,50391907985844971368730434370554275352555306650304559981296724287110163889372,0,Yes,yes,2025-03-28 00:00:00+00:00,2025_03_27_close_1700_PT,2025-03-27 17:00:00-07:00,2025-03-26 20:26:29+00:00,0.3299999811899992
527032,52520991936301939851844268554264807330714499642654844594240746592838266792432,1,No,no,2025-03-28 00:00:00+00:00,2025_03_27_close_1700_PT,2025-03-27 17:00:00-07:00,2025-03-11 19:15:04+00:00,0.999
524348,52960782840877996381169383667062216635147767148703288363719115614339176853095,0,Yes,yes,2025-03-28 00:00:00+00:00,2025_03_27_close_1700_PT,2025-03-27 17:00:00-07:00,2025-02-25 19:54:41+00:00,0.001
522878,5442743401928862894180841736263512191564084389996775978514134400673743050598,0,Putin,putin,2025-03-28 00:00:00+00:00,2025_03_27_close_1700_PT,2025-03-27 17:00:00-07:00,2025-02-28 20:00:10+00:00,0.001
522878,55264189025055373090161890959631464405045385380191735792739072809428026021736,1,Zelenskyy,zelenskyy,2025-03-28 00:00:00+00:00,2025_03_27_close_1700_PT,2025-03-27 17:00:00-07:00,2025-02-28 20:00:10+00:00,0.999
523197,55509409310784585364116971076570089959207228118269642206238982520364239944605,1,No,no,2025-03-28 00:00:00+00:00,2025_03_27_close_1700_PT,2025-03-27 17:00:00-07:00,2025-03-27 09:08:58+00:00,0.968
516187,56333219586489855674685549932194420713208928308331628771337419037140355178076,0,Yes,yes,2025-03-28 00:00:00+00:00,2025_03_27_close_1700_PT,2025-03-27 17:00:00-07:00,2025-03-27 15:25:04+00:00,0.05
523343,57160884655103428512814247631012981773015723019889832549493437551469480061242,1,No,no,2025-03-28 00:00:00+00:00,2025_03_27_close_1700_PT,2025-03-27 17:00:00-07:00,2025-03-27 22:53:24+00:00,0.44
516715,5802460671946751538636185453975614627729230853286731735057811449821051691611,0,Yes,yes,2025-03-28 00:00:00+00:00,2025_03_27_close_1700_PT,2025-03-27 17:00:00-07:00,2025-03-27 22:05:46+00:00,0.060000000268571434
522895,62643694748826312587911382162440534823433709821141516597510649054633548502810,0,Yes,yes,2025-03-28 00:00:00+00:00,2025_03_27_close_1700_PT,2025-03-27 17:00:00-07:00,2025-03-27 12:30:53+00:00,0.29014012028024055
519736,63894828884807366836211275957245556698359823645556214866812004935138375830618,0,Yes,yes,2025-03-28 00:00:00+00:00,2025_03_27_close_1700_PT,2025-03-27 17:00:00-07:00,2025-03-27 11:17:05+00:00,0.07647055337370089
524147,6436214359665115810717148929293436681245885613476937891713590935932389735242,1,No,no,2025-03-28 00:00:00+00:00,2025_03_27_close_1700_PT,2025-03-27 17:00:00-07:00,2025-02-28 06:17:16+00:00,0.001
525157,64545313588399663482682286511585103428301403511234717343459455007091083337075,1,No,no,2025-03-28 00:00:00+00:00,2025_03_27_close_1700_PT,2025-03-27 17:00:00-07:00,2025-03-27 23:12:20+00:00,0.76
524291,6456202668171707900880212750943570928813250356351945554332572852984770395210,1,No,no,2025-03-28 00:00:00+00:00,2025_03_27_close_1700_PT,2025-03-27 17:00:00-07:00,2025-03-27 23:07:00+00:00,0.87
526861,65449845407755668776897976670879705991692250175624922195548093200952844680115,1,No,no,2025-03-28 00:00:00+00:00,2025_03_27_close_1700_PT,2025-03-27 17:00:00-07:00,2025-03-27 23:54:06+00:00,0.2
524285,65482627758879803524003778479202246178420046841505286705606240559010331503838,0,Yes,yes,2025-03-28 00:00:00+00:00,2025_03_27_close_1700_PT,2025-03-27 17:00:00-07:00,2025-03-27 15:37:12+00:00,0.38
526814,65961864506371256053813328069691531595710124813443748296296270747497043580971,1,No,no,2025-03-28 00:00:00+00:00,2025_03_27_close_1700_PT,2025-03-27 17:00:00-07:00,2025-03-25 19:12:44+00:00,0.001
522895,66339636783489562244427406324835042611372608866942882907689045655663784195972,1,No,no,2025-03-28 00:00:00+00:00,2025_03_27_close_1700_PT,2025-03-27 17:00:00-07:00,2025-03-27 12:30:53+00:00,0.72
524145,66356062315875533075062405949409720397580573066885585702377343083606583765118,0,Yes,yes,2025-03-28 00:00:00+00:00,2025_03_27_close_1700_PT,2025-03-27 17:00:00-07:00,2025-02-28 18:42:39+00:00,0.999
524310,6800060988333615171942817578522303119129729510028069894794248047438283072436,1,No,no,2025-03-28 00:00:00+00:00,2025_03_27_close_1700_PT,2025-03-27 17:00:00-07:00,2025-03-25 02:14:26+00:00,0.001
507984,68914504833157616843053838732988841773228477730246651549660144444755511574372,1,No,no,2025-03-28 00:00:00+00:00,2025_03_27_close_1700_PT,2025-03-27 17:00:00-07:00,2024-12-12 21:27:58+00:00,0.998
517693,69226537548379102137110260910766942274764101034650179979960227372969528243604,0,Yes,yes,2025-03-28 00:00:00+00:00,2025_03_27_close_1700_PT,2025-03-27 17:00:00-07:00,2025-03-27 18:41:12+00:00,0.1
521041,70920939650366426146836696994150938025168677239124917474200404356093431153260,1,No,no,2025-03-28 00:00:00+00:00,2025_03_27_close_1700_PT,2025-03-27 17:00:00-07:00,2025-03-27 18:35:14+00:00,0.93
516189,71685983838843709915160975671540060908877886707703474939962098991499689519711,0,Yes,yes,2025-03-28 00:00:00+00:00,2025_03_27_close_1700_PT,2025-03-27 17:00:00-07:00,2025-03-27 12:19:37+00:00,0.033
525232,73663957466489274595176785305097386128325404078001917490010407904837134882577,0,Yes,yes,2025-03-28 00:00:00+00:00,2025_03_27_close_1700_PT,2025-03-27 17:00:00-07:00,2025-03-27 22:18:18+00:00,0.299999819999928
524348,73984012795437798473481687953253285098754321969692105101879063972760068638228,1,No,no,2025-03-28 00:00:00+00:00,2025_03_27_close_1700_PT,2025-03-27 17:00:00-07:00,2025-02-25 19:54:41+00:00,0.999
525157,74129046843921940913413587682588886122583847748489066762857187137233978267670,0,Yes,yes,2025-03-28 00:00:00+00:00,2025_03_27_close_1700_PT,2025-03-27 17:00:00-07:00,2025-03-26 18:29:59+00:00,0.2399999673599979
519048,74534059827731044353009484655251717921023956616694121520435859117169009979824,0,Yes,yes,2025-03-28 00:00:00+00:00,2025_03_27_close_1700_PT,2025-03-27 17:00:00-07:00,2025-03-27 22:53:32+00:00,0.1099999684666652
524477,75533964938719028696952998369094361524498526879485856631877081096914627658644,1,No,no,2025-03-28 00:00:00+00:00,2025_03_27_close_1700_PT,2025-03-27 17:00:00-07:00,2025-03-27 19:17:12+00:00,0.975
518889,76417393963448037479806799796874747547221511591996743269503725518742470496274,0,Yes,yes,2025-03-28 00:00:00+00:00,2025_03_27_close_1700_PT,2025-03-27 17:00:00-07:00,2025-03-27 23:06:08+00:00,0.36
523197,76517872896411850784270344965682992803318434169987777444136970978963357739156,0,Yes,yes,2025-03-28 00:00:00+00:00,2025_03_27_close_1700_PT,2025-03-27 17:00:00-07:00,2025-03-27 13:12:17+00:00,0.03
519048,76643504232063200802060773779828726415087044269171506931668031354693251545396,1,No,no,2025-03-28 00:00:00+00:00,2025_03_27_close_1700_PT,2025-03-27 17:00:00-07:00,2025-03-27 22:58:46+00:00,0.89
527278,76683579252562835143863542840343898007243510337054657506558517873008498105093,0,Yes,yes,2025-03-28 00:00:00+00:00,2025_03_27_close_1700_PT,2025-03-27 17:00:00-07:00,2025-03-14 17:08:09+00:00,0.999
516187,76896069667756716472035601301016783496873889454464161011234150458037478069918,1,No,no,2025-03-28 00:00:00+00:00,2025_03_27_close_1700_PT,2025-03-27 17:00:00-07:00,2025-03-27 15:25:04+00:00,0.95
517073,78869803177078589287716771530665317651497156168734051494454473188006845916520,1,No,no,2025-03-28 00:00:00+00:00,2025_03_27_close_1700_PT,2025-03-27 17:00:00-07:00,2025-03-27 23:13:56+00:00,0.78
522894,81020312652589627285197771109762839746287006928172707150877539028691834065212,0,Yes,yes,2025-03-28 00:00:00+00:00,2025_03_27_close_1700_PT,2025-03-27 17:00:00-07:00,2025-03-27 13:39:09+00:00,0.05
524310,82246973513888061559569421022652964687465272762066736721360354291228748283806,0,Yes,yes,2025-03-28 00:00:00+00:00,2025_03_27_close_1700_PT,2025-03-27 17:00:00-07:00,2025-03-25 02:14:26+00:00,0.999
516190,83080252071092689902932666850490074811760131055025811650818073654402601835484,0,Yes,yes,2025-03-28 00:00:00+00:00,2025_03_27_close_1700_PT,2025-03-27 17:00:00-07:00,2025-03-27 18:34:52+00:00,0.962
521041,83524440200143860657028178945801858366378129256359488825050609853223919531809,0,Yes,yes,2025-03-28 00:00:00+00:00,2025_03_27_close_1700_PT,2025-03-27 17:00:00-07:00,2025-03-27 18:35:14+00:00,0.07
524477,83547673164506671794819260938344653989875088069034224812175182562166039721574,0,Yes,yes,2025-03-28 00:00:00+00:00,2025_03_27_close_1700_PT,2025-03-27 17:00:00-07:00,2025-03-27 19:17:12+00:00,0.020931677018633542
525231,83742739530586820493605246339344277590673217105618245459443915506041800643469,1,No,no,2025-03-28 00:00:00+00:00,2025_03_27_close_1700_PT,2025-03-27 17:00:00-07:00,2025-03-24 09:18:30+00:00,0.91
510319,84888738552927367074645370589243532246434846262240067551074642775011167355434,0,Yes,yes,2025-03-28 00:00:00+00:00,2025_03_27_close_1700_PT,2025-03-27 17:00:00-07:00,2025-03-27 23:29:10+00:00,0.09
527081,85329416514471004297478005149625146014624743562622421967455557722819447174298,0,Yes,yes,2025-03-28 00:00:00+00:00,2025_03_27_close_1700_PT,2025-03-27 17:00:00-07:00,2025-03-27 10:48:52+00:00,0.32
526229,86304131703011980721755979925817881408007934797292837200662297834354514178950,1,No,no,2025-03-28 00:00:00+00:00,2025_03_27_close_1700_PT,2025-03-27 17:00:00-07:00,2025-03-26 02:16:53+00:00,0.972
510319,86857783363775257860227917708309268561005168570896999677788731255030014967896,1,No,no,2025-03-28 00:00:00+00:00,2025_03_27_close_1700_PT,2025-03-27 17:00:00-07:00,2025-03-27 23:06:36+00:00,0.91
526229,88551081062941956754624270296481102277138087249231124901142839087117648363109,0,Yes,yes,2025-03-28 00:00:00+00:00,2025_03_27_close_1700_PT,2025-03-27 17:00:00-07:00,2025-03-26 02:16:53+00:00,0.027166666666666665
524292,9014695769446700891659134648259488341557414914618690658701879241952037527074,1,No,no,2025-03-28 00:00:00+00:00,2025_03_27_close_1700_PT,2025-03-27 17:00:00-07:00,2025-03-27 23:19:32+00:00,0.85
527032,90544185197348445762400462367487730947998989538649021442756705113012034127717,0,Yes,yes,2025-03-28 00:00:00+00:00,2025_03_27_close_1700_PT,2025-03-27 17:00:00-07:00,2025-03-11 17:55:03+00:00,0.01
516315,9252583647094848244431316973245869222379640287360099162283052699401101960353,0,Yes,yes,2025-03-28 00:00:00+00:00,2025_03_27_close_1700_PT,2025-03-27 17:00:00-07:00,2025-03-27 16:09:48+00:00,0.051
516143,95786924372760057572092804419385993470890190892343223404877167501659835222533,1,No,no,2025-03-28 00:00:00+00:00,2025_03_27_close_1700_PT,2025-03-27 17:00:00-07:00,2025-03-27 22:28:30+00:00,0.92
522056,96601928894191559916157952751631886797424000157973909225754084049773554405468,0,Yes,yes,2025-03-28 00:00:00+00:00,2025_03_27_close_1700_PT,2025-03-27 17:00:00-07:00,2025-03-27 23:22:12+00:00,0.44
527005,96618036676034164847772351078297997221316377064022855127438030193903015078566,1,No,no,2025-03-28 00:00:00+00:00,2025_03_27_close_1700_PT,2025-03-27 17:00:00-07:00,2025-03-27 08:55:20+00:00,0.82
524021,97262919156133260921887403057581420516585464065308475066791456615017669503669,0,Yes,yes,2025-03-28 00:00:00+00:00,2025_03_27_close_1700_PT,2025-03-27 17:00:00-07:00,2025-03-27 20:10:24+00:00,0.36
527005,100121345789532362055123879793212027312379236056429540221720415709850532973373,0,Yes,yes,2025-03-28 12:00:00+00:00,2025_03_28_open_0500_PT,2025-03-28 05:00:00-07:00,2025-03-27 08:55:20+00:00,0.18
507311,102006319303460238827563664446951754516041393632850360444322469125777577388771,0,Yes,yes,2025-03-28 12:00:00+00:00,2025_03_28_open_0500_PT,2025-03-28 05:00:00-07:00,2025-01-29 21:39:28+00:00,0.001
524145,102062916030133807330186342894442541205582789480933958339342744794892413850627,1,No,no,2025-03-28 12:00:00+00:00,2025_03_28_open_0500_PT,2025-03-28 05:00:00-07:00,2025-02-28 16:13:57+00:00,0.001
525437,10316592426452860464899722692398677096383513371344164830735417650138017205817,1,No,no,2025-03-28 12:00:00+00:00,2025_03_28_open_0500_PT,2025-03-28 05:00:00-07:00,2025-03-05 19:01:37+00:00,0.01
521103,103909253011351322759892776638669457027523901655815490042130382730360706229706,0,Yes,yes,2025-03-28 12:00:00+00:00,2025_03_28_open_0500_PT,2025-03-28 05:00:00-07:00,2025-03-28 08:32:38+00:00,0.11
516715,104795148936930645520469554178353538587130154145659561962269514319642274480768,1,No,no,2025-03-28 12:00:00+00:00,2025_03_28_open_0500_PT,2025-03-28 05:00:00-07:00,2025-03-27 22:05:46+00:00,0.9399999997314286
526814,105039045108735350701067761926660919174556796573940954887933194396971464305066,0,Yes,yes,2025-03-28 12:00:00+00:00,2025_03_28_open_0500_PT,2025-03-28 05:00:00-07:00,2025-03-25 19:12:44+00:00,0.999
524291,106785705064968660332067023300536266535388124753272914243541205698423062856246,0,Yes,yes,2025-03-28 12:00:00+00:00,2025_03_28_open_0500_PT,2025-03-28 05:00:00-07:00,2025-03-27 23:07:00+00:00,0.13
524285,107643187201000404038693592426566378917534508353468263334674357442312114112510,1,No,no,2025-03-28 12:00:00+00:00,2025_03_28_open_0500_PT,2025-03-28 05:00:00-07:00,2025-03-28 10:51:52+00:00,0.64
525442,108057916747365167542504013787062021441684619476265070483570121865318046932052,0,Yes,yes,2025-03-28 12:00:00+00:00,2025_03_28_open_0500_PT,2025-03-28 05:00:00-07:00,2025-03-05 19:00:49+00:00,0.001
521603,108064859672314536571175804798614410280877635973727667622803804179444259690672,1,No,no,2025-03-28 12:00:00+00:00,2025_03_28_open_0500_PT,2025-03-28 05:00:00-07:00,2025-03-28 11:56:32+00:00,0.978
522894,108303820542127194670275571355095079674537367635794408292209711330192187534707,1,No,no,2025-03-28 12:00:00+00:00,2025_03_28_open_0500_PT,2025-03-28 05:00:00-07:00,2025-03-28 10:25:14+00:00,0.94
519736,108331518505056537403722461966654684743488871885239753047834907734450664515452,1,No,no,2025-03-28 12:00:00+00:00,2025_03_28_open_0500_PT,2025-03-28 05:00:00-07:00,2025-03-27 11:47:19+00:00,0.934
507311,109788973099970019996072517823266794542154906066004680247007602517078576240900,1,No,no,2025-03-28 12:00:00+00:00,2025_03_28_open_0500_PT,2025-03-28 05:00:00-07:00,2025-01-29 21:39:28+00:00,0.999
523420,110303218457795832861589414223072133732424840017074962598980991451216787898529,0,Yes,yes,2025-03-28 12:00:00+00:00,2025_03_28_open_0500_PT,2025-03-28 05:00:00-07:00,2025-03-28 11:13:26+00:00,0.35
523420,110513468504414111967623727967802735681305040958967125800368195228103949451183,1,No,no,2025-03-28 12:00:00+00:00,2025_03_28_open_0500_PT,2025-03-28 05:00:00-07:00,2025-03-28 11:46:24+00:00,0.62
523198,111048886296924495129741424280092672064807186679410610865674623733591163627018,1,No,no,2025-03-28 12:00:00+00:00,2025_03_28_open_0500_PT,2025-03-28 05:00:00-07:00,2025-03-27 19:33:52+00:00,0.94
522056,111817814065148789668110176254570458287510111700931938757952739120253070676417,1,No,no,2025-03-28 12:00:00+00:00,2025_03_28_open_0500_PT,2025-03-28 05:00:00-07:00,2025-03-28 11:37:46+00:00,0.56
516315,112686805416681376426848642516954883318316273962669944235801308401883591913314,1,No,no,2025-03-28 12:00:00+00:00,2025_03_28_open_0500_PT,2025-03-28 05:00:00-07:00,2025-03-28 02:51:10+00:00,0.948
519844,115151921832306680160638545362939767099400757097903129602011054222202727203606,1,No,no,2025-03-28 12:00:00+00:00,2025_03_28_open_0500_PT,2025-03-28 05:00:00-07:00,2025-02-28 20:07:00+00:00,0.001
524143,1179039883486402183499490082435825463500517700553032674433043579228770785112,0,Yes,yes,2025-03-28 12:00:00+00:00,2025_03_28_open_0500_PT,2025-03-28 05:00:00-07:00,2025-03-27 13:11:29+00:00,0.11
525437,12198166341436727947405729209814148041740036263965322192437253954048906701116,0,Yes,yes,2025-03-28 12:00:00+00:00,2025_03_28_open_0500_PT,2025-03-28 05:00:00-07:00,2025-03-05 19:01:37+00:00,0.99
521100,14990029861718662869816237869973544862792282285138092644462921007650993247380,0,Yes,yes,2025-03-28 12:00:00+00:00,2025_03_28_open_0500_PT,2025-03-28 05:00:00-07:00,2025-03-12 20:16:21+00:00,0.999
516719,15974786252393396629980467963784550802583781222733347534844974829144359265969,0,Yes,yes,2025-03-28 12:00:00+00:00,2025_03_28_open_0500_PT,2025-03-28 05:00:00-07:00,2025-03-28 11:59:48+00:00,0.6
527081,17189149212865445714213344530377307644873493103595435170459256971807866915825,1,No,no,2025-03-28 12:00:00+00:00,2025_03_28_open_0500_PT,2025-03-28 05:00:00-07:00,2025-03-28 09:39:28+00:00,0.75
525442,17526688879266974475993857941710252477836369992267558391595367358065513215277,1,No,no,2025-03-28 12:00:00+00:00,2025_03_28_open_0500_PT,2025-03-28 05:00:00-07:00,2025-03-05 19:00:49+00:00,0.999
523198,17636133037698655711537839367918666335877935696344385855077943944327611242596,0,Yes,yes,2025-03-28 12:00:00+00:00,2025_03_28_open_0500_PT,2025-03-28 05:00:00-07:00,2025-03-27 19:33:52+00:00,0.06
518890,1820990530457734990844221236379424325571531338274179313320944848555296238885,0,Yes,yes,2025-03-28 12:00:00+00:00,2025_03_28_open_0500_PT,2025-03-28 05:00:00-07:00,2025-03-26 19:41:51+00:00,0.1799999279999928
521603,18833065283746804110550289341323864262410877417777323132151715138616977528841,0,Yes,yes,2025-03-28 12:00:00+00:00,2025_03_28_open_0500_PT,2025-03-28 05:00:00-07:00,2025-03-28 11:56:32+00:00,0.022
518890,19787433176606062103363478006507471735790167880416910771642279209812633663344,1,No,no,2025-03-28 12:00:00+00:00,2025_03_28_open_0500_PT,2025-03-28 05:00:00-07:00,2025-03-27 23:08:16+00:00,0.82
523343,22255463452594162709449800579658835371746668793825841462318307382376621533755,0,Yes,yes,2025-03-28 12:00:00+00:00,2025_03_28_open_0500_PT,2025-03-28 05:00:00-07:00,2025-03-28 09:55:30+00:00,0.55
527279,22752183918002848078277748029145662550669719932108767430775139318472934671798,1,No,no,2025-03-28 12:00:00+00:00,2025_03_28_open_0500_PT,2025-03-28 05:00:00-07:00,2025-03-12 20:16:11+00:00,0.002
524021,22814991468805556116471270417641782171550309851492637070422109257339804109572,1,No,no,2025-03-28 12:00:00+00:00,2025_03_28_open_0500_PT,2025-03-28 05:00:00-07:00,2025-03-28 06:24:54+00:00,0.65
524292,23363560824318474668781482335102625289561748638527872548758492627125630990827,0,Yes,yes,2025-03-28 12:00:00+00:00,2025_03_28_open_0500_PT,2025-03-28 05:00:00-07:00,2025-03-27 23:19:32+00:00,0.15
521026,23632768753333496327246137884794918423597173479688585307138116345069085580247,1,No,no,2025-03-28 12:00:00+00:00,2025_03_28_open_0500_PT,2025-03-28 05:00:00-07:00,2025-03-28 07:29:02+00:00,0.4
516189,25301545985889508293321782755434072371936771538975200674445139222395623272851,1,No,no,2025-03-28 12:00:00+00:00,2025_03_28_open_0500_PT,2025-03-28 05:00:00-07:00,2025-03-28 10:23:06+00:00,0.9708737168312996
516143,25742247876332768458781360292043764039507900813404980298479194684402595556451,0,Yes,yes,2025-03-28 12:00:00+00:00,2025_03_28_open_0500_PT,2025-03-28 05:00:00-07:00,2025-03-28 11:31:36+00:00,0.09
516190,27706044619360761256387697290478189707563660684659877077148428665563431908215,1,No,no,2025-03-28 12:00:00+00:00,2025_03_28_open_0500_PT,2025-03-28 05:00:00-07:00,2025-03-27 18:34:52+00:00,0.038
525231,27854589915558666949911110700107109304807510472832754346848714713106576041207,0,Yes,yes,2025-03-28 12:00:00+00:00,2025_03_28_open_0500_PT,2025-03-28 05:00:00-07:00,2025-03-23 19:21:00+00:00,0.08
521025,28414938735362964078307100001374150957816395319940009652318455849499629150252,1,No,no,2025-03-28 12:00:00+00:00,2025_03_28_open_0500_PT,2025-03-28 05:00:00-07:00,2025-03-28 11:55:12+00:00,0.7750070464099444
525232,31566724138998405553508313449766802786847999037726188458982786371622924711878,1,No,no,2025-03-28 12:00:00+00:00,2025_03_28_open_0500_PT,2025-03-28 05:00:00-07:00,2025-03-27 22:18:18+00:00,0.700000180000072
524143,32156304147657186738936334568719617978558036247795210919856751006394161293073,1,No,no,2025-03-28 12:00:00+00:00,2025_03_28_open_0500_PT,2025-03-28 05:00:00-07:00,2025-03-27 13:00:05+00:00,0.87
526861,32921044856076201189154703786849418887213408387521621721061527935861828024828,0,Yes,yes,2025-03-28 12:00:00+00:00,2025_03_28_open_0500_PT,2025-03-28 05:00:00-07:00,2025-03-28 09:21:34+00:00,0.7400000178281062
527278,33787629600621860180939604657495798919073059313987957113657471584613393310606,1,No,no,2025-03-28 12:00:00+00:00,2025_03_28_open_0500_PT,2025-03-28 05:00:00-07:00,2025-03-14 17:08:09+00:00,0.001
521499,37809713000353368658683984822433912106052732096671571646866650191133502648634,1,No,no,2025-03-28 12:00:00+00:00,2025_03_28_open_0500_PT,2025-03-28 05:00:00-07:00,2025-03-12 20:16:29+00:00,0.001
519628,37946704943888888914227612417452623974614267503719043957094985529354395995926,1,No,no,2025-03-28 12:00:00+00:00,2025_03_28_open_0500_PT,2025-03-28 05:00:00-07:00,2025-03-28 11:55:00+00:00,0.66
517693,38028235049989289118991891250017423701902844342596888644757673357241176888913,1,No,no,2025-03-28 12:00:00+00:00,2025_03_28_open_0500_PT,2025-03-28 05:00:00-07:00,2025-03-24 19:40:44+00:00,0.89
522057,39073221701552764059446410725782004011128353041681427534414147663135223634260,1,No,no,2025-03-28 12:00:00+00:00,2025_03_28_open_0500_PT,2025-03-28 05:00:00-07:00,2025-03-28 11:10:18+00:00,0.8299999845422973
519628,39327269875426915204597944387916069897800289788920336317845465327697809453999,0,Yes,yes,2025-03-28 12:00:00+00:00,2025_03_28_open_0500_PT,2025-03-28 05:00:00-07:00,2025-03-28 11:55:00+00:00,0.34
527279,40001158490980829331315202760805197309678407198352511114569399283632572307422,0,Yes,yes,2025-03-28 12:00:00+00:00,2025_03_28_open_0500_PT,2025-03-28 05:00:00-07:00,2025-03-12 20:19:55+00:00,0.998
521103,40643730425995007653653846322257326466291751148478865541862332040512398068473,1,No,no,2025-03-28 12:00:00+00:00,2025_03_28_open_0500_PT,2025-03-28 05:00:00-07:00,2025-03-28 08:32:38+00:00,0.89
519844,40914113765279699847589045742755525912767460490196542143342551731171071232917,0,Yes,yes,2025-03-28 12:00:00+00:00,2025_03_28_open_0500_PT,2025-03-28 05:00:00-07:00,2025-02-28 20:07:00+00:00,0.999
516719,42351579455604873042957090441032286075880144797259231030267680078160718556927,1,No,no,2025-03-28 12:00:00+00:00,2025_03_28_open_0500_PT,2025-03-28 05:00:00-07:00,2025-03-28 11:59:48+00:00,0.4
523413,4274339277583331170231436480507835882687434608350779078862983050349942696879,1,No,no,2025-03-28 12:00:00+00:00,2025_03_28_open_0500_PT,2025-03-28 05:00:00-07:00,2025-03-28 10:01:20+00:00,0.84
521100,42807705713627033072721560874549512720856774493986139163714965545915531235572,1,No,no,2025-03-28 12:00:00+00:00,2025_03_28_open_0500_PT,2025-03-28 05:00:00-07:00,2025-03-12 20:16:21+00:00,0.001
524147,43469326409739858395690572881501444443817974097672167644298447954120789600137,0,Yes,yes,2025-03-28 12:00:00+00:00,2025_03_28_open_0500_PT,2025-03-28 05:00:00-07:00,2025-02-28 06:17:16+00:00,0.9988821436653187
518889,44380686214454472779171256638293817778327849773706779670665516622038269778385,1,No,no,2025-03-28 12:00:00+00:00,2025_03_28_open_0500_PT,2025-03-28 05:00:00-07:00,2025-03-27 23:06:08+00:00,0.64
517073,46900460840406661483474634104595482418501684854096906918305683910102403871123,0,Yes,yes,2025-03-28 12:00:00+00:00,2025_03_28_open_0500_PT,2025-03-28 05:00:00-07:00,2025-03-28 08:31:14+00:00,0.22
523413,46975241878566226675389813084558441099978633579735672808077735156890286559886,0,Yes,yes,2025-03-28 12:00:00+00:00,2025_03_28_open_0500_PT,2025-03-28 05:00:00-07:00,2025-03-28 10:01:20+00:00,0.16
521499,47692708638309429756044208432818720002044706296619873136468383174493259480485,0,Yes,yes,2025-03-28 12:00:00+00:00,2025_03_28_open_0500_PT,2025-03-28 05:00:00-07:00,2025-03-12 20:16:29+00:00,0.999
522057,48477409091695386761559202853239391470463303066983260592312960625658563043275,0,Yes,yes,2025-03-28 12:00:00+00:00,2025_03_28_open_0500_PT,2025-03-28 05:00:00-07:00,2025-03-28 11:05:20+00:00,0.18999999381161964
521026,49473000926194462184545427213242554383104595845909786504578023251386790224858,0,Yes,yes,2025-03-28 12:00:00+00:00,2025_03_28_open_0500_PT,2025-03-28 05:00:00-07:00,2025-03-28 07:29:02+00:00,0.6
507984,50284187941943469569202009194355917949339120733469101749033950310686959468007,0,Yes,yes,2025-03-28 12:00:00+00:00,2025_03_28_open_0500_PT,2025-03-28 05:00:00-07:00,2024-12-12 21:27:58+00:00,0.002
521025,50391907985844971368730434370554275352555306650304559981296724287110163889372,0,Yes,yes,2025-03-28 12:00:00+00:00,2025_03_28_open_0500_PT,2025-03-28 05:00:00-07:00,2025-03-28 11:55:12+00:00,0.22
527032,52520991936301939851844268554264807330714499642654844594240746592838266792432,1,No,no,2025-03-28 12:00:00+00:00,2025_03_28_open_0500_PT,2025-03-28 05:00:00-07:00,2025-03-11 19:15:04+00:00,0.999
524348,52960782840877996381169383667062216635147767148703288363719115614339176853095,0,Yes,yes,2025-03-28 12:00:00+00:00,2025_03_28_open_0500_PT,2025-03-28 05:00:00-07:00,2025-02-25 19:54:41+00:00,0.001
522878,5442743401928862894180841736263512191564084389996775978514134400673743050598,0,Putin,putin,2025-03-28 12:00:00+00:00,2025_03_28_open_0500_PT,2025-03-28 05:00:00-07:00,2025-02-28 20:00:10+00:00,0.001
522878,55264189025055373090161890959631464405045385380191735792739072809428026021736,1,Zelenskyy,zelenskyy,2025-03-28 12:00:00+00:00,2025_03_28_open_0500_PT,2025-03-28 05:00:00-07:00,2025-02-28 20:00:10+00:00,0.999
523197,55509409310784585364116971076570089959207228118269642206238982520364239944605,1,No,no,2025-03-28 12:00:00+00:00,2025_03_28_open_0500_PT,2025-03-28 05:00:00-07:00,2025-03-27 09:08:58+00:00,0.968
516187,56333219586489855674685549932194420713208928308331628771337419037140355178076,0,Yes,yes,2025-03-28 12:00:00+00:00,2025_03_28_open_0500_PT,2025-03-28 05:00:00-07:00,2025-03-27 15:25:04+00:00,0.05
523343,57160884655103428512814247631012981773015723019889832549493437551469480061242,1,No,no,2025-03-28 12:00:00+00:00,2025_03_28_open_0500_PT,2025-03-28 05:00:00-07:00,2025-03-28 09:10:12+00:00,0.44
516715,5802460671946751538636185453975614627729230853286731735057811449821051691611,0,Yes,yes,2025-03-28 12:00:00+00:00,2025_03_28_open_0500_PT,2025-03-28 05:00:00-07:00,2025-03-27 22:05:46+00:00,0.060000000268571434
522895,62643694748826312587911382162440534823433709821141516597510649054633548502810,0,Yes,yes,2025-03-28 12:00:00+00:00,2025_03_28_open_0500_PT,2025-03-28 05:00:00-07:00,2025-03-28 08:22:30+00:00,0.2900000126604875
519736,63894828884807366836211275957245556698359823645556214866812004935138375830618,0,Yes,yes,2025-03-28 12:00:00+00:00,2025_03_28_open_0500_PT,2025-03-28 05:00:00-07:00,2025-03-27 11:17:05+00:00,0.07647055337370089
524147,6436214359665115810717148929293436681245885613476937891713590935932389735242,1,No,no,2025-03-28 12:00:00+00:00,2025_03_28_open_0500_PT,2025-03-28 05:00:00-07:00,2025-02-28 06:17:16+00:00,0.001
525157,64545313588399663482682286511585103428301403511234717343459455007091083337075,1,No,no,2025-03-28 12:00:00+00:00,2025_03_28_open_0500_PT,2025-03-28 05:00:00-07:00,2025-03-28 08:45:52+00:00,0.7799999535714037
524291,6456202668171707900880212750943570928813250356351945554332572852984770395210,1,No,no,2025-03-28 12:00:00+00:00,2025_03_28_open_0500_PT,2025-03-28 05:00:00-07:00,2025-03-27 23:07:00+00:00,0.87
526861,65449845407755668776897976670879705991692250175624922195548093200952844680115,1,No,no,2025-03-28 12:00:00+00:00,2025_03_28_open_0500_PT,2025-03-28 05:00:00-07:00,2025-03-28 09:21:34+00:00,0.22580323979803782
524285,65482627758879803524003778479202246178420046841505286705606240559010331503838,0,Yes,yes,2025-03-28 12:00:00+00:00,2025_03_28_open_0500_PT,2025-03-28 05:00:00-07:00,2025-03-28 10:51:52+00:00,0.36
526814,65961864506371256053813328069691531595710124813443748296296270747497043580971,1,No,no,2025-03-28 12:00:00+00:00,2025_03_28_open_0500_PT,2025-03-28 05:00:00-07:00,2025-03-25 19:12:44+00:00,0.001
522895,66339636783489562244427406324835042611372608866942882907689045655663784195972,1,No,no,2025-03-28 12:00:00+00:00,2025_03_28_open_0500_PT,2025-03-28 05:00:00-07:00,2025-03-28 08:22:30+00:00,0.7099999873395125
524145,66356062315875533075062405949409720397580573066885585702377343083606583765118,0,Yes,yes,2025-03-28 12:00:00+00:00,2025_03_28_open_0500_PT,2025-03-28 05:00:00-07:00,2025-02-28 18:42:39+00:00,0.999
524310,6800060988333615171942817578522303119129729510028069894794248047438283072436,1,No,no,2025-03-28 12:00:00+00:00,2025_03_28_open_0500_PT,2025-03-28 05:00:00-07:00,2025-03-25 02:14:26+00:00,0.001
507984,68914504833157616843053838732988841773228477730246651549660144444755511574372,1,No,no,2025-03-28 12:00:00+00:00,2025_03_28_open_0500_PT,2025-03-28 05:00:00-07:00,2024-12-12 21:27:58+00:00,0.998
517693,69226537548379102137110260910766942274764101034650179979960227372969528243604,0,Yes,yes,2025-03-28 12:00:00+00:00,2025_03_28_open_0500_PT,2025-03-28 05:00:00-07:00,2025-03-28 06:18:56+00:00,0.08
521041,70920939650366426146836696994150938025168677239124917474200404356093431153260,1,No,no,2025-03-28 12:00:00+00:00,2025_03_28_open_0500_PT,2025-03-28 05:00:00-07:00,2025-03-27 18:35:14+00:00,0.93
516189,71685983838843709915160975671540060908877886707703474939962098991499689519711,0,Yes,yes,2025-03-28 12:00:00+00:00,2025_03_28_open_0500_PT,2025-03-28 05:00:00-07:00,2025-03-27 12:19:37+00:00,0.033
525232,73663957466489274595176785305097386128325404078001917490010407904837134882577,0,Yes,yes,2025-03-28 12:00:00+00:00,2025_03_28_open_0500_PT,2025-03-28 05:00:00-07:00,2025-03-27 22:18:18+00:00,0.299999819999928
524348,73984012795437798473481687953253285098754321969692105101879063972760068638228,1,No,no,2025-03-28 12:00:00+00:00,2025_03_28_open_0500_PT,2025-03-28 05:00:00-07:00,2025-02-25 19:54:41+00:00,0.999
525157,74129046843921940913413587682588886122583847748489066762857187137233978267670,0,Yes,yes,2025-03-28 12:00:00+00:00,2025_03_28_open_0500_PT,2025-03-28 05:00:00-07:00,2025-03-26 18:29:59+00:00,0.2399999673599979
519048,74534059827731044353009484655251717921023956616694121520435859117169009979824,0,Yes,yes,2025-03-28 12:00:00+00:00,2025_03_28_open_0500_PT,2025-03-28 05:00:00-07:00,2025-03-28 11:59:42+00:00,0.11
524477,75533964938719028696952998369094361524498526879485856631877081096914627658644,1,No,no,2025-03-28 12:00:00+00:00,2025_03_28_open_0500_PT,2025-03-28 05:00:00-07:00,2025-03-28 09:57:44+00:00,0.971
518889,76417393963448037479806799796874747547221511591996743269503725518742470496274,0,Yes,yes,2025-03-28 12:00:00+00:00,2025_03_28_open_0500_PT,2025-03-28 05:00:00-07:00,2025-03-27 23:06:08+00:00,0.36
523197,76517872896411850784270344965682992803318434169987777444136970978963357739156,0,Yes,yes,2025-03-28 12:00:00+00:00,2025_03_28_open_0500_PT,2025-03-28 05:00:00-07:00,2025-03-27 13:12:17+00:00,0.03
519048,76643504232063200802060773779828726415087044269171506931668031354693251545396,1,No,no,2025-03-28 12:00:00+00:00,2025_03_28_open_0500_PT,2025-03-28 05:00:00-07:00,2025-03-28 11:59:42+00:00,0.89
527278,76683579252562835143863542840343898007243510337054657506558517873008498105093,0,Yes,yes,2025-03-28 12:00:00+00:00,2025_03_28_open_0500_PT,2025-03-28 05:00:00-07:00,2025-03-14 17:08:09+00:00,0.999
516187,76896069667756716472035601301016783496873889454464161011234150458037478069918,1,No,no,2025-03-28 12:00:00+00:00,2025_03_28_open_0500_PT,2025-03-28 05:00:00-07:00,2025-03-27 15:25:04+00:00,0.95
517073,78869803177078589287716771530665317651497156168734051494454473188006845916520,1,No,no,2025-03-28 12:00:00+00:00,2025_03_28_open_0500_PT,2025-03-28 05:00:00-07:00,2025-03-27 23:13:56+00:00,0.78
522894,81020312652589627285197771109762839746287006928172707150877539028691834065212,0,Yes,yes,2025-03-28 12:00:00+00:00,2025_03_28_open_0500_PT,2025-03-28 05:00:00-07:00,2025-03-28 10:25:14+00:00,0.06
524310,82246973513888061559569421022652964687465272762066736721360354291228748283806,0,Yes,yes,2025-03-28 12:00:00+00:00,2025_03_28_open_0500_PT,2025-03-28 05:00:00-07:00,2025-03-25 02:14:26+00:00,0.999
516190,83080252071092689902932666850490074811760131055025811650818073654402601835484,0,Yes,yes,2025-03-28 12:00:00+00:00,2025_03_28_open_0500_PT,2025-03-28 05:00:00-07:00,2025-03-28 09:24:52+00:00,0.962
521041,83524440200143860657028178945801858366378129256359488825050609853223919531809,0,Yes,yes,2025-03-28 12:00:00+00:00,2025_03_28_open_0500_PT,2025-03-28 05:00:00-07:00,2025-03-27 18:35:14+00:00,0.07
524477,83547673164506671794819260938344653989875088069034224812175182562166039721574,0,Yes,yes,2025-03-28 12:00:00+00:00,2025_03_28_open_0500_PT,2025-03-28 05:00:00-07:00,2025-03-28 09:57:44+00:00,0.029
525231,83742739530586820493605246339344277590673217105618245459443915506041800643469,1,No,no,2025-03-28 12:00:00+00:00,2025_03_28_open_0500_PT,2025-03-28 05:00:00-07:00,2025-03-24 09:18:30+00:00,0.91
510319,84888738552927367074645370589243532246434846262240067551074642775011167355434,0,Yes,yes,2025-03-28 12:00:00+00:00,2025_03_28_open_0500_PT,2025-03-28 05:00:00-07:00,2025-03-28 11:57:48+00:00,0.07000001860008333
527081,85329416514471004297478005149625146014624743562622421967455557722819447174298,0,Yes,yes,2025-03-28 12:00:00+00:00,2025_03_28_open_0500_PT,2025-03-28 05:00:00-07:00,2025-03-28 11:19:06+00:00,0.26
526229,86304131703011980721755979925817881408007934797292837200662297834354514178950,1,No,no,2025-03-28 12:00:00+00:00,2025_03_28_open_0500_PT,2025-03-28 05:00:00-07:00,2025-03-26 02:16:53+00:00,0.972
510319,86857783363775257860227917708309268561005168570896999677788731255030014967896,1,No,no,2025-03-28 12:00:00+00:00,2025_03_28_open_0500_PT,2025-03-28 05:00:00-07:00,2025-03-28 11:57:48+00:00,0.9299999813999167
526229,88551081062941956754624270296481102277138087249231124901142839087117648363109,0,Yes,yes,2025-03-28 12:00:00+00:00,2025_03_28_open_0500_PT,2025-03-28 05:00:00-07:00,2025-03-26 02:16:53+00:00,0.027166666666666665
524292,9014695769446700891659134648259488341557414914618690658701879241952037527074,1,No,no,2025-03-28 12:00:00+00:00,2025_03_28_open_0500_PT,2025-03-28 05:00:00-07:00,2025-03-27 23:19:32+00:00,0.85
527032,90544185197348445762400462367487730947998989538649021442756705113012034127717,0,Yes,yes,2025-03-28 12:00:00+00:00,2025_03_28_open_0500_PT,2025-03-28 05:00:00-07:00,2025-03-11 17:55:03+00:00,0.01
516315,9252583647094848244431316973245869222379640287360099162283052699401101960353,0,Yes,yes,2025-03-28 12:00:00+00:00,2025_03_28_open_0500_PT,2025-03-28 05:00:00-07:00,2025-03-28 02:51:10+00:00,0.052
516143,95786924372760057572092804419385993470890190892343223404877167501659835222533,1,No,no,2025-03-28 12:00:00+00:00,2025_03_28_open_0500_PT,2025-03-28 05:00:00-07:00,2025-03-28 11:31:36+00:00,0.91
522056,96601928894191559916157952751631886797424000157973909225754084049773554405468,0,Yes,yes,2025-03-28 12:00:00+00:00,2025_03_28_open_0500_PT,2025-03-28 05:00:00-07:00,2025-03-28 11:37:46+00:00,0.44
527005,96618036676034164847772351078297997221316377064022855127438030193903015078566,1,No,no,2025-03-28 12:00:00+00:00,2025_03_28_open_0500_PT,2025-03-28 05:00:00-07:00,2025-03-27 08:55:20+00:00,0.82
524021,97262919156133260921887403057581420516585464065308475066791456615017669503669,0,Yes,yes,2025-03-28 12:00:00+00:00,2025_03_28_open_0500_PT,2025-03-28 05:00:00-07:00,2025-03-28 06:24:54+00:00,0.35
527005,100121345789532362055123879793212027312379236056429540221720415709850532973373,0,Yes,yes,2025-03-29 00:00:00+00:00,2025_03_28_close_1700_PT,2025-03-28 17:00:00-07:00,2025-03-27 08:55:20+00:00,0.18
507311,102006319303460238827563664446951754516041393632850360444322469125777577388771,0,Yes,yes,2025-03-29 00:00:00+00:00,2025_03_28_close_1700_PT,2025-03-28 17:00:00-07:00,2025-01-29 21:39:28+00:00,0.001
524145,102062916030133807330186342894442541205582789480933958339342744794892413850627,1,No,no,2025-03-29 00:00:00+00:00,2025_03_28_close_1700_PT,2025-03-28 17:00:00-07:00,2025-02-28 16:13:57+00:00,0.001
525437,10316592426452860464899722692398677096383513371344164830735417650138017205817,1,No,no,2025-03-29 00:00:00+00:00,2025_03_28_close_1700_PT,2025-03-28 17:00:00-07:00,2025-03-05 19:01:37+00:00,0.01
521103,103909253011351322759892776638669457027523901655815490042130382730360706229706,0,Yes,yes,2025-03-29 00:00:00+00:00,2025_03_28_close_1700_PT,2025-03-28 17:00:00-07:00,2025-03-28 08:32:38+00:00,0.11
516715,104795148936930645520469554178353538587130154145659561962269514319642274480768,1,No,no,2025-03-29 00:00:00+00:00,2025_03_28_close_1700_PT,2025-03-28 17:00:00-07:00,2025-03-27 22:05:46+00:00,0.9399999997314286
526814,105039045108735350701067761926660919174556796573940954887933194396971464305066,0,Yes,yes,2025-03-29 00:00:00+00:00,2025_03_28_close_1700_PT,2025-03-28 17:00:00-07:00,2025-03-25 19:12:44+00:00,0.999
524291,106785705064968660332067023300536266535388124753272914243541205698423062856246,0,Yes,yes,2025-03-29 00:00:00+00:00,2025_03_28_close_1700_PT,2025-03-28 17:00:00-07:00,2025-03-27 23:07:00+00:00,0.13
524285,107643187201000404038693592426566378917534508353468263334674357442312114112510,1,No,no,2025-03-29 00:00:00+00:00,2025_03_28_close_1700_PT,2025-03-28 17:00:00-07:00,2025-03-28 23:10:38+00:00,0.64
525442,108057916747365167542504013787062021441684619476265070483570121865318046932052,0,Yes,yes,2025-03-29 00:00:00+00:00,2025_03_28_close_1700_PT,2025-03-28 17:00:00-07:00,2025-03-05 19:00:49+00:00,0.001
521603,108064859672314536571175804798614410280877635973727667622803804179444259690672,1,No,no,2025-03-29 00:00:00+00:00,2025_03_28_close_1700_PT,2025-03-28 17:00:00-07:00,2025-03-28 23:35:30+00:00,0.978
522894,108303820542127194670275571355095079674537367635794408292209711330192187534707,1,No,no,2025-03-29 00:00:00+00:00,2025_03_28_close_1700_PT,2025-03-28 17:00:00-07:00,2025-03-28 12:54:22+00:00,0.95
519736,108331518505056537403722461966654684743488871885239753047834907734450664515452,1,No,no,2025-03-29 00:00:00+00:00,2025_03_28_close_1700_PT,2025-03-28 17:00:00-07:00,2025-03-28 16:54:56+00:00,0.9460539419899724
507311,109788973099970019996072517823266794542154906066004680247007602517078576240900,1,No,no,2025-03-29 00:00:00+00:00,2025_03_28_close_1700_PT,2025-03-28 17:00:00-07:00,2025-01-29 21:39:28+00:00,0.999
523420,110303218457795832861589414223072133732424840017074962598980991451216787898529,0,Yes,yes,2025-03-29 00:00:00+00:00,2025_03_28_close_1700_PT,2025-03-28 17:00:00-07:00,2025-03-28 22:56:34+00:00,0.34
523420,110513468504414111967623727967802735681305040958967125800368195228103949451183,1,No,no,2025-03-29 00:00:00+00:00,2025_03_28_close_1700_PT,2025-03-28 17:00:00-07:00,2025-03-28 22:56:34+00:00,0.66
523198,111048886296924495129741424280092672064807186679410610865674623733591163627018,1,No,no,2025-03-29 00:00:00+00:00,2025_03_28_close_1700_PT,2025-03-28 17:00:00-07:00,2025-03-27 19:33:52+00:00,0.94
522056,111817814065148789668110176254570458287510111700931938757952739120253070676417,1,No,no,2025-03-29 00:00:00+00:00,2025_03_28_close_1700_PT,2025-03-28 17:00:00-07:00,2025-03-28 20:53:17+00:00,0.5599999663999852
516315,112686805416681376426848642516954883318316273962669944235801308401883591913314,1,No,no,2025-03-29 00:00:00+00:00,2025_03_28_close_1700_PT,2025-03-28 17:00:00-07:00,2025-03-28 20:35:26+00:00,0.952
519844,115151921832306680160638545362939767099400757097903129602011054222202727203606,1,No,no,2025-03-29 00:00:00+00:00,2025_03_28_close_1700_PT,2025-03-28 17:00:00-07:00,2025-02-28 20:07:00+00:00,0.001
524143,1179039883486402183499490082435825463500517700553032674433043579228770785112,0,Yes,yes,2025-03-29 00:00:00+00:00,2025_03_28_close_1700_PT,2025-03-28 17:00:00-07:00,2025-03-28 17:23:04+00:00,0.1337537094125443
525437,12198166341436727947405729209814148041740036263965322192437253954048906701116,0,Yes,yes,2025-03-29 00:00:00+00:00,2025_03_28_close_1700_PT,2025-03-28 17:00:00-07:00,2025-03-05 19:01:37+00:00,0.99
521100,14990029861718662869816237869973544862792282285138092644462921007650993247380,0,Yes,yes,2025-03-29 00:00:00+00:00,2025_03_28_close_1700_PT,2025-03-28 17:00:00-07:00,2025-03-12 20:16:21+00:00,0.999
516719,15974786252393396629980467963784550802583781222733347534844974829144359265969,0,Yes,yes,2025-03-29 00:00:00+00:00,2025_03_28_close_1700_PT,2025-03-28 17:00:00-07:00,2025-03-28 23:57:44+00:00,0.5670169775728359
527081,17189149212865445714213344530377307644873493103595435170459256971807866915825,1,No,no,2025-03-29 00:00:00+00:00,2025_03_28_close_1700_PT,2025-03-28 17:00:00-07:00,2025-03-28 17:43:04+00:00,0.72
525442,17526688879266974475993857941710252477836369992267558391595367358065513215277,1,No,no,2025-03-29 00:00:00+00:00,2025_03_28_close_1700_PT,2025-03-28 17:00:00-07:00,2025-03-05 19:00:49+00:00,0.999
523198,17636133037698655711537839367918666335877935696344385855077943944327611242596,0,Yes,yes,2025-03-29 00:00:00+00:00,2025_03_28_close_1700_PT,2025-03-28 17:00:00-07:00,2025-03-27 19:33:52+00:00,0.06
518890,1820990530457734990844221236379424325571531338274179313320944848555296238885,0,Yes,yes,2025-03-29 00:00:00+00:00,2025_03_28_close_1700_PT,2025-03-28 17:00:00-07:00,2025-03-28 22:59:58+00:00,0.16
521603,18833065283746804110550289341323864262410877417777323132151715138616977528841,0,Yes,yes,2025-03-29 00:00:00+00:00,2025_03_28_close_1700_PT,2025-03-28 17:00:00-07:00,2025-03-28 23:35:30+00:00,0.022
518890,19787433176606062103363478006507471735790167880416910771642279209812633663344,1,No,no,2025-03-29 00:00:00+00:00,2025_03_28_close_1700_PT,2025-03-28 17:00:00-07:00,2025-03-28 15:26:12+00:00,0.82
523343,22255463452594162709449800579658835371746668793825841462318307382376621533755,0,Yes,yes,2025-03-29 00:00:00+00:00,2025_03_28_close_1700_PT,2025-03-28 17:00:00-07:00,2025-03-28 21:18:36+00:00,0.54
527279,22752183918002848078277748029145662550669719932108767430775139318472934671798,1,No,no,2025-03-29 00:00:00+00:00,2025_03_28_close_1700_PT,2025-03-28 17:00:00-07:00,2025-03-12 20:16:11+00:00,0.002
524021,22814991468805556116471270417641782171550309851492637070422109257339804109572,1,No,no,2025-03-29 00:00:00+00:00,2025_03_28_close_1700_PT,2025-03-28 17:00:00-07:00,2025-03-28 17:11:46+00:00,0.64
524292,23363560824318474668781482335102625289561748638527872548758492627125630990827,0,Yes,yes,2025-03-29 00:00:00+00:00,2025_03_28_close_1700_PT,2025-03-28 17:00:00-07:00,2025-03-27 23:19:32+00:00,0.15
521026,23632768753333496327246137884794918423597173479688585307138116345069085580247,1,No,no,2025-03-29 00:00:00+00:00,2025_03_28_close_1700_PT,2025-03-28 17:00:00-07:00,2025-03-28 07:29:02+00:00,0.4
516189,25301545985889508293321782755434072371936771538975200674445139222395623272851,1,No,no,2025-03-29 00:00:00+00:00,2025_03_28_close_1700_PT,2025-03-28 17:00:00-07:00,2025-03-28 17:52:22+00:00,0.967
516143,25742247876332768458781360292043764039507900813404980298479194684402595556451,0,Yes,yes,2025-03-29 00:00:00+00:00,2025_03_28_close_1700_PT,2025-03-28 17:00:00-07:00,2025-03-28 22:46:54+00:00,0.09
516190,27706044619360761256387697290478189707563660684659877077148428665563431908215,1,No,no,2025-03-29 00:00:00+00:00,2025_03_28_close_1700_PT,2025-03-28 17:00:00-07:00,2025-03-28 23:16:54+00:00,0.03994286
525231,27854589915558666949911110700107109304807510472832754346848714713106576041207,0,Yes,yes,2025-03-29 00:00:00+00:00,2025_03_28_close_1700_PT,2025-03-28 17:00:00-07:00,2025-03-28 13:35:18+00:00,0.1
521025,28414938735362964078307100001374150957816395319940009652318455849499629150252,1,No,no,2025-03-29 00:00:00+00:00,2025_03_28_close_1700_PT,2025-03-28 17:00:00-07:00,2025-03-28 19:29:12+00:00,0.76
525232,31566724138998405553508313449766802786847999037726188458982786371622924711878,1,No,no,2025-03-29 00:00:00+00:00,2025_03_28_close_1700_PT,2025-03-28 17:00:00-07:00,2025-03-28 21:24:00+00:00,0.72
524143,32156304147657186738936334568719617978558036247795210919856751006394161293073,1,No,no,2025-03-29 00:00:00+00:00,2025_03_28_close_1700_PT,2025-03-28 17:00:00-07:00,2025-03-28 17:23:04+00:00,0.86
526861,32921044856076201189154703786849418887213408387521621721061527935861828024828,0,Yes,yes,2025-03-29 00:00:00+00:00,2025_03_28_close_1700_PT,2025-03-28 17:00:00-07:00,2025-03-28 20:22:42+00:00,0.7149886621315192
527278,33787629600621860180939604657495798919073059313987957113657471584613393310606,1,No,no,2025-03-29 00:00:00+00:00,2025_03_28_close_1700_PT,2025-03-28 17:00:00-07:00,2025-03-14 17:08:09+00:00,0.001
521499,37809713000353368658683984822433912106052732096671571646866650191133502648634,1,No,no,2025-03-29 00:00:00+00:00,2025_03_28_close_1700_PT,2025-03-28 17:00:00-07:00,2025-03-12 20:16:29+00:00,0.001
519628,37946704943888888914227612417452623974614267503719043957094985529354395995926,1,No,no,2025-03-29 00:00:00+00:00,2025_03_28_close_1700_PT,2025-03-28 17:00:00-07:00,2025-03-28 23:26:08+00:00,0.69
517693,38028235049989289118991891250017423701902844342596888644757673357241176888913,1,No,no,2025-03-29 00:00:00+00:00,2025_03_28_close_1700_PT,2025-03-28 17:00:00-07:00,2025-03-28 14:08:56+00:00,0.9
522057,39073221701552764059446410725782004011128353041681427534414147663135223634260,1,No,no,2025-03-29 00:00:00+00:00,2025_03_28_close_1700_PT,2025-03-28 17:00:00-07:00,2025-03-28 23:35:20+00:00,0.8
519628,39327269875426915204597944387916069897800289788920336317845465327697809453999,0,Yes,yes,2025-03-29 00:00:00+00:00,2025_03_28_close_1700_PT,2025-03-28 17:00:00-07:00,2025-03-28 23:26:08+00:00,0.31
527279,40001158490980829331315202760805197309678407198352511114569399283632572307422,0,Yes,yes,2025-03-29 00:00:00+00:00,2025_03_28_close_1700_PT,2025-03-28 17:00:00-07:00,2025-03-12 20:19:55+00:00,0.998
521103,40643730425995007653653846322257326466291751148478865541862332040512398068473,1,No,no,2025-03-29 00:00:00+00:00,2025_03_28_close_1700_PT,2025-03-28 17:00:00-07:00,2025-03-28 08:32:38+00:00,0.89
519844,40914113765279699847589045742755525912767460490196542143342551731171071232917,0,Yes,yes,2025-03-29 00:00:00+00:00,2025_03_28_close_1700_PT,2025-03-28 17:00:00-07:00,2025-02-28 20:07:00+00:00,0.999
516719,42351579455604873042957090441032286075880144797259231030267680078160718556927,1,No,no,2025-03-29 00:00:00+00:00,2025_03_28_close_1700_PT,2025-03-28 17:00:00-07:00,2025-03-28 23:57:44+00:00,0.43
523413,4274339277583331170231436480507835882687434608350779078862983050349942696879,1,No,no,2025-03-29 00:00:00+00:00,2025_03_28_close_1700_PT,2025-03-28 17:00:00-07:00,2025-03-28 18:36:55+00:00,0.86
521100,42807705713627033072721560874549512720856774493986139163714965545915531235572,1,No,no,2025-03-29 00:00:00+00:00,2025_03_28_close_1700_PT,2025-03-28 17:00:00-07:00,2025-03-12 20:16:21+00:00,0.001
524147,43469326409739858395690572881501444443817974097672167644298447954120789600137,0,Yes,yes,2025-03-29 00:00:00+00:00,2025_03_28_close_1700_PT,2025-03-28 17:00:00-07:00,2025-02-28 06:17:16+00:00,0.9988821436653187
518889,44380686214454472779171256638293817778327849773706779670665516622038269778385,1,No,no,2025-03-29 00:00:00+00:00,2025_03_28_close_1700_PT,2025-03-28 17:00:00-07:00,2025-03-28 22:40:38+00:00,0.69
517073,46900460840406661483474634104595482418501684854096906918305683910102403871123,0,Yes,yes,2025-03-29 00:00:00+00:00,2025_03_28_close_1700_PT,2025-03-28 17:00:00-07:00,2025-03-28 08:31:14+00:00,0.22
523413,46975241878566226675389813084558441099978633579735672808077735156890286559886,0,Yes,yes,2025-03-29 00:00:00+00:00,2025_03_28_close_1700_PT,2025-03-28 17:00:00-07:00,2025-03-28 18:36:55+00:00,0.14
521499,47692708638309429756044208432818720002044706296619873136468383174493259480485,0,Yes,yes,2025-03-29 00:00:00+00:00,2025_03_28_close_1700_PT,2025-03-28 17:00:00-07:00,2025-03-12 20:16:29+00:00,0.999
522057,48477409091695386761559202853239391470463303066983260592312960625658563043275,0,Yes,yes,2025-03-29 00:00:00+00:00,2025_03_28_close_1700_PT,2025-03-28 17:00:00-07:00,2025-03-28 19:28:22+00:00,0.19
521026,49473000926194462184545427213242554383104595845909786504578023251386790224858,0,Yes,yes,2025-03-29 00:00:00+00:00,2025_03_28_close_1700_PT,2025-03-28 17:00:00-07:00,2025-03-28 07:29:02+00:00,0.6
507984,50284187941943469569202009194355917949339120733469101749033950310686959468007,0,Yes,yes,2025-03-29 00:00:00+00:00,2025_03_28_close_1700_PT,2025-03-28 17:00:00-07:00,2024-12-12 21:27:58+00:00,0.002
521025,50391907985844971368730434370554275352555306650304559981296724287110163889372,0,Yes,yes,2025-03-29 00:00:00+00:00,2025_03_28_close_1700_PT,2025-03-28 17:00:00-07:00,2025-03-28 19:29:12+00:00,0.24
527032,52520991936301939851844268554264807330714499642654844594240746592838266792432,1,No,no,2025-03-29 00:00:00+00:00,2025_03_28_close_1700_PT,2025-03-28 17:00:00-07:00,2025-03-11 19:15:04+00:00,0.999
524348,52960782840877996381169383667062216635147767148703288363719115614339176853095,0,Yes,yes,2025-03-29 00:00:00+00:00,2025_03_28_close_1700_PT,2025-03-28 17:00:00-07:00,2025-02-25 19:54:41+00:00,0.001
522878,5442743401928862894180841736263512191564084389996775978514134400673743050598,0,Putin,putin,2025-03-29 00:00:00+00:00,2025_03_28_close_1700_PT,2025-03-28 17:00:00-07:00,2025-02-28 20:00:10+00:00,0.001
522878,55264189025055373090161890959631464405045385380191735792739072809428026021736,1,Zelenskyy,zelenskyy,2025-03-29 00:00:00+00:00,2025_03_28_close_1700_PT,2025-03-28 17:00:00-07:00,2025-02-28 20:00:10+00:00,0.999
523197,55509409310784585364116971076570089959207228118269642206238982520364239944605,1,No,no,2025-03-29 00:00:00+00:00,2025_03_28_close_1700_PT,2025-03-28 17:00:00-07:00,2025-03-28 22:50:12+00:00,0.975
516187,56333219586489855674685549932194420713208928308331628771337419037140355178076,0,Yes,yes,2025-03-29 00:00:00+00:00,2025_03_28_close_1700_PT,2025-03-28 17:00:00-07:00,2025-03-27 15:25:04+00:00,0.05
523343,57160884655103428512814247631012981773015723019889832549493437551469480061242,1,No,no,2025-03-29 00:00:00+00:00,2025_03_28_close_1700_PT,2025-03-28 17:00:00-07:00,2025-03-28 21:18:36+00:00,0.46
516715,5802460671946751538636185453975614627729230853286731735057811449821051691611,0,Yes,yes,2025-03-29 00:00:00+00:00,2025_03_28_close_1700_PT,2025-03-28 17:00:00-07:00,2025-03-27 22:05:46+00:00,0.060000000268571434
522895,62643694748826312587911382162440534823433709821141516597510649054633548502810,0,Yes,yes,2025-03-29 00:00:00+00:00,2025_03_28_close_1700_PT,2025-03-28 17:00:00-07:00,2025-03-28 08:22:30+00:00,0.2900000126604875
519736,63894828884807366836211275957245556698359823645556214866812004935138375830618,0,Yes,yes,2025-03-29 00:00:00+00:00,2025_03_28_close_1700_PT,2025-03-28 17:00:00-07:00,2025-03-28 16:54:56+00:00,0.05300005085872324
524147,6436214359665115810717148929293436681245885613476937891713590935932389735242,1,No,no,2025-03-29 00:00:00+00:00,2025_03_28_close_1700_PT,2025-03-28 17:00:00-07:00,2025-02-28 06:17:16+00:00,0.001
525157,64545313588399663482682286511585103428301403511234717343459455007091083337075,1,No,no,2025-03-29 00:00:00+00:00,2025_03_28_close_1700_PT,2025-03-28 17:00:00-07:00,2025-03-28 16:58:22+00:00,0.7799998595999691
524291,6456202668171707900880212750943570928813250356351945554332572852984770395210,1,No,no,2025-03-29 00:00:00+00:00,2025_03_28_close_1700_PT,2025-03-28 17:00:00-07:00,2025-03-27 23:07:00+00:00,0.87
526861,65449845407755668776897976670879705991692250175624922195548093200952844680115,1,No,no,2025-03-29 00:00:00+00:00,2025_03_28_close_1700_PT,2025-03-28 17:00:00-07:00,2025-03-28 17:11:34+00:00,0.24680040802448147
524285,65482627758879803524003778479202246178420046841505286705606240559010331503838,0,Yes,yes,2025-03-29 00:00:00+00:00,2025_03_28_close_1700_PT,2025-03-28 17:00:00-07:00,2025-03-28 22:58:40+00:00,0.36
526814,65961864506371256053813328069691531595710124813443748296296270747497043580971,1,No,no,2025-03-29 00:00:00+00:00,2025_03_28_close_1700_PT,2025-03-28 17:00:00-07:00,2025-03-25 19:12:44+00:00,0.001
522895,66339636783489562244427406324835042611372608866942882907689045655663784195972,1,No,no,2025-03-29 00:00:00+00:00,2025_03_28_close_1700_PT,2025-03-28 17:00:00-07:00,2025-03-28 21:29:12+00:00,0.7099999725656846
524145,66356062315875533075062405949409720397580573066885585702377343083606583765118,0,Yes,yes,2025-03-29 00:00:00+00:00,2025_03_28_close_1700_PT,2025-03-28 17:00:00-07:00,2025-02-28 18:42:39+00:00,0.999
524310,6800060988333615171942817578522303119129729510028069894794248047438283072436,1,No,no,2025-03-29 00:00:00+00:00,2025_03_28_close_1700_PT,2025-03-28 17:00:00-07:00,2025-03-25 02:14:26+00:00,0.001
507984,68914504833157616843053838732988841773228477730246651549660144444755511574372,1,No,no,2025-03-29 00:00:00+00:00,2025_03_28_close_1700_PT,2025-03-28 17:00:00-07:00,2024-12-12 21:27:58+00:00,0.998
517693,69226537548379102137110260910766942274764101034650179979960227372969528243604,0,Yes,yes,2025-03-29 00:00:00+00:00,2025_03_28_close_1700_PT,2025-03-28 17:00:00-07:00,2025-03-28 14:08:56+00:00,0.1
521041,70920939650366426146836696994150938025168677239124917474200404356093431153260,1,No,no,2025-03-29 00:00:00+00:00,2025_03_28_close_1700_PT,2025-03-28 17:00:00-07:00,2025-03-28 16:10:38+00:00,0.9399999623995127
516189,71685983838843709915160975671540060908877886707703474939962098991499689519711,0,Yes,yes,2025-03-29 00:00:00+00:00,2025_03_28_close_1700_PT,2025-03-28 17:00:00-07:00,2025-03-27 12:19:37+00:00,0.033
525232,73663957466489274595176785305097386128325404078001917490010407904837134882577,0,Yes,yes,2025-03-29 00:00:00+00:00,2025_03_28_close_1700_PT,2025-03-28 17:00:00-07:00,2025-03-28 21:24:00+00:00,0.28
524348,73984012795437798473481687953253285098754321969692105101879063972760068638228,1,No,no,2025-03-29 00:00:00+00:00,2025_03_28_close_1700_PT,2025-03-28 17:00:00-07:00,2025-02-25 19:54:41+00:00,0.999
525157,74129046843921940913413587682588886122583847748489066762857187137233978267670,0,Yes,yes,2025-03-29 00:00:00+00:00,2025_03_28_close_1700_PT,2025-03-28 17:00:00-07:00,2025-03-26 18:29:59+00:00,0.2399999673599979
519048,74534059827731044353009484655251717921023956616694121520435859117169009979824,0,Yes,yes,2025-03-29 00:00:00+00:00,2025_03_28_close_1700_PT,2025-03-28 17:00:00-07:00,2025-03-28 23:19:54+00:00,0.09
524477,75533964938719028696952998369094361524498526879485856631877081096914627658644,1,No,no,2025-03-29 00:00:00+00:00,2025_03_28_close_1700_PT,2025-03-28 17:00:00-07:00,2025-03-28 09:57:44+00:00,0.971
518889,76417393963448037479806799796874747547221511591996743269503725518742470496274,0,Yes,yes,2025-03-29 00:00:00+00:00,2025_03_28_close_1700_PT,2025-03-28 17:00:00-07:00,2025-03-28 22:40:38+00:00,0.31
523197,76517872896411850784270344965682992803318434169987777444136970978963357739156,0,Yes,yes,2025-03-29 00:00:00+00:00,2025_03_28_close_1700_PT,2025-03-28 17:00:00-07:00,2025-03-28 21:54:52+00:00,0.030409994422761127
519048,76643504232063200802060773779828726415087044269171506931668031354693251545396,1,No,no,2025-03-29 00:00:00+00:00,2025_03_28_close_1700_PT,2025-03-28 17:00:00-07:00,2025-03-28 23:19:54+00:00,0.91
527278,76683579252562835143863542840343898007243510337054657506558517873008498105093,0,Yes,yes,2025-03-29 00:00:00+00:00,2025_03_28_close_1700_PT,2025-03-28 17:00:00-07:00,2025-03-14 17:08:09+00:00,0.999
516187,76896069667756716472035601301016783496873889454464161011234150458037478069918,1,No,no,2025-03-29 00:00:00+00:00,2025_03_28_close_1700_PT,2025-03-28 17:00:00-07:00,2025-03-27 15:25:04+00:00,0.95
517073,78869803177078589287716771530665317651497156168734051494454473188006845916520,1,No,no,2025-03-29 00:00:00+00:00,2025_03_28_close_1700_PT,2025-03-28 17:00:00-07:00,2025-03-27 23:13:56+00:00,0.78
522894,81020312652589627285197771109762839746287006928172707150877539028691834065212,0,Yes,yes,2025-03-29 00:00:00+00:00,2025_03_28_close_1700_PT,2025-03-28 17:00:00-07:00,2025-03-28 12:54:22+00:00,0.05
524310,82246973513888061559569421022652964687465272762066736721360354291228748283806,0,Yes,yes,2025-03-29 00:00:00+00:00,2025_03_28_close_1700_PT,2025-03-28 17:00:00-07:00,2025-03-25 02:14:26+00:00,0.999
516190,83080252071092689902932666850490074811760131055025811650818073654402601835484,0,Yes,yes,2025-03-29 00:00:00+00:00,2025_03_28_close_1700_PT,2025-03-28 17:00:00-07:00,2025-03-28 23:16:54+00:00,0.96
521041,83524440200143860657028178945801858366378129256359488825050609853223919531809,0,Yes,yes,2025-03-29 00:00:00+00:00,2025_03_28_close_1700_PT,2025-03-28 17:00:00-07:00,2025-03-28 16:10:38+00:00,0.060000037600487305
524477,83547673164506671794819260938344653989875088069034224812175182562166039721574,0,Yes,yes,2025-03-29 00:00:00+00:00,2025_03_28_close_1700_PT,2025-03-28 17:00:00-07:00,2025-03-28 09:57:44+00:00,0.029
525231,83742739530586820493605246339344277590673217105618245459443915506041800643469,1,No,no,2025-03-29 00:00:00+00:00,2025_03_28_close_1700_PT,2025-03-28 17:00:00-07:00,2025-03-28 15:27:42+00:00,0.9
510319,84888738552927367074645370589243532246434846262240067551074642775011167355434,0,Yes,yes,2025-03-29 00:00:00+00:00,2025_03_28_close_1700_PT,2025-03-28 17:00:00-07:00,2025-03-28 23:30:28+00:00,0.070000000664286
527081,85329416514471004297478005149625146014624743562622421967455557722819447174298,0,Yes,yes,2025-03-29 00:00:00+00:00,2025_03_28_close_1700_PT,2025-03-28 17:00:00-07:00,2025-03-28 17:43:04+00:00,0.28
526229,86304131703011980721755979925817881408007934797292837200662297834354514178950,1,No,no,2025-03-29 00:00:00+00:00,2025_03_28_close_1700_PT,2025-03-28 17:00:00-07:00,2025-03-28 18:54:21+00:00,0.98
510319,86857783363775257860227917708309268561005168570896999677788731255030014967896,1,No,no,2025-03-29 00:00:00+00:00,2025_03_28_close_1700_PT,2025-03-28 17:00:00-07:00,2025-03-28 23:30:28+00:00,0.929999999335714
526229,88551081062941956754624270296481102277138087249231124901142839087117648363109,0,Yes,yes,2025-03-29 00:00:00+00:00,2025_03_28_close_1700_PT,2025-03-28 17:00:00-07:00,2025-03-28 18:54:21+00:00,0.02
524292,9014695769446700891659134648259488341557414914618690658701879241952037527074,1,No,no,2025-03-29 00:00:00+00:00,2025_03_28_close_1700_PT,2025-03-28 17:00:00-07:00,2025-03-27 23:19:32+00:00,0.85
527032,90544185197348445762400462367487730947998989538649021442756705113012034127717,0,Yes,yes,2025-03-29 00:00:00+00:00,2025_03_28_close_1700_PT,2025-03-28 17:00:00-07:00,2025-03-11 17:55:03+00:00,0.01
516315,9252583647094848244431316973245869222379640287360099162283052699401101960353,0,Yes,yes,2025-03-29 00:00:00+00:00,2025_03_28_close_1700_PT,2025-03-28 17:00:00-07:00,2025-03-28 20:35:26+00:00,0.04842511637119937
516143,95786924372760057572092804419385993470890190892343223404877167501659835222533,1,No,no,2025-03-29 00:00:00+00:00,2025_03_28_close_1700_PT,2025-03-28 17:00:00-07:00,2025-03-28 23:11:34+00:00,0.9
522056,96601928894191559916157952751631886797424000157973909225754084049773554405468,0,Yes,yes,2025-03-29 00:00:00+00:00,2025_03_28_close_1700_PT,2025-03-28 17:00:00-07:00,2025-03-28 21:48:02+00:00,0.44
527005,96618036676034164847772351078297997221316377064022855127438030193903015078566,1,No,no,2025-03-29 00:00:00+00:00,2025_03_28_close_1700_PT,2025-03-28 17:00:00-07:00,2025-03-27 08:55:20+00:00,0.82
524021,97262919156133260921887403057581420516585464065308475066791456615017669503669,0,Yes,yes,2025-03-29 00:00:00+00:00,2025_03_28_close_1700_PT,2025-03-28 17:00:00-07:00,2025-03-28 16:28:20+00:00,0.35
527005,100121345789532362055123879793212027312379236056429540221720415709850532973373,0,Yes,yes,2025-03-29 12:00:00+00:00,2025_03_29_open_0500_PT,2025-03-29 05:00:00-07:00,2025-03-27 08:55:20+00:00,0.18
507311,102006319303460238827563664446951754516041393632850360444322469125777577388771,0,Yes,yes,2025-03-29 12:00:00+00:00,2025_03_29_open_0500_PT,2025-03-29 05:00:00-07:00,2025-01-29 21:39:28+00:00,0.001
524145,102062916030133807330186342894442541205582789480933958339342744794892413850627,1,No,no,2025-03-29 12:00:00+00:00,2025_03_29_open_0500_PT,2025-03-29 05:00:00-07:00,2025-02-28 16:13:57+00:00,0.001
525437,10316592426452860464899722692398677096383513371344164830735417650138017205817,1,No,no,2025-03-29 12:00:00+00:00,2025_03_29_open_0500_PT,2025-03-29 05:00:00-07:00,2025-03-05 19:01:37+00:00,0.01
521103,103909253011351322759892776638669457027523901655815490042130382730360706229706,0,Yes,yes,2025-03-29 12:00:00+00:00,2025_03_29_open_0500_PT,2025-03-29 05:00:00-07:00,2025-03-28 08:32:38+00:00,0.11
516715,104795148936930645520469554178353538587130154145659561962269514319642274480768,1,No,no,2025-03-29 12:00:00+00:00,2025_03_29_open_0500_PT,2025-03-29 05:00:00-07:00,2025-03-27 22:05:46+00:00,0.9399999997314286
526814,105039045108735350701067761926660919174556796573940954887933194396971464305066,0,Yes,yes,2025-03-29 12:00:00+00:00,2025_03_29_open_0500_PT,2025-03-29 05:00:00-07:00,2025-03-25 19:12:44+00:00,0.999
524291,106785705064968660332067023300536266535388124753272914243541205698423062856246,0,Yes,yes,2025-03-29 12:00:00+00:00,2025_03_29_open_0500_PT,2025-03-29 05:00:00-07:00,2025-03-29 02:52:33+00:00,0.10567134552672622
524285,107643187201000404038693592426566378917534508353468263334674357442312114112510,1,No,no,2025-03-29 12:00:00+00:00,2025_03_29_open_0500_PT,2025-03-29 05:00:00-07:00,2025-03-29 11:53:26+00:00,0.6499997941665946
525442,108057916747365167542504013787062021441684619476265070483570121865318046932052,0,Yes,yes,2025-03-29 12:00:00+00:00,2025_03_29_open_0500_PT,2025-03-29 05:00:00-07:00,2025-03-05 19:00:49+00:00,0.001
521603,108064859672314536571175804798614410280877635973727667622803804179444259690672,1,No,no,2025-03-29 12:00:00+00:00,2025_03_29_open_0500_PT,2025-03-29 05:00:00-07:00,2025-03-29 09:12:04+00:00,0.977
522894,108303820542127194670275571355095079674537367635794408292209711330192187534707,1,No,no,2025-03-29 12:00:00+00:00,2025_03_29_open_0500_PT,2025-03-29 05:00:00-07:00,2025-03-29 09:34:18+00:00,0.95
519736,108331518505056537403722461966654684743488871885239753047834907734450664515452,1,No,no,2025-03-29 12:00:00+00:00,2025_03_29_open_0500_PT,2025-03-29 05:00:00-07:00,2025-03-28 16:54:56+00:00,0.9460539419899724
507311,109788973099970019996072517823266794542154906066004680247007602517078576240900,1,No,no,2025-03-29 12:00:00+00:00,2025_03_29_open_0500_PT,2025-03-29 05:00:00-07:00,2025-01-29 21:39:28+00:00,0.999
523420,110303218457795832861589414223072133732424840017074962598980991451216787898529,0,Yes,yes,2025-03-29 12:00:00+00:00,2025_03_29_open_0500_PT,2025-03-29 05:00:00-07:00,2025-03-29 06:55:35+00:00,0.339999829999915
523420,110513468504414111967623727967802735681305040958967125800368195228103949451183,1,No,no,2025-03-29 12:00:00+00:00,2025_03_29_open_0500_PT,2025-03-29 05:00:00-07:00,2025-03-29 07:03:09+00:00,0.66
523198,111048886296924495129741424280092672064807186679410610865674623733591163627018,1,No,no,2025-03-29 12:00:00+00:00,2025_03_29_open_0500_PT,2025-03-29 05:00:00-07:00,2025-03-27 19:33:52+00:00,0.94
522056,111817814065148789668110176254570458287510111700931938757952739120253070676417,1,No,no,2025-03-29 12:00:00+00:00,2025_03_29_open_0500_PT,2025-03-29 05:00:00-07:00,2025-03-28 20:53:17+00:00,0.5599999663999852
516315,112686805416681376426848642516954883318316273962669944235801308401883591913314,1,No,no,2025-03-29 12:00:00+00:00,2025_03_29_open_0500_PT,2025-03-29 05:00:00-07:00,2025-03-29 03:34:39+00:00,0.9519999987306667
519844,115151921832306680160638545362939767099400757097903129602011054222202727203606,1,No,no,2025-03-29 12:00:00+00:00,2025_03_29_open_0500_PT,2025-03-29 05:00:00-07:00,2025-02-28 20:07:00+00:00,0.001
524143,1179039883486402183499490082435825463500517700553032674433043579228770785112,0,Yes,yes,2025-03-29 12:00:00+00:00,2025_03_29_open_0500_PT,2025-03-29 05:00:00-07:00,2025-03-28 17:23:04+00:00,0.1337537094125443
525437,12198166341436727947405729209814148041740036263965322192437253954048906701116,0,Yes,yes,2025-03-29 12:00:00+00:00,2025_03_29_open_0500_PT,2025-03-29 05:00:00-07:00,2025-03-05 19:01:37+00:00,0.99
521100,14990029861718662869816237869973544862792282285138092644462921007650993247380,0,Yes,yes,2025-03-29 12:00:00+00:00,2025_03_29_open_0500_PT,2025-03-29 05:00:00-07:00,2025-03-12 20:16:21+00:00,0.999
516719,15974786252393396629980467963784550802583781222733347534844974829144359265969,0,Yes,yes,2025-03-29 12:00:00+00:00,2025_03_29_open_0500_PT,2025-03-29 05:00:00-07:00,2025-03-29 11:40:48+00:00,0.5699999925899997
527081,17189149212865445714213344530377307644873493103595435170459256971807866915825,1,No,no,2025-03-29 12:00:00+00:00,2025_03_29_open_0500_PT,2025-03-29 05:00:00-07:00,2025-03-29 06:59:29+00:00,0.74
525442,17526688879266974475993857941710252477836369992267558391595367358065513215277,1,No,no,2025-03-29 12:00:00+00:00,2025_03_29_open_0500_PT,2025-03-29 05:00:00-07:00,2025-03-05 19:00:49+00:00,0.999
523198,17636133037698655711537839367918666335877935696344385855077943944327611242596,0,Yes,yes,2025-03-29 12:00:00+00:00,2025_03_29_open_0500_PT,2025-03-29 05:00:00-07:00,2025-03-27 19:33:52+00:00,0.06
518890,1820990530457734990844221236379424325571531338274179313320944848555296238885,0,Yes,yes,2025-03-29 12:00:00+00:00,2025_03_29_open_0500_PT,2025-03-29 05:00:00-07:00,2025-03-28 22:59:58+00:00,0.16
521603,18833065283746804110550289341323864262410877417777323132151715138616977528841,0,Yes,yes,2025-03-29 12:00:00+00:00,2025_03_29_open_0500_PT,2025-03-29 05:00:00-07:00,2025-03-29 10:44:58+00:00,0.02299998895999978
518890,19787433176606062103363478006507471735790167880416910771642279209812633663344,1,No,no,2025-03-29 12:00:00+00:00,2025_03_29_open_0500_PT,2025-03-29 05:00:00-07:00,2025-03-28 15:26:12+00:00,0.82
523343,22255463452594162709449800579658835371746668793825841462318307382376621533755,0,Yes,yes,2025-03-29 12:00:00+00:00,2025_03_29_open_0500_PT,2025-03-29 05:00:00-07:00,2025-03-28 21:18:36+00:00,0.54
527279,22752183918002848078277748029145662550669719932108767430775139318472934671798,1,No,no,2025-03-29 12:00:00+00:00,2025_03_29_open_0500_PT,2025-03-29 05:00:00-07:00,2025-03-12 20:16:11+00:00,0.002
524021,22814991468805556116471270417641782171550309851492637070422109257339804109572,1,No,no,2025-03-29 12:00:00+00:00,2025_03_29_open_0500_PT,2025-03-29 05:00:00-07:00,2025-03-29 10:42:18+00:00,0.65
524292,23363560824318474668781482335102625289561748638527872548758492627125630990827,0,Yes,yes,2025-03-29 12:00:00+00:00,2025_03_29_open_0500_PT,2025-03-29 05:00:00-07:00,2025-03-27 23:19:32+00:00,0.15
521026,23632768753333496327246137884794918423597173479688585307138116345069085580247,1,No,no,2025-03-29 12:00:00+00:00,2025_03_29_open_0500_PT,2025-03-29 05:00:00-07:00,2025-03-29 11:07:30+00:00,0.4
516189,25301545985889508293321782755434072371936771538975200674445139222395623272851,1,No,no,2025-03-29 12:00:00+00:00,2025_03_29_open_0500_PT,2025-03-29 05:00:00-07:00,2025-03-29 09:00:45+00:00,0.9709999108621725
516143,25742247876332768458781360292043764039507900813404980298479194684402595556451,0,Yes,yes,2025-03-29 12:00:00+00:00,2025_03_29_open_0500_PT,2025-03-29 05:00:00-07:00,2025-03-29 10:17:18+00:00,0.08
516190,27706044619360761256387697290478189707563660684659877077148428665563431908215,1,No,no,2025-03-29 12:00:00+00:00,2025_03_29_open_0500_PT,2025-03-29 05:00:00-07:00,2025-03-28 23:16:54+00:00,0.03994286
525231,27854589915558666949911110700107109304807510472832754346848714713106576041207,0,Yes,yes,2025-03-29 12:00:00+00:00,2025_03_29_open_0500_PT,2025-03-29 05:00:00-07:00,2025-03-29 09:30:54+00:00,0.08
521025,28414938735362964078307100001374150957816395319940009652318455849499629150252,1,No,no,2025-03-29 12:00:00+00:00,2025_03_29_open_0500_PT,2025-03-29 05:00:00-07:00,2025-03-29 07:09:54+00:00,0.7899999144166474
525232,31566724138998405553508313449766802786847999037726188458982786371622924711878,1,No,no,2025-03-29 12:00:00+00:00,2025_03_29_open_0500_PT,2025-03-29 05:00:00-07:00,2025-03-28 21:24:00+00:00,0.72
524143,32156304147657186738936334568719617978558036247795210919856751006394161293073,1,No,no,2025-03-29 12:00:00+00:00,2025_03_29_open_0500_PT,2025-03-29 05:00:00-07:00,2025-03-29 08:45:33+00:00,0.859999535599322
526861,32921044856076201189154703786849418887213408387521621721061527935861828024828,0,Yes,yes,2025-03-29 12:00:00+00:00,2025_03_29_open_0500_PT,2025-03-29 05:00:00-07:00,2025-03-29 11:59:38+00:00,0.7
527278,33787629600621860180939604657495798919073059313987957113657471584613393310606,1,No,no,2025-03-29 12:00:00+00:00,2025_03_29_open_0500_PT,2025-03-29 05:00:00-07:00,2025-03-14 17:08:09+00:00,0.001
521499,37809713000353368658683984822433912106052732096671571646866650191133502648634,1,No,no,2025-03-29 12:00:00+00:00,2025_03_29_open_0500_PT,2025-03-29 05:00:00-07:00,2025-03-12 20:16:29+00:00,0.001
519628,37946704943888888914227612417452623974614267503719043957094985529354395995926,1,No,no,2025-03-29 12:00:00+00:00,2025_03_29_open_0500_PT,2025-03-29 05:00:00-07:00,2025-03-29 11:34:56+00:00,0.7099994390993213
517693,38028235049989289118991891250017423701902844342596888644757673357241176888913,1,No,no,2025-03-29 12:00:00+00:00,2025_03_29_open_0500_PT,2025-03-29 05:00:00-07:00,2025-03-28 14:08:56+00:00,0.9
522057,39073221701552764059446410725782004011128353041681427534414147663135223634260,1,No,no,2025-03-29 12:00:00+00:00,2025_03_29_open_0500_PT,2025-03-29 05:00:00-07:00,2025-03-29 08:16:46+00:00,0.8099999999834694
519628,39327269875426915204597944387916069897800289788920336317845465327697809453999,0,Yes,yes,2025-03-29 12:00:00+00:00,2025_03_29_open_0500_PT,2025-03-29 05:00:00-07:00,2025-03-29 10:56:38+00:00,0.3
527279,40001158490980829331315202760805197309678407198352511114569399283632572307422,0,Yes,yes,2025-03-29 12:00:00+00:00,2025_03_29_open_0500_PT,2025-03-29 05:00:00-07:00,2025-03-12 20:19:55+00:00,0.998
521103,40643730425995007653653846322257326466291751148478865541862332040512398068473,1,No,no,2025-03-29 12:00:00+00:00,2025_03_29_open_0500_PT,2025-03-29 05:00:00-07:00,2025-03-28 08:32:38+00:00,0.89
519844,40914113765279699847589045742755525912767460490196542143342551731171071232917,0,Yes,yes,2025-03-29 12:00:00+00:00,2025_03_29_open_0500_PT,2025-03-29 05:00:00-07:00,2025-02-28 20:07:00+00:00,0.999
516719,42351579455604873042957090441032286075880144797259231030267680078160718556927,1,No,no,2025-03-29 12:00:00+00:00,2025_03_29_open_0500_PT,2025-03-29 05:00:00-07:00,2025-03-29 11:51:06+00:00,0.43999999207999974
523413,4274339277583331170231436480507835882687434608350779078862983050349942696879,1,No,no,2025-03-29 12:00:00+00:00,2025_03_29_open_0500_PT,2025-03-29 05:00:00-07:00,2025-03-28 18:36:55+00:00,0.86
521100,42807705713627033072721560874549512720856774493986139163714965545915531235572,1,No,no,2025-03-29 12:00:00+00:00,2025_03_29_open_0500_PT,2025-03-29 05:00:00-07:00,2025-03-12 20:16:21+00:00,0.001
524147,43469326409739858395690572881501444443817974097672167644298447954120789600137,0,Yes,yes,2025-03-29 12:00:00+00:00,2025_03_29_open_0500_PT,2025-03-29 05:00:00-07:00,2025-02-28 06:17:16+00:00,0.9988821436653187
518889,44380686214454472779171256638293817778327849773706779670665516622038269778385,1,No,no,2025-03-29 12:00:00+00:00,2025_03_29_open_0500_PT,2025-03-29 05:00:00-07:00,2025-03-29 07:49:02+00:00,0.68
517073,46900460840406661483474634104595482418501684854096906918305683910102403871123,0,Yes,yes,2025-03-29 12:00:00+00:00,2025_03_29_open_0500_PT,2025-03-29 05:00:00-07:00,2025-03-28 08:31:14+00:00,0.22
523413,46975241878566226675389813084558441099978633579735672808077735156890286559886,0,Yes,yes,2025-03-29 12:00:00+00:00,2025_03_29_open_0500_PT,2025-03-29 05:00:00-07:00,2025-03-28 18:36:55+00:00,0.14
521499,47692708638309429756044208432818720002044706296619873136468383174493259480485,0,Yes,yes,2025-03-29 12:00:00+00:00,2025_03_29_open_0500_PT,2025-03-29 05:00:00-07:00,2025-03-12 20:16:29+00:00,0.999
522057,48477409091695386761559202853239391470463303066983260592312960625658563043275,0,Yes,yes,2025-03-29 12:00:00+00:00,2025_03_29_open_0500_PT,2025-03-29 05:00:00-07:00,2025-03-29 10:19:32+00:00,0.19
521026,49473000926194462184545427213242554383104595845909786504578023251386790224858,0,Yes,yes,2025-03-29 12:00:00+00:00,2025_03_29_open_0500_PT,2025-03-29 05:00:00-07:00,2025-03-28 07:29:02+00:00,0.6
507984,50284187941943469569202009194355917949339120733469101749033950310686959468007,0,Yes,yes,2025-03-29 12:00:00+00:00,2025_03_29_open_0500_PT,2025-03-29 05:00:00-07:00,2024-12-12 21:27:58+00:00,0.002
521025,50391907985844971368730434370554275352555306650304559981296724287110163889372,0,Yes,yes,2025-03-29 12:00:00+00:00,2025_03_29_open_0500_PT,2025-03-29 05:00:00-07:00,2025-03-29 07:02:27+00:00,0.23
527032,52520991936301939851844268554264807330714499642654844594240746592838266792432,1,No,no,2025-03-29 12:00:00+00:00,2025_03_29_open_0500_PT,2025-03-29 05:00:00-07:00,2025-03-11 19:15:04+00:00,0.999
524348,52960782840877996381169383667062216635147767148703288363719115614339176853095,0,Yes,yes,2025-03-29 12:00:00+00:00,2025_03_29_open_0500_PT,2025-03-29 05:00:00-07:00,2025-02-25 19:54:41+00:00,0.001
522878,5442743401928862894180841736263512191564084389996775978514134400673743050598,0,Putin,putin,2025-03-29 12:00:00+00:00,2025_03_29_open_0500_PT,2025-03-29 05:00:00-07:00,2025-02-28 20:00:10+00:00,0.001
522878,55264189025055373090161890959631464405045385380191735792739072809428026021736,1,Zelenskyy,zelenskyy,2025-03-29 12:00:00+00:00,2025_03_29_open_0500_PT,2025-03-29 05:00:00-07:00,2025-02-28 20:00:10+00:00,0.999
523197,55509409310784585364116971076570089959207228118269642206238982520364239944605,1,No,no,2025-03-29 12:00:00+00:00,2025_03_29_open_0500_PT,2025-03-29 05:00:00-07:00,2025-03-29 10:28:42+00:00,0.984
516187,56333219586489855674685549932194420713208928308331628771337419037140355178076,0,Yes,yes,2025-03-29 12:00:00+00:00,2025_03_29_open_0500_PT,2025-03-29 05:00:00-07:00,2025-03-27 15:25:04+00:00,0.05
523343,57160884655103428512814247631012981773015723019889832549493437551469480061242,1,No,no,2025-03-29 12:00:00+00:00,2025_03_29_open_0500_PT,2025-03-29 05:00:00-07:00,2025-03-28 21:18:36+00:00,0.46
516715,5802460671946751538636185453975614627729230853286731735057811449821051691611,0,Yes,yes,2025-03-29 12:00:00+00:00,2025_03_29_open_0500_PT,2025-03-29 05:00:00-07:00,2025-03-27 22:05:46+00:00,0.060000000268571434
522895,62643694748826312587911382162440534823433709821141516597510649054633548502810,0,Yes,yes,2025-03-29 12:00:00+00:00,2025_03_29_open_0500_PT,2025-03-29 05:00:00-07:00,2025-03-29 11:57:02+00:00,0.3136885782750736
519736,63894828884807366836211275957245556698359823645556214866812004935138375830618,0,Yes,yes,2025-03-29 12:00:00+00:00,2025_03_29_open_0500_PT,2025-03-29 05:00:00-07:00,2025-03-28 16:54:56+00:00,0.05300005085872324
524147,6436214359665115810717148929293436681245885613476937891713590935932389735242,1,No,no,2025-03-29 12:00:00+00:00,2025_03_29_open_0500_PT,2025-03-29 05:00:00-07:00,2025-02-28 06:17:16+00:00,0.001
525157,64545313588399663482682286511585103428301403511234717343459455007091083337075,1,No,no,2025-03-29 12:00:00+00:00,2025_03_29_open_0500_PT,2025-03-29 05:00:00-07:00,2025-03-29 07:46:02+00:00,0.7899995338993427
524291,6456202668171707900880212750943570928813250356351945554332572852984770395210,1,No,no,2025-03-29 12:00:00+00:00,2025_03_29_open_0500_PT,2025-03-29 05:00:00-07:00,2025-03-29 02:52:33+00:00,0.9
526861,65449845407755668776897976670879705991692250175624922195548093200952844680115,1,No,no,2025-03-29 12:00:00+00:00,2025_03_29_open_0500_PT,2025-03-29 05:00:00-07:00,2025-03-29 11:33:54+00:00,0.2643055073268977
524285,65482627758879803524003778479202246178420046841505286705606240559010331503838,0,Yes,yes,2025-03-29 12:00:00+00:00,2025_03_29_open_0500_PT,2025-03-29 05:00:00-07:00,2025-03-29 11:16:40+00:00,0.36
526814,65961864506371256053813328069691531595710124813443748296296270747497043580971,1,No,no,2025-03-29 12:00:00+00:00,2025_03_29_open_0500_PT,2025-03-29 05:00:00-07:00,2025-03-25 19:12:44+00:00,0.001
522895,66339636783489562244427406324835042611372608866942882907689045655663784195972,1,No,no,2025-03-29 12:00:00+00:00,2025_03_29_open_0500_PT,2025-03-29 05:00:00-07:00,2025-03-29 11:57:02+00:00,0.68
524145,66356062315875533075062405949409720397580573066885585702377343083606583765118,0,Yes,yes,2025-03-29 12:00:00+00:00,2025_03_29_open_0500_PT,2025-03-29 05:00:00-07:00,2025-02-28 18:42:39+00:00,0.999
524310,6800060988333615171942817578522303119129729510028069894794248047438283072436,1,No,no,2025-03-29 12:00:00+00:00,2025_03_29_open_0500_PT,2025-03-29 05:00:00-07:00,2025-03-25 02:14:26+00:00,0.001
507984,68914504833157616843053838732988841773228477730246651549660144444755511574372,1,No,no,2025-03-29 12:00:00+00:00,2025_03_29_open_0500_PT,2025-03-29 05:00:00-07:00,2024-12-12 21:27:58+00:00,0.998
517693,69226537548379102137110260910766942274764101034650179979960227372969528243604,0,Yes,yes,2025-03-29 12:00:00+00:00,2025_03_29_open_0500_PT,2025-03-29 05:00:00-07:00,2025-03-28 14:08:56+00:00,0.1
521041,70920939650366426146836696994150938025168677239124917474200404356093431153260,1,No,no,2025-03-29 12:00:00+00:00,2025_03_29_open_0500_PT,2025-03-29 05:00:00-07:00,2025-03-28 16:10:38+00:00,0.9399999623995127
516189,71685983838843709915160975671540060908877886707703474939962098991499689519711,0,Yes,yes,2025-03-29 12:00:00+00:00,2025_03_29_open_0500_PT,2025-03-29 05:00:00-07:00,2025-03-27 12:19:37+00:00,0.033
525232,73663957466489274595176785305097386128325404078001917490010407904837134882577,0,Yes,yes,2025-03-29 12:00:00+00:00,2025_03_29_open_0500_PT,2025-03-29 05:00:00-07:00,2025-03-28 21:24:00+00:00,0.28
524348,73984012795437798473481687953253285098754321969692105101879063972760068638228,1,No,no,2025-03-29 12:00:00+00:00,2025_03_29_open_0500_PT,2025-03-29 05:00:00-07:00,2025-02-25 19:54:41+00:00,0.999
525157,74129046843921940913413587682588886122583847748489066762857187137233978267670,0,Yes,yes,2025-03-29 12:00:00+00:00,2025_03_29_open_0500_PT,2025-03-29 05:00:00-07:00,2025-03-29 02:53:27+00:00,0.22
519048,74534059827731044353009484655251717921023956616694121520435859117169009979824,0,Yes,yes,2025-03-29 12:00:00+00:00,2025_03_29_open_0500_PT,2025-03-29 05:00:00-07:00,2025-03-29 11:51:10+00:00,0.1
524477,75533964938719028696952998369094361524498526879485856631877081096914627658644,1,No,no,2025-03-29 12:00:00+00:00,2025_03_29_open_0500_PT,2025-03-29 05:00:00-07:00,2025-03-28 09:57:44+00:00,0.971
518889,76417393963448037479806799796874747547221511591996743269503725518742470496274,0,Yes,yes,2025-03-29 12:00:00+00:00,2025_03_29_open_0500_PT,2025-03-29 05:00:00-07:00,2025-03-28 22:40:38+00:00,0.31
523197,76517872896411850784270344965682992803318434169987777444136970978963357739156,0,Yes,yes,2025-03-29 12:00:00+00:00,2025_03_29_open_0500_PT,2025-03-29 05:00:00-07:00,2025-03-29 10:28:42+00:00,0.016646036121641086
519048,76643504232063200802060773779828726415087044269171506931668031354693251545396,1,No,no,2025-03-29 12:00:00+00:00,2025_03_29_open_0500_PT,2025-03-29 05:00:00-07:00,2025-03-29 11:51:10+00:00,0.9
527278,76683579252562835143863542840343898007243510337054657506558517873008498105093,0,Yes,yes,2025-03-29 12:00:00+00:00,2025_03_29_open_0500_PT,2025-03-29 05:00:00-07:00,2025-03-14 17:08:09+00:00,0.999
516187,76896069667756716472035601301016783496873889454464161011234150458037478069918,1,No,no,2025-03-29 12:00:00+00:00,2025_03_29_open_0500_PT,2025-03-29 05:00:00-07:00,2025-03-27 15:25:04+00:00,0.95
517073,78869803177078589287716771530665317651497156168734051494454473188006845916520,1,No,no,2025-03-29 12:00:00+00:00,2025_03_29_open_0500_PT,2025-03-29 05:00:00-07:00,2025-03-27 23:13:56+00:00,0.78
522894,81020312652589627285197771109762839746287006928172707150877539028691834065212,0,Yes,yes,2025-03-29 12:00:00+00:00,2025_03_29_open_0500_PT,2025-03-29 05:00:00-07:00,2025-03-29 09:34:18+00:00,0.05
524310,82246973513888061559569421022652964687465272762066736721360354291228748283806,0,Yes,yes,2025-03-29 12:00:00+00:00,2025_03_29_open_0500_PT,2025-03-29 05:00:00-07:00,2025-03-25 02:14:26+00:00,0.999
516190,83080252071092689902932666850490074811760131055025811650818073654402601835484,0,Yes,yes,2025-03-29 12:00:00+00:00,2025_03_29_open_0500_PT,2025-03-29 05:00:00-07:00,2025-03-29 10:54:08+00:00,0.9639993714711528
521041,83524440200143860657028178945801858366378129256359488825050609853223919531809,0,Yes,yes,2025-03-29 12:00:00+00:00,2025_03_29_open_0500_PT,2025-03-29 05:00:00-07:00,2025-03-28 16:10:38+00:00,0.060000037600487305
524477,83547673164506671794819260938344653989875088069034224812175182562166039721574,0,Yes,yes,2025-03-29 12:00:00+00:00,2025_03_29_open_0500_PT,2025-03-29 05:00:00-07:00,2025-03-28 09:57:44+00:00,0.029
525231,83742739530586820493605246339344277590673217105618245459443915506041800643469,1,No,no,2025-03-29 12:00:00+00:00,2025_03_29_open_0500_PT,2025-03-29 05:00:00-07:00,2025-03-29 02:27:53+00:00,0.9
510319,84888738552927367074645370589243532246434846262240067551074642775011167355434,0,Yes,yes,2025-03-29 12:00:00+00:00,2025_03_29_open_0500_PT,2025-03-29 05:00:00-07:00,2025-03-29 11:50:24+00:00,0.07
527081,85329416514471004297478005149625146014624743562622421967455557722819447174298,0,Yes,yes,2025-03-29 12:00:00+00:00,2025_03_29_open_0500_PT,2025-03-29 05:00:00-07:00,2025-03-28 17:43:04+00:00,0.28
526229,86304131703011980721755979925817881408007934797292837200662297834354514178950,1,No,no,2025-03-29 12:00:00+00:00,2025_03_29_open_0500_PT,2025-03-29 05:00:00-07:00,2025-03-29 05:53:28+00:00,0.981
510319,86857783363775257860227917708309268561005168570896999677788731255030014967896,1,No,no,2025-03-29 12:00:00+00:00,2025_03_29_open_0500_PT,2025-03-29 05:00:00-07:00,2025-03-29 11:50:24+00:00,0.93
526229,88551081062941956754624270296481102277138087249231124901142839087117648363109,0,Yes,yes,2025-03-29 12:00:00+00:00,2025_03_29_open_0500_PT,2025-03-29 05:00:00-07:00,2025-03-29 05:53:28+00:00,0.019
524292,9014695769446700891659134648259488341557414914618690658701879241952037527074,1,No,no,2025-03-29 12:00:00+00:00,2025_03_29_open_0500_PT,2025-03-29 05:00:00-07:00,2025-03-27 23:19:32+00:00,0.85
527032,90544185197348445762400462367487730947998989538649021442756705113012034127717,0,Yes,yes,2025-03-29 12:00:00+00:00,2025_03_29_open_0500_PT,2025-03-29 05:00:00-07:00,2025-03-11 17:55:03+00:00,0.01
516315,9252583647094848244431316973245869222379640287360099162283052699401101960353,0,Yes,yes,2025-03-29 12:00:00+00:00,2025_03_29_open_0500_PT,2025-03-29 05:00:00-07:00,2025-03-29 03:34:39+00:00,0.0480000012693334
516143,95786924372760057572092804419385993470890190892343223404877167501659835222533,1,No,no,2025-03-29 12:00:00+00:00,2025_03_29_open_0500_PT,2025-03-29 05:00:00-07:00,2025-03-29 10:17:18+00:00,0.92
522056,96601928894191559916157952751631886797424000157973909225754084049773554405468,0,Yes,yes,2025-03-29 12:00:00+00:00,2025_03_29_open_0500_PT,2025-03-29 05:00:00-07:00,2025-03-29 03:27:09+00:00,0.43
527005,96618036676034164847772351078297997221316377064022855127438030193903015078566,1,No,no,2025-03-29 12:00:00+00:00,2025_03_29_open_0500_PT,2025-03-29 05:00:00-07:00,2025-03-27 08:55:20+00:00,0.82
524021,97262919156133260921887403057581420516585464065308475066791456615017669503669,0,Yes,yes,2025-03-29 12:00:00+00:00,2025_03_29_open_0500_PT,2025-03-29 05:00:00-07:00,2025-03-29 10:42:18+00:00,0.35
527005,100121345789532362055123879793212027312379236056429540221720415709850532973373,0,Yes,yes,2025-03-30 00:00:00+00:00,2025_03_29_close_1700_PT,2025-03-29 17:00:00-07:00,2025-03-29 21:37:06+00:00,0.2
507311,102006319303460238827563664446951754516041393632850360444322469125777577388771,0,Yes,yes,2025-03-30 00:00:00+00:00,2025_03_29_close_1700_PT,2025-03-29 17:00:00-07:00,2025-01-29 21:39:28+00:00,0.001
524145,102062916030133807330186342894442541205582789480933958339342744794892413850627,1,No,no,2025-03-30 00:00:00+00:00,2025_03_29_close_1700_PT,2025-03-29 17:00:00-07:00,2025-02-28 16:13:57+00:00,0.001
525437,10316592426452860464899722692398677096383513371344164830735417650138017205817,1,No,no,2025-03-30 00:00:00+00:00,2025_03_29_close_1700_PT,2025-03-29 17:00:00-07:00,2025-03-05 19:01:37+00:00,0.01
521103,103909253011351322759892776638669457027523901655815490042130382730360706229706,0,Yes,yes,2025-03-30 00:00:00+00:00,2025_03_29_close_1700_PT,2025-03-29 17:00:00-07:00,2025-03-29 21:34:40+00:00,0.169999998623
516715,104795148936930645520469554178353538587130154145659561962269514319642274480768,1,No,no,2025-03-30 00:00:00+00:00,2025_03_29_close_1700_PT,2025-03-29 17:00:00-07:00,2025-03-27 22:05:46+00:00,0.9399999997314286
526814,105039045108735350701067761926660919174556796573940954887933194396971464305066,0,Yes,yes,2025-03-30 00:00:00+00:00,2025_03_29_close_1700_PT,2025-03-29 17:00:00-07:00,2025-03-25 19:12:44+00:00,0.999
524291,106785705064968660332067023300536266535388124753272914243541205698423062856246,0,Yes,yes,2025-03-30 00:00:00+00:00,2025_03_29_close_1700_PT,2025-03-29 17:00:00-07:00,2025-03-29 15:21:06+00:00,0.13999988239998118
524285,107643187201000404038693592426566378917534508353468263334674357442312114112510,1,No,no,2025-03-30 00:00:00+00:00,2025_03_29_close_1700_PT,2025-03-29 17:00:00-07:00,2025-03-29 22:14:50+00:00,0.64
525442,108057916747365167542504013787062021441684619476265070483570121865318046932052,0,Yes,yes,2025-03-30 00:00:00+00:00,2025_03_29_close_1700_PT,2025-03-29 17:00:00-07:00,2025-03-05 19:00:49+00:00,0.001
521603,108064859672314536571175804798614410280877635973727667622803804179444259690672,1,No,no,2025-03-30 00:00:00+00:00,2025_03_29_close_1700_PT,2025-03-29 17:00:00-07:00,2025-03-29 23:53:42+00:00,0.98
522894,108303820542127194670275571355095079674537367635794408292209711330192187534707,1,No,no,2025-03-30 00:00:00+00:00,2025_03_29_close_1700_PT,2025-03-29 17:00:00-07:00,2025-03-29 09:34:18+00:00,0.95
519736,108331518505056537403722461966654684743488871885239753047834907734450664515452,1,No,no,2025-03-30 00:00:00+00:00,2025_03_29_close_1700_PT,2025-03-29 17:00:00-07:00,2025-03-28 16:54:56+00:00,0.9460539419899724
507311,109788973099970019996072517823266794542154906066004680247007602517078576240900,1,No,no,2025-03-30 00:00:00+00:00,2025_03_29_close_1700_PT,2025-03-29 17:00:00-07:00,2025-01-29 21:39:28+00:00,0.999
523420,110303218457795832861589414223072133732424840017074962598980991451216787898529,0,Yes,yes,2025-03-30 00:00:00+00:00,2025_03_29_close_1700_PT,2025-03-29 17:00:00-07:00,2025-03-29 22:59:02+00:00,0.3395
523420,110513468504414111967623727967802735681305040958967125800368195228103949451183,1,No,no,2025-03-30 00:00:00+00:00,2025_03_29_close_1700_PT,2025-03-29 17:00:00-07:00,2025-03-29 22:59:02+00:00,0.66
523198,111048886296924495129741424280092672064807186679410610865674623733591163627018,1,No,no,2025-03-30 00:00:00+00:00,2025_03_29_close_1700_PT,2025-03-29 17:00:00-07:00,2025-03-27 19:33:52+00:00,0.94
522056,111817814065148789668110176254570458287510111700931938757952739120253070676417,1,No,no,2025-03-30 00:00:00+00:00,2025_03_29_close_1700_PT,2025-03-29 17:00:00-07:00,2025-03-29 23:12:00+00:00,0.5699999709504107
516315,112686805416681376426848642516954883318316273962669944235801308401883591913314,1,No,no,2025-03-30 00:00:00+00:00,2025_03_29_close_1700_PT,2025-03-29 17:00:00-07:00,2025-03-29 23:13:46+00:00,0.954
519844,115151921832306680160638545362939767099400757097903129602011054222202727203606,1,No,no,2025-03-30 00:00:00+00:00,2025_03_29_close_1700_PT,2025-03-29 17:00:00-07:00,2025-02-28 20:07:00+00:00,0.001
524143,1179039883486402183499490082435825463500517700553032674433043579228770785112,0,Yes,yes,2025-03-30 00:00:00+00:00,2025_03_29_close_1700_PT,2025-03-29 17:00:00-07:00,2025-03-29 16:17:32+00:00,0.14
525437,12198166341436727947405729209814148041740036263965322192437253954048906701116,0,Yes,yes,2025-03-30 00:00:00+00:00,2025_03_29_close_1700_PT,2025-03-29 17:00:00-07:00,2025-03-05 19:01:37+00:00,0.99
521100,14990029861718662869816237869973544862792282285138092644462921007650993247380,0,Yes,yes,2025-03-30 00:00:00+00:00,2025_03_29_close_1700_PT,2025-03-29 17:00:00-07:00,2025-03-12 20:16:21+00:00,0.999
516719,15974786252393396629980467963784550802583781222733347534844974829144359265969,0,Yes,yes,2025-03-30 00:00:00+00:00,2025_03_29_close_1700_PT,2025-03-29 17:00:00-07:00,2025-03-29 23:41:24+00:00,0.5299999797636334
527081,17189149212865445714213344530377307644873493103595435170459256971807866915825,1,No,no,2025-03-30 00:00:00+00:00,2025_03_29_close_1700_PT,2025-03-29 17:00:00-07:00,2025-03-29 17:44:39+00:00,0.75
525442,17526688879266974475993857941710252477836369992267558391595367358065513215277,1,No,no,2025-03-30 00:00:00+00:00,2025_03_29_close_1700_PT,2025-03-29 17:00:00-07:00,2025-03-05 19:00:49+00:00,0.999
523198,17636133037698655711537839367918666335877935696344385855077943944327611242596,0,Yes,yes,2025-03-30 00:00:00+00:00,2025_03_29_close_1700_PT,2025-03-29 17:00:00-07:00,2025-03-29 23:03:12+00:00,0.06
518890,1820990530457734990844221236379424325571531338274179313320944848555296238885,0,Yes,yes,2025-03-30 00:00:00+00:00,2025_03_29_close_1700_PT,2025-03-29 17:00:00-07:00,2025-03-29 13:21:24+00:00,0.16
521603,18833065283746804110550289341323864262410877417777323132151715138616977528841,0,Yes,yes,2025-03-30 00:00:00+00:00,2025_03_29_close_1700_PT,2025-03-29 17:00:00-07:00,2025-03-29 23:53:42+00:00,0.02
518890,19787433176606062103363478006507471735790167880416910771642279209812633663344,1,No,no,2025-03-30 00:00:00+00:00,2025_03_29_close_1700_PT,2025-03-29 17:00:00-07:00,2025-03-28 15:26:12+00:00,0.82
523343,22255463452594162709449800579658835371746668793825841462318307382376621533755,0,Yes,yes,2025-03-30 00:00:00+00:00,2025_03_29_close_1700_PT,2025-03-29 17:00:00-07:00,2025-03-29 17:19:43+00:00,0.51
527279,22752183918002848078277748029145662550669719932108767430775139318472934671798,1,No,no,2025-03-30 00:00:00+00:00,2025_03_29_close_1700_PT,2025-03-29 17:00:00-07:00,2025-03-12 20:16:11+00:00,0.002
524021,22814991468805556116471270417641782171550309851492637070422109257339804109572,1,No,no,2025-03-30 00:00:00+00:00,2025_03_29_close_1700_PT,2025-03-29 17:00:00-07:00,2025-03-29 22:32:54+00:00,0.6799999714399984
524292,23363560824318474668781482335102625289561748638527872548758492627125630990827,0,Yes,yes,2025-03-30 00:00:00+00:00,2025_03_29_close_1700_PT,2025-03-29 17:00:00-07:00,2025-03-27 23:19:32+00:00,0.15
521026,23632768753333496327246137884794918423597173479688585307138116345069085580247,1,No,no,2025-03-30 00:00:00+00:00,2025_03_29_close_1700_PT,2025-03-29 17:00:00-07:00,2025-03-29 20:08:13+00:00,0.4
516189,25301545985889508293321782755434072371936771538975200674445139222395623272851,1,No,no,2025-03-30 00:00:00+00:00,2025_03_29_close_1700_PT,2025-03-29 17:00:00-07:00,2025-03-29 09:00:45+00:00,0.9709999108621725
516143,25742247876332768458781360292043764039507900813404980298479194684402595556451,0,Yes,yes,2025-03-30 00:00:00+00:00,2025_03_29_close_1700_PT,2025-03-29 17:00:00-07:00,2025-03-29 22:27:26+00:00,0.08
516190,27706044619360761256387697290478189707563660684659877077148428665563431908215,1,No,no,2025-03-30 00:00:00+00:00,2025_03_29_close_1700_PT,2025-03-29 17:00:00-07:00,2025-03-29 20:47:37+00:00,0.035
525231,27854589915558666949911110700107109304807510472832754346848714713106576041207,0,Yes,yes,2025-03-30 00:00:00+00:00,2025_03_29_close_1700_PT,2025-03-29 17:00:00-07:00,2025-03-29 17:02:47+00:00,0.1
521025,28414938735362964078307100001374150957816395319940009652318455849499629150252,1,No,no,2025-03-30 00:00:00+00:00,2025_03_29_close_1700_PT,2025-03-29 17:00:00-07:00,2025-03-29 22:22:06+00:00,0.7800000063800001
525232,31566724138998405553508313449766802786847999037726188458982786371622924711878,1,No,no,2025-03-30 00:00:00+00:00,2025_03_29_close_1700_PT,2025-03-29 17:00:00-07:00,2025-03-29 21:33:10+00:00,0.7499998874999719
524143,32156304147657186738936334568719617978558036247795210919856751006394161293073,1,No,no,2025-03-30 00:00:00+00:00,2025_03_29_close_1700_PT,2025-03-29 17:00:00-07:00,2025-03-29 16:17:32+00:00,0.86
526861,32921044856076201189154703786849418887213408387521621721061527935861828024828,0,Yes,yes,2025-03-30 00:00:00+00:00,2025_03_29_close_1700_PT,2025-03-29 17:00:00-07:00,2025-03-29 15:57:18+00:00,0.7
527278,33787629600621860180939604657495798919073059313987957113657471584613393310606,1,No,no,2025-03-30 00:00:00+00:00,2025_03_29_close_1700_PT,2025-03-29 17:00:00-07:00,2025-03-14 17:08:09+00:00,0.001
521499,37809713000353368658683984822433912106052732096671571646866650191133502648634,1,No,no,2025-03-30 00:00:00+00:00,2025_03_29_close_1700_PT,2025-03-29 17:00:00-07:00,2025-03-12 20:16:29+00:00,0.001
519628,37946704943888888914227612417452623974614267503719043957094985529354395995926,1,No,no,2025-03-30 00:00:00+00:00,2025_03_29_close_1700_PT,2025-03-29 17:00:00-07:00,2025-03-29 23:33:46+00:00,0.72
517693,38028235049989289118991891250017423701902844342596888644757673357241176888913,1,No,no,2025-03-30 00:00:00+00:00,2025_03_29_close_1700_PT,2025-03-29 17:00:00-07:00,2025-03-29 13:27:46+00:00,0.92
522057,39073221701552764059446410725782004011128353041681427534414147663135223634260,1,No,no,2025-03-30 00:00:00+00:00,2025_03_29_close_1700_PT,2025-03-29 17:00:00-07:00,2025-03-29 16:41:35+00:00,0.8
519628,39327269875426915204597944387916069897800289788920336317845465327697809453999,0,Yes,yes,2025-03-30 00:00:00+00:00,2025_03_29_close_1700_PT,2025-03-29 17:00:00-07:00,2025-03-29 23:33:46+00:00,0.28
527279,40001158490980829331315202760805197309678407198352511114569399283632572307422,0,Yes,yes,2025-03-30 00:00:00+00:00,2025_03_29_close_1700_PT,2025-03-29 17:00:00-07:00,2025-03-12 20:19:55+00:00,0.998
521103,40643730425995007653653846322257326466291751148478865541862332040512398068473,1,No,no,2025-03-30 00:00:00+00:00,2025_03_29_close_1700_PT,2025-03-29 17:00:00-07:00,2025-03-29 22:33:32+00:00,0.8499999787499984
519844,40914113765279699847589045742755525912767460490196542143342551731171071232917,0,Yes,yes,2025-03-30 00:00:00+00:00,2025_03_29_close_1700_PT,2025-03-29 17:00:00-07:00,2025-02-28 20:07:00+00:00,0.999
516719,42351579455604873042957090441032286075880144797259231030267680078160718556927,1,No,no,2025-03-30 00:00:00+00:00,2025_03_29_close_1700_PT,2025-03-29 17:00:00-07:00,2025-03-29 23:41:24+00:00,0.47000002023636656
523413,4274339277583331170231436480507835882687434608350779078862983050349942696879,1,No,no,2025-03-30 00:00:00+00:00,2025_03_29_close_1700_PT,2025-03-29 17:00:00-07:00,2025-03-28 18:36:55+00:00,0.86
521100,42807705713627033072721560874549512720856774493986139163714965545915531235572,1,No,no,2025-03-30 00:00:00+00:00,2025_03_29_close_1700_PT,2025-03-29 17:00:00-07:00,2025-03-12 20:16:21+00:00,0.001
524147,43469326409739858395690572881501444443817974097672167644298447954120789600137,0,Yes,yes,2025-03-30 00:00:00+00:00,2025_03_29_close_1700_PT,2025-03-29 17:00:00-07:00,2025-02-28 06:17:16+00:00,0.9988821436653187
518889,44380686214454472779171256638293817778327849773706779670665516622038269778385,1,No,no,2025-03-30 00:00:00+00:00,2025_03_29_close_1700_PT,2025-03-29 17:00:00-07:00,2025-03-29 15:03:22+00:00,0.7
517073,46900460840406661483474634104595482418501684854096906918305683910102403871123,0,Yes,yes,2025-03-30 00:00:00+00:00,2025_03_29_close_1700_PT,2025-03-29 17:00:00-07:00,2025-03-28 08:31:14+00:00,0.22
523413,46975241878566226675389813084558441099978633579735672808077735156890286559886,0,Yes,yes,2025-03-30 00:00:00+00:00,2025_03_29_close_1700_PT,2025-03-29 17:00:00-07:00,2025-03-28 18:36:55+00:00,0.14
521499,47692708638309429756044208432818720002044706296619873136468383174493259480485,0,Yes,yes,2025-03-30 00:00:00+00:00,2025_03_29_close_1700_PT,2025-03-29 17:00:00-07:00,2025-03-12 20:16:29+00:00,0.999
522057,48477409091695386761559202853239391470463303066983260592312960625658563043275,0,Yes,yes,2025-03-30 00:00:00+00:00,2025_03_29_close_1700_PT,2025-03-29 17:00:00-07:00,2025-03-29 22:21:16+00:00,0.19
521026,49473000926194462184545427213242554383104595845909786504578023251386790224858,0,Yes,yes,2025-03-30 00:00:00+00:00,2025_03_29_close_1700_PT,2025-03-29 17:00:00-07:00,2025-03-29 20:08:13+00:00,0.6
507984,50284187941943469569202009194355917949339120733469101749033950310686959468007,0,Yes,yes,2025-03-30 00:00:00+00:00,2025_03_29_close_1700_PT,2025-03-29 17:00:00-07:00,2024-12-12 21:27:58+00:00,0.002
521025,50391907985844971368730434370554275352555306650304559981296724287110163889372,0,Yes,yes,2025-03-30 00:00:00+00:00,2025_03_29_close_1700_PT,2025-03-29 17:00:00-07:00,2025-03-29 22:22:06+00:00,0.21999999361999986
527032,52520991936301939851844268554264807330714499642654844594240746592838266792432,1,No,no,2025-03-30 00:00:00+00:00,2025_03_29_close_1700_PT,2025-03-29 17:00:00-07:00,2025-03-11 19:15:04+00:00,0.999
524348,52960782840877996381169383667062216635147767148703288363719115614339176853095,0,Yes,yes,2025-03-30 00:00:00+00:00,2025_03_29_close_1700_PT,2025-03-29 17:00:00-07:00,2025-02-25 19:54:41+00:00,0.001
522878,5442743401928862894180841736263512191564084389996775978514134400673743050598,0,Putin,putin,2025-03-30 00:00:00+00:00,2025_03_29_close_1700_PT,2025-03-29 17:00:00-07:00,2025-02-28 20:00:10+00:00,0.001
522878,55264189025055373090161890959631464405045385380191735792739072809428026021736,1,Zelenskyy,zelenskyy,2025-03-30 00:00:00+00:00,2025_03_29_close_1700_PT,2025-03-29 17:00:00-07:00,2025-02-28 20:00:10+00:00,0.999
523197,55509409310784585364116971076570089959207228118269642206238982520364239944605,1,No,no,2025-03-30 00:00:00+00:00,2025_03_29_close_1700_PT,2025-03-29 17:00:00-07:00,2025-03-29 15:25:50+00:00,0.982999998034
516187,56333219586489855674685549932194420713208928308331628771337419037140355178076,0,Yes,yes,2025-03-30 00:00:00+00:00,2025_03_29_close_1700_PT,2025-03-29 17:00:00-07:00,2025-03-27 15:25:04+00:00,0.05
523343,57160884655103428512814247631012981773015723019889832549493437551469480061242,1,No,no,2025-03-30 00:00:00+00:00,2025_03_29_close_1700_PT,2025-03-29 17:00:00-07:00,2025-03-29 17:19:43+00:00,0.49
516715,5802460671946751538636185453975614627729230853286731735057811449821051691611,0,Yes,yes,2025-03-30 00:00:00+00:00,2025_03_29_close_1700_PT,2025-03-29 17:00:00-07:00,2025-03-27 22:05:46+00:00,0.060000000268571434
522895,62643694748826312587911382162440534823433709821141516597510649054633548502810,0,Yes,yes,2025-03-30 00:00:00+00:00,2025_03_29_close_1700_PT,2025-03-29 17:00:00-07:00,2025-03-29 11:57:02+00:00,0.3136885782750736
519736,63894828884807366836211275957245556698359823645556214866812004935138375830618,0,Yes,yes,2025-03-30 00:00:00+00:00,2025_03_29_close_1700_PT,2025-03-29 17:00:00-07:00,2025-03-28 16:54:56+00:00,0.05300005085872324
524147,6436214359665115810717148929293436681245885613476937891713590935932389735242,1,No,no,2025-03-30 00:00:00+00:00,2025_03_29_close_1700_PT,2025-03-29 17:00:00-07:00,2025-02-28 06:17:16+00:00,0.001
525157,64545313588399663482682286511585103428301403511234717343459455007091083337075,1,No,no,2025-03-30 00:00:00+00:00,2025_03_29_close_1700_PT,2025-03-29 17:00:00-07:00,2025-03-29 14:01:38+00:00,0.79
524291,6456202668171707900880212750943570928813250356351945554332572852984770395210,1,No,no,2025-03-30 00:00:00+00:00,2025_03_29_close_1700_PT,2025-03-29 17:00:00-07:00,2025-03-29 15:21:06+00:00,0.8600001176000188
526861,65449845407755668776897976670879705991692250175624922195548093200952844680115,1,No,no,2025-03-30 00:00:00+00:00,2025_03_29_close_1700_PT,2025-03-29 17:00:00-07:00,2025-03-29 23:27:16+00:00,0.32
524285,65482627758879803524003778479202246178420046841505286705606240559010331503838,0,Yes,yes,2025-03-30 00:00:00+00:00,2025_03_29_close_1700_PT,2025-03-29 17:00:00-07:00,2025-03-29 22:14:50+00:00,0.36
526814,65961864506371256053813328069691531595710124813443748296296270747497043580971,1,No,no,2025-03-30 00:00:00+00:00,2025_03_29_close_1700_PT,2025-03-29 17:00:00-07:00,2025-03-25 19:12:44+00:00,0.001
522895,66339636783489562244427406324835042611372608866942882907689045655663784195972,1,No,no,2025-03-30 00:00:00+00:00,2025_03_29_close_1700_PT,2025-03-29 17:00:00-07:00,2025-03-29 21:55:52+00:00,0.7099999403917849
524145,66356062315875533075062405949409720397580573066885585702377343083606583765118,0,Yes,yes,2025-03-30 00:00:00+00:00,2025_03_29_close_1700_PT,2025-03-29 17:00:00-07:00,2025-02-28 18:42:39+00:00,0.999
524310,6800060988333615171942817578522303119129729510028069894794248047438283072436,1,No,no,2025-03-30 00:00:00+00:00,2025_03_29_close_1700_PT,2025-03-29 17:00:00-07:00,2025-03-25 02:14:26+00:00,0.001
507984,68914504833157616843053838732988841773228477730246651549660144444755511574372,1,No,no,2025-03-30 00:00:00+00:00,2025_03_29_close_1700_PT,2025-03-29 17:00:00-07:00,2024-12-12 21:27:58+00:00,0.998
517693,69226537548379102137110260910766942274764101034650179979960227372969528243604,0,Yes,yes,2025-03-30 00:00:00+00:00,2025_03_29_close_1700_PT,2025-03-29 17:00:00-07:00,2025-03-29 13:27:46+00:00,0.08
521041,70920939650366426146836696994150938025168677239124917474200404356093431153260,1,No,no,2025-03-30 00:00:00+00:00,2025_03_29_close_1700_PT,2025-03-29 17:00:00-07:00,2025-03-29 19:12:51+00:00,0.95
516189,71685983838843709915160975671540060908877886707703474939962098991499689519711,0,Yes,yes,2025-03-30 00:00:00+00:00,2025_03_29_close_1700_PT,2025-03-29 17:00:00-07:00,2025-03-27 12:19:37+00:00,0.033
525232,73663957466489274595176785305097386128325404078001917490010407904837134882577,0,Yes,yes,2025-03-30 00:00:00+00:00,2025_03_29_close_1700_PT,2025-03-29 17:00:00-07:00,2025-03-29 19:34:43+00:00,0.25
524348,73984012795437798473481687953253285098754321969692105101879063972760068638228,1,No,no,2025-03-30 00:00:00+00:00,2025_03_29_close_1700_PT,2025-03-29 17:00:00-07:00,2025-02-25 19:54:41+00:00,0.999
525157,74129046843921940913413587682588886122583847748489066762857187137233978267670,0,Yes,yes,2025-03-30 00:00:00+00:00,2025_03_29_close_1700_PT,2025-03-29 17:00:00-07:00,2025-03-29 12:29:33+00:00,0.21
519048,74534059827731044353009484655251717921023956616694121520435859117169009979824,0,Yes,yes,2025-03-30 00:00:00+00:00,2025_03_29_close_1700_PT,2025-03-29 17:00:00-07:00,2025-03-29 23:42:52+00:00,0.1
524477,75533964938719028696952998369094361524498526879485856631877081096914627658644,1,No,no,2025-03-30 00:00:00+00:00,2025_03_29_close_1700_PT,2025-03-29 17:00:00-07:00,2025-03-28 09:57:44+00:00,0.971
518889,76417393963448037479806799796874747547221511591996743269503725518742470496274,0,Yes,yes,2025-03-30 00:00:00+00:00,2025_03_29_close_1700_PT,2025-03-29 17:00:00-07:00,2025-03-29 15:03:22+00:00,0.3
523197,76517872896411850784270344965682992803318434169987777444136970978963357739156,0,Yes,yes,2025-03-30 00:00:00+00:00,2025_03_29_close_1700_PT,2025-03-29 17:00:00-07:00,2025-03-29 20:48:51+00:00,0.02200000001257143
519048,76643504232063200802060773779828726415087044269171506931668031354693251545396,1,No,no,2025-03-30 00:00:00+00:00,2025_03_29_close_1700_PT,2025-03-29 17:00:00-07:00,2025-03-29 23:42:52+00:00,0.9
527278,76683579252562835143863542840343898007243510337054657506558517873008498105093,0,Yes,yes,2025-03-30 00:00:00+00:00,2025_03_29_close_1700_PT,2025-03-29 17:00:00-07:00,2025-03-14 17:08:09+00:00,0.999
516187,76896069667756716472035601301016783496873889454464161011234150458037478069918,1,No,no,2025-03-30 00:00:00+00:00,2025_03_29_close_1700_PT,2025-03-29 17:00:00-07:00,2025-03-27 15:25:04+00:00,0.95
517073,78869803177078589287716771530665317651497156168734051494454473188006845916520,1,No,no,2025-03-30 00:00:00+00:00,2025_03_29_close_1700_PT,2025-03-29 17:00:00-07:00,2025-03-27 23:13:56+00:00,0.78
522894,81020312652589627285197771109762839746287006928172707150877539028691834065212,0,Yes,yes,2025-03-30 00:00:00+00:00,2025_03_29_close_1700_PT,2025-03-29 17:00:00-07:00,2025-03-29 09:34:18+00:00,0.05
524310,82246973513888061559569421022652964687465272762066736721360354291228748283806,0,Yes,yes,2025-03-30 00:00:00+00:00,2025_03_29_close_1700_PT,2025-03-29 17:00:00-07:00,2025-03-25 02:14:26+00:00,0.999
516190,83080252071092689902932666850490074811760131055025811650818073654402601835484,0,Yes,yes,2025-03-30 00:00:00+00:00,2025_03_29_close_1700_PT,2025-03-29 17:00:00-07:00,2025-03-29 20:47:37+00:00,0.965
521041,83524440200143860657028178945801858366378129256359488825050609853223919531809,0,Yes,yes,2025-03-30 00:00:00+00:00,2025_03_29_close_1700_PT,2025-03-29 17:00:00-07:00,2025-03-29 19:12:51+00:00,0.05
524477,83547673164506671794819260938344653989875088069034224812175182562166039721574,0,Yes,yes,2025-03-30 00:00:00+00:00,2025_03_29_close_1700_PT,2025-03-29 17:00:00-07:00,2025-03-28 09:57:44+00:00,0.029
525231,83742739530586820493605246339344277590673217105618245459443915506041800643469,1,No,no,2025-03-30 00:00:00+00:00,2025_03_29_close_1700_PT,2025-03-29 17:00:00-07:00,2025-03-29 17:02:47+00:00,0.9
510319,84888738552927367074645370589243532246434846262240067551074642775011167355434,0,Yes,yes,2025-03-30 00:00:00+00:00,2025_03_29_close_1700_PT,2025-03-29 17:00:00-07:00,2025-03-29 23:23:30+00:00,0.06999999575333331
527081,85329416514471004297478005149625146014624743562622421967455557722819447174298,0,Yes,yes,2025-03-30 00:00:00+00:00,2025_03_29_close_1700_PT,2025-03-29 17:00:00-07:00,2025-03-29 17:44:39+00:00,0.25
526229,86304131703011980721755979925817881408007934797292837200662297834354514178950,1,No,no,2025-03-30 00:00:00+00:00,2025_03_29_close_1700_PT,2025-03-29 17:00:00-07:00,2025-03-29 14:54:40+00:00,0.984
510319,86857783363775257860227917708309268561005168570896999677788731255030014967896,1,No,no,2025-03-30 00:00:00+00:00,2025_03_29_close_1700_PT,2025-03-29 17:00:00-07:00,2025-03-29 23:39:52+00:00,0.94
526229,88551081062941956754624270296481102277138087249231124901142839087117648363109,0,Yes,yes,2025-03-30 00:00:00+00:00,2025_03_29_close_1700_PT,2025-03-29 17:00:00-07:00,2025-03-29 14:54:40+00:00,0.01604998
524292,9014695769446700891659134648259488341557414914618690658701879241952037527074,1,No,no,2025-03-30 00:00:00+00:00,2025_03_29_close_1700_PT,2025-03-29 17:00:00-07:00,2025-03-27 23:19:32+00:00,0.85
527032,90544185197348445762400462367487730947998989538649021442756705113012034127717,0,Yes,yes,2025-03-30 00:00:00+00:00,2025_03_29_close_1700_PT,2025-03-29 17:00:00-07:00,2025-03-11 17:55:03+00:00,0.01
516315,9252583647094848244431316973245869222379640287360099162283052699401101960353,0,Yes,yes,2025-03-30 00:00:00+00:00,2025_03_29_close_1700_PT,2025-03-29 17:00:00-07:00,2025-03-29 23:13:46+00:00,0.046
516143,95786924372760057572092804419385993470890190892343223404877167501659835222533,1,No,no,2025-03-30 00:00:00+00:00,2025_03_29_close_1700_PT,2025-03-29 17:00:00-07:00,2025-03-29 23:10:50+00:00,0.91
522056,96601928894191559916157952751631886797424000157973909225754084049773554405468,0,Yes,yes,2025-03-30 00:00:00+00:00,2025_03_29_close_1700_PT,2025-03-29 17:00:00-07:00,2025-03-29 13:59:50+00:00,0.43
527005,96618036676034164847772351078297997221316377064022855127438030193903015078566,1,No,no,2025-03-30 00:00:00+00:00,2025_03_29_close_1700_PT,2025-03-29 17:00:00-07:00,2025-03-29 21:37:06+00:00,0.8
524021,97262919156133260921887403057581420516585464065308475066791456615017669503669,0,Yes,yes,2025-03-30 00:00:00+00:00,2025_03_29_close_1700_PT,2025-03-29 17:00:00-07:00,2025-03-29 20:57:13+00:00,0.32
527005,100121345789532362055123879793212027312379236056429540221720415709850532973373,0,Yes,yes,2025-03-30 12:00:00+00:00,2025_03_30_open_0500_PT,2025-03-30 05:00:00-07:00,2025-03-30 04:44:10+00:00,0.17000000090270914
507311,102006319303460238827563664446951754516041393632850360444322469125777577388771,0,Yes,yes,2025-03-30 12:00:00+00:00,2025_03_30_open_0500_PT,2025-03-30 05:00:00-07:00,2025-01-29 21:39:28+00:00,0.001
524145,102062916030133807330186342894442541205582789480933958339342744794892413850627,1,No,no,2025-03-30 12:00:00+00:00,2025_03_30_open_0500_PT,2025-03-30 05:00:00-07:00,2025-02-28 16:13:57+00:00,0.001
525437,10316592426452860464899722692398677096383513371344164830735417650138017205817,1,No,no,2025-03-30 12:00:00+00:00,2025_03_30_open_0500_PT,2025-03-30 05:00:00-07:00,2025-03-05 19:01:37+00:00,0.01
521103,103909253011351322759892776638669457027523901655815490042130382730360706229706,0,Yes,yes,2025-03-30 12:00:00+00:00,2025_03_30_open_0500_PT,2025-03-30 05:00:00-07:00,2025-03-30 11:45:33+00:00,0.15
516715,104795148936930645520469554178353538587130154145659561962269514319642274480768,1,No,no,2025-03-30 12:00:00+00:00,2025_03_30_open_0500_PT,2025-03-30 05:00:00-07:00,2025-03-27 22:05:46+00:00,0.9399999997314286
526814,105039045108735350701067761926660919174556796573940954887933194396971464305066,0,Yes,yes,2025-03-30 12:00:00+00:00,2025_03_30_open_0500_PT,2025-03-30 05:00:00-07:00,2025-03-25 19:12:44+00:00,0.999
524291,106785705064968660332067023300536266535388124753272914243541205698423062856246,0,Yes,yes,2025-03-30 12:00:00+00:00,2025_03_30_open_0500_PT,2025-03-30 05:00:00-07:00,2025-03-30 04:36:12+00:00,0.13999988239998118
524285,107643187201000404038693592426566378917534508353468263334674357442312114112510,1,No,no,2025-03-30 12:00:00+00:00,2025_03_30_open_0500_PT,2025-03-30 05:00:00-07:00,2025-03-30 10:38:27+00:00,0.659999963489356
525442,108057916747365167542504013787062021441684619476265070483570121865318046932052,0,Yes,yes,2025-03-30 12:00:00+00:00,2025_03_30_open_0500_PT,2025-03-30 05:00:00-07:00,2025-03-05 19:00:49+00:00,0.001
521603,108064859672314536571175804798614410280877635973727667622803804179444259690672,1,No,no,2025-03-30 12:00:00+00:00,2025_03_30_open_0500_PT,2025-03-30 05:00:00-07:00,2025-03-30 11:58:07+00:00,0.978
522894,108303820542127194670275571355095079674537367635794408292209711330192187534707,1,No,no,2025-03-30 12:00:00+00:00,2025_03_30_open_0500_PT,2025-03-30 05:00:00-07:00,2025-03-29 09:34:18+00:00,0.95
519736,108331518505056537403722461966654684743488871885239753047834907734450664515452,1,No,no,2025-03-30 12:00:00+00:00,2025_03_30_open_0500_PT,2025-03-30 05:00:00-07:00,2025-03-30 10:53:03+00:00,0.942349378042185
507311,109788973099970019996072517823266794542154906066004680247007602517078576240900,1,No,no,2025-03-30 12:00:00+00:00,2025_03_30_open_0500_PT,2025-03-30 05:00:00-07:00,2025-01-29 21:39:28+00:00,0.999
523420,110303218457795832861589414223072133732424840017074962598980991451216787898529,0,Yes,yes,2025-03-30 12:00:00+00:00,2025_03_30_open_0500_PT,2025-03-30 05:00:00-07:00,2025-03-30 11:21:05+00:00,0.32
523420,110513468504414111967623727967802735681305040958967125800368195228103949451183,1,No,no,2025-03-30 12:00:00+00:00,2025_03_30_open_0500_PT,2025-03-30 05:00:00-07:00,2025-03-30 11:21:05+00:00,0.68
523198,111048886296924495129741424280092672064807186679410610865674623733591163627018,1,No,no,2025-03-30 12:00:00+00:00,2025_03_30_open_0500_PT,2025-03-30 05:00:00-07:00,2025-03-27 19:33:52+00:00,0.94
522056,111817814065148789668110176254570458287510111700931938757952739120253070676417,1,No,no,2025-03-30 12:00:00+00:00,2025_03_30_open_0500_PT,2025-03-30 05:00:00-07:00,2025-03-30 11:57:17+00:00,0.5600000211460268
516315,112686805416681376426848642516954883318316273962669944235801308401883591913314,1,No,no,2025-03-30 12:00:00+00:00,2025_03_30_open_0500_PT,2025-03-30 05:00:00-07:00,2025-03-30 09:44:39+00:00,0.954
519844,115151921832306680160638545362939767099400757097903129602011054222202727203606,1,No,no,2025-03-30 12:00:00+00:00,2025_03_30_open_0500_PT,2025-03-30 05:00:00-07:00,2025-02-28 20:07:00+00:00,0.001
524143,1179039883486402183499490082435825463500517700553032674433043579228770785112,0,Yes,yes,2025-03-30 12:00:00+00:00,2025_03_30_open_0500_PT,2025-03-30 05:00:00-07:00,2025-03-30 04:47:32+00:00,0.13
525437,12198166341436727947405729209814148041740036263965322192437253954048906701116,0,Yes,yes,2025-03-30 12:00:00+00:00,2025_03_30_open_0500_PT,2025-03-30 05:00:00-07:00,2025-03-05 19:01:37+00:00,0.99
521100,14990029861718662869816237869973544862792282285138092644462921007650993247380,0,Yes,yes,2025-03-30 12:00:00+00:00,2025_03_30_open_0500_PT,2025-03-30 05:00:00-07:00,2025-03-12 20:16:21+00:00,0.999
516719,15974786252393396629980467963784550802583781222733347534844974829144359265969,0,Yes,yes,2025-03-30 12:00:00+00:00,2025_03_30_open_0500_PT,2025-03-30 05:00:00-07:00,2025-03-30 11:59:17+00:00,0.52
527081,17189149212865445714213344530377307644873493103595435170459256971807866915825,1,No,no,2025-03-30 12:00:00+00:00,2025_03_30_open_0500_PT,2025-03-30 05:00:00-07:00,2025-03-29 17:44:39+00:00,0.75
525442,17526688879266974475993857941710252477836369992267558391595367358065513215277,1,No,no,2025-03-30 12:00:00+00:00,2025_03_30_open_0500_PT,2025-03-30 05:00:00-07:00,2025-03-05 19:00:49+00:00,0.999
523198,17636133037698655711537839367918666335877935696344385855077943944327611242596,0,Yes,yes,2025-03-30 12:00:00+00:00,2025_03_30_open_0500_PT,2025-03-30 05:00:00-07:00,2025-03-29 23:03:12+00:00,0.06
518890,1820990530457734990844221236379424325571531338274179313320944848555296238885,0,Yes,yes,2025-03-30 12:00:00+00:00,2025_03_30_open_0500_PT,2025-03-30 05:00:00-07:00,2025-03-30 01:00:12+00:00,0.18340666666666666
521603,18833065283746804110550289341323864262410877417777323132151715138616977528841,0,Yes,yes,2025-03-30 12:00:00+00:00,2025_03_30_open_0500_PT,2025-03-30 05:00:00-07:00,2025-03-30 11:58:07+00:00,0.022
518890,19787433176606062103363478006507471735790167880416910771642279209812633663344,1,No,no,2025-03-30 12:00:00+00:00,2025_03_30_open_0500_PT,2025-03-30 05:00:00-07:00,2025-03-30 01:00:12+00:00,0.81
523343,22255463452594162709449800579658835371746668793825841462318307382376621533755,0,Yes,yes,2025-03-30 12:00:00+00:00,2025_03_30_open_0500_PT,2025-03-30 05:00:00-07:00,2025-03-30 10:41:41+00:00,0.5
527279,22752183918002848078277748029145662550669719932108767430775139318472934671798,1,No,no,2025-03-30 12:00:00+00:00,2025_03_30_open_0500_PT,2025-03-30 05:00:00-07:00,2025-03-12 20:16:11+00:00,0.002
524021,22814991468805556116471270417641782171550309851492637070422109257339804109572,1,No,no,2025-03-30 12:00:00+00:00,2025_03_30_open_0500_PT,2025-03-30 05:00:00-07:00,2025-03-30 03:11:26+00:00,0.660000170000085
524292,23363560824318474668781482335102625289561748638527872548758492627125630990827,0,Yes,yes,2025-03-30 12:00:00+00:00,2025_03_30_open_0500_PT,2025-03-30 05:00:00-07:00,2025-03-30 10:45:05+00:00,0.13
521026,23632768753333496327246137884794918423597173479688585307138116345069085580247,1,No,no,2025-03-30 12:00:00+00:00,2025_03_30_open_0500_PT,2025-03-30 05:00:00-07:00,2025-03-29 20:08:13+00:00,0.4
516189,25301545985889508293321782755434072371936771538975200674445139222395623272851,1,No,no,2025-03-30 12:00:00+00:00,2025_03_30_open_0500_PT,2025-03-30 05:00:00-07:00,2025-03-29 09:00:45+00:00,0.9709999108621725
516143,25742247876332768458781360292043764039507900813404980298479194684402595556451,0,Yes,yes,2025-03-30 12:00:00+00:00,2025_03_30_open_0500_PT,2025-03-30 05:00:00-07:00,2025-03-30 11:37:53+00:00,0.08
516190,27706044619360761256387697290478189707563660684659877077148428665563431908215,1,No,no,2025-03-30 12:00:00+00:00,2025_03_30_open_0500_PT,2025-03-30 05:00:00-07:00,2025-03-30 10:32:43+00:00,0.036
525231,27854589915558666949911110700107109304807510472832754346848714713106576041207,0,Yes,yes,2025-03-30 12:00:00+00:00,2025_03_30_open_0500_PT,2025-03-30 05:00:00-07:00,2025-03-29 17:02:47+00:00,0.1
521025,28414938735362964078307100001374150957816395319940009652318455849499629150252,1,No,no,2025-03-30 12:00:00+00:00,2025_03_30_open_0500_PT,2025-03-30 05:00:00-07:00,2025-03-30 08:30:37+00:00,0.77
525232,31566724138998405553508313449766802786847999037726188458982786371622924711878,1,No,no,2025-03-30 12:00:00+00:00,2025_03_30_open_0500_PT,2025-03-30 05:00:00-07:00,2025-03-30 05:36:37+00:00,0.7300000194400006
524143,32156304147657186738936334568719617978558036247795210919856751006394161293073,1,No,no,2025-03-30 12:00:00+00:00,2025_03_30_open_0500_PT,2025-03-30 05:00:00-07:00,2025-03-30 09:44:17+00:00,0.8599993857137495
526861,32921044856076201189154703786849418887213408387521621721061527935861828024828,0,Yes,yes,2025-03-30 12:00:00+00:00,2025_03_30_open_0500_PT,2025-03-30 05:00:00-07:00,2025-03-30 10:55:35+00:00,0.52
527278,33787629600621860180939604657495798919073059313987957113657471584613393310606,1,No,no,2025-03-30 12:00:00+00:00,2025_03_30_open_0500_PT,2025-03-30 05:00:00-07:00,2025-03-14 17:08:09+00:00,0.001
521499,37809713000353368658683984822433912106052732096671571646866650191133502648634,1,No,no,2025-03-30 12:00:00+00:00,2025_03_30_open_0500_PT,2025-03-30 05:00:00-07:00,2025-03-12 20:16:29+00:00,0.001
519628,37946704943888888914227612417452623974614267503719043957094985529354395995926,1,No,no,2025-03-30 12:00:00+00:00,2025_03_30_open_0500_PT,2025-03-30 05:00:00-07:00,2025-03-30 11:43:57+00:00,0.72
517693,38028235049989289118991891250017423701902844342596888644757673357241176888913,1,No,no,2025-03-30 12:00:00+00:00,2025_03_30_open_0500_PT,2025-03-30 05:00:00-07:00,2025-03-30 05:02:46+00:00,0.92
522057,39073221701552764059446410725782004011128353041681427534414147663135223634260,1,No,no,2025-03-30 12:00:00+00:00,2025_03_30_open_0500_PT,2025-03-30 05:00:00-07:00,2025-03-30 01:10:32+00:00,0.8099999988796674
519628,39327269875426915204597944387916069897800289788920336317845465327697809453999,0,Yes,yes,2025-03-30 12:00:00+00:00,2025_03_30_open_0500_PT,2025-03-30 05:00:00-07:00,2025-03-30 10:32:01+00:00,0.2799999731199972
527279,40001158490980829331315202760805197309678407198352511114569399283632572307422,0,Yes,yes,2025-03-30 12:00:00+00:00,2025_03_30_open_0500_PT,2025-03-30 05:00:00-07:00,2025-03-12 20:19:55+00:00,0.998
521103,40643730425995007653653846322257326466291751148478865541862332040512398068473,1,No,no,2025-03-30 12:00:00+00:00,2025_03_30_open_0500_PT,2025-03-30 05:00:00-07:00,2025-03-30 11:45:33+00:00,0.85
519844,40914113765279699847589045742755525912767460490196542143342551731171071232917,0,Yes,yes,2025-03-30 12:00:00+00:00,2025_03_30_open_0500_PT,2025-03-30 05:00:00-07:00,2025-02-28 20:07:00+00:00,0.999
516719,42351579455604873042957090441032286075880144797259231030267680078160718556927,1,No,no,2025-03-30 12:00:00+00:00,2025_03_30_open_0500_PT,2025-03-30 05:00:00-07:00,2025-03-30 10:39:33+00:00,0.48
523413,4274339277583331170231436480507835882687434608350779078862983050349942696879,1,No,no,2025-03-30 12:00:00+00:00,2025_03_30_open_0500_PT,2025-03-30 05:00:00-07:00,2025-03-30 07:42:59+00:00,0.86
521100,42807705713627033072721560874549512720856774493986139163714965545915531235572,1,No,no,2025-03-30 12:00:00+00:00,2025_03_30_open_0500_PT,2025-03-30 05:00:00-07:00,2025-03-12 20:16:21+00:00,0.001
524147,43469326409739858395690572881501444443817974097672167644298447954120789600137,0,Yes,yes,2025-03-30 12:00:00+00:00,2025_03_30_open_0500_PT,2025-03-30 05:00:00-07:00,2025-02-28 06:17:16+00:00,0.9988821436653187
518889,44380686214454472779171256638293817778327849773706779670665516622038269778385,1,No,no,2025-03-30 12:00:00+00:00,2025_03_30_open_0500_PT,2025-03-30 05:00:00-07:00,2025-03-29 15:03:22+00:00,0.7
517073,46900460840406661483474634104595482418501684854096906918305683910102403871123,0,Yes,yes,2025-03-30 12:00:00+00:00,2025_03_30_open_0500_PT,2025-03-30 05:00:00-07:00,2025-03-28 08:31:14+00:00,0.22
523413,46975241878566226675389813084558441099978633579735672808077735156890286559886,0,Yes,yes,2025-03-30 12:00:00+00:00,2025_03_30_open_0500_PT,2025-03-30 05:00:00-07:00,2025-03-30 07:42:59+00:00,0.1300348382509776
521499,47692708638309429756044208432818720002044706296619873136468383174493259480485,0,Yes,yes,2025-03-30 12:00:00+00:00,2025_03_30_open_0500_PT,2025-03-30 05:00:00-07:00,2025-03-12 20:16:29+00:00,0.999
522057,48477409091695386761559202853239391470463303066983260592312960625658563043275,0,Yes,yes,2025-03-30 12:00:00+00:00,2025_03_30_open_0500_PT,2025-03-30 05:00:00-07:00,2025-03-30 01:10:32+00:00,0.19000000112033258
521026,49473000926194462184545427213242554383104595845909786504578023251386790224858,0,Yes,yes,2025-03-30 12:00:00+00:00,2025_03_30_open_0500_PT,2025-03-30 05:00:00-07:00,2025-03-29 20:08:13+00:00,0.6
507984,50284187941943469569202009194355917949339120733469101749033950310686959468007,0,Yes,yes,2025-03-30 12:00:00+00:00,2025_03_30_open_0500_PT,2025-03-30 05:00:00-07:00,2024-12-12 21:27:58+00:00,0.002
521025,50391907985844971368730434370554275352555306650304559981296724287110163889372,0,Yes,yes,2025-03-30 12:00:00+00:00,2025_03_30_open_0500_PT,2025-03-30 05:00:00-07:00,2025-03-30 00:20:23+00:00,0.22
527032,52520991936301939851844268554264807330714499642654844594240746592838266792432,1,No,no,2025-03-30 12:00:00+00:00,2025_03_30_open_0500_PT,2025-03-30 05:00:00-07:00,2025-03-11 19:15:04+00:00,0.999
524348,52960782840877996381169383667062216635147767148703288363719115614339176853095,0,Yes,yes,2025-03-30 12:00:00+00:00,2025_03_30_open_0500_PT,2025-03-30 05:00:00-07:00,2025-02-25 19:54:41+00:00,0.001
522878,5442743401928862894180841736263512191564084389996775978514134400673743050598,0,Putin,putin,2025-03-30 12:00:00+00:00,2025_03_30_open_0500_PT,2025-03-30 05:00:00-07:00,2025-02-28 20:00:10+00:00,0.001
522878,55264189025055373090161890959631464405045385380191735792739072809428026021736,1,Zelenskyy,zelenskyy,2025-03-30 12:00:00+00:00,2025_03_30_open_0500_PT,2025-03-30 05:00:00-07:00,2025-02-28 20:00:10+00:00,0.999
523197,55509409310784585364116971076570089959207228118269642206238982520364239944605,1,No,no,2025-03-30 12:00:00+00:00,2025_03_30_open_0500_PT,2025-03-30 05:00:00-07:00,2025-03-30 07:24:13+00:00,0.984
516187,56333219586489855674685549932194420713208928308331628771337419037140355178076,0,Yes,yes,2025-03-30 12:00:00+00:00,2025_03_30_open_0500_PT,2025-03-30 05:00:00-07:00,2025-03-27 15:25:04+00:00,0.05
523343,57160884655103428512814247631012981773015723019889832549493437551469480061242,1,No,no,2025-03-30 12:00:00+00:00,2025_03_30_open_0500_PT,2025-03-30 05:00:00-07:00,2025-03-30 10:41:41+00:00,0.5
516715,5802460671946751538636185453975614627729230853286731735057811449821051691611,0,Yes,yes,2025-03-30 12:00:00+00:00,2025_03_30_open_0500_PT,2025-03-30 05:00:00-07:00,2025-03-27 22:05:46+00:00,0.060000000268571434
522895,62643694748826312587911382162440534823433709821141516597510649054633548502810,0,Yes,yes,2025-03-30 12:00:00+00:00,2025_03_30_open_0500_PT,2025-03-30 05:00:00-07:00,2025-03-29 11:57:02+00:00,0.3136885782750736
519736,63894828884807366836211275957245556698359823645556214866812004935138375830618,0,Yes,yes,2025-03-30 12:00:00+00:00,2025_03_30_open_0500_PT,2025-03-30 05:00:00-07:00,2025-03-30 08:13:59+00:00,0.044
524147,6436214359665115810717148929293436681245885613476937891713590935932389735242,1,No,no,2025-03-30 12:00:00+00:00,2025_03_30_open_0500_PT,2025-03-30 05:00:00-07:00,2025-02-28 06:17:16+00:00,0.001
525157,64545313588399663482682286511585103428301403511234717343459455007091083337075,1,No,no,2025-03-30 12:00:00+00:00,2025_03_30_open_0500_PT,2025-03-30 05:00:00-07:00,2025-03-29 14:01:38+00:00,0.79
524291,6456202668171707900880212750943570928813250356351945554332572852984770395210,1,No,no,2025-03-30 12:00:00+00:00,2025_03_30_open_0500_PT,2025-03-30 05:00:00-07:00,2025-03-30 04:36:12+00:00,0.8600001176000188
526861,65449845407755668776897976670879705991692250175624922195548093200952844680115,1,No,no,2025-03-30 12:00:00+00:00,2025_03_30_open_0500_PT,2025-03-30 05:00:00-07:00,2025-03-30 10:55:37+00:00,0.43
524285,65482627758879803524003778479202246178420046841505286705606240559010331503838,0,Yes,yes,2025-03-30 12:00:00+00:00,2025_03_30_open_0500_PT,2025-03-30 05:00:00-07:00,2025-03-30 10:38:27+00:00,0.34000003651064403
526814,65961864506371256053813328069691531595710124813443748296296270747497043580971,1,No,no,2025-03-30 12:00:00+00:00,2025_03_30_open_0500_PT,2025-03-30 05:00:00-07:00,2025-03-25 19:12:44+00:00,0.001
522895,66339636783489562244427406324835042611372608866942882907689045655663784195972,1,No,no,2025-03-30 12:00:00+00:00,2025_03_30_open_0500_PT,2025-03-30 05:00:00-07:00,2025-03-30 09:14:01+00:00,0.71
524145,66356062315875533075062405949409720397580573066885585702377343083606583765118,0,Yes,yes,2025-03-30 12:00:00+00:00,2025_03_30_open_0500_PT,2025-03-30 05:00:00-07:00,2025-02-28 18:42:39+00:00,0.999
524310,6800060988333615171942817578522303119129729510028069894794248047438283072436,1,No,no,2025-03-30 12:00:00+00:00,2025_03_30_open_0500_PT,2025-03-30 05:00:00-07:00,2025-03-25 02:14:26+00:00,0.001
507984,68914504833157616843053838732988841773228477730246651549660144444755511574372,1,No,no,2025-03-30 12:00:00+00:00,2025_03_30_open_0500_PT,2025-03-30 05:00:00-07:00,2024-12-12 21:27:58+00:00,0.998
517693,69226537548379102137110260910766942274764101034650179979960227372969528243604,0,Yes,yes,2025-03-30 12:00:00+00:00,2025_03_30_open_0500_PT,2025-03-30 05:00:00-07:00,2025-03-30 05:02:46+00:00,0.08
521041,70920939650366426146836696994150938025168677239124917474200404356093431153260,1,No,no,2025-03-30 12:00:00+00:00,2025_03_30_open_0500_PT,2025-03-30 05:00:00-07:00,2025-03-30 02:41:28+00:00,0.95
516189,71685983838843709915160975671540060908877886707703474939962098991499689519711,0,Yes,yes,2025-03-30 12:00:00+00:00,2025_03_30_open_0500_PT,2025-03-30 05:00:00-07:00,2025-03-27 12:19:37+00:00,0.033
525232,73663957466489274595176785305097386128325404078001917490010407904837134882577,0,Yes,yes,2025-03-30 12:00:00+00:00,2025_03_30_open_0500_PT,2025-03-30 05:00:00-07:00,2025-03-30 05:36:37+00:00,0.26999998055999946
524348,73984012795437798473481687953253285098754321969692105101879063972760068638228,1,No,no,2025-03-30 12:00:00+00:00,2025_03_30_open_0500_PT,2025-03-30 05:00:00-07:00,2025-02-25 19:54:41+00:00,0.999
525157,74129046843921940913413587682588886122583847748489066762857187137233978267670,0,Yes,yes,2025-03-30 12:00:00+00:00,2025_03_30_open_0500_PT,2025-03-30 05:00:00-07:00,2025-03-29 12:29:33+00:00,0.21
519048,74534059827731044353009484655251717921023956616694121520435859117169009979824,0,Yes,yes,2025-03-30 12:00:00+00:00,2025_03_30_open_0500_PT,2025-03-30 05:00:00-07:00,2025-03-30 04:00:08+00:00,0.1
524477,75533964938719028696952998369094361524498526879485856631877081096914627658644,1,No,no,2025-03-30 12:00:00+00:00,2025_03_30_open_0500_PT,2025-03-30 05:00:00-07:00,2025-03-28 09:57:44+00:00,0.971
518889,76417393963448037479806799796874747547221511591996743269503725518742470496274,0,Yes,yes,2025-03-30 12:00:00+00:00,2025_03_30_open_0500_PT,2025-03-30 05:00:00-07:00,2025-03-29 15:03:22+00:00,0.3
523197,76517872896411850784270344965682992803318434169987777444136970978963357739156,0,Yes,yes,2025-03-30 12:00:00+00:00,2025_03_30_open_0500_PT,2025-03-30 05:00:00-07:00,2025-03-30 07:24:13+00:00,0.016
519048,76643504232063200802060773779828726415087044269171506931668031354693251545396,1,No,no,2025-03-30 12:00:00+00:00,2025_03_30_open_0500_PT,2025-03-30 05:00:00-07:00,2025-03-30 11:11:17+00:00,0.9
527278,76683579252562835143863542840343898007243510337054657506558517873008498105093,0,Yes,yes,2025-03-30 12:00:00+00:00,2025_03_30_open_0500_PT,2025-03-30 05:00:00-07:00,2025-03-14 17:08:09+00:00,0.999
516187,76896069667756716472035601301016783496873889454464161011234150458037478069918,1,No,no,2025-03-30 12:00:00+00:00,2025_03_30_open_0500_PT,2025-03-30 05:00:00-07:00,2025-03-27 15:25:04+00:00,0.95
517073,78869803177078589287716771530665317651497156168734051494454473188006845916520,1,No,no,2025-03-30 12:00:00+00:00,2025_03_30_open_0500_PT,2025-03-30 05:00:00-07:00,2025-03-27 23:13:56+00:00,0.78
522894,81020312652589627285197771109762839746287006928172707150877539028691834065212,0,Yes,yes,2025-03-30 12:00:00+00:00,2025_03_30_open_0500_PT,2025-03-30 05:00:00-07:00,2025-03-29 09:34:18+00:00,0.05
524310,82246973513888061559569421022652964687465272762066736721360354291228748283806,0,Yes,yes,2025-03-30 12:00:00+00:00,2025_03_30_open_0500_PT,2025-03-30 05:00:00-07:00,2025-03-25 02:14:26+00:00,0.999
516190,83080252071092689902932666850490074811760131055025811650818073654402601835484,0,Yes,yes,2025-03-30 12:00:00+00:00,2025_03_30_open_0500_PT,2025-03-30 05:00:00-07:00,2025-03-30 10:32:43+00:00,0.964
521041,83524440200143860657028178945801858366378129256359488825050609853223919531809,0,Yes,yes,2025-03-30 12:00:00+00:00,2025_03_30_open_0500_PT,2025-03-30 05:00:00-07:00,2025-03-30 02:41:28+00:00,0.05
524477,83547673164506671794819260938344653989875088069034224812175182562166039721574,0,Yes,yes,2025-03-30 12:00:00+00:00,2025_03_30_open_0500_PT,2025-03-30 05:00:00-07:00,2025-03-28 09:57:44+00:00,0.029
525231,83742739530586820493605246339344277590673217105618245459443915506041800643469,1,No,no,2025-03-30 12:00:00+00:00,2025_03_30_open_0500_PT,2025-03-30 05:00:00-07:00,2025-03-29 17:02:47+00:00,0.9
510319,84888738552927367074645370589243532246434846262240067551074642775011167355434,0,Yes,yes,2025-03-30 12:00:00+00:00,2025_03_30_open_0500_PT,2025-03-30 05:00:00-07:00,2025-03-30 11:59:35+00:00,0.060000003760011265
527081,85329416514471004297478005149625146014624743562622421967455557722819447174298,0,Yes,yes,2025-03-30 12:00:00+00:00,2025_03_30_open_0500_PT,2025-03-30 05:00:00-07:00,2025-03-29 17:44:39+00:00,0.25
526229,86304131703011980721755979925817881408007934797292837200662297834354514178950,1,No,no,2025-03-30 12:00:00+00:00,2025_03_30_open_0500_PT,2025-03-30 05:00:00-07:00,2025-03-30 10:50:25+00:00,0.979
510319,86857783363775257860227917708309268561005168570896999677788731255030014967896,1,No,no,2025-03-30 12:00:00+00:00,2025_03_30_open_0500_PT,2025-03-30 05:00:00-07:00,2025-03-30 11:59:35+00:00,0.9399999962399888
526229,88551081062941956754624270296481102277138087249231124901142839087117648363109,0,Yes,yes,2025-03-30 12:00:00+00:00,2025_03_30_open_0500_PT,2025-03-30 05:00:00-07:00,2025-03-30 10:50:25+00:00,0.021
524292,9014695769446700891659134648259488341557414914618690658701879241952037527074,1,No,no,2025-03-30 12:00:00+00:00,2025_03_30_open_0500_PT,2025-03-30 05:00:00-07:00,2025-03-30 10:45:05+00:00,0.8792735129921917
527032,90544185197348445762400462367487730947998989538649021442756705113012034127717,0,Yes,yes,2025-03-30 12:00:00+00:00,2025_03_30_open_0500_PT,2025-03-30 05:00:00-07:00,2025-03-11 17:55:03+00:00,0.01
516315,9252583647094848244431316973245869222379640287360099162283052699401101960353,0,Yes,yes,2025-03-30 12:00:00+00:00,2025_03_30_open_0500_PT,2025-03-30 05:00:00-07:00,2025-03-30 09:44:39+00:00,0.046
516143,95786924372760057572092804419385993470890190892343223404877167501659835222533,1,No,no,2025-03-30 12:00:00+00:00,2025_03_30_open_0500_PT,2025-03-30 05:00:00-07:00,2025-03-30 11:37:53+00:00,0.92
522056,96601928894191559916157952751631886797424000157973909225754084049773554405468,0,Yes,yes,2025-03-30 12:00:00+00:00,2025_03_30_open_0500_PT,2025-03-30 05:00:00-07:00,2025-03-30 11:57:17+00:00,0.4399999788539732
527005,96618036676034164847772351078297997221316377064022855127438030193903015078566,1,No,no,2025-03-30 12:00:00+00:00,2025_03_30_open_0500_PT,2025-03-30 05:00:00-07:00,2025-03-30 04:44:10+00:00,0.8299999990972908
524021,97262919156133260921887403057581420516585464065308475066791456615017669503669,0,Yes,yes,2025-03-30 12:00:00+00:00,2025_03_30_open_0500_PT,2025-03-30 05:00:00-07:00,2025-03-30 03:11:26+00:00,0.339999829999915
527005,100121345789532362055123879793212027312379236056429540221720415709850532973373,0,Yes,yes,2025-03-31 00:00:00+00:00,2025_03_30_close_1700_PT,2025-03-30 17:00:00-07:00,2025-03-30 04:44:10+00:00,0.17000000090270914
507311,102006319303460238827563664446951754516041393632850360444322469125777577388771,0,Yes,yes,2025-03-31 00:00:00+00:00,2025_03_30_close_1700_PT,2025-03-30 17:00:00-07:00,2025-01-29 21:39:28+00:00,0.001
524145,102062916030133807330186342894442541205582789480933958339342744794892413850627,1,No,no,2025-03-31 00:00:00+00:00,2025_03_30_close_1700_PT,2025-03-30 17:00:00-07:00,2025-02-28 16:13:57+00:00,0.001
525437,10316592426452860464899722692398677096383513371344164830735417650138017205817,1,No,no,2025-03-31 00:00:00+00:00,2025_03_30_close_1700_PT,2025-03-30 17:00:00-07:00,2025-03-05 19:01:37+00:00,0.01
521103,103909253011351322759892776638669457027523901655815490042130382730360706229706,0,Yes,yes,2025-03-31 00:00:00+00:00,2025_03_30_close_1700_PT,2025-03-30 17:00:00-07:00,2025-03-30 15:53:29+00:00,0.16
516715,104795148936930645520469554178353538587130154145659561962269514319642274480768,1,No,no,2025-03-31 00:00:00+00:00,2025_03_30_close_1700_PT,2025-03-30 17:00:00-07:00,2025-03-30 16:45:57+00:00,0.93
526814,105039045108735350701067761926660919174556796573940954887933194396971464305066,0,Yes,yes,2025-03-31 00:00:00+00:00,2025_03_30_close_1700_PT,2025-03-30 17:00:00-07:00,2025-03-25 19:12:44+00:00,0.999
524291,106785705064968660332067023300536266535388124753272914243541205698423062856246,0,Yes,yes,2025-03-31 00:00:00+00:00,2025_03_30_close_1700_PT,2025-03-30 17:00:00-07:00,2025-03-30 19:21:36+00:00,0.13999998273333258
524285,107643187201000404038693592426566378917534508353468263334674357442312114112510,1,No,no,2025-03-31 00:00:00+00:00,2025_03_30_close_1700_PT,2025-03-30 17:00:00-07:00,2025-03-30 21:10:16+00:00,0.66
525442,108057916747365167542504013787062021441684619476265070483570121865318046932052,0,Yes,yes,2025-03-31 00:00:00+00:00,2025_03_30_close_1700_PT,2025-03-30 17:00:00-07:00,2025-03-05 19:00:49+00:00,0.001
521603,108064859672314536571175804798614410280877635973727667622803804179444259690672,1,No,no,2025-03-31 00:00:00+00:00,2025_03_30_close_1700_PT,2025-03-30 17:00:00-07:00,2025-03-30 20:44:30+00:00,0.979
522894,108303820542127194670275571355095079674537367635794408292209711330192187534707,1,No,no,2025-03-31 00:00:00+00:00,2025_03_30_close_1700_PT,2025-03-30 17:00:00-07:00,2025-03-30 18:02:21+00:00,0.95
519736,108331518505056537403722461966654684743488871885239753047834907734450664515452,1,No,no,2025-03-31 00:00:00+00:00,2025_03_30_close_1700_PT,2025-03-30 17:00:00-07:00,2025-03-30 22:53:55+00:00,0.946719690455718
507311,109788973099970019996072517823266794542154906066004680247007602517078576240900,1,No,no,2025-03-31 00:00:00+00:00,2025_03_30_close_1700_PT,2025-03-30 17:00:00-07:00,2025-01-29 21:39:28+00:00,0.999
523420,110303218457795832861589414223072133732424840017074962598980991451216787898529,0,Yes,yes,2025-03-31 00:00:00+00:00,2025_03_30_close_1700_PT,2025-03-30 17:00:00-07:00,2025-03-30 23:55:26+00:00,0.36999997705999915
523420,110513468504414111967623727967802735681305040958967125800368195228103949451183,1,No,no,2025-03-31 00:00:00+00:00,2025_03_30_close_1700_PT,2025-03-30 17:00:00-07:00,2025-03-30 23:54:14+00:00,0.64
523198,111048886296924495129741424280092672064807186679410610865674623733591163627018,1,No,no,2025-03-31 00:00:00+00:00,2025_03_30_close_1700_PT,2025-03-30 17:00:00-07:00,2025-03-27 19:33:52+00:00,0.94
522056,111817814065148789668110176254570458287510111700931938757952739120253070676417,1,No,no,2025-03-31 00:00:00+00:00,2025_03_30_close_1700_PT,2025-03-30 17:00:00-07:00,2025-03-30 21:03:00+00:00,0.5799999797781275
516315,112686805416681376426848642516954883318316273962669944235801308401883591913314,1,No,no,2025-03-31 00:00:00+00:00,2025_03_30_close_1700_PT,2025-03-30 17:00:00-07:00,2025-03-30 15:13:36+00:00,0.954
519844,115151921832306680160638545362939767099400757097903129602011054222202727203606,1,No,no,2025-03-31 00:00:00+00:00,2025_03_30_close_1700_PT,2025-03-30 17:00:00-07:00,2025-02-28 20:07:00+00:00,0.001
524143,1179039883486402183499490082435825463500517700553032674433043579228770785112,0,Yes,yes,2025-03-31 00:00:00+00:00,2025_03_30_close_1700_PT,2025-03-30 17:00:00-07:00,2025-03-30 17:30:59+00:00,0.14
525437,12198166341436727947405729209814148041740036263965322192437253954048906701116,0,Yes,yes,2025-03-31 00:00:00+00:00,2025_03_30_close_1700_PT,2025-03-30 17:00:00-07:00,2025-03-05 19:01:37+00:00,0.99
521100,14990029861718662869816237869973544862792282285138092644462921007650993247380,0,Yes,yes,2025-03-31 00:00:00+00:00,2025_03_30_close_1700_PT,2025-03-30 17:00:00-07:00,2025-03-12 20:16:21+00:00,0.999
516719,15974786252393396629980467963784550802583781222733347534844974829144359265969,0,Yes,yes,2025-03-31 00:00:00+00:00,2025_03_30_close_1700_PT,2025-03-30 17:00:00-07:00,2025-03-30 23:35:55+00:00,0.53
527081,17189149212865445714213344530377307644873493103595435170459256971807866915825,1,No,no,2025-03-31 00:00:00+00:00,2025_03_30_close_1700_PT,2025-03-30 17:00:00-07:00,2025-03-30 23:12:37+00:00,0.77
525442,17526688879266974475993857941710252477836369992267558391595367358065513215277,1,No,no,2025-03-31 00:00:00+00:00,2025_03_30_close_1700_PT,2025-03-30 17:00:00-07:00,2025-03-05 19:00:49+00:00,0.999
523198,17636133037698655711537839367918666335877935696344385855077943944327611242596,0,Yes,yes,2025-03-31 00:00:00+00:00,2025_03_30_close_1700_PT,2025-03-30 17:00:00-07:00,2025-03-29 23:03:12+00:00,0.06
518890,1820990530457734990844221236379424325571531338274179313320944848555296238885,0,Yes,yes,2025-03-31 00:00:00+00:00,2025_03_30_close_1700_PT,2025-03-30 17:00:00-07:00,2025-03-30 01:00:12+00:00,0.18340666666666666
521603,18833065283746804110550289341323864262410877417777323132151715138616977528841,0,Yes,yes,2025-03-31 00:00:00+00:00,2025_03_30_close_1700_PT,2025-03-30 17:00:00-07:00,2025-03-30 21:21:19+00:00,0.02399997695999908
518890,19787433176606062103363478006507471735790167880416910771642279209812633663344,1,No,no,2025-03-31 00:00:00+00:00,2025_03_30_close_1700_PT,2025-03-30 17:00:00-07:00,2025-03-30 01:00:12+00:00,0.81
523343,22255463452594162709449800579658835371746668793825841462318307382376621533755,0,Yes,yes,2025-03-31 00:00:00+00:00,2025_03_30_close_1700_PT,2025-03-30 17:00:00-07:00,2025-03-30 20:41:54+00:00,0.55
527279,22752183918002848078277748029145662550669719932108767430775139318472934671798,1,No,no,2025-03-31 00:00:00+00:00,2025_03_30_close_1700_PT,2025-03-30 17:00:00-07:00,2025-03-12 20:16:11+00:00,0.002
524021,22814991468805556116471270417641782171550309851492637070422109257339804109572,1,No,no,2025-03-31 00:00:00+00:00,2025_03_30_close_1700_PT,2025-03-30 17:00:00-07:00,2025-03-30 13:10:57+00:00,0.67
524292,23363560824318474668781482335102625289561748638527872548758492627125630990827,0,Yes,yes,2025-03-31 00:00:00+00:00,2025_03_30_close_1700_PT,2025-03-30 17:00:00-07:00,2025-03-30 10:45:05+00:00,0.13
521026,23632768753333496327246137884794918423597173479688585307138116345069085580247,1,No,no,2025-03-31 00:00:00+00:00,2025_03_30_close_1700_PT,2025-03-30 17:00:00-07:00,2025-03-30 14:55:18+00:00,0.4
516189,25301545985889508293321782755434072371936771538975200674445139222395623272851,1,No,no,2025-03-31 00:00:00+00:00,2025_03_30_close_1700_PT,2025-03-30 17:00:00-07:00,2025-03-30 16:38:33+00:00,0.968
516143,25742247876332768458781360292043764039507900813404980298479194684402595556451,0,Yes,yes,2025-03-31 00:00:00+00:00,2025_03_30_close_1700_PT,2025-03-30 17:00:00-07:00,2025-03-30 20:58:34+00:00,0.08
516190,27706044619360761256387697290478189707563660684659877077148428665563431908215,1,No,no,2025-03-31 00:00:00+00:00,2025_03_30_close_1700_PT,2025-03-30 17:00:00-07:00,2025-03-30 19:51:08+00:00,0.03300000183608757
525231,27854589915558666949911110700107109304807510472832754346848714713106576041207,0,Yes,yes,2025-03-31 00:00:00+00:00,2025_03_30_close_1700_PT,2025-03-30 17:00:00-07:00,2025-03-29 17:02:47+00:00,0.1
521025,28414938735362964078307100001374150957816395319940009652318455849499629150252,1,No,no,2025-03-31 00:00:00+00:00,2025_03_30_close_1700_PT,2025-03-30 17:00:00-07:00,2025-03-30 18:01:07+00:00,0.7799999943839998
525232,31566724138998405553508313449766802786847999037726188458982786371622924711878,1,No,no,2025-03-31 00:00:00+00:00,2025_03_30_close_1700_PT,2025-03-30 17:00:00-07:00,2025-03-30 22:55:51+00:00,0.75
524143,32156304147657186738936334568719617978558036247795210919856751006394161293073,1,No,no,2025-03-31 00:00:00+00:00,2025_03_30_close_1700_PT,2025-03-30 17:00:00-07:00,2025-03-30 17:30:59+00:00,0.86
526861,32921044856076201189154703786849418887213408387521621721061527935861828024828,0,Yes,yes,2025-03-31 00:00:00+00:00,2025_03_30_close_1700_PT,2025-03-30 17:00:00-07:00,2025-03-30 23:47:16+00:00,0.5605855250840134
527278,33787629600621860180939604657495798919073059313987957113657471584613393310606,1,No,no,2025-03-31 00:00:00+00:00,2025_03_30_close_1700_PT,2025-03-30 17:00:00-07:00,2025-03-14 17:08:09+00:00,0.001
521499,37809713000353368658683984822433912106052732096671571646866650191133502648634,1,No,no,2025-03-31 00:00:00+00:00,2025_03_30_close_1700_PT,2025-03-30 17:00:00-07:00,2025-03-12 20:16:29+00:00,0.001
519628,37946704943888888914227612417452623974614267503719043957094985529354395995926,1,No,no,2025-03-31 00:00:00+00:00,2025_03_30_close_1700_PT,2025-03-30 17:00:00-07:00,2025-03-30 23:57:22+00:00,0.69
517693,38028235049989289118991891250017423701902844342596888644757673357241176888913,1,No,no,2025-03-31 00:00:00+00:00,2025_03_30_close_1700_PT,2025-03-30 17:00:00-07:00,2025-03-30 16:38:33+00:00,0.92
522057,39073221701552764059446410725782004011128353041681427534414147663135223634260,1,No,no,2025-03-31 00:00:00+00:00,2025_03_30_close_1700_PT,2025-03-30 17:00:00-07:00,2025-03-30 18:44:25+00:00,0.8
519628,39327269875426915204597944387916069897800289788920336317845465327697809453999,0,Yes,yes,2025-03-31 00:00:00+00:00,2025_03_30_close_1700_PT,2025-03-30 17:00:00-07:00,2025-03-30 23:57:22+00:00,0.31
527279,40001158490980829331315202760805197309678407198352511114569399283632572307422,0,Yes,yes,2025-03-31 00:00:00+00:00,2025_03_30_close_1700_PT,2025-03-30 17:00:00-07:00,2025-03-12 20:19:55+00:00,0.998
521103,40643730425995007653653846322257326466291751148478865541862332040512398068473,1,No,no,2025-03-31 00:00:00+00:00,2025_03_30_close_1700_PT,2025-03-30 17:00:00-07:00,2025-03-30 18:18:45+00:00,0.84
519844,40914113765279699847589045742755525912767460490196542143342551731171071232917,0,Yes,yes,2025-03-31 00:00:00+00:00,2025_03_30_close_1700_PT,2025-03-30 17:00:00-07:00,2025-02-28 20:07:00+00:00,0.999
516719,42351579455604873042957090441032286075880144797259231030267680078160718556927,1,No,no,2025-03-31 00:00:00+00:00,2025_03_30_close_1700_PT,2025-03-30 17:00:00-07:00,2025-03-30 22:55:35+00:00,0.469999964703546
523413,4274339277583331170231436480507835882687434608350779078862983050349942696879,1,No,no,2025-03-31 00:00:00+00:00,2025_03_30_close_1700_PT,2025-03-30 17:00:00-07:00,2025-03-30 07:42:59+00:00,0.86
521100,42807705713627033072721560874549512720856774493986139163714965545915531235572,1,No,no,2025-03-31 00:00:00+00:00,2025_03_30_close_1700_PT,2025-03-30 17:00:00-07:00,2025-03-12 20:16:21+00:00,0.001
524147,43469326409739858395690572881501444443817974097672167644298447954120789600137,0,Yes,yes,2025-03-31 00:00:00+00:00,2025_03_30_close_1700_PT,2025-03-30 17:00:00-07:00,2025-02-28 06:17:16+00:00,0.9988821436653187
518889,44380686214454472779171256638293817778327849773706779670665516622038269778385,1,No,no,2025-03-31 00:00:00+00:00,2025_03_30_close_1700_PT,2025-03-30 17:00:00-07:00,2025-03-30 18:37:41+00:00,0.7164193360153687
517073,46900460840406661483474634104595482418501684854096906918305683910102403871123,0,Yes,yes,2025-03-31 00:00:00+00:00,2025_03_30_close_1700_PT,2025-03-30 17:00:00-07:00,2025-03-28 08:31:14+00:00,0.22
523413,46975241878566226675389813084558441099978633579735672808077735156890286559886,0,Yes,yes,2025-03-31 00:00:00+00:00,2025_03_30_close_1700_PT,2025-03-30 17:00:00-07:00,2025-03-30 07:42:59+00:00,0.1300348382509776
521499,47692708638309429756044208432818720002044706296619873136468383174493259480485,0,Yes,yes,2025-03-31 00:00:00+00:00,2025_03_30_close_1700_PT,2025-03-30 17:00:00-07:00,2025-03-12 20:16:29+00:00,0.999
522057,48477409091695386761559202853239391470463303066983260592312960625658563043275,0,Yes,yes,2025-03-31 00:00:00+00:00,2025_03_30_close_1700_PT,2025-03-30 17:00:00-07:00,2025-03-30 18:44:25+00:00,0.2
521026,49473000926194462184545427213242554383104595845909786504578023251386790224858,0,Yes,yes,2025-03-31 00:00:00+00:00,2025_03_30_close_1700_PT,2025-03-30 17:00:00-07:00,2025-03-30 14:55:18+00:00,0.6
507984,50284187941943469569202009194355917949339120733469101749033950310686959468007,0,Yes,yes,2025-03-31 00:00:00+00:00,2025_03_30_close_1700_PT,2025-03-30 17:00:00-07:00,2024-12-12 21:27:58+00:00,0.002
521025,50391907985844971368730434370554275352555306650304559981296724287110163889372,0,Yes,yes,2025-03-31 00:00:00+00:00,2025_03_30_close_1700_PT,2025-03-30 17:00:00-07:00,2025-03-30 00:20:23+00:00,0.22
527032,52520991936301939851844268554264807330714499642654844594240746592838266792432,1,No,no,2025-03-31 00:00:00+00:00,2025_03_30_close_1700_PT,2025-03-30 17:00:00-07:00,2025-03-11 19:15:04+00:00,0.999
524348,52960782840877996381169383667062216635147767148703288363719115614339176853095,0,Yes,yes,2025-03-31 00:00:00+00:00,2025_03_30_close_1700_PT,2025-03-30 17:00:00-07:00,2025-02-25 19:54:41+00:00,0.001
522878,5442743401928862894180841736263512191564084389996775978514134400673743050598,0,Putin,putin,2025-03-31 00:00:00+00:00,2025_03_30_close_1700_PT,2025-03-30 17:00:00-07:00,2025-02-28 20:00:10+00:00,0.001
522878,55264189025055373090161890959631464405045385380191735792739072809428026021736,1,Zelenskyy,zelenskyy,2025-03-31 00:00:00+00:00,2025_03_30_close_1700_PT,2025-03-30 17:00:00-07:00,2025-02-28 20:00:10+00:00,0.999
523197,55509409310784585364116971076570089959207228118269642206238982520364239944605,1,No,no,2025-03-31 00:00:00+00:00,2025_03_30_close_1700_PT,2025-03-30 17:00:00-07:00,2025-03-30 16:27:33+00:00,0.9839997772073874
516187,56333219586489855674685549932194420713208928308331628771337419037140355178076,0,Yes,yes,2025-03-31 00:00:00+00:00,2025_03_30_close_1700_PT,2025-03-30 17:00:00-07:00,2025-03-27 15:25:04+00:00,0.05
523343,57160884655103428512814247631012981773015723019889832549493437551469480061242,1,No,no,2025-03-31 00:00:00+00:00,2025_03_30_close_1700_PT,2025-03-30 17:00:00-07:00,2025-03-30 20:41:54+00:00,0.45
516715,5802460671946751538636185453975614627729230853286731735057811449821051691611,0,Yes,yes,2025-03-31 00:00:00+00:00,2025_03_30_close_1700_PT,2025-03-30 17:00:00-07:00,2025-03-27 22:05:46+00:00,0.060000000268571434
522895,62643694748826312587911382162440534823433709821141516597510649054633548502810,0,Yes,yes,2025-03-31 00:00:00+00:00,2025_03_30_close_1700_PT,2025-03-30 17:00:00-07:00,2025-03-30 21:44:21+00:00,0.32
519736,63894828884807366836211275957245556698359823645556214866812004935138375830618,0,Yes,yes,2025-03-31 00:00:00+00:00,2025_03_30_close_1700_PT,2025-03-30 17:00:00-07:00,2025-03-30 08:13:59+00:00,0.044
524147,6436214359665115810717148929293436681245885613476937891713590935932389735242,1,No,no,2025-03-31 00:00:00+00:00,2025_03_30_close_1700_PT,2025-03-30 17:00:00-07:00,2025-02-28 06:17:16+00:00,0.001
525157,64545313588399663482682286511585103428301403511234717343459455007091083337075,1,No,no,2025-03-31 00:00:00+00:00,2025_03_30_close_1700_PT,2025-03-30 17:00:00-07:00,2025-03-29 14:01:38+00:00,0.79
524291,6456202668171707900880212750943570928813250356351945554332572852984770395210,1,No,no,2025-03-31 00:00:00+00:00,2025_03_30_close_1700_PT,2025-03-30 17:00:00-07:00,2025-03-30 22:33:33+00:00,0.86
526861,65449845407755668776897976670879705991692250175624922195548093200952844680115,1,No,no,2025-03-31 00:00:00+00:00,2025_03_30_close_1700_PT,2025-03-30 17:00:00-07:00,2025-03-30 23:48:34+00:00,0.459999999494
524285,65482627758879803524003778479202246178420046841505286705606240559010331503838,0,Yes,yes,2025-03-31 00:00:00+00:00,2025_03_30_close_1700_PT,2025-03-30 17:00:00-07:00,2025-03-30 21:10:16+00:00,0.34
526814,65961864506371256053813328069691531595710124813443748296296270747497043580971,1,No,no,2025-03-31 00:00:00+00:00,2025_03_30_close_1700_PT,2025-03-30 17:00:00-07:00,2025-03-25 19:12:44+00:00,0.001
522895,66339636783489562244427406324835042611372608866942882907689045655663784195972,1,No,no,2025-03-31 00:00:00+00:00,2025_03_30_close_1700_PT,2025-03-30 17:00:00-07:00,2025-03-30 21:44:21+00:00,0.68
524145,66356062315875533075062405949409720397580573066885585702377343083606583765118,0,Yes,yes,2025-03-31 00:00:00+00:00,2025_03_30_close_1700_PT,2025-03-30 17:00:00-07:00,2025-02-28 18:42:39+00:00,0.999
524310,6800060988333615171942817578522303119129729510028069894794248047438283072436,1,No,no,2025-03-31 00:00:00+00:00,2025_03_30_close_1700_PT,2025-03-30 17:00:00-07:00,2025-03-25 02:14:26+00:00,0.001
507984,68914504833157616843053838732988841773228477730246651549660144444755511574372,1,No,no,2025-03-31 00:00:00+00:00,2025_03_30_close_1700_PT,2025-03-30 17:00:00-07:00,2024-12-12 21:27:58+00:00,0.998
517693,69226537548379102137110260910766942274764101034650179979960227372969528243604,0,Yes,yes,2025-03-31 00:00:00+00:00,2025_03_30_close_1700_PT,2025-03-30 17:00:00-07:00,2025-03-30 16:38:33+00:00,0.08
521041,70920939650366426146836696994150938025168677239124917474200404356093431153260,1,No,no,2025-03-31 00:00:00+00:00,2025_03_30_close_1700_PT,2025-03-30 17:00:00-07:00,2025-03-30 17:59:11+00:00,0.95
516189,71685983838843709915160975671540060908877886707703474939962098991499689519711,0,Yes,yes,2025-03-31 00:00:00+00:00,2025_03_30_close_1700_PT,2025-03-30 17:00:00-07:00,2025-03-30 16:38:33+00:00,0.032
525232,73663957466489274595176785305097386128325404078001917490010407904837134882577,0,Yes,yes,2025-03-31 00:00:00+00:00,2025_03_30_close_1700_PT,2025-03-30 17:00:00-07:00,2025-03-30 22:55:51+00:00,0.25
524348,73984012795437798473481687953253285098754321969692105101879063972760068638228,1,No,no,2025-03-31 00:00:00+00:00,2025_03_30_close_1700_PT,2025-03-30 17:00:00-07:00,2025-02-25 19:54:41+00:00,0.999
525157,74129046843921940913413587682588886122583847748489066762857187137233978267670,0,Yes,yes,2025-03-31 00:00:00+00:00,2025_03_30_close_1700_PT,2025-03-30 17:00:00-07:00,2025-03-29 12:29:33+00:00,0.21
519048,74534059827731044353009484655251717921023956616694121520435859117169009979824,0,Yes,yes,2025-03-31 00:00:00+00:00,2025_03_30_close_1700_PT,2025-03-30 17:00:00-07:00,2025-03-30 22:00:23+00:00,0.09
524477,75533964938719028696952998369094361524498526879485856631877081096914627658644,1,No,no,2025-03-31 00:00:00+00:00,2025_03_30_close_1700_PT,2025-03-30 17:00:00-07:00,2025-03-28 09:57:44+00:00,0.971
518889,76417393963448037479806799796874747547221511591996743269503725518742470496274,0,Yes,yes,2025-03-31 00:00:00+00:00,2025_03_30_close_1700_PT,2025-03-30 17:00:00-07:00,2025-03-30 18:37:41+00:00,0.28
523197,76517872896411850784270344965682992803318434169987777444136970978963357739156,0,Yes,yes,2025-03-31 00:00:00+00:00,2025_03_30_close_1700_PT,2025-03-30 17:00:00-07:00,2025-03-30 07:24:13+00:00,0.016
519048,76643504232063200802060773779828726415087044269171506931668031354693251545396,1,No,no,2025-03-31 00:00:00+00:00,2025_03_30_close_1700_PT,2025-03-30 17:00:00-07:00,2025-03-30 21:46:53+00:00,0.91
527278,76683579252562835143863542840343898007243510337054657506558517873008498105093,0,Yes,yes,2025-03-31 00:00:00+00:00,2025_03_30_close_1700_PT,2025-03-30 17:00:00-07:00,2025-03-14 17:08:09+00:00,0.999
516187,76896069667756716472035601301016783496873889454464161011234150458037478069918,1,No,no,2025-03-31 00:00:00+00:00,2025_03_30_close_1700_PT,2025-03-30 17:00:00-07:00,2025-03-27 15:25:04+00:00,0.95
517073,78869803177078589287716771530665317651497156168734051494454473188006845916520,1,No,no,2025-03-31 00:00:00+00:00,2025_03_30_close_1700_PT,2025-03-30 17:00:00-07:00,2025-03-27 23:13:56+00:00,0.78
522894,81020312652589627285197771109762839746287006928172707150877539028691834065212,0,Yes,yes,2025-03-31 00:00:00+00:00,2025_03_30_close_1700_PT,2025-03-30 17:00:00-07:00,2025-03-30 18:02:21+00:00,0.05
524310,82246973513888061559569421022652964687465272762066736721360354291228748283806,0,Yes,yes,2025-03-31 00:00:00+00:00,2025_03_30_close_1700_PT,2025-03-30 17:00:00-07:00,2025-03-25 02:14:26+00:00,0.999
516190,83080252071092689902932666850490074811760131055025811650818073654402601835484,0,Yes,yes,2025-03-31 00:00:00+00:00,2025_03_30_close_1700_PT,2025-03-30 17:00:00-07:00,2025-03-30 21:06:24+00:00,0.9669992956770738
521041,83524440200143860657028178945801858366378129256359488825050609853223919531809,0,Yes,yes,2025-03-31 00:00:00+00:00,2025_03_30_close_1700_PT,2025-03-30 17:00:00-07:00,2025-03-30 17:59:11+00:00,0.05
524477,83547673164506671794819260938344653989875088069034224812175182562166039721574,0,Yes,yes,2025-03-31 00:00:00+00:00,2025_03_30_close_1700_PT,2025-03-30 17:00:00-07:00,2025-03-28 09:57:44+00:00,0.029
525231,83742739530586820493605246339344277590673217105618245459443915506041800643469,1,No,no,2025-03-31 00:00:00+00:00,2025_03_30_close_1700_PT,2025-03-30 17:00:00-07:00,2025-03-29 17:02:47+00:00,0.9
510319,84888738552927367074645370589243532246434846262240067551074642775011167355434,0,Yes,yes,2025-03-31 00:00:00+00:00,2025_03_30_close_1700_PT,2025-03-30 17:00:00-07:00,2025-03-30 22:54:49+00:00,0.07
527081,85329416514471004297478005149625146014624743562622421967455557722819447174298,0,Yes,yes,2025-03-31 00:00:00+00:00,2025_03_30_close_1700_PT,2025-03-30 17:00:00-07:00,2025-03-30 23:12:37+00:00,0.23
526229,86304131703011980721755979925817881408007934797292837200662297834354514178950,1,No,no,2025-03-31 00:00:00+00:00,2025_03_30_close_1700_PT,2025-03-30 17:00:00-07:00,2025-03-30 20:28:20+00:00,0.983999990815997
510319,86857783363775257860227917708309268561005168570896999677788731255030014967896,1,No,no,2025-03-31 00:00:00+00:00,2025_03_30_close_1700_PT,2025-03-30 17:00:00-07:00,2025-03-30 23:26:57+00:00,0.93
526229,88551081062941956754624270296481102277138087249231124901142839087117648363109,0,Yes,yes,2025-03-31 00:00:00+00:00,2025_03_30_close_1700_PT,2025-03-30 17:00:00-07:00,2025-03-30 10:50:25+00:00,0.021
524292,9014695769446700891659134648259488341557414914618690658701879241952037527074,1,No,no,2025-03-31 00:00:00+00:00,2025_03_30_close_1700_PT,2025-03-30 17:00:00-07:00,2025-03-30 10:45:05+00:00,0.8792735129921917
527032,90544185197348445762400462367487730947998989538649021442756705113012034127717,0,Yes,yes,2025-03-31 00:00:00+00:00,2025_03_30_close_1700_PT,2025-03-30 17:00:00-07:00,2025-03-11 17:55:03+00:00,0.01
516315,9252583647094848244431316973245869222379640287360099162283052699401101960353,0,Yes,yes,2025-03-31 00:00:00+00:00,2025_03_30_close_1700_PT,2025-03-30 17:00:00-07:00,2025-03-30 15:13:36+00:00,0.046
516143,95786924372760057572092804419385993470890190892343223404877167501659835222533,1,No,no,2025-03-31 00:00:00+00:00,2025_03_30_close_1700_PT,2025-03-30 17:00:00-07:00,2025-03-30 23:31:07+00:00,0.92
522056,96601928894191559916157952751631886797424000157973909225754084049773554405468,0,Yes,yes,2025-03-31 00:00:00+00:00,2025_03_30_close_1700_PT,2025-03-30 17:00:00-07:00,2025-03-30 21:03:00+00:00,0.42000002022187255
527005,96618036676034164847772351078297997221316377064022855127438030193903015078566,1,No,no,2025-03-31 00:00:00+00:00,2025_03_30_close_1700_PT,2025-03-30 17:00:00-07:00,2025-03-30 21:42:53+00:00,0.83
524021,97262919156133260921887403057581420516585464065308475066791456615017669503669,0,Yes,yes,2025-03-31 00:00:00+00:00,2025_03_30_close_1700_PT,2025-03-30 17:00:00-07:00,2025-03-30 20:26:22+00:00,0.33
527005,100121345789532362055123879793212027312379236056429540221720415709850532973373,0,Yes,yes,2025-03-31 12:00:00+00:00,2025_03_31_open_0500_PT,2025-03-31 05:00:00-07:00,2025-03-30 04:44:10+00:00,0.17000000090270914
507311,102006319303460238827563664446951754516041393632850360444322469125777577388771,0,Yes,yes,2025-03-31 12:00:00+00:00,2025_03_31_open_0500_PT,2025-03-31 05:00:00-07:00,2025-01-29 21:39:28+00:00,0.001
524145,102062916030133807330186342894442541205582789480933958339342744794892413850627,1,No,no,2025-03-31 12:00:00+00:00,2025_03_31_open_0500_PT,2025-03-31 05:00:00-07:00,2025-02-28 16:13:57+00:00,0.001
525437,10316592426452860464899722692398677096383513371344164830735417650138017205817,1,No,no,2025-03-31 12:00:00+00:00,2025_03_31_open_0500_PT,2025-03-31 05:00:00-07:00,2025-03-05 19:01:37+00:00,0.01
521103,103909253011351322759892776638669457027523901655815490042130382730360706229706,0,Yes,yes,2025-03-31 12:00:00+00:00,2025_03_31_open_0500_PT,2025-03-31 05:00:00-07:00,2025-03-31 11:52:22+00:00,0.16
516715,104795148936930645520469554178353538587130154145659561962269514319642274480768,1,No,no,2025-03-31 12:00:00+00:00,2025_03_31_open_0500_PT,2025-03-31 05:00:00-07:00,2025-03-31 03:39:12+00:00,0.9399999623995127
526814,105039045108735350701067761926660919174556796573940954887933194396971464305066,0,Yes,yes,2025-03-31 12:00:00+00:00,2025_03_31_open_0500_PT,2025-03-31 05:00:00-07:00,2025-03-25 19:12:44+00:00,0.999
524291,106785705064968660332067023300536266535388124753272914243541205698423062856246,0,Yes,yes,2025-03-31 12:00:00+00:00,2025_03_31_open_0500_PT,2025-03-31 05:00:00-07:00,2025-03-30 19:21:36+00:00,0.13999998273333258
524285,107643187201000404038693592426566378917534508353468263334674357442312114112510,1,No,no,2025-03-31 12:00:00+00:00,2025_03_31_open_0500_PT,2025-03-31 05:00:00-07:00,2025-03-31 09:37:27+00:00,0.64
525442,108057916747365167542504013787062021441684619476265070483570121865318046932052,0,Yes,yes,2025-03-31 12:00:00+00:00,2025_03_31_open_0500_PT,2025-03-31 05:00:00-07:00,2025-03-05 19:00:49+00:00,0.001
521603,108064859672314536571175804798614410280877635973727667622803804179444259690672,1,No,no,2025-03-31 12:00:00+00:00,2025_03_31_open_0500_PT,2025-03-31 05:00:00-07:00,2025-03-31 11:39:28+00:00,0.977999988093851
522894,108303820542127194670275571355095079674537367635794408292209711330192187534707,1,No,no,2025-03-31 12:00:00+00:00,2025_03_31_open_0500_PT,2025-03-31 05:00:00-07:00,2025-03-30 18:02:21+00:00,0.95
519736,108331518505056537403722461966654684743488871885239753047834907734450664515452,1,No,no,2025-03-31 12:00:00+00:00,2025_03_31_open_0500_PT,2025-03-31 05:00:00-07:00,2025-03-31 11:21:56+00:00,0.9549999860922197
507311,109788973099970019996072517823266794542154906066004680247007602517078576240900,1,No,no,2025-03-31 12:00:00+00:00,2025_03_31_open_0500_PT,2025-03-31 05:00:00-07:00,2025-01-29 21:39:28+00:00,0.999
523420,110303218457795832861589414223072133732424840017074962598980991451216787898529,0,Yes,yes,2025-03-31 12:00:00+00:00,2025_03_31_open_0500_PT,2025-03-31 05:00:00-07:00,2025-03-31 11:31:32+00:00,0.34
523420,110513468504414111967623727967802735681305040958967125800368195228103949451183,1,No,no,2025-03-31 12:00:00+00:00,2025_03_31_open_0500_PT,2025-03-31 05:00:00-07:00,2025-03-31 11:31:32+00:00,0.66
523198,111048886296924495129741424280092672064807186679410610865674623733591163627018,1,No,no,2025-03-31 12:00:00+00:00,2025_03_31_open_0500_PT,2025-03-31 05:00:00-07:00,2025-03-27 19:33:52+00:00,0.94
522056,111817814065148789668110176254570458287510111700931938757952739120253070676417,1,No,no,2025-03-31 12:00:00+00:00,2025_03_31_open_0500_PT,2025-03-31 05:00:00-07:00,2025-03-31 11:06:52+00:00,0.56
516315,112686805416681376426848642516954883318316273962669944235801308401883591913314,1,No,no,2025-03-31 12:00:00+00:00,2025_03_31_open_0500_PT,2025-03-31 05:00:00-07:00,2025-03-31 07:16:01+00:00,0.954
519844,115151921832306680160638545362939767099400757097903129602011054222202727203606,1,No,no,2025-03-31 12:00:00+00:00,2025_03_31_open_0500_PT,2025-03-31 05:00:00-07:00,2025-02-28 20:07:00+00:00,0.001
524143,1179039883486402183499490082435825463500517700553032674433043579228770785112,0,Yes,yes,2025-03-31 12:00:00+00:00,2025_03_31_open_0500_PT,2025-03-31 05:00:00-07:00,2025-03-31 03:09:54+00:00,0.14
525437,12198166341436727947405729209814148041740036263965322192437253954048906701116,0,Yes,yes,2025-03-31 12:00:00+00:00,2025_03_31_open_0500_PT,2025-03-31 05:00:00-07:00,2025-03-05 19:01:37+00:00,0.99
521100,14990029861718662869816237869973544862792282285138092644462921007650993247380,0,Yes,yes,2025-03-31 12:00:00+00:00,2025_03_31_open_0500_PT,2025-03-31 05:00:00-07:00,2025-03-12 20:16:21+00:00,0.999
516719,15974786252393396629980467963784550802583781222733347534844974829144359265969,0,Yes,yes,2025-03-31 12:00:00+00:00,2025_03_31_open_0500_PT,2025-03-31 05:00:00-07:00,2025-03-31 11:53:30+00:00,0.52
527081,17189149212865445714213344530377307644873493103595435170459256971807866915825,1,No,no,2025-03-31 12:00:00+00:00,2025_03_31_open_0500_PT,2025-03-31 05:00:00-07:00,2025-03-31 08:31:31+00:00,0.77
525442,17526688879266974475993857941710252477836369992267558391595367358065513215277,1,No,no,2025-03-31 12:00:00+00:00,2025_03_31_open_0500_PT,2025-03-31 05:00:00-07:00,2025-03-05 19:00:49+00:00,0.999
523198,17636133037698655711537839367918666335877935696344385855077943944327611242596,0,Yes,yes,2025-03-31 12:00:00+00:00,2025_03_31_open_0500_PT,2025-03-31 05:00:00-07:00,2025-03-29 23:03:12+00:00,0.06
518890,1820990530457734990844221236379424325571531338274179313320944848555296238885,0,Yes,yes,2025-03-31 12:00:00+00:00,2025_03_31_open_0500_PT,2025-03-31 05:00:00-07:00,2025-03-30 01:00:12+00:00,0.18340666666666666
521603,18833065283746804110550289341323864262410877417777323132151715138616977528841,0,Yes,yes,2025-03-31 12:00:00+00:00,2025_03_31_open_0500_PT,2025-03-31 05:00:00-07:00,2025-03-31 11:39:28+00:00,0.02200001190614893
518890,19787433176606062103363478006507471735790167880416910771642279209812633663344,1,No,no,2025-03-31 12:00:00+00:00,2025_03_31_open_0500_PT,2025-03-31 05:00:00-07:00,2025-03-30 01:00:12+00:00,0.81
523343,22255463452594162709449800579658835371746668793825841462318307382376621533755,0,Yes,yes,2025-03-31 12:00:00+00:00,2025_03_31_open_0500_PT,2025-03-31 05:00:00-07:00,2025-03-31 11:30:00+00:00,0.5
527279,22752183918002848078277748029145662550669719932108767430775139318472934671798,1,No,no,2025-03-31 12:00:00+00:00,2025_03_31_open_0500_PT,2025-03-31 05:00:00-07:00,2025-03-12 20:16:11+00:00,0.002
524021,22814991468805556116471270417641782171550309851492637070422109257339804109572,1,No,no,2025-03-31 12:00:00+00:00,2025_03_31_open_0500_PT,2025-03-31 05:00:00-07:00,2025-03-31 07:14:15+00:00,0.66
524292,23363560824318474668781482335102625289561748638527872548758492627125630990827,0,Yes,yes,2025-03-31 12:00:00+00:00,2025_03_31_open_0500_PT,2025-03-31 05:00:00-07:00,2025-03-31 11:37:30+00:00,0.10707843137254902
521026,23632768753333496327246137884794918423597173479688585307138116345069085580247,1,No,no,2025-03-31 12:00:00+00:00,2025_03_31_open_0500_PT,2025-03-31 05:00:00-07:00,2025-03-30 14:55:18+00:00,0.4
516189,25301545985889508293321782755434072371936771538975200674445139222395623272851,1,No,no,2025-03-31 12:00:00+00:00,2025_03_31_open_0500_PT,2025-03-31 05:00:00-07:00,2025-03-30 16:38:33+00:00,0.968
516143,25742247876332768458781360292043764039507900813404980298479194684402595556451,0,Yes,yes,2025-03-31 12:00:00+00:00,2025_03_31_open_0500_PT,2025-03-31 05:00:00-07:00,2025-03-31 10:55:30+00:00,0.08
516190,27706044619360761256387697290478189707563660684659877077148428665563431908215,1,No,no,2025-03-31 12:00:00+00:00,2025_03_31_open_0500_PT,2025-03-31 05:00:00-07:00,2025-03-31 11:58:38+00:00,0.032
525231,27854589915558666949911110700107109304807510472832754346848714713106576041207,0,Yes,yes,2025-03-31 12:00:00+00:00,2025_03_31_open_0500_PT,2025-03-31 05:00:00-07:00,2025-03-29 17:02:47+00:00,0.1
521025,28414938735362964078307100001374150957816395319940009652318455849499629150252,1,No,no,2025-03-31 12:00:00+00:00,2025_03_31_open_0500_PT,2025-03-31 05:00:00-07:00,2025-03-31 10:28:58+00:00,0.78
525232,31566724138998405553508313449766802786847999037726188458982786371622924711878,1,No,no,2025-03-31 12:00:00+00:00,2025_03_31_open_0500_PT,2025-03-31 05:00:00-07:00,2025-03-31 07:54:29+00:00,0.75
524143,32156304147657186738936334568719617978558036247795210919856751006394161293073,1,No,no,2025-03-31 12:00:00+00:00,2025_03_31_open_0500_PT,2025-03-31 05:00:00-07:00,2025-03-31 04:53:39+00:00,0.86
526861,32921044856076201189154703786849418887213408387521621721061527935861828024828,0,Yes,yes,2025-03-31 12:00:00+00:00,2025_03_31_open_0500_PT,2025-03-31 05:00:00-07:00,2025-03-31 10:18:24+00:00,0.610000109200024
527278,33787629600621860180939604657495798919073059313987957113657471584613393310606,1,No,no,2025-03-31 12:00:00+00:00,2025_03_31_open_0500_PT,2025-03-31 05:00:00-07:00,2025-03-14 17:08:09+00:00,0.001
521499,37809713000353368658683984822433912106052732096671571646866650191133502648634,1,No,no,2025-03-31 12:00:00+00:00,2025_03_31_open_0500_PT,2025-03-31 05:00:00-07:00,2025-03-12 20:16:29+00:00,0.001
519628,37946704943888888914227612417452623974614267503719043957094985529354395995926,1,No,no,2025-03-31 12:00:00+00:00,2025_03_31_open_0500_PT,2025-03-31 05:00:00-07:00,2025-03-31 11:30:04+00:00,0.68
517693,38028235049989289118991891250017423701902844342596888644757673357241176888913,1,No,no,2025-03-31 12:00:00+00:00,2025_03_31_open_0500_PT,2025-03-31 05:00:00-07:00,2025-03-30 16:38:33+00:00,0.92
522057,39073221701552764059446410725782004011128353041681427534414147663135223634260,1,No,no,2025-03-31 12:00:00+00:00,2025_03_31_open_0500_PT,2025-03-31 05:00:00-07:00,2025-03-31 00:35:02+00:00,0.81
519628,39327269875426915204597944387916069897800289788920336317845465327697809453999,0,Yes,yes,2025-03-31 12:00:00+00:00,2025_03_31_open_0500_PT,2025-03-31 05:00:00-07:00,2025-03-31 11:30:04+00:00,0.32
527279,40001158490980829331315202760805197309678407198352511114569399283632572307422,0,Yes,yes,2025-03-31 12:00:00+00:00,2025_03_31_open_0500_PT,2025-03-31 05:00:00-07:00,2025-03-12 20:19:55+00:00,0.998
521103,40643730425995007653653846322257326466291751148478865541862332040512398068473,1,No,no,2025-03-31 12:00:00+00:00,2025_03_31_open_0500_PT,2025-03-31 05:00:00-07:00,2025-03-31 11:52:22+00:00,0.84
519844,40914113765279699847589045742755525912767460490196542143342551731171071232917,0,Yes,yes,2025-03-31 12:00:00+00:00,2025_03_31_open_0500_PT,2025-03-31 05:00:00-07:00,2025-02-28 20:07:00+00:00,0.999
516719,42351579455604873042957090441032286075880144797259231030267680078160718556927,1,No,no,2025-03-31 12:00:00+00:00,2025_03_31_open_0500_PT,2025-03-31 05:00:00-07:00,2025-03-31 11:03:18+00:00,0.48
523413,4274339277583331170231436480507835882687434608350779078862983050349942696879,1,No,no,2025-03-31 12:00:00+00:00,2025_03_31_open_0500_PT,2025-03-31 05:00:00-07:00,2025-03-31 10:46:58+00:00,0.8699999570649316
521100,42807705713627033072721560874549512720856774493986139163714965545915531235572,1,No,no,2025-03-31 12:00:00+00:00,2025_03_31_open_0500_PT,2025-03-31 05:00:00-07:00,2025-03-12 20:16:21+00:00,0.001
524147,43469326409739858395690572881501444443817974097672167644298447954120789600137,0,Yes,yes,2025-03-31 12:00:00+00:00,2025_03_31_open_0500_PT,2025-03-31 05:00:00-07:00,2025-02-28 06:17:16+00:00,0.9988821436653187
518889,44380686214454472779171256638293817778327849773706779670665516622038269778385,1,No,no,2025-03-31 12:00:00+00:00,2025_03_31_open_0500_PT,2025-03-31 05:00:00-07:00,2025-03-31 11:26:50+00:00,0.7299999974449999
517073,46900460840406661483474634104595482418501684854096906918305683910102403871123,0,Yes,yes,2025-03-31 12:00:00+00:00,2025_03_31_open_0500_PT,2025-03-31 05:00:00-07:00,2025-03-28 08:31:14+00:00,0.22
523413,46975241878566226675389813084558441099978633579735672808077735156890286559886,0,Yes,yes,2025-03-31 12:00:00+00:00,2025_03_31_open_0500_PT,2025-03-31 05:00:00-07:00,2025-03-30 07:42:59+00:00,0.1300348382509776
521499,47692708638309429756044208432818720002044706296619873136468383174493259480485,0,Yes,yes,2025-03-31 12:00:00+00:00,2025_03_31_open_0500_PT,2025-03-31 05:00:00-07:00,2025-03-12 20:16:29+00:00,0.999
522057,48477409091695386761559202853239391470463303066983260592312960625658563043275,0,Yes,yes,2025-03-31 12:00:00+00:00,2025_03_31_open_0500_PT,2025-03-31 05:00:00-07:00,2025-03-30 18:44:25+00:00,0.2
521026,49473000926194462184545427213242554383104595845909786504578023251386790224858,0,Yes,yes,2025-03-31 12:00:00+00:00,2025_03_31_open_0500_PT,2025-03-31 05:00:00-07:00,2025-03-30 14:55:18+00:00,0.6
507984,50284187941943469569202009194355917949339120733469101749033950310686959468007,0,Yes,yes,2025-03-31 12:00:00+00:00,2025_03_31_open_0500_PT,2025-03-31 05:00:00-07:00,2024-12-12 21:27:58+00:00,0.002
521025,50391907985844971368730434370554275352555306650304559981296724287110163889372,0,Yes,yes,2025-03-31 12:00:00+00:00,2025_03_31_open_0500_PT,2025-03-31 05:00:00-07:00,2025-03-31 10:28:58+00:00,0.22
527032,52520991936301939851844268554264807330714499642654844594240746592838266792432,1,No,no,2025-03-31 12:00:00+00:00,2025_03_31_open_0500_PT,2025-03-31 05:00:00-07:00,2025-03-11 19:15:04+00:00,0.999
524348,52960782840877996381169383667062216635147767148703288363719115614339176853095,0,Yes,yes,2025-03-31 12:00:00+00:00,2025_03_31_open_0500_PT,2025-03-31 05:00:00-07:00,2025-02-25 19:54:41+00:00,0.001
522878,5442743401928862894180841736263512191564084389996775978514134400673743050598,0,Putin,putin,2025-03-31 12:00:00+00:00,2025_03_31_open_0500_PT,2025-03-31 05:00:00-07:00,2025-02-28 20:00:10+00:00,0.001
522878,55264189025055373090161890959631464405045385380191735792739072809428026021736,1,Zelenskyy,zelenskyy,2025-03-31 12:00:00+00:00,2025_03_31_open_0500_PT,2025-03-31 05:00:00-07:00,2025-02-28 20:00:10+00:00,0.999
523197,55509409310784585364116971076570089959207228118269642206238982520364239944605,1,No,no,2025-03-31 12:00:00+00:00,2025_03_31_open_0500_PT,2025-03-31 05:00:00-07:00,2025-03-31 10:25:34+00:00,0.984
516187,56333219586489855674685549932194420713208928308331628771337419037140355178076,0,Yes,yes,2025-03-31 12:00:00+00:00,2025_03_31_open_0500_PT,2025-03-31 05:00:00-07:00,2025-03-27 15:25:04+00:00,0.05
523343,57160884655103428512814247631012981773015723019889832549493437551469480061242,1,No,no,2025-03-31 12:00:00+00:00,2025_03_31_open_0500_PT,2025-03-31 05:00:00-07:00,2025-03-31 11:41:18+00:00,0.53
516715,5802460671946751538636185453975614627729230853286731735057811449821051691611,0,Yes,yes,2025-03-31 12:00:00+00:00,2025_03_31_open_0500_PT,2025-03-31 05:00:00-07:00,2025-03-31 03:39:12+00:00,0.060000037600487305
522895,62643694748826312587911382162440534823433709821141516597510649054633548502810,0,Yes,yes,2025-03-31 12:00:00+00:00,2025_03_31_open_0500_PT,2025-03-31 05:00:00-07:00,2025-03-31 11:02:18+00:00,0.29000001547018495
519736,63894828884807366836211275957245556698359823645556214866812004935138375830618,0,Yes,yes,2025-03-31 12:00:00+00:00,2025_03_31_open_0500_PT,2025-03-31 05:00:00-07:00,2025-03-31 11:21:56+00:00,0.045000013907780294
524147,6436214359665115810717148929293436681245885613476937891713590935932389735242,1,No,no,2025-03-31 12:00:00+00:00,2025_03_31_open_0500_PT,2025-03-31 05:00:00-07:00,2025-02-28 06:17:16+00:00,0.001
525157,64545313588399663482682286511585103428301403511234717343459455007091083337075,1,No,no,2025-03-31 12:00:00+00:00,2025_03_31_open_0500_PT,2025-03-31 05:00:00-07:00,2025-03-31 07:01:36+00:00,0.8
524291,6456202668171707900880212750943570928813250356351945554332572852984770395210,1,No,no,2025-03-31 12:00:00+00:00,2025_03_31_open_0500_PT,2025-03-31 05:00:00-07:00,2025-03-30 22:33:33+00:00,0.86
526861,65449845407755668776897976670879705991692250175624922195548093200952844680115,1,No,no,2025-03-31 12:00:00+00:00,2025_03_31_open_0500_PT,2025-03-31 05:00:00-07:00,2025-03-31 10:18:24+00:00,0.389999890799976
524285,65482627758879803524003778479202246178420046841505286705606240559010331503838,0,Yes,yes,2025-03-31 12:00:00+00:00,2025_03_31_open_0500_PT,2025-03-31 05:00:00-07:00,2025-03-31 10:12:04+00:00,0.34
526814,65961864506371256053813328069691531595710124813443748296296270747497043580971,1,No,no,2025-03-31 12:00:00+00:00,2025_03_31_open_0500_PT,2025-03-31 05:00:00-07:00,2025-03-25 19:12:44+00:00,0.001
522895,66339636783489562244427406324835042611372608866942882907689045655663784195972,1,No,no,2025-03-31 12:00:00+00:00,2025_03_31_open_0500_PT,2025-03-31 05:00:00-07:00,2025-03-31 11:02:18+00:00,0.709999984529815
524145,66356062315875533075062405949409720397580573066885585702377343083606583765118,0,Yes,yes,2025-03-31 12:00:00+00:00,2025_03_31_open_0500_PT,2025-03-31 05:00:00-07:00,2025-02-28 18:42:39+00:00,0.999
524310,6800060988333615171942817578522303119129729510028069894794248047438283072436,1,No,no,2025-03-31 12:00:00+00:00,2025_03_31_open_0500_PT,2025-03-31 05:00:00-07:00,2025-03-25 02:14:26+00:00,0.001
507984,68914504833157616843053838732988841773228477730246651549660144444755511574372,1,No,no,2025-03-31 12:00:00+00:00,2025_03_31_open_0500_PT,2025-03-31 05:00:00-07:00,2024-12-12 21:27:58+00:00,0.998
517693,69226537548379102137110260910766942274764101034650179979960227372969528243604,0,Yes,yes,2025-03-31 12:00:00+00:00,2025_03_31_open_0500_PT,2025-03-31 05:00:00-07:00,2025-03-30 16:38:33+00:00,0.08
521041,70920939650366426146836696994150938025168677239124917474200404356093431153260,1,No,no,2025-03-31 12:00:00+00:00,2025_03_31_open_0500_PT,2025-03-31 05:00:00-07:00,2025-03-30 17:59:11+00:00,0.95
516189,71685983838843709915160975671540060908877886707703474939962098991499689519711,0,Yes,yes,2025-03-31 12:00:00+00:00,2025_03_31_open_0500_PT,2025-03-31 05:00:00-07:00,2025-03-30 16:38:33+00:00,0.032
525232,73663957466489274595176785305097386128325404078001917490010407904837134882577,0,Yes,yes,2025-03-31 12:00:00+00:00,2025_03_31_open_0500_PT,2025-03-31 05:00:00-07:00,2025-03-30 22:55:51+00:00,0.25
524348,73984012795437798473481687953253285098754321969692105101879063972760068638228,1,No,no,2025-03-31 12:00:00+00:00,2025_03_31_open_0500_PT,2025-03-31 05:00:00-07:00,2025-02-25 19:54:41+00:00,0.999
525157,74129046843921940913413587682588886122583847748489066762857187137233978267670,0,Yes,yes,2025-03-31 12:00:00+00:00,2025_03_31_open_0500_PT,2025-03-31 05:00:00-07:00,2025-03-31 07:02:14+00:00,0.19
519048,74534059827731044353009484655251717921023956616694121520435859117169009979824,0,Yes,yes,2025-03-31 12:00:00+00:00,2025_03_31_open_0500_PT,2025-03-31 05:00:00-07:00,2025-03-31 10:58:56+00:00,0.10999990319998838
524477,75533964938719028696952998369094361524498526879485856631877081096914627658644,1,No,no,2025-03-31 12:00:00+00:00,2025_03_31_open_0500_PT,2025-03-31 05:00:00-07:00,2025-03-31 04:14:38+00:00,0.9749998244999614
518889,76417393963448037479806799796874747547221511591996743269503725518742470496274,0,Yes,yes,2025-03-31 12:00:00+00:00,2025_03_31_open_0500_PT,2025-03-31 05:00:00-07:00,2025-03-31 11:26:50+00:00,0.2700000085708069
523197,76517872896411850784270344965682992803318434169987777444136970978963357739156,0,Yes,yes,2025-03-31 12:00:00+00:00,2025_03_31_open_0500_PT,2025-03-31 05:00:00-07:00,2025-03-30 07:24:13+00:00,0.016
519048,76643504232063200802060773779828726415087044269171506931668031354693251545396,1,No,no,2025-03-31 12:00:00+00:00,2025_03_31_open_0500_PT,2025-03-31 05:00:00-07:00,2025-03-31 11:25:16+00:00,0.9
527278,76683579252562835143863542840343898007243510337054657506558517873008498105093,0,Yes,yes,2025-03-31 12:00:00+00:00,2025_03_31_open_0500_PT,2025-03-31 05:00:00-07:00,2025-03-14 17:08:09+00:00,0.999
516187,76896069667756716472035601301016783496873889454464161011234150458037478069918,1,No,no,2025-03-31 12:00:00+00:00,2025_03_31_open_0500_PT,2025-03-31 05:00:00-07:00,2025-03-27 15:25:04+00:00,0.95
517073,78869803177078589287716771530665317651497156168734051494454473188006845916520,1,No,no,2025-03-31 12:00:00+00:00,2025_03_31_open_0500_PT,2025-03-31 05:00:00-07:00,2025-03-27 23:13:56+00:00,0.78
522894,81020312652589627285197771109762839746287006928172707150877539028691834065212,0,Yes,yes,2025-03-31 12:00:00+00:00,2025_03_31_open_0500_PT,2025-03-31 05:00:00-07:00,2025-03-30 18:02:21+00:00,0.05
524310,82246973513888061559569421022652964687465272762066736721360354291228748283806,0,Yes,yes,2025-03-31 12:00:00+00:00,2025_03_31_open_0500_PT,2025-03-31 05:00:00-07:00,2025-03-25 02:14:26+00:00,0.999
516190,83080252071092689902932666850490074811760131055025811650818073654402601835484,0,Yes,yes,2025-03-31 12:00:00+00:00,2025_03_31_open_0500_PT,2025-03-31 05:00:00-07:00,2025-03-31 11:58:38+00:00,0.968
521041,83524440200143860657028178945801858366378129256359488825050609853223919531809,0,Yes,yes,2025-03-31 12:00:00+00:00,2025_03_31_open_0500_PT,2025-03-31 05:00:00-07:00,2025-03-30 17:59:11+00:00,0.05
524477,83547673164506671794819260938344653989875088069034224812175182562166039721574,0,Yes,yes,2025-03-31 12:00:00+00:00,2025_03_31_open_0500_PT,2025-03-31 05:00:00-07:00,2025-03-28 09:57:44+00:00,0.029
525231,83742739530586820493605246339344277590673217105618245459443915506041800643469,1,No,no,2025-03-31 12:00:00+00:00,2025_03_31_open_0500_PT,2025-03-31 05:00:00-07:00,2025-03-29 17:02:47+00:00,0.9
510319,84888738552927367074645370589243532246434846262240067551074642775011167355434,0,Yes,yes,2025-03-31 12:00:00+00:00,2025_03_31_open_0500_PT,2025-03-31 05:00:00-07:00,2025-03-31 11:45:44+00:00,0.07
527081,85329416514471004297478005149625146014624743562622421967455557722819447174298,0,Yes,yes,2025-03-31 12:00:00+00:00,2025_03_31_open_0500_PT,2025-03-31 05:00:00-07:00,2025-03-31 08:31:31+00:00,0.23
526229,86304131703011980721755979925817881408007934797292837200662297834354514178950,1,No,no,2025-03-31 12:00:00+00:00,2025_03_31_open_0500_PT,2025-03-31 05:00:00-07:00,2025-03-31 05:10:07+00:00,0.979
510319,86857783363775257860227917708309268561005168570896999677788731255030014967896,1,No,no,2025-03-31 12:00:00+00:00,2025_03_31_open_0500_PT,2025-03-31 05:00:00-07:00,2025-03-31 11:45:44+00:00,0.93
526229,88551081062941956754624270296481102277138087249231124901142839087117648363109,0,Yes,yes,2025-03-31 12:00:00+00:00,2025_03_31_open_0500_PT,2025-03-31 05:00:00-07:00,2025-03-31 11:17:52+00:00,0.019
524292,9014695769446700891659134648259488341557414914618690658701879241952037527074,1,No,no,2025-03-31 12:00:00+00:00,2025_03_31_open_0500_PT,2025-03-31 05:00:00-07:00,2025-03-31 11:37:30+00:00,0.9
527032,90544185197348445762400462367487730947998989538649021442756705113012034127717,0,Yes,yes,2025-03-31 12:00:00+00:00,2025_03_31_open_0500_PT,2025-03-31 05:00:00-07:00,2025-03-11 17:55:03+00:00,0.01
516315,9252583647094848244431316973245869222379640287360099162283052699401101960353,0,Yes,yes,2025-03-31 12:00:00+00:00,2025_03_31_open_0500_PT,2025-03-31 05:00:00-07:00,2025-03-31 07:16:01+00:00,0.046
516143,95786924372760057572092804419385993470890190892343223404877167501659835222533,1,No,no,2025-03-31 12:00:00+00:00,2025_03_31_open_0500_PT,2025-03-31 05:00:00-07:00,2025-03-31 10:31:16+00:00,0.92
522056,96601928894191559916157952751631886797424000157973909225754084049773554405468,0,Yes,yes,2025-03-31 12:00:00+00:00,2025_03_31_open_0500_PT,2025-03-31 05:00:00-07:00,2025-03-31 11:05:16+00:00,0.43999980639989156
527005,96618036676034164847772351078297997221316377064022855127438030193903015078566,1,No,no,2025-03-31 12:00:00+00:00,2025_03_31_open_0500_PT,2025-03-31 05:00:00-07:00,2025-03-31 04:10:11+00:00,0.8399996471997954
524021,97262919156133260921887403057581420516585464065308475066791456615017669503669,0,Yes,yes,2025-03-31 12:00:00+00:00,2025_03_31_open_0500_PT,2025-03-31 05:00:00-07:00,2025-03-31 08:10:49+00:00,0.33
527005,100121345789532362055123879793212027312379236056429540221720415709850532973373,0,Yes,yes,2025-04-01 00:00:00+00:00,2025_03_31_close_1700_PT,2025-03-31 17:00:00-07:00,2025-03-30 04:44:10+00:00,0.17000000090270914
507311,102006319303460238827563664446951754516041393632850360444322469125777577388771,0,Yes,yes,2025-04-01 00:00:00+00:00,2025_03_31_close_1700_PT,2025-03-31 17:00:00-07:00,2025-01-29 21:39:28+00:00,0.001
524145,102062916030133807330186342894442541205582789480933958339342744794892413850627,1,No,no,2025-04-01 00:00:00+00:00,2025_03_31_close_1700_PT,2025-03-31 17:00:00-07:00,2025-02-28 16:13:57+00:00,0.001
525437,10316592426452860464899722692398677096383513371344164830735417650138017205817,1,No,no,2025-04-01 00:00:00+00:00,2025_03_31_close_1700_PT,2025-03-31 17:00:00-07:00,2025-03-05 19:01:37+00:00,0.01
521103,103909253011351322759892776638669457027523901655815490042130382730360706229706,0,Yes,yes,2025-04-01 00:00:00+00:00,2025_03_31_close_1700_PT,2025-03-31 17:00:00-07:00,2025-03-31 12:57:56+00:00,0.16
516715,104795148936930645520469554178353538587130154145659561962269514319642274480768,1,No,no,2025-04-01 00:00:00+00:00,2025_03_31_close_1700_PT,2025-03-31 17:00:00-07:00,2025-03-31 03:39:12+00:00,0.9399999623995127
526814,105039045108735350701067761926660919174556796573940954887933194396971464305066,0,Yes,yes,2025-04-01 00:00:00+00:00,2025_03_31_close_1700_PT,2025-03-31 17:00:00-07:00,2025-03-25 19:12:44+00:00,0.999
524291,106785705064968660332067023300536266535388124753272914243541205698423062856246,0,Yes,yes,2025-04-01 00:00:00+00:00,2025_03_31_close_1700_PT,2025-03-31 17:00:00-07:00,2025-03-31 22:22:37+00:00,0.17
524285,107643187201000404038693592426566378917534508353468263334674357442312114112510,1,No,no,2025-04-01 00:00:00+00:00,2025_03_31_close_1700_PT,2025-03-31 17:00:00-07:00,2025-03-31 19:31:39+00:00,0.6500000112903228
525442,108057916747365167542504013787062021441684619476265070483570121865318046932052,0,Yes,yes,2025-04-01 00:00:00+00:00,2025_03_31_close_1700_PT,2025-03-31 17:00:00-07:00,2025-03-05 19:00:49+00:00,0.001
521603,108064859672314536571175804798614410280877635973727667622803804179444259690672,1,No,no,2025-04-01 00:00:00+00:00,2025_03_31_close_1700_PT,2025-03-31 17:00:00-07:00,2025-03-31 23:56:21+00:00,0.975
522894,108303820542127194670275571355095079674537367635794408292209711330192187534707,1,No,no,2025-04-01 00:00:00+00:00,2025_03_31_close_1700_PT,2025-03-31 17:00:00-07:00,2025-03-30 18:02:21+00:00,0.95
519736,108331518505056537403722461966654684743488871885239753047834907734450664515452,1,No,no,2025-04-01 00:00:00+00:00,2025_03_31_close_1700_PT,2025-03-31 17:00:00-07:00,2025-03-31 14:07:43+00:00,0.95
507311,109788973099970019996072517823266794542154906066004680247007602517078576240900,1,No,no,2025-04-01 00:00:00+00:00,2025_03_31_close_1700_PT,2025-03-31 17:00:00-07:00,2025-01-29 21:39:28+00:00,0.999
523420,110303218457795832861589414223072133732424840017074962598980991451216787898529,0,Yes,yes,2025-04-01 00:00:00+00:00,2025_03_31_close_1700_PT,2025-03-31 17:00:00-07:00,2025-03-31 22:21:09+00:00,0.34
523420,110513468504414111967623727967802735681305040958967125800368195228103949451183,1,No,no,2025-04-01 00:00:00+00:00,2025_03_31_close_1700_PT,2025-03-31 17:00:00-07:00,2025-03-31 22:21:09+00:00,0.66
523198,111048886296924495129741424280092672064807186679410610865674623733591163627018,1,No,no,2025-04-01 00:00:00+00:00,2025_03_31_close_1700_PT,2025-03-31 17:00:00-07:00,2025-03-31 13:46:17+00:00,0.93
522056,111817814065148789668110176254570458287510111700931938757952739120253070676417,1,No,no,2025-04-01 00:00:00+00:00,2025_03_31_close_1700_PT,2025-03-31 17:00:00-07:00,2025-03-31 23:25:13+00:00,0.560000018773335
516315,112686805416681376426848642516954883318316273962669944235801308401883591913314,1,No,no,2025-04-01 00:00:00+00:00,2025_03_31_close_1700_PT,2025-03-31 17:00:00-07:00,2025-03-31 17:45:20+00:00,0.955
519844,115151921832306680160638545362939767099400757097903129602011054222202727203606,1,No,no,2025-04-01 00:00:00+00:00,2025_03_31_close_1700_PT,2025-03-31 17:00:00-07:00,2025-02-28 20:07:00+00:00,0.001
524143,1179039883486402183499490082435825463500517700553032674433043579228770785112,0,Yes,yes,2025-04-01 00:00:00+00:00,2025_03_31_close_1700_PT,2025-03-31 17:00:00-07:00,2025-03-31 21:03:26+00:00,0.16
525437,12198166341436727947405729209814148041740036263965322192437253954048906701116,0,Yes,yes,2025-04-01 00:00:00+00:00,2025_03_31_close_1700_PT,2025-03-31 17:00:00-07:00,2025-03-05 19:01:37+00:00,0.99
521100,14990029861718662869816237869973544862792282285138092644462921007650993247380,0,Yes,yes,2025-04-01 00:00:00+00:00,2025_03_31_close_1700_PT,2025-03-31 17:00:00-07:00,2025-03-12 20:16:21+00:00,0.999
516719,15974786252393396629980467963784550802583781222733347534844974829144359265969,0,Yes,yes,2025-04-01 00:00:00+00:00,2025_03_31_close_1700_PT,2025-03-31 17:00:00-07:00,2025-03-31 23:54:37+00:00,0.4900000991667163
527081,17189149212865445714213344530377307644873493103595435170459256971807866915825,1,No,no,2025-04-01 00:00:00+00:00,2025_03_31_close_1700_PT,2025-03-31 17:00:00-07:00,2025-03-31 19:11:37+00:00,0.7699999874233328
525442,17526688879266974475993857941710252477836369992267558391595367358065513215277,1,No,no,2025-04-01 00:00:00+00:00,2025_03_31_close_1700_PT,2025-03-31 17:00:00-07:00,2025-03-05 19:00:49+00:00,0.999
523198,17636133037698655711537839367918666335877935696344385855077943944327611242596,0,Yes,yes,2025-04-01 00:00:00+00:00,2025_03_31_close_1700_PT,2025-03-31 17:00:00-07:00,2025-03-31 13:46:17+00:00,0.07
518890,1820990530457734990844221236379424325571531338274179313320944848555296238885,0,Yes,yes,2025-04-01 00:00:00+00:00,2025_03_31_close_1700_PT,2025-03-31 17:00:00-07:00,2025-03-30 01:00:12+00:00,0.18340666666666666
521603,18833065283746804110550289341323864262410877417777323132151715138616977528841,0,Yes,yes,2025-04-01 00:00:00+00:00,2025_03_31_close_1700_PT,2025-03-31 17:00:00-07:00,2025-03-31 23:56:21+00:00,0.025
518890,19787433176606062103363478006507471735790167880416910771642279209812633663344,1,No,no,2025-04-01 00:00:00+00:00,2025_03_31_close_1700_PT,2025-03-31 17:00:00-07:00,2025-03-30 01:00:12+00:00,0.81
523343,22255463452594162709449800579658835371746668793825841462318307382376621533755,0,Yes,yes,2025-04-01 00:00:00+00:00,2025_03_31_close_1700_PT,2025-03-31 17:00:00-07:00,2025-03-31 20:52:56+00:00,0.43
527279,22752183918002848078277748029145662550669719932108767430775139318472934671798,1,No,no,2025-04-01 00:00:00+00:00,2025_03_31_close_1700_PT,2025-03-31 17:00:00-07:00,2025-03-12 20:16:11+00:00,0.002
524021,22814991468805556116471270417641782171550309851492637070422109257339804109572,1,No,no,2025-04-01 00:00:00+00:00,2025_03_31_close_1700_PT,2025-03-31 17:00:00-07:00,2025-03-31 18:22:51+00:00,0.6500000006447368
524292,23363560824318474668781482335102625289561748638527872548758492627125630990827,0,Yes,yes,2025-04-01 00:00:00+00:00,2025_03_31_close_1700_PT,2025-03-31 17:00:00-07:00,2025-03-31 20:19:25+00:00,0.11999989919998387
521026,23632768753333496327246137884794918423597173479688585307138116345069085580247,1,No,no,2025-04-01 00:00:00+00:00,2025_03_31_close_1700_PT,2025-03-31 17:00:00-07:00,2025-03-31 21:03:48+00:00,0.39000001109216137
516189,25301545985889508293321782755434072371936771538975200674445139222395623272851,1,No,no,2025-04-01 00:00:00+00:00,2025_03_31_close_1700_PT,2025-03-31 17:00:00-07:00,2025-03-30 16:38:33+00:00,0.968
516143,25742247876332768458781360292043764039507900813404980298479194684402595556451,0,Yes,yes,2025-04-01 00:00:00+00:00,2025_03_31_close_1700_PT,2025-03-31 17:00:00-07:00,2025-03-31 17:56:11+00:00,0.08
516190,27706044619360761256387697290478189707563660684659877077148428665563431908215,1,No,no,2025-04-01 00:00:00+00:00,2025_03_31_close_1700_PT,2025-03-31 17:00:00-07:00,2025-03-31 18:57:26+00:00,0.03799963333333333
525231,27854589915558666949911110700107109304807510472832754346848714713106576041207,0,Yes,yes,2025-04-01 00:00:00+00:00,2025_03_31_close_1700_PT,2025-03-31 17:00:00-07:00,2025-03-31 21:22:00+00:00,0.08
521025,28414938735362964078307100001374150957816395319940009652318455849499629150252,1,No,no,2025-04-01 00:00:00+00:00,2025_03_31_close_1700_PT,2025-03-31 17:00:00-07:00,2025-03-31 21:03:26+00:00,0.7900000065520001
525232,31566724138998405553508313449766802786847999037726188458982786371622924711878,1,No,no,2025-04-01 00:00:00+00:00,2025_03_31_close_1700_PT,2025-03-31 17:00:00-07:00,2025-03-31 21:24:04+00:00,0.75
524143,32156304147657186738936334568719617978558036247795210919856751006394161293073,1,No,no,2025-04-01 00:00:00+00:00,2025_03_31_close_1700_PT,2025-03-31 17:00:00-07:00,2025-03-31 04:53:39+00:00,0.86
526861,32921044856076201189154703786849418887213408387521621721061527935861828024828,0,Yes,yes,2025-04-01 00:00:00+00:00,2025_03_31_close_1700_PT,2025-03-31 17:00:00-07:00,2025-03-31 21:04:00+00:00,0.61
527278,33787629600621860180939604657495798919073059313987957113657471584613393310606,1,No,no,2025-04-01 00:00:00+00:00,2025_03_31_close_1700_PT,2025-03-31 17:00:00-07:00,2025-03-14 17:08:09+00:00,0.001
521499,37809713000353368658683984822433912106052732096671571646866650191133502648634,1,No,no,2025-04-01 00:00:00+00:00,2025_03_31_close_1700_PT,2025-03-31 17:00:00-07:00,2025-03-12 20:16:29+00:00,0.001
519628,37946704943888888914227612417452623974614267503719043957094985529354395995926,1,No,no,2025-04-01 00:00:00+00:00,2025_03_31_close_1700_PT,2025-03-31 17:00:00-07:00,2025-03-31 23:47:49+00:00,0.7
517693,38028235049989289118991891250017423701902844342596888644757673357241176888913,1,No,no,2025-04-01 00:00:00+00:00,2025_03_31_close_1700_PT,2025-03-31 17:00:00-07:00,2025-03-30 16:38:33+00:00,0.92
522057,39073221701552764059446410725782004011128353041681427534414147663135223634260,1,No,no,2025-04-01 00:00:00+00:00,2025_03_31_close_1700_PT,2025-03-31 17:00:00-07:00,2025-03-31 13:44:15+00:00,0.81
519628,39327269875426915204597944387916069897800289788920336317845465327697809453999,0,Yes,yes,2025-04-01 00:00:00+00:00,2025_03_31_close_1700_PT,2025-03-31 17:00:00-07:00,2025-03-31 23:47:49+00:00,0.3
527279,40001158490980829331315202760805197309678407198352511114569399283632572307422,0,Yes,yes,2025-04-01 00:00:00+00:00,2025_03_31_close_1700_PT,2025-03-31 17:00:00-07:00,2025-03-12 20:19:55+00:00,0.998
521103,40643730425995007653653846322257326466291751148478865541862332040512398068473,1,No,no,2025-04-01 00:00:00+00:00,2025_03_31_close_1700_PT,2025-03-31 17:00:00-07:00,2025-03-31 21:22:40+00:00,0.8499994474992542
519844,40914113765279699847589045742755525912767460490196542143342551731171071232917,0,Yes,yes,2025-04-01 00:00:00+00:00,2025_03_31_close_1700_PT,2025-03-31 17:00:00-07:00,2025-02-28 20:07:00+00:00,0.999
516719,42351579455604873042957090441032286075880144797259231030267680078160718556927,1,No,no,2025-04-01 00:00:00+00:00,2025_03_31_close_1700_PT,2025-03-31 17:00:00-07:00,2025-03-31 23:54:37+00:00,0.5099999008332837
523413,4274339277583331170231436480507835882687434608350779078862983050349942696879,1,No,no,2025-04-01 00:00:00+00:00,2025_03_31_close_1700_PT,2025-03-31 17:00:00-07:00,2025-03-31 16:44:59+00:00,0.87
521100,42807705713627033072721560874549512720856774493986139163714965545915531235572,1,No,no,2025-04-01 00:00:00+00:00,2025_03_31_close_1700_PT,2025-03-31 17:00:00-07:00,2025-03-12 20:16:21+00:00,0.001
524147,43469326409739858395690572881501444443817974097672167644298447954120789600137,0,Yes,yes,2025-04-01 00:00:00+00:00,2025_03_31_close_1700_PT,2025-03-31 17:00:00-07:00,2025-02-28 06:17:16+00:00,0.9988821436653187
518889,44380686214454472779171256638293817778327849773706779670665516622038269778385,1,No,no,2025-04-01 00:00:00+00:00,2025_03_31_close_1700_PT,2025-03-31 17:00:00-07:00,2025-03-31 23:54:49+00:00,0.71
517073,46900460840406661483474634104595482418501684854096906918305683910102403871123,0,Yes,yes,2025-04-01 00:00:00+00:00,2025_03_31_close_1700_PT,2025-03-31 17:00:00-07:00,2025-03-28 08:31:14+00:00,0.22
523413,46975241878566226675389813084558441099978633579735672808077735156890286559886,0,Yes,yes,2025-04-01 00:00:00+00:00,2025_03_31_close_1700_PT,2025-03-31 17:00:00-07:00,2025-03-30 07:42:59+00:00,0.1300348382509776
521499,47692708638309429756044208432818720002044706296619873136468383174493259480485,0,Yes,yes,2025-04-01 00:00:00+00:00,2025_03_31_close_1700_PT,2025-03-31 17:00:00-07:00,2025-03-12 20:16:29+00:00,0.999
522057,48477409091695386761559202853239391470463303066983260592312960625658563043275,0,Yes,yes,2025-04-01 00:00:00+00:00,2025_03_31_close_1700_PT,2025-03-31 17:00:00-07:00,2025-03-30 18:44:25+00:00,0.2
521026,49473000926194462184545427213242554383104595845909786504578023251386790224858,0,Yes,yes,2025-04-01 00:00:00+00:00,2025_03_31_close_1700_PT,2025-03-31 17:00:00-07:00,2025-03-31 21:03:48+00:00,0.5983064056069085
507984,50284187941943469569202009194355917949339120733469101749033950310686959468007,0,Yes,yes,2025-04-01 00:00:00+00:00,2025_03_31_close_1700_PT,2025-03-31 17:00:00-07:00,2024-12-12 21:27:58+00:00,0.002
521025,50391907985844971368730434370554275352555306650304559981296724287110163889372,0,Yes,yes,2025-04-01 00:00:00+00:00,2025_03_31_close_1700_PT,2025-03-31 17:00:00-07:00,2025-03-31 21:03:26+00:00,0.20999999344799994
527032,52520991936301939851844268554264807330714499642654844594240746592838266792432,1,No,no,2025-04-01 00:00:00+00:00,2025_03_31_close_1700_PT,2025-03-31 17:00:00-07:00,2025-03-11 19:15:04+00:00,0.999
524348,52960782840877996381169383667062216635147767148703288363719115614339176853095,0,Yes,yes,2025-04-01 00:00:00+00:00,2025_03_31_close_1700_PT,2025-03-31 17:00:00-07:00,2025-02-25 19:54:41+00:00,0.001
522878,5442743401928862894180841736263512191564084389996775978514134400673743050598,0,Putin,putin,2025-04-01 00:00:00+00:00,2025_03_31_close_1700_PT,2025-03-31 17:00:00-07:00,2025-02-28 20:00:10+00:00,0.001
522878,55264189025055373090161890959631464405045385380191735792739072809428026021736,1,Zelenskyy,zelenskyy,2025-04-01 00:00:00+00:00,2025_03_31_close_1700_PT,2025-03-31 17:00:00-07:00,2025-02-28 20:00:10+00:00,0.999
523197,55509409310784585364116971076570089959207228118269642206238982520364239944605,1,No,no,2025-04-01 00:00:00+00:00,2025_03_31_close_1700_PT,2025-03-31 17:00:00-07:00,2025-03-31 13:14:25+00:00,0.981
516187,56333219586489855674685549932194420713208928308331628771337419037140355178076,0,Yes,yes,2025-04-01 00:00:00+00:00,2025_03_31_close_1700_PT,2025-03-31 17:00:00-07:00,2025-03-27 15:25:04+00:00,0.05
523343,57160884655103428512814247631012981773015723019889832549493437551469480061242,1,No,no,2025-04-01 00:00:00+00:00,2025_03_31_close_1700_PT,2025-03-31 17:00:00-07:00,2025-03-31 18:45:21+00:00,0.565106168575024
516715,5802460671946751538636185453975614627729230853286731735057811449821051691611,0,Yes,yes,2025-04-01 00:00:00+00:00,2025_03_31_close_1700_PT,2025-03-31 17:00:00-07:00,2025-03-31 21:14:38+00:00,0.06
522895,62643694748826312587911382162440534823433709821141516597510649054633548502810,0,Yes,yes,2025-04-01 00:00:00+00:00,2025_03_31_close_1700_PT,2025-03-31 17:00:00-07:00,2025-03-31 22:19:17+00:00,0.3
519736,63894828884807366836211275957245556698359823645556214866812004935138375830618,0,Yes,yes,2025-04-01 00:00:00+00:00,2025_03_31_close_1700_PT,2025-03-31 17:00:00-07:00,2025-03-31 14:07:43+00:00,0.05
524147,6436214359665115810717148929293436681245885613476937891713590935932389735242,1,No,no,2025-04-01 00:00:00+00:00,2025_03_31_close_1700_PT,2025-03-31 17:00:00-07:00,2025-02-28 06:17:16+00:00,0.001
525157,64545313588399663482682286511585103428301403511234717343459455007091083337075,1,No,no,2025-04-01 00:00:00+00:00,2025_03_31_close_1700_PT,2025-03-31 17:00:00-07:00,2025-03-31 15:40:31+00:00,0.78
524291,6456202668171707900880212750943570928813250356351945554332572852984770395210,1,No,no,2025-04-01 00:00:00+00:00,2025_03_31_close_1700_PT,2025-03-31 17:00:00-07:00,2025-03-31 22:22:37+00:00,0.83
526861,65449845407755668776897976670879705991692250175624922195548093200952844680115,1,No,no,2025-04-01 00:00:00+00:00,2025_03_31_close_1700_PT,2025-03-31 17:00:00-07:00,2025-03-31 23:12:31+00:00,0.3899999773799968
524285,65482627758879803524003778479202246178420046841505286705606240559010331503838,0,Yes,yes,2025-04-01 00:00:00+00:00,2025_03_31_close_1700_PT,2025-03-31 17:00:00-07:00,2025-03-31 19:31:39+00:00,0.34999999910865875
526814,65961864506371256053813328069691531595710124813443748296296270747497043580971,1,No,no,2025-04-01 00:00:00+00:00,2025_03_31_close_1700_PT,2025-03-31 17:00:00-07:00,2025-03-25 19:12:44+00:00,0.001
522895,66339636783489562244427406324835042611372608866942882907689045655663784195972,1,No,no,2025-04-01 00:00:00+00:00,2025_03_31_close_1700_PT,2025-03-31 17:00:00-07:00,2025-03-31 22:19:17+00:00,0.7
524145,66356062315875533075062405949409720397580573066885585702377343083606583765118,0,Yes,yes,2025-04-01 00:00:00+00:00,2025_03_31_close_1700_PT,2025-03-31 17:00:00-07:00,2025-02-28 18:42:39+00:00,0.999
524310,6800060988333615171942817578522303119129729510028069894794248047438283072436,1,No,no,2025-04-01 00:00:00+00:00,2025_03_31_close_1700_PT,2025-03-31 17:00:00-07:00,2025-03-25 02:14:26+00:00,0.001
507984,68914504833157616843053838732988841773228477730246651549660144444755511574372,1,No,no,2025-04-01 00:00:00+00:00,2025_03_31_close_1700_PT,2025-03-31 17:00:00-07:00,2024-12-12 21:27:58+00:00,0.998
517693,69226537548379102137110260910766942274764101034650179979960227372969528243604,0,Yes,yes,2025-04-01 00:00:00+00:00,2025_03_31_close_1700_PT,2025-03-31 17:00:00-07:00,2025-03-30 16:38:33+00:00,0.08
521041,70920939650366426146836696994150938025168677239124917474200404356093431153260,1,No,no,2025-04-01 00:00:00+00:00,2025_03_31_close_1700_PT,2025-03-31 17:00:00-07:00,2025-03-31 16:29:45+00:00,0.95
516189,71685983838843709915160975671540060908877886707703474939962098991499689519711,0,Yes,yes,2025-04-01 00:00:00+00:00,2025_03_31_close_1700_PT,2025-03-31 17:00:00-07:00,2025-03-30 16:38:33+00:00,0.032
525232,73663957466489274595176785305097386128325404078001917490010407904837134882577,0,Yes,yes,2025-04-01 00:00:00+00:00,2025_03_31_close_1700_PT,2025-03-31 17:00:00-07:00,2025-03-31 18:48:15+00:00,0.26999998055999946
524348,73984012795437798473481687953253285098754321969692105101879063972760068638228,1,No,no,2025-04-01 00:00:00+00:00,2025_03_31_close_1700_PT,2025-03-31 17:00:00-07:00,2025-02-25 19:54:41+00:00,0.999
525157,74129046843921940913413587682588886122583847748489066762857187137233978267670,0,Yes,yes,2025-04-01 00:00:00+00:00,2025_03_31_close_1700_PT,2025-03-31 17:00:00-07:00,2025-03-31 20:51:30+00:00,0.21999995306666104
519048,74534059827731044353009484655251717921023956616694121520435859117169009979824,0,Yes,yes,2025-04-01 00:00:00+00:00,2025_03_31_close_1700_PT,2025-03-31 17:00:00-07:00,2025-03-31 23:00:33+00:00,0.1
524477,75533964938719028696952998369094361524498526879485856631877081096914627658644,1,No,no,2025-04-01 00:00:00+00:00,2025_03_31_close_1700_PT,2025-03-31 17:00:00-07:00,2025-03-31 22:32:31+00:00,0.9756668889629877
518889,76417393963448037479806799796874747547221511591996743269503725518742470496274,0,Yes,yes,2025-04-01 00:00:00+00:00,2025_03_31_close_1700_PT,2025-03-31 17:00:00-07:00,2025-03-31 23:54:49+00:00,0.29
523197,76517872896411850784270344965682992803318434169987777444136970978963357739156,0,Yes,yes,2025-04-01 00:00:00+00:00,2025_03_31_close_1700_PT,2025-03-31 17:00:00-07:00,2025-03-31 21:03:52+00:00,0.018999981702999325
519048,76643504232063200802060773779828726415087044269171506931668031354693251545396,1,No,no,2025-04-01 00:00:00+00:00,2025_03_31_close_1700_PT,2025-03-31 17:00:00-07:00,2025-03-31 23:00:33+00:00,0.9
527278,76683579252562835143863542840343898007243510337054657506558517873008498105093,0,Yes,yes,2025-04-01 00:00:00+00:00,2025_03_31_close_1700_PT,2025-03-31 17:00:00-07:00,2025-03-14 17:08:09+00:00,0.999
516187,76896069667756716472035601301016783496873889454464161011234150458037478069918,1,No,no,2025-04-01 00:00:00+00:00,2025_03_31_close_1700_PT,2025-03-31 17:00:00-07:00,2025-03-27 15:25:04+00:00,0.95
517073,78869803177078589287716771530665317651497156168734051494454473188006845916520,1,No,no,2025-04-01 00:00:00+00:00,2025_03_31_close_1700_PT,2025-03-31 17:00:00-07:00,2025-03-27 23:13:56+00:00,0.78
522894,81020312652589627285197771109762839746287006928172707150877539028691834065212,0,Yes,yes,2025-04-01 00:00:00+00:00,2025_03_31_close_1700_PT,2025-03-31 17:00:00-07:00,2025-03-30 18:02:21+00:00,0.05
524310,82246973513888061559569421022652964687465272762066736721360354291228748283806,0,Yes,yes,2025-04-01 00:00:00+00:00,2025_03_31_close_1700_PT,2025-03-31 17:00:00-07:00,2025-03-25 02:14:26+00:00,0.999
516190,83080252071092689902932666850490074811760131055025811650818073654402601835484,0,Yes,yes,2025-04-01 00:00:00+00:00,2025_03_31_close_1700_PT,2025-03-31 17:00:00-07:00,2025-03-31 18:57:26+00:00,0.962
521041,83524440200143860657028178945801858366378129256359488825050609853223919531809,0,Yes,yes,2025-04-01 00:00:00+00:00,2025_03_31_close_1700_PT,2025-03-31 17:00:00-07:00,2025-03-31 16:29:45+00:00,0.05
524477,83547673164506671794819260938344653989875088069034224812175182562166039721574,0,Yes,yes,2025-04-01 00:00:00+00:00,2025_03_31_close_1700_PT,2025-03-31 17:00:00-07:00,2025-03-31 22:32:31+00:00,0.024
525231,83742739530586820493605246339344277590673217105618245459443915506041800643469,1,No,no,2025-04-01 00:00:00+00:00,2025_03_31_close_1700_PT,2025-03-31 17:00:00-07:00,2025-03-31 21:22:00+00:00,0.92
510319,84888738552927367074645370589243532246434846262240067551074642775011167355434,0,Yes,yes,2025-04-01 00:00:00+00:00,2025_03_31_close_1700_PT,2025-03-31 17:00:00-07:00,2025-03-31 23:38:49+00:00,0.07
527081,85329416514471004297478005149625146014624743562622421967455557722819447174298,0,Yes,yes,2025-04-01 00:00:00+00:00,2025_03_31_close_1700_PT,2025-03-31 17:00:00-07:00,2025-03-31 16:04:13+00:00,0.25
526229,86304131703011980721755979925817881408007934797292837200662297834354514178950,1,No,no,2025-04-01 00:00:00+00:00,2025_03_31_close_1700_PT,2025-03-31 17:00:00-07:00,2025-03-31 17:53:34+00:00,0.983
510319,86857783363775257860227917708309268561005168570896999677788731255030014967896,1,No,no,2025-04-01 00:00:00+00:00,2025_03_31_close_1700_PT,2025-03-31 17:00:00-07:00,2025-03-31 23:51:43+00:00,0.9399994295168007
526229,88551081062941956754624270296481102277138087249231124901142839087117648363109,0,Yes,yes,2025-04-01 00:00:00+00:00,2025_03_31_close_1700_PT,2025-03-31 17:00:00-07:00,2025-03-31 20:52:18+00:00,0.02254901524394461
524292,9014695769446700891659134648259488341557414914618690658701879241952037527074,1,No,no,2025-04-01 00:00:00+00:00,2025_03_31_close_1700_PT,2025-03-31 17:00:00-07:00,2025-03-31 20:19:25+00:00,0.8800001008000161
527032,90544185197348445762400462367487730947998989538649021442756705113012034127717,0,Yes,yes,2025-04-01 00:00:00+00:00,2025_03_31_close_1700_PT,2025-03-31 17:00:00-07:00,2025-03-11 17:55:03+00:00,0.01
516315,9252583647094848244431316973245869222379640287360099162283052699401101960353,0,Yes,yes,2025-04-01 00:00:00+00:00,2025_03_31_close_1700_PT,2025-03-31 17:00:00-07:00,2025-03-31 17:45:20+00:00,0.045780437044745055
516143,95786924372760057572092804419385993470890190892343223404877167501659835222533,1,No,no,2025-04-01 00:00:00+00:00,2025_03_31_close_1700_PT,2025-03-31 17:00:00-07:00,2025-03-31 20:41:39+00:00,0.91
522056,96601928894191559916157952751631886797424000157973909225754084049773554405468,0,Yes,yes,2025-04-01 00:00:00+00:00,2025_03_31_close_1700_PT,2025-03-31 17:00:00-07:00,2025-03-31 23:25:13+00:00,0.43999998122666495
527005,96618036676034164847772351078297997221316377064022855127438030193903015078566,1,No,no,2025-04-01 00:00:00+00:00,2025_03_31_close_1700_PT,2025-03-31 17:00:00-07:00,2025-03-31 04:10:11+00:00,0.8399996471997954
524021,97262919156133260921887403057581420516585464065308475066791456615017669503669,0,Yes,yes,2025-04-01 00:00:00+00:00,2025_03_31_close_1700_PT,2025-03-31 17:00:00-07:00,2025-03-31 18:22:51+00:00,0.3426573424793388
