platform,category,market_key,event_key,status,volume,liquidity_or_oi,created_at,end_date,title,yes_sub_title,no_sub_title,slug
kalshi,direct_housing_data,FRMMAX-22DEC29-P7.5,FRMMAX-22DEC29,finalized,113848.0,29535.0,2022-05-16 06:39:23.904740-07:00,2022-12-29 06:55:00-08:00,"Will the 30-year fixed rate mortgage rate reach above 7.5% by December 29, 2022?",Above 7.5%,7.5% or below,
kalshi,direct_housing_data,FRMMAX-22DEC29-P6.5,FRMMAX-22DEC29,finalized,60564.0,20048.0,2022-05-16 06:39:23.904735-07:00,2022-09-29 07:08:24.652444-07:00,"Will the 30-year fixed rate mortgage rate reach above 6.5% by December 29, 2022?",Above 6.5%,6.5% or below,
kalshi,direct_housing_data,FRMMAX-22DEC29-P7.0,FRMMAX-22DEC29,finalized,54229.0,21548.0,2022-05-16 06:39:23.904737-07:00,2022-10-27 07:07:38.901870-07:00,"Will the 30-year fixed rate mortgage rate reach above 7.0% by December 29, 2022?",Above 7.0%,7.0% or below,
kalshi,direct_housing_data,FRMMAX-22DEC29-P6.0,FRMMAX-22DEC29,finalized,36413.0,11708.0,2022-05-16 06:39:23.904732-07:00,2022-09-19 08:35:01.082688-07:00,"Will the 30-year fixed rate mortgage rate reach above 6.0% by December 29, 2022?",Above 6.0%,6.0% or below,
kalshi,direct_housing_data,FRMMAX-22DEC29-P8.0,FRMMAX-22DEC29,finalized,19894.0,10696.0,2022-11-02 06:47:10.882108-07:00,2022-12-29 06:55:00-08:00,"Will the 30-year fixed rate mortgage rate reach above 8.0% by December 29, 2022?",Above 8.0%,8.0% or below,
kalshi,direct_housing_data,FRM-21AUG12-T2.80,FRM-21AUG12,finalized,14940.0,9864.0,2021-08-05 13:03:25.664745-07:00,2021-08-11 17:00:00-07:00,Will the 30-Year Fixed Rate Mortgage rate be above 2.80%?,Above 2.80%%,2.80%% or below,
kalshi,direct_housing_data,FRMMAX-23DEC28-P7.8,FRMMAX-23DEC28,finalized,13047.0,2940.0,2023-10-06 12:21:07.159935-07:00,2023-12-28 06:55:00-08:00,"Will the 30-year fixed rate mortgage rate reach  7.8% by December 28, 2023?",Above 7.8%,7.8% or below,
kalshi,direct_housing_data,FRM-22AUG25-T5.30,FRM-22AUG25,finalized,12613.0,6503.0,2022-08-19 07:31:30.506393-07:00,2022-08-25 06:55:00-07:00,Will the 30-Year Fixed Rate Mortgage rate be above 5.30%?,Above 5.30%,5.30% or below,
kalshi,direct_housing_data,HOME-22FEB-T800,HOME-22FEB,finalized,12566.0,4463.0,2022-02-25 06:33:28.927708-08:00,2022-03-23 06:55:00-07:00,"Will **new U.S. home sales** be above 800,000 in February?","Above 800,000","800,000 or below",
kalshi,direct_housing_data,FRM-22JUL28-T5.50,FRM-22JUL28,finalized,10854.0,7560.0,2022-07-22 06:51:03.125067-07:00,2022-07-28 06:55:00-07:00,Will the **30-Year Fixed Rate Mortgage** rate be above 5.50%?,Above %,% or below,
kalshi,direct_housing_data,FRM-22AUG25-T5.40,FRM-22AUG25,finalized,10848.0,7305.0,2022-08-19 07:32:55.637800-07:00,2022-08-25 06:55:00-07:00,Will the 30-Year Fixed Rate Mortgage rate be above 5.40%?,Above 5.40%,5.40% or below,
kalshi,direct_housing_data,FRMMIN-24SEP26-P6.4,FRMMIN-24SEP26,finalized,9996.0,3469.0,2024-06-20 08:16:01.337094-07:00,2024-09-01 16:25:04.034989-07:00,"Will the 30-year fixed rate mortgage rate reach below 6.4% by September 26, 2024?",Below 6.4%,6.4% or above,
kalshi,direct_housing_data,FRM-21SEP02-T2.86,FRM-21SEP02,finalized,9949.0,3229.0,2021-08-26 13:21:10.112359-07:00,2021-09-01 17:00:00-07:00,Will the 30-Year Fixed Rate Mortgage rate be above 2.86%?,Above 2.86%%,2.86%% or below,
kalshi,direct_housing_data,FRM-23APR13-T6.2,FRM-23APR13,finalized,9472.0,8531.0,2023-04-07 06:37:31.605863-07:00,2023-04-13 08:55:00-07:00,Will the 30-Year Fixed Rate Mortgage rate be above 6.2%?,Above 6.2%,6.2% or below,
kalshi,direct_housing_data,FRM-22AUG18-T5.20,FRM-22AUG18,finalized,9401.0,8923.0,2022-08-12 06:38:27.835742-07:00,2022-08-18 06:55:00-07:00,Will the **30-Year Fixed Rate Mortgage** rate be above 5.20%?,Above 5.20%,5.20% or below,
kalshi,direct_housing_data,FRM-23APR27-T6.5,FRM-23APR27,finalized,9198.0,9128.0,2023-04-21 06:37:33.269074-07:00,2023-04-27 08:55:00-07:00,Will the 30-Year Fixed Rate Mortgage rate be above 6.5%?,Above 6.5%,6.5% or below,
kalshi,direct_housing_data,FRM-22AUG04-T5.00,FRM-22AUG04,finalized,9084.0,5937.0,2022-07-30 06:49:03.356273-07:00,2022-08-04 06:55:00-07:00,Will the **30-Year Fixed Rate Mortgage** rate be above 5.00%?,Above 5.00%,5.00% or below,
kalshi,direct_housing_data,FRM-23JAN12-T6.20,FRM-23JAN12,finalized,9005.0,5874.0,2023-01-06 06:45:02.253149-08:00,2023-01-12 08:55:00-08:00,Will the 30-Year Fixed Rate Mortgage rate be above 6.20%?,Above 6.20%,6.20% or below,
kalshi,direct_housing_data,FRM-22MAR04-T3.89,FRM-22MAR04,finalized,8332.0,2955.0,2022-02-25 06:24:50.410833-08:00,2022-03-03 06:55:00-08:00,Will the **30-Year Fixed Rate Mortgage** rate be above 3.89%?,Above 3.89%%,3.89%% or below,
kalshi,direct_housing_data,FRM-22JAN27-T3.56,FRM-22JAN27,finalized,7715.0,4382.0,2022-01-20 07:18:46.406446-08:00,2022-01-27 06:55:00-08:00,Will the **30-Year Fixed Rate Mortgage** rate be above 3.56%?,Above 3.56%%,3.56%% or below,
kalshi,direct_housing_data,FRM-22MAR17-T3.85,FRM-22MAR17,finalized,7623.0,6879.0,2022-03-11 06:06:24.120758-08:00,2022-03-17 06:55:00-07:00,Will the **30-Year Fixed Rate Mortgage** rate be above 3.85%?,Above 3.85%%,3.85%% or below,
kalshi,direct_housing_data,HOME-21DEC-T750,HOME-21DEC,finalized,7268.0,3460.0,2021-12-27 06:54:21.267543-08:00,2022-01-26 06:55:00-08:00,"Will **new U.S. home sales** be above 750,000 in December?","Above 750,000","750,000 or below",
kalshi,direct_housing_data,FRMMIN-23DEC28-P7.2,FRMMIN-23DEC28,finalized,7187.0,4306.0,2023-10-06 12:25:45.527698-07:00,2023-12-08 12:15:51.715673-08:00,"Will the 30-year fixed rate mortgage rate reach below 7.2% by December 28, 2023?",Below 7.2%,7.2% or above,
kalshi,direct_housing_data,HOME-21AUG-T700,HOME-21AUG,finalized,7072.0,4131.0,2021-08-25 14:19:44.595498-07:00,2021-09-23 16:00:00-07:00,"Will new U.S. home sales be above 700,000 in August?","Above 700,000","700,000 or below",
kalshi,direct_housing_data,FRMMAX-23DEC28-P8.0,FRMMAX-23DEC28,finalized,7058.0,1959.0,2023-10-03 14:31:01.768655-07:00,2023-12-28 06:55:00-08:00,"Will the 30-year fixed rate mortgage rate reach above 8.0% by December 28, 2023?",Above 8.0%,8.0% or below,
kalshi,direct_housing_data,HOME-21JUL-T690,HOME-21JUL,finalized,7029.0,4001.0,2021-07-26 14:56:06.867830-07:00,2021-08-23 16:00:00-07:00,"Will new U.S. home sales be above 690,000 in July?","Above 690,000","690,000 or below",
kalshi,direct_housing_data,FRM-22FEB24-T3.92,FRM-22FEB24,finalized,7005.0,3518.0,2022-02-18 06:16:40.014431-08:00,2022-02-24 06:55:00-08:00,Will the **30-Year Fixed Rate Mortgage** rate be above 3.92%?,Above 3.92%%,3.92%% or below,
kalshi,direct_housing_data,FRM-22JUN23-T5.90,FRM-22JUN23,finalized,6808.0,3308.0,2022-06-17 09:09:17.414956-07:00,2022-06-23 06:55:00-07:00,Will the **30-Year Fixed Rate Mortgage** rate be above 5.90%?,Above 5.90%%,5.90%% or below,
kalshi,direct_housing_data,FRM-22NOV03-T7.00,FRM-22NOV03,finalized,6675.0,3743.0,2022-10-28 06:12:50.493779-07:00,2022-11-03 06:55:00-07:00,Will the 30-Year Fixed Rate Mortgage rate be above 7.00%?,Above 7.00%,7.00% or below,
kalshi,direct_housing_data,FRM-23JAN12-T6.40,FRM-23JAN12,finalized,6557.0,6524.0,2023-01-06 06:45:46.953572-08:00,2023-01-12 08:55:00-08:00,Will the 30-Year Fixed Rate Mortgage rate be above 6.40%?,Above 6.40%,6.40% or below,
kalshi,direct_housing_data,FRMMIN-23DEC28-P7.0,FRMMIN-23DEC28,finalized,6292.0,4005.0,2023-10-06 12:26:42.095475-07:00,2023-12-15 07:13:23.315401-08:00,"Will the 30-year fixed rate mortgage rate reach below 7.0% by December 28, 2023?",Below 7.0%,7.0% or above,
kalshi,direct_housing_data,HOME-22JAN-T800,HOME-22JAN,finalized,6267.0,4791.0,2022-01-27 06:17:19.499394-08:00,2022-02-17 06:55:00-08:00,"Will new **U.S. home sales** be above 800,000 in January?","Above 800,000","800,000 or below",
kalshi,direct_housing_data,FRM-22OCT06-T6.65,FRM-22OCT06,finalized,6265.0,2501.0,2022-09-30 06:22:47.163514-07:00,2022-10-06 06:55:00-07:00,Will the 30-Year Fixed Rate Mortgage rate be above 6.65%?,Above 6.65%,6.65% or below,
kalshi,direct_housing_data,HPI-21OCT-T1,HPI-21OCT,finalized,6133.0,1503.0,2021-12-01 06:39:19.908169-08:00,2022-01-05 07:09:14.208117-08:00,Will the **Housing Price Index** rise by more than 1% between September and October 2021?,Above 1%,1% or below,
kalshi,direct_housing_data,FRM-22MAR10-T3.76,FRM-22MAR10,finalized,6103.0,2770.0,2022-03-05 06:47:46.346089-08:00,2022-03-10 06:55:00-08:00,Will the **30-Year Fixed Rate Mortgage** rate be above 3.76%?,Above 3.76%%,3.76%% or below,
kalshi,direct_housing_data,FRM-23MAR09-T6.8,FRM-23MAR09,finalized,6047.0,4813.0,2023-03-03 06:32:04.997906-08:00,2023-03-09 08:55:00-08:00,Will the 30-Year Fixed Rate Mortgage rate be above 6.8%?,Above 6.8%,6.8% or below,
kalshi,direct_housing_data,FRM-21AUG19-T2.85,FRM-21AUG19,finalized,5907.0,3123.0,2021-08-12 12:39:19.064496-07:00,2021-08-18 17:00:00-07:00,Will the 30-Year Fixed Rate Mortgage rate be above 2.85%?,Above 2.85%%,2.85%% or below,
kalshi,direct_housing_data,FRM-22OCT06-T6.90,FRM-22OCT06,finalized,5866.0,5302.0,2022-09-30 06:22:47.163514-07:00,2022-10-06 06:55:00-07:00,Will the 30-Year Fixed Rate Mortgage rate be above 6.90%?,Above 6.90%,6.90% or below,
kalshi,direct_housing_data,FRM-22NOV03-T7.05,FRM-22NOV03,finalized,5756.0,3367.0,2022-10-28 06:12:50.493779-07:00,2022-11-03 06:55:00-07:00,Will the 30-Year Fixed Rate Mortgage rate be above 7.05%?,Above 7.05%,7.05% or below,
kalshi,direct_housing_data,FRM-22JUN30-T5.90,FRM-22JUN30,finalized,5750.0,2991.0,2022-06-24 06:13:41.828519-07:00,2022-06-30 06:55:00-07:00,Will the **30-Year Fixed Rate Mortgage** rate be above 5.90%?,Above 5.90%%,5.90%% or below,
kalshi,direct_housing_data,FRM-22JAN20-T3.45,FRM-22JAN20,finalized,5737.0,3335.0,2022-01-13 07:14:28.613653-08:00,2022-01-20 06:55:00-08:00,Will the **30-Year Fixed Rate Mortgage** rate be above 3.45%?,Above 3.45%%,3.45%% or below,
kalshi,direct_housing_data,FRM-21DEC09-T3.11,FRM-21DEC09,finalized,5669.0,3483.0,2021-12-02 07:30:40.820424-08:00,2021-12-08 17:00:00-08:00,Will the **30-Year Fixed Rate Mortgage** rate be above 3.11%?,Above 3.11%%,3.11%% or below,
kalshi,direct_housing_data,FRM-21SEP09-T2.87,FRM-21SEP09,finalized,5624.0,2261.0,2021-09-02 17:40:52.461597-07:00,2021-09-09 12:00:00-07:00,Will the 30-Year Fixed Rate Mortgage rate be above 2.87%?,Above 2.87%%,2.87%% or below,
kalshi,direct_housing_data,FRM-23JAN05-T6.6,FRM-23JAN05,finalized,5556.0,5555.0,2022-12-30 06:57:38.823780-08:00,2023-01-05 08:55:00-08:00,Will the 30-Year Fixed Rate Mortgage rate be above 6.6%?,Above 6.6%,6.6% or below,
kalshi,direct_housing_data,FRM-22JUN30-T5.80,FRM-22JUN30,finalized,5527.0,4741.0,2022-06-24 06:13:41.828515-07:00,2022-06-30 06:55:00-07:00,Will the **30-Year Fixed Rate Mortgage** rate be above 5.80%?,Above 5.80%%,5.80%% or below,
kalshi,direct_housing_data,FRMMIN-23DEC28-P7.1,FRMMIN-23DEC28,finalized,5404.0,4921.0,2023-10-06 12:26:09.924681-07:00,2023-12-08 12:15:56.427781-08:00,"Will the 30-year fixed rate mortgage rate reach below 7.1% by December 28, 2023?",Below 7.1%,7.1% or above,
kalshi,direct_housing_data,FRM-22NOV17-T7.00,FRM-22NOV17,finalized,5393.0,4868.0,2022-11-11 06:15:14.172035-08:00,2022-11-17 06:55:00-08:00,Will the 30-Year Fixed Rate Mortgage rate be above 7.00%?,Above 7.00%,7.00% or below,
kalshi,direct_housing_data,FRM-22AUG04-T5.10,FRM-22AUG04,finalized,5360.0,4954.0,2022-07-30 06:49:03.356276-07:00,2022-08-04 06:55:00-07:00,Will the **30-Year Fixed Rate Mortgage** rate be above 5.10%?,Above 5.10%,5.10% or below,
kalshi,direct_housing_data,FRM-22JUN23-T5.80,FRM-22JUN23,finalized,5301.0,3211.0,2022-06-17 09:09:17.414952-07:00,2022-06-23 06:55:00-07:00,Will the **30-Year Fixed Rate Mortgage** rate be above 5.80%?,Above 5.80%%,5.80%% or below,
kalshi,direct_housing_data,FRM-22JUN09-T5.09,FRM-22JUN09,finalized,5197.0,3838.0,2022-06-03 06:29:31.857751-07:00,2022-06-09 06:55:00-07:00,Will the **30-Year Fixed Rate Mortgage** rate be above 5.09%?,Above 5.09%%,5.09%% or below,
kalshi,direct_housing_data,FRM-22NOV03-T7.15,FRM-22NOV03,finalized,5189.0,3403.0,2022-10-28 06:12:50.493779-07:00,2022-11-03 06:55:00-07:00,Will the 30-Year Fixed Rate Mortgage rate be above 7.15%?,Above 7.15%,7.15% or below,
kalshi,direct_housing_data,FRM-22OCT13-T6.60,FRM-22OCT13,finalized,5136.0,3112.0,2022-10-08 06:37:25.028669-07:00,2022-10-13 06:55:00-07:00,Will the 30-Year Fixed Rate Mortgage rate be above 6.60%?,Above 6.60%,6.60% or below,
kalshi,direct_housing_data,FRM-22OCT06-T6.70,FRM-22OCT06,finalized,5060.0,2256.0,2022-09-30 06:22:47.163514-07:00,2022-10-06 06:55:00-07:00,Will the 30-Year Fixed Rate Mortgage rate be above 6.70%?,Above 6.70%,6.70% or below,
kalshi,direct_housing_data,FRM-22DEC08-T6.30,FRM-22DEC08,finalized,5056.0,1856.0,2022-12-02 06:33:27.620793-08:00,2022-12-08 06:55:00-08:00,Will the 30-Year Fixed Rate Mortgage rate be above 6.30%?,Above 6.30%,6.30% or below,
kalshi,direct_housing_data,FRM-23MAR02-T6.7,FRM-23MAR02,finalized,4990.0,4127.0,2023-02-24 06:31:48.160301-08:00,2023-03-02 08:55:00-08:00,Will the 30-Year Fixed Rate Mortgage rate be above 6.7%?,Above 6.7%,6.7% or below,
kalshi,direct_housing_data,FRM-22AUG04-T5.20,FRM-22AUG04,finalized,4950.0,4774.0,2022-07-30 06:49:03.356279-07:00,2022-08-04 06:55:00-07:00,Will the **30-Year Fixed Rate Mortgage** rate be above 5.20%?,Above 5.20%,5.20% or below,
kalshi,direct_housing_data,FRM-23MAY25-T6.5,FRM-23MAY25,finalized,4876.0,4206.0,2023-05-19 06:37:25.153091-07:00,2023-05-25 08:55:00-07:00,Will the 30-Year Fixed Rate Mortgage rate be above 6.5%?,Above 6.5%,6.5% or below,
kalshi,direct_housing_data,FRM-21SEP30-T2.88,FRM-21SEP30,finalized,4854.0,1575.0,2021-09-23 07:21:57.230035-07:00,2021-09-29 17:00:00-07:00,Will the 30-Year Fixed Rate Mortgage rate be above 2.88%?,Above 2.88%%,2.88%% or below,
kalshi,direct_housing_data,FRM-22JUN30-T5.70,FRM-22JUN30,finalized,4806.0,3355.0,2022-06-24 07:18:57.831990-07:00,2022-06-30 06:55:00-07:00,Will the **30-Year Fixed Rate Mortgage** rate be above 5.70%?,Above 5.70%%,5.70%% or below,
kalshi,direct_housing_data,FRM-22AUG04-T5.30,FRM-22AUG04,finalized,4794.0,3579.0,2022-07-30 06:49:03.356282-07:00,2022-08-04 06:55:00-07:00,Will the **30-Year Fixed Rate Mortgage** rate be above 5.30%?,Above 5.30%,5.30% or below,
kalshi,direct_housing_data,FRM-23JAN12-T6.30,FRM-23JAN12,finalized,4647.0,3698.0,2023-01-06 06:45:15.548512-08:00,2023-01-12 08:55:00-08:00,Will the 30-Year Fixed Rate Mortgage rate be above 6.30%?,Above 6.30%,6.30% or below,
kalshi,direct_housing_data,FRMMAX-24MAR28-P7.0,FRMMAX-24MAR28,finalized,4626.0,1465.0,2024-01-04 08:19:41.709048-08:00,2024-03-28 08:55:00-07:00,"Will the 30-year fixed rate mortgage rate reach above 7.0% by March 28, 2024?",Above 7.0%,7.0% or below,
kalshi,direct_housing_data,FRM-22SEP15-T5.90,FRM-22SEP15,finalized,4573.0,3382.0,2022-09-09 06:11:45.871103-07:00,2022-09-15 06:55:00-07:00,Will the **30-Year Fixed Rate Mortgage** rate be above 5.90%?,Above 5.90%,5.90% or below,
kalshi,direct_housing_data,FRM-21NOV26-T3.10,FRM-21NOV26,finalized,4498.0,3074.0,2021-11-24 07:22:37.692018-08:00,2021-12-01 19:00:00-08:00,Will the **30-Year Fixed Rate Mortgage** rate be above 3.10%?,Above 3.10%%,3.10%% or below,
kalshi,direct_housing_data,FRMMIN-24DEC26-P6.0,FRMMIN-24DEC26,finalized,4350.0,2671.0,2024-09-30 07:13:59.923971-07:00,2024-12-26 06:55:00-08:00,"Will the 30-year fixed rate mortgage rate reach below 6.0% by December 26, 2024?",below 6.0%,below 6.0%,
kalshi,direct_housing_data,FRM-22AUG04-T4.90,FRM-22AUG04,finalized,4337.0,2832.0,2022-07-30 06:49:03.356270-07:00,2022-08-04 06:55:00-07:00,Will the **30-Year Fixed Rate Mortgage** rate be above 4.90%?,Above 4.90%,4.90% or below,
kalshi,direct_housing_data,FRMMAX-22DEC29-P8.5,FRMMAX-22DEC29,finalized,4325.0,1345.0,2022-11-02 06:49:35.508756-07:00,2022-12-29 06:55:00-08:00,"Will the 30-year fixed rate mortgage rate reach above 8.5% by December 29, 2022?",Above 8.5%,8.5% or below,
kalshi,direct_housing_data,FRM-22JAN06-T3.11,FRM-22JAN06,finalized,4316.0,3250.0,2021-12-31 06:48:16.223356-08:00,2022-01-06 06:55:00-08:00,Will the **30-Year Fixed Rate Mortgage** rate be above 3.11%?,Above 3.11%%,3.11%% or below,
kalshi,direct_housing_data,FRM-22DEC22-T6.30,FRM-22DEC22,finalized,4281.0,2552.0,2022-12-16 06:14:34.599612-08:00,2022-12-22 08:55:00-08:00,Will the 30-Year Fixed Rate Mortgage rate be above 6.30%?,Above 6.30%,6.30% or below,
kalshi,direct_housing_data,FRM-21OCT21-T3.05,FRM-21OCT21,finalized,4276.0,1001.0,2021-10-14 07:06:49.544832-07:00,2021-10-20 17:00:00-07:00,Will the 30-Year Fixed Rate Mortgage rate be above 3.05%?,Above 3.05%%,3.05%% or below,
kalshi,direct_housing_data,FRM-23JAN19-T6.2,FRM-23JAN19,finalized,4203.0,3002.0,2023-01-13 06:40:54.483712-08:00,2023-01-19 08:55:00-08:00,Will the 30-Year Fixed Rate Mortgage rate be above 6.2%?,Above 6.2%,6.2% or below,
kalshi,direct_housing_data,FRM-22JUL28-T5.60,FRM-22JUL28,finalized,4158.0,3883.0,2022-07-22 06:51:03.125071-07:00,2022-07-28 06:55:00-07:00,Will the **30-Year Fixed Rate Mortgage** rate be above 5.60%?,Above %,% or below,
kalshi,direct_housing_data,FRMMAX-22DEC29-P5.5,FRMMAX-22DEC29,finalized,4155.0,2364.0,2022-05-16 06:39:23.904729-07:00,2022-06-17 10:03:22.118612-07:00,"Will the 30-year fixed rate mortgage rate reach above 5.5% by December 29, 2022?",Above 5.5%,5.5% or below,
kalshi,direct_housing_data,FRM-22APR21-T5.05,FRM-22APR21,finalized,4124.0,2333.0,2022-04-15 06:21:28.482075-07:00,2022-04-21 06:55:00-07:00,Will the **30-Year Fixed Rate Mortgage** rate be above 5.05%?,Above 5.05%%,5.05%% or below,
kalshi,direct_housing_data,FRM-22MAY19-T5.31,FRM-22MAY19,finalized,4108.0,2962.0,2022-05-12 08:13:12.682137-07:00,2022-05-19 06:55:00-07:00,Will the **30-Year Fixed Rate Mortgage** rate be above 5.31%?,Above 5.31%%,5.31%% or below,
kalshi,direct_housing_data,FRM-22MAR24-T4.16,FRM-22MAR24,finalized,4030.0,2945.0,2022-03-19 06:53:02.737652-07:00,2022-03-24 06:55:00-07:00,Will the **30-Year Fixed Rate Mortgage** rate be above 4.16%?,Above 4.16%%,4.16%% or below,
kalshi,direct_housing_data,FRM-22NOV10-T7.10,FRM-22NOV10,finalized,3975.0,1897.0,2022-11-04 06:20:21.246236-07:00,2022-11-10 06:55:00-08:00,Will the 30-Year Fixed Rate Mortgage rate be above 7.10%?,Above 7.10%,7.10% or below,
kalshi,direct_housing_data,HOME-21JUN-T750,HOME-21JUN,finalized,3952.0,2259.0,2021-06-30 06:49:48.639556-07:00,2021-07-25 16:00:00-07:00,"Will new U.S. home sales be above 750,000?","Above 750,000","750,000 or below",
kalshi,direct_housing_data,FRM-22SEP01-T5.80,FRM-22SEP01,finalized,3906.0,3148.0,2022-08-26 06:40:04.799057-07:00,2022-09-01 06:55:00-07:00,Will the **30-Year Fixed Rate Mortgage** rate be above 5.80%?,Above 5.80%,5.80% or below,
kalshi,direct_housing_data,FRM-22JUL07-T5.50,FRM-22JUL07,finalized,3887.0,2891.0,2022-07-01 07:29:52.646593-07:00,2022-07-07 06:55:00-07:00,Will the 30-Year Fixed Rate Mortgage rate be above 5.50%?,Above 5.50%%,5.50%% or below,
kalshi,direct_housing_data,FRM-22APR28-T5.18,FRM-22APR28,finalized,3839.0,1747.0,2022-04-24 06:45:57.772313-07:00,2022-04-28 06:55:00-07:00,Will the **30-Year Fixed Rate Mortgage** rate be above 5.18%?,Above 5.18%%,5.18%% or below,
kalshi,direct_housing_data,FRM-22FEB10-T3.55,FRM-22FEB10,finalized,3826.0,3054.0,2022-02-04 06:52:28.209367-08:00,2022-02-10 06:55:00-08:00,Will the **30-Year Fixed Rate Mortgage** rate be above 3.55%?,Above 3.55%%,3.55%% or below,
kalshi,direct_housing_data,FRM-22DEC22-T6.20,FRM-22DEC22,finalized,3809.0,1488.0,2022-12-16 06:14:34.599612-08:00,2022-12-22 08:55:00-08:00,Will the 30-Year Fixed Rate Mortgage rate be above 6.20%?,Above 6.20%,6.20% or below,
kalshi,direct_housing_data,FRM-21AUG05-T2.82,FRM-21AUG05,finalized,3795.0,3115.0,2021-07-29 09:45:08.015838-07:00,2021-08-04 17:00:00-07:00,Will the 30-Year Fixed Rate Mortgage rate be above 2.82%?,Above 2.82%%,2.82%% or below,
kalshi,direct_housing_data,FRM-22JUN16-T5.26,FRM-22JUN16,finalized,3790.0,2539.0,2022-06-10 06:31:20.200016-07:00,2022-06-16 06:55:00-07:00,Will the **30-Year Fixed Rate Mortgage** rate be above 5.26%?,Above 5.26%%,5.26%% or below,
kalshi,direct_housing_data,FRMMAX-24JUN27-P7.4,FRMMAX-24JUN27,finalized,3692.0,2010.0,2024-03-25 08:48:10.549891-07:00,2024-06-27 06:55:00-07:00,"Will the 30-year fixed rate mortgage rate reach above 7.4% by June 27, 2024?",Above 7.4%,7.4% or below,
kalshi,direct_housing_data,FRM-22JUL14-T5.20,FRM-22JUL14,finalized,3691.0,3654.0,2022-07-08 06:27:32.675681-07:00,2022-07-14 06:55:00-07:00,Will the **30-Year Fixed Rate Mortgage** rate be above 5.20%?,Above 5.20%%,5.20%% or below,
kalshi,direct_housing_data,FRM-22SEP29-T6.55,FRM-22SEP29,finalized,3612.0,1731.0,2022-09-23 06:25:15.755269-07:00,2022-09-29 06:55:00-07:00,Will the 30-Year Fixed Rate Mortgage rate be above 6.55%?,Above 6.55%,6.55% or below,
kalshi,direct_housing_data,FRM-22DEC22-T6.40,FRM-22DEC22,finalized,3601.0,1797.0,2022-12-16 06:14:34.599612-08:00,2022-12-22 08:55:00-08:00,Will the 30-Year Fixed Rate Mortgage rate be above 6.40%?,Above 6.40%,6.40% or below,
kalshi,direct_housing_data,FRM-22DEC22-T6.35,FRM-22DEC22,finalized,3580.0,2155.0,2022-12-16 06:14:34.599612-08:00,2022-12-22 08:55:00-08:00,Will the 30-Year Fixed Rate Mortgage rate be above 6.35%?,Above 6.35%,6.35% or below,
kalshi,direct_housing_data,FRM-22APR14-T4.75,FRM-22APR14,finalized,3561.0,2506.0,2022-04-09 06:44:19.689460-07:00,2022-04-14 06:55:00-07:00,Will the **30-Year Fixed Rate Mortgage** rate be above 4.75%?,Above 4.75%%,4.75%% or below,
kalshi,direct_housing_data,FRM-21OCT14-T2.99,FRM-21OCT14,finalized,3544.0,2450.0,2021-10-07 08:04:17.319228-07:00,2021-10-13 17:15:00-07:00,Will the 30-Year Fixed Rate Mortgage rate be above 2.99%?,Above 2.99%%,2.99%% or below,
kalshi,direct_housing_data,FRM-22OCT06-T6.75,FRM-22OCT06,finalized,3521.0,1438.0,2022-09-30 06:22:47.163514-07:00,2022-10-06 06:55:00-07:00,Will the 30-Year Fixed Rate Mortgage rate be above 6.75%?,Above 6.75%,6.75% or below,
kalshi,direct_housing_data,FRM-22NOV10-T6.90,FRM-22NOV10,finalized,3513.0,774.0,2022-11-04 06:20:21.246236-07:00,2022-11-10 06:55:00-08:00,Will the 30-Year Fixed Rate Mortgage rate be above 6.90%?,Above 6.90%,6.90% or below,
kalshi,direct_housing_data,FRM-22FEB03-T3.55,FRM-22FEB03,finalized,3509.0,2001.0,2022-01-28 06:39:21.546032-08:00,2022-02-03 06:55:00-08:00,Will the **30-Year Fixed Rate Mortgage** rate be above 3.55%?,Above 3.55%%,3.55%% or below,
kalshi,direct_housing_data,HPI-21NOV-T1,HPI-21NOV,finalized,3480.0,2347.0,2022-01-05 06:33:14.021363-08:00,2022-01-26 07:01:10.337887-08:00,Will the **Housing Price Index** rise by more than 1% between October and November 2021?,Above 1%,1% or below,
kalshi,direct_housing_data,FRM-22AUG11-T5.20,FRM-22AUG11,finalized,3476.0,2048.0,2022-08-05 06:44:41.798252-07:00,2022-08-11 06:55:00-07:00,Will the **30-Year Fixed Rate Mortgage** rate be above 5.20%?,Above 5.20%,5.20% or below,
kalshi,direct_housing_data,FRM-21NOV04-T3.14,FRM-21NOV04,finalized,3468.0,2540.0,2021-10-28 07:13:45.165555-07:00,2021-11-03 17:00:00-07:00,Will the 30-Year Fixed Rate Mortgage rate be above 3.14% for the week ending November 4?,Above 3.14%%,3.14%% or below,
kalshi,direct_housing_data,FRM-22JUL14-T5.60,FRM-22JUL14,finalized,3454.0,2104.0,2022-07-08 06:27:32.675699-07:00,2022-07-14 06:55:00-07:00,Will the **30-Year Fixed Rate Mortgage** rate be above 5.60%?,Above 5.60%%,5.60%% or below,
kalshi,direct_housing_data,FRM-22DEC22-T6.25,FRM-22DEC22,finalized,3449.0,1427.0,2022-12-16 06:14:34.599612-08:00,2022-12-22 08:55:00-08:00,Will the 30-Year Fixed Rate Mortgage rate be above 6.25%?,Above 6.25%,6.25% or below,
kalshi,direct_housing_data,FRM-22MAY05-T5.10,FRM-22MAY05,finalized,3388.0,2394.0,2022-04-29 06:11:25.567387-07:00,2022-05-05 06:55:00-07:00,Will the **30-Year Fixed Rate Mortgage** rate be above 5.10%?,Above 5.10%%,5.10%% or below,
kalshi,direct_housing_data,FRM-22OCT06-T6.80,FRM-22OCT06,finalized,3320.0,1905.0,2022-09-30 06:22:47.163514-07:00,2022-10-06 06:55:00-07:00,Will the 30-Year Fixed Rate Mortgage rate be above 6.80%?,Above 6.80%,6.80% or below,
kalshi,direct_housing_data,FRM-22SEP15-T5.85,FRM-22SEP15,finalized,3294.0,2043.0,2022-09-09 06:11:45.871103-07:00,2022-09-15 06:55:00-07:00,Will the **30-Year Fixed Rate Mortgage** rate be above 5.85%?,Above 5.85%,5.85% or below,
kalshi,direct_housing_data,FRM-22SEP15-T5.80,FRM-22SEP15,finalized,3280.0,1940.0,2022-09-09 06:11:45.871103-07:00,2022-09-15 06:55:00-07:00,Will the **30-Year Fixed Rate Mortgage** rate be above 5.80%?,Above 5.80%,5.80% or below,
kalshi,direct_housing_data,FRM-22APR07-T4.75,FRM-22APR07,finalized,3256.0,1999.0,2022-04-01 06:47:58.164516-07:00,2022-04-07 06:55:00-07:00,Will the **30-Year Fixed Rate Mortgage** rate be above 4.75%?,Above 4.75%%,4.75%% or below,
kalshi,direct_housing_data,FRM-22OCT20-T7.20,FRM-22OCT20,finalized,3230.0,2198.0,2022-10-14 06:27:40.260542-07:00,2022-10-20 06:55:00-07:00,Will the 30-Year Fixed Rate Mortgage rate be above 7.20%?,Above 7.20%,7.20% or below,
kalshi,direct_housing_data,FRM-22DEC08-T6.40,FRM-22DEC08,finalized,3201.0,1612.0,2022-12-02 06:33:27.620793-08:00,2022-12-08 06:55:00-08:00,Will the 30-Year Fixed Rate Mortgage rate be above 6.40%?,Above 6.40%,6.40% or below,
kalshi,direct_housing_data,FRM-22OCT06-T7.00,FRM-22OCT06,finalized,3171.0,2206.0,2022-09-30 06:22:47.163514-07:00,2022-10-06 06:55:00-07:00,Will the 30-Year Fixed Rate Mortgage rate be above 7.00%?,Above 7.00%,7.00% or below,
kalshi,direct_housing_data,FRM-22AUG18-T5.10,FRM-22AUG18,finalized,3165.0,2089.0,2022-08-12 06:38:27.835737-07:00,2022-08-18 06:55:00-07:00,Will the **30-Year Fixed Rate Mortgage** rate be above 5.10%?,Above 5.10%,5.10% or below,
kalshi,direct_housing_data,FRM-22OCT13-T7.10,FRM-22OCT13,finalized,3150.0,1996.0,2022-10-08 06:37:25.028669-07:00,2022-10-13 06:55:00-07:00,Will the 30-Year Fixed Rate Mortgage rate be above 7.10%?,Above 7.10%,7.10% or below,
kalshi,direct_housing_data,FRM-22OCT06-T6.95,FRM-22OCT06,finalized,3146.0,3048.0,2022-09-30 06:22:47.163514-07:00,2022-10-06 06:55:00-07:00,Will the 30-Year Fixed Rate Mortgage rate be above 6.95%?,Above 6.95%,6.95% or below,
kalshi,direct_housing_data,FRM-23MAR30-T6.4,FRM-23MAR30,finalized,3111.0,2655.0,2023-03-24 06:37:34.166434-07:00,2023-03-30 08:55:00-07:00,Will the 30-Year Fixed Rate Mortgage rate be above 6.4%?,Above 6.4%,6.4% or below,
kalshi,direct_housing_data,FRM-22JUL14-T5.30,FRM-22JUL14,finalized,3107.0,3000.0,2022-07-08 06:27:32.675685-07:00,2022-07-14 06:55:00-07:00,Will the **30-Year Fixed Rate Mortgage** rate be above 5.30%?,Above 5.30%%,5.30%% or below,
kalshi,direct_housing_data,FRM-22DEC01-T6.50,FRM-22DEC01,finalized,3089.0,1282.0,2022-11-25 06:24:41.159958-08:00,2022-12-01 06:55:00-08:00,Will the 30-Year Fixed Rate Mortgage rate be above 6.50%?,Above 6.50%,6.50% or below,
kalshi,direct_housing_data,FRMMIN-24SEP26-P6.6,FRMMIN-24SEP26,finalized,3056.0,1372.0,2024-06-20 08:16:01.337094-07:00,2024-08-09 07:00:11.331199-07:00,"Will the 30-year fixed rate mortgage rate reach below 6.6% by September 26, 2024?",Below 6.6%,6.6% or above,
kalshi,direct_housing_data,FRM-22OCT06-T6.85,FRM-22OCT06,finalized,3045.0,2024.0,2022-09-30 06:22:47.163514-07:00,2022-10-06 06:55:00-07:00,Will the 30-Year Fixed Rate Mortgage rate be above 6.85%?,Above 6.85%,6.85% or below,
kalshi,direct_housing_data,FRM-22DEC15-T6.50,FRM-22DEC15,finalized,3031.0,2286.0,2022-12-12 06:54:56.511984-08:00,2022-12-15 08:55:00-08:00,Will the 30-Year Fixed Rate Mortgage rate be above 6.50%?,Above 6.50%,6.50% or below,
kalshi,direct_housing_data,HOME-21SEP-T710,HOME-21SEP,finalized,2977.0,1722.0,2021-09-30 10:31:02.783038-07:00,2021-10-25 16:00:00-07:00,"Will new U.S. home sales be above 710,000 in September?","Above 710,000","710,000 or below",
kalshi,direct_housing_data,FRM-22JUL21-T5.45,FRM-22JUL21,finalized,2970.0,2790.0,2022-07-15 06:30:57.013390-07:00,2022-07-21 06:55:00-07:00,Will the **30-Year Fixed Rate Mortgage** rate be above 5.45%?,Above 5.45%%,5.45%% or below,
kalshi,direct_housing_data,FRMMAX-24SEP26-P7.0,FRMMAX-24SEP26,finalized,2957.0,1175.0,2024-06-20 08:16:13.713420-07:00,2024-09-26 06:55:00-07:00,"Will the 30-year fixed rate mortgage rate reach above 7.0% by September 26, 2024?",Above 7.0%,7.0% or below,
kalshi,direct_housing_data,FRM-22JUN02-T5.10,FRM-22JUN02,finalized,2924.0,1156.0,2022-05-27 06:16:05.040824-07:00,2022-06-02 06:55:00-07:00,Will the **30-Year Fixed Rate Mortgage** rate be above 5.10%?,Above 5.10%%,5.10%% or below,
kalshi,direct_housing_data,FRM-22SEP22-T6.15,FRM-22SEP22,finalized,2910.0,1384.0,2022-09-16 06:18:57.582817-07:00,2022-09-22 06:55:00-07:00,Will the **30-Year Fixed Rate Mortgage** rate be above 6.15%?,Above 6.15%,6.15% or below,
kalshi,direct_housing_data,FRM-22JUL07-T5.70,FRM-22JUL07,finalized,2906.0,2242.0,2022-07-01 06:07:23.612297-07:00,2022-07-07 06:55:00-07:00,Will the **30-Year Fixed Rate Mortgage** rate be above 5.70%?,Above 5.70%%,5.70%% or below,
kalshi,direct_housing_data,FRM-22AUG11-T5.00,FRM-22AUG11,finalized,2899.0,2050.0,2022-08-05 06:44:41.798247-07:00,2022-08-11 06:55:00-07:00,Will the **30-Year Fixed Rate Mortgage** rate be above 5.00%?,Above 5.00%,5.00% or below,
kalshi,direct_housing_data,FRM-22SEP22-T6.05,FRM-22SEP22,finalized,2879.0,2242.0,2022-09-16 06:18:57.582817-07:00,2022-09-22 06:55:00-07:00,Will the **30-Year Fixed Rate Mortgage** rate be above 6.05%?,Above 6.05%,6.05% or below,
kalshi,direct_housing_data,FRM-23JAN05-T6.5,FRM-23JAN05,finalized,2874.0,2593.0,2022-12-30 06:57:38.823780-08:00,2023-01-05 08:55:00-08:00,Will the 30-Year Fixed Rate Mortgage rate be above 6.5%?,Above 6.5%,6.5% or below,
kalshi,direct_housing_data,FRM-22DEC01-T6.55,FRM-22DEC01,finalized,2824.0,1788.0,2022-11-25 06:24:41.159958-08:00,2022-12-01 06:55:00-08:00,Will the 30-Year Fixed Rate Mortgage rate be above 6.55%?,Above 6.55%,6.55% or below,
kalshi,direct_housing_data,FRM-22JUL14-T5.40,FRM-22JUL14,finalized,2817.0,2505.0,2022-07-08 06:27:32.675690-07:00,2022-07-14 06:55:00-07:00,Will the **30-Year Fixed Rate Mortgage** rate be above 5.40%?,Above 5.40%%,5.40%% or below,
kalshi,direct_housing_data,FRM-23APR06-T6.2,FRM-23APR06,finalized,2800.0,2300.0,2023-03-31 06:37:27.092651-07:00,2023-04-06 08:55:00-07:00,Will the 30-Year Fixed Rate Mortgage rate be above 6.2%?,Above 6.2%,6.2% or below,
kalshi,direct_housing_data,FRM-22SEP15-T6.15,FRM-22SEP15,finalized,2785.0,2713.0,2022-09-09 06:11:45.871103-07:00,2022-09-15 06:55:00-07:00,Will the **30-Year Fixed Rate Mortgage** rate be above 6.15%?,Above 6.15%,6.15% or below,
kalshi,direct_housing_data,FRM-21NOV11-T2.98,FRM-21NOV11,finalized,2754.0,2324.0,2021-11-15 06:59:42.823563-08:00,2021-11-17 17:00:00-08:00,Will the 30-Year Fixed Rate Mortgage rate be above 2.98%?,Above 2.98%%,2.98%% or below,
kalshi,direct_housing_data,KXRECAPGAINS-26JAN-CAPGAINS,KXRECAPGAINS-26JAN,active,2702.0,2048.0,2025-07-28 12:40:53.874236-07:00,2026-01-01 07:00:00-08:00,"Will A Bill eliminating Capital Gains Tax on Home Sales become law before Jan 1, 2026?",A Bill eliminating Capital Gains Tax on Home Sales,A Bill eliminating Capital Gains Tax on Home Sales,
kalshi,direct_housing_data,FRM-21NOV18-T3.10,FRM-21NOV18,finalized,2700.0,1114.0,2021-11-18 07:24:36.856092-08:00,2021-11-23 20:59:00-08:00,Will the **30-Year Fixed Rate Mortgage** rate be above 3.10%?,Above 3.10%%,3.10%% or below,
kalshi,direct_housing_data,FRM-22OCT13-T6.80,FRM-22OCT13,finalized,2631.0,1156.0,2022-10-08 06:37:25.028669-07:00,2022-10-13 06:55:00-07:00,Will the 30-Year Fixed Rate Mortgage rate be above 6.80%?,Above 6.80%,6.80% or below,
kalshi,direct_housing_data,FRM-22DEC22-T6.15,FRM-22DEC22,finalized,2585.0,2304.0,2022-12-16 06:14:34.599612-08:00,2022-12-22 08:55:00-08:00,Will the 30-Year Fixed Rate Mortgage rate be above 6.15%?,Above 6.15%,6.15% or below,
kalshi,direct_housing_data,FRM-22NOV10-T7.05,FRM-22NOV10,finalized,2552.0,1530.0,2022-11-04 06:20:21.246236-07:00,2022-11-10 06:55:00-08:00,Will the 30-Year Fixed Rate Mortgage rate be above 7.05%?,Above 7.05%,7.05% or below,
kalshi,direct_housing_data,FRM-22OCT20-T7.00,FRM-22OCT20,finalized,2533.0,1126.0,2022-10-14 06:27:40.260542-07:00,2022-10-20 06:55:00-07:00,Will the 30-Year Fixed Rate Mortgage rate be above 7.00%?,Above 7.00%,7.00% or below,
kalshi,direct_housing_data,FRM-23MAR16-T6.7,FRM-23MAR16,finalized,2510.0,2159.0,2023-03-10 08:06:45.275074-08:00,2023-03-16 08:55:00-07:00,Will the 30-Year Fixed Rate Mortgage rate be above 6.7%?,Above 6.7%,6.7% or below,
kalshi,direct_housing_data,FRMMIN-24SEP26-P6.2,FRMMIN-24SEP26,finalized,2457.0,1316.0,2024-06-20 08:16:01.337094-07:00,2024-09-20 08:52:00.382073-07:00,"Will the 30-year fixed rate mortgage rate reach below 6.2% by September 26, 2024?",Below 6.2%,6.2% or above,
kalshi,direct_housing_data,FRM-22FEB17-T3.69,FRM-22FEB17,finalized,2455.0,1606.0,2022-02-11 06:53:24.135021-08:00,2022-02-17 06:55:00-08:00,Will the **30-Year Fixed Rate Mortgage** rate be above 3.69%?,Above 3.69%%,3.69%% or below,
kalshi,direct_housing_data,FRM-22JUN23-T6.00,FRM-22JUN23,finalized,2451.0,2134.0,2022-06-17 09:09:17.414963-07:00,2022-06-23 06:55:00-07:00,Will the **30-Year Fixed Rate Mortgage** rate be above 6.00%?,Above 6.00%%,6.00%% or below,
kalshi,direct_housing_data,FRM-22JUL28-T5.70,FRM-22JUL28,finalized,2435.0,2435.0,2022-07-22 06:51:03.125074-07:00,2022-07-28 06:55:00-07:00,Will the **30-Year Fixed Rate Mortgage** rate be above 5.70%?,Above %,% or below,
kalshi,direct_housing_data,FRM-22NOV10-T7.15,FRM-22NOV10,finalized,2427.0,810.0,2022-11-04 06:20:21.246236-07:00,2022-11-10 06:55:00-08:00,Will the 30-Year Fixed Rate Mortgage rate be above 7.15%?,Above 7.15%,7.15% or below,
kalshi,direct_housing_data,FRM-22JUL14-T5.50,FRM-22JUL14,finalized,2424.0,1486.0,2022-07-08 06:27:32.675695-07:00,2022-07-14 06:55:00-07:00,Will the **30-Year Fixed Rate Mortgage** rate be above 5.50%?,Above 5.50%%,5.50%% or below,
kalshi,direct_housing_data,FRM-22AUG18-T5.40,FRM-22AUG18,finalized,2416.0,1326.0,2022-08-12 06:38:27.835747-07:00,2022-08-18 06:55:00-07:00,Will the **30-Year Fixed Rate Mortgage** rate be above 5.40%?,Above 5.40%,5.40% or below,
kalshi,direct_housing_data,FRM-22SEP01-T5.70,FRM-22SEP01,finalized,2415.0,2122.0,2022-08-26 06:40:04.799054-07:00,2022-09-01 06:55:00-07:00,Will the **30-Year Fixed Rate Mortgage** rate be above 5.70%?,Above 5.70%,5.70% or below,
kalshi,direct_housing_data,FRM-21SEP16-T2.88,FRM-21SEP16,finalized,2406.0,1989.0,2021-09-09 07:28:19.789333-07:00,2021-09-16 12:00:00-07:00,Will the 30-Year Fixed Rate Mortgage rate be above 2.88%?,Above 2.88%%,2.88%% or below,
kalshi,direct_housing_data,FRM-21DEC23-T3.12,FRM-21DEC23,finalized,2394.0,1238.0,2021-12-16 07:20:47.237967-08:00,2021-12-22 17:00:00-08:00,Will the **30-Year Fixed Rate Mortgage** rate be above 3.12%?,Above 3.12%%,3.12%% or below,
kalshi,direct_housing_data,FRM-22MAR31-T4.50,FRM-22MAR31,finalized,2355.0,1360.0,2022-03-25 06:51:55.269358-07:00,2022-03-31 06:55:00-07:00,Will the **30-Year Fixed Rate Mortgage** rate be above 4.50%?,Above 4.50%%,4.50%% or below,
kalshi,direct_housing_data,FRM-22SEP08-T5.80,FRM-22SEP08,finalized,2333.0,1333.0,2022-09-03 05:47:15.801516-07:00,2022-09-08 06:55:00-07:00,Will the **30-Year Fixed Rate Mortgage** rate be above 5.80%?,Above 5.80%,5.80% or below,
kalshi,direct_housing_data,FRM-22OCT06-T7.05,FRM-22OCT06,finalized,2318.0,2226.0,2022-09-30 06:22:47.163514-07:00,2022-10-06 06:55:00-07:00,Will the 30-Year Fixed Rate Mortgage rate be above 7.05%?,Above 7.05%,7.05% or below,
kalshi,direct_housing_data,FRM-22JAN13-T3.22,FRM-22JAN13,finalized,2284.0,1902.0,2022-01-06 07:11:45.835340-08:00,2022-01-13 06:55:00-08:00,Will the **30-Year Fixed Rate Mortgage** rate be above 3.22%?,Above 3.22%%,3.22%% or below,
kalshi,direct_housing_data,HPI-21DEC-T1,HPI-21DEC,finalized,2278.0,1686.0,2022-01-26 06:09:13.267882-08:00,2022-02-23 07:05:06.280004-08:00,Will the **Housing Price Index** rise by more than 1% between November and December 2021?,Above 1%,1% or below,
kalshi,direct_housing_data,FRM-22OCT20-T6.90,FRM-22OCT20,finalized,2276.0,998.0,2022-10-14 06:27:40.260542-07:00,2022-10-20 06:55:00-07:00,Will the 30-Year Fixed Rate Mortgage rate be above 6.90%?,Above 6.90%,6.90% or below,
kalshi,direct_housing_data,FRM-22DEC01-T6.45,FRM-22DEC01,finalized,2270.0,993.0,2022-11-25 06:24:41.159958-08:00,2022-12-01 06:55:00-08:00,Will the 30-Year Fixed Rate Mortgage rate be above 6.45%?,Above 6.45%,6.45% or below,
kalshi,direct_housing_data,FRM-22OCT13-T6.70,FRM-22OCT13,finalized,2260.0,2007.0,2022-10-08 06:37:25.028669-07:00,2022-10-13 06:55:00-07:00,Will the 30-Year Fixed Rate Mortgage rate be above 6.70%?,Above 6.70%,6.70% or below,
kalshi,direct_housing_data,FRM-22SEP15-T5.95,FRM-22SEP15,finalized,2241.0,1670.0,2022-09-09 06:11:45.871103-07:00,2022-09-15 06:55:00-07:00,Will the **30-Year Fixed Rate Mortgage** rate be above 5.95%?,Above 5.95%,5.95% or below,
kalshi,direct_housing_data,FRM-22AUG25-T5.20,FRM-22AUG25,finalized,2128.0,1502.0,2022-08-19 06:22:35.231914-07:00,2022-08-25 06:55:00-07:00,Will the **30-Year Fixed Rate Mortgage** rate be above 5.20%?,Above 5.20%,5.20% or below,
kalshi,direct_housing_data,FRM-23MAR09-T6.6,FRM-23MAR09,finalized,2126.0,2036.0,2023-03-03 06:32:04.997906-08:00,2023-03-09 08:55:00-08:00,Will the 30-Year Fixed Rate Mortgage rate be above 6.6%?,Above 6.6%,6.6% or below,
kalshi,direct_housing_data,FRM-22OCT13-T7.00,FRM-22OCT13,finalized,2052.0,1051.0,2022-10-08 06:37:25.028669-07:00,2022-10-13 06:55:00-07:00,Will the 30-Year Fixed Rate Mortgage rate be above 7.00%?,Above 7.00%,7.00% or below,
kalshi,direct_housing_data,FRM-22SEP15-T6.10,FRM-22SEP15,finalized,2005.0,1944.0,2022-09-09 06:11:45.871103-07:00,2022-09-15 06:55:00-07:00,Will the **30-Year Fixed Rate Mortgage** rate be above 6.10%?,Above 6.10%,6.10% or below,
kalshi,direct_housing_data,FRM-21JUL29-T2.80,FRM-21JUL29,finalized,2004.0,1241.0,2021-07-22 09:54:47.274650-07:00,2021-07-29 12:00:00-07:00,Will the 30-Year Fixed Rate Mortgage rate be above 2.80%?,Above 2.80%%,2.80%% or below,
kalshi,direct_housing_data,FRM-21OCT07-T3.01,FRM-21OCT07,finalized,1972.0,823.0,2021-09-30 07:07:12.955884-07:00,2021-10-06 17:00:00-07:00,Will the 30-Year Fixed Rate Mortgage rate be above 3.01%?,Above 3.01%%,3.01%% or below,
kalshi,direct_housing_data,FRM-22AUG11-T5.30,FRM-22AUG11,finalized,1968.0,1259.0,2022-08-05 06:44:41.798255-07:00,2022-08-11 06:55:00-07:00,Will the **30-Year Fixed Rate Mortgage** rate be above 5.30%?,Above 5.30%,5.30% or below,
kalshi,direct_housing_data,FRM-22SEP15-T6.05,FRM-22SEP15,finalized,1966.0,1960.0,2022-09-09 06:11:45.871103-07:00,2022-09-15 06:55:00-07:00,Will the **30-Year Fixed Rate Mortgage** rate be above 6.05%?,Above 6.05%,6.05% or below,
kalshi,direct_housing_data,FRM-23MAR16-T6.5,FRM-23MAR16,finalized,1957.0,1616.0,2023-03-10 08:06:45.275073-08:00,2023-03-16 08:55:00-07:00,Will the 30-Year Fixed Rate Mortgage rate be above 6.5%?,Above 6.5%,6.5% or below,
kalshi,direct_housing_data,FRM-22DEC01-T6.60,FRM-22DEC01,finalized,1957.0,1816.0,2022-11-25 06:24:41.159958-08:00,2022-12-01 06:55:00-08:00,Will the 30-Year Fixed Rate Mortgage rate be above 6.60%?,Above 6.60%,6.60% or below,
kalshi,direct_housing_data,FRM-22SEP29-T6.20,FRM-22SEP29,finalized,1939.0,801.0,2022-09-23 06:25:15.755269-07:00,2022-09-29 06:55:00-07:00,Will the 30-Year Fixed Rate Mortgage rate be above 6.20%?,Above 6.20%,6.20% or below,
kalshi,direct_housing_data,FRM-23FEB02-T6.2,FRM-23FEB02,finalized,1920.0,1645.0,2023-01-27 06:42:30.266807-08:00,2023-02-02 08:55:00-08:00,Will the 30-Year Fixed Rate Mortgage rate be above 6.2%?,Above 6.2%,6.2% or below,
kalshi,direct_housing_data,FRM-23MAR02-T6.5,FRM-23MAR02,finalized,1907.0,1592.0,2023-02-24 06:31:48.160301-08:00,2023-03-02 08:55:00-08:00,Will the 30-Year Fixed Rate Mortgage rate be above 6.5%?,Above 6.5%,6.5% or below,
kalshi,direct_housing_data,FRM-22NOV03-T7.10,FRM-22NOV03,finalized,1898.0,1123.0,2022-10-28 06:12:50.493779-07:00,2022-11-03 06:55:00-07:00,Will the 30-Year Fixed Rate Mortgage rate be above 7.10%?,Above 7.10%,7.10% or below,
kalshi,direct_housing_data,FRM-22OCT20-T7.10,FRM-22OCT20,finalized,1881.0,1126.0,2022-10-14 06:27:40.260542-07:00,2022-10-20 06:55:00-07:00,Will the 30-Year Fixed Rate Mortgage rate be above 7.10%?,Above 7.10%,7.10% or below,
kalshi,direct_housing_data,FRM-22SEP22-T6.00,FRM-22SEP22,finalized,1879.0,1342.0,2022-09-16 06:18:57.582817-07:00,2022-09-22 06:55:00-07:00,Will the **30-Year Fixed Rate Mortgage** rate be above 6.00%?,Above 6.00%,6.00% or below,
kalshi,direct_housing_data,FRM-23MAR23-T6.4,FRM-23MAR23,finalized,1877.0,1492.0,2023-03-17 06:40:18.634237-07:00,2023-03-23 08:55:00-07:00,Will the 30-Year Fixed Rate Mortgage rate be above 6.4%?,Above 6.4%,6.4% or below,
kalshi,direct_housing_data,FRM-23MAR16-T6.6,FRM-23MAR16,finalized,1845.0,686.0,2023-03-10 08:06:45.275074-08:00,2023-03-16 08:55:00-07:00,Will the 30-Year Fixed Rate Mortgage rate be above 6.6%?,Above 6.6%,6.6% or below,
kalshi,direct_housing_data,FRM-22NOV03-T7.25,FRM-22NOV03,finalized,1835.0,1036.0,2022-10-28 06:12:50.493779-07:00,2022-11-03 06:55:00-07:00,Will the 30-Year Fixed Rate Mortgage rate be above 7.25%?,Above 7.25%,7.25% or below,
kalshi,direct_housing_data,FRM-22DEC15-T6.20,FRM-22DEC15,finalized,1834.0,1336.0,2022-12-12 06:54:56.511984-08:00,2022-12-15 08:55:00-08:00,Will the 30-Year Fixed Rate Mortgage rate be above 6.20%?,Above 6.20%,6.20% or below,
kalshi,direct_housing_data,FRM-22SEP01-T5.50,FRM-22SEP01,finalized,1834.0,1560.0,2022-08-26 06:40:04.799049-07:00,2022-09-01 06:55:00-07:00,Will the **30-Year Fixed Rate Mortgage** rate be above 5.50%?,Above 5.50%,5.50% or below,
kalshi,direct_housing_data,FRM-22NOV10-T7.00,FRM-22NOV10,finalized,1812.0,1122.0,2022-11-04 06:20:21.246236-07:00,2022-11-10 06:55:00-08:00,Will the 30-Year Fixed Rate Mortgage rate be above 7.00%?,Above 7.00%,7.00% or below,
kalshi,direct_housing_data,FRM-23FEB23-T6.4,FRM-23FEB23,finalized,1811.0,1211.0,2023-02-17 06:34:55.433142-08:00,2023-02-23 08:55:00-08:00,Will the 30-Year Fixed Rate Mortgage rate be above 6.4%?,Above 6.4%,6.4% or below,
kalshi,direct_housing_data,FRM-21AUG26-T2.85,FRM-21AUG26,finalized,1811.0,1087.0,2021-08-19 14:31:55.628448-07:00,2021-08-25 17:00:00-07:00,Will the 30-Year Fixed Rate Mortgage rate be above 2.85%?,Above 2.85%%,2.85%% or below,
kalshi,direct_housing_data,FRMMIN-24JUN27-P6.4,FRMMIN-24JUN27,finalized,1784.0,701.0,2024-03-25 08:47:55.065833-07:00,2024-06-27 06:55:00-07:00,"Will the 30-year fixed rate mortgage rate reach below 6.4% by June 27, 2024?",Below 6.4%,6.4% or above,
kalshi,direct_housing_data,FRMMAX-24JUN27-P7.2,FRMMAX-24JUN27,finalized,1776.0,543.0,2024-03-25 08:48:10.549890-07:00,2024-05-03 08:32:17.615785-07:00,"Will the 30-year fixed rate mortgage rate reach above 7.2% by June 27, 2024?",Above 7.2%,7.2% or below,
kalshi,direct_housing_data,FRM-22OCT27-T7.05,FRM-22OCT27,finalized,1768.0,967.0,2022-10-21 06:12:49.103153-07:00,2022-10-27 06:55:00-07:00,Will the 30-Year Fixed Rate Mortgage rate be above 7.05%?,Above 7.05%,7.05% or below,
kalshi,direct_housing_data,FRM-22OCT27-T7.20,FRM-22OCT27,finalized,1765.0,1195.0,2022-10-21 06:12:49.103153-07:00,2022-10-27 06:55:00-07:00,Will the 30-Year Fixed Rate Mortgage rate be above 7.20%?,Above 7.20%,7.20% or below,
kalshi,direct_housing_data,FRM-22NOV17-T7.05,FRM-22NOV17,finalized,1764.0,1158.0,2022-11-11 06:15:14.172035-08:00,2022-11-17 06:55:00-08:00,Will the 30-Year Fixed Rate Mortgage rate be above 7.05%?,Above 7.05%,7.05% or below,
kalshi,direct_housing_data,FRM-23FEB09-T6.0,FRM-23FEB09,finalized,1750.0,1700.0,2023-02-03 06:37:10.382504-08:00,2023-02-09 08:55:00-08:00,Will the 30-Year Fixed Rate Mortgage rate be above 6.0%?,Above 6.0%,6.0% or below,
kalshi,direct_housing_data,FRM-22OCT27-T7.10,FRM-22OCT27,finalized,1717.0,924.0,2022-10-21 06:12:49.103153-07:00,2022-10-27 06:55:00-07:00,Will the 30-Year Fixed Rate Mortgage rate be above 7.10%?,Above 7.10%,7.10% or below,
kalshi,direct_housing_data,FRM-22OCT27-T7.00,FRM-22OCT27,finalized,1692.0,1255.0,2022-10-21 06:12:49.103153-07:00,2022-10-27 06:55:00-07:00,Will the 30-Year Fixed Rate Mortgage rate be above 7.00%?,Above 7.00%,7.00% or below,
kalshi,direct_housing_data,FRM-22SEP15-T6.00,FRM-22SEP15,finalized,1639.0,1149.0,2022-09-09 06:11:45.871103-07:00,2022-09-15 06:55:00-07:00,Will the **30-Year Fixed Rate Mortgage** rate be above 6.00%?,Above 6.00%,6.00% or below,
kalshi,direct_housing_data,FRM-22SEP22-T6.10,FRM-22SEP22,finalized,1636.0,595.0,2022-09-16 06:18:57.582817-07:00,2022-09-22 06:55:00-07:00,Will the **30-Year Fixed Rate Mortgage** rate be above 6.10%?,Above 6.10%,6.10% or below,
kalshi,direct_housing_data,FRM-23FEB16-T6.4,FRM-23FEB16,finalized,1625.0,1127.0,2023-02-11 06:49:17.130242-08:00,2023-02-16 08:55:00-08:00,Will the 30-Year Fixed Rate Mortgage rate be above 6.4%?,Above 6.4%,6.4% or below,
kalshi,direct_housing_data,FRM-23SEP07-T7.2,FRM-23SEP07,finalized,1594.0,830.0,2023-09-01 06:37:12.437183-07:00,2023-09-07 08:55:00-07:00,Will the 30-Year Fixed Rate Mortgage rate be above 7.2%?,Above 7.2%,7.2% or below,
kalshi,direct_housing_data,FRM-23MAR23-T6.6,FRM-23MAR23,finalized,1548.0,1474.0,2023-03-17 06:40:18.634238-07:00,2023-03-23 08:55:00-07:00,Will the 30-Year Fixed Rate Mortgage rate be above 6.6%?,Above 6.6%,6.6% or below,
kalshi,direct_housing_data,FRM-22NOV03-T7.20,FRM-22NOV03,finalized,1542.0,1457.0,2022-10-28 06:12:50.493779-07:00,2022-11-03 06:55:00-07:00,Will the 30-Year Fixed Rate Mortgage rate be above 7.20%?,Above 7.20%,7.20% or below,
kalshi,direct_housing_data,FRM-22AUG18-T5.30,FRM-22AUG18,finalized,1541.0,989.0,2022-08-12 06:38:27.835744-07:00,2022-08-18 06:55:00-07:00,Will the **30-Year Fixed Rate Mortgage** rate be above 5.30%?,Above 5.30%,5.30% or below,
kalshi,direct_housing_data,FRMMIN-24MAR28-P6.2,FRMMIN-24MAR28,finalized,1524.0,744.0,2024-01-04 08:18:38.314669-08:00,2024-03-28 06:55:00-07:00,"Will the 30-year fixed rate mortgage rate reach below 6.2% by March 28, 2024?",Below 6.2%,6.2% or above,
kalshi,direct_housing_data,FRM-22NOV10-T7.20,FRM-22NOV10,finalized,1524.0,809.0,2022-11-04 06:20:21.246236-07:00,2022-11-10 06:55:00-08:00,Will the 30-Year Fixed Rate Mortgage rate be above 7.20%?,Above 7.20%,7.20% or below,
kalshi,direct_housing_data,FRM-22DEC15-T6.40,FRM-22DEC15,finalized,1491.0,1123.0,2022-12-12 06:54:56.511984-08:00,2022-12-15 08:55:00-08:00,Will the 30-Year Fixed Rate Mortgage rate be above 6.40%?,Above 6.40%,6.40% or below,
kalshi,direct_housing_data,FRM-23JAN19-T6.1,FRM-23JAN19,finalized,1443.0,1163.0,2023-01-13 06:40:54.483712-08:00,2023-01-19 08:55:00-08:00,Will the 30-Year Fixed Rate Mortgage rate be above 6.1%?,Above 6.1%,6.1% or below,
kalshi,direct_housing_data,FRM-22SEP01-T5.30,FRM-22SEP01,finalized,1422.0,1397.0,2022-08-26 06:40:04.799042-07:00,2022-09-01 06:55:00-07:00,Will the **30-Year Fixed Rate Mortgage** rate be above 5.30%?,Above 5.30%,5.30% or below,
kalshi,direct_housing_data,FRM-21OCT28-T3.09,FRM-21OCT28,finalized,1411.0,561.0,2021-10-21 07:06:11.285783-07:00,2021-10-27 17:00:00-07:00,Will the 30-Year Fixed Rate Mortgage rate be above 3.09% for the week ending October 28?,Above 3.09%%,3.09%% or below,
kalshi,direct_housing_data,FRM-23JAN19-T6.3,FRM-23JAN19,finalized,1410.0,910.0,2023-01-13 06:40:54.483712-08:00,2023-01-19 08:55:00-08:00,Will the 30-Year Fixed Rate Mortgage rate be above 6.3%?,Above 6.3%,6.3% or below,
kalshi,direct_housing_data,FRM-22OCT20-T6.80,FRM-22OCT20,finalized,1410.0,773.0,2022-10-14 06:27:40.260542-07:00,2022-10-20 06:55:00-07:00,Will the 30-Year Fixed Rate Mortgage rate be above 6.80%?,Above 6.80%,6.80% or below,
kalshi,direct_housing_data,FRM-22MAY26-T5.25,FRM-22MAY26,finalized,1402.0,899.0,2022-05-21 06:59:24.174938-07:00,2022-05-26 06:55:00-07:00,Will the **30-Year Fixed Rate Mortgage** rate be above 5.25%?,Above 5.25%%,5.25%% or below,
kalshi,direct_housing_data,FRM-23JAN26-T6.1,FRM-23JAN26,finalized,1387.0,1274.0,2023-01-20 06:46:07.927579-08:00,2023-01-26 08:55:00-08:00,Will the 30-Year Fixed Rate Mortgage rate be above 6.1%?,Above 6.1%,6.1% or below,
kalshi,direct_housing_data,FRM-22OCT27-T7.15,FRM-22OCT27,finalized,1383.0,594.0,2022-10-21 06:12:49.103153-07:00,2022-10-27 06:55:00-07:00,Will the 30-Year Fixed Rate Mortgage rate be above 7.15%?,Above 7.15%,7.15% or below,
kalshi,direct_housing_data,FRM-23JUN08-T6.7,FRM-23JUN08,finalized,1364.0,930.0,2023-06-02 06:37:41.187659-07:00,2023-06-08 08:55:00-07:00,Will the 30-Year Fixed Rate Mortgage rate be above 6.7%?,Above 6.7%,6.7% or below,
kalshi,direct_housing_data,FRM-22OCT27-T6.95,FRM-22OCT27,finalized,1361.0,1186.0,2022-10-21 06:12:49.103153-07:00,2022-10-27 06:55:00-07:00,Will the 30-Year Fixed Rate Mortgage rate be above 6.95%?,Above 6.95%,6.95% or below,
kalshi,direct_housing_data,FRM-23JAN12-T6.50,FRM-23JAN12,finalized,1278.0,1178.0,2023-01-06 06:46:02.448982-08:00,2023-01-12 08:55:00-08:00,Will the 30-Year Fixed Rate Mortgage rate be above 6.50%?,Above 6.50%,6.50% or below,
kalshi,direct_housing_data,FRM-23FEB09-T6.1,FRM-23FEB09,finalized,1268.0,1168.0,2023-02-03 06:37:10.382504-08:00,2023-02-09 08:55:00-08:00,Will the 30-Year Fixed Rate Mortgage rate be above 6.1%?,Above 6.1%,6.1% or below,
kalshi,direct_housing_data,FRM-22AUG11-T4.90,FRM-22AUG11,finalized,1248.0,1248.0,2022-08-05 06:44:41.798243-07:00,2022-08-11 06:55:00-07:00,Will the **30-Year Fixed Rate Mortgage** rate be above 4.90%?,Above 4.90%,4.90% or below,
kalshi,direct_housing_data,FRM-22DEC15-T6.10,FRM-22DEC15,finalized,1245.0,849.0,2022-12-12 06:54:56.511984-08:00,2022-12-15 08:55:00-08:00,Will the 30-Year Fixed Rate Mortgage rate be above 6.10%?,Above 6.10%,6.10% or below,
kalshi,direct_housing_data,FRM-21SEP23-T2.86,FRM-21SEP23,finalized,1233.0,619.0,2021-09-20 14:30:59.042764-07:00,2021-09-22 17:00:00-07:00,Will the 30-Year Fixed Rate Mortgage rate be above 2.86%?,Above 2.86%%,2.86%% or below,
kalshi,direct_housing_data,FRMMAX-24MAR28-P7.2,FRMMAX-24MAR28,finalized,1218.0,617.0,2024-01-04 08:19:41.709049-08:00,2024-03-28 06:55:00-07:00,"Will the 30-year fixed rate mortgage rate reach above 7.2% by March 28, 2024?",Above 7.2%,7.2% or below,
kalshi,direct_housing_data,FRM-22SEP22-T5.90,FRM-22SEP22,finalized,1217.0,710.0,2022-09-16 06:18:57.582817-07:00,2022-09-22 06:55:00-07:00,Will the **30-Year Fixed Rate Mortgage** rate be above 5.90%?,Above 5.90%,5.90% or below,
kalshi,direct_housing_data,FRM-23APR27-T6.4,FRM-23APR27,finalized,1211.0,565.0,2023-04-21 06:37:33.269074-07:00,2023-04-27 08:55:00-07:00,Will the 30-Year Fixed Rate Mortgage rate be above 6.4%?,Above 6.4%,6.4% or below,
kalshi,direct_housing_data,FRM-22OCT13-T6.90,FRM-22OCT13,finalized,1177.0,457.0,2022-10-08 06:37:25.028669-07:00,2022-10-13 06:55:00-07:00,Will the 30-Year Fixed Rate Mortgage rate be above 6.90%?,Above 6.90%,6.90% or below,
kalshi,direct_housing_data,FRM-23FEB02-T6.1,FRM-23FEB02,finalized,1151.0,881.0,2023-01-27 06:42:30.266807-08:00,2023-02-02 08:55:00-08:00,Will the 30-Year Fixed Rate Mortgage rate be above 6.1%?,Above 6.1%,6.1% or below,
kalshi,direct_housing_data,FRM-22SEP22-T5.95,FRM-22SEP22,finalized,1124.0,496.0,2022-09-16 06:18:57.582817-07:00,2022-09-22 06:55:00-07:00,Will the **30-Year Fixed Rate Mortgage** rate be above 5.95%?,Above 5.95%,5.95% or below,
kalshi,direct_housing_data,FRM-22OCT27-T6.90,FRM-22OCT27,finalized,1115.0,788.0,2022-10-21 06:12:49.103153-07:00,2022-10-27 06:55:00-07:00,Will the 30-Year Fixed Rate Mortgage rate be above 6.90%?,Above 6.90%,6.90% or below,
kalshi,direct_housing_data,FRM-22SEP29-T6.25,FRM-22SEP29,finalized,1097.0,894.0,2022-09-23 06:25:15.755269-07:00,2022-09-29 06:55:00-07:00,Will the 30-Year Fixed Rate Mortgage rate be above 6.25%?,Above 6.25%,6.25% or below,
kalshi,direct_housing_data,FRM-22SEP29-T6.40,FRM-22SEP29,finalized,1082.0,922.0,2022-09-23 06:25:15.755269-07:00,2022-09-29 06:55:00-07:00,Will the 30-Year Fixed Rate Mortgage rate be above 6.40%?,Above 6.40%,6.40% or below,
kalshi,direct_housing_data,FRM-23JAN26-T6.0,FRM-23JAN26,finalized,1050.0,1050.0,2023-01-20 06:46:07.927579-08:00,2023-01-26 08:55:00-08:00,Will the 30-Year Fixed Rate Mortgage rate be above 6.0%?,Above 6.0%,6.0% or below,
kalshi,direct_housing_data,FRM-22OCT06-T7.10,FRM-22OCT06,finalized,1048.0,1048.0,2022-09-30 06:22:47.163514-07:00,2022-10-06 06:55:00-07:00,Will the 30-Year Fixed Rate Mortgage rate be above 7.10%?,Above 7.10%,7.10% or below,
kalshi,direct_housing_data,FRM-22SEP29-T6.30,FRM-22SEP29,finalized,1040.0,794.0,2022-09-23 06:25:15.755269-07:00,2022-09-29 06:55:00-07:00,Will the 30-Year Fixed Rate Mortgage rate be above 6.30%?,Above 6.30%,6.30% or below,
kalshi,direct_housing_data,FRM-22JUN30-T6.00,FRM-22JUN30,finalized,1036.0,1036.0,2022-06-24 06:13:41.828521-07:00,2022-06-30 06:55:00-07:00,Will the **30-Year Fixed Rate Mortgage** rate be above 6.00%?,Above 6.00%%,6.00%% or below,
kalshi,direct_housing_data,FRM-22JUL14-T5.70,FRM-22JUL14,finalized,1024.0,1000.0,2022-07-08 06:27:32.675702-07:00,2022-07-14 06:55:00-07:00,Will the **30-Year Fixed Rate Mortgage** rate be above 5.70%?,Above 5.70%%,5.70%% or below,
kalshi,direct_housing_data,FRM-22SEP29-T6.50,FRM-22SEP29,finalized,1012.0,573.0,2022-09-23 06:25:15.755269-07:00,2022-09-29 06:55:00-07:00,Will the 30-Year Fixed Rate Mortgage rate be above 6.50%?,Above 6.50%,6.50% or below,
kalshi,direct_housing_data,FRM-22DEC15-T6.30,FRM-22DEC15,finalized,1004.0,842.0,2022-12-12 06:54:56.511984-08:00,2022-12-15 08:55:00-08:00,Will the 30-Year Fixed Rate Mortgage rate be above 6.30%?,Above 6.30%,6.30% or below,
kalshi,direct_housing_data,FRM-23JUN15-T6.7,FRM-23JUN15,finalized,950.0,663.0,2023-06-09 06:37:35.216945-07:00,2023-06-15 08:55:00-07:00,Will the 30-Year Fixed Rate Mortgage rate be above 6.7%?,Above 6.7%,6.7% or below,
kalshi,direct_housing_data,FRM-22AUG11-T5.10,FRM-22AUG11,finalized,915.0,582.0,2022-08-05 06:44:41.798250-07:00,2022-08-11 06:55:00-07:00,Will the **30-Year Fixed Rate Mortgage** rate be above 5.10%?,Above 5.10%,5.10% or below,
kalshi,direct_housing_data,FRM-22MAY12-T5.32,FRM-22MAY12,finalized,897.0,734.0,2022-05-10 06:31:49.788863-07:00,2022-05-12 06:55:00-07:00,Will the **30-Year Fixed Rate Mortgage** rate be above 5.32%?,Above 5.32%%,5.32%% or below,
kalshi,direct_housing_data,FRM-23MAR02-T6.6,FRM-23MAR02,finalized,890.0,413.0,2023-02-24 06:31:48.160301-08:00,2023-03-02 08:55:00-08:00,Will the 30-Year Fixed Rate Mortgage rate be above 6.6%?,Above 6.6%,6.6% or below,
kalshi,direct_housing_data,FRMMAX-24JUN27-P7.6,FRMMAX-24JUN27,finalized,885.0,298.0,2024-03-25 08:48:10.549891-07:00,2024-06-27 06:55:00-07:00,"Will the 30-year fixed rate mortgage rate reach above 7.6% by June 27, 2024?",Above 7.6%,7.6% or below,
kalshi,direct_housing_data,FRM-23MAR02-T6.4,FRM-23MAR02,finalized,876.0,851.0,2023-02-24 06:31:48.160301-08:00,2023-03-02 08:55:00-08:00,Will the 30-Year Fixed Rate Mortgage rate be above 6.4%?,Above 6.4%,6.4% or below,
kalshi,direct_housing_data,FRM-23MAR23-T6.5,FRM-23MAR23,finalized,871.0,574.0,2023-03-17 06:40:18.634238-07:00,2023-03-23 08:55:00-07:00,Will the 30-Year Fixed Rate Mortgage rate be above 6.5%?,Above 6.5%,6.5% or below,
kalshi,direct_housing_data,FRM-22JUL21-T5.55,FRM-22JUL21,finalized,867.0,729.0,2022-07-15 06:30:57.013393-07:00,2022-07-21 06:55:00-07:00,Will the **30-Year Fixed Rate Mortgage** rate be above 5.55%?,Above 5.55%%,5.55%% or below,
kalshi,direct_housing_data,FRM-22SEP08-T5.70,FRM-22SEP08,finalized,815.0,682.0,2022-09-03 05:47:15.801513-07:00,2022-09-08 06:55:00-07:00,Will the **30-Year Fixed Rate Mortgage** rate be above 5.70%?,Above 5.70%,5.70% or below,
kalshi,direct_housing_data,FRM-23APR20-T6.3,FRM-23APR20,finalized,797.0,628.0,2023-04-14 06:37:29.511965-07:00,2023-04-20 08:55:00-07:00,Will the 30-Year Fixed Rate Mortgage rate be above 6.3%?,Above 6.3%,6.3% or below,
kalshi,direct_housing_data,FRMMAX-24SEP26-P7.2,FRMMAX-24SEP26,finalized,790.0,709.0,2024-06-20 08:16:13.713420-07:00,2024-09-26 06:55:00-07:00,"Will the 30-year fixed rate mortgage rate reach above 7.2% by September 26, 2024?",Above 7.2%,7.2% or below,
kalshi,direct_housing_data,FRM-22SEP01-T5.60,FRM-22SEP01,finalized,785.0,493.0,2022-08-26 06:40:04.799052-07:00,2022-09-01 06:55:00-07:00,Will the **30-Year Fixed Rate Mortgage** rate be above 5.60%?,Above 5.60%,5.60% or below,
kalshi,direct_housing_data,FRM-23AUG17-T7.0,FRM-23AUG17,finalized,783.0,737.0,2023-08-11 06:37:21.580288-07:00,2023-08-17 08:55:00-07:00,Will the 30-Year Fixed Rate Mortgage rate be above 7.0%?,Above 7.0%,7.0% or below,
kalshi,direct_housing_data,FRM-22SEP01-T5.40,FRM-22SEP01,finalized,775.0,735.0,2022-08-26 06:40:04.799047-07:00,2022-09-01 06:55:00-07:00,Will the **30-Year Fixed Rate Mortgage** rate be above 5.40%?,Above 5.40%,5.40% or below,
kalshi,direct_housing_data,FRM-22NOV10-T6.95,FRM-22NOV10,finalized,733.0,474.0,2022-11-04 06:20:21.246236-07:00,2022-11-10 06:55:00-08:00,Will the 30-Year Fixed Rate Mortgage rate be above 6.95%?,Above 6.95%,6.95% or below,
kalshi,direct_housing_data,FRM-23JUN15-T6.8,FRM-23JUN15,finalized,724.0,430.0,2023-06-09 06:37:35.216946-07:00,2023-06-15 08:55:00-07:00,Will the 30-Year Fixed Rate Mortgage rate be above 6.8%?,Above 6.8%,6.8% or below,
kalshi,direct_housing_data,FRM-23MAR09-T6.7,FRM-23MAR09,finalized,723.0,590.0,2023-03-03 06:32:04.997906-08:00,2023-03-09 08:55:00-08:00,Will the 30-Year Fixed Rate Mortgage rate be above 6.7%?,Above 6.7%,6.7% or below,
kalshi,direct_housing_data,FRM-23JUL20-T6.9,FRM-23JUL20,finalized,708.0,708.0,2023-07-14 06:37:35.135270-07:00,2023-07-20 08:55:00-07:00,Will the 30-Year Fixed Rate Mortgage rate be above 6.9%?,Above 6.9%,6.9% or below,
kalshi,direct_housing_data,FRM-23AUG31-T7.1,FRM-23AUG31,finalized,682.0,523.0,2023-08-25 06:37:19.230927-07:00,2023-08-31 08:55:00-07:00,Will the 30-Year Fixed Rate Mortgage rate be above 7.1%?,Above 7.1%,7.1% or below,
kalshi,direct_housing_data,FRMMIN-24MAR28-P6.0,FRMMIN-24MAR28,finalized,667.0,498.0,2024-01-04 08:18:38.314669-08:00,2024-03-28 06:55:00-07:00,"Will the 30-year fixed rate mortgage rate reach below 6.0% by March 28, 2024?",Below 6.0%,6.0% or above,
kalshi,direct_housing_data,FRM-23JUN29-T6.6,FRM-23JUN29,finalized,662.0,652.0,2023-06-23 06:37:32.869129-07:00,2023-06-29 08:55:00-07:00,Will the 30-Year Fixed Rate Mortgage rate be above 6.6%?,Above 6.6%,6.6% or below,
kalshi,direct_housing_data,FRM-23FEB02-T6.0,FRM-23FEB02,finalized,650.0,450.0,2023-01-27 06:42:30.266807-08:00,2023-02-02 08:55:00-08:00,Will the 30-Year Fixed Rate Mortgage rate be above 6.0%?,Above 6.0%,6.0% or below,
kalshi,direct_housing_data,FRM-23NOV09-T7.6,FRM-23NOV09,finalized,638.0,638.0,2023-11-03 06:37:20.766180-07:00,2023-11-09 08:55:00-08:00,Will the 30-Year Fixed Rate Mortgage rate be above 7.6%?,Above 7.6%,7.6% or below,
kalshi,direct_housing_data,FRM-23MAR16-T6.8,FRM-23MAR16,finalized,628.0,444.0,2023-03-10 08:06:45.275074-08:00,2023-03-16 08:55:00-07:00,Will the 30-Year Fixed Rate Mortgage rate be above 6.8%?,Above 6.8%,6.8% or below,
kalshi,direct_housing_data,FRM-22DEC01-T6.65,FRM-22DEC01,finalized,614.0,14.0,2022-11-25 06:24:41.159958-08:00,2022-12-01 06:55:00-08:00,Will the 30-Year Fixed Rate Mortgage rate be above 6.65%?,Above 6.65%,6.65% or below,
kalshi,direct_housing_data,FRM-23MAY18-T6.5,FRM-23MAY18,finalized,607.0,607.0,2023-05-12 06:37:24.417614-07:00,2023-05-18 08:55:00-07:00,Will the 30-Year Fixed Rate Mortgage rate be above 6.5%?,Above 6.5%,6.5% or below,
kalshi,direct_housing_data,FRM-23OCT12-T7.6,FRM-23OCT12,finalized,601.0,501.0,2023-10-06 06:37:22.535247-07:00,2023-10-12 08:55:00-07:00,Will the 30-Year Fixed Rate Mortgage rate be above 7.6%?,Above 7.6%,7.6% or below,
kalshi,direct_housing_data,FRM-23SEP07-T7.3,FRM-23SEP07,finalized,577.0,375.0,2023-09-01 06:37:12.437184-07:00,2023-09-07 08:55:00-07:00,Will the 30-Year Fixed Rate Mortgage rate be above 7.3%?,Above 7.3%,7.3% or below,
kalshi,direct_housing_data,FRM-23JAN26-T6.3,FRM-23JAN26,finalized,560.0,555.0,2023-01-20 06:46:07.927579-08:00,2023-01-26 08:55:00-08:00,Will the 30-Year Fixed Rate Mortgage rate be above 6.3%?,Above 6.3%,6.3% or below,
kalshi,direct_housing_data,FRM-23JUN29-T6.7,FRM-23JUN29,finalized,545.0,327.0,2023-06-23 06:37:32.869129-07:00,2023-06-29 08:55:00-07:00,Will the 30-Year Fixed Rate Mortgage rate be above 6.7%?,Above 6.7%,6.7% or below,
kalshi,direct_housing_data,FRMMAX-23DEC28-P7.6,FRMMAX-23DEC28,finalized,541.0,447.0,2023-10-03 14:31:01.768655-07:00,2023-10-20 05:59:11.144292-07:00,"Will the 30-year fixed rate mortgage rate reach above 7.6% by December 28, 2023?",Above 7.6%,7.6% or below,
kalshi,direct_housing_data,FRM-23APR13-T6.3,FRM-23APR13,finalized,541.0,216.0,2023-04-07 06:37:31.605863-07:00,2023-04-13 08:55:00-07:00,Will the 30-Year Fixed Rate Mortgage rate be above 6.3%?,Above 6.3%,6.3% or below,
kalshi,direct_housing_data,FRM-23FEB16-T6.2,FRM-23FEB16,finalized,510.0,510.0,2023-02-10 07:00:35.977612-08:00,2023-02-16 08:55:00-08:00,Will the 30-Year Fixed Rate Mortgage rate be above 6.2%?,Above 6.2%,6.2% or below,
kalshi,direct_housing_data,FRM-22DEC29-T6.30,FRM-22DEC29,finalized,510.0,510.0,2022-12-26 06:52:43.205478-08:00,2022-12-29 08:55:00-08:00,Will the 30-Year Fixed Rate Mortgage rate be above 6.30%?,Above 6.30%,6.30% or below,
kalshi,direct_housing_data,FRM-23OCT19-T7.7,FRM-23OCT19,finalized,500.0,500.0,2023-10-13 06:37:30.729185-07:00,2023-10-19 08:55:00-07:00,Will the 30-Year Fixed Rate Mortgage rate be above 7.7%?,Above 7.7%,7.7% or below,
kalshi,direct_housing_data,FRM-23JUL27-T6.8,FRM-23JUL27,finalized,496.0,476.0,2023-07-21 06:37:25.371362-07:00,2023-07-27 08:55:00-07:00,Will the 30-Year Fixed Rate Mortgage rate be above 6.8%?,Above 6.8%,6.8% or below,
kalshi,direct_housing_data,FRM-23FEB09-T6.2,FRM-23FEB09,finalized,488.0,488.0,2023-02-03 06:37:10.382504-08:00,2023-02-09 08:55:00-08:00,Will the 30-Year Fixed Rate Mortgage rate be above 6.2%?,Above 6.2%,6.2% or below,
kalshi,direct_housing_data,FRM-22SEP29-T6.35,FRM-22SEP29,finalized,470.0,278.0,2022-09-23 06:25:15.755269-07:00,2022-09-29 06:55:00-07:00,Will the 30-Year Fixed Rate Mortgage rate be above 6.35%?,Above 6.35%,6.35% or below,
kalshi,direct_housing_data,FRM-23MAR09-T6.5,FRM-23MAR09,finalized,463.0,463.0,2023-03-03 06:32:04.997905-08:00,2023-03-09 08:55:00-08:00,Will the 30-Year Fixed Rate Mortgage rate be above 6.5%?,Above 6.5%,6.5% or below,
kalshi,direct_housing_data,FRM-23JUL27-T6.7,FRM-23JUL27,finalized,460.0,321.0,2023-07-21 06:37:25.371362-07:00,2023-07-27 08:55:00-07:00,Will the 30-Year Fixed Rate Mortgage rate be above 6.7%?,Above 6.7%,6.7% or below,
kalshi,direct_housing_data,FRM-23MAY04-T6.4,FRM-23MAY04,finalized,458.0,253.0,2023-04-28 06:37:24.486533-07:00,2023-05-04 08:55:00-07:00,Will the 30-Year Fixed Rate Mortgage rate be above 6.4%?,Above 6.4%,6.4% or below,
kalshi,direct_housing_data,FRM-23APR06-T6.4,FRM-23APR06,finalized,438.0,350.0,2023-03-31 06:37:27.092651-07:00,2023-04-06 08:55:00-07:00,Will the 30-Year Fixed Rate Mortgage rate be above 6.4%?,Above 6.4%,6.4% or below,
kalshi,direct_housing_data,FRMMAX-24MAR28-P7.4,FRMMAX-24MAR28,finalized,436.0,390.0,2024-01-04 08:19:41.709049-08:00,2024-03-28 06:55:00-07:00,"Will the 30-year fixed rate mortgage rate reach above 7.4% by March 28, 2024?",Above 7.4%,7.4% or below,
kalshi,direct_housing_data,FRM-23APR06-T6.3,FRM-23APR06,finalized,430.0,190.0,2023-03-31 06:37:27.092651-07:00,2023-04-06 08:55:00-07:00,Will the 30-Year Fixed Rate Mortgage rate be above 6.3%?,Above 6.3%,6.3% or below,
kalshi,direct_housing_data,FRM-24FEB08-T6.8,FRM-24FEB08,finalized,425.0,425.0,2024-02-02 03:01:22.172203-08:00,2024-02-08 08:55:00-08:00,Will the 30-Year Fixed Rate Mortgage rate be above 6.8%?,Above 6.8%,6.8% or below,
kalshi,direct_housing_data,FRM-22SEP08-T5.60,FRM-22SEP08,finalized,425.0,400.0,2022-09-03 05:47:15.801509-07:00,2022-09-08 06:55:00-07:00,Will the **30-Year Fixed Rate Mortgage** rate be above 5.60%?,Above 5.60%,5.60% or below,
kalshi,direct_housing_data,FRM-24FEB01-T6.7,FRM-24FEB01,finalized,411.0,411.0,2024-01-26 03:01:34.771619-08:00,2024-02-01 08:55:00-08:00,Will the 30-Year Fixed Rate Mortgage rate be above 6.7%?,Above 6.7%,6.7% or below,
kalshi,direct_housing_data,FRM-22SEP29-T6.45,FRM-22SEP29,finalized,411.0,245.0,2022-09-23 06:25:15.755269-07:00,2022-09-29 06:55:00-07:00,Will the 30-Year Fixed Rate Mortgage rate be above 6.45%?,Above 6.45%,6.45% or below,
kalshi,direct_housing_data,FRM-23FEB02-T6.3,FRM-23FEB02,finalized,406.0,300.0,2023-01-27 06:42:30.266807-08:00,2023-02-02 08:55:00-08:00,Will the 30-Year Fixed Rate Mortgage rate be above 6.3%?,Above 6.3%,6.3% or below,
kalshi,direct_housing_data,FRM-24JAN11-T6.6,FRM-24JAN11,finalized,402.0,402.0,2024-01-05 03:01:24.079854-08:00,2024-01-11 08:55:00-08:00,Will the 30-Year Fixed Rate Mortgage rate be above 6.6%?,Above 6.6%,6.6% or below,
kalshi,direct_housing_data,FRM-23OCT26-T7.8,FRM-23OCT26,finalized,400.0,350.0,2023-10-20 06:37:27.812779-07:00,2023-10-26 08:55:00-07:00,Will the 30-Year Fixed Rate Mortgage rate be above 7.8%?,Above 7.8%,7.8% or below,
kalshi,direct_housing_data,FRM-23JUN01-T6.7,FRM-23JUN01,finalized,383.0,378.0,2023-05-26 06:37:27.280318-07:00,2023-06-01 08:55:00-07:00,Will the 30-Year Fixed Rate Mortgage rate be above 6.7%?,Above 6.7%,6.7% or below,
kalshi,direct_housing_data,FRM-23FEB23-T6.5,FRM-23FEB23,finalized,377.0,189.0,2023-02-17 06:34:55.433142-08:00,2023-02-23 08:55:00-08:00,Will the 30-Year Fixed Rate Mortgage rate be above 6.5%?,Above 6.5%,6.5% or below,
kalshi,direct_housing_data,FRM-24FEB08-T6.7,FRM-24FEB08,finalized,374.0,374.0,2024-02-02 03:01:22.172203-08:00,2024-02-08 08:55:00-08:00,Will the 30-Year Fixed Rate Mortgage rate be above 6.7%?,Above 6.7%,6.7% or below,
kalshi,direct_housing_data,FRM-23JUL27-T6.9,FRM-23JUL27,finalized,364.0,364.0,2023-07-21 06:37:25.371362-07:00,2023-07-27 08:55:00-07:00,Will the 30-Year Fixed Rate Mortgage rate be above 6.9%?,Above 6.9%,6.9% or below,
kalshi,direct_housing_data,FRM-23JUN08-T6.6,FRM-23JUN08,finalized,364.0,304.0,2023-06-02 06:37:41.187659-07:00,2023-06-08 08:55:00-07:00,Will the 30-Year Fixed Rate Mortgage rate be above 6.6%?,Above 6.6%,6.6% or below,
kalshi,direct_housing_data,FRM-23JAN26-T6.2,FRM-23JAN26,finalized,356.0,337.0,2023-01-20 06:46:07.927579-08:00,2023-01-26 08:55:00-08:00,Will the 30-Year Fixed Rate Mortgage rate be above 6.2%?,Above 6.2%,6.2% or below,
kalshi,direct_housing_data,FRM-23MAY04-T6.5,FRM-23MAY04,finalized,353.0,295.0,2023-04-28 06:37:24.486533-07:00,2023-05-04 08:55:00-07:00,Will the 30-Year Fixed Rate Mortgage rate be above 6.5%?,Above 6.5%,6.5% or below,
kalshi,direct_housing_data,FRM-23MAR30-T6.3,FRM-23MAR30,finalized,337.0,292.0,2023-03-24 06:37:34.166434-07:00,2023-03-30 08:55:00-07:00,Will the 30-Year Fixed Rate Mortgage rate be above 6.3%?,Above 6.3%,6.3% or below,
kalshi,direct_housing_data,FRM-23OCT05-T7.4,FRM-23OCT05,finalized,308.0,248.0,2023-09-29 06:37:53.705441-07:00,2023-10-05 08:55:00-07:00,Will the 30-Year Fixed Rate Mortgage rate be above 7.4%?,Above 7.4%,7.4% or below,
kalshi,direct_housing_data,FRM-23FEB16-T6.3,FRM-23FEB16,finalized,301.0,201.0,2023-02-10 07:00:35.977612-08:00,2023-02-16 08:55:00-08:00,Will the 30-Year Fixed Rate Mortgage rate be above 6.3%?,Above 6.3%,6.3% or below,
kalshi,direct_housing_data,FRM-23DEC14-T6.9,FRM-23DEC14,finalized,300.0,300.0,2023-12-08 06:37:17.943636-08:00,2023-12-14 08:55:00-08:00,Will the 30-Year Fixed Rate Mortgage rate be above 6.9%?,Above 6.9%,6.9% or below,
kalshi,direct_housing_data,FRM-23JAN05-T6.3,FRM-23JAN05,finalized,300.0,300.0,2022-12-30 06:57:38.823780-08:00,2023-01-05 08:55:00-08:00,Will the 30-Year Fixed Rate Mortgage rate be above 6.3%?,Above 6.3%,6.3% or below,
kalshi,direct_housing_data,FRMMAX-23DEC28-P7.4,FRMMAX-23DEC28,finalized,288.0,288.0,2023-10-03 14:31:01.768654-07:00,2023-10-06 12:24:06.472609-07:00,"Will the 30-year fixed rate mortgage rate reach above 7.4% by December 28, 2023?",Above 7.4%,7.4% or below,
kalshi,direct_housing_data,FRM-23APR20-T6.2,FRM-23APR20,finalized,284.0,254.0,2023-04-14 06:37:29.511965-07:00,2023-04-20 08:55:00-07:00,Will the 30-Year Fixed Rate Mortgage rate be above 6.2%?,Above 6.2%,6.2% or below,
kalshi,direct_housing_data,FRMMIN-23DEC28-N6.2,FRMMIN-23DEC28,finalized,266.0,210.0,2023-10-03 14:37:14.620045-07:00,2023-12-28 06:55:00-08:00,"Will the 30-year fixed rate mortgage rate reach below 6.2% by December 28, 2023?",Below 6.2%,6.2% or above,
kalshi,direct_housing_data,FRM-23AUG10-T7.0,FRM-23AUG10,finalized,266.0,254.0,2023-08-04 06:37:13.448171-07:00,2023-08-10 08:55:00-07:00,Will the 30-Year Fixed Rate Mortgage rate be above 7.0%?,Above 7.0%,7.0% or below,
kalshi,direct_housing_data,FRM-23JUN08-T6.8,FRM-23JUN08,finalized,261.0,236.0,2023-06-02 06:37:41.187659-07:00,2023-06-08 08:55:00-07:00,Will the 30-Year Fixed Rate Mortgage rate be above 6.8%?,Above 6.8%,6.8% or below,
kalshi,direct_housing_data,FRM-23NOV09-T7.7,FRM-23NOV09,finalized,255.0,255.0,2023-11-03 06:37:20.766180-07:00,2023-11-09 08:55:00-08:00,Will the 30-Year Fixed Rate Mortgage rate be above 7.7%?,Above 7.7%,7.7% or below,
kalshi,direct_housing_data,FRM-23AUG24-T7.2,FRM-23AUG24,finalized,255.0,255.0,2023-08-18 06:37:16.386393-07:00,2023-08-24 08:55:00-07:00,Will the 30-Year Fixed Rate Mortgage rate be above 7.2%?,Above 7.2%,7.2% or below,
kalshi,direct_housing_data,FRM-23JUN15-T6.9,FRM-23JUN15,finalized,250.0,250.0,2023-06-09 06:37:35.216946-07:00,2023-06-15 08:55:00-07:00,Will the 30-Year Fixed Rate Mortgage rate be above 6.9%?,Above 6.9%,6.9% or below,
kalshi,direct_housing_data,FRM-23JAN05-T6.4,FRM-23JAN05,finalized,246.0,236.0,2022-12-30 06:57:38.823780-08:00,2023-01-05 08:55:00-08:00,Will the 30-Year Fixed Rate Mortgage rate be above 6.4%?,Above 6.4%,6.4% or below,
kalshi,direct_housing_data,FRM-22DEC08-T6.50,FRM-22DEC08,finalized,245.0,205.0,2022-12-02 06:33:27.620793-08:00,2022-12-08 06:55:00-08:00,Will the 30-Year Fixed Rate Mortgage rate be above 6.50%?,Above 6.50%,6.50% or below,
kalshi,direct_housing_data,FRM-23OCT19-T7.6,FRM-23OCT19,finalized,240.0,240.0,2023-10-13 06:37:30.729185-07:00,2023-10-19 08:55:00-07:00,Will the 30-Year Fixed Rate Mortgage rate be above 7.6%?,Above 7.6%,7.6% or below,
kalshi,direct_housing_data,FRM-23JUL20-T6.8,FRM-23JUL20,finalized,235.0,235.0,2023-07-14 06:37:35.135270-07:00,2023-07-20 08:55:00-07:00,Will the 30-Year Fixed Rate Mortgage rate be above 6.8%?,Above 6.8%,6.8% or below,
kalshi,direct_housing_data,FRMMIN-23DEC28-P6.9,FRMMIN-23DEC28,finalized,231.0,171.0,2023-12-15 07:59:32.112649-08:00,2023-12-26 07:03:57.363453-08:00,"Will the 30-year fixed rate mortgage rate reach below 6.9% by December 28, 2023?",Below 6.9%,6.9% or above,
kalshi,direct_housing_data,FRMMIN-23DEC28-P6.8,FRMMIN-23DEC28,finalized,225.0,225.0,2023-12-15 07:52:20.742886-08:00,2023-12-22 12:53:20.414517-08:00,"Will the 30-year fixed rate mortgage rate reach below 6.8% by December 28, 2023?",Below 6.8%,6.8% or above,
kalshi,direct_housing_data,FRM-23APR20-T6.4,FRM-23APR20,finalized,220.0,207.0,2023-04-14 06:37:29.511965-07:00,2023-04-20 08:55:00-07:00,Will the 30-Year Fixed Rate Mortgage rate be above 6.4%?,Above 6.4%,6.4% or below,
kalshi,direct_housing_data,FRM-23DEC21-T6.9,FRM-23DEC21,finalized,215.0,215.0,2023-12-15 06:37:17.528019-08:00,2023-12-21 08:55:00-08:00,Will the 30-Year Fixed Rate Mortgage rate be above 6.9%?,Above 6.9%,6.9% or below,
kalshi,direct_housing_data,FRM-22DEC08-T6.60,FRM-22DEC08,finalized,210.0,210.0,2022-12-02 06:33:27.620793-08:00,2022-12-08 06:55:00-08:00,Will the 30-Year Fixed Rate Mortgage rate be above 6.60%?,Above 6.60%,6.60% or below,
kalshi,direct_housing_data,FRM-23JUL20-T7.0,FRM-23JUL20,finalized,205.0,205.0,2023-07-14 06:37:35.135270-07:00,2023-07-20 08:55:00-07:00,Will the 30-Year Fixed Rate Mortgage rate be above 7.0%?,Above 7.0%,7.0% or below,
kalshi,direct_housing_data,FRM-22DEC22-T6.50,FRM-22DEC22,finalized,205.0,107.0,2022-12-16 06:14:34.599612-08:00,2022-12-22 08:55:00-08:00,Will the 30-Year Fixed Rate Mortgage rate be above 6.50%?,Above 6.50%,6.50% or below,
kalshi,direct_housing_data,FRM-23APR13-T6.1,FRM-23APR13,finalized,200.0,100.0,2023-04-07 06:37:31.605863-07:00,2023-04-13 08:55:00-07:00,Will the 30-Year Fixed Rate Mortgage rate be above 6.1%?,Above 6.1%,6.1% or below,
kalshi,direct_housing_data,FRM-22SEP08-T5.40,FRM-22SEP08,finalized,200.0,200.0,2022-09-03 05:47:15.801502-07:00,2022-09-08 06:55:00-07:00,Will the **30-Year Fixed Rate Mortgage** rate be above 5.40%?,Above 5.40%,5.40% or below,
kalshi,direct_housing_data,FRM-23MAR16-T6.4,FRM-23MAR16,finalized,185.0,175.0,2023-03-10 08:06:45.275073-08:00,2023-03-16 08:55:00-07:00,Will the 30-Year Fixed Rate Mortgage rate be above 6.4%?,Above 6.4%,6.4% or below,
kalshi,direct_housing_data,FRM-23SEP28-T7.3,FRM-23SEP28,finalized,173.0,169.0,2023-09-22 06:37:11.592008-07:00,2023-09-28 08:55:00-07:00,Will the 30-Year Fixed Rate Mortgage rate be above 7.3%?,Above 7.3%,7.3% or below,
kalshi,direct_housing_data,FRM-24FEB08-T6.6,FRM-24FEB08,finalized,169.0,119.0,2024-02-02 03:01:22.172202-08:00,2024-02-08 08:55:00-08:00,Will the 30-Year Fixed Rate Mortgage rate be above 6.6%?,Above 6.6%,6.6% or below,
kalshi,direct_housing_data,FRM-23AUG31-T7.2,FRM-23AUG31,finalized,164.0,164.0,2023-08-25 06:37:19.230927-07:00,2023-08-31 08:55:00-07:00,Will the 30-Year Fixed Rate Mortgage rate be above 7.2%?,Above 7.2%,7.2% or below,
kalshi,direct_housing_data,FRM-23JUN15-T6.6,FRM-23JUN15,finalized,164.0,160.0,2023-06-09 06:37:35.216945-07:00,2023-06-15 08:55:00-07:00,Will the 30-Year Fixed Rate Mortgage rate be above 6.6%?,Above 6.6%,6.6% or below,
kalshi,direct_housing_data,FRM-24FEB22-T6.8,FRM-24FEB22,finalized,156.0,156.0,2024-02-16 03:01:29.461615-08:00,2024-02-22 08:55:00-08:00,Will the 30-Year Fixed Rate Mortgage rate be above 6.8%?,Above 6.8%,6.8% or below,
kalshi,direct_housing_data,FRM-24JAN18-T6.6,FRM-24JAN18,finalized,155.0,155.0,2024-01-12 03:01:32.320738-08:00,2024-01-18 08:55:00-08:00,Will the 30-Year Fixed Rate Mortgage rate be above 6.6%?,Above 6.6%,6.6% or below,
kalshi,direct_housing_data,FRM-23JUL06-T6.8,FRM-23JUL06,finalized,150.0,100.0,2023-06-30 06:37:34.016973-07:00,2023-07-06 08:55:00-07:00,Will the 30-Year Fixed Rate Mortgage rate be above 6.8%?,Above 6.8%,6.8% or below,
kalshi,direct_housing_data,FRM-23APR27-T6.3,FRM-23APR27,finalized,142.0,92.0,2023-04-21 06:37:33.269073-07:00,2023-04-27 08:55:00-07:00,Will the 30-Year Fixed Rate Mortgage rate be above 6.3%?,Above 6.3%,6.3% or below,
kalshi,direct_housing_data,FRM-23NOV09-T7.5,FRM-23NOV09,finalized,138.0,138.0,2023-11-03 06:37:20.766180-07:00,2023-11-09 08:55:00-08:00,Will the 30-Year Fixed Rate Mortgage rate be above 7.5%?,Above 7.5%,7.5% or below,
kalshi,direct_housing_data,FRM-23OCT05-T7.3,FRM-23OCT05,finalized,138.0,138.0,2023-09-29 06:37:53.705441-07:00,2023-10-05 08:55:00-07:00,Will the 30-Year Fixed Rate Mortgage rate be above 7.3%?,Above 7.3%,7.3% or below,
kalshi,direct_housing_data,FRM-23OCT26-T7.7,FRM-23OCT26,finalized,136.0,136.0,2023-10-20 06:37:27.812779-07:00,2023-10-26 08:55:00-07:00,Will the 30-Year Fixed Rate Mortgage rate be above 7.7%?,Above 7.7%,7.7% or below,
kalshi,direct_housing_data,FRM-22DEC22-T6.45,FRM-22DEC22,finalized,134.0,134.0,2022-12-16 06:14:34.599612-08:00,2022-12-22 08:55:00-08:00,Will the 30-Year Fixed Rate Mortgage rate be above 6.45%?,Above 6.45%,6.45% or below,
kalshi,direct_housing_data,HOUSESTART-AUG-1452,HOUSESTART-AUG,finalized,130.0,125.0,2023-09-06 16:54:48.790656-07:00,2023-09-19 05:25:00-07:00,Will housing starts be more than 1452000 in August?,Rise,Maintain or fall,
kalshi,direct_housing_data,FRM-23OCT12-T7.5,FRM-23OCT12,finalized,127.0,73.0,2023-10-06 06:37:22.535247-07:00,2023-10-12 08:55:00-07:00,Will the 30-Year Fixed Rate Mortgage rate be above 7.5%?,Above 7.5%,7.5% or below,
kalshi,direct_housing_data,FRM-23JUN22-T6.7,FRM-23JUN22,finalized,119.0,89.0,2023-06-16 06:37:31.679958-07:00,2023-06-22 08:55:00-07:00,Will the 30-Year Fixed Rate Mortgage rate be above 6.7%?,Above 6.7%,6.7% or below,
kalshi,direct_housing_data,FRM-22NOV17-T7.10,FRM-22NOV17,finalized,115.0,95.0,2022-11-11 06:15:14.172035-08:00,2022-11-17 06:55:00-08:00,Will the 30-Year Fixed Rate Mortgage rate be above 7.10%?,Above 7.10%,7.10% or below,
kalshi,direct_housing_data,FRM-23MAR09-T6.4,FRM-23MAR09,finalized,108.0,108.0,2023-03-03 06:32:04.997905-08:00,2023-03-09 08:55:00-08:00,Will the 30-Year Fixed Rate Mortgage rate be above 6.4%?,Above 6.4%,6.4% or below,
kalshi,direct_housing_data,FRM-24FEB15-T6.7,FRM-24FEB15,finalized,105.0,105.0,2024-02-09 03:01:21.067499-08:00,2024-02-15 08:55:00-08:00,Will the 30-Year Fixed Rate Mortgage rate be above 6.7%?,Above 6.7%,6.7% or below,
kalshi,direct_housing_data,FRM-24FEB08-T6.4,FRM-24FEB08,finalized,103.0,103.0,2024-02-02 03:01:22.172202-08:00,2024-02-08 08:55:00-08:00,Will the 30-Year Fixed Rate Mortgage rate be above 6.4%?,Above 6.4%,6.4% or below,
kalshi,direct_housing_data,FRM-23AUG24-T7.1,FRM-23AUG24,finalized,103.0,97.0,2023-08-18 06:37:16.386393-07:00,2023-08-24 08:55:00-07:00,Will the 30-Year Fixed Rate Mortgage rate be above 7.1%?,Above 7.1%,7.1% or below,
kalshi,direct_housing_data,FRM-23MAY11-T6.4,FRM-23MAY11,finalized,101.0,90.0,2023-05-05 06:37:28.731460-07:00,2023-05-11 08:55:00-07:00,Will the 30-Year Fixed Rate Mortgage rate be above 6.4%?,Above 6.4%,6.4% or below,
kalshi,direct_housing_data,FRM-24FEB22-T6.7,FRM-24FEB22,finalized,100.0,100.0,2024-02-16 03:01:29.461614-08:00,2024-02-22 08:55:00-08:00,Will the 30-Year Fixed Rate Mortgage rate be above 6.7%?,Above 6.7%,6.7% or below,
kalshi,direct_housing_data,FRM-24FEB15-T6.8,FRM-24FEB15,finalized,100.0,100.0,2024-02-09 03:01:21.067499-08:00,2024-02-15 08:55:00-08:00,Will the 30-Year Fixed Rate Mortgage rate be above 6.8%?,Above 6.8%,6.8% or below,
kalshi,direct_housing_data,FRM-24JAN04-T6.4,FRM-24JAN04,finalized,100.0,100.0,2023-12-29 03:01:29.739399-08:00,2024-01-04 08:55:00-08:00,Will the 30-Year Fixed Rate Mortgage rate be above 6.4%?,Above 6.4%,6.4% or below,
kalshi,direct_housing_data,FRM-23DEC21-T6.8,FRM-23DEC21,finalized,100.0,100.0,2023-12-15 06:37:17.528019-08:00,2023-12-21 08:55:00-08:00,Will the 30-Year Fixed Rate Mortgage rate be above 6.8%?,Above 6.8%,6.8% or below,
kalshi,direct_housing_data,FRM-23DEC14-T6.8,FRM-23DEC14,finalized,100.0,100.0,2023-12-08 06:37:17.943635-08:00,2023-12-14 08:55:00-08:00,Will the 30-Year Fixed Rate Mortgage rate be above 6.8%?,Above 6.8%,6.8% or below,
kalshi,direct_housing_data,FRM-23NOV16-T7.3,FRM-23NOV16,finalized,100.0,100.0,2023-11-10 06:37:22.328712-08:00,2023-11-16 08:55:00-08:00,Will the 30-Year Fixed Rate Mortgage rate be above 7.3%?,Above 7.3%,7.3% or below,
kalshi,direct_housing_data,FRM-23SEP28-T7.2,FRM-23SEP28,finalized,100.0,100.0,2023-09-22 06:37:11.592008-07:00,2023-09-28 08:55:00-07:00,Will the 30-Year Fixed Rate Mortgage rate be above 7.2%?,Above 7.2%,7.2% or below,
kalshi,direct_housing_data,FRM-23AUG03-T6.9,FRM-23AUG03,finalized,100.0,100.0,2023-07-28 06:37:26.757749-07:00,2023-08-03 08:55:00-07:00,Will the 30-Year Fixed Rate Mortgage rate be above 6.9%?,Above 6.9%,6.9% or below,
kalshi,direct_housing_data,FRM-23JUL13-T6.7,FRM-23JUL13,finalized,100.0,100.0,2023-07-07 06:37:45.921089-07:00,2023-07-13 08:55:00-07:00,Will the 30-Year Fixed Rate Mortgage rate be above 6.7%?,Above 6.7%,6.7% or below,
kalshi,direct_housing_data,FRM-23DEC07-T7.1,FRM-23DEC07,finalized,97.0,97.0,2023-12-01 06:37:20.898013-08:00,2023-12-07 08:55:00-08:00,Will the 30-Year Fixed Rate Mortgage rate be above 7.1%?,Above 7.1%,7.1% or below,
kalshi,direct_housing_data,FRMMIN-24DEC26-P5.8,FRMMIN-24DEC26,finalized,93.0,78.0,2024-09-30 07:13:59.923971-07:00,2024-12-26 06:55:00-08:00,"Will the 30-year fixed rate mortgage rate reach below 5.8% by December 26, 2024?",below 5.8%,below 5.8%,
kalshi,direct_housing_data,FRMMAX-24SEP26-P7.4,FRMMAX-24SEP26,finalized,84.0,64.0,2024-06-20 08:16:13.713420-07:00,2024-09-26 06:55:00-07:00,"Will the 30-year fixed rate mortgage rate reach above 7.4% by September 26, 2024?",Above 7.4%,7.4% or below,
kalshi,direct_housing_data,FRM-23JUL13-T6.9,FRM-23JUL13,finalized,80.0,80.0,2023-07-07 06:37:45.921089-07:00,2023-07-13 08:55:00-07:00,Will the 30-Year Fixed Rate Mortgage rate be above 6.9%?,Above 6.9%,6.9% or below,
kalshi,direct_housing_data,FRM-23NOV30-T7.3,FRM-23NOV30,finalized,78.0,78.0,2023-11-24 06:37:16.900390-08:00,2023-11-30 08:55:00-08:00,Will the 30-Year Fixed Rate Mortgage rate be above 7.3%?,Above 7.3%,7.3% or below,
kalshi,direct_housing_data,FRM-22SEP08-T5.50,FRM-22SEP08,finalized,78.0,78.0,2022-09-03 05:47:15.801506-07:00,2022-09-08 06:55:00-07:00,Will the **30-Year Fixed Rate Mortgage** rate be above 5.50%?,Above 5.50%,5.50% or below,
kalshi,direct_housing_data,FRM-23JUL13-T6.8,FRM-23JUL13,finalized,75.0,75.0,2023-07-07 06:37:45.921089-07:00,2023-07-13 08:55:00-07:00,Will the 30-Year Fixed Rate Mortgage rate be above 6.8%?,Above 6.8%,6.8% or below,
kalshi,direct_housing_data,FRM-22NOV17-T7.15,FRM-22NOV17,finalized,75.0,75.0,2022-11-11 06:15:14.172035-08:00,2022-11-17 06:55:00-08:00,Will the 30-Year Fixed Rate Mortgage rate be above 7.15%?,Above 7.15%,7.15% or below,
kalshi,direct_housing_data,FRM-23AUG17-T7.1,FRM-23AUG17,finalized,73.0,60.0,2023-08-11 06:37:21.580288-07:00,2023-08-17 08:55:00-07:00,Will the 30-Year Fixed Rate Mortgage rate be above 7.1%?,Above 7.1%,7.1% or below,
kalshi,direct_housing_data,FRM-23MAR23-T6.7,FRM-23MAR23,finalized,72.0,72.0,2023-03-17 06:40:18.634238-07:00,2023-03-23 08:55:00-07:00,Will the 30-Year Fixed Rate Mortgage rate be above 6.7%?,Above 6.7%,6.7% or below,
kalshi,direct_housing_data,FRMMIN-24DEC26-P5.6,FRMMIN-24DEC26,finalized,70.0,70.0,2024-09-30 07:13:59.923971-07:00,2024-12-26 06:55:00-08:00,"Will the 30-year fixed rate mortgage rate reach below 5.6% by December 26, 2024?",below 5.6%,below 5.6%,
kalshi,direct_housing_data,FRM-23SEP14-T7.1,FRM-23SEP14,finalized,70.0,70.0,2023-09-08 06:37:12.417779-07:00,2023-09-14 08:55:00-07:00,Will the 30-Year Fixed Rate Mortgage rate be above 7.1%?,Above 7.1%,7.1% or below,
kalshi,direct_housing_data,FRM-23MAY18-T6.4,FRM-23MAY18,finalized,66.0,66.0,2023-05-12 06:37:24.417614-07:00,2023-05-18 08:55:00-07:00,Will the 30-Year Fixed Rate Mortgage rate be above 6.4%?,Above 6.4%,6.4% or below,
kalshi,direct_housing_data,FRM-23JAN05-T6.2,FRM-23JAN05,finalized,66.0,3.0,2022-12-30 06:57:38.823780-08:00,2023-01-05 08:55:00-08:00,Will the 30-Year Fixed Rate Mortgage rate be above 6.2%?,Above 6.2%,6.2% or below,
kalshi,direct_housing_data,FRM-23AUG03-T7.0,FRM-23AUG03,finalized,61.0,61.0,2023-07-28 06:37:26.757749-07:00,2023-08-03 08:55:00-07:00,Will the 30-Year Fixed Rate Mortgage rate be above 7.0%?,Above 7.0%,7.0% or below,
kalshi,direct_housing_data,FRM-23AUG10-T6.9,FRM-23AUG10,finalized,60.0,60.0,2023-08-04 06:37:13.448171-07:00,2023-08-10 08:55:00-07:00,Will the 30-Year Fixed Rate Mortgage rate be above 6.9%?,Above 6.9%,6.9% or below,
kalshi,direct_housing_data,FRM-23JUN22-T6.6,FRM-23JUN22,finalized,60.0,60.0,2023-06-16 06:37:31.679958-07:00,2023-06-22 08:55:00-07:00,Will the 30-Year Fixed Rate Mortgage rate be above 6.6%?,Above 6.6%,6.6% or below,
kalshi,direct_housing_data,FRM-23MAY11-T6.5,FRM-23MAY11,finalized,60.0,50.0,2023-05-05 06:37:28.731460-07:00,2023-05-11 08:55:00-07:00,Will the 30-Year Fixed Rate Mortgage rate be above 6.5%?,Above 6.5%,6.5% or below,
kalshi,direct_housing_data,FRM-22AUG18-T5.00,FRM-22AUG18,finalized,60.0,60.0,2022-08-12 06:38:27.835733-07:00,2022-08-18 06:55:00-07:00,Will the **30-Year Fixed Rate Mortgage** rate be above 5.00%?,Above 5.00%,5.00% or below,
kalshi,direct_housing_data,FRM-24JAN25-T6.8,FRM-24JAN25,finalized,50.0,50.0,2024-01-19 03:01:25.516776-08:00,2024-01-25 08:55:00-08:00,Will the 30-Year Fixed Rate Mortgage rate be above 6.8%?,Above 6.8%,6.8% or below,
kalshi,direct_housing_data,FRM-23DEC14-T7.1,FRM-23DEC14,finalized,50.0,50.0,2023-12-08 06:37:17.943636-08:00,2023-12-14 08:55:00-08:00,Will the 30-Year Fixed Rate Mortgage rate be above 7.1%?,Above 7.1%,7.1% or below,
kalshi,direct_housing_data,FRM-23NOV30-T7.2,FRM-23NOV30,finalized,50.0,50.0,2023-11-24 06:37:16.900390-08:00,2023-11-30 08:55:00-08:00,Will the 30-Year Fixed Rate Mortgage rate be above 7.2%?,Above 7.2%,7.2% or below,
kalshi,direct_housing_data,FRM-23NOV16-T7.4,FRM-23NOV16,finalized,50.0,50.0,2023-11-10 06:37:22.328713-08:00,2023-11-16 08:55:00-08:00,Will the 30-Year Fixed Rate Mortgage rate be above 7.4%?,Above 7.4%,7.4% or below,
kalshi,direct_housing_data,FRM-23SEP21-T7.2,FRM-23SEP21,finalized,50.0,50.0,2023-09-15 06:37:17.077322-07:00,2023-09-21 08:55:00-07:00,Will the 30-Year Fixed Rate Mortgage rate be above 7.2%?,Above 7.2%,7.2% or below,
kalshi,direct_housing_data,FRM-23SEP07-T7.1,FRM-23SEP07,finalized,50.0,50.0,2023-09-01 06:37:12.437183-07:00,2023-09-07 08:55:00-07:00,Will the 30-Year Fixed Rate Mortgage rate be above 7.1%?,Above 7.1%,7.1% or below,
kalshi,direct_housing_data,FRM-23JUN01-T6.6,FRM-23JUN01,finalized,50.0,50.0,2023-05-26 06:37:27.280318-07:00,2023-06-01 08:55:00-07:00,Will the 30-Year Fixed Rate Mortgage rate be above 6.6%?,Above 6.6%,6.6% or below,
kalshi,direct_housing_data,FRM-23APR13-T6.4,FRM-23APR13,finalized,42.0,2.0,2023-04-07 06:37:31.605863-07:00,2023-04-13 08:55:00-07:00,Will the 30-Year Fixed Rate Mortgage rate be above 6.4%?,Above 6.4%,6.4% or below,
kalshi,direct_housing_data,FRM-23JUN22-T6.8,FRM-23JUN22,finalized,40.0,40.0,2023-06-16 06:37:31.679958-07:00,2023-06-22 08:55:00-07:00,Will the 30-Year Fixed Rate Mortgage rate be above 6.8%?,Above 6.8%,6.8% or below,
kalshi,direct_housing_data,FRM-23MAR30-T6.5,FRM-23MAR30,finalized,40.0,15.0,2023-03-24 06:37:34.166434-07:00,2023-03-30 08:55:00-07:00,Will the 30-Year Fixed Rate Mortgage rate be above 6.5%?,Above 6.5%,6.5% or below,
kalshi,direct_housing_data,FRM-23MAR02-T6.3,FRM-23MAR02,finalized,40.0,40.0,2023-02-24 06:31:48.160300-08:00,2023-03-02 08:55:00-08:00,Will the 30-Year Fixed Rate Mortgage rate be above 6.3%?,Above 6.3%,6.3% or below,
kalshi,direct_housing_data,FRM-23JUN22-T6.4,FRM-23JUN22,finalized,39.0,25.0,2023-06-16 06:37:31.679957-07:00,2023-06-22 08:55:00-07:00,Will the 30-Year Fixed Rate Mortgage rate be above 6.4%?,Above 6.4%,6.4% or below,
kalshi,direct_housing_data,FRM-23MAY11-T6.3,FRM-23MAY11,finalized,35.0,35.0,2023-05-05 06:37:28.731460-07:00,2023-05-11 08:55:00-07:00,Will the 30-Year Fixed Rate Mortgage rate be above 6.3%?,Above 6.3%,6.3% or below,
kalshi,direct_housing_data,FRMMIN-24MAR28-P5.8,FRMMIN-24MAR28,finalized,32.0,23.0,2024-01-04 08:18:38.314669-08:00,2024-03-28 08:55:00-07:00,"Will the 30-year fixed rate mortgage rate reach below 5.8% by March 28, 2024?",Below 5.8%,5.8% or above,
kalshi,direct_housing_data,FRM-24FEB22-T6.9,FRM-24FEB22,finalized,31.0,30.0,2024-02-16 03:01:29.461615-08:00,2024-02-22 08:55:00-08:00,Will the 30-Year Fixed Rate Mortgage rate be above 6.9%?,Above 6.9%,6.9% or below,
kalshi,direct_housing_data,FRM-23MAR30-T6.2,FRM-23MAR30,finalized,31.0,31.0,2023-03-24 06:37:34.166433-07:00,2023-03-30 08:55:00-07:00,Will the 30-Year Fixed Rate Mortgage rate be above 6.2%?,Above 6.2%,6.2% or below,
kalshi,direct_housing_data,FRM-23MAR23-T6.8,FRM-23MAR23,finalized,30.0,30.0,2023-03-17 06:40:18.634238-07:00,2023-03-23 08:55:00-07:00,Will the 30-Year Fixed Rate Mortgage rate be above 6.8%?,Above 6.8%,6.8% or below,
kalshi,direct_housing_data,FRM-23MAR16-T6.9,FRM-23MAR16,finalized,30.0,30.0,2023-03-10 08:06:45.275074-08:00,2023-03-16 08:55:00-07:00,Will the 30-Year Fixed Rate Mortgage rate be above 6.9%?,Above 6.9%,6.9% or below,
kalshi,direct_housing_data,FRM-23NOV02-T7.8,FRM-23NOV02,finalized,13.0,13.0,2023-10-27 06:37:24.863636-07:00,2023-11-02 08:55:00-07:00,Will the 30-Year Fixed Rate Mortgage rate be above 7.8%?,Above 7.8%,7.8% or below,
kalshi,direct_housing_data,FRMMIN-24JUN27-P6.0,FRMMIN-24JUN27,finalized,11.0,10.0,2024-03-25 08:47:55.065832-07:00,2024-06-27 06:55:00-07:00,"Will the 30-year fixed rate mortgage rate reach below 6.0% by June 27, 2024?",Below 6.0%,6.0% or above,
kalshi,direct_housing_data,FRM-23NOV16-T7.5,FRM-23NOV16,finalized,10.0,10.0,2023-11-10 06:37:22.328713-08:00,2023-11-16 08:55:00-08:00,Will the 30-Year Fixed Rate Mortgage rate be above 7.5%?,Above 7.5%,7.5% or below,
kalshi,direct_housing_data,FRMMIN-23DEC28-N6.0,FRMMIN-23DEC28,finalized,10.0,10.0,2023-10-03 14:37:14.620045-07:00,2023-12-28 06:55:00-08:00,"Will the 30-year fixed rate mortgage rate reach below 6.0% by December 28, 2023?",Below 6.0%,6.0% or above,
kalshi,direct_housing_data,FRM-23MAY18-T6.3,FRM-23MAY18,finalized,10.0,10.0,2023-05-12 06:37:24.417614-07:00,2023-05-18 08:55:00-07:00,Will the 30-Year Fixed Rate Mortgage rate be above 6.3%?,Above 6.3%,6.3% or below,
kalshi,direct_housing_data,FRM-23FEB09-T5.9,FRM-23FEB09,finalized,10.0,10.0,2023-02-03 06:37:10.382504-08:00,2023-02-09 08:55:00-08:00,Will the 30-Year Fixed Rate Mortgage rate be above 5.9%?,Above 5.9%,5.9% or below,
kalshi,direct_housing_data,FRM-24JAN18-T6.7,FRM-24JAN18,finalized,9.0,9.0,2024-01-12 03:01:32.320738-08:00,2024-01-18 08:55:00-08:00,Will the 30-Year Fixed Rate Mortgage rate be above 6.7%?,Above 6.7%,6.7% or below,
kalshi,direct_housing_data,FRMMIN-24JUN27-P6.2,FRMMIN-24JUN27,finalized,7.0,7.0,2024-03-25 08:47:55.065832-07:00,2024-06-27 06:55:00-07:00,"Will the 30-year fixed rate mortgage rate reach below 6.2% by June 27, 2024?",Below 6.2%,6.2% or above,
kalshi,direct_housing_data,FRM-24JAN25-T6.7,FRM-24JAN25,finalized,5.0,5.0,2024-01-19 03:01:25.516776-08:00,2024-01-25 08:55:00-08:00,Will the 30-Year Fixed Rate Mortgage rate be above 6.7%?,Above 6.7%,6.7% or below,
kalshi,direct_housing_data,FRM-23DEC07-T7.2,FRM-23DEC07,finalized,2.0,2.0,2023-12-01 06:37:20.898014-08:00,2023-12-07 08:55:00-08:00,Will the 30-Year Fixed Rate Mortgage rate be above 7.2%?,Above 7.2%,7.2% or below,
kalshi,direct_housing_data,FRM-22DEC15-T6.00,FRM-22DEC15,finalized,2.0,2.0,2022-12-12 06:54:56.511984-08:00,2022-12-15 08:55:00-08:00,Will the 30-Year Fixed Rate Mortgage rate be above 6.00%?,Above 6.00%,6.00% or below,
kalshi,direct_housing_data,FRM-23DEC14-T7.0,FRM-23DEC14,finalized,1.0,1.0,2023-12-08 06:37:17.943636-08:00,2023-12-14 08:55:00-08:00,Will the 30-Year Fixed Rate Mortgage rate be above 7.0%?,Above 7.0%,7.0% or below,
kalshi,direct_housing_data,FRM-23SEP14-T7.2,FRM-23SEP14,finalized,1.0,1.0,2023-09-08 06:37:12.417779-07:00,2023-09-14 08:55:00-07:00,Will the 30-Year Fixed Rate Mortgage rate be above 7.2%?,Above 7.2%,7.2% or below,
kalshi,direct_housing_data,FRM-23SEP14-T7.0,FRM-23SEP14,finalized,1.0,1.0,2023-09-08 06:37:12.417779-07:00,2023-09-14 08:55:00-07:00,Will the 30-Year Fixed Rate Mortgage rate be above 7.0%?,Above 7.0%,7.0% or below,
kalshi,direct_housing_data,FRM-23JUL06-T6.9,FRM-23JUL06,finalized,1.0,1.0,2023-06-30 06:37:34.016974-07:00,2023-07-06 08:55:00-07:00,Will the 30-Year Fixed Rate Mortgage rate be above 6.9%?,Above 6.9%,6.9% or below,
kalshi,direct_housing_data,FRM-23JUL06-T6.7,FRM-23JUL06,finalized,1.0,1.0,2023-06-30 06:37:34.016973-07:00,2023-07-06 08:55:00-07:00,Will the 30-Year Fixed Rate Mortgage rate be above 6.7%?,Above 6.7%,6.7% or below,
kalshi,direct_housing_data,FRM-24FEB22-T6.6,FRM-24FEB22,finalized,0.0,0.0,2024-02-16 03:01:29.461614-08:00,2024-02-22 08:55:00-08:00,Will the 30-Year Fixed Rate Mortgage rate be above 6.6%?,Above 6.6%,6.6% or below,
kalshi,direct_housing_data,FRM-24FEB22-T6.5,FRM-24FEB22,finalized,0.0,0.0,2024-02-16 03:01:29.461614-08:00,2024-02-22 08:55:00-08:00,Will the 30-Year Fixed Rate Mortgage rate be above 6.5%?,Above 6.5%,6.5% or below,
kalshi,direct_housing_data,FRM-24FEB15-T6.6,FRM-24FEB15,finalized,0.0,0.0,2024-02-09 03:01:21.067499-08:00,2024-02-15 08:55:00-08:00,Will the 30-Year Fixed Rate Mortgage rate be above 6.6%?,Above 6.6%,6.6% or below,
kalshi,direct_housing_data,FRM-24FEB15-T6.5,FRM-24FEB15,finalized,0.0,0.0,2024-02-09 03:01:21.067499-08:00,2024-02-15 08:55:00-08:00,Will the 30-Year Fixed Rate Mortgage rate be above 6.5%?,Above 6.5%,6.5% or below,
kalshi,direct_housing_data,FRM-24FEB15-T6.4,FRM-24FEB15,finalized,0.0,0.0,2024-02-09 03:01:21.067498-08:00,2024-02-15 08:55:00-08:00,Will the 30-Year Fixed Rate Mortgage rate be above 6.4%?,Above 6.4%,6.4% or below,
kalshi,direct_housing_data,FRM-24FEB08-T6.5,FRM-24FEB08,finalized,0.0,0.0,2024-02-02 03:01:22.172202-08:00,2024-02-08 08:55:00-08:00,Will the 30-Year Fixed Rate Mortgage rate be above 6.5%?,Above 6.5%,6.5% or below,
kalshi,direct_housing_data,FRM-24FEB01-T6.5,FRM-24FEB01,finalized,0.0,0.0,2024-01-26 03:01:34.771619-08:00,2024-02-01 08:55:00-08:00,Will the 30-Year Fixed Rate Mortgage rate be above 6.5%?,Above 6.5%,6.5% or below,
kalshi,direct_housing_data,FRM-24FEB01-T6.6,FRM-24FEB01,finalized,0.0,0.0,2024-01-26 03:01:34.771619-08:00,2024-02-01 08:55:00-08:00,Will the 30-Year Fixed Rate Mortgage rate be above 6.6%?,Above 6.6%,6.6% or below,
kalshi,direct_housing_data,FRM-24FEB01-T6.8,FRM-24FEB01,finalized,0.0,0.0,2024-01-26 03:01:34.771619-08:00,2024-02-01 08:55:00-08:00,Will the 30-Year Fixed Rate Mortgage rate be above 6.8%?,Above 6.8%,6.8% or below,
kalshi,direct_housing_data,FRM-24FEB01-T6.4,FRM-24FEB01,finalized,0.0,0.0,2024-01-26 03:01:34.771618-08:00,2024-02-01 08:55:00-08:00,Will the 30-Year Fixed Rate Mortgage rate be above 6.4%?,Above 6.4%,6.4% or below,
kalshi,direct_housing_data,FRM-24JAN25-T6.6,FRM-24JAN25,finalized,0.0,0.0,2024-01-19 03:01:25.516776-08:00,2024-01-25 08:55:00-08:00,Will the 30-Year Fixed Rate Mortgage rate be above 6.6%?,Above 6.6%,6.6% or below,
kalshi,direct_housing_data,FRM-24JAN25-T6.5,FRM-24JAN25,finalized,0.0,0.0,2024-01-19 03:01:25.516776-08:00,2024-01-25 08:55:00-08:00,Will the 30-Year Fixed Rate Mortgage rate be above 6.5%?,Above 6.5%,6.5% or below,
kalshi,direct_housing_data,FRM-24JAN25-T6.4,FRM-24JAN25,finalized,0.0,0.0,2024-01-19 03:01:25.516775-08:00,2024-01-25 08:55:00-08:00,Will the 30-Year Fixed Rate Mortgage rate be above 6.4%?,Above 6.4%,6.4% or below,
kalshi,direct_housing_data,FRM-24JAN18-T6.8,FRM-24JAN18,finalized,0.0,0.0,2024-01-12 03:01:32.320738-08:00,2024-01-18 08:55:00-08:00,Will the 30-Year Fixed Rate Mortgage rate be above 6.8%?,Above 6.8%,6.8% or below,
kalshi,direct_housing_data,FRM-24JAN18-T6.5,FRM-24JAN18,finalized,0.0,0.0,2024-01-12 03:01:32.320738-08:00,2024-01-18 08:55:00-08:00,Will the 30-Year Fixed Rate Mortgage rate be above 6.5%?,Above 6.5%,6.5% or below,
kalshi,direct_housing_data,FRM-24JAN18-T6.4,FRM-24JAN18,finalized,0.0,0.0,2024-01-12 03:01:32.320737-08:00,2024-01-18 08:55:00-08:00,Will the 30-Year Fixed Rate Mortgage rate be above 6.4%?,Above 6.4%,6.4% or below,
kalshi,direct_housing_data,FRM-24JAN11-T6.5,FRM-24JAN11,finalized,0.0,0.0,2024-01-05 03:01:24.079854-08:00,2024-01-11 08:55:00-08:00,Will the 30-Year Fixed Rate Mortgage rate be above 6.5%?,Above 6.5%,6.5% or below,
kalshi,direct_housing_data,FRM-24JAN11-T6.7,FRM-24JAN11,finalized,0.0,0.0,2024-01-05 03:01:24.079854-08:00,2024-01-11 08:55:00-08:00,Will the 30-Year Fixed Rate Mortgage rate be above 6.7%?,Above 6.7%,6.7% or below,
kalshi,direct_housing_data,FRM-24JAN11-T6.8,FRM-24JAN11,finalized,0.0,0.0,2024-01-05 03:01:24.079854-08:00,2024-01-11 08:55:00-08:00,Will the 30-Year Fixed Rate Mortgage rate be above 6.8%?,Above 6.8%,6.8% or below,
kalshi,direct_housing_data,FRM-24JAN11-T6.4,FRM-24JAN11,finalized,0.0,0.0,2024-01-05 03:01:24.079852-08:00,2024-01-11 08:55:00-08:00,Will the 30-Year Fixed Rate Mortgage rate be above 6.4%?,Above 6.4%,6.4% or below,
kalshi,direct_housing_data,FRMMAX-24DEC26-P7.0,FRMMAX-24DEC26,closed,0.0,0.0,2024-01-04 05:23:44.345415-08:00,2024-12-26 06:55:00-08:00,"Will the 30-year fixed rate mortgage rate reach above 7.0% by December 26, 2024?",Above 7.0%,7.0% or below,
kalshi,direct_housing_data,FRMMAX-24DEC26-P8.0,FRMMAX-24DEC26,closed,0.0,0.0,2024-01-04 05:23:44.345415-08:00,2024-12-26 06:55:00-08:00,"Will the 30-year fixed rate mortgage rate reach above 8.0% by December 26, 2024?",Above 8.0%,8.0% or below,
kalshi,direct_housing_data,FRMMAX-24DEC26-P7.5,FRMMAX-24DEC26,closed,0.0,0.0,2024-01-04 05:23:44.345415-08:00,2024-12-26 06:55:00-08:00,"Will the 30-year fixed rate mortgage rate reach above 7.5% by December 26, 2024?",Above 7.5%,7.5% or below,
kalshi,direct_housing_data,FRMMAX-24DEC26-P6.5,FRMMAX-24DEC26,closed,0.0,0.0,2024-01-04 05:23:44.345414-08:00,2024-12-26 06:55:00-08:00,"Will the 30-year fixed rate mortgage rate reach above 6.5% by December 26, 2024?",Above 6.5%,6.5% or below,
kalshi,direct_housing_data,FRM-24JAN04-T6.8,FRM-24JAN04,finalized,0.0,0.0,2023-12-29 03:01:29.739400-08:00,2024-01-04 08:55:00-08:00,Will the 30-Year Fixed Rate Mortgage rate be above 6.8%?,Above 6.8%,6.8% or below,
kalshi,direct_housing_data,FRM-24JAN04-T6.7,FRM-24JAN04,finalized,0.0,0.0,2023-12-29 03:01:29.739400-08:00,2024-01-04 08:55:00-08:00,Will the 30-Year Fixed Rate Mortgage rate be above 6.7%?,Above 6.7%,6.7% or below,
kalshi,direct_housing_data,FRM-24JAN04-T6.6,FRM-24JAN04,finalized,0.0,0.0,2023-12-29 03:01:29.739400-08:00,2024-01-04 08:55:00-08:00,Will the 30-Year Fixed Rate Mortgage rate be above 6.6%?,Above 6.6%,6.6% or below,
kalshi,direct_housing_data,FRM-24JAN04-T6.5,FRM-24JAN04,finalized,0.0,0.0,2023-12-29 03:01:29.739400-08:00,2024-01-04 08:55:00-08:00,Will the 30-Year Fixed Rate Mortgage rate be above 6.5%?,Above 6.5%,6.5% or below,
kalshi,direct_housing_data,FRM-23DEC28-T6.5,FRM-23DEC28,finalized,0.0,0.0,2023-12-22 03:01:31.200765-08:00,2023-12-28 08:55:00-08:00,Will the 30-Year Fixed Rate Mortgage rate be above 6.5%?,Above 6.5%,6.5% or below,
kalshi,direct_housing_data,FRM-23DEC28-T6.8,FRM-23DEC28,finalized,0.0,0.0,2023-12-22 03:01:31.200765-08:00,2023-12-28 08:55:00-08:00,Will the 30-Year Fixed Rate Mortgage rate be above 6.8%?,Above 6.8%,6.8% or below,
kalshi,direct_housing_data,FRM-23DEC28-T6.6,FRM-23DEC28,finalized,0.0,0.0,2023-12-22 03:01:31.200765-08:00,2023-12-28 08:55:00-08:00,Will the 30-Year Fixed Rate Mortgage rate be above 6.6%?,Above 6.6%,6.6% or below,
kalshi,direct_housing_data,FRM-23DEC28-T6.7,FRM-23DEC28,finalized,0.0,0.0,2023-12-22 03:01:31.200765-08:00,2023-12-28 08:55:00-08:00,Will the 30-Year Fixed Rate Mortgage rate be above 6.7%?,Above 6.7%,6.7% or below,
kalshi,direct_housing_data,FRM-23DEC28-T6.4,FRM-23DEC28,finalized,0.0,0.0,2023-12-22 03:01:31.200764-08:00,2023-12-28 08:55:00-08:00,Will the 30-Year Fixed Rate Mortgage rate be above 6.4%?,Above 6.4%,6.4% or below,
kalshi,direct_housing_data,FRM-23DEC21-T7.0,FRM-23DEC21,finalized,0.0,0.0,2023-12-15 06:37:17.528019-08:00,2023-12-21 08:55:00-08:00,Will the 30-Year Fixed Rate Mortgage rate be above 7.0%?,Above 7.0%,7.0% or below,
kalshi,direct_housing_data,FRM-23DEC21-T7.1,FRM-23DEC21,finalized,0.0,0.0,2023-12-15 06:37:17.528019-08:00,2023-12-21 08:55:00-08:00,Will the 30-Year Fixed Rate Mortgage rate be above 7.1%?,Above 7.1%,7.1% or below,
kalshi,direct_housing_data,FRM-23DEC21-T6.7,FRM-23DEC21,finalized,0.0,0.0,2023-12-15 06:37:17.528018-08:00,2023-12-21 08:55:00-08:00,Will the 30-Year Fixed Rate Mortgage rate be above 6.7%?,Above 6.7%,6.7% or below,
kalshi,direct_housing_data,FRM-23DEC14-T7.2,FRM-23DEC14,finalized,0.0,0.0,2023-12-08 06:37:17.943636-08:00,2023-12-14 08:55:00-08:00,Will the 30-Year Fixed Rate Mortgage rate be above 7.2%?,Above 7.2%,7.2% or below,
kalshi,direct_housing_data,FRM-23DEC07-T7.3,FRM-23DEC07,finalized,0.0,0.0,2023-12-01 06:37:20.898014-08:00,2023-12-07 08:55:00-08:00,Will the 30-Year Fixed Rate Mortgage rate be above 7.3%?,Above 7.3%,7.3% or below,
kalshi,direct_housing_data,FRM-23DEC07-T7.4,FRM-23DEC07,finalized,0.0,0.0,2023-12-01 06:37:20.898014-08:00,2023-12-07 08:55:00-08:00,Will the 30-Year Fixed Rate Mortgage rate be above 7.4%?,Above 7.4%,7.4% or below,
kalshi,direct_housing_data,FRM-23DEC07-T7.0,FRM-23DEC07,finalized,0.0,0.0,2023-12-01 06:37:20.898012-08:00,2023-12-07 08:55:00-08:00,Will the 30-Year Fixed Rate Mortgage rate be above 7.0%?,Above 7.0%,7.0% or below,
kalshi,direct_housing_data,FRM-23NOV30-T7.4,FRM-23NOV30,finalized,0.0,0.0,2023-11-24 06:37:16.900390-08:00,2023-11-30 08:55:00-08:00,Will the 30-Year Fixed Rate Mortgage rate be above 7.4%?,Above 7.4%,7.4% or below,
kalshi,direct_housing_data,FRM-23NOV30-T7.1,FRM-23NOV30,finalized,0.0,0.0,2023-11-24 06:37:16.900390-08:00,2023-11-30 08:55:00-08:00,Will the 30-Year Fixed Rate Mortgage rate be above 7.1%?,Above 7.1%,7.1% or below,
kalshi,direct_housing_data,FRM-23NOV30-T7.0,FRM-23NOV30,finalized,0.0,0.0,2023-11-24 06:37:16.900389-08:00,2023-11-30 08:55:00-08:00,Will the 30-Year Fixed Rate Mortgage rate be above 7.0%?,Above 7.0%,7.0% or below,
kalshi,direct_housing_data,FRM-23NOV16-T7.7,FRM-23NOV16,finalized,0.0,0.0,2023-11-10 06:37:22.328713-08:00,2023-11-16 08:55:00-08:00,Will the 30-Year Fixed Rate Mortgage rate be above 7.7%?,Above 7.7%,7.7% or below,
kalshi,direct_housing_data,FRM-23NOV16-T7.6,FRM-23NOV16,finalized,0.0,0.0,2023-11-10 06:37:22.328713-08:00,2023-11-16 08:55:00-08:00,Will the 30-Year Fixed Rate Mortgage rate be above 7.6%?,Above 7.6%,7.6% or below,
kalshi,direct_housing_data,FRM-23NOV09-T7.76,FRM-23NOV09,finalized,0.0,0.0,2023-11-07 11:12:59.771690-08:00,2023-11-09 08:55:00-08:00,Will the 30-Year Fixed Rate Mortgage rate be above 7.76%?,Above 7.76%,7.76% or below,
kalshi,direct_housing_data,FRM-23NOV09-T7.9,FRM-23NOV09,finalized,0.0,0.0,2023-11-03 06:37:20.766181-07:00,2023-11-09 08:55:00-08:00,Will the 30-Year Fixed Rate Mortgage rate be above 7.9%?,Above 7.9%,7.9% or below,
kalshi,direct_housing_data,FRM-23NOV09-T7.8,FRM-23NOV09,finalized,0.0,0.0,2023-11-03 06:37:20.766181-07:00,2023-11-09 08:55:00-08:00,Will the 30-Year Fixed Rate Mortgage rate be above 7.8%?,Above 7.8%,7.8% or below,
kalshi,direct_housing_data,FRM-23NOV02-T7.7,FRM-23NOV02,finalized,0.0,0.0,2023-10-27 06:37:24.863636-07:00,2023-11-02 08:55:00-07:00,Will the 30-Year Fixed Rate Mortgage rate be above 7.7%?,Above 7.7%,7.7% or below,
kalshi,direct_housing_data,FRM-23NOV02-T7.6,FRM-23NOV02,finalized,0.0,0.0,2023-10-27 06:37:24.863636-07:00,2023-11-02 08:55:00-07:00,Will the 30-Year Fixed Rate Mortgage rate be above 7.6%?,Above 7.6%,7.6% or below,
kalshi,direct_housing_data,FRM-23NOV02-T7.9,FRM-23NOV02,finalized,0.0,0.0,2023-10-27 06:37:24.863636-07:00,2023-11-02 08:55:00-07:00,Will the 30-Year Fixed Rate Mortgage rate be above 7.9%?,Above 7.9%,7.9% or below,
kalshi,direct_housing_data,FRM-23NOV02-T7.5,FRM-23NOV02,finalized,0.0,0.0,2023-10-27 06:37:24.863635-07:00,2023-11-02 08:55:00-07:00,Will the 30-Year Fixed Rate Mortgage rate be above 7.5%?,Above 7.5%,7.5% or below,
kalshi,direct_housing_data,FRM-23OCT26-T7.5,FRM-23OCT26,finalized,0.0,0.0,2023-10-20 06:37:27.812779-07:00,2023-10-26 08:55:00-07:00,Will the 30-Year Fixed Rate Mortgage rate be above 7.5%?,Above 7.5%,7.5% or below,
kalshi,direct_housing_data,FRM-23OCT26-T7.6,FRM-23OCT26,finalized,0.0,0.0,2023-10-20 06:37:27.812779-07:00,2023-10-26 08:55:00-07:00,Will the 30-Year Fixed Rate Mortgage rate be above 7.6%?,Above 7.6%,7.6% or below,
kalshi,direct_housing_data,FRM-23OCT26-T7.4,FRM-23OCT26,finalized,0.0,0.0,2023-10-20 06:37:27.812778-07:00,2023-10-26 08:55:00-07:00,Will the 30-Year Fixed Rate Mortgage rate be above 7.4%?,Above 7.4%,7.4% or below,
kalshi,direct_housing_data,FRM-23OCT19-T7.5,FRM-23OCT19,finalized,0.0,0.0,2023-10-13 06:37:30.729185-07:00,2023-10-19 08:55:00-07:00,Will the 30-Year Fixed Rate Mortgage rate be above 7.5%?,Above 7.5%,7.5% or below,
kalshi,direct_housing_data,FRM-23OCT19-T7.4,FRM-23OCT19,finalized,0.0,0.0,2023-10-13 06:37:30.729184-07:00,2023-10-19 08:55:00-07:00,Will the 30-Year Fixed Rate Mortgage rate be above 7.4%?,Above 7.4%,7.4% or below,
kalshi,direct_housing_data,FRM-23OCT19-T7.3,FRM-23OCT19,finalized,0.0,0.0,2023-10-13 06:37:30.729184-07:00,2023-10-19 08:55:00-07:00,Will the 30-Year Fixed Rate Mortgage rate be above 7.3%?,Above 7.3%,7.3% or below,
kalshi,direct_housing_data,FRM-23OCT12-T7.4,FRM-23OCT12,finalized,0.0,0.0,2023-10-06 06:37:22.535247-07:00,2023-10-12 08:55:00-07:00,Will the 30-Year Fixed Rate Mortgage rate be above 7.4%?,Above 7.4%,7.4% or below,
kalshi,direct_housing_data,FRM-23OCT12-T7.3,FRM-23OCT12,finalized,0.0,0.0,2023-10-06 06:37:22.535246-07:00,2023-10-12 08:55:00-07:00,Will the 30-Year Fixed Rate Mortgage rate be above 7.3%?,Above 7.3%,7.3% or below,
kalshi,direct_housing_data,FRM-23OCT12-T7.2,FRM-23OCT12,finalized,0.0,0.0,2023-10-06 06:37:22.535246-07:00,2023-10-12 08:55:00-07:00,Will the 30-Year Fixed Rate Mortgage rate be above 7.2%?,Above 7.2%,7.2% or below,
kalshi,direct_housing_data,FRMMIN-23DEC28-N6.1,FRMMIN-23DEC28,finalized,0.0,0.0,2023-10-03 14:37:14.620045-07:00,2023-12-28 06:55:00-08:00,"Will the 30-year fixed rate mortgage rate reach below 6.1% by December 28, 2023?",Below 6.1%,6.1% or above,
kalshi,direct_housing_data,FRM-23OCT05-T7.1,FRM-23OCT05,finalized,0.0,0.0,2023-09-29 06:37:53.705441-07:00,2023-10-05 08:55:00-07:00,Will the 30-Year Fixed Rate Mortgage rate be above 7.1%?,Above 7.1%,7.1% or below,
kalshi,direct_housing_data,FRM-23OCT05-T7.5,FRM-23OCT05,finalized,0.0,0.0,2023-09-29 06:37:53.705441-07:00,2023-10-05 08:55:00-07:00,Will the 30-Year Fixed Rate Mortgage rate be above 7.5%?,Above 7.5%,7.5% or below,
kalshi,direct_housing_data,FRM-23OCT05-T7.2,FRM-23OCT05,finalized,0.0,0.0,2023-09-29 06:37:53.705441-07:00,2023-10-05 08:55:00-07:00,Will the 30-Year Fixed Rate Mortgage rate be above 7.2%?,Above 7.2%,7.2% or below,
kalshi,direct_housing_data,FRM-23SEP28-T7.1,FRM-23SEP28,finalized,0.0,0.0,2023-09-22 06:37:11.592008-07:00,2023-09-28 08:55:00-07:00,Will the 30-Year Fixed Rate Mortgage rate be above 7.1%?,Above 7.1%,7.1% or below,
kalshi,direct_housing_data,FRM-23SEP28-T7.0,FRM-23SEP28,finalized,0.0,0.0,2023-09-22 06:37:11.592008-07:00,2023-09-28 08:55:00-07:00,Will the 30-Year Fixed Rate Mortgage rate be above 7.0%?,Above 7.0%,7.0% or below,
kalshi,direct_housing_data,FRM-23SEP28-T6.9,FRM-23SEP28,finalized,0.0,0.0,2023-09-22 06:37:11.592008-07:00,2023-09-28 08:55:00-07:00,Will the 30-Year Fixed Rate Mortgage rate be above 6.9%?,Above 6.9%,6.9% or below,
kalshi,direct_housing_data,FRM-23SEP21-T7.0,FRM-23SEP21,finalized,0.0,0.0,2023-09-15 06:37:17.077322-07:00,2023-09-21 08:55:00-07:00,Will the 30-Year Fixed Rate Mortgage rate be above 7.0%?,Above 7.0%,7.0% or below,
kalshi,direct_housing_data,FRM-23SEP21-T7.1,FRM-23SEP21,finalized,0.0,0.0,2023-09-15 06:37:17.077322-07:00,2023-09-21 08:55:00-07:00,Will the 30-Year Fixed Rate Mortgage rate be above 7.1%?,Above 7.1%,7.1% or below,
kalshi,direct_housing_data,FRM-23SEP21-T7.3,FRM-23SEP21,finalized,0.0,0.0,2023-09-15 06:37:17.077322-07:00,2023-09-21 08:55:00-07:00,Will the 30-Year Fixed Rate Mortgage rate be above 7.3%?,Above 7.3%,7.3% or below,
kalshi,direct_housing_data,FRM-23SEP21-T6.9,FRM-23SEP21,finalized,0.0,0.0,2023-09-15 06:37:17.077321-07:00,2023-09-21 08:55:00-07:00,Will the 30-Year Fixed Rate Mortgage rate be above 6.9%?,Above 6.9%,6.9% or below,
kalshi,direct_housing_data,FRM-23SEP14-T7.3,FRM-23SEP14,finalized,0.0,0.0,2023-09-08 06:37:12.417779-07:00,2023-09-14 08:55:00-07:00,Will the 30-Year Fixed Rate Mortgage rate be above 7.3%?,Above 7.3%,7.3% or below,
kalshi,direct_housing_data,FRM-23SEP14-T6.9,FRM-23SEP14,finalized,0.0,0.0,2023-09-08 06:37:12.417778-07:00,2023-09-14 08:55:00-07:00,Will the 30-Year Fixed Rate Mortgage rate be above 6.9%?,Above 6.9%,6.9% or below,
kalshi,direct_housing_data,FRM-23SEP07-T6.9,FRM-23SEP07,finalized,0.0,0.0,2023-09-01 06:37:12.437183-07:00,2023-09-07 08:55:00-07:00,Will the 30-Year Fixed Rate Mortgage rate be above 6.9%?,Above 6.9%,6.9% or below,
kalshi,direct_housing_data,FRM-23SEP07-T7.0,FRM-23SEP07,finalized,0.0,0.0,2023-09-01 06:37:12.437183-07:00,2023-09-07 08:55:00-07:00,Will the 30-Year Fixed Rate Mortgage rate be above 7.0%?,Above 7.0%,7.0% or below,
kalshi,direct_housing_data,FRM-23AUG31-T7.4,FRM-23AUG31,finalized,0.0,0.0,2023-08-25 06:37:19.230927-07:00,2023-08-31 08:55:00-07:00,Will the 30-Year Fixed Rate Mortgage rate be above 7.4%?,Above 7.4%,7.4% or below,
kalshi,direct_housing_data,FRM-23AUG31-T7.3,FRM-23AUG31,finalized,0.0,0.0,2023-08-25 06:37:19.230927-07:00,2023-08-31 08:55:00-07:00,Will the 30-Year Fixed Rate Mortgage rate be above 7.3%?,Above 7.3%,7.3% or below,
kalshi,direct_housing_data,FRM-23AUG31-T7.0,FRM-23AUG31,finalized,0.0,0.0,2023-08-25 06:37:19.230926-07:00,2023-08-31 08:55:00-07:00,Will the 30-Year Fixed Rate Mortgage rate be above 7.0%?,Above 7.0%,7.0% or below,
kalshi,direct_housing_data,FRM-23AUG24-T7.0,FRM-23AUG24,finalized,0.0,0.0,2023-08-18 06:37:16.386393-07:00,2023-08-24 08:55:00-07:00,Will the 30-Year Fixed Rate Mortgage rate be above 7.0%?,Above 7.0%,7.0% or below,
kalshi,direct_housing_data,FRM-23AUG24-T6.8,FRM-23AUG24,finalized,0.0,0.0,2023-08-18 06:37:16.386392-07:00,2023-08-24 08:55:00-07:00,Will the 30-Year Fixed Rate Mortgage rate be above 6.8%?,Above 6.8%,6.8% or below,
kalshi,direct_housing_data,FRM-23AUG24-T6.9,FRM-23AUG24,finalized,0.0,0.0,2023-08-18 06:37:16.386392-07:00,2023-08-24 08:55:00-07:00,Will the 30-Year Fixed Rate Mortgage rate be above 6.9%?,Above 6.9%,6.9% or below,
kalshi,direct_housing_data,FRM-23AUG17-T6.8,FRM-23AUG17,finalized,0.0,0.0,2023-08-11 06:37:21.580288-07:00,2023-08-17 08:55:00-07:00,Will the 30-Year Fixed Rate Mortgage rate be above 6.8%?,Above 6.8%,6.8% or below,
kalshi,direct_housing_data,FRM-23AUG17-T6.9,FRM-23AUG17,finalized,0.0,0.0,2023-08-11 06:37:21.580288-07:00,2023-08-17 08:55:00-07:00,Will the 30-Year Fixed Rate Mortgage rate be above 6.9%?,Above 6.9%,6.9% or below,
kalshi,direct_housing_data,FRM-23AUG17-T6.7,FRM-23AUG17,finalized,0.0,0.0,2023-08-11 06:37:21.580287-07:00,2023-08-17 08:55:00-07:00,Will the 30-Year Fixed Rate Mortgage rate be above 6.7%?,Above 6.7%,6.7% or below,
kalshi,direct_housing_data,FRM-23AUG10-T6.8,FRM-23AUG10,finalized,0.0,0.0,2023-08-04 06:37:13.448171-07:00,2023-08-10 08:55:00-07:00,Will the 30-Year Fixed Rate Mortgage rate be above 6.8%?,Above 6.8%,6.8% or below,
kalshi,direct_housing_data,FRM-23AUG10-T7.1,FRM-23AUG10,finalized,0.0,0.0,2023-08-04 06:37:13.448171-07:00,2023-08-10 08:55:00-07:00,Will the 30-Year Fixed Rate Mortgage rate be above 7.1%?,Above 7.1%,7.1% or below,
kalshi,direct_housing_data,FRM-23AUG10-T6.7,FRM-23AUG10,finalized,0.0,0.0,2023-08-04 06:37:13.448170-07:00,2023-08-10 08:55:00-07:00,Will the 30-Year Fixed Rate Mortgage rate be above 6.7%?,Above 6.7%,6.7% or below,
kalshi,direct_housing_data,FRM-23AUG03-T6.8,FRM-23AUG03,finalized,0.0,0.0,2023-07-28 06:37:26.757749-07:00,2023-08-03 08:55:00-07:00,Will the 30-Year Fixed Rate Mortgage rate be above 6.8%?,Above 6.8%,6.8% or below,
kalshi,direct_housing_data,FRM-23AUG03-T6.6,FRM-23AUG03,finalized,0.0,0.0,2023-07-28 06:37:26.757748-07:00,2023-08-03 08:55:00-07:00,Will the 30-Year Fixed Rate Mortgage rate be above 6.6%?,Above 6.6%,6.6% or below,
kalshi,direct_housing_data,FRM-23AUG03-T6.7,FRM-23AUG03,finalized,0.0,0.0,2023-07-28 06:37:26.757748-07:00,2023-08-03 08:55:00-07:00,Will the 30-Year Fixed Rate Mortgage rate be above 6.7%?,Above 6.7%,6.7% or below,
kalshi,direct_housing_data,FRM-23JUL27-T6.6,FRM-23JUL27,finalized,0.0,0.0,2023-07-21 06:37:25.371362-07:00,2023-07-27 08:55:00-07:00,Will the 30-Year Fixed Rate Mortgage rate be above 6.6%?,Above 6.6%,6.6% or below,
kalshi,direct_housing_data,FRM-23JUL27-T6.5,FRM-23JUL27,finalized,0.0,0.0,2023-07-21 06:37:25.371361-07:00,2023-07-27 08:55:00-07:00,Will the 30-Year Fixed Rate Mortgage rate be above 6.5%?,Above 6.5%,6.5% or below,
kalshi,direct_housing_data,FRM-23JUL20-T7.1,FRM-23JUL20,finalized,0.0,0.0,2023-07-14 06:37:35.135270-07:00,2023-07-20 08:55:00-07:00,Will the 30-Year Fixed Rate Mortgage rate be above 7.1%?,Above 7.1%,7.1% or below,
kalshi,direct_housing_data,FRM-23JUL20-T6.7,FRM-23JUL20,finalized,0.0,0.0,2023-07-14 06:37:35.135269-07:00,2023-07-20 08:55:00-07:00,Will the 30-Year Fixed Rate Mortgage rate be above 6.7%?,Above 6.7%,6.7% or below,
kalshi,direct_housing_data,FRM-23JUL13-T6.6,FRM-23JUL13,finalized,0.0,0.0,2023-07-07 06:37:45.921089-07:00,2023-07-13 08:55:00-07:00,Will the 30-Year Fixed Rate Mortgage rate be above 6.6%?,Above 6.6%,6.6% or below,
kalshi,direct_housing_data,FRM-23JUL13-T7.0,FRM-23JUL13,finalized,0.0,0.0,2023-07-07 06:37:45.921089-07:00,2023-07-13 08:55:00-07:00,Will the 30-Year Fixed Rate Mortgage rate be above 7.0%?,Above 7.0%,7.0% or below,
kalshi,direct_housing_data,FRM-23JUL06-T6.5,FRM-23JUL06,finalized,0.0,0.0,2023-06-30 06:37:34.016973-07:00,2023-07-06 08:55:00-07:00,Will the 30-Year Fixed Rate Mortgage rate be above 6.5%?,Above 6.5%,6.5% or below,
kalshi,direct_housing_data,FRM-23JUL06-T6.6,FRM-23JUL06,finalized,0.0,0.0,2023-06-30 06:37:34.016973-07:00,2023-07-06 08:55:00-07:00,Will the 30-Year Fixed Rate Mortgage rate be above 6.6%?,Above 6.6%,6.6% or below,
kalshi,direct_housing_data,FRM-23JUN29-T6.8,FRM-23JUN29,finalized,0.0,0.0,2023-06-23 06:37:32.869129-07:00,2023-06-29 08:55:00-07:00,Will the 30-Year Fixed Rate Mortgage rate be above 6.8%?,Above 6.8%,6.8% or below,
kalshi,direct_housing_data,FRM-23JUN29-T6.5,FRM-23JUN29,finalized,0.0,0.0,2023-06-23 06:37:32.869129-07:00,2023-06-29 08:55:00-07:00,Will the 30-Year Fixed Rate Mortgage rate be above 6.5%?,Above 6.5%,6.5% or below,
kalshi,direct_housing_data,FRM-23JUN29-T6.4,FRM-23JUN29,finalized,0.0,0.0,2023-06-23 06:37:32.869129-07:00,2023-06-29 08:55:00-07:00,Will the 30-Year Fixed Rate Mortgage rate be above 6.4%?,Above 6.4%,6.4% or below,
kalshi,direct_housing_data,FRM-23JUN22-T6.5,FRM-23JUN22,finalized,0.0,0.0,2023-06-16 06:37:31.679958-07:00,2023-06-22 08:55:00-07:00,Will the 30-Year Fixed Rate Mortgage rate be above 6.5%?,Above 6.5%,6.5% or below,
kalshi,direct_housing_data,FRM-23JUN15-T6.5,FRM-23JUN15,finalized,0.0,0.0,2023-06-09 06:37:35.216945-07:00,2023-06-15 08:55:00-07:00,Will the 30-Year Fixed Rate Mortgage rate be above 6.5%?,Above 6.5%,6.5% or below,
kalshi,direct_housing_data,FRM-23JUN08-T6.9,FRM-23JUN08,finalized,0.0,0.0,2023-06-02 06:37:41.187659-07:00,2023-06-08 08:55:00-07:00,Will the 30-Year Fixed Rate Mortgage rate be above 6.9%?,Above 6.9%,6.9% or below,
kalshi,direct_housing_data,FRM-23JUN08-T6.5,FRM-23JUN08,finalized,0.0,0.0,2023-06-02 06:37:41.187659-07:00,2023-06-08 08:55:00-07:00,Will the 30-Year Fixed Rate Mortgage rate be above 6.5%?,Above 6.5%,6.5% or below,
kalshi,direct_housing_data,FRM-23JUN01-T6.4,FRM-23JUN01,finalized,0.0,0.0,2023-05-26 06:37:27.280318-07:00,2023-06-01 08:55:00-07:00,Will the 30-Year Fixed Rate Mortgage rate be above 6.4%?,Above 6.4%,6.4% or below,
kalshi,direct_housing_data,FRM-23JUN01-T6.5,FRM-23JUN01,finalized,0.0,0.0,2023-05-26 06:37:27.280318-07:00,2023-06-01 08:55:00-07:00,Will the 30-Year Fixed Rate Mortgage rate be above 6.5%?,Above 6.5%,6.5% or below,
kalshi,direct_housing_data,FRM-23JUN01-T6.3,FRM-23JUN01,finalized,0.0,0.0,2023-05-26 06:37:27.280318-07:00,2023-06-01 08:55:00-07:00,Will the 30-Year Fixed Rate Mortgage rate be above 6.3%?,Above 6.3%,6.3% or below,
kalshi,direct_housing_data,FRM-23MAY25-T6.4,FRM-23MAY25,finalized,0.0,0.0,2023-05-19 06:37:25.153090-07:00,2023-05-25 08:55:00-07:00,Will the 30-Year Fixed Rate Mortgage rate be above 6.4%?,Above 6.4%,6.4% or below,
kalshi,direct_housing_data,FRM-23MAY25-T6.2,FRM-23MAY25,finalized,0.0,0.0,2023-05-19 06:37:25.153090-07:00,2023-05-25 08:55:00-07:00,Will the 30-Year Fixed Rate Mortgage rate be above 6.2%?,Above 6.2%,6.2% or below,
kalshi,direct_housing_data,FRM-23MAY25-T6.3,FRM-23MAY25,finalized,0.0,0.0,2023-05-19 06:37:25.153090-07:00,2023-05-25 08:55:00-07:00,Will the 30-Year Fixed Rate Mortgage rate be above 6.3%?,Above 6.3%,6.3% or below,
kalshi,direct_housing_data,FRM-23MAY25-T6.1,FRM-23MAY25,finalized,0.0,0.0,2023-05-19 06:37:25.153090-07:00,2023-05-25 08:55:00-07:00,Will the 30-Year Fixed Rate Mortgage rate be above 6.1%?,Above 6.1%,6.1% or below,
kalshi,direct_housing_data,FRM-23MAY18-T6.1,FRM-23MAY18,finalized,0.0,0.0,2023-05-12 06:37:24.417614-07:00,2023-05-18 08:55:00-07:00,Will the 30-Year Fixed Rate Mortgage rate be above 6.1%?,Above 6.1%,6.1% or below,
kalshi,direct_housing_data,FRM-23MAY18-T6.2,FRM-23MAY18,finalized,0.0,0.0,2023-05-12 06:37:24.417614-07:00,2023-05-18 08:55:00-07:00,Will the 30-Year Fixed Rate Mortgage rate be above 6.2%?,Above 6.2%,6.2% or below,
kalshi,direct_housing_data,FRM-23MAY11-T6.2,FRM-23MAY11,finalized,0.0,0.0,2023-05-05 06:37:28.731460-07:00,2023-05-11 08:55:00-07:00,Will the 30-Year Fixed Rate Mortgage rate be above 6.2%?,Above 6.2%,6.2% or below,
kalshi,direct_housing_data,FRM-23MAY11-T6.1,FRM-23MAY11,finalized,0.0,0.0,2023-05-05 06:37:28.731459-07:00,2023-05-11 08:55:00-07:00,Will the 30-Year Fixed Rate Mortgage rate be above 6.1%?,Above 6.1%,6.1% or below,
kalshi,direct_housing_data,FRM-23MAY04-T6.3,FRM-23MAY04,finalized,0.0,0.0,2023-04-28 06:37:24.486533-07:00,2023-05-04 08:55:00-07:00,Will the 30-Year Fixed Rate Mortgage rate be above 6.3%?,Above 6.3%,6.3% or below,
kalshi,direct_housing_data,FRM-23MAY04-T6.6,FRM-23MAY04,finalized,0.0,0.0,2023-04-28 06:37:24.486533-07:00,2023-05-04 08:55:00-07:00,Will the 30-Year Fixed Rate Mortgage rate be above 6.6%?,Above 6.6%,6.6% or below,
kalshi,direct_housing_data,FRM-23MAY04-T6.2,FRM-23MAY04,finalized,0.0,0.0,2023-04-28 06:37:24.486532-07:00,2023-05-04 08:55:00-07:00,Will the 30-Year Fixed Rate Mortgage rate be above 6.2%?,Above 6.2%,6.2% or below,
kalshi,direct_housing_data,FRM-23APR27-T6.1,FRM-23APR27,finalized,0.0,0.0,2023-04-21 06:37:33.269073-07:00,2023-04-27 08:55:00-07:00,Will the 30-Year Fixed Rate Mortgage rate be above 6.1%?,Above 6.1%,6.1% or below,
kalshi,direct_housing_data,FRM-23APR27-T6.2,FRM-23APR27,finalized,0.0,0.0,2023-04-21 06:37:33.269073-07:00,2023-04-27 08:55:00-07:00,Will the 30-Year Fixed Rate Mortgage rate be above 6.2%?,Above 6.2%,6.2% or below,
kalshi,direct_housing_data,FRM-23APR20-T6.0,FRM-23APR20,finalized,0.0,0.0,2023-04-14 06:37:29.511964-07:00,2023-04-20 08:55:00-07:00,Will the 30-Year Fixed Rate Mortgage rate be above 6.0%?,Above 6.0%,6.0% or below,
kalshi,direct_housing_data,FRM-23APR20-T6.1,FRM-23APR20,finalized,0.0,0.0,2023-04-14 06:37:29.511964-07:00,2023-04-20 08:55:00-07:00,Will the 30-Year Fixed Rate Mortgage rate be above 6.1%?,Above 6.1%,6.1% or below,
kalshi,direct_housing_data,FRM-23APR13-T6.0,FRM-23APR13,finalized,0.0,0.0,2023-04-07 06:37:31.605862-07:00,2023-04-13 08:55:00-07:00,Will the 30-Year Fixed Rate Mortgage rate be above 6.0%?,Above 6.0%,6.0% or below,
kalshi,direct_housing_data,FRM-23APR06-T6.5,FRM-23APR06,finalized,0.0,0.0,2023-03-31 06:37:27.092652-07:00,2023-04-06 08:55:00-07:00,Will the 30-Year Fixed Rate Mortgage rate be above 6.5%?,Above 6.5%,6.5% or below,
kalshi,direct_housing_data,FRM-23APR06-T6.1,FRM-23APR06,finalized,0.0,0.0,2023-03-31 06:37:27.092651-07:00,2023-04-06 08:55:00-07:00,Will the 30-Year Fixed Rate Mortgage rate be above 6.1%?,Above 6.1%,6.1% or below,
kalshi,direct_housing_data,FRM-23MAR30-T6.6,FRM-23MAR30,finalized,0.0,0.0,2023-03-24 06:37:34.166434-07:00,2023-03-30 08:55:00-07:00,Will the 30-Year Fixed Rate Mortgage rate be above 6.6%?,Above 6.6%,6.6% or below,
kalshi,direct_housing_data,FRM-23FEB23-T6.3,FRM-23FEB23,finalized,0.0,0.0,2023-02-17 06:34:55.433142-08:00,2023-02-23 08:55:00-08:00,Will the 30-Year Fixed Rate Mortgage rate be above 6.3%?,Above 6.3%,6.3% or below,
kalshi,direct_housing_data,FRM-23FEB23-T6.2,FRM-23FEB23,finalized,0.0,0.0,2023-02-17 06:34:55.433142-08:00,2023-02-23 08:55:00-08:00,Will the 30-Year Fixed Rate Mortgage rate be above 6.2%?,Above 6.2%,6.2% or below,
kalshi,direct_housing_data,FRM-23FEB23-T6.1,FRM-23FEB23,finalized,0.0,0.0,2023-02-17 06:34:55.433141-08:00,2023-02-23 08:55:00-08:00,Will the 30-Year Fixed Rate Mortgage rate be above 6.1%?,Above 6.1%,6.1% or below,
kalshi,direct_housing_data,FRM-23FEB16-T6.1,FRM-23FEB16,finalized,0.0,0.0,2023-02-10 07:00:35.977612-08:00,2023-02-16 08:55:00-08:00,Will the 30-Year Fixed Rate Mortgage rate be above 6.1%?,Above 6.1%,6.1% or below,
kalshi,direct_housing_data,FRM-23FEB16-T5.9,FRM-23FEB16,finalized,0.0,0.0,2023-02-10 07:00:35.977612-08:00,2023-02-16 08:55:00-08:00,Will the 30-Year Fixed Rate Mortgage rate be above 5.9%?,Above 5.9%,5.9% or below,
kalshi,direct_housing_data,FRM-23FEB16-T6.0,FRM-23FEB16,finalized,0.0,0.0,2023-02-10 07:00:35.977612-08:00,2023-02-16 08:55:00-08:00,Will the 30-Year Fixed Rate Mortgage rate be above 6.0%?,Above 6.0%,6.0% or below,
kalshi,direct_housing_data,FRM-23FEB09-T5.8,FRM-23FEB09,finalized,0.0,0.0,2023-02-03 06:37:10.382504-08:00,2023-02-09 08:55:00-08:00,Will the 30-Year Fixed Rate Mortgage rate be above 5.8%?,Above 5.8%,5.8% or below,
kalshi,direct_housing_data,FRM-23FEB02-T5.9,FRM-23FEB02,finalized,0.0,0.0,2023-01-27 06:42:30.266807-08:00,2023-02-02 08:55:00-08:00,Will the 30-Year Fixed Rate Mortgage rate be above 5.9%?,Above 5.9%,5.9% or below,
kalshi,direct_housing_data,FRM-23JAN26-T5.9,FRM-23JAN26,finalized,0.0,0.0,2023-01-20 06:46:07.927579-08:00,2023-01-26 08:55:00-08:00,Will the 30-Year Fixed Rate Mortgage rate be above 5.9%?,Above 5.9%,5.9% or below,
kalshi,direct_housing_data,FRM-23JAN19-T6.4,FRM-23JAN19,finalized,0.0,0.0,2023-01-13 06:40:54.483712-08:00,2023-01-19 08:55:00-08:00,Will the 30-Year Fixed Rate Mortgage rate be above 6.4%?,Above 6.4%,6.4% or below,
kalshi,direct_housing_data,FRM-23JAN19-T6.5,FRM-23JAN19,finalized,0.0,0.0,2023-01-13 06:40:54.483712-08:00,2023-01-19 08:55:00-08:00,Will the 30-Year Fixed Rate Mortgage rate be above 6.5%?,Above 6.5%,6.5% or below,
kalshi,direct_housing_data,FRM-23JAN12-T6.70,FRM-23JAN12,finalized,0.0,0.0,2023-01-06 06:46:16.008703-08:00,2023-01-12 08:55:00-08:00,Will the 30-Year Fixed Rate Mortgage rate be above 6.70%?,Above 6.70%,6.70% or below,
kalshi,direct_housing_data,FRM-23JAN12-T6.60,FRM-23JAN12,finalized,0.0,0.0,2023-01-06 06:46:09.172001-08:00,2023-01-12 08:55:00-08:00,Will the 30-Year Fixed Rate Mortgage rate be above 6.60%?,Above 6.60%,6.60% or below,
kalshi,direct_housing_data,FRM-23JAN12-T7.2,FRM-23JAN12,finalized,0.0,0.0,2023-01-05 16:08:21.621076-08:00,2023-01-12 08:55:00-08:00,Will the 30-Year Fixed Rate Mortgage rate be above 7.2%?,Above 7.2%,7.2% or below,
kalshi,direct_housing_data,FRM-23JAN12-T7.1,FRM-23JAN12,finalized,0.0,0.0,2023-01-05 16:08:21.621076-08:00,2023-01-12 08:55:00-08:00,Will the 30-Year Fixed Rate Mortgage rate be above 7.1%?,Above 7.1%,7.1% or below,
kalshi,direct_housing_data,FRM-23JAN12-T7.4,FRM-23JAN12,finalized,0.0,0.0,2023-01-05 16:08:21.621076-08:00,2023-01-12 08:55:00-08:00,Will the 30-Year Fixed Rate Mortgage rate be above 7.4%?,Above 7.4%,7.4% or below,
kalshi,direct_housing_data,FRM-23JAN12-T7.5,FRM-23JAN12,finalized,0.0,0.0,2023-01-05 16:08:21.621076-08:00,2023-01-12 08:55:00-08:00,Will the 30-Year Fixed Rate Mortgage rate be above 7.5%?,Above 7.5%,7.5% or below,
kalshi,direct_housing_data,FRM-23JAN12-T7.3,FRM-23JAN12,finalized,0.0,0.0,2023-01-05 16:08:21.621076-08:00,2023-01-12 08:55:00-08:00,Will the 30-Year Fixed Rate Mortgage rate be above 7.3%?,Above 7.3%,7.3% or below,
kalshi,direct_housing_data,FRM-22DEC29-T6.20,FRM-22DEC29,finalized,0.0,0.0,2022-12-26 06:51:19.432996-08:00,2022-12-29 08:55:00-08:00,Will the 30-Year Fixed Rate Mortgage rate be above 6.20%?,Above 6.20%,6.20% or below,
kalshi,direct_housing_data,FRM-22DEC29-T6.25,FRM-22DEC29,finalized,0.0,0.0,2022-12-26 06:49:38.262642-08:00,2022-12-29 08:55:00-08:00,Will the 30-Year Fixed Rate Mortgage rate be above 6.25%?,Above 6.25%,6.25% or below,
kalshi,direct_housing_data,FRM-22DEC29-T5.55,FRM-22DEC29,finalized,0.0,0.0,2022-12-23 07:05:52.113899-08:00,2022-12-29 08:55:00-08:00,Will the 30-Year Fixed Rate Mortgage rate be above 5.55%?,Above 5.55%,5.55% or below,
kalshi,direct_housing_data,FRM-22DEC29-T5.50,FRM-22DEC29,finalized,0.0,0.0,2022-12-23 07:05:52.113899-08:00,2022-12-29 08:55:00-08:00,Will the 30-Year Fixed Rate Mortgage rate be above 5.50%?,Above 5.50%,5.50% or below,
kalshi,direct_housing_data,FRM-22DEC29-T5.75,FRM-22DEC29,finalized,0.0,0.0,2022-12-23 07:05:52.113899-08:00,2022-12-29 08:55:00-08:00,Will the 30-Year Fixed Rate Mortgage rate be above 5.75%?,Above 5.75%,5.75% or below,
kalshi,direct_housing_data,FRM-22DEC29-T5.60,FRM-22DEC29,finalized,0.0,0.0,2022-12-23 07:05:52.113899-08:00,2022-12-29 08:55:00-08:00,Will the 30-Year Fixed Rate Mortgage rate be above 5.60%?,Above 5.60%,5.60% or below,
kalshi,direct_housing_data,FRM-22DEC29-T5.70,FRM-22DEC29,finalized,0.0,0.0,2022-12-23 07:05:52.113899-08:00,2022-12-29 08:55:00-08:00,Will the 30-Year Fixed Rate Mortgage rate be above 5.70%?,Above 5.70%,5.70% or below,
kalshi,direct_housing_data,FRM-22DEC29-T5.80,FRM-22DEC29,finalized,0.0,0.0,2022-12-23 07:05:52.113899-08:00,2022-12-29 08:55:00-08:00,Will the 30-Year Fixed Rate Mortgage rate be above 5.80%?,Above 5.80%,5.80% or below,
kalshi,direct_housing_data,FRM-22DEC29-T5.65,FRM-22DEC29,finalized,0.0,0.0,2022-12-23 07:05:52.113899-08:00,2022-12-29 08:55:00-08:00,Will the 30-Year Fixed Rate Mortgage rate be above 5.65%?,Above 5.65%,5.65% or below,
kalshi,direct_housing_data,FRM-22DEC01-T6.70,FRM-22DEC01,finalized,0.0,0.0,2022-11-25 06:24:41.159958-08:00,2022-12-01 06:55:00-08:00,Will the 30-Year Fixed Rate Mortgage rate be above 6.70%?,Above 6.70%,6.70% or below,
kalshi,direct_housing_data,FRM-22NOV17-T7.20,FRM-22NOV17,finalized,0.0,0.0,2022-11-11 06:15:14.172035-08:00,2022-11-17 06:55:00-08:00,Will the 30-Year Fixed Rate Mortgage rate be above 7.20%?,Above 7.20%,7.20% or below,
kalshi,direct_housing_data,FRM-22NOV17-T7.25,FRM-22NOV17,finalized,0.0,0.0,2022-11-11 06:15:14.172035-08:00,2022-11-17 06:55:00-08:00,Will the 30-Year Fixed Rate Mortgage rate be above 7.25%?,Above 7.25%,7.25% or below,
kalshi,direct_housing_data,FRM-22AUG25-T5.10,FRM-22AUG25,finalized,0.0,0.0,2022-08-19 06:22:35.231912-07:00,2022-08-25 06:55:00-07:00,Will the **30-Year Fixed Rate Mortgage** rate be above 5.10%?,Above 5.10%,5.10% or below,
kalshi,direct_housing_data,FRM-22AUG25-T5.00,FRM-22AUG25,finalized,0.0,0.0,2022-08-19 06:22:35.231909-07:00,2022-08-25 06:55:00-07:00,Will the **30-Year Fixed Rate Mortgage** rate be above 5.00%?,Above 5.00%,5.00% or below,
kalshi,direct_housing_data,FRM-22AUG11-T4.80,FRM-22AUG11,finalized,0.0,0.0,2022-08-05 06:44:41.798239-07:00,2022-08-11 06:55:00-07:00,Will the **30-Year Fixed Rate Mortgage** rate be above 4.80%?,Above 4.80%,4.80% or below,
polymarket,direct_housing_data,224446,0x67a0cce00585d84d7f6f34a23af51aad741182406cc547d8c16730088b353a22,closed,99956.498592,1e-05,2021-07-15 00:10:02.478000-07:00,2021-07-25 17:00:00-07:00,How many new US residential sales will the U.S. Census Bureau report for June?,,,how-many-new-us-residential-sales-will-the-u-s-census-bureau-report-for-june-1
polymarket,direct_housing_data,586051,0xcf10041e1e7ac942f180097fca532958aae7d89ea9b0e97efa055304564e572a,closed,37872.071769,0.0,2025-09-02 08:38:17.550715-07:00,2025-12-30 16:00:00-08:00,30-year mortgage rate below 6% by December 31?,,,30-year-mortgage-rate-below-6-by-december-31
polymarket,direct_housing_data,509117,0xc6b62089121585f661a9e5361f3e991b21fcb6c811f5d00f29c81ae5297116b7,closed,35511.035022,0.0,2024-10-07 12:37:32.604018-07:00,2024-10-31 05:00:00-07:00,30-year mortgage rate below 6% before election?,,,30-year-mortgage-rate-below-6-before-election
polymarket,direct_housing_data,507427,0x2aafc5e2c2653bf25664ba5a767b2164bd2b132e22e03aebb0e2f469d2a8bd17,closed,27473.143917,0.0,2024-09-18 13:35:17.102486-07:00,2024-10-31 05:00:00-07:00,30-year mortgage rate below 5% before election?,,,30-year-mortgage-drops-below-5-before-election
polymarket,direct_housing_data,1076768,0x702f052432c2c5c3a61df0718b2305bbb9911a80951ed2b1236e7bdbc3a66df8,closed,22843.90791,0.0,2025-12-31 14:01:23.068708-08:00,2026-01-31 16:00:00-08:00,"Will the median home value in the San Francisco Metro area be between $1,070,000 and $1,080,000 by February 1?",,,will-the-median-home-value-in-the-san-francisco-metro-area-be-between-1070000-and-1080000-by-february-1
polymarket,direct_housing_data,1076771,0x9ed55bcd7b2ed58c31cd864703509e88ccccb221920f30b44ca2271e01b8feba,closed,20443.939965,0.0,2025-12-31 14:01:24.397757-08:00,2026-01-31 16:00:00-08:00,"Will the median home value in the San Francisco Metro area be greater than $1,100,000 by February 1?",,,will-the-median-home-value-in-the-san-francisco-metro-area-be-greater-than-1100000-by-february-1
polymarket,direct_housing_data,1114460,0xb399ce11a34bb02a3d982fb6f557b6cb62b46c9e4bede57c076ee572e41ccf3b,closed,19800.57762,0.0,2026-01-05 07:46:32.821952-08:00,2026-01-31 16:00:00-08:00,"Will the median home value in the Los Angeles Metro area be less than $1,130,000 by February 1?",,,will-the-median-home-value-in-the-los-angeles-metro-area-be-less-than-1130000-by-february-1
polymarket,direct_housing_data,1083016,0xca53818ca8f5bf5608946c8088f29f90af637a16d5ab942705456a569417cf63,closed,17339.544105,0.0,2026-01-01 11:46:25.338742-08:00,2026-01-31 16:00:00-08:00,"Will the median home value in the US be less than $410,000 by February 1?",,,will-the-median-home-value-in-the-us-be-less-than-410000-by-february-1
polymarket,direct_housing_data,1114463,0x284fb872d4b476ce668737578c87655cbe3de5c65089b7d8623702b34459305c,closed,14712.477959,0.0,2026-01-05 07:46:34.439169-08:00,2026-01-31 16:00:00-08:00,"Will the median home value in the Los Angeles Metro area be between $1,330,000 and $1,430,000 by February 1?",,,will-the-median-home-value-in-the-los-angeles-metro-area-be-between-1330000-and-1430000-by-february-1
polymarket,direct_housing_data,1074954,0x918b0860a10f17644c42e07f9a15c20ae7ef40ae7dc197a89c9432b780b31874,closed,12535.186383,0.0,2025-12-31 09:05:44.988257-08:00,,"Will the median home value in Miami be less than $975,000 by February 1?",,,will-the-median-home-value-in-miami-be-less-than-975000-by-february-1
polymarket,direct_housing_data,1074955,0xcab446c5da0d805d1a35eac8d2bd8fa37a1fbc1a3e685fecfe1a64e2a1b88680,closed,12424.6602,0.0,2025-12-31 09:05:45.542311-08:00,,"Will the median home value in Miami be between $975,000 and $1,000,000 by February 1?",,,will-the-median-home-value-in-miami-be-between-975000-and-1000000-by-february-1
polymarket,direct_housing_data,1083017,0x5fd7821726eb9a58ff31087b117ba5c969825292d65c2681af9db15fcb7481f6,closed,12091.122154,0.0,2026-01-01 11:46:25.826142-08:00,2026-01-31 16:00:00-08:00,"Will the median home value in the US be between $410,000 and $412,000 by February 1?",,,will-the-median-home-value-in-the-us-be-between-410000-and-412000-by-february-1
polymarket,direct_housing_data,1076770,0xc4181247a6a6b2d772350625988bb756b12d04d15940c08f9ad901c265807701,closed,11941.392723,0.0,2025-12-31 14:01:23.970925-08:00,2026-01-31 16:00:00-08:00,"Will the median home value in the San Francisco Metro area be between $1,090,000 and $1,100,000 by February 1?",,,will-the-median-home-value-in-the-san-francisco-metro-area-be-between-1090000-and-1100000-by-february-1
polymarket,direct_housing_data,1076900,0x01117208d4cf670f8f90f1fe034bc785a9a0d7a278097a206640b0fd9aa4b2a8,closed,11348.389822,0.0,2025-12-31 14:20:45.563418-08:00,2026-01-31 16:00:00-08:00,"Will the median home value in the Austin, Texas metro area be greater than $420,000 by February 1?",,,will-the-median-home-value-in-the-austin-texas-metro-area-be-greater-than-420000-by-february-1
polymarket,direct_housing_data,1114464,0x0129d5b7dc56eaca982892ce81b982f414bc878d864e476250da8ca9da708ae9,closed,11194.244457,0.0,2026-01-05 07:46:34.985439-08:00,2026-01-31 16:00:00-08:00,"Will the median home value in the Los Angeles Metro area be greater than $1,430,000 by February 1?",,,will-the-median-home-value-in-the-los-angeles-metro-area-be-greater-than-1430000-by-february-1
polymarket,direct_housing_data,1114461,0x13601685d1d2927aa87bed6c82d39d47acec7d073b3798e873e2b3707822a53a,closed,10862.020317,0.0,2026-01-05 07:46:33.429075-08:00,2026-01-31 16:00:00-08:00,"Will the median home value in the Los Angeles Metro area be between $1,130,000 and $1,230,000 by February 1?",,,will-the-median-home-value-in-the-los-angeles-metro-area-be-between-1130000-and-1230000-by-february-1
polymarket,direct_housing_data,1083018,0x7a8c353f1231b6e1cf18b8e999ff6f3cd61389aea4507912d250edebcd96dc76,closed,10651.439585,0.0,2026-01-01 11:46:26.359139-08:00,2026-01-31 16:00:00-08:00,"Will the median home value in the US be between $412,000 and $414,000 by February 1?",,,will-the-median-home-value-in-the-us-be-between-412000-and-414000-by-february-1
polymarket,direct_housing_data,1083021,0xb0b44a33739a6fb487402ba2246f903d45e8a16004471639abbfda6019076018,closed,10256.211296,0.0,2026-01-01 11:46:27.671387-08:00,2026-01-31 16:00:00-08:00,"Will the median home value in the US be greater than $418,000 by February 1?",,,will-the-median-home-value-in-the-us-be-greater-than-418000-by-february-1
polymarket,direct_housing_data,1076769,0x2685d255c63162ce1a4271d28192f5bed316f208782d4dfc554c307285fbc45f,closed,9762.212372,0.0,2025-12-31 14:01:23.497594-08:00,2026-01-31 16:00:00-08:00,"Will the median home value in the San Francisco Metro area be between $1,080,000 and $1,090,000 by February 1?",,,will-the-median-home-value-in-the-san-francisco-metro-area-be-between-1080000-and-1090000-by-february-1
polymarket,direct_housing_data,1076766,0xe9dcef5de29cd6127cd56a349e76638711a35ef568fc5c6f4a4bff086305fbce,closed,9680.152729,0.0,2025-12-31 14:01:22.120179-08:00,2026-01-31 16:00:00-08:00,"Will the median home value in the San Francisco Metro area be less than $1,060,000 by February 1?",,,will-the-median-home-value-in-the-san-francisco-metro-area-be-less-than-1060000-by-february-1
polymarket,direct_housing_data,1074959,0xc6f4f916fa36cb8abee1a9ac587551048dfb3ee962bf49f0376a9b52aedd6b4f,closed,9256.480871,0.0,2025-12-31 09:05:47.403954-08:00,,"Will the median home value in Miami be between $1,075,000 and $1,100,000 by February 1?",,,will-the-median-home-value-in-miami-be-between-1075000-and-1100000-by-february-1
polymarket,direct_housing_data,1114462,0x6dd8440436f40982dc2bf1770831aea6c9d0eb961b551c35232d04fe29e9be96,closed,9224.632316,0.0,,2026-01-31 16:00:00-08:00,"Will the median home value in the Los Angeles Metro area be between $1,230,000 and $1,330,000 by February 1?",,,will-the-median-home-value-in-the-los-angeles-metro-area-be-between-1230000-and-1330000-by-february-1
polymarket,direct_housing_data,1074825,0x6d72e26f3142924057edc0320270350f3b98275e7674b69568537483dad1023c,closed,8855.134377,0.0,2025-12-31 08:41:31.889726-08:00,2026-01-30 16:00:00-08:00,"Will the median home value in New York City be greater than $600,000 by February 1?",,,will-the-median-home-value-in-new-york-city-be-greater-than-600000-by-february-1
polymarket,direct_housing_data,1074956,0x7bc0a1bb9a825bfa425f8e172da9f4074cbf866014a43618c34a24470638b10a,closed,8691.657321,0.0,2025-12-31 09:05:46.080126-08:00,,"Will the median home value in Miami be between $1,000,000 and $1,025,000 by February 1?",,,will-the-median-home-value-in-miami-be-between-1000000-and-1025000-by-february-1
polymarket,direct_housing_data,1076767,0xb163b1a9056fb9f97b16b4ceff4756a3180e5aac84f4849cc1df048817fa52c0,closed,8488.615791,0.0,2025-12-31 14:01:22.559581-08:00,2026-01-31 16:00:00-08:00,"Will the median home value in the San Francisco Metro area be between $1,060,000 and $1,070,000 by February 1?",,,will-the-median-home-value-in-the-san-francisco-metro-area-be-between-1060000-and-1070000-by-february-1
polymarket,direct_housing_data,1083019,0x926c83d91a62b648d326d06903b5aa67aaadd3640e3affe307f41edfbc5d0a58,closed,8406.439631,0.0,2026-01-01 11:46:26.875506-08:00,2026-01-31 16:00:00-08:00,"Will the median home value in the US be between $414,000 and $416,000 by February 1?",,,will-the-median-home-value-in-the-us-be-between-414000-and-416000-by-february-1
polymarket,direct_housing_data,1074824,0x73bdfdae4896b61e36bff142f40a35a29bef655a73b4ff006f3ba11ad39af1b4,closed,8258.362382,0.0,,2026-01-30 16:00:00-08:00,"Will the median home value in New York City be between $590,000 and $600,000 by February 1?",,,will-the-median-home-value-in-new-york-city-be-between-590000-and-600000-by-february-1
polymarket,direct_housing_data,1074957,0x8721b27243aab89ac2b7e6fbf0e04899f31ec31c2b8faa74591e6cc07988e034,closed,8229.797041,0.0,2025-12-31 09:05:46.566758-08:00,,"Will the median home value in Miami be between $1,025,000 and $1,050,000 by February 1?",,,will-the-median-home-value-in-miami-be-between-1025000-and-1050000-by-february-1
polymarket,direct_housing_data,1074822,0x2bf926e099f911ed92104cb8d178dc564a93ab936d9eca66cc086a1ea2ee83c3,closed,8002.037596,0.0,2025-12-31 08:41:30.255653-08:00,2026-01-30 16:00:00-08:00,"Will the median home value in New York City be between $570,000 and $580,000 by February 1?",,,will-the-median-home-value-in-new-york-city-be-between-570000-and-580000-by-february-1
polymarket,direct_housing_data,1074823,0xeabbff7c11c25648fbde09b9fb220db6013560b4a850ad57c6035c363c518ed8,closed,7803.756442,0.0,2025-12-31 08:41:30.883763-08:00,2026-01-30 16:00:00-08:00,"Will the median home value in New York City be between $580,000 and $590,000 by February 1?",,,will-the-median-home-value-in-new-york-city-be-between-580000-and-590000-by-february-1
polymarket,direct_housing_data,1076888,0x395b3fc405df1a493d20ebe0743cb6c90dfd57b6b9767c8bb9ed116fc2b93ebd,closed,6881.127204,0.0,2025-12-31 14:20:42.989367-08:00,2026-01-31 16:00:00-08:00,"Will the median home value in the Austin, Texas metro area be less than $412,000 by February 1?",,,will-the-median-home-value-in-the-austin-texas-metro-area-be-less-than-412000-by-february-1
polymarket,direct_housing_data,1074958,0x8e62387a65d35003c04bde7b17ea4819c7740cbb7b85d62664b12944dcaa277f,closed,6583.840449,0.0,2025-12-31 09:05:46.974755-08:00,,"Will the median home value in Miami be between $1,050,000 and $1,075,000 by February 1?",,,will-the-median-home-value-in-miami-be-between-1050000-and-1075000-by-february-1
polymarket,direct_housing_data,1083020,0x59aa7660c669c19d4d6613f349b1ffb784b89083f8a41d7dd3d37117517776ea,closed,6539.593561,0.0,2026-01-01 11:46:27.277768-08:00,2026-01-31 16:00:00-08:00,"Will the median home value in the US be between $416,000 and $418,000 by February 1?",,,will-the-median-home-value-in-the-us-be-between-416000-and-418000-by-february-1
polymarket,direct_housing_data,1074820,0x5f6f122bcdd85a7afdd29d8e6793e8dfad27c5fd56f74d51310c22ac1bbe89f3,closed,6418.806117,0.0,2025-12-31 08:41:29.243341-08:00,2026-01-30 16:00:00-08:00,"Will the median home value in New York City be less than $560,000 by February 1?",,,will-the-median-home-value-in-new-york-city-be-less-than-560000-by-february-1
polymarket,direct_housing_data,1074821,0x03583317cfbd68ca6798b82520d1bc7f3e47a12bdc85cf7426f40cefffa30e4f,closed,5624.35559,0.0,2025-12-31 08:41:29.731233-08:00,2026-01-30 16:00:00-08:00,"Will the median home value in New York City be between $560,000 and $570,000 by February 1?",,,will-the-median-home-value-in-new-york-city-be-between-560000-and-570000-by-february-1
polymarket,direct_housing_data,1076896,0xe7f76440ff8317eec4fb3c359039c08040c9ec8f5523f0265fa5ad86c5a1c40c,closed,5495.821294,0.0,2025-12-31 14:20:44.634115-08:00,2026-01-31 16:00:00-08:00,"Will the median home value in the Austin, Texas metro area be between $416,000 and $418,000 by February 1?",,,will-the-median-home-value-in-the-austin-texas-metro-area-be-between-416000-and-418000-by-february-1
polymarket,direct_housing_data,1076893,0xe00f271fc6892356f3d888ea611c64f30d2d694349396ef25c975d2f9737f23f,closed,5464.335866,0.0,2025-12-31 14:20:44.006563-08:00,2026-01-31 16:00:00-08:00,"Will the median home value in the Austin, Texas metro area be between $414,000 and $416,000 by February 1?",,,will-the-median-home-value-in-the-austin-texas-metro-area-be-between-414000-and-416000-by-february-1
polymarket,direct_housing_data,1074960,0xf79f9c92ba109391e134b73df20de007d90ef8549636a5c44577165cb13cf3cc,closed,5117.418233,0.0,2025-12-31 09:05:47.937238-08:00,,"Will the median home value in Miami be greater than $1,100,000 by February 1?",,,will-the-median-home-value-in-miami-be-greater-than-1100000-by-february-1
polymarket,direct_housing_data,1130201,0x759bd9b83c61df4cc157099bf04e82ab53ca9b4201b2d6daad8f49f53932d5f1,active,4577.350637,1806.45126,2026-01-07 10:21:29.078198-08:00,2026-01-30 16:00:00-08:00,30-year mortgage rate below 6% by January 31?,,,30-year-mortgage-rate-below-6-by-january-31
polymarket,direct_housing_data,1076898,0x4522b0561f7a75a43bdb36a34cb81284e6dfc5a347617365710d3115e4c05b3b,closed,4366.489411,0.0,2025-12-31 14:20:45.052037-08:00,2026-01-31 16:00:00-08:00,"Will the median home value in the Austin, Texas metro area be between $418,000 and $420,000 by February 1?",,,will-the-median-home-value-in-the-austin-texas-metro-area-be-between-418000-and-420000-by-february-1
polymarket,direct_housing_data,1076891,0x3870b6b6ea24ce698c24c7e32f9611c7113f61620b7fcfbc008e191e83266ff3,closed,4123.281197,0.0,2025-12-31 14:20:43.511858-08:00,2026-01-31 16:00:00-08:00,"Will the median home value in the Austin, Texas metro area be between $412,000 and $414,000 by February 1?",,,will-the-median-home-value-in-the-austin-texas-metro-area-be-between-412000-and-414000-by-february-1
polymarket,direct_housing_data,231468,0x0041067f48f7168d9065847d8ced235bd60e57c3009e2f3c7e225107e8ac81f3,closed,3865.666249,264.211362,2021-08-09 14:00:01.545000-07:00,2021-08-23 17:00:00-07:00,How many new US residential sales will the U.S. Census Bureau report for July?,,,how-many-new-us-residential-sales-will-the-us-census-bureau-report-for-july
polymarket,direct_housing_data,247400,0xb04c55536364203feddb81331c8d14ddc6ec79248d90c7095b0cdee89aa91eb7,closed,3151.842337,100.060442,2022-09-29 13:24:12.104000-07:00,2022-10-05 17:00:00-07:00,Will the 30-year Fixed Rate Mortgage Average be 7% or higher on October 6?,,,will-the-30-year-fixed-rate-mortgage-average-be-7-or-higher-on-october-6
polymarket,direct_housing_data,1301542,0xb2bc8855c33aeed544d2311f148aabbc96274560a46c9dedc1f2d269f582d778,active,2062.223683,1719.7665,2026-01-30 14:52:29.359607-08:00,2026-02-28 16:00:00-08:00,"Will the median home value in Chicago be between $315,000 and $320,000 by March 1?",,,will-the-median-home-value-in-chicago-be-between-315000-and-320000-by-march-1
polymarket,direct_housing_data,247455,0xd411740853927d4de3796a7689da7497a4df6356a518b859a657783dd2137b0b,closed,1397.218984,100.005047,2022-10-07 09:12:39.556000-07:00,2022-10-12 17:00:00-07:00,Will the 30-year Fixed Rate Mortgage Average be 6.6% or higher on October 13?,,,will-the-30-year-fixed-rate-mortgage-average-be-6pt6-or-higher-on-october-13
polymarket,direct_housing_data,1301520,0x4cb818c4b3dded360dd16a0efc5eb48df706024ccc9281e3ba19f6674653add2,active,247.5813,627.0328,2026-01-30 14:45:55.283761-08:00,2026-02-28 16:00:00-08:00,"Will the median home value in the DC Metro area be between $527,000 and $537,000 by March 1?",,,will-the-median-home-value-in-the-dc-metro-area-be-between-527000-and-537000-by-march-1
polymarket,direct_housing_data,1301519,0x6c5c5008b0ab6488d015de5b48e4afa0cb9c8ef73c9590e7e269e09d4f6b8ada,active,247.579217,334.2738,,2026-02-28 16:00:00-08:00,"Will the median home value in the DC Metro area be between $517,000 and $527,000 by March 1?",,,will-the-median-home-value-in-the-dc-metro-area-be-between-517000-and-527000-by-march-1
polymarket,direct_housing_data,1301539,0xb9b13fd7bf4f22a7ccc30bd6dfdaf4dca1d16c03f13b86bb27ec60d8fd2277c3,active,222.72665,1148.3427,2026-01-30 14:52:27.865463-08:00,2026-02-28 16:00:00-08:00,"Will the median home value in Chicago be between $300,000 and $305,000 by March 1?",,,will-the-median-home-value-in-chicago-be-between-300000-and-305000-by-march-1
polymarket,direct_housing_data,1301543,0x2c9202788c3926cdb69e6da248306b3312bc2047f79bfe7b600e9293871f3b6e,active,218.56,1177.566,2026-01-30 14:52:29.857743-08:00,2026-02-28 16:00:00-08:00,"Will the median home value in Chicago be greater than $320,000 by March 1?",,,will-the-median-home-value-in-chicago-be-greater-than-320000-by-march-1
polymarket,direct_housing_data,1301541,0x58300b2c699fb3f3e0e665904a9b3ab8d7d352d6b072f7b9013dee77590398a2,active,218.56,1136.717,2026-01-30 14:52:28.874739-08:00,2026-02-28 16:00:00-08:00,"Will the median home value in Chicago be between $310,000 and $315,000 by March 1?",,,will-the-median-home-value-in-chicago-be-between-310000-and-315000-by-march-1
polymarket,direct_housing_data,1301540,0x38cff46d95f69e5f1352db6458c880bcfc0858db6c09005805a094d932c4c674,active,218.56,1020.6946,2026-01-30 14:52:28.382609-08:00,2026-02-28 16:00:00-08:00,"Will the median home value in Chicago be between $305,000 and $310,000 by March 1?",,,will-the-median-home-value-in-chicago-be-between-305000-and-310000-by-march-1
polymarket,direct_housing_data,1301538,0x33210240fc41131fe27de27a3a43f4dbaa1048ed7bc997b546a06780a09b20a4,active,218.56,2067.6558,2026-01-30 14:52:27.175544-08:00,2026-02-28 16:00:00-08:00,"Will the median home value in Chicago be less than $300,000 by March 1?",,,will-the-median-home-value-in-chicago-be-less-than-300000-by-march-1
polymarket,direct_housing_data,1301058,0x89ce1ceb759f979aa642e1ba8e6bf7e382b482896c5efad97a779eec6b5a12fa,active,202.615257,1285.3304,2026-01-30 13:21:08.530744-08:00,2026-02-28 16:00:00-08:00,"Will the median home value in the Los Angeles Metro area be between $1,100,000 and $1,200,000 by March 1?",,,will-the-median-home-value-in-the-los-angeles-metro-area-be-between-1100000-and-1200000-by-march-1
polymarket,direct_housing_data,1301164,0x6c4a64b38c4fa0515787f8021ac63afc1ad1f39c12e8288e9440c17f407e4e67,active,140.98,314.8683,2026-01-30 13:26:45.403686-08:00,2026-02-28 16:00:00-08:00,"Will the median home value in the US be between $410,000 and $415,000 by March 1?",,,will-the-median-home-value-in-the-us-be-between-410000-and-415000-by-march-1
polymarket,direct_housing_data,1301167,0xbb7944a7f6ff271e073059b4f73a6723256185b5b1b4408459d0b24f8cf817b0,active,135.0,429.8623,2026-01-30 13:26:47.139887-08:00,2026-02-28 16:00:00-08:00,"Will the median home value in the US be greater than $425,000 by March 1?",,,will-the-median-home-value-in-the-us-be-greater-than-425000-by-march-1
polymarket,direct_housing_data,1301166,0xe28068299eb37e550ec62ecb17ccc0d725e19909f7f903fcedcc78a7f7b88998,active,135.0,348.9027,2026-01-30 13:26:46.599867-08:00,2026-02-28 16:00:00-08:00,"Will the median home value in the US be between $420,000 and $425,000 by March 1?",,,will-the-median-home-value-in-the-us-be-between-420000-and-425000-by-march-1
polymarket,direct_housing_data,1301165,0x607d66dab0dbcb746735e67e5ef96d2cea9d437a9aebcc400754667fa0411035,active,135.0,294.792,2026-01-30 13:26:45.916974-08:00,2026-02-28 16:00:00-08:00,"Will the median home value in the US be between $415,000 and $420,000 by March 1?",,,will-the-median-home-value-in-the-us-be-between-415000-and-420000-by-march-1
polymarket,direct_housing_data,1301163,0x189d2b025a31b1d50f88d24088fc6a364602deed63feb37d9f29b06b6756c91c,active,135.0,964.9153,2026-01-30 13:26:44.894577-08:00,2026-02-28 16:00:00-08:00,"Will the median home value in the US be between $405,000 and $410,000 by March 1?",,,will-the-median-home-value-in-the-us-be-between-405000-and-410000-by-march-1
polymarket,direct_housing_data,1301162,0x2988a39c67682e875edfb631935cccb33153ffa0c4a0e5dc33899a9c9bd81713,active,135.0,2328.716,2026-01-30 13:26:44.157547-08:00,2026-02-28 16:00:00-08:00,"Will the median home value in the US be less than $405,000 by March 1?",,,will-the-median-home-value-in-the-us-be-less-than-405000-by-march-1
polymarket,direct_housing_data,1301516,0xee8b783654acc62efca5058697890dffaf8e25272ea7ee52ff9808830f556186,active,63.6,815.06747,2026-01-30 14:45:53.290594-08:00,2026-02-28 16:00:00-08:00,"Will the median home value in the DC Metro area be less than $497,000 by March 1?",,,will-the-median-home-value-in-the-dc-metro-area-be-less-than-497000-by-march-1
polymarket,direct_housing_data,1301060,0x00da60e613808c5b0a985171fcf7ff28ce926a3249085c6bf1ed2eeb3c667c29,active,51.95,996.60369,2026-01-30 13:21:09.027851-08:00,2026-02-28 16:00:00-08:00,"Will the median home value in the Los Angeles Metro area be between $1,200,000 and $1,300,000 by March 1?",,,will-the-median-home-value-in-the-los-angeles-metro-area-be-between-1200000-and-1300000-by-march-1
polymarket,direct_housing_data,1301064,0x118ddf77223a849cac5708deb28f60b9325fa4b3cc617d233dfae9ebbde97c33,active,36.95,2004.12448,2026-01-30 13:21:10.058771-08:00,2026-02-28 16:00:00-08:00,"Will the median home value in the Los Angeles Metro area be greater than $1,400,000 by March 1?",,,will-the-median-home-value-in-the-los-angeles-metro-area-be-greater-than-1400000-by-march-1
polymarket,direct_housing_data,1301061,0x49250f18ef97558a220bda40db67386c6be3df98a5cac41204e9fa47758a3bbf,active,31.95,1853.3231,2026-01-30 13:21:09.539534-08:00,2026-02-28 16:00:00-08:00,"Will the median home value in the Los Angeles Metro area be between $1,300,000 and $1,400,000 by March 1?",,,will-the-median-home-value-in-the-los-angeles-metro-area-be-between-1300000-and-1400000-by-march-1
polymarket,direct_housing_data,1301055,0x3a9c0a7b1f7e4ba259cd0bb14b2467effc9da688539f03efb8dcf3d68ddf0917,active,31.95,929.9076,2026-01-30 13:21:08.002004-08:00,2026-02-28 16:00:00-08:00,"Will the median home value in the Los Angeles Metro area be less than $1,100,000 by March 1?",,,will-the-median-home-value-in-the-los-angeles-metro-area-be-less-than-1100000-by-march-1
polymarket,direct_housing_data,1301498,0xc1f20756302c7e7b900d6fede58771b95cc1d8728c358d06162241301241ee61,active,25.0,489.7199,,2026-02-28 16:00:00-08:00,"Will the median home value in the San Francisco Metro area be between $1,040,000 and $1,060,000 by March 1?",,,will-the-median-home-value-in-the-san-francisco-metro-area-be-between-1040000-and-1060000-by-march-1
polymarket,direct_housing_data,1301521,0xbaab963378152566e0aade9094cf93e5a03e26b816df1bdc2905c9c7ce82c81e,active,16.6,391.5037,2026-01-30 14:45:55.801587-08:00,2026-02-28 16:00:00-08:00,"Will the median home value in the DC Metro area be greater than $537,000 by March 1?",,,will-the-median-home-value-in-the-dc-metro-area-be-greater-than-537000-by-march-1
polymarket,direct_housing_data,1301518,0xe4984ad3bb942ccbc9637cd8e283e7c2b6776e9436421801f36a886c23f8f37d,active,16.6,419.1329,2026-01-30 14:45:54.312777-08:00,2026-02-28 16:00:00-08:00,"Will the median home value in the DC Metro area be between $507,000 and $517,000 by March 1?",,,will-the-median-home-value-in-the-dc-metro-area-be-between-507000-and-517000-by-march-1
polymarket,direct_housing_data,1301517,0xf1db7d17b2f3963916fe956a3ec512bd135248d9c554251e1085a1c09fc4c550,active,16.6,1701.3776,2026-01-30 14:45:53.820308-08:00,2026-02-28 16:00:00-08:00,"Will the median home value in the DC Metro area be between $497,000 and $507,000 by March 1?",,,will-the-median-home-value-in-the-dc-metro-area-be-between-497000-and-507000-by-march-1
polymarket,direct_housing_data,1327142,0xb84e052e28d46ed6de1b7cd082260b133ee5e08a4184780c346a0eae0a742452,active,2.272716,104.4349,2026-02-03 09:33:58.274319-08:00,2026-12-30 16:00:00-08:00,"Will the U.S. 30-year Fixed-Rate Mortgage hit 7.00% (HIGH) by December 31, 2026?",,,will-the-us-30-year-fixed-rate-mortgage-hit-7pt00-high-by-december-31-2026
polymarket,direct_housing_data,1327150,0x06bf3994ee4616843a085c6ae4196893ed6af593ef09644be91f3163c1fe9b2c,active,0.0,17.3394,2026-02-03 09:34:03.076194-08:00,2026-12-30 16:00:00-08:00,"Will the U.S. 30-year Fixed-Rate Mortgage hit 5.50% (LOW) by December 31, 2026?",,,will-the-us-30-year-fixed-rate-mortgage-hit-5pt50-low-by-december-31-2026
polymarket,direct_housing_data,1327149,0x7e098cd8c93f6601a19af0c1ffcd5a1c810a5f79e87416a1d15377e0706d1618,active,0.0,18.0895,2026-02-03 09:34:02.530117-08:00,2026-12-30 16:00:00-08:00,"Will the U.S. 30-year Fixed-Rate Mortgage hit 5.70% (LOW) by December 31, 2026?",,,will-the-us-30-year-fixed-rate-mortgage-hit-5pt70-low-by-december-31-2026
polymarket,direct_housing_data,1327148,0x127642a0c27bc10e9292ad67cd2552ea9a75050e9db19dcb7b558bc0c1513ff9,active,0.0,18.6092,2026-02-03 09:34:01.997625-08:00,2026-12-30 16:00:00-08:00,"Will the U.S. 30-year Fixed-Rate Mortgage hit 5.90% (LOW) by December 31, 2026?",,,will-the-us-30-year-fixed-rate-mortgage-hit-5pt90-low-by-december-31-2026
polymarket,direct_housing_data,1327147,0xfe758247f89784bf99f026d0cee641bddff7fb01043865e224402fdc12cbcbcd,active,0.0,27.4999,2026-02-03 09:34:01.453737-08:00,2026-12-30 16:00:00-08:00,"Will the U.S. 30-year Fixed-Rate Mortgage hit 6.00% (LOW) by December 31, 2026?",,,will-the-us-30-year-fixed-rate-mortgage-hit-6pt00-low-by-december-31-2026
polymarket,direct_housing_data,1327146,0x5958a13b5cda9e32b03bb1682d7e18fe6768f905606cc6ca2dd9b98c0d19fca8,active,0.0,13.0995,2026-02-03 09:34:00.879654-08:00,2026-12-30 16:00:00-08:00,"Will the U.S. 30-year Fixed-Rate Mortgage hit 6.20% (HIGH) by December 31, 2026?",,,will-the-us-30-year-fixed-rate-mortgage-hit-6pt20-high-by-december-31-2026
polymarket,direct_housing_data,1327145,0x9bb7243154ca7114abed0c711c99331922176f5197a2100451b445bb7ae9b337,active,0.0,13.0995,2026-02-03 09:34:00.175495-08:00,2026-12-30 16:00:00-08:00,"Will the U.S. 30-year Fixed-Rate Mortgage hit 6.30% (HIGH) by December 31, 2026?",,,will-the-us-30-year-fixed-rate-mortgage-hit-6pt30-high-by-december-31-2026
polymarket,direct_housing_data,1327144,0xd0ef789ce88f899fdf43fac24203b938baa0ee2aef0ce8572fe122d85ff0363a,active,0.0,18.0895,2026-02-03 09:33:59.575278-08:00,2026-12-30 16:00:00-08:00,"Will the U.S. 30-year Fixed-Rate Mortgage hit 6.50% (HIGH) by December 31, 2026?",,,will-the-us-30-year-fixed-rate-mortgage-hit-6pt50-high-by-december-31-2026
polymarket,direct_housing_data,1327143,0x5a769573f99f008f74157208a68d573349fa4d2c65291c59cc0ea063794a8f1d,active,0.0,18.0893,2026-02-03 09:33:58.855619-08:00,2026-12-30 16:00:00-08:00,"Will the U.S. 30-year Fixed-Rate Mortgage hit 6.75% (HIGH) by December 31, 2026?",,,will-the-us-30-year-fixed-rate-mortgage-hit-6pt75-high-by-december-31-2026
polymarket,direct_housing_data,1301501,0x34b99f122816a7afcfc60514eae8958ecd994845e907b14d4c7a7576f36e851a,active,0.0,663.7114,2026-01-30 14:38:08.621802-08:00,2026-02-28 16:00:00-08:00,"Will the median home value in the San Francisco Metro area be greater than $1,100,000 by March 1?",,,will-the-median-home-value-in-the-san-francisco-metro-area-be-greater-than-1100000-by-march-1
polymarket,direct_housing_data,1301500,0xc699842f214ca109a2446ce06c0455d1e175ba71876e979c170ae41a8b5fc093,active,0.0,505.6348,2026-01-30 14:38:08.112041-08:00,2026-02-28 16:00:00-08:00,"Will the median home value in the San Francisco Metro area be between $1,080,000 and $1,100,000 by March 1?",,,will-the-median-home-value-in-the-san-francisco-metro-area-be-between-1080000-and-1100000-by-march-1
polymarket,direct_housing_data,1301499,0xc920dbaec16b67fbd1d29586b0aa1d9450bb934a089601dfde8e0572d6064b53,active,0.0,367.7365,2026-01-30 14:38:07.525418-08:00,2026-02-28 16:00:00-08:00,"Will the median home value in the San Francisco Metro area be between $1,060,000 and $1,080,000 by March 1?",,,will-the-median-home-value-in-the-san-francisco-metro-area-be-between-1060000-and-1080000-by-march-1
polymarket,direct_housing_data,1301497,0xc0da2df2fe3ebff607402611d46d23dfa4bd191ec771a8c7b3ffe45e9f526db9,active,0.0,427.0045,2026-01-30 14:38:06.475998-08:00,2026-02-28 16:00:00-08:00,"Will the median home value in the San Francisco Metro area be between $1,020,000 and $1,040,000 by March 1?",,,will-the-median-home-value-in-the-san-francisco-metro-area-be-between-1020000-and-1040000-by-march-1
polymarket,direct_housing_data,1301496,0xc013c3fa7b12a92d6f0a898c604d9a4b0aa03c103e8c17d14d91663a7c6eac1b,active,0.0,850.9221,2026-01-30 14:38:05.753099-08:00,2026-02-28 16:00:00-08:00,"Will the median home value in the San Francisco Metro area be less than $1,020,000 by March 1?",,,will-the-median-home-value-in-the-san-francisco-metro-area-be-less-than-1020000-by-march-1
polymarket,direct_housing_data,1301483,0x6fa440a2ecd092f4e89924aa62517310374f7ef630d21a77b0e6dd96463d3b07,active,0.0,490.9679,2026-01-30 14:29:42.975914-08:00,2026-02-28 16:00:00-08:00,"Will the median home value in the Austin, Texas metro area be greater than $416,000 by March 1?",,,will-the-median-home-value-in-the-austin-texas-metro-area-be-greater-than-416000-by-march-1
polymarket,direct_housing_data,1301482,0x88fc64402efe6c0b6c43656892fecb915bd0933bef2f59bc4727555ff5c30a7b,active,0.0,256.4177,2026-01-30 14:29:42.479374-08:00,2026-02-28 16:00:00-08:00,"Will the median home value in the Austin, Texas metro area be between $413,000 and $416,000 by March 1?",,,will-the-median-home-value-in-the-austin-texas-metro-area-be-between-413000-and-416000-by-march-1
polymarket,direct_housing_data,1301481,0x3d779903a87b15489cf1565ae87102878cd27a17b9670520b9a382b6d9fee03e,active,0.0,247.9789,2026-01-30 14:29:41.973497-08:00,2026-02-28 16:00:00-08:00,"Will the median home value in the Austin, Texas metro area be between $411,000 and $413,000 by March 1?",,,will-the-median-home-value-in-the-austin-texas-metro-area-be-between-411000-and-413000-by-march-1
polymarket,direct_housing_data,1301480,0x76222800ce980e7d13cf8a8ee7155068bf7a7388a4e5e2edf8f89353c0381039,active,0.0,313.9048,2026-01-30 14:29:41.488875-08:00,2026-02-28 16:00:00-08:00,"Will the median home value in the Austin, Texas metro area be between $408,000 and $411,000 by March 1?",,,will-the-median-home-value-in-the-austin-texas-metro-area-be-between-408000-and-411000-by-march-1
polymarket,direct_housing_data,1301479,0x7e6472e8ae6300c2ecfe3380bd61e2536f95f123f9b151cfa58c0ccf292f0eca,active,0.0,288.4798,2026-01-30 14:29:40.810505-08:00,2026-02-28 16:00:00-08:00,"Will the median home value in the Austin, Texas metro area be between $405,000 and $408,000 by March 1?",,,will-the-median-home-value-in-the-austin-texas-metro-area-be-between-405000-and-408000-by-march-1
polymarket,direct_housing_data,1301183,0x81d8fbf058028ad634e4fc37e31cd43eb86979b06e810a9f93a688d93ec2e46f,active,0.0,552.8289,2026-01-30 13:32:35.882222-08:00,2026-02-28 16:00:00-08:00,"Will the median home value in New York City be greater than $595,000 by March 1?",,,will-the-median-home-value-in-new-york-city-be-greater-than-595000-by-march-1
polymarket,direct_housing_data,1301182,0x1202e52b172bfced464210514432ebe2b668288ad73111f151cb464e417de1f4,active,0.0,604.275,2026-01-30 13:32:35.361401-08:00,2026-02-28 16:00:00-08:00,"Will the median home value in New York City be between $590,000 and $595,000 by March 1?",,,will-the-median-home-value-in-new-york-city-be-between-590000-and-595000-by-march-1
polymarket,direct_housing_data,1301181,0xe6179a722433cda70341fa3c4c8671fd34142cffe826fe23bf025277fe9d83c6,active,0.0,406.7631,2026-01-30 13:32:34.829346-08:00,2026-02-28 16:00:00-08:00,"Will the median home value in New York City be between $585,000 and $590,000 by March 1?",,,will-the-median-home-value-in-new-york-city-be-between-585000-and-590000-by-march-1
polymarket,direct_housing_data,1301180,0x3c95871e2f14cc02e937648312edddb7397a46ce5650a296bcb3d8cc9486a1c5,active,0.0,423.7282,2026-01-30 13:32:34.305029-08:00,2026-02-28 16:00:00-08:00,"Will the median home value in New York City be between $580,000 and $585,000 by March 1?",,,will-the-median-home-value-in-new-york-city-be-between-580000-and-585000-by-march-1
polymarket,direct_housing_data,1301179,0xa512839f011162ba7f2a64c3a72ab3c95499c835e30cd2c710b0f2b9231d85e8,active,0.0,524.8188,2026-01-30 13:32:33.759552-08:00,2026-02-28 16:00:00-08:00,"Will the median home value in New York City be between $575,000 and $580,000 by March 1?",,,will-the-median-home-value-in-new-york-city-be-between-575000-and-580000-by-march-1
polymarket,direct_housing_data,1301178,0x27679dbdbb96a9aa429c952538b13f79a52f5493d160f6b0d18c85eb512bb468,active,0.0,669.5529,2026-01-30 13:32:32.998969-08:00,2026-02-28 16:00:00-08:00,"Will the median home value in New York City be less than $575,000 by March 1?",,,will-the-median-home-value-in-new-york-city-be-less-than-575000-by-march-1
polymarket,direct_housing_data,1300950,0xd9bc1e486251625ee2581e217e17b6824862706fdc26afb5ddcc4f1493d5d153,active,0.0,1151.3605,2026-01-30 13:14:14.156785-08:00,2026-02-28 16:00:00-08:00,"Will the median home value in Miami be greater than $1,220,000 by March 1?",,,will-the-median-home-value-in-miami-be-greater-than-1220000-by-march-1
polymarket,direct_housing_data,1300948,0xb371faad1c7c6f4125e320a44d5ea2911b5b87bb1a3474921dbc61841de0691b,active,0.0,565.324,2026-01-30 13:14:13.113361-08:00,2026-02-28 16:00:00-08:00,"Will the median home value in Miami be between $1,160,000 and $1,190,000 by March 1?",,,will-the-median-home-value-in-miami-be-between-1160000-and-1190000-by-march-1-769
polymarket,direct_housing_data,1300947,0x1fcb44167e73f4e3fccb11cb11d0da227badf7caff19998a2ee18f26529086cc,active,0.0,405.5576,2026-01-30 13:14:12.435692-08:00,2026-02-28 16:00:00-08:00,"Will the median home value in Miami be between $1,130,000 and $1,160,000 by March 1?",,,will-the-median-home-value-in-miami-be-between-1130000-and-1160000-by-march-1-823
polymarket,direct_housing_data,1300946,0xb0fab0539051ebc4a7ceed2ae8e108158f0e5cb944c58b1310693941478f660c,active,0.0,699.798,2026-01-30 13:14:11.621454-08:00,2026-02-28 16:00:00-08:00,"Will the median home value in Miami be between $1,100,000 and $1,130,000 by March 1?",,,will-the-median-home-value-in-miami-be-between-1100000-and-1130000-by-march-1-748
polymarket,direct_housing_data,1300945,0x4cebd0369d66bb2ce2a5a21bb89faef1d4872e8b3549bead634baa39437fa609,active,0.0,518.6889,2026-01-30 13:14:10.968405-08:00,2026-02-28 16:00:00-08:00,"Will the median home value in Miami be between $1,070,000 and $1,100,000 by March 1?",,,will-the-median-home-value-in-miami-be-between-1070000-and-1100000-by-march-1-453
polymarket,direct_housing_data,1300949,0xfa8ff99ad9e2df85ab8c132723c798b3f57b037e611687ad46f014cd8756e277,active,0.0,780.9214,,2026-02-28 16:00:00-08:00,"Will the median home value in Miami be between $1,190,000 and $1,220,000 by March 1?",,,will-the-median-home-value-in-miami-be-between-1190000-and-1220000-by-march-1
polymarket,direct_housing_data,1301478,0xd4fca8f3fcabd81e2adca70dce9f8dc66c6ffd6912b6b5f5f637db14b36ba169,active,0.0,289.9157,,2026-02-28 16:00:00-08:00,"Will the median home value in the Austin, Texas metro area be less than $405,000 by March 1?",,,will-the-median-home-value-in-the-austin-texas-metro-area-be-less-than-405000-by-march-1
polymarket,direct_housing_data,1300944,0x28208d7ac32a8dd05214177634ac41ebce170df7aff78fb008e6a49bf8f67274,active,0.0,839.5101,,2026-02-28 16:00:00-08:00,"Will the median home value in Miami be less than $1,070,000 by March 1?",,,will-the-median-home-value-in-miami-be-less-than-1070000-by-march-1
kalshi,population_demographics,KXFERTILITYSK-24,KXFERTILITYSK-24,finalized,348834.0,128711.0,2024-12-18 13:11:38.844246-08:00,2025-10-22 11:34:38.867309-07:00,Will South Korean fertility drop again in 2024?,In 2024,In 2024,
kalshi,population_demographics,KXDEPORTATION-25-MAY01,KXDEPORTATION-25,finalized,111292.0,61008.0,2024-11-12 18:18:37.671751-08:00,2025-01-22 10:26:12.372891-08:00,"Will Trump take an executive action regarding deportation before May 1, 2025?","Before May 1, 2025","Before May 1, 2025",
kalshi,population_demographics,KXH1B-29,KXH1B-29,active,100326.0,23140.0,2024-12-18 13:12:57.510408-08:00,2029-01-20 07:00:00-08:00,Will Trump expand high-skill immigration?,Before 2029,Before 2029,
kalshi,population_demographics,KXPRCBIRTHS-24,KXPRCBIRTHS-24,finalized,93476.0,38339.0,2024-12-13 10:01:35.500873-08:00,2025-03-05 12:46:23.446611-08:00,More births in China this year than last year?,In 2024,In 2024,
kalshi,population_demographics,KXSECPRESSMENTION-25NOV28-DEP,KXSECPRESSMENTION-25NOV28,finalized,58113.0,52240.0,2025-05-28 10:09:49.741220-07:00,2025-05-29 14:52:05.121069-07:00,Will the White House Press Secretary say Deportation at her next press briefing?,Deportation,Deportation,
kalshi,population_demographics,KXTRUMPMENTION-25NOV14-HOME,KXTRUMPMENTION-25NOV14,finalized,32193.0,29221.0,2025-11-12 09:58:42.372385-08:00,2025-11-13 14:22:28.088109-08:00,What will Donald Trump say during Executive Order Signing Ceremony and Announcements?,Homeless,Homeless,
kalshi,population_demographics,KXDJTCONF-25FEB13-H1B,KXDJTCONF-25FEB13,finalized,26369.0,16301.0,2025-02-13 08:50:21.442769-08:00,2025-02-14 07:00:00-08:00,Will Trump say H-1B at the bilateral with Modi?,H-1B,H-1B,
kalshi,population_demographics,GRANTSPASS,GRANTSPASS,finalized,22780.0,11146.0,2024-03-13 14:37:38.445668-07:00,2024-06-29 15:19:10.797975-07:00,SCOTUS rules homeless regulations legal?,"By Dec 31, 2025","Not By Dec 31, 2025",
kalshi,population_demographics,KXFEDMENTION-25JAN-D,KXFEDMENTION-25JAN,finalized,19006.0,17058.0,2025-01-29 04:45:11.355617-08:00,2025-01-30 12:58:24.708880-08:00,Will Powell say Deport/Deportation at his Jan 2025 press conference?,Deport/Deportation,Deport/Deportation,
kalshi,population_demographics,KXSECPRESSMENTION-25NOV05-DEP,KXSECPRESSMENTION-25NOV05,finalized,18283.0,13878.0,2025-05-04 18:50:50.353653-07:00,2025-05-09 12:46:41.494846-07:00,Will the White House Press Secretary say Deportation at her next press briefing?,Deportation,Deportation,
kalshi,population_demographics,KXDJTFRENCHREP-25FEB24-MIGRATION,KXDJTFRENCHREP-25FEB24,finalized,13745.0,9687.0,2025-02-24 07:01:04.246531-08:00,2025-02-24 14:47:57.740880-08:00,Will Trump say Migration at his bilateral with Macron and any following Q+A?,Migration,Migration,
kalshi,population_demographics,KXSECPRESSMENTION-25DEC03-DEP,KXSECPRESSMENTION-25DEC03,finalized,12561.0,6346.0,2025-06-02 21:54:09.124867-07:00,2025-06-03 14:32:58.828995-07:00,Will the White House Press Secretary say Deportation at her next press briefing?,Deportation,Deportation,
kalshi,population_demographics,KXMELANIAMENTION-25NOV14-HOME,KXMELANIAMENTION-25NOV14,finalized,11160.0,6375.0,2025-11-12 17:56:59.669796-08:00,2025-11-13 14:15:04.673511-08:00,What will Melania Trump say during Executive Order signing on November 13th?,Homeless,Homeless,
kalshi,population_demographics,KXTRUMPMENTION-25SEP23-IMMG,KXTRUMPMENTION-25SEP23,finalized,10212.0,6632.0,2025-09-12 12:39:40.331119-07:00,2025-09-23 10:18:11.270816-07:00,What will Trump say during Trump Address the United Nations General Assembly?,Immigration / Migration,Immigration / Migration,
kalshi,population_demographics,KXMAMDANIMENTION-25OCT16-HOME,KXMAMDANIMENTION-25OCT16,finalized,7298.0,6623.0,2025-10-14 08:31:04.945477-07:00,2025-10-15 13:08:19.398942-07:00,What will Zohran Mamdani say during The Story with Martha MacCallum on October 15th?,Homeless,Homeless,
kalshi,population_demographics,KXBLOCKH1B-26JAN01,KXBLOCKH1B-26JAN01,active,6596.0,3313.0,2025-09-23 06:31:56.357330-07:00,2026-01-01 07:00:00-08:00,"Will federal courts block Trump's September 19th proclamation regarding H-1B visas before Jan 1, 2026?",Yes,Yes,
kalshi,population_demographics,KXFERTILITYRATE-25-Q3-54.4,KXFERTILITYRATE-25-Q3,active,5617.0,2544.0,2025-07-02 04:56:12.219701-07:00,2025-12-28 06:00:00-08:00,General fertility rate in Q3 2025?,Above 54.4,Above 54.4,
kalshi,population_demographics,KXRECBILL-26-BORDER,KXRECBILL-26,finalized,4993.0,2435.0,2025-01-09 13:39:11.467259-08:00,2025-07-08 14:40:52.097289-07:00,"Will Allocating more spending for Mexican border barriers, border patrol, or detention of immigrants be in the next reconcilliation bill?",More spending for Mexican border,More spending for Mexican border,
kalshi,population_demographics,KXTRUMPMENTION-25SEP18-IMMG,KXTRUMPMENTION-25SEP18,finalized,4743.0,2970.0,2025-09-12 11:32:08.932589-07:00,2025-09-18 13:07:30.237534-07:00,What will Trump say during Trump-Starmer bilateral at Chequers on September 18th?,Immigration / Migration,Immigration / Migration,
kalshi,population_demographics,NYCDEBITS-24-DEC31,NYCDEBITS-24,finalized,4252.0,1096.0,2024-02-22 15:46:35.838174-08:00,2024-08-21 07:03:00.417137-07:00,NYC expanding debit card program for migrants?,"By Dec 31, 2024","Not By Dec 31, 2024",
kalshi,population_demographics,KXH1BREPEAL-26JAN01,KXH1BREPEAL-26JAN01,active,3895.0,2099.0,2025-09-23 06:31:47.289349-07:00,2025-12-31 20:59:00-08:00,"Will Donald Trump issue any executive action on universally removing or lowering the $100,000 H-1B visa fee during In 2025?",Yes,Yes,
kalshi,population_demographics,KXMAMDANIMENTION-25OCT28-HOME,KXMAMDANIMENTION-25OCT28,finalized,3862.0,3862.0,2025-10-27 09:47:10.292134-07:00,2025-10-28 07:00:00-07:00,What will Zohran Mamdani say during The Daily Show on October 27th?,Homeless,Homeless,
kalshi,population_demographics,KXTRUMPMENTION-25AUG11-HLES,KXTRUMPMENTION-25AUG11,finalized,3680.0,3039.0,2025-08-10 14:10:15.232066-07:00,2025-08-11 14:24:49.283301-07:00,"What will Trump say during Press Conference on Crime and Beautification on August 11, at 10:00 A.M. EST in the Press Briefing Room?",Homeless,Homeless,
kalshi,population_demographics,KXMAMDANIMENTION-25SEP06-HOM,KXMAMDANIMENTION-25SEP06,finalized,3548.0,3007.0,2025-09-05 12:26:14.586250-07:00,2025-09-08 17:09:11.924576-07:00,What will Zohran Mamdani say during Bernie Sanders Oligarchy Tour Saturday 9/6?,Homelessness,Homelessness,
kalshi,population_demographics,KXSECPRESSMENTION-26JAN01-DEP,KXSECPRESSMENTION-26JAN01,finalized,3305.0,2975.0,2025-08-18 20:18:26.218083-07:00,2025-08-20 12:19:09.142368-07:00,Will the White House Press Secretary say Deportation at her next press briefing?,Deportation,Deportation,
kalshi,population_demographics,KXEARNINGSMENTIONADOBE-25MAR-CLOUDMIGRATION,KXEARNINGSMENTIONADOBE-25MAR,finalized,2017.0,1119.0,2025-03-12 10:22:47.917891-07:00,2025-03-13 07:00:51.683160-07:00,What will Adobe say on their Q1 FY2025 earnings call?,Cloud Migration,Cloud Migration,
kalshi,population_demographics,KXSECPRESSMENTION-26JAN31-DEP,KXSECPRESSMENTION-26JAN31,finalized,1587.0,1203.0,2025-07-16 21:56:01.018673-07:00,2025-07-17 13:11:50.540292-07:00,Will the White House Press Secretary say Deportation at her next press briefing?,Deportation,Deportation,
kalshi,population_demographics,KXFERTILITYRATE-25-Q3-54.6,KXFERTILITYRATE-25-Q3,active,1549.0,1000.0,2025-07-02 04:56:12.219701-07:00,2025-12-28 06:00:00-08:00,General fertility rate in Q3 2025?,Above 54.6,Above 54.6,
kalshi,population_demographics,KXSECPRESSMENTION-26JAN29-DEP,KXSECPRESSMENTION-26JAN29,finalized,1528.0,967.0,2025-07-28 13:29:54.438017-07:00,2025-07-31 22:45:07.536989-07:00,Will the White House Press Secretary say Deportation at her next press briefing?,Deportation,Deportation,
kalshi,population_demographics,KXSECPRESSMENTION-26JAN24-DEP,KXSECPRESSMENTION-26JAN24,finalized,1234.0,1169.0,2025-07-22 20:03:05.546677-07:00,2025-07-23 18:11:32.139711-07:00,Will the White House Press Secretary say Deportation at her next press briefing?,Deportation,Deportation,
kalshi,population_demographics,KXEARNINGSMENTIONPLTR-25AUG04-INT,KXEARNINGSMENTIONPLTR-25AUG04,finalized,1164.0,1164.0,2025-07-28 21:52:28.471416-07:00,2025-08-06 13:38:57.163295-07:00,What will  say during their next earnings call?,International/Migration,International/Migration,
kalshi,population_demographics,KXSECPRESSMENTION-25NOV01-DEP,KXSECPRESSMENTION-25NOV01,finalized,556.0,282.0,2025-04-30 22:30:49.420554-07:00,2025-05-01 08:48:50.033506-07:00,Will the White House Press Secretary say Deportation at her next press briefing?,Deportation,Deportation,
kalshi,population_demographics,KXFERTILITYRATE-25-Q3-54.8,KXFERTILITYRATE-25-Q3,active,230.0,135.0,2025-07-02 04:56:12.219701-07:00,2025-12-28 06:00:00-08:00,General fertility rate in Q3 2025?,Above 54.8,Above 54.8,
kalshi,population_demographics,KXDJTMEXG7-25JUN17-DEP,KXDJTMEXG7-25JUN17,finalized,132.0,120.0,2025-06-15 21:26:17.843063-07:00,2025-06-18 07:00:00-07:00,Will Trump say Deportation at Bilateral Meeting with the President of Mexico at the G7 summit?,Deportation,Deportation,
kalshi,population_demographics,KXFERTILITYRATE-25-Q3-55.4,KXFERTILITYRATE-25-Q3,active,73.0,73.0,2025-07-02 04:56:12.219701-07:00,2025-12-28 06:00:00-08:00,General fertility rate in Q3 2025?,Above 55.4,Above 55.4,
kalshi,population_demographics,KXFERTILITYRATE-25-Q3-55.0,KXFERTILITYRATE-25-Q3,active,46.0,40.0,2025-07-02 04:56:12.219701-07:00,2025-12-28 06:00:00-08:00,General fertility rate in Q3 2025?,Above 55.0,Above 55.0,
kalshi,population_demographics,KXFERTILITYRATE-25-Q3-55.2,KXFERTILITYRATE-25-Q3,active,10.0,10.0,2025-07-02 04:56:12.219701-07:00,2025-12-28 06:00:00-08:00,General fertility rate in Q3 2025?,Above 55.2,Above 55.2,
polymarket,population_demographics,522233,0x4bd1327edfdbb3c23f8cc81094435aaa421f1f77a9eab6e867ff055905862a3a,closed,928001.065584,0.0,2025-02-04 15:51:29.567849-08:00,2025-12-31 04:00:00-08:00,Gaza mass population relocation in 2025?,,,gaza-mass-population-relocation-in-2025
polymarket,population_demographics,512322,0x8e89d91cff090ce6696df4658a0c573fca0b878dd9685349b7c7f50507623e1b,closed,380490.836068,0.0,2024-11-07 13:16:05.959688-08:00,2025-01-20 04:00:00-08:00,Trump deportation executive order on Day 1?,,,trump-deportation-executive-order-on-day-1
polymarket,population_demographics,605734,0x6bad2fb7d35c6f721d4e4eec348e7f6be0f1fd08c60f39569ccc9bac062d533c,closed,285368.647214,0.0,2025-09-20 13:04:59.123743-07:00,2025-10-30 17:00:00-07:00,Trump pause or remove 100k H-1B policy by October 31?,,,will-trump-pauseremove-100k-h1b-porgram
polymarket,population_demographics,511914,0x5a8029020e5886fc3f2fd51f952b39e467c1deb0e4e7775d2c6115ecb0737f7b,closed,219681.564526,0.0,2024-11-04 10:36:37.928482-08:00,2025-04-29 05:00:00-07:00,Trump deportation executive order in first 100 days?,,,trump-deportation-executive-order-in-first-100-days
polymarket,population_demographics,516470,0x33ee9c635a5535bb5a0c0160342c5e1cae6ed70d46c671e2fe6f1b19848264bb,closed,186698.368395,0.0,2024-12-26 10:46:51.711898-08:00,2025-04-29 05:00:00-07:00,Will Trump increase cap on H-1B visas in first 100 days?,,,will-trump-increase-cap-on-h-1b-visas-in-first-100-days
polymarket,population_demographics,605721,0x201ffb8b250aebc9b69d8f4813e416b85cb31737832b1020c8136462157acd20,closed,95567.747709,0.0,,2025-09-29 17:00:00-07:00,Will courts block Trump's 100k H1b by September 30?,,,will-courts-block-trumps-100k-h1b-by-september-30
polymarket,population_demographics,516474,0xa6f269b913e720ff1a566509a9a6f42152b67ab3a8884692ffa573afc56673ad,closed,84997.348718,0.0,2024-12-26 11:43:36.866598-08:00,2025-04-29 05:00:00-07:00,Will Trump eliminate H-1B visa in first 100 days?,,,will-trump-eliminate-h-1b-visa-in-first-100-days
polymarket,population_demographics,559061,0x2442eba36677d6bfe03e9ca7cec2678dd60638075cbc971b04ae9caedbee32fe,closed,64345.228146,0.0,2025-07-02 18:37:21.117246-07:00,2025-12-30 16:00:00-08:00,U.S. fertility rate up in Q2 2025?,,,us-fertility-rate-up-in-q2-2025
polymarket,population_demographics,1066292,0xd4fcf0605c336360ea7a01cac2c12162b47b322433d161251d9f2151ca3ee64a,closed,56097.069114,0.0,2025-12-30 07:40:46.756414-08:00,2026-01-12 04:00:00-08:00,"Will ""Greenland 2: Migration"" Opening Weekend Box Office be less than 9m?",,,will-greenland-2-migration-opening-weekend-box-office-be-less-than-9m
polymarket,population_demographics,1067227,0x723065c8c00d9321f6feb3b0ed40232080566e97f7ab80d4f754481baadf72f5,closed,51744.655067,0.0,2025-12-30 10:10:45.804625-08:00,2026-01-30 16:00:00-08:00,Will Greenland 2: Migration make 25 million or more domestically by January 31?,,,will-greenland-2-migration-make-25-million-or-more-domestically-by-january-31
polymarket,population_demographics,1066296,0xed1f2759054e948f6b2a8c308cdac91b48dcec26f11d832716f72a4c12403a85,closed,39729.99226,0.0,2025-12-30 07:40:48.797769-08:00,2026-01-12 04:00:00-08:00,"Will ""Greenland 2: Migration"" Opening Weekend Box Office be greater than 13.5m?",,,will-greenland-2-migration-opening-weekend-box-office-be-greater-than-13pt5m
polymarket,population_demographics,1066295,0x1c1c98a648b31a40aa19907e3c1b2038853ce7c9821cd133d60dead4edeb9f72,closed,35696.52093,0.0,2025-12-30 07:40:48.285246-08:00,2026-01-12 04:00:00-08:00,"Will ""Greenland 2: Migration"" Opening Weekend Box Office be between 12m and 13.5m?",,,will-greenland-2-migration-opening-weekend-box-office-be-between-12m-and-13pt5m
polymarket,population_demographics,1066294,0x63df80a5c2affbfe3f77fd9d1ae4bc7269c6e4ca7bc503edf162945c3da40016,closed,30253.924755,0.0,2025-12-30 07:40:47.809588-08:00,2026-01-12 04:00:00-08:00,"Will ""Greenland 2: Migration"" Opening Weekend Box Office be between 10.5m and 12m?",,,will-greenland-2-migration-opening-weekend-box-office-be-between-10pt5m-and-12m
polymarket,population_demographics,521796,0x44ed371c6f18a042223cb9f88e0a1363383657cd3a5d02a8b45c457fa1790ebf,closed,25107.802539,0.0,2025-02-04 09:30:18.208981-08:00,2025-03-31 05:00:00-07:00,Will the U.S. deport illegal migrants to El Salvador before April? ,,,will-the-us-deport-illegal-migrants-to-el-salvador-before-april
polymarket,population_demographics,1066293,0x763d27da3f49554000db5f8e5e32508ad2d31f8228d7869d44bcbd8b2714ea1c,closed,21883.845794,0.0,2025-12-30 07:40:47.283786-08:00,2026-01-12 04:00:00-08:00,"Will ""Greenland 2: Migration"" Opening Weekend Box Office be between 9m and 10.5m?",,,will-greenland-2-migration-opening-weekend-box-office-be-between-9m-and-10pt5m
polymarket,population_demographics,553525,0x63a164a52b22a57374eb3f9f38ad65ab5c7302e46ef4ffa6d450cd60767cbbdc,closed,18256.197414,0.0,2025-06-18 09:03:49.158876-07:00,2025-09-29 22:00:00-07:00,U.S. fertility rate up in Q1 2025?,,,us-fertility-rate-up-in-q1-2025
polymarket,population_demographics,617186,0x914890a19f3292897a948f2ae0d227d4cdb8474d775dc9633fac35d092f683f7,closed,12857.257283,0.0,2025-09-29 10:15:35.582992-07:00,2026-03-30 17:00:00-07:00,US fertility rate up in Q3 2025?,,,us-fertility-rate-up-in-q3-2025
polymarket,population_demographics,1302432,0xd096cb2e4ad5da6bbb18dc55da1850a2c653c631cb0407fcd3f7f138d9719ec8,active,3939.326943,1994.9466,,2026-03-30 17:00:00-07:00,Will the US deport illegal migrants to Argentina by March 31?,,,will-the-us-deport-illegal-migrants-to-argentina-by-march-31
polymarket,population_demographics,616524,0x074b22e2497ec337bca20b01686f8772d7bbc9cd2c190c4fb994ad7f9a4d06dc,closed,3643.78265,0.0,2025-09-28 12:03:25.476807-07:00,2025-09-29 17:00:00-07:00,Will courts block Trump's 100k H1b by October 31?,,,will-courts-block-trumps-100k-h1b-by-october-31
polymarket,population_demographics,500344,0x9512176b0db9e760ef55f9625cd049bc59b3a65d74a215cf09d83acc59182e50,closed,2442.568237,0.0,2024-03-20 08:34:25.309771-07:00,2024-04-02 16:00:00-07:00,Court temporarily allows Texas to arrest migrants?,,,court-temporarily-allows-texas-to-arrest-migrants
kalshi,property_real_estate_policy,KXSWISSREF-PROP-25,KXSWISSREF-PROP-25,finalized,1964.0,331.0,2025-08-14 15:14:11.642915-07:00,2025-09-30 12:57:29.493198-07:00,Will the Switzerland referendum on second home property taxes pass?,In 2025,In 2025,
polymarket,property_real_estate_policy,575096,0xb8869ddd165ccf021df156fc8bccd4da40aefd08e19ff73a59322be252f07572,closed,11404.812307,0.0,2025-08-12 04:55:55.248599-07:00,2025-09-27 17:00:00-07:00,Will the Swiss referendum over property taxes on second homes pass?,,,will-the-swiss-referendum-over-property-taxes-on-second-homes-pass
polymarket,property_real_estate_policy,525154,0x332b3358bd79e0bb7c25105432aab9d08c99802280f37faa4f0551522bedd0c0,closed,3860.717099,0.0,2025-02-24 13:59:38.068407-08:00,2025-06-30 05:00:00-07:00,DeSantis ends Florida property tax before July?,,,desantis-ends-florida-property-tax-before-july
kalshi,rents_affordability_policy,KXSECHUD-26DEC31-BC,KXSECHUD-26DEC31,finalized,373651.0,49166.0,2024-11-06 12:24:46.524461-08:00,2025-02-05 12:19:50.270348-08:00,"Will Ben Carson be confirmed as Secretary of Housing and Urban Development by Dec 31, 2026?",Ben Carson,Ben Carson,
kalshi,rents_affordability_policy,KXSECHUD-26DEC31-BP,KXSECHUD-26DEC31,finalized,76272.0,20067.0,2024-11-15 10:38:05.689722-08:00,2025-02-05 12:19:50.270348-08:00,"Will Bill Pulte be confirmed as Secretary of Housing and Urban Development by Dec 31, 2026?",Bill Pulte,Bill Pulte,
kalshi,rents_affordability_policy,KXSECHUD-26DEC31-TS,KXSECHUD-26DEC31,finalized,55291.0,15505.0,2024-11-06 12:24:46.524461-08:00,2025-02-05 12:19:50.270348-08:00,"Will Tim Scott be confirmed as Secretary of Housing and Urban Development by Dec 31, 2026?",Tim Scott,Tim Scott,
kalshi,rents_affordability_policy,KXSECHUD-26DEC31-BM,KXSECHUD-26DEC31,finalized,26994.0,5089.0,2024-11-06 12:24:46.524461-08:00,2025-02-05 12:19:50.270348-08:00,"Will Brian Montgomery be confirmed as Secretary of Housing and Urban Development by Dec 31, 2026?",Brian Montgomery,Brian Montgomery,
kalshi,rents_affordability_policy,KXSECHUD-26DEC31-ST,KXSECHUD-26DEC31,finalized,25287.0,18424.0,2024-11-23 06:31:46.047841-08:00,2025-02-05 12:19:50.270348-08:00,"Will Scott Turner be confirmed as Secretary of Housing and Urban Development by Dec 31, 2026?",Scott Turner,Scott Turner,
kalshi,rents_affordability_policy,KXNYCRENTFREEZE-25,KXNYCRENTFREEZE-25,active,10154.0,7032.0,2025-11-05 10:08:59.914123-08:00,2026-12-31 16:00:00-08:00,Will NYC implement a rent freeze for leases starting October 2026?,Rent freeze,Rent freeze,
kalshi,rents_affordability_policy,EVICT-21NOV1,EVICT-21NOV,finalized,8867.0,4170.0,2021-09-14 06:38:03.669394-07:00,2021-11-03 17:00:00-07:00,Will the House of Representatives pass an eviction moratorium before November 1?,Passes the House,Fails to pass the House,
kalshi,rents_affordability_policy,KXMAMDANIMENTION-25SEP06-FREE,KXMAMDANIMENTION-25SEP06,finalized,4180.0,3776.0,2025-09-05 12:26:14.586249-07:00,2025-09-08 17:07:12.043377-07:00,What will Zohran Mamdani say during Bernie Sanders Oligarchy Tour Saturday 9/6?,Freeze the Rent,Freeze the Rent,
polymarket,rents_affordability_policy,664045,0x921330240e4d92f8535d54bcb34b31750fc235761f97b064d92e54a48c2f9dca,active,215794.697369,6394.4689,2025-11-03 18:09:50.190311-08:00,2026-12-30 16:00:00-08:00,Will Mamdani freeze NYC rents before 2027?,,,will-mamdani-freeze-nyc-rents-before-2027
polymarket,rents_affordability_policy,518717,0x186d340b63ff85887a439348c5cc45523b178d6229de29c7a2c2a7b60a59ae50,closed,56284.401486,0.0,2025-01-15 11:15:10.520145-08:00,2025-06-30 05:00:00-07:00,Scott Turner confirmed as HUD Secretary?,,,scott-turner-confirmed-as-hud-secretary
polymarket,rents_affordability_policy,512257,0x1dd8d6afc998fe922a00c46a2705c325f4bc09f9af750bedf1946513dd60c099,closed,45009.052222,0.0,2024-11-07 09:13:01.868953-08:00,2025-06-30 05:00:00-07:00,Will Trump nominate Tim Scott for HUD Secretary?,,,will-trump-nominate-tim-scott-for-hud-secretary
polymarket,rents_affordability_policy,512256,0xed575f43c4a742990fb359be4ddbf1f23c577b3e4613876fa8154503241127af,closed,33181.676814,0.0,2024-11-07 09:12:12.840936-08:00,2025-06-30 05:00:00-07:00,Will Trump nominate Ben Carson for HUD Secretary?,,,will-trump-nominate-ben-carson-for-hud-secretary
polymarket,rents_affordability_policy,512970,0x68ca2783acafebeea3e43a03573f3b9a7878849eeb3241accdb4c3bfebd3f533,closed,22185.582885,0.0,2024-11-13 10:37:03.563158-08:00,2025-06-30 05:00:00-07:00,Will Trump nominate William J. Pulte for HUD Secretary?,,,will-trump-nominate-william-j-pulte-for-hud-secretary
polymarket,rents_affordability_policy,512531,0xdb1bd5509c4f3d74228ab9f4371d8f9aa4d3e6965ad64454f327c4126e1d1901,closed,14915.896025,0.0,2024-11-08 14:17:33.331042-08:00,2025-06-30 05:00:00-07:00,Will Trump nominate Dana Wade for HUD Secretary?,,,will-trump-nominate-dana-wade-for-hud-secretary
polymarket,rents_affordability_policy,609195,0x0133f57f168f02e6b10ed1ffb915d226494c22559dbed172c4444e45d5441ea4,closed,10329.486633,0.0,2025-09-22 22:21:10.720821-07:00,2025-09-25 20:59:59-07:00,Will Manchester City win on 2025-09-24?,,,carabao-hud-mci-2025-09-24-mci
polymarket,rents_affordability_policy,609193,0xfd6de3489bed60382d359e11fbc45f281bdb8263d65583fd3b07c50346d93103,closed,10098.20006,0.0,2025-09-22 22:21:09.944653-07:00,2025-09-25 20:59:59-07:00,Will Huddersfield Town win on 2025-09-24?,,,carabao-hud-mci-2025-09-24-hud
polymarket,rents_affordability_policy,512258,0x53b9a08a9424812d628ef306345cee80e9b3733d3bb9c3644941bbb2614be632,closed,6792.004554,0.0,2024-11-07 09:13:52.604493-08:00,2025-06-30 05:00:00-07:00,Will Trump nominate Brian Montgomery for HUD Secretary?,,,will-trump-nominate-brian-montgomery-for-hud-secretary
polymarket,rents_affordability_policy,609194,0x034b2af4aed50698da9aa944615d1c5b13d55decb0f48686a87315fabec2577c,closed,2674.0,0.0,2025-09-22 22:21:10.363961-07:00,2025-09-25 20:59:59-07:00,Will Huddersfield Town vs. Manchester City end in a draw?,,,carabao-hud-mci-2025-09-24-draw
polymarket,rents_affordability_policy,641352,0x29023fd22050c111d4582e4dfe13ff7e0ad3b0b26acf19ac6207ae154b004af2,closed,821.0,0.0,2025-10-20 11:00:18.345975-07:00,2025-11-01 08:00:00-07:00,Will Huddersfield Town AFC win on 2025-11-01?,,,efa-bol-hud-2025-11-01-hud
polymarket,rents_affordability_policy,641350,0xc61c293916d84ba9bb05ce847cb4131344521de79d25f431a1d6bdc1b520547c,closed,573.553259,0.0,2025-10-20 11:00:18.330219-07:00,2025-11-01 08:00:00-07:00,Will Bolton Wanderers FC win on 2025-11-01?,,,efa-bol-hud-2025-11-01-bol
polymarket,rents_affordability_policy,641351,0xa4807dd887eacc25fd2aa8d56fcaa8456d5e42cf133efc5ceb4a9695ab781237,closed,168.0,0.0,2025-10-20 11:00:18.338307-07:00,2025-11-01 08:00:00-07:00,Will Bolton Wanderers FC vs. Huddersfield Town AFC end in a draw?,,,efa-bol-hud-2025-11-01-draw
polymarket,rents_affordability_policy,512599,0x4a18b816566b6239f1fd0852c88283632459eae198681865ad5c6d1c9853f3a3,closed,0.0,0.0,2024-11-08 14:53:45.689779-08:00,2025-06-30 05:00:00-07:00,Will Trump nominate another candidate for HUD Secretary?,,,will-trump-nominate-another-candidate-for-hud-secretary
