event_slug,event_start,event_end,cutoff_label,cutoff_utc,cutoff_local,cutoff_date,relative_day,post,contract_pair_id,contract_key,market_family_pm,pm_resolver_proxy,market_id_pm,title_pm,outcome_index_pm,outcome_name_pm,token_id_pm,synthetic_binary_pm,pm_price_source,market_id_kalshi,title_kalshi,yes_sub_title_kalshi,volume_pm,weight_pm_volume,pm_yes_price,k_yes_price,pm_minus_k,pm_source_trade_ts_local,k_source_trade_ts_local,match_confidence,match_basis
mineral_rights,2025-03-24,2025-03-24,2025_03_17_open_0500_PT,2025-03-17 12:00:00+00:00,2025-03-17 05:00:00-07:00,2025-03-17,-7,0,election|win_most_seats|conservative_party|canada_federal|year:2025|2025|517585|13613076726717814638495632178711195398447760389342275247699985009794802626720|KXCANADAPARTY-C,election|win_most_seats|conservative_party|canada_federal|year:2025|2025,election,uma_risk_exposed,517585,Will the Conservative Party win the most seats in the next Canadian election?,0,Yes,13613076726717814638495632178711195398447760389342275247699985009794802626720,False,binary_yes_token_price,KXCANADAPARTY-C,Will the Conservative party win the most seats in the 2025 Canadian House of Commons election?,Conservative party,3398500.815959,3398500.815959,0.54,0.52,0.020000000000000018,2025-03-17 04:01:27-07:00,2025-03-16 23:17:33.494564-07:00,0.78,deterministic_contract_key
mineral_rights,2025-03-24,2025-03-24,2025_03_17_open_0500_PT,2025-03-17 12:00:00+00:00,2025-03-17 05:00:00-07:00,2025-03-17,-7,0,election|win_most_seats|liberal_party|canada_federal|year:2025|2025|517586|97369614101217511684993615789719226906296227283714425485701044468625942166745|KXCANADAPARTY-L,election|win_most_seats|liberal_party|canada_federal|year:2025|2025,election,uma_risk_exposed,517586,Will the Liberal Party win the most seats in the next Canadian election?,0,Yes,97369614101217511684993615789719226906296227283714425485701044468625942166745,False,binary_yes_token_price,KXCANADAPARTY-L,Will the Liberal party win the most seats in the 2025 Canadian House of Commons election?,Liberal party,5152025.201466,5152025.201466,0.454,0.48,-0.025999999999999968,2025-03-17 02:51:37-07:00,2025-03-16 10:03:43.603632-07:00,0.78,deterministic_contract_key
mineral_rights,2025-03-24,2025-03-24,2025_03_17_open_0500_PT,2025-03-17 12:00:00+00:00,2025-03-17 05:00:00-07:00,2025-03-17,-7,0,election|win_most_seats|peoples_party|canada_federal|year:2025|2025|517590|35924832551646767782758424953354849643043645213249703917795372244091393088355|KXCANADAPARTY-P,election|win_most_seats|peoples_party|canada_federal|year:2025|2025,election,uma_risk_exposed,517590,Will the People's party win the most seats in the next Canadian election?,0,Yes,35924832551646767782758424953354849643043645213249703917795372244091393088355,False,binary_yes_token_price,KXCANADAPARTY-P,Will the People's party win the most seats in the 2025 Canadian House of Commons election?,People's party,1139787.923504,1139787.923504,0.001,0.01,-0.009000000000000001,2025-03-17 02:24:41-07:00,2024-11-24 04:37:11.979961-08:00,0.78,deterministic_contract_key
mineral_rights,2025-03-24,2025-03-24,2025_03_17_open_0500_PT,2025-03-17 12:00:00+00:00,2025-03-17 05:00:00-07:00,2025-03-17,-7,0,election|win|daniel_noboa|ecuadorian_presidential|year:2025|2025|514172|78529201497074592652635694767108128464886305064134175900444209409569043565924|KXPRESECUADOR25-DN,election|win|daniel_noboa|ecuadorian_presidential|year:2025|2025,election,uma_risk_exposed,514172,Will Daniel Noboa win the 2025 Ecuadorian Presidential Election? ,0,Yes,78529201497074592652635694767108128464886305064134175900444209409569043565924,False,binary_yes_token_price,KXPRESECUADOR25-DN,Will Daniel Noboa win the 2025 Ecuadorian presidential election?,Daniel Noboa,1360386.018944,1360386.018944,0.42,0.49,-0.07,2025-03-17 02:45:11-07:00,2025-03-17 00:53:20.872930-07:00,0.78,deterministic_contract_key
mineral_rights,2025-03-24,2025-03-24,2025_03_17_open_0500_PT,2025-03-17 12:00:00+00:00,2025-03-17 05:00:00-07:00,2025-03-17,-7,0,election|win|luisa_gonz_lez|ecuadorian_presidential|year:2025|2025|514181|31462369160152841995177527804912923307710608138814696727701585015260363916969|KXPRESECUADOR25-LG,election|win|luisa_gonz_lez|ecuadorian_presidential|year:2025|2025,election,uma_risk_exposed,514181,Will Luisa González win the 2025 Ecuadorian Presidential Election? ,0,Yes,31462369160152841995177527804912923307710608138814696727701585015260363916969,False,binary_yes_token_price,KXPRESECUADOR25-LG,Will Luisa González win the 2025 Ecuadorian presidential election?,Luisa González,1274030.578608,1274030.578608,0.55,0.5,0.050000000000000044,2025-03-17 01:57:01-07:00,2025-03-16 14:00:48.463856-07:00,0.78,deterministic_contract_key
mineral_rights,2025-03-24,2025-03-24,2025_03_17_open_0500_PT,2025-03-17 12:00:00+00:00,2025-03-17 05:00:00-07:00,2025-03-17,-7,0,office_exit|leave_office|jerome_powell|year:2025|520930|44446628319261786751896876365833910598445252343588252409740203088317210950410|LEAVEPOWELL-25-DEC31,office_exit|leave_office|jerome_powell|year:2025,office_exit,uma_risk_exposed,520930,Jerome Powell out as Fed Chair in 2025?,0,Yes,44446628319261786751896876365833910598445252343588252409740203088317210950410,False,binary_yes_token_price,LEAVEPOWELL-25-DEC31,Powell leaves before 2026?,Before 2026,11760101.336012,11760101.336012,0.1500000850003315,0.17,-0.019999914999668522,2025-03-17 03:40:09-07:00,2025-03-17 04:47:29.789727-07:00,0.88,deterministic_contract_key
mineral_rights,2025-03-24,2025-03-24,2025_03_17_open_0500_PT,2025-03-17 12:00:00+00:00,2025-03-17 05:00:00-07:00,2025-03-17,-7,0,office_exit|resign|volodymyr_zelenskyy|year:2025|525157|74129046843921940913413587682588886122583847748489066762857187137233978267670|KXUKRAINERESIGN-26,office_exit|resign|volodymyr_zelenskyy|year:2025,office_exit,uma_risk_exposed,525157,Zelensky resigns in 2025?,0,Yes,74129046843921940913413587682588886122583847748489066762857187137233978267670,False,binary_yes_token_price,KXUKRAINERESIGN-26,"Will Volodymyr Zelenskyy resign before Jan 1, 2026?",Before 2026,639799.279247,639799.279247,0.24,0.23,0.009999999999999981,2025-03-15 08:56:56-07:00,2025-03-17 04:26:13.354218-07:00,0.88,deterministic_contract_key
mineral_rights,2025-03-24,2025-03-24,2025_03_17_open_0500_PT,2025-03-17 12:00:00+00:00,2025-03-17 05:00:00-07:00,2025-03-17,-7,0,policy_action|create|national_bitcoin_reserve|united_states|year:2025|516937|83894672511259544049673946661753374355328822374216474995072428966535091173758|KXBTCRESERVE-26-JAN01,policy_action|create|national_bitcoin_reserve|united_states|year:2025,policy_action,uma_risk_exposed,516937,US national Bitcoin reserve in 2025?,0,Yes,83894672511259544049673946661753374355328822374216474995072428966535091173758,False,binary_yes_token_price,KXBTCRESERVE-26-JAN01,"Will Trump create a National Bitcoin Reserve before Jan 1, 2026?","Before Jan 1, 2026",5526758.797978,5526758.797978,0.73,0.5,0.22999999999999998,2025-03-17 04:47:41-07:00,2025-03-17 03:12:26.249668-07:00,0.78,deterministic_contract_key
mineral_rights,2025-03-24,2025-03-24,2025_03_17_open_0500_PT,2025-03-17 12:00:00+00:00,2025-03-17 05:00:00-07:00,2025-03-17,-7,0,policy_action|eliminate|department_of_education|united_states|year:2025|523188|60661165588332286306443081468695135979348107944620337686282849990456442563142|KXDOED-26-JAN01,policy_action|eliminate|department_of_education|united_states|year:2025,policy_action,uma_risk_exposed,523188,Will Trump end Department of Education in 2025?,0,Yes,60661165588332286306443081468695135979348107944620337686282849990456442563142,False,binary_yes_token_price,KXDOED-26-JAN01,"Will the Department of Education be eliminated before Jan 1, 2026?","Before Jan 1, 2026",900396.416301,900396.416301,0.24,0.22,0.01999999999999999,2025-03-16 18:00:45-07:00,2025-03-17 04:48:12.690100-07:00,0.78,deterministic_contract_key
mineral_rights,2025-03-24,2025-03-24,2025_03_17_open_0500_PT,2025-03-17 12:00:00+00:00,2025-03-17 05:00:00-07:00,2025-03-17,-7,0,policy_action|pass_law|strategic_bitcoin_reserve_act|texas|year:2025|518901|108694680056826771513727361737568313266027710115630595991317876664602548455545|KXTEXASBTC-26,policy_action|pass_law|strategic_bitcoin_reserve_act|texas|year:2025,policy_action,uma_risk_exposed,518901,Texas Strategic Bitcoin Reserve Act (H.B. 1598) signed in 2025?,0,Yes,108694680056826771513727361737568313266027710115630595991317876664602548455545,False,binary_yes_token_price,KXTEXASBTC-26,Will the Texas Strategic Bitcoin Reserve Act become law before 2026?,Before 2026,214638.028966,214638.028966,0.68,0.71,-0.029999999999999916,2025-03-16 02:05:48-07:00,2025-03-16 23:34:08.430304-07:00,0.8,deterministic_contract_key
mineral_rights,2025-03-24,2025-03-24,2025_03_17_open_0500_PT,2025-03-17 12:00:00+00:00,2025-03-17 05:00:00-07:00,2025-03-17,-7,0,policy_action|start|recession|united_states|year:2025|516710|104173557214744537570424345347209544585775842950109756851652855913015295701992|RECSSNBER-25,policy_action|start|recession|united_states|year:2025,policy_action,uma_risk_exposed,516710,US recession in 2025?,0,Yes,104173557214744537570424345347209544585775842950109756851652855913015295701992,False,binary_yes_token_price,RECSSNBER-25,Will there be a recession in 2025?,Starts,11734512.428529,11734512.428529,0.41,0.39,0.019999999999999962,2025-03-17 04:51:47-07:00,2025-03-17 04:48:58.487653-07:00,0.78,deterministic_contract_key
mineral_rights,2025-03-24,2025-03-24,2025_03_17_close_1700_PT,2025-03-18 00:00:00+00:00,2025-03-17 17:00:00-07:00,2025-03-17,-7,0,election|win_most_seats|conservative_party|canada_federal|year:2025|2025|517585|13613076726717814638495632178711195398447760389342275247699985009794802626720|KXCANADAPARTY-C,election|win_most_seats|conservative_party|canada_federal|year:2025|2025,election,uma_risk_exposed,517585,Will the Conservative Party win the most seats in the next Canadian election?,0,Yes,13613076726717814638495632178711195398447760389342275247699985009794802626720,False,binary_yes_token_price,KXCANADAPARTY-C,Will the Conservative party win the most seats in the 2025 Canadian House of Commons election?,Conservative party,3398500.815959,3398500.815959,0.559999998992,0.52,0.03999999899200002,2025-03-17 16:52:28-07:00,2025-03-17 08:21:17.945286-07:00,0.78,deterministic_contract_key
mineral_rights,2025-03-24,2025-03-24,2025_03_17_close_1700_PT,2025-03-18 00:00:00+00:00,2025-03-17 17:00:00-07:00,2025-03-17,-7,0,election|win_most_seats|liberal_party|canada_federal|year:2025|2025|517586|97369614101217511684993615789719226906296227283714425485701044468625942166745|KXCANADAPARTY-L,election|win_most_seats|liberal_party|canada_federal|year:2025|2025,election,uma_risk_exposed,517586,Will the Liberal Party win the most seats in the next Canadian election?,0,Yes,97369614101217511684993615789719226906296227283714425485701044468625942166745,False,binary_yes_token_price,KXCANADAPARTY-L,Will the Liberal party win the most seats in the 2025 Canadian House of Commons election?,Liberal party,5152025.201466,5152025.201466,0.428,0.47,-0.04199999999999998,2025-03-17 15:42:16-07:00,2025-03-17 16:47:24.645525-07:00,0.78,deterministic_contract_key
mineral_rights,2025-03-24,2025-03-24,2025_03_17_close_1700_PT,2025-03-18 00:00:00+00:00,2025-03-17 17:00:00-07:00,2025-03-17,-7,0,election|win_most_seats|peoples_party|canada_federal|year:2025|2025|517590|35924832551646767782758424953354849643043645213249703917795372244091393088355|KXCANADAPARTY-P,election|win_most_seats|peoples_party|canada_federal|year:2025|2025,election,uma_risk_exposed,517590,Will the People's party win the most seats in the next Canadian election?,0,Yes,35924832551646767782758424953354849643043645213249703917795372244091393088355,False,binary_yes_token_price,KXCANADAPARTY-P,Will the People's party win the most seats in the 2025 Canadian House of Commons election?,People's party,1139787.923504,1139787.923504,0.001,0.01,-0.009000000000000001,2025-03-17 15:41:32-07:00,2024-11-24 04:37:11.979961-08:00,0.78,deterministic_contract_key
mineral_rights,2025-03-24,2025-03-24,2025_03_17_close_1700_PT,2025-03-18 00:00:00+00:00,2025-03-17 17:00:00-07:00,2025-03-17,-7,0,election|win|daniel_noboa|ecuadorian_presidential|year:2025|2025|514172|78529201497074592652635694767108128464886305064134175900444209409569043565924|KXPRESECUADOR25-DN,election|win|daniel_noboa|ecuadorian_presidential|year:2025|2025,election,uma_risk_exposed,514172,Will Daniel Noboa win the 2025 Ecuadorian Presidential Election? ,0,Yes,78529201497074592652635694767108128464886305064134175900444209409569043565924,False,binary_yes_token_price,KXPRESECUADOR25-DN,Will Daniel Noboa win the 2025 Ecuadorian presidential election?,Daniel Noboa,1360386.018944,1360386.018944,0.44,0.46,-0.020000000000000018,2025-03-17 16:40:58-07:00,2025-03-17 14:21:13.057919-07:00,0.78,deterministic_contract_key
mineral_rights,2025-03-24,2025-03-24,2025_03_17_close_1700_PT,2025-03-18 00:00:00+00:00,2025-03-17 17:00:00-07:00,2025-03-17,-7,0,election|win|luisa_gonz_lez|ecuadorian_presidential|year:2025|2025|514181|31462369160152841995177527804912923307710608138814696727701585015260363916969|KXPRESECUADOR25-LG,election|win|luisa_gonz_lez|ecuadorian_presidential|year:2025|2025,election,uma_risk_exposed,514181,Will Luisa González win the 2025 Ecuadorian Presidential Election? ,0,Yes,31462369160152841995177527804912923307710608138814696727701585015260363916969,False,binary_yes_token_price,KXPRESECUADOR25-LG,Will Luisa González win the 2025 Ecuadorian presidential election?,Luisa González,1274030.578608,1274030.578608,0.5699999869193318,0.54,0.02999998691933181,2025-03-17 15:54:04-07:00,2025-03-17 13:17:06.174402-07:00,0.78,deterministic_contract_key
mineral_rights,2025-03-24,2025-03-24,2025_03_17_close_1700_PT,2025-03-18 00:00:00+00:00,2025-03-17 17:00:00-07:00,2025-03-17,-7,0,office_exit|leave_office|jerome_powell|year:2025|520930|44446628319261786751896876365833910598445252343588252409740203088317210950410|LEAVEPOWELL-25-DEC31,office_exit|leave_office|jerome_powell|year:2025,office_exit,uma_risk_exposed,520930,Jerome Powell out as Fed Chair in 2025?,0,Yes,44446628319261786751896876365833910598445252343588252409740203088317210950410,False,binary_yes_token_price,LEAVEPOWELL-25-DEC31,Powell leaves before 2026?,Before 2026,11760101.336012,11760101.336012,0.16,0.19,-0.03,2025-03-17 06:59:39-07:00,2025-03-17 11:58:12.426453-07:00,0.88,deterministic_contract_key
mineral_rights,2025-03-24,2025-03-24,2025_03_17_close_1700_PT,2025-03-18 00:00:00+00:00,2025-03-17 17:00:00-07:00,2025-03-17,-7,0,office_exit|resign|volodymyr_zelenskyy|year:2025|525157|74129046843921940913413587682588886122583847748489066762857187137233978267670|KXUKRAINERESIGN-26,office_exit|resign|volodymyr_zelenskyy|year:2025,office_exit,uma_risk_exposed,525157,Zelensky resigns in 2025?,0,Yes,74129046843921940913413587682588886122583847748489066762857187137233978267670,False,binary_yes_token_price,KXUKRAINERESIGN-26,"Will Volodymyr Zelenskyy resign before Jan 1, 2026?",Before 2026,639799.279247,639799.279247,0.23999999183999987,0.24,-8.160000120049915e-09,2025-03-17 15:33:29-07:00,2025-03-17 14:42:52.540688-07:00,0.88,deterministic_contract_key
mineral_rights,2025-03-24,2025-03-24,2025_03_17_close_1700_PT,2025-03-18 00:00:00+00:00,2025-03-17 17:00:00-07:00,2025-03-17,-7,0,policy_action|create|national_bitcoin_reserve|united_states|year:2025|516937|83894672511259544049673946661753374355328822374216474995072428966535091173758|KXBTCRESERVE-26-JAN01,policy_action|create|national_bitcoin_reserve|united_states|year:2025,policy_action,uma_risk_exposed,516937,US national Bitcoin reserve in 2025?,0,Yes,83894672511259544049673946661753374355328822374216474995072428966535091173758,False,binary_yes_token_price,KXBTCRESERVE-26-JAN01,"Will Trump create a National Bitcoin Reserve before Jan 1, 2026?","Before Jan 1, 2026",5526758.797978,5526758.797978,0.74,0.52,0.21999999999999997,2025-03-17 15:23:45-07:00,2025-03-17 14:35:16.551345-07:00,0.78,deterministic_contract_key
mineral_rights,2025-03-24,2025-03-24,2025_03_17_close_1700_PT,2025-03-18 00:00:00+00:00,2025-03-17 17:00:00-07:00,2025-03-17,-7,0,policy_action|eliminate|department_of_education|united_states|year:2025|523188|60661165588332286306443081468695135979348107944620337686282849990456442563142|KXDOED-26-JAN01,policy_action|eliminate|department_of_education|united_states|year:2025,policy_action,uma_risk_exposed,523188,Will Trump end Department of Education in 2025?,0,Yes,60661165588332286306443081468695135979348107944620337686282849990456442563142,False,binary_yes_token_price,KXDOED-26-JAN01,"Will the Department of Education be eliminated before Jan 1, 2026?","Before Jan 1, 2026",900396.416301,900396.416301,0.24,0.23,0.009999999999999981,2025-03-16 18:00:45-07:00,2025-03-17 14:50:35.429575-07:00,0.78,deterministic_contract_key
mineral_rights,2025-03-24,2025-03-24,2025_03_17_close_1700_PT,2025-03-18 00:00:00+00:00,2025-03-17 17:00:00-07:00,2025-03-17,-7,0,policy_action|pass_law|strategic_bitcoin_reserve_act|texas|year:2025|518901|108694680056826771513727361737568313266027710115630595991317876664602548455545|KXTEXASBTC-26,policy_action|pass_law|strategic_bitcoin_reserve_act|texas|year:2025,policy_action,uma_risk_exposed,518901,Texas Strategic Bitcoin Reserve Act (H.B. 1598) signed in 2025?,0,Yes,108694680056826771513727361737568313266027710115630595991317876664602548455545,False,binary_yes_token_price,KXTEXASBTC-26,Will the Texas Strategic Bitcoin Reserve Act become law before 2026?,Before 2026,214638.028966,214638.028966,0.68,0.71,-0.029999999999999916,2025-03-16 02:05:48-07:00,2025-03-16 23:34:08.430304-07:00,0.8,deterministic_contract_key
mineral_rights,2025-03-24,2025-03-24,2025_03_17_close_1700_PT,2025-03-18 00:00:00+00:00,2025-03-17 17:00:00-07:00,2025-03-17,-7,0,policy_action|start|recession|united_states|year:2025|516710|104173557214744537570424345347209544585775842950109756851652855913015295701992|RECSSNBER-25,policy_action|start|recession|united_states|year:2025,policy_action,uma_risk_exposed,516710,US recession in 2025?,0,Yes,104173557214744537570424345347209544585775842950109756851652855913015295701992,False,binary_yes_token_price,RECSSNBER-25,Will there be a recession in 2025?,Starts,11734512.428529,11734512.428529,0.40999999712999996,0.38,0.029999997129999956,2025-03-17 16:28:04-07:00,2025-03-17 16:03:00.791261-07:00,0.78,deterministic_contract_key
mineral_rights,2025-03-24,2025-03-24,2025_03_18_open_0500_PT,2025-03-18 12:00:00+00:00,2025-03-18 05:00:00-07:00,2025-03-18,-6,0,election|win_most_seats|conservative_party|canada_federal|year:2025|2025|517585|13613076726717814638495632178711195398447760389342275247699985009794802626720|KXCANADAPARTY-C,election|win_most_seats|conservative_party|canada_federal|year:2025|2025,election,uma_risk_exposed,517585,Will the Conservative Party win the most seats in the next Canadian election?,0,Yes,13613076726717814638495632178711195398447760389342275247699985009794802626720,False,binary_yes_token_price,KXCANADAPARTY-C,Will the Conservative party win the most seats in the 2025 Canadian House of Commons election?,Conservative party,3398500.815959,3398500.815959,0.54,0.52,0.020000000000000018,2025-03-18 02:03:00-07:00,2025-03-18 03:41:54.570481-07:00,0.78,deterministic_contract_key
mineral_rights,2025-03-24,2025-03-24,2025_03_18_open_0500_PT,2025-03-18 12:00:00+00:00,2025-03-18 05:00:00-07:00,2025-03-18,-6,0,election|win_most_seats|liberal_party|canada_federal|year:2025|2025|517586|97369614101217511684993615789719226906296227283714425485701044468625942166745|KXCANADAPARTY-L,election|win_most_seats|liberal_party|canada_federal|year:2025|2025,election,uma_risk_exposed,517586,Will the Liberal Party win the most seats in the next Canadian election?,0,Yes,97369614101217511684993615789719226906296227283714425485701044468625942166745,False,binary_yes_token_price,KXCANADAPARTY-L,Will the Liberal party win the most seats in the 2025 Canadian House of Commons election?,Liberal party,5152025.201466,5152025.201466,0.440999969394596,0.52,-0.079000030605404,2025-03-18 01:25:31-07:00,2025-03-18 04:46:51.641914-07:00,0.78,deterministic_contract_key
mineral_rights,2025-03-24,2025-03-24,2025_03_18_open_0500_PT,2025-03-18 12:00:00+00:00,2025-03-18 05:00:00-07:00,2025-03-18,-6,0,election|win_most_seats|peoples_party|canada_federal|year:2025|2025|517590|35924832551646767782758424953354849643043645213249703917795372244091393088355|KXCANADAPARTY-P,election|win_most_seats|peoples_party|canada_federal|year:2025|2025,election,uma_risk_exposed,517590,Will the People's party win the most seats in the next Canadian election?,0,Yes,35924832551646767782758424953354849643043645213249703917795372244091393088355,False,binary_yes_token_price,KXCANADAPARTY-P,Will the People's party win the most seats in the 2025 Canadian House of Commons election?,People's party,1139787.923504,1139787.923504,0.002,0.01,-0.008,2025-03-18 03:26:36-07:00,2024-11-24 04:37:11.979961-08:00,0.78,deterministic_contract_key
mineral_rights,2025-03-24,2025-03-24,2025_03_18_open_0500_PT,2025-03-18 12:00:00+00:00,2025-03-18 05:00:00-07:00,2025-03-18,-6,0,election|win|daniel_noboa|ecuadorian_presidential|year:2025|2025|514172|78529201497074592652635694767108128464886305064134175900444209409569043565924|KXPRESECUADOR25-DN,election|win|daniel_noboa|ecuadorian_presidential|year:2025|2025,election,uma_risk_exposed,514172,Will Daniel Noboa win the 2025 Ecuadorian Presidential Election? ,0,Yes,78529201497074592652635694767108128464886305064134175900444209409569043565924,False,binary_yes_token_price,KXPRESECUADOR25-DN,Will Daniel Noboa win the 2025 Ecuadorian presidential election?,Daniel Noboa,1360386.018944,1360386.018944,0.4,0.52,-0.12,2025-03-18 04:58:36-07:00,2025-03-18 03:01:41.403419-07:00,0.78,deterministic_contract_key
mineral_rights,2025-03-24,2025-03-24,2025_03_18_open_0500_PT,2025-03-18 12:00:00+00:00,2025-03-18 05:00:00-07:00,2025-03-18,-6,0,election|win|luisa_gonz_lez|ecuadorian_presidential|year:2025|2025|514181|31462369160152841995177527804912923307710608138814696727701585015260363916969|KXPRESECUADOR25-LG,election|win|luisa_gonz_lez|ecuadorian_presidential|year:2025|2025,election,uma_risk_exposed,514181,Will Luisa González win the 2025 Ecuadorian Presidential Election? ,0,Yes,31462369160152841995177527804912923307710608138814696727701585015260363916969,False,binary_yes_token_price,KXPRESECUADOR25-LG,Will Luisa González win the 2025 Ecuadorian presidential election?,Luisa González,1274030.578608,1274030.578608,0.59,0.54,0.04999999999999993,2025-03-18 04:58:50-07:00,2025-03-18 03:01:41.474926-07:00,0.78,deterministic_contract_key
mineral_rights,2025-03-24,2025-03-24,2025_03_18_open_0500_PT,2025-03-18 12:00:00+00:00,2025-03-18 05:00:00-07:00,2025-03-18,-6,0,office_exit|leave_office|jerome_powell|year:2025|520930|44446628319261786751896876365833910598445252343588252409740203088317210950410|LEAVEPOWELL-25-DEC31,office_exit|leave_office|jerome_powell|year:2025,office_exit,uma_risk_exposed,520930,Jerome Powell out as Fed Chair in 2025?,0,Yes,44446628319261786751896876365833910598445252343588252409740203088317210950410,False,binary_yes_token_price,LEAVEPOWELL-25-DEC31,Powell leaves before 2026?,Before 2026,11760101.336012,11760101.336012,0.15,0.19,-0.04000000000000001,2025-03-17 20:48:39-07:00,2025-03-17 11:58:12.426453-07:00,0.88,deterministic_contract_key
mineral_rights,2025-03-24,2025-03-24,2025_03_18_open_0500_PT,2025-03-18 12:00:00+00:00,2025-03-18 05:00:00-07:00,2025-03-18,-6,0,office_exit|resign|volodymyr_zelenskyy|year:2025|525157|74129046843921940913413587682588886122583847748489066762857187137233978267670|KXUKRAINERESIGN-26,office_exit|resign|volodymyr_zelenskyy|year:2025,office_exit,uma_risk_exposed,525157,Zelensky resigns in 2025?,0,Yes,74129046843921940913413587682588886122583847748489066762857187137233978267670,False,binary_yes_token_price,KXUKRAINERESIGN-26,"Will Volodymyr Zelenskyy resign before Jan 1, 2026?",Before 2026,639799.279247,639799.279247,0.24,0.24,0.0,2025-03-18 01:00:07-07:00,2025-03-18 03:16:05.809490-07:00,0.88,deterministic_contract_key
mineral_rights,2025-03-24,2025-03-24,2025_03_18_open_0500_PT,2025-03-18 12:00:00+00:00,2025-03-18 05:00:00-07:00,2025-03-18,-6,0,policy_action|create|national_bitcoin_reserve|united_states|year:2025|516937|83894672511259544049673946661753374355328822374216474995072428966535091173758|KXBTCRESERVE-26-JAN01,policy_action|create|national_bitcoin_reserve|united_states|year:2025,policy_action,uma_risk_exposed,516937,US national Bitcoin reserve in 2025?,0,Yes,83894672511259544049673946661753374355328822374216474995072428966535091173758,False,binary_yes_token_price,KXBTCRESERVE-26-JAN01,"Will Trump create a National Bitcoin Reserve before Jan 1, 2026?","Before Jan 1, 2026",5526758.797978,5526758.797978,0.75,0.5,0.25,2025-03-18 04:52:10-07:00,2025-03-18 04:22:06.611287-07:00,0.78,deterministic_contract_key
mineral_rights,2025-03-24,2025-03-24,2025_03_18_open_0500_PT,2025-03-18 12:00:00+00:00,2025-03-18 05:00:00-07:00,2025-03-18,-6,0,policy_action|eliminate|department_of_education|united_states|year:2025|523188|60661165588332286306443081468695135979348107944620337686282849990456442563142|KXDOED-26-JAN01,policy_action|eliminate|department_of_education|united_states|year:2025,policy_action,uma_risk_exposed,523188,Will Trump end Department of Education in 2025?,0,Yes,60661165588332286306443081468695135979348107944620337686282849990456442563142,False,binary_yes_token_price,KXDOED-26-JAN01,"Will the Department of Education be eliminated before Jan 1, 2026?","Before Jan 1, 2026",900396.416301,900396.416301,0.24,0.23,0.009999999999999981,2025-03-18 04:01:26-07:00,2025-03-18 01:31:24.674329-07:00,0.78,deterministic_contract_key
mineral_rights,2025-03-24,2025-03-24,2025_03_18_open_0500_PT,2025-03-18 12:00:00+00:00,2025-03-18 05:00:00-07:00,2025-03-18,-6,0,policy_action|pass_law|strategic_bitcoin_reserve_act|texas|year:2025|518901|108694680056826771513727361737568313266027710115630595991317876664602548455545|KXTEXASBTC-26,policy_action|pass_law|strategic_bitcoin_reserve_act|texas|year:2025,policy_action,uma_risk_exposed,518901,Texas Strategic Bitcoin Reserve Act (H.B. 1598) signed in 2025?,0,Yes,108694680056826771513727361737568313266027710115630595991317876664602548455545,False,binary_yes_token_price,KXTEXASBTC-26,Will the Texas Strategic Bitcoin Reserve Act become law before 2026?,Before 2026,214638.028966,214638.028966,0.68,0.7,-0.019999999999999907,2025-03-16 02:05:48-07:00,2025-03-18 03:05:21.958795-07:00,0.8,deterministic_contract_key
mineral_rights,2025-03-24,2025-03-24,2025_03_18_open_0500_PT,2025-03-18 12:00:00+00:00,2025-03-18 05:00:00-07:00,2025-03-18,-6,0,policy_action|start|recession|united_states|year:2025|516710|104173557214744537570424345347209544585775842950109756851652855913015295701992|RECSSNBER-25,policy_action|start|recession|united_states|year:2025,policy_action,uma_risk_exposed,516710,US recession in 2025?,0,Yes,104173557214744537570424345347209544585775842950109756851652855913015295701992,False,binary_yes_token_price,RECSSNBER-25,Will there be a recession in 2025?,Starts,11734512.428529,11734512.428529,0.4,0.4,0.0,2025-03-18 04:46:02-07:00,2025-03-18 03:48:18.749348-07:00,0.78,deterministic_contract_key
mineral_rights,2025-03-24,2025-03-24,2025_03_18_close_1700_PT,2025-03-19 00:00:00+00:00,2025-03-18 17:00:00-07:00,2025-03-18,-6,0,election|win_most_seats|conservative_party|canada_federal|year:2025|2025|517585|13613076726717814638495632178711195398447760389342275247699985009794802626720|KXCANADAPARTY-C,election|win_most_seats|conservative_party|canada_federal|year:2025|2025,election,uma_risk_exposed,517585,Will the Conservative Party win the most seats in the next Canadian election?,0,Yes,13613076726717814638495632178711195398447760389342275247699985009794802626720,False,binary_yes_token_price,KXCANADAPARTY-C,Will the Conservative party win the most seats in the 2025 Canadian House of Commons election?,Conservative party,3398500.815959,3398500.815959,0.53,0.48,0.050000000000000044,2025-03-18 16:51:24-07:00,2025-03-18 14:05:48.251087-07:00,0.78,deterministic_contract_key
mineral_rights,2025-03-24,2025-03-24,2025_03_18_close_1700_PT,2025-03-19 00:00:00+00:00,2025-03-18 17:00:00-07:00,2025-03-18,-6,0,election|win_most_seats|liberal_party|canada_federal|year:2025|2025|517586|97369614101217511684993615789719226906296227283714425485701044468625942166745|KXCANADAPARTY-L,election|win_most_seats|liberal_party|canada_federal|year:2025|2025,election,uma_risk_exposed,517586,Will the Liberal Party win the most seats in the next Canadian election?,0,Yes,97369614101217511684993615789719226906296227283714425485701044468625942166745,False,binary_yes_token_price,KXCANADAPARTY-L,Will the Liberal party win the most seats in the 2025 Canadian House of Commons election?,Liberal party,5152025.201466,5152025.201466,0.463,0.52,-0.056999999999999995,2025-03-18 16:59:56-07:00,2025-03-18 11:08:31.030277-07:00,0.78,deterministic_contract_key
mineral_rights,2025-03-24,2025-03-24,2025_03_18_close_1700_PT,2025-03-19 00:00:00+00:00,2025-03-18 17:00:00-07:00,2025-03-18,-6,0,election|win_most_seats|peoples_party|canada_federal|year:2025|2025|517590|35924832551646767782758424953354849643043645213249703917795372244091393088355|KXCANADAPARTY-P,election|win_most_seats|peoples_party|canada_federal|year:2025|2025,election,uma_risk_exposed,517590,Will the People's party win the most seats in the next Canadian election?,0,Yes,35924832551646767782758424953354849643043645213249703917795372244091393088355,False,binary_yes_token_price,KXCANADAPARTY-P,Will the People's party win the most seats in the 2025 Canadian House of Commons election?,People's party,1139787.923504,1139787.923504,0.001,0.01,-0.009000000000000001,2025-03-18 16:43:30-07:00,2024-11-24 04:37:11.979961-08:00,0.78,deterministic_contract_key
mineral_rights,2025-03-24,2025-03-24,2025_03_18_close_1700_PT,2025-03-19 00:00:00+00:00,2025-03-18 17:00:00-07:00,2025-03-18,-6,0,election|win|daniel_noboa|ecuadorian_presidential|year:2025|2025|514172|78529201497074592652635694767108128464886305064134175900444209409569043565924|KXPRESECUADOR25-DN,election|win|daniel_noboa|ecuadorian_presidential|year:2025|2025,election,uma_risk_exposed,514172,Will Daniel Noboa win the 2025 Ecuadorian Presidential Election? ,0,Yes,78529201497074592652635694767108128464886305064134175900444209409569043565924,False,binary_yes_token_price,KXPRESECUADOR25-DN,Will Daniel Noboa win the 2025 Ecuadorian presidential election?,Daniel Noboa,1360386.018944,1360386.018944,0.49,0.56,-0.07000000000000006,2025-03-18 14:50:28-07:00,2025-03-18 14:20:41.825230-07:00,0.78,deterministic_contract_key
mineral_rights,2025-03-24,2025-03-24,2025_03_18_close_1700_PT,2025-03-19 00:00:00+00:00,2025-03-18 17:00:00-07:00,2025-03-18,-6,0,election|win|luisa_gonz_lez|ecuadorian_presidential|year:2025|2025|514181|31462369160152841995177527804912923307710608138814696727701585015260363916969|KXPRESECUADOR25-LG,election|win|luisa_gonz_lez|ecuadorian_presidential|year:2025|2025,election,uma_risk_exposed,514181,Will Luisa González win the 2025 Ecuadorian Presidential Election? ,0,Yes,31462369160152841995177527804912923307710608138814696727701585015260363916969,False,binary_yes_token_price,KXPRESECUADOR25-LG,Will Luisa González win the 2025 Ecuadorian presidential election?,Luisa González,1274030.578608,1274030.578608,0.5,0.47,0.030000000000000027,2025-03-18 16:22:40-07:00,2025-03-18 09:42:12.676500-07:00,0.78,deterministic_contract_key
mineral_rights,2025-03-24,2025-03-24,2025_03_18_close_1700_PT,2025-03-19 00:00:00+00:00,2025-03-18 17:00:00-07:00,2025-03-18,-6,0,office_exit|leave_office|jerome_powell|year:2025|520930|44446628319261786751896876365833910598445252343588252409740203088317210950410|LEAVEPOWELL-25-DEC31,office_exit|leave_office|jerome_powell|year:2025,office_exit,uma_risk_exposed,520930,Jerome Powell out as Fed Chair in 2025?,0,Yes,44446628319261786751896876365833910598445252343588252409740203088317210950410,False,binary_yes_token_price,LEAVEPOWELL-25-DEC31,Powell leaves before 2026?,Before 2026,11760101.336012,11760101.336012,0.16,0.19,-0.03,2025-03-18 16:25:56-07:00,2025-03-18 10:19:59.502843-07:00,0.88,deterministic_contract_key
mineral_rights,2025-03-24,2025-03-24,2025_03_18_close_1700_PT,2025-03-19 00:00:00+00:00,2025-03-18 17:00:00-07:00,2025-03-18,-6,0,office_exit|resign|volodymyr_zelenskyy|year:2025|525157|74129046843921940913413587682588886122583847748489066762857187137233978267670|KXUKRAINERESIGN-26,office_exit|resign|volodymyr_zelenskyy|year:2025,office_exit,uma_risk_exposed,525157,Zelensky resigns in 2025?,0,Yes,74129046843921940913413587682588886122583847748489066762857187137233978267670,False,binary_yes_token_price,KXUKRAINERESIGN-26,"Will Volodymyr Zelenskyy resign before Jan 1, 2026?",Before 2026,639799.279247,639799.279247,0.2599999927199999,0.22,0.039999992719999905,2025-03-18 14:48:16-07:00,2025-03-18 14:03:30.608474-07:00,0.88,deterministic_contract_key
mineral_rights,2025-03-24,2025-03-24,2025_03_18_close_1700_PT,2025-03-19 00:00:00+00:00,2025-03-18 17:00:00-07:00,2025-03-18,-6,0,policy_action|create|national_bitcoin_reserve|united_states|year:2025|516937|83894672511259544049673946661753374355328822374216474995072428966535091173758|KXBTCRESERVE-26-JAN01,policy_action|create|national_bitcoin_reserve|united_states|year:2025,policy_action,uma_risk_exposed,516937,US national Bitcoin reserve in 2025?,0,Yes,83894672511259544049673946661753374355328822374216474995072428966535091173758,False,binary_yes_token_price,KXBTCRESERVE-26-JAN01,"Will Trump create a National Bitcoin Reserve before Jan 1, 2026?","Before Jan 1, 2026",5526758.797978,5526758.797978,0.74,0.5,0.24,2025-03-18 16:16:52-07:00,2025-03-18 13:55:17.741607-07:00,0.78,deterministic_contract_key
mineral_rights,2025-03-24,2025-03-24,2025_03_18_close_1700_PT,2025-03-19 00:00:00+00:00,2025-03-18 17:00:00-07:00,2025-03-18,-6,0,policy_action|eliminate|department_of_education|united_states|year:2025|523188|60661165588332286306443081468695135979348107944620337686282849990456442563142|KXDOED-26-JAN01,policy_action|eliminate|department_of_education|united_states|year:2025,policy_action,uma_risk_exposed,523188,Will Trump end Department of Education in 2025?,0,Yes,60661165588332286306443081468695135979348107944620337686282849990456442563142,False,binary_yes_token_price,KXDOED-26-JAN01,"Will the Department of Education be eliminated before Jan 1, 2026?","Before Jan 1, 2026",900396.416301,900396.416301,0.2399999673599979,0.19,0.0499999673599979,2025-03-18 08:18:34-07:00,2025-03-18 16:03:36.330313-07:00,0.78,deterministic_contract_key
mineral_rights,2025-03-24,2025-03-24,2025_03_18_close_1700_PT,2025-03-19 00:00:00+00:00,2025-03-18 17:00:00-07:00,2025-03-18,-6,0,policy_action|pass_law|strategic_bitcoin_reserve_act|texas|year:2025|518901|108694680056826771513727361737568313266027710115630595991317876664602548455545|KXTEXASBTC-26,policy_action|pass_law|strategic_bitcoin_reserve_act|texas|year:2025,policy_action,uma_risk_exposed,518901,Texas Strategic Bitcoin Reserve Act (H.B. 1598) signed in 2025?,0,Yes,108694680056826771513727361737568313266027710115630595991317876664602548455545,False,binary_yes_token_price,KXTEXASBTC-26,Will the Texas Strategic Bitcoin Reserve Act become law before 2026?,Before 2026,214638.028966,214638.028966,0.68,0.69,-0.009999999999999898,2025-03-16 02:05:48-07:00,2025-03-18 12:42:36.329013-07:00,0.8,deterministic_contract_key
mineral_rights,2025-03-24,2025-03-24,2025_03_18_close_1700_PT,2025-03-19 00:00:00+00:00,2025-03-18 17:00:00-07:00,2025-03-18,-6,0,policy_action|start|recession|united_states|year:2025|516710|104173557214744537570424345347209544585775842950109756851652855913015295701992|RECSSNBER-25,policy_action|start|recession|united_states|year:2025,policy_action,uma_risk_exposed,516710,US recession in 2025?,0,Yes,104173557214744537570424345347209544585775842950109756851652855913015295701992,False,binary_yes_token_price,RECSSNBER-25,Will there be a recession in 2025?,Starts,11734512.428529,11734512.428529,0.40999999688399996,0.39,0.01999999688399995,2025-03-18 16:47:26-07:00,2025-03-18 14:25:34.620442-07:00,0.78,deterministic_contract_key
mineral_rights,2025-03-24,2025-03-24,2025_03_19_open_0500_PT,2025-03-19 12:00:00+00:00,2025-03-19 05:00:00-07:00,2025-03-19,-5,0,election|win_most_seats|conservative_party|canada_federal|year:2025|2025|517585|13613076726717814638495632178711195398447760389342275247699985009794802626720|KXCANADAPARTY-C,election|win_most_seats|conservative_party|canada_federal|year:2025|2025,election,uma_risk_exposed,517585,Will the Conservative Party win the most seats in the next Canadian election?,0,Yes,13613076726717814638495632178711195398447760389342275247699985009794802626720,False,binary_yes_token_price,KXCANADAPARTY-C,Will the Conservative party win the most seats in the 2025 Canadian House of Commons election?,Conservative party,3398500.815959,3398500.815959,0.5100000006630582,0.46,0.05000000066305815,2025-03-19 04:57:02-07:00,2025-03-19 04:36:22.488395-07:00,0.78,deterministic_contract_key
mineral_rights,2025-03-24,2025-03-24,2025_03_19_open_0500_PT,2025-03-19 12:00:00+00:00,2025-03-19 05:00:00-07:00,2025-03-19,-5,0,election|win_most_seats|liberal_party|canada_federal|year:2025|2025|517586|97369614101217511684993615789719226906296227283714425485701044468625942166745|KXCANADAPARTY-L,election|win_most_seats|liberal_party|canada_federal|year:2025|2025,election,uma_risk_exposed,517586,Will the Liberal Party win the most seats in the next Canadian election?,0,Yes,97369614101217511684993615789719226906296227283714425485701044468625942166745,False,binary_yes_token_price,KXCANADAPARTY-L,Will the Liberal party win the most seats in the 2025 Canadian House of Commons election?,Liberal party,5152025.201466,5152025.201466,0.485,0.54,-0.05500000000000005,2025-03-19 04:56:14-07:00,2025-03-19 04:36:23.048510-07:00,0.78,deterministic_contract_key
mineral_rights,2025-03-24,2025-03-24,2025_03_19_open_0500_PT,2025-03-19 12:00:00+00:00,2025-03-19 05:00:00-07:00,2025-03-19,-5,0,election|win_most_seats|peoples_party|canada_federal|year:2025|2025|517590|35924832551646767782758424953354849643043645213249703917795372244091393088355|KXCANADAPARTY-P,election|win_most_seats|peoples_party|canada_federal|year:2025|2025,election,uma_risk_exposed,517590,Will the People's party win the most seats in the next Canadian election?,0,Yes,35924832551646767782758424953354849643043645213249703917795372244091393088355,False,binary_yes_token_price,KXCANADAPARTY-P,Will the People's party win the most seats in the 2025 Canadian House of Commons election?,People's party,1139787.923504,1139787.923504,0.001,0.01,-0.009000000000000001,2025-03-19 03:43:23-07:00,2024-11-24 04:37:11.979961-08:00,0.78,deterministic_contract_key
mineral_rights,2025-03-24,2025-03-24,2025_03_19_open_0500_PT,2025-03-19 12:00:00+00:00,2025-03-19 05:00:00-07:00,2025-03-19,-5,0,election|win|daniel_noboa|ecuadorian_presidential|year:2025|2025|514172|78529201497074592652635694767108128464886305064134175900444209409569043565924|KXPRESECUADOR25-DN,election|win|daniel_noboa|ecuadorian_presidential|year:2025|2025,election,uma_risk_exposed,514172,Will Daniel Noboa win the 2025 Ecuadorian Presidential Election? ,0,Yes,78529201497074592652635694767108128464886305064134175900444209409569043565924,False,binary_yes_token_price,KXPRESECUADOR25-DN,Will Daniel Noboa win the 2025 Ecuadorian presidential election?,Daniel Noboa,1360386.018944,1360386.018944,0.47,0.4,0.06999999999999995,2025-03-19 02:53:12-07:00,2025-03-19 04:31:35.988177-07:00,0.78,deterministic_contract_key
mineral_rights,2025-03-24,2025-03-24,2025_03_19_open_0500_PT,2025-03-19 12:00:00+00:00,2025-03-19 05:00:00-07:00,2025-03-19,-5,0,election|win|luisa_gonz_lez|ecuadorian_presidential|year:2025|2025|514181|31462369160152841995177527804912923307710608138814696727701585015260363916969|KXPRESECUADOR25-LG,election|win|luisa_gonz_lez|ecuadorian_presidential|year:2025|2025,election,uma_risk_exposed,514181,Will Luisa González win the 2025 Ecuadorian Presidential Election? ,0,Yes,31462369160152841995177527804912923307710608138814696727701585015260363916969,False,binary_yes_token_price,KXPRESECUADOR25-LG,Will Luisa González win the 2025 Ecuadorian presidential election?,Luisa González,1274030.578608,1274030.578608,0.52,0.47,0.050000000000000044,2025-03-19 03:32:04-07:00,2025-03-18 09:42:12.676500-07:00,0.78,deterministic_contract_key
mineral_rights,2025-03-24,2025-03-24,2025_03_19_open_0500_PT,2025-03-19 12:00:00+00:00,2025-03-19 05:00:00-07:00,2025-03-19,-5,0,office_exit|leave_office|jerome_powell|year:2025|520930|44446628319261786751896876365833910598445252343588252409740203088317210950410|LEAVEPOWELL-25-DEC31,office_exit|leave_office|jerome_powell|year:2025,office_exit,uma_risk_exposed,520930,Jerome Powell out as Fed Chair in 2025?,0,Yes,44446628319261786751896876365833910598445252343588252409740203088317210950410,False,binary_yes_token_price,LEAVEPOWELL-25-DEC31,Powell leaves before 2026?,Before 2026,11760101.336012,11760101.336012,0.16,0.17,-0.010000000000000009,2025-03-18 16:25:56-07:00,2025-03-19 03:18:18.928931-07:00,0.88,deterministic_contract_key
mineral_rights,2025-03-24,2025-03-24,2025_03_19_open_0500_PT,2025-03-19 12:00:00+00:00,2025-03-19 05:00:00-07:00,2025-03-19,-5,0,office_exit|resign|volodymyr_zelenskyy|year:2025|525157|74129046843921940913413587682588886122583847748489066762857187137233978267670|KXUKRAINERESIGN-26,office_exit|resign|volodymyr_zelenskyy|year:2025,office_exit,uma_risk_exposed,525157,Zelensky resigns in 2025?,0,Yes,74129046843921940913413587682588886122583847748489066762857187137233978267670,False,binary_yes_token_price,KXUKRAINERESIGN-26,"Will Volodymyr Zelenskyy resign before Jan 1, 2026?",Before 2026,639799.279247,639799.279247,0.25,0.21,0.04000000000000001,2025-03-19 04:55:28-07:00,2025-03-18 23:39:15.552698-07:00,0.88,deterministic_contract_key
mineral_rights,2025-03-24,2025-03-24,2025_03_19_open_0500_PT,2025-03-19 12:00:00+00:00,2025-03-19 05:00:00-07:00,2025-03-19,-5,0,policy_action|create|national_bitcoin_reserve|united_states|year:2025|516937|83894672511259544049673946661753374355328822374216474995072428966535091173758|KXBTCRESERVE-26-JAN01,policy_action|create|national_bitcoin_reserve|united_states|year:2025,policy_action,uma_risk_exposed,516937,US national Bitcoin reserve in 2025?,0,Yes,83894672511259544049673946661753374355328822374216474995072428966535091173758,False,binary_yes_token_price,KXBTCRESERVE-26-JAN01,"Will Trump create a National Bitcoin Reserve before Jan 1, 2026?","Before Jan 1, 2026",5526758.797978,5526758.797978,0.74,0.52,0.21999999999999997,2025-03-19 03:19:42-07:00,2025-03-19 04:57:52.489163-07:00,0.78,deterministic_contract_key
mineral_rights,2025-03-24,2025-03-24,2025_03_19_open_0500_PT,2025-03-19 12:00:00+00:00,2025-03-19 05:00:00-07:00,2025-03-19,-5,0,policy_action|eliminate|department_of_education|united_states|year:2025|523188|60661165588332286306443081468695135979348107944620337686282849990456442563142|KXDOED-26-JAN01,policy_action|eliminate|department_of_education|united_states|year:2025,policy_action,uma_risk_exposed,523188,Will Trump end Department of Education in 2025?,0,Yes,60661165588332286306443081468695135979348107944620337686282849990456442563142,False,binary_yes_token_price,KXDOED-26-JAN01,"Will the Department of Education be eliminated before Jan 1, 2026?","Before Jan 1, 2026",900396.416301,900396.416301,0.23,0.19,0.04000000000000001,2025-03-18 23:15:40-07:00,2025-03-19 04:51:19.944004-07:00,0.78,deterministic_contract_key
mineral_rights,2025-03-24,2025-03-24,2025_03_19_open_0500_PT,2025-03-19 12:00:00+00:00,2025-03-19 05:00:00-07:00,2025-03-19,-5,0,policy_action|pass_law|strategic_bitcoin_reserve_act|texas|year:2025|518901|108694680056826771513727361737568313266027710115630595991317876664602548455545|KXTEXASBTC-26,policy_action|pass_law|strategic_bitcoin_reserve_act|texas|year:2025,policy_action,uma_risk_exposed,518901,Texas Strategic Bitcoin Reserve Act (H.B. 1598) signed in 2025?,0,Yes,108694680056826771513727361737568313266027710115630595991317876664602548455545,False,binary_yes_token_price,KXTEXASBTC-26,Will the Texas Strategic Bitcoin Reserve Act become law before 2026?,Before 2026,214638.028966,214638.028966,0.68,0.69,-0.009999999999999898,2025-03-16 02:05:48-07:00,2025-03-18 12:42:36.329013-07:00,0.8,deterministic_contract_key
mineral_rights,2025-03-24,2025-03-24,2025_03_19_open_0500_PT,2025-03-19 12:00:00+00:00,2025-03-19 05:00:00-07:00,2025-03-19,-5,0,policy_action|start|recession|united_states|year:2025|516710|104173557214744537570424345347209544585775842950109756851652855913015295701992|RECSSNBER-25,policy_action|start|recession|united_states|year:2025,policy_action,uma_risk_exposed,516710,US recession in 2025?,0,Yes,104173557214744537570424345347209544585775842950109756851652855913015295701992,False,binary_yes_token_price,RECSSNBER-25,Will there be a recession in 2025?,Starts,11734512.428529,11734512.428529,0.4,0.38,0.020000000000000018,2025-03-19 04:54:52-07:00,2025-03-19 04:55:12.898964-07:00,0.78,deterministic_contract_key
mineral_rights,2025-03-24,2025-03-24,2025_03_19_close_1700_PT,2025-03-20 00:00:00+00:00,2025-03-19 17:00:00-07:00,2025-03-19,-5,0,election|win_most_seats|conservative_party|canada_federal|year:2025|2025|517585|13613076726717814638495632178711195398447760389342275247699985009794802626720|KXCANADAPARTY-C,election|win_most_seats|conservative_party|canada_federal|year:2025|2025,election,uma_risk_exposed,517585,Will the Conservative Party win the most seats in the next Canadian election?,0,Yes,13613076726717814638495632178711195398447760389342275247699985009794802626720,False,binary_yes_token_price,KXCANADAPARTY-C,Will the Conservative party win the most seats in the 2025 Canadian House of Commons election?,Conservative party,3398500.815959,3398500.815959,0.47,0.45,0.019999999999999962,2025-03-19 16:54:01-07:00,2025-03-19 12:50:22.597428-07:00,0.78,deterministic_contract_key
mineral_rights,2025-03-24,2025-03-24,2025_03_19_close_1700_PT,2025-03-20 00:00:00+00:00,2025-03-19 17:00:00-07:00,2025-03-19,-5,0,election|win_most_seats|liberal_party|canada_federal|year:2025|2025|517586|97369614101217511684993615789719226906296227283714425485701044468625942166745|KXCANADAPARTY-L,election|win_most_seats|liberal_party|canada_federal|year:2025|2025,election,uma_risk_exposed,517586,Will the Liberal Party win the most seats in the next Canadian election?,0,Yes,97369614101217511684993615789719226906296227283714425485701044468625942166745,False,binary_yes_token_price,KXCANADAPARTY-L,Will the Liberal party win the most seats in the 2025 Canadian House of Commons election?,Liberal party,5152025.201466,5152025.201466,0.526,0.55,-0.02400000000000002,2025-03-19 16:54:21-07:00,2025-03-19 12:50:22.829835-07:00,0.78,deterministic_contract_key
mineral_rights,2025-03-24,2025-03-24,2025_03_19_close_1700_PT,2025-03-20 00:00:00+00:00,2025-03-19 17:00:00-07:00,2025-03-19,-5,0,election|win_most_seats|livre|portugal_parliament|year:2025|2025|528688|52751046452229649713496016650084639987245509474072726014183432115433475908011|KXPORTUGALPARTY-25-LIVRE,election|win_most_seats|livre|portugal_parliament|year:2025|2025,election,uma_risk_exposed,528688,Will Livre win the most seats in the 2025 Portuguese legislative election?,0,Yes,52751046452229649713496016650084639987245509474072726014183432115433475908011,False,binary_yes_token_price,KXPORTUGALPARTY-25-LIVRE,Will LIVRE win the most seats in the Portuguese general election?,LIVRE,330488.439275,330488.439275,0.003,0.01,-0.007,2025-03-19 15:08:03-07:00,2025-03-19 11:14:39.712081-07:00,0.78,deterministic_contract_key
mineral_rights,2025-03-24,2025-03-24,2025_03_19_close_1700_PT,2025-03-20 00:00:00+00:00,2025-03-19 17:00:00-07:00,2025-03-19,-5,0,election|win_most_seats|peoples_party|canada_federal|year:2025|2025|517590|35924832551646767782758424953354849643043645213249703917795372244091393088355|KXCANADAPARTY-P,election|win_most_seats|peoples_party|canada_federal|year:2025|2025,election,uma_risk_exposed,517590,Will the People's party win the most seats in the next Canadian election?,0,Yes,35924832551646767782758424953354849643043645213249703917795372244091393088355,False,binary_yes_token_price,KXCANADAPARTY-P,Will the People's party win the most seats in the 2025 Canadian House of Commons election?,People's party,1139787.923504,1139787.923504,0.001,0.01,-0.009000000000000001,2025-03-19 15:53:25-07:00,2024-11-24 04:37:11.979961-08:00,0.78,deterministic_contract_key
mineral_rights,2025-03-24,2025-03-24,2025_03_19_close_1700_PT,2025-03-20 00:00:00+00:00,2025-03-19 17:00:00-07:00,2025-03-19,-5,0,election|win|daniel_noboa|ecuadorian_presidential|year:2025|2025|514172|78529201497074592652635694767108128464886305064134175900444209409569043565924|KXPRESECUADOR25-DN,election|win|daniel_noboa|ecuadorian_presidential|year:2025|2025,election,uma_risk_exposed,514172,Will Daniel Noboa win the 2025 Ecuadorian Presidential Election? ,0,Yes,78529201497074592652635694767108128464886305064134175900444209409569043565924,False,binary_yes_token_price,KXPRESECUADOR25-DN,Will Daniel Noboa win the 2025 Ecuadorian presidential election?,Daniel Noboa,1360386.018944,1360386.018944,0.48,0.52,-0.040000000000000036,2025-03-19 14:02:51-07:00,2025-03-19 14:26:12.530499-07:00,0.78,deterministic_contract_key
mineral_rights,2025-03-24,2025-03-24,2025_03_19_close_1700_PT,2025-03-20 00:00:00+00:00,2025-03-19 17:00:00-07:00,2025-03-19,-5,0,election|win|luisa_gonz_lez|ecuadorian_presidential|year:2025|2025|514181|31462369160152841995177527804912923307710608138814696727701585015260363916969|KXPRESECUADOR25-LG,election|win|luisa_gonz_lez|ecuadorian_presidential|year:2025|2025,election,uma_risk_exposed,514181,Will Luisa González win the 2025 Ecuadorian Presidential Election? ,0,Yes,31462369160152841995177527804912923307710608138814696727701585015260363916969,False,binary_yes_token_price,KXPRESECUADOR25-LG,Will Luisa González win the 2025 Ecuadorian presidential election?,Luisa González,1274030.578608,1274030.578608,0.54,0.47,0.07000000000000006,2025-03-19 10:44:16-07:00,2025-03-18 09:42:12.676500-07:00,0.78,deterministic_contract_key
mineral_rights,2025-03-24,2025-03-24,2025_03_19_close_1700_PT,2025-03-20 00:00:00+00:00,2025-03-19 17:00:00-07:00,2025-03-19,-5,0,office_exit|leave_office|jerome_powell|year:2025|520930|44446628319261786751896876365833910598445252343588252409740203088317210950410|LEAVEPOWELL-25-DEC31,office_exit|leave_office|jerome_powell|year:2025,office_exit,uma_risk_exposed,520930,Jerome Powell out as Fed Chair in 2025?,0,Yes,44446628319261786751896876365833910598445252343588252409740203088317210950410,False,binary_yes_token_price,LEAVEPOWELL-25-DEC31,Powell leaves before 2026?,Before 2026,11760101.336012,11760101.336012,0.16,0.15,0.010000000000000009,2025-03-19 15:32:59-07:00,2025-03-19 13:39:21.876487-07:00,0.88,deterministic_contract_key
mineral_rights,2025-03-24,2025-03-24,2025_03_19_close_1700_PT,2025-03-20 00:00:00+00:00,2025-03-19 17:00:00-07:00,2025-03-19,-5,0,office_exit|resign|volodymyr_zelenskyy|year:2025|525157|74129046843921940913413587682588886122583847748489066762857187137233978267670|KXUKRAINERESIGN-26,office_exit|resign|volodymyr_zelenskyy|year:2025,office_exit,uma_risk_exposed,525157,Zelensky resigns in 2025?,0,Yes,74129046843921940913413587682588886122583847748489066762857187137233978267670,False,binary_yes_token_price,KXUKRAINERESIGN-26,"Will Volodymyr Zelenskyy resign before Jan 1, 2026?",Before 2026,639799.279247,639799.279247,0.2551885456885457,0.24,0.015188545688545718,2025-03-19 16:39:27-07:00,2025-03-19 16:05:23.485782-07:00,0.88,deterministic_contract_key
mineral_rights,2025-03-24,2025-03-24,2025_03_19_close_1700_PT,2025-03-20 00:00:00+00:00,2025-03-19 17:00:00-07:00,2025-03-19,-5,0,policy_action|create|national_bitcoin_reserve|united_states|year:2025|516937|83894672511259544049673946661753374355328822374216474995072428966535091173758|KXBTCRESERVE-26-JAN01,policy_action|create|national_bitcoin_reserve|united_states|year:2025,policy_action,uma_risk_exposed,516937,US national Bitcoin reserve in 2025?,0,Yes,83894672511259544049673946661753374355328822374216474995072428966535091173758,False,binary_yes_token_price,KXBTCRESERVE-26-JAN01,"Will Trump create a National Bitcoin Reserve before Jan 1, 2026?","Before Jan 1, 2026",5526758.797978,5526758.797978,0.76,0.54,0.21999999999999997,2025-03-19 16:12:29-07:00,2025-03-19 15:36:39.380481-07:00,0.78,deterministic_contract_key
mineral_rights,2025-03-24,2025-03-24,2025_03_19_close_1700_PT,2025-03-20 00:00:00+00:00,2025-03-19 17:00:00-07:00,2025-03-19,-5,0,policy_action|eliminate|department_of_education|united_states|year:2025|523188|60661165588332286306443081468695135979348107944620337686282849990456442563142|KXDOED-26-JAN01,policy_action|eliminate|department_of_education|united_states|year:2025,policy_action,uma_risk_exposed,523188,Will Trump end Department of Education in 2025?,0,Yes,60661165588332286306443081468695135979348107944620337686282849990456442563142,False,binary_yes_token_price,KXDOED-26-JAN01,"Will the Department of Education be eliminated before Jan 1, 2026?","Before Jan 1, 2026",900396.416301,900396.416301,0.34,0.29,0.050000000000000044,2025-03-19 16:32:47-07:00,2025-03-19 16:57:55.286895-07:00,0.78,deterministic_contract_key
mineral_rights,2025-03-24,2025-03-24,2025_03_19_close_1700_PT,2025-03-20 00:00:00+00:00,2025-03-19 17:00:00-07:00,2025-03-19,-5,0,policy_action|pass_law|strategic_bitcoin_reserve_act|texas|year:2025|518901|108694680056826771513727361737568313266027710115630595991317876664602548455545|KXTEXASBTC-26,policy_action|pass_law|strategic_bitcoin_reserve_act|texas|year:2025,policy_action,uma_risk_exposed,518901,Texas Strategic Bitcoin Reserve Act (H.B. 1598) signed in 2025?,0,Yes,108694680056826771513727361737568313266027710115630595991317876664602548455545,False,binary_yes_token_price,KXTEXASBTC-26,Will the Texas Strategic Bitcoin Reserve Act become law before 2026?,Before 2026,214638.028966,214638.028966,0.68,0.7,-0.019999999999999907,2025-03-16 02:05:48-07:00,2025-03-19 10:03:32.028166-07:00,0.8,deterministic_contract_key
mineral_rights,2025-03-24,2025-03-24,2025_03_19_close_1700_PT,2025-03-20 00:00:00+00:00,2025-03-19 17:00:00-07:00,2025-03-19,-5,0,policy_action|start|recession|united_states|year:2025|516710|104173557214744537570424345347209544585775842950109756851652855913015295701992|RECSSNBER-25,policy_action|start|recession|united_states|year:2025,policy_action,uma_risk_exposed,516710,US recession in 2025?,0,Yes,104173557214744537570424345347209544585775842950109756851652855913015295701992,False,binary_yes_token_price,RECSSNBER-25,Will there be a recession in 2025?,Starts,11734512.428529,11734512.428529,0.33,0.38,-0.04999999999999999,2025-03-19 16:13:07-07:00,2025-03-19 13:35:52.848326-07:00,0.78,deterministic_contract_key
mineral_rights,2025-03-24,2025-03-24,2025_03_20_open_0500_PT,2025-03-20 12:00:00+00:00,2025-03-20 05:00:00-07:00,2025-03-20,-4,0,election|win_most_seats|conservative_party|canada_federal|year:2025|2025|517585|13613076726717814638495632178711195398447760389342275247699985009794802626720|KXCANADAPARTY-C,election|win_most_seats|conservative_party|canada_federal|year:2025|2025,election,uma_risk_exposed,517585,Will the Conservative Party win the most seats in the next Canadian election?,0,Yes,13613076726717814638495632178711195398447760389342275247699985009794802626720,False,binary_yes_token_price,KXCANADAPARTY-C,Will the Conservative party win the most seats in the 2025 Canadian House of Commons election?,Conservative party,3398500.815959,3398500.815959,0.43,0.41,0.020000000000000018,2025-03-20 00:33:19-07:00,2025-03-20 02:54:38.608587-07:00,0.78,deterministic_contract_key
mineral_rights,2025-03-24,2025-03-24,2025_03_20_open_0500_PT,2025-03-20 12:00:00+00:00,2025-03-20 05:00:00-07:00,2025-03-20,-4,0,election|win_most_seats|liberal_party|canada_federal|year:2025|2025|517586|97369614101217511684993615789719226906296227283714425485701044468625942166745|KXCANADAPARTY-L,election|win_most_seats|liberal_party|canada_federal|year:2025|2025,election,uma_risk_exposed,517586,Will the Liberal Party win the most seats in the next Canadian election?,0,Yes,97369614101217511684993615789719226906296227283714425485701044468625942166745,False,binary_yes_token_price,KXCANADAPARTY-L,Will the Liberal party win the most seats in the 2025 Canadian House of Commons election?,Liberal party,5152025.201466,5152025.201466,0.5659998707558332,0.59,-0.024000129244166724,2025-03-20 04:44:42-07:00,2025-03-20 04:55:45.431939-07:00,0.78,deterministic_contract_key
mineral_rights,2025-03-24,2025-03-24,2025_03_20_open_0500_PT,2025-03-20 12:00:00+00:00,2025-03-20 05:00:00-07:00,2025-03-20,-4,0,election|win_most_seats|livre|portugal_parliament|year:2025|2025|528688|52751046452229649713496016650084639987245509474072726014183432115433475908011|KXPORTUGALPARTY-25-LIVRE,election|win_most_seats|livre|portugal_parliament|year:2025|2025,election,uma_risk_exposed,528688,Will Livre win the most seats in the 2025 Portuguese legislative election?,0,Yes,52751046452229649713496016650084639987245509474072726014183432115433475908011,False,binary_yes_token_price,KXPORTUGALPARTY-25-LIVRE,Will LIVRE win the most seats in the Portuguese general election?,LIVRE,330488.439275,330488.439275,0.003,0.01,-0.007,2025-03-20 03:28:31-07:00,2025-03-19 11:14:39.712081-07:00,0.78,deterministic_contract_key
mineral_rights,2025-03-24,2025-03-24,2025_03_20_open_0500_PT,2025-03-20 12:00:00+00:00,2025-03-20 05:00:00-07:00,2025-03-20,-4,0,election|win_most_seats|peoples_party|canada_federal|year:2025|2025|517590|35924832551646767782758424953354849643043645213249703917795372244091393088355|KXCANADAPARTY-P,election|win_most_seats|peoples_party|canada_federal|year:2025|2025,election,uma_risk_exposed,517590,Will the People's party win the most seats in the next Canadian election?,0,Yes,35924832551646767782758424953354849643043645213249703917795372244091393088355,False,binary_yes_token_price,KXCANADAPARTY-P,Will the People's party win the most seats in the 2025 Canadian House of Commons election?,People's party,1139787.923504,1139787.923504,0.001,0.01,-0.009000000000000001,2025-03-19 20:08:57-07:00,2024-11-24 04:37:11.979961-08:00,0.78,deterministic_contract_key
mineral_rights,2025-03-24,2025-03-24,2025_03_20_open_0500_PT,2025-03-20 12:00:00+00:00,2025-03-20 05:00:00-07:00,2025-03-20,-4,0,election|win|daniel_noboa|ecuadorian_presidential|year:2025|2025|514172|78529201497074592652635694767108128464886305064134175900444209409569043565924|KXPRESECUADOR25-DN,election|win|daniel_noboa|ecuadorian_presidential|year:2025|2025,election,uma_risk_exposed,514172,Will Daniel Noboa win the 2025 Ecuadorian Presidential Election? ,0,Yes,78529201497074592652635694767108128464886305064134175900444209409569043565924,False,binary_yes_token_price,KXPRESECUADOR25-DN,Will Daniel Noboa win the 2025 Ecuadorian presidential election?,Daniel Noboa,1360386.018944,1360386.018944,0.45,0.54,-0.09000000000000002,2025-03-20 03:05:21-07:00,2025-03-20 03:55:21.516050-07:00,0.78,deterministic_contract_key
mineral_rights,2025-03-24,2025-03-24,2025_03_20_open_0500_PT,2025-03-20 12:00:00+00:00,2025-03-20 05:00:00-07:00,2025-03-20,-4,0,election|win|luisa_gonz_lez|ecuadorian_presidential|year:2025|2025|514181|31462369160152841995177527804912923307710608138814696727701585015260363916969|KXPRESECUADOR25-LG,election|win|luisa_gonz_lez|ecuadorian_presidential|year:2025|2025,election,uma_risk_exposed,514181,Will Luisa González win the 2025 Ecuadorian Presidential Election? ,0,Yes,31462369160152841995177527804912923307710608138814696727701585015260363916969,False,binary_yes_token_price,KXPRESECUADOR25-LG,Will Luisa González win the 2025 Ecuadorian presidential election?,Luisa González,1274030.578608,1274030.578608,0.5299998780999061,0.49,0.03999987809990613,2025-03-20 02:19:41-07:00,2025-03-20 03:55:21.776914-07:00,0.78,deterministic_contract_key
mineral_rights,2025-03-24,2025-03-24,2025_03_20_open_0500_PT,2025-03-20 12:00:00+00:00,2025-03-20 05:00:00-07:00,2025-03-20,-4,0,office_exit|leave_office|jerome_powell|year:2025|520930|44446628319261786751896876365833910598445252343588252409740203088317210950410|LEAVEPOWELL-25-DEC31,office_exit|leave_office|jerome_powell|year:2025,office_exit,uma_risk_exposed,520930,Jerome Powell out as Fed Chair in 2025?,0,Yes,44446628319261786751896876365833910598445252343588252409740203088317210950410,False,binary_yes_token_price,LEAVEPOWELL-25-DEC31,Powell leaves before 2026?,Before 2026,11760101.336012,11760101.336012,0.16999988609996242,0.19,-0.020000113900037586,2025-03-19 19:50:27-07:00,2025-03-20 01:22:54.610174-07:00,0.88,deterministic_contract_key
mineral_rights,2025-03-24,2025-03-24,2025_03_20_open_0500_PT,2025-03-20 12:00:00+00:00,2025-03-20 05:00:00-07:00,2025-03-20,-4,0,office_exit|resign|volodymyr_zelenskyy|year:2025|525157|74129046843921940913413587682588886122583847748489066762857187137233978267670|KXUKRAINERESIGN-26,office_exit|resign|volodymyr_zelenskyy|year:2025,office_exit,uma_risk_exposed,525157,Zelensky resigns in 2025?,0,Yes,74129046843921940913413587682588886122583847748489066762857187137233978267670,False,binary_yes_token_price,KXUKRAINERESIGN-26,"Will Volodymyr Zelenskyy resign before Jan 1, 2026?",Before 2026,639799.279247,639799.279247,0.2551885456885457,0.24,0.015188545688545718,2025-03-19 16:39:27-07:00,2025-03-20 01:57:14.474209-07:00,0.88,deterministic_contract_key
mineral_rights,2025-03-24,2025-03-24,2025_03_20_open_0500_PT,2025-03-20 12:00:00+00:00,2025-03-20 05:00:00-07:00,2025-03-20,-4,0,policy_action|create|national_bitcoin_reserve|united_states|year:2025|516937|83894672511259544049673946661753374355328822374216474995072428966535091173758|KXBTCRESERVE-26-JAN01,policy_action|create|national_bitcoin_reserve|united_states|year:2025,policy_action,uma_risk_exposed,516937,US national Bitcoin reserve in 2025?,0,Yes,83894672511259544049673946661753374355328822374216474995072428966535091173758,False,binary_yes_token_price,KXBTCRESERVE-26-JAN01,"Will Trump create a National Bitcoin Reserve before Jan 1, 2026?","Before Jan 1, 2026",5526758.797978,5526758.797978,0.7699999993,0.54,0.22999999929999992,2025-03-20 03:37:13-07:00,2025-03-20 04:16:18.843720-07:00,0.78,deterministic_contract_key
mineral_rights,2025-03-24,2025-03-24,2025_03_20_open_0500_PT,2025-03-20 12:00:00+00:00,2025-03-20 05:00:00-07:00,2025-03-20,-4,0,policy_action|eliminate|department_of_education|united_states|year:2025|523188|60661165588332286306443081468695135979348107944620337686282849990456442563142|KXDOED-26-JAN01,policy_action|eliminate|department_of_education|united_states|year:2025,policy_action,uma_risk_exposed,523188,Will Trump end Department of Education in 2025?,0,Yes,60661165588332286306443081468695135979348107944620337686282849990456442563142,False,binary_yes_token_price,KXDOED-26-JAN01,"Will the Department of Education be eliminated before Jan 1, 2026?","Before Jan 1, 2026",900396.416301,900396.416301,0.33,0.29,0.040000000000000036,2025-03-20 04:51:22-07:00,2025-03-20 04:59:05.628944-07:00,0.78,deterministic_contract_key
mineral_rights,2025-03-24,2025-03-24,2025_03_20_open_0500_PT,2025-03-20 12:00:00+00:00,2025-03-20 05:00:00-07:00,2025-03-20,-4,0,policy_action|pass_law|strategic_bitcoin_reserve_act|texas|year:2025|518901|108694680056826771513727361737568313266027710115630595991317876664602548455545|KXTEXASBTC-26,policy_action|pass_law|strategic_bitcoin_reserve_act|texas|year:2025,policy_action,uma_risk_exposed,518901,Texas Strategic Bitcoin Reserve Act (H.B. 1598) signed in 2025?,0,Yes,108694680056826771513727361737568313266027710115630595991317876664602548455545,False,binary_yes_token_price,KXTEXASBTC-26,Will the Texas Strategic Bitcoin Reserve Act become law before 2026?,Before 2026,214638.028966,214638.028966,0.68,0.7,-0.019999999999999907,2025-03-16 02:05:48-07:00,2025-03-19 10:03:32.028166-07:00,0.8,deterministic_contract_key
mineral_rights,2025-03-24,2025-03-24,2025_03_20_open_0500_PT,2025-03-20 12:00:00+00:00,2025-03-20 05:00:00-07:00,2025-03-20,-4,0,policy_action|start|recession|united_states|year:2025|516710|104173557214744537570424345347209544585775842950109756851652855913015295701992|RECSSNBER-25,policy_action|start|recession|united_states|year:2025,policy_action,uma_risk_exposed,516710,US recession in 2025?,0,Yes,104173557214744537570424345347209544585775842950109756851652855913015295701992,False,binary_yes_token_price,RECSSNBER-25,Will there be a recession in 2025?,Starts,11734512.428529,11734512.428529,0.33,0.37,-0.03999999999999998,2025-03-20 04:39:16-07:00,2025-03-20 03:39:28.347034-07:00,0.78,deterministic_contract_key
mineral_rights,2025-03-24,2025-03-24,2025_03_20_close_1700_PT,2025-03-21 00:00:00+00:00,2025-03-20 17:00:00-07:00,2025-03-20,-4,0,election|win_most_seats|conservative_party|canada_federal|year:2025|2025|517585|13613076726717814638495632178711195398447760389342275247699985009794802626720|KXCANADAPARTY-C,election|win_most_seats|conservative_party|canada_federal|year:2025|2025,election,uma_risk_exposed,517585,Will the Conservative Party win the most seats in the next Canadian election?,0,Yes,13613076726717814638495632178711195398447760389342275247699985009794802626720,False,binary_yes_token_price,KXCANADAPARTY-C,Will the Conservative party win the most seats in the 2025 Canadian House of Commons election?,Conservative party,3398500.815959,3398500.815959,0.44,0.4,0.03999999999999998,2025-03-20 16:47:25-07:00,2025-03-20 14:09:53.652690-07:00,0.78,deterministic_contract_key
mineral_rights,2025-03-24,2025-03-24,2025_03_20_close_1700_PT,2025-03-21 00:00:00+00:00,2025-03-20 17:00:00-07:00,2025-03-20,-4,0,election|win_most_seats|liberal_party|canada_federal|year:2025|2025|517586|97369614101217511684993615789719226906296227283714425485701044468625942166745|KXCANADAPARTY-L,election|win_most_seats|liberal_party|canada_federal|year:2025|2025,election,uma_risk_exposed,517586,Will the Liberal Party win the most seats in the next Canadian election?,0,Yes,97369614101217511684993615789719226906296227283714425485701044468625942166745,False,binary_yes_token_price,KXCANADAPARTY-L,Will the Liberal party win the most seats in the 2025 Canadian House of Commons election?,Liberal party,5152025.201466,5152025.201466,0.5571392909962802,0.6,-0.042860709003719744,2025-03-20 16:47:41-07:00,2025-03-20 13:09:07.916845-07:00,0.78,deterministic_contract_key
mineral_rights,2025-03-24,2025-03-24,2025_03_20_close_1700_PT,2025-03-21 00:00:00+00:00,2025-03-20 17:00:00-07:00,2025-03-20,-4,0,election|win_most_seats|livre|portugal_parliament|year:2025|2025|528688|52751046452229649713496016650084639987245509474072726014183432115433475908011|KXPORTUGALPARTY-25-LIVRE,election|win_most_seats|livre|portugal_parliament|year:2025|2025,election,uma_risk_exposed,528688,Will Livre win the most seats in the 2025 Portuguese legislative election?,0,Yes,52751046452229649713496016650084639987245509474072726014183432115433475908011,False,binary_yes_token_price,KXPORTUGALPARTY-25-LIVRE,Will LIVRE win the most seats in the Portuguese general election?,LIVRE,330488.439275,330488.439275,0.003,0.01,-0.007,2025-03-20 12:00:29-07:00,2025-03-19 11:14:39.712081-07:00,0.78,deterministic_contract_key
mineral_rights,2025-03-24,2025-03-24,2025_03_20_close_1700_PT,2025-03-21 00:00:00+00:00,2025-03-20 17:00:00-07:00,2025-03-20,-4,0,election|win_most_seats|peoples_party|canada_federal|year:2025|2025|517590|35924832551646767782758424953354849643043645213249703917795372244091393088355|KXCANADAPARTY-P,election|win_most_seats|peoples_party|canada_federal|year:2025|2025,election,uma_risk_exposed,517590,Will the People's party win the most seats in the next Canadian election?,0,Yes,35924832551646767782758424953354849643043645213249703917795372244091393088355,False,binary_yes_token_price,KXCANADAPARTY-P,Will the People's party win the most seats in the 2025 Canadian House of Commons election?,People's party,1139787.923504,1139787.923504,0.001,0.01,-0.009000000000000001,2025-03-20 11:56:19-07:00,2024-11-24 04:37:11.979961-08:00,0.78,deterministic_contract_key
mineral_rights,2025-03-24,2025-03-24,2025_03_20_close_1700_PT,2025-03-21 00:00:00+00:00,2025-03-20 17:00:00-07:00,2025-03-20,-4,0,election|win|daniel_noboa|ecuadorian_presidential|year:2025|2025|514172|78529201497074592652635694767108128464886305064134175900444209409569043565924|KXPRESECUADOR25-DN,election|win|daniel_noboa|ecuadorian_presidential|year:2025|2025,election,uma_risk_exposed,514172,Will Daniel Noboa win the 2025 Ecuadorian Presidential Election? ,0,Yes,78529201497074592652635694767108128464886305064134175900444209409569043565924,False,binary_yes_token_price,KXPRESECUADOR25-DN,Will Daniel Noboa win the 2025 Ecuadorian presidential election?,Daniel Noboa,1360386.018944,1360386.018944,0.47,0.51,-0.040000000000000036,2025-03-20 15:31:03-07:00,2025-03-20 12:31:09.520291-07:00,0.78,deterministic_contract_key
mineral_rights,2025-03-24,2025-03-24,2025_03_20_close_1700_PT,2025-03-21 00:00:00+00:00,2025-03-20 17:00:00-07:00,2025-03-20,-4,0,election|win|luisa_gonz_lez|ecuadorian_presidential|year:2025|2025|514181|31462369160152841995177527804912923307710608138814696727701585015260363916969|KXPRESECUADOR25-LG,election|win|luisa_gonz_lez|ecuadorian_presidential|year:2025|2025,election,uma_risk_exposed,514181,Will Luisa González win the 2025 Ecuadorian Presidential Election? ,0,Yes,31462369160152841995177527804912923307710608138814696727701585015260363916969,False,binary_yes_token_price,KXPRESECUADOR25-LG,Will Luisa González win the 2025 Ecuadorian presidential election?,Luisa González,1274030.578608,1274030.578608,0.51,0.49,0.020000000000000018,2025-03-20 12:08:33-07:00,2025-03-20 03:55:21.776914-07:00,0.78,deterministic_contract_key
mineral_rights,2025-03-24,2025-03-24,2025_03_20_close_1700_PT,2025-03-21 00:00:00+00:00,2025-03-20 17:00:00-07:00,2025-03-20,-4,0,office_exit|leave_office|jerome_powell|year:2025|520930|44446628319261786751896876365833910598445252343588252409740203088317210950410|LEAVEPOWELL-25-DEC31,office_exit|leave_office|jerome_powell|year:2025,office_exit,uma_risk_exposed,520930,Jerome Powell out as Fed Chair in 2025?,0,Yes,44446628319261786751896876365833910598445252343588252409740203088317210950410,False,binary_yes_token_price,LEAVEPOWELL-25-DEC31,Powell leaves before 2026?,Before 2026,11760101.336012,11760101.336012,0.15,0.19,-0.04000000000000001,2025-03-20 13:30:09-07:00,2025-03-20 01:22:54.610174-07:00,0.88,deterministic_contract_key
mineral_rights,2025-03-24,2025-03-24,2025_03_20_close_1700_PT,2025-03-21 00:00:00+00:00,2025-03-20 17:00:00-07:00,2025-03-20,-4,0,office_exit|resign|volodymyr_zelenskyy|year:2025|525157|74129046843921940913413587682588886122583847748489066762857187137233978267670|KXUKRAINERESIGN-26,office_exit|resign|volodymyr_zelenskyy|year:2025,office_exit,uma_risk_exposed,525157,Zelensky resigns in 2025?,0,Yes,74129046843921940913413587682588886122583847748489066762857187137233978267670,False,binary_yes_token_price,KXUKRAINERESIGN-26,"Will Volodymyr Zelenskyy resign before Jan 1, 2026?",Before 2026,639799.279247,639799.279247,0.25,0.24,0.010000000000000009,2025-03-20 14:50:41-07:00,2025-03-20 01:57:14.474209-07:00,0.88,deterministic_contract_key
mineral_rights,2025-03-24,2025-03-24,2025_03_20_close_1700_PT,2025-03-21 00:00:00+00:00,2025-03-20 17:00:00-07:00,2025-03-20,-4,0,policy_action|create|national_bitcoin_reserve|united_states|year:2025|516937|83894672511259544049673946661753374355328822374216474995072428966535091173758|KXBTCRESERVE-26-JAN01,policy_action|create|national_bitcoin_reserve|united_states|year:2025,policy_action,uma_risk_exposed,516937,US national Bitcoin reserve in 2025?,0,Yes,83894672511259544049673946661753374355328822374216474995072428966535091173758,False,binary_yes_token_price,KXBTCRESERVE-26-JAN01,"Will Trump create a National Bitcoin Reserve before Jan 1, 2026?","Before Jan 1, 2026",5526758.797978,5526758.797978,0.74,0.52,0.21999999999999997,2025-03-20 13:59:19-07:00,2025-03-20 15:00:18.324462-07:00,0.78,deterministic_contract_key
mineral_rights,2025-03-24,2025-03-24,2025_03_20_close_1700_PT,2025-03-21 00:00:00+00:00,2025-03-20 17:00:00-07:00,2025-03-20,-4,0,policy_action|eliminate|department_of_education|united_states|year:2025|523188|60661165588332286306443081468695135979348107944620337686282849990456442563142|KXDOED-26-JAN01,policy_action|eliminate|department_of_education|united_states|year:2025,policy_action,uma_risk_exposed,523188,Will Trump end Department of Education in 2025?,0,Yes,60661165588332286306443081468695135979348107944620337686282849990456442563142,False,binary_yes_token_price,KXDOED-26-JAN01,"Will the Department of Education be eliminated before Jan 1, 2026?","Before Jan 1, 2026",900396.416301,900396.416301,0.24,0.21,0.03,2025-03-20 16:41:51-07:00,2025-03-20 16:50:07.266793-07:00,0.78,deterministic_contract_key
mineral_rights,2025-03-24,2025-03-24,2025_03_20_close_1700_PT,2025-03-21 00:00:00+00:00,2025-03-20 17:00:00-07:00,2025-03-20,-4,0,policy_action|pass_law|strategic_bitcoin_reserve_act|texas|year:2025|518901|108694680056826771513727361737568313266027710115630595991317876664602548455545|KXTEXASBTC-26,policy_action|pass_law|strategic_bitcoin_reserve_act|texas|year:2025,policy_action,uma_risk_exposed,518901,Texas Strategic Bitcoin Reserve Act (H.B. 1598) signed in 2025?,0,Yes,108694680056826771513727361737568313266027710115630595991317876664602548455545,False,binary_yes_token_price,KXTEXASBTC-26,Will the Texas Strategic Bitcoin Reserve Act become law before 2026?,Before 2026,214638.028966,214638.028966,0.68,0.75,-0.06999999999999995,2025-03-16 02:05:48-07:00,2025-03-20 12:59:36.947428-07:00,0.8,deterministic_contract_key
mineral_rights,2025-03-24,2025-03-24,2025_03_20_close_1700_PT,2025-03-21 00:00:00+00:00,2025-03-20 17:00:00-07:00,2025-03-20,-4,0,policy_action|start|recession|united_states|year:2025|516710|104173557214744537570424345347209544585775842950109756851652855913015295701992|RECSSNBER-25,policy_action|start|recession|united_states|year:2025,policy_action,uma_risk_exposed,516710,US recession in 2025?,0,Yes,104173557214744537570424345347209544585775842950109756851652855913015295701992,False,binary_yes_token_price,RECSSNBER-25,Will there be a recession in 2025?,Starts,11734512.428529,11734512.428529,0.35,0.36,-0.010000000000000009,2025-03-20 16:22:07-07:00,2025-03-20 13:14:20.128690-07:00,0.78,deterministic_contract_key
mineral_rights,2025-03-24,2025-03-24,2025_03_21_open_0500_PT,2025-03-21 12:00:00+00:00,2025-03-21 05:00:00-07:00,2025-03-21,-3,0,election|win_most_seats|conservative_party|canada_federal|year:2025|2025|517585|13613076726717814638495632178711195398447760389342275247699985009794802626720|KXCANADAPARTY-C,election|win_most_seats|conservative_party|canada_federal|year:2025|2025,election,uma_risk_exposed,517585,Will the Conservative Party win the most seats in the next Canadian election?,0,Yes,13613076726717814638495632178711195398447760389342275247699985009794802626720,False,binary_yes_token_price,KXCANADAPARTY-C,Will the Conservative party win the most seats in the 2025 Canadian House of Commons election?,Conservative party,3398500.815959,3398500.815959,0.44999999212499975,0.4,0.049999992124999726,2025-03-21 04:27:33-07:00,2025-03-21 00:29:06.297605-07:00,0.78,deterministic_contract_key
mineral_rights,2025-03-24,2025-03-24,2025_03_21_open_0500_PT,2025-03-21 12:00:00+00:00,2025-03-21 05:00:00-07:00,2025-03-21,-3,0,election|win_most_seats|liberal_party|canada_federal|year:2025|2025|517586|97369614101217511684993615789719226906296227283714425485701044468625942166745|KXCANADAPARTY-L,election|win_most_seats|liberal_party|canada_federal|year:2025|2025,election,uma_risk_exposed,517586,Will the Liberal Party win the most seats in the next Canadian election?,0,Yes,97369614101217511684993615789719226906296227283714425485701044468625942166745,False,binary_yes_token_price,KXCANADAPARTY-L,Will the Liberal party win the most seats in the 2025 Canadian House of Commons election?,Liberal party,5152025.201466,5152025.201466,0.559,0.6,-0.040999999999999925,2025-03-21 04:50:57-07:00,2025-03-20 13:09:07.916845-07:00,0.78,deterministic_contract_key
mineral_rights,2025-03-24,2025-03-24,2025_03_21_open_0500_PT,2025-03-21 12:00:00+00:00,2025-03-21 05:00:00-07:00,2025-03-21,-3,0,election|win_most_seats|livre|portugal_parliament|year:2025|2025|528688|52751046452229649713496016650084639987245509474072726014183432115433475908011|KXPORTUGALPARTY-25-LIVRE,election|win_most_seats|livre|portugal_parliament|year:2025|2025,election,uma_risk_exposed,528688,Will Livre win the most seats in the 2025 Portuguese legislative election?,0,Yes,52751046452229649713496016650084639987245509474072726014183432115433475908011,False,binary_yes_token_price,KXPORTUGALPARTY-25-LIVRE,Will LIVRE win the most seats in the Portuguese general election?,LIVRE,330488.439275,330488.439275,0.003,0.01,-0.007,2025-03-20 12:00:29-07:00,2025-03-19 11:14:39.712081-07:00,0.78,deterministic_contract_key
mineral_rights,2025-03-24,2025-03-24,2025_03_21_open_0500_PT,2025-03-21 12:00:00+00:00,2025-03-21 05:00:00-07:00,2025-03-21,-3,0,election|win_most_seats|peoples_party|canada_federal|year:2025|2025|517590|35924832551646767782758424953354849643043645213249703917795372244091393088355|KXCANADAPARTY-P,election|win_most_seats|peoples_party|canada_federal|year:2025|2025,election,uma_risk_exposed,517590,Will the People's party win the most seats in the next Canadian election?,0,Yes,35924832551646767782758424953354849643043645213249703917795372244091393088355,False,binary_yes_token_price,KXCANADAPARTY-P,Will the People's party win the most seats in the 2025 Canadian House of Commons election?,People's party,1139787.923504,1139787.923504,0.001,0.01,-0.009000000000000001,2025-03-20 23:02:49-07:00,2024-11-24 04:37:11.979961-08:00,0.78,deterministic_contract_key
mineral_rights,2025-03-24,2025-03-24,2025_03_21_open_0500_PT,2025-03-21 12:00:00+00:00,2025-03-21 05:00:00-07:00,2025-03-21,-3,0,election|win|daniel_noboa|ecuadorian_presidential|year:2025|2025|514172|78529201497074592652635694767108128464886305064134175900444209409569043565924|KXPRESECUADOR25-DN,election|win|daniel_noboa|ecuadorian_presidential|year:2025|2025,election,uma_risk_exposed,514172,Will Daniel Noboa win the 2025 Ecuadorian Presidential Election? ,0,Yes,78529201497074592652635694767108128464886305064134175900444209409569043565924,False,binary_yes_token_price,KXPRESECUADOR25-DN,Will Daniel Noboa win the 2025 Ecuadorian presidential election?,Daniel Noboa,1360386.018944,1360386.018944,0.47,0.51,-0.040000000000000036,2025-03-21 04:10:49-07:00,2025-03-20 12:31:09.520291-07:00,0.78,deterministic_contract_key
mineral_rights,2025-03-24,2025-03-24,2025_03_21_open_0500_PT,2025-03-21 12:00:00+00:00,2025-03-21 05:00:00-07:00,2025-03-21,-3,0,election|win|luisa_gonz_lez|ecuadorian_presidential|year:2025|2025|514181|31462369160152841995177527804912923307710608138814696727701585015260363916969|KXPRESECUADOR25-LG,election|win|luisa_gonz_lez|ecuadorian_presidential|year:2025|2025,election,uma_risk_exposed,514181,Will Luisa González win the 2025 Ecuadorian Presidential Election? ,0,Yes,31462369160152841995177527804912923307710608138814696727701585015260363916969,False,binary_yes_token_price,KXPRESECUADOR25-LG,Will Luisa González win the 2025 Ecuadorian presidential election?,Luisa González,1274030.578608,1274030.578608,0.5199999826666644,0.49,0.02999998266666437,2025-03-20 22:25:31-07:00,2025-03-20 03:55:21.776914-07:00,0.78,deterministic_contract_key
mineral_rights,2025-03-24,2025-03-24,2025_03_21_open_0500_PT,2025-03-21 12:00:00+00:00,2025-03-21 05:00:00-07:00,2025-03-21,-3,0,office_exit|leave_office|jerome_powell|year:2025|520930|44446628319261786751896876365833910598445252343588252409740203088317210950410|LEAVEPOWELL-25-DEC31,office_exit|leave_office|jerome_powell|year:2025,office_exit,uma_risk_exposed,520930,Jerome Powell out as Fed Chair in 2025?,0,Yes,44446628319261786751896876365833910598445252343588252409740203088317210950410,False,binary_yes_token_price,LEAVEPOWELL-25-DEC31,Powell leaves before 2026?,Before 2026,11760101.336012,11760101.336012,0.15,0.19,-0.04000000000000001,2025-03-20 13:30:09-07:00,2025-03-20 01:22:54.610174-07:00,0.88,deterministic_contract_key
mineral_rights,2025-03-24,2025-03-24,2025_03_21_open_0500_PT,2025-03-21 12:00:00+00:00,2025-03-21 05:00:00-07:00,2025-03-21,-3,0,office_exit|resign|volodymyr_zelenskyy|year:2025|525157|74129046843921940913413587682588886122583847748489066762857187137233978267670|KXUKRAINERESIGN-26,office_exit|resign|volodymyr_zelenskyy|year:2025,office_exit,uma_risk_exposed,525157,Zelensky resigns in 2025?,0,Yes,74129046843921940913413587682588886122583847748489066762857187137233978267670,False,binary_yes_token_price,KXUKRAINERESIGN-26,"Will Volodymyr Zelenskyy resign before Jan 1, 2026?",Before 2026,639799.279247,639799.279247,0.25,0.24,0.010000000000000009,2025-03-20 14:50:41-07:00,2025-03-20 01:57:14.474209-07:00,0.88,deterministic_contract_key
mineral_rights,2025-03-24,2025-03-24,2025_03_21_open_0500_PT,2025-03-21 12:00:00+00:00,2025-03-21 05:00:00-07:00,2025-03-21,-3,0,policy_action|create|national_bitcoin_reserve|united_states|year:2025|516937|83894672511259544049673946661753374355328822374216474995072428966535091173758|KXBTCRESERVE-26-JAN01,policy_action|create|national_bitcoin_reserve|united_states|year:2025,policy_action,uma_risk_exposed,516937,US national Bitcoin reserve in 2025?,0,Yes,83894672511259544049673946661753374355328822374216474995072428966535091173758,False,binary_yes_token_price,KXBTCRESERVE-26-JAN01,"Will Trump create a National Bitcoin Reserve before Jan 1, 2026?","Before Jan 1, 2026",5526758.797978,5526758.797978,0.72,0.51,0.20999999999999996,2025-03-21 04:52:17-07:00,2025-03-21 03:52:43.832703-07:00,0.78,deterministic_contract_key
mineral_rights,2025-03-24,2025-03-24,2025_03_21_open_0500_PT,2025-03-21 12:00:00+00:00,2025-03-21 05:00:00-07:00,2025-03-21,-3,0,policy_action|eliminate|department_of_education|united_states|year:2025|523188|60661165588332286306443081468695135979348107944620337686282849990456442563142|KXDOED-26-JAN01,policy_action|eliminate|department_of_education|united_states|year:2025,policy_action,uma_risk_exposed,523188,Will Trump end Department of Education in 2025?,0,Yes,60661165588332286306443081468695135979348107944620337686282849990456442563142,False,binary_yes_token_price,KXDOED-26-JAN01,"Will the Department of Education be eliminated before Jan 1, 2026?","Before Jan 1, 2026",900396.416301,900396.416301,0.18,0.2,-0.020000000000000018,2025-03-21 04:37:07-07:00,2025-03-21 04:30:51.762773-07:00,0.78,deterministic_contract_key
mineral_rights,2025-03-24,2025-03-24,2025_03_21_open_0500_PT,2025-03-21 12:00:00+00:00,2025-03-21 05:00:00-07:00,2025-03-21,-3,0,policy_action|pass_law|strategic_bitcoin_reserve_act|texas|year:2025|518901|108694680056826771513727361737568313266027710115630595991317876664602548455545|KXTEXASBTC-26,policy_action|pass_law|strategic_bitcoin_reserve_act|texas|year:2025,policy_action,uma_risk_exposed,518901,Texas Strategic Bitcoin Reserve Act (H.B. 1598) signed in 2025?,0,Yes,108694680056826771513727361737568313266027710115630595991317876664602548455545,False,binary_yes_token_price,KXTEXASBTC-26,Will the Texas Strategic Bitcoin Reserve Act become law before 2026?,Before 2026,214638.028966,214638.028966,0.7,0.75,-0.050000000000000044,2025-03-20 19:59:37-07:00,2025-03-21 01:43:17.470059-07:00,0.8,deterministic_contract_key
mineral_rights,2025-03-24,2025-03-24,2025_03_21_open_0500_PT,2025-03-21 12:00:00+00:00,2025-03-21 05:00:00-07:00,2025-03-21,-3,0,policy_action|start|recession|united_states|year:2025|516710|104173557214744537570424345347209544585775842950109756851652855913015295701992|RECSSNBER-25,policy_action|start|recession|united_states|year:2025,policy_action,uma_risk_exposed,516710,US recession in 2025?,0,Yes,104173557214744537570424345347209544585775842950109756851652855913015295701992,False,binary_yes_token_price,RECSSNBER-25,Will there be a recession in 2025?,Starts,11734512.428529,11734512.428529,0.3399999911599998,0.36,-0.020000008840000194,2025-03-21 04:33:03-07:00,2025-03-20 13:14:20.128690-07:00,0.78,deterministic_contract_key
mineral_rights,2025-03-24,2025-03-24,2025_03_21_close_1700_PT,2025-03-22 00:00:00+00:00,2025-03-21 17:00:00-07:00,2025-03-21,-3,0,election|win_most_seats|conservative_party|canada_federal|year:2025|2025|517585|13613076726717814638495632178711195398447760389342275247699985009794802626720|KXCANADAPARTY-C,election|win_most_seats|conservative_party|canada_federal|year:2025|2025,election,uma_risk_exposed,517585,Will the Conservative Party win the most seats in the next Canadian election?,0,Yes,13613076726717814638495632178711195398447760389342275247699985009794802626720,False,binary_yes_token_price,KXCANADAPARTY-C,Will the Conservative party win the most seats in the 2025 Canadian House of Commons election?,Conservative party,3398500.815959,3398500.815959,0.43,0.41,0.020000000000000018,2025-03-21 16:27:56-07:00,2025-03-21 09:30:25.287024-07:00,0.78,deterministic_contract_key
mineral_rights,2025-03-24,2025-03-24,2025_03_21_close_1700_PT,2025-03-22 00:00:00+00:00,2025-03-21 17:00:00-07:00,2025-03-21,-3,0,election|win_most_seats|liberal_party|canada_federal|year:2025|2025|517586|97369614101217511684993615789719226906296227283714425485701044468625942166745|KXCANADAPARTY-L,election|win_most_seats|liberal_party|canada_federal|year:2025|2025,election,uma_risk_exposed,517586,Will the Liberal Party win the most seats in the next Canadian election?,0,Yes,97369614101217511684993615789719226906296227283714425485701044468625942166745,False,binary_yes_token_price,KXCANADAPARTY-L,Will the Liberal party win the most seats in the 2025 Canadian House of Commons election?,Liberal party,5152025.201466,5152025.201466,0.554,0.59,-0.03599999999999992,2025-03-21 16:38:12-07:00,2025-03-21 15:46:58.840126-07:00,0.78,deterministic_contract_key
mineral_rights,2025-03-24,2025-03-24,2025_03_21_close_1700_PT,2025-03-22 00:00:00+00:00,2025-03-21 17:00:00-07:00,2025-03-21,-3,0,election|win_most_seats|livre|portugal_parliament|year:2025|2025|528688|52751046452229649713496016650084639987245509474072726014183432115433475908011|KXPORTUGALPARTY-25-LIVRE,election|win_most_seats|livre|portugal_parliament|year:2025|2025,election,uma_risk_exposed,528688,Will Livre win the most seats in the 2025 Portuguese legislative election?,0,Yes,52751046452229649713496016650084639987245509474072726014183432115433475908011,False,binary_yes_token_price,KXPORTUGALPARTY-25-LIVRE,Will LIVRE win the most seats in the Portuguese general election?,LIVRE,330488.439275,330488.439275,0.004,0.01,-0.006,2025-03-21 09:29:31-07:00,2025-03-19 11:14:39.712081-07:00,0.78,deterministic_contract_key
mineral_rights,2025-03-24,2025-03-24,2025_03_21_close_1700_PT,2025-03-22 00:00:00+00:00,2025-03-21 17:00:00-07:00,2025-03-21,-3,0,election|win_most_seats|peoples_party|canada_federal|year:2025|2025|517590|35924832551646767782758424953354849643043645213249703917795372244091393088355|KXCANADAPARTY-P,election|win_most_seats|peoples_party|canada_federal|year:2025|2025,election,uma_risk_exposed,517590,Will the People's party win the most seats in the next Canadian election?,0,Yes,35924832551646767782758424953354849643043645213249703917795372244091393088355,False,binary_yes_token_price,KXCANADAPARTY-P,Will the People's party win the most seats in the 2025 Canadian House of Commons election?,People's party,1139787.923504,1139787.923504,0.001,0.01,-0.009000000000000001,2025-03-21 16:10:40-07:00,2024-11-24 04:37:11.979961-08:00,0.78,deterministic_contract_key
mineral_rights,2025-03-24,2025-03-24,2025_03_21_close_1700_PT,2025-03-22 00:00:00+00:00,2025-03-21 17:00:00-07:00,2025-03-21,-3,0,election|win|daniel_noboa|ecuadorian_presidential|year:2025|2025|514172|78529201497074592652635694767108128464886305064134175900444209409569043565924|KXPRESECUADOR25-DN,election|win|daniel_noboa|ecuadorian_presidential|year:2025|2025,election,uma_risk_exposed,514172,Will Daniel Noboa win the 2025 Ecuadorian Presidential Election? ,0,Yes,78529201497074592652635694767108128464886305064134175900444209409569043565924,False,binary_yes_token_price,KXPRESECUADOR25-DN,Will Daniel Noboa win the 2025 Ecuadorian presidential election?,Daniel Noboa,1360386.018944,1360386.018944,0.47,0.52,-0.050000000000000044,2025-03-21 15:05:36-07:00,2025-03-21 12:13:58.529873-07:00,0.78,deterministic_contract_key
mineral_rights,2025-03-24,2025-03-24,2025_03_21_close_1700_PT,2025-03-22 00:00:00+00:00,2025-03-21 17:00:00-07:00,2025-03-21,-3,0,election|win|luisa_gonz_lez|ecuadorian_presidential|year:2025|2025|514181|31462369160152841995177527804912923307710608138814696727701585015260363916969|KXPRESECUADOR25-LG,election|win|luisa_gonz_lez|ecuadorian_presidential|year:2025|2025,election,uma_risk_exposed,514181,Will Luisa González win the 2025 Ecuadorian Presidential Election? ,0,Yes,31462369160152841995177527804912923307710608138814696727701585015260363916969,False,binary_yes_token_price,KXPRESECUADOR25-LG,Will Luisa González win the 2025 Ecuadorian presidential election?,Luisa González,1274030.578608,1274030.578608,0.51,0.54,-0.030000000000000027,2025-03-21 16:28:14-07:00,2025-03-21 13:52:22.743989-07:00,0.78,deterministic_contract_key
mineral_rights,2025-03-24,2025-03-24,2025_03_21_close_1700_PT,2025-03-22 00:00:00+00:00,2025-03-21 17:00:00-07:00,2025-03-21,-3,0,office_exit|leave_office|jerome_powell|year:2025|520930|44446628319261786751896876365833910598445252343588252409740203088317210950410|LEAVEPOWELL-25-DEC31,office_exit|leave_office|jerome_powell|year:2025,office_exit,uma_risk_exposed,520930,Jerome Powell out as Fed Chair in 2025?,0,Yes,44446628319261786751896876365833910598445252343588252409740203088317210950410,False,binary_yes_token_price,LEAVEPOWELL-25-DEC31,Powell leaves before 2026?,Before 2026,11760101.336012,11760101.336012,0.15,0.19,-0.04000000000000001,2025-03-20 13:30:09-07:00,2025-03-20 01:22:54.610174-07:00,0.88,deterministic_contract_key
mineral_rights,2025-03-24,2025-03-24,2025_03_21_close_1700_PT,2025-03-22 00:00:00+00:00,2025-03-21 17:00:00-07:00,2025-03-21,-3,0,office_exit|resign|volodymyr_zelenskyy|year:2025|525157|74129046843921940913413587682588886122583847748489066762857187137233978267670|KXUKRAINERESIGN-26,office_exit|resign|volodymyr_zelenskyy|year:2025,office_exit,uma_risk_exposed,525157,Zelensky resigns in 2025?,0,Yes,74129046843921940913413587682588886122583847748489066762857187137233978267670,False,binary_yes_token_price,KXUKRAINERESIGN-26,"Will Volodymyr Zelenskyy resign before Jan 1, 2026?",Before 2026,639799.279247,639799.279247,0.25,0.24,0.010000000000000009,2025-03-20 14:50:41-07:00,2025-03-21 14:41:34.324739-07:00,0.88,deterministic_contract_key
mineral_rights,2025-03-24,2025-03-24,2025_03_21_close_1700_PT,2025-03-22 00:00:00+00:00,2025-03-21 17:00:00-07:00,2025-03-21,-3,0,policy_action|create|national_bitcoin_reserve|united_states|year:2025|516937|83894672511259544049673946661753374355328822374216474995072428966535091173758|KXBTCRESERVE-26-JAN01,policy_action|create|national_bitcoin_reserve|united_states|year:2025,policy_action,uma_risk_exposed,516937,US national Bitcoin reserve in 2025?,0,Yes,83894672511259544049673946661753374355328822374216474995072428966535091173758,False,binary_yes_token_price,KXBTCRESERVE-26-JAN01,"Will Trump create a National Bitcoin Reserve before Jan 1, 2026?","Before Jan 1, 2026",5526758.797978,5526758.797978,0.71,0.5,0.20999999999999996,2025-03-21 16:49:06-07:00,2025-03-21 11:29:13.587484-07:00,0.78,deterministic_contract_key
mineral_rights,2025-03-24,2025-03-24,2025_03_21_close_1700_PT,2025-03-22 00:00:00+00:00,2025-03-21 17:00:00-07:00,2025-03-21,-3,0,policy_action|eliminate|department_of_education|united_states|year:2025|523188|60661165588332286306443081468695135979348107944620337686282849990456442563142|KXDOED-26-JAN01,policy_action|eliminate|department_of_education|united_states|year:2025,policy_action,uma_risk_exposed,523188,Will Trump end Department of Education in 2025?,0,Yes,60661165588332286306443081468695135979348107944620337686282849990456442563142,False,binary_yes_token_price,KXDOED-26-JAN01,"Will the Department of Education be eliminated before Jan 1, 2026?","Before Jan 1, 2026",900396.416301,900396.416301,0.19,0.21,-0.01999999999999999,2025-03-21 16:59:06-07:00,2025-03-21 16:49:31.355309-07:00,0.78,deterministic_contract_key
mineral_rights,2025-03-24,2025-03-24,2025_03_21_close_1700_PT,2025-03-22 00:00:00+00:00,2025-03-21 17:00:00-07:00,2025-03-21,-3,0,policy_action|pass_law|strategic_bitcoin_reserve_act|texas|year:2025|518901|108694680056826771513727361737568313266027710115630595991317876664602548455545|KXTEXASBTC-26,policy_action|pass_law|strategic_bitcoin_reserve_act|texas|year:2025,policy_action,uma_risk_exposed,518901,Texas Strategic Bitcoin Reserve Act (H.B. 1598) signed in 2025?,0,Yes,108694680056826771513727361737568313266027710115630595991317876664602548455545,False,binary_yes_token_price,KXTEXASBTC-26,Will the Texas Strategic Bitcoin Reserve Act become law before 2026?,Before 2026,214638.028966,214638.028966,0.7073282442748091,0.74,-0.032671755725190876,2025-03-21 14:15:31-07:00,2025-03-21 07:15:25.071418-07:00,0.8,deterministic_contract_key
mineral_rights,2025-03-24,2025-03-24,2025_03_21_close_1700_PT,2025-03-22 00:00:00+00:00,2025-03-21 17:00:00-07:00,2025-03-21,-3,0,policy_action|start|recession|united_states|year:2025|516710|104173557214744537570424345347209544585775842950109756851652855913015295701992|RECSSNBER-25,policy_action|start|recession|united_states|year:2025,policy_action,uma_risk_exposed,516710,US recession in 2025?,0,Yes,104173557214744537570424345347209544585775842950109756851652855913015295701992,False,binary_yes_token_price,RECSSNBER-25,Will there be a recession in 2025?,Starts,11734512.428529,11734512.428529,0.3499999614999965,0.38,-0.03000003850000349,2025-03-21 13:40:05-07:00,2025-03-21 13:52:45.848103-07:00,0.78,deterministic_contract_key
mineral_rights,2025-03-24,2025-03-24,2025_03_22_open_0500_PT,2025-03-22 12:00:00+00:00,2025-03-22 05:00:00-07:00,2025-03-22,-2,0,election|win_most_seats|conservative_party|canada_federal|year:2025|2025|517585|13613076726717814638495632178711195398447760389342275247699985009794802626720|KXCANADAPARTY-C,election|win_most_seats|conservative_party|canada_federal|year:2025|2025,election,uma_risk_exposed,517585,Will the Conservative Party win the most seats in the next Canadian election?,0,Yes,13613076726717814638495632178711195398447760389342275247699985009794802626720,False,binary_yes_token_price,KXCANADAPARTY-C,Will the Conservative party win the most seats in the 2025 Canadian House of Commons election?,Conservative party,3398500.815959,3398500.815959,0.45,0.41,0.040000000000000036,2025-03-22 01:58:27-07:00,2025-03-22 02:39:17.660351-07:00,0.78,deterministic_contract_key
mineral_rights,2025-03-24,2025-03-24,2025_03_22_open_0500_PT,2025-03-22 12:00:00+00:00,2025-03-22 05:00:00-07:00,2025-03-22,-2,0,election|win_most_seats|liberal_party|canada_federal|year:2025|2025|517586|97369614101217511684993615789719226906296227283714425485701044468625942166745|KXCANADAPARTY-L,election|win_most_seats|liberal_party|canada_federal|year:2025|2025,election,uma_risk_exposed,517586,Will the Liberal Party win the most seats in the next Canadian election?,0,Yes,97369614101217511684993615789719226906296227283714425485701044468625942166745,False,binary_yes_token_price,KXCANADAPARTY-L,Will the Liberal party win the most seats in the 2025 Canadian House of Commons election?,Liberal party,5152025.201466,5152025.201466,0.545,0.59,-0.04499999999999993,2025-03-22 04:55:03-07:00,2025-03-21 15:46:58.840126-07:00,0.78,deterministic_contract_key
mineral_rights,2025-03-24,2025-03-24,2025_03_22_open_0500_PT,2025-03-22 12:00:00+00:00,2025-03-22 05:00:00-07:00,2025-03-22,-2,0,election|win_most_seats|livre|portugal_parliament|year:2025|2025|528688|52751046452229649713496016650084639987245509474072726014183432115433475908011|KXPORTUGALPARTY-25-LIVRE,election|win_most_seats|livre|portugal_parliament|year:2025|2025,election,uma_risk_exposed,528688,Will Livre win the most seats in the 2025 Portuguese legislative election?,0,Yes,52751046452229649713496016650084639987245509474072726014183432115433475908011,False,binary_yes_token_price,KXPORTUGALPARTY-25-LIVRE,Will LIVRE win the most seats in the Portuguese general election?,LIVRE,330488.439275,330488.439275,0.004,0.01,-0.006,2025-03-21 09:29:31-07:00,2025-03-19 11:14:39.712081-07:00,0.78,deterministic_contract_key
mineral_rights,2025-03-24,2025-03-24,2025_03_22_open_0500_PT,2025-03-22 12:00:00+00:00,2025-03-22 05:00:00-07:00,2025-03-22,-2,0,election|win_most_seats|peoples_party|canada_federal|year:2025|2025|517590|35924832551646767782758424953354849643043645213249703917795372244091393088355|KXCANADAPARTY-P,election|win_most_seats|peoples_party|canada_federal|year:2025|2025,election,uma_risk_exposed,517590,Will the People's party win the most seats in the next Canadian election?,0,Yes,35924832551646767782758424953354849643043645213249703917795372244091393088355,False,binary_yes_token_price,KXCANADAPARTY-P,Will the People's party win the most seats in the 2025 Canadian House of Commons election?,People's party,1139787.923504,1139787.923504,0.001,0.01,-0.009000000000000001,2025-03-21 16:10:40-07:00,2024-11-24 04:37:11.979961-08:00,0.78,deterministic_contract_key
mineral_rights,2025-03-24,2025-03-24,2025_03_22_open_0500_PT,2025-03-22 12:00:00+00:00,2025-03-22 05:00:00-07:00,2025-03-22,-2,0,election|win|daniel_noboa|ecuadorian_presidential|year:2025|2025|514172|78529201497074592652635694767108128464886305064134175900444209409569043565924|KXPRESECUADOR25-DN,election|win|daniel_noboa|ecuadorian_presidential|year:2025|2025,election,uma_risk_exposed,514172,Will Daniel Noboa win the 2025 Ecuadorian Presidential Election? ,0,Yes,78529201497074592652635694767108128464886305064134175900444209409569043565924,False,binary_yes_token_price,KXPRESECUADOR25-DN,Will Daniel Noboa win the 2025 Ecuadorian presidential election?,Daniel Noboa,1360386.018944,1360386.018944,0.47,0.53,-0.06000000000000005,2025-03-22 02:05:03-07:00,2025-03-21 22:09:51.876786-07:00,0.78,deterministic_contract_key
mineral_rights,2025-03-24,2025-03-24,2025_03_22_open_0500_PT,2025-03-22 12:00:00+00:00,2025-03-22 05:00:00-07:00,2025-03-22,-2,0,election|win|luisa_gonz_lez|ecuadorian_presidential|year:2025|2025|514181|31462369160152841995177527804912923307710608138814696727701585015260363916969|KXPRESECUADOR25-LG,election|win|luisa_gonz_lez|ecuadorian_presidential|year:2025|2025,election,uma_risk_exposed,514181,Will Luisa González win the 2025 Ecuadorian Presidential Election? ,0,Yes,31462369160152841995177527804912923307710608138814696727701585015260363916969,False,binary_yes_token_price,KXPRESECUADOR25-LG,Will Luisa González win the 2025 Ecuadorian presidential election?,Luisa González,1274030.578608,1274030.578608,0.5100000267968945,0.54,-0.029999973203105545,2025-03-22 02:40:47-07:00,2025-03-21 13:52:22.743989-07:00,0.78,deterministic_contract_key
mineral_rights,2025-03-24,2025-03-24,2025_03_22_open_0500_PT,2025-03-22 12:00:00+00:00,2025-03-22 05:00:00-07:00,2025-03-22,-2,0,office_exit|leave_office|jerome_powell|year:2025|520930|44446628319261786751896876365833910598445252343588252409740203088317210950410|LEAVEPOWELL-25-DEC31,office_exit|leave_office|jerome_powell|year:2025,office_exit,uma_risk_exposed,520930,Jerome Powell out as Fed Chair in 2025?,0,Yes,44446628319261786751896876365833910598445252343588252409740203088317210950410,False,binary_yes_token_price,LEAVEPOWELL-25-DEC31,Powell leaves before 2026?,Before 2026,11760101.336012,11760101.336012,0.15,0.19,-0.04000000000000001,2025-03-20 13:30:09-07:00,2025-03-20 01:22:54.610174-07:00,0.88,deterministic_contract_key
mineral_rights,2025-03-24,2025-03-24,2025_03_22_open_0500_PT,2025-03-22 12:00:00+00:00,2025-03-22 05:00:00-07:00,2025-03-22,-2,0,office_exit|resign|volodymyr_zelenskyy|year:2025|525157|74129046843921940913413587682588886122583847748489066762857187137233978267670|KXUKRAINERESIGN-26,office_exit|resign|volodymyr_zelenskyy|year:2025,office_exit,uma_risk_exposed,525157,Zelensky resigns in 2025?,0,Yes,74129046843921940913413587682588886122583847748489066762857187137233978267670,False,binary_yes_token_price,KXUKRAINERESIGN-26,"Will Volodymyr Zelenskyy resign before Jan 1, 2026?",Before 2026,639799.279247,639799.279247,0.25,0.24,0.010000000000000009,2025-03-21 20:21:33-07:00,2025-03-21 14:41:34.324739-07:00,0.88,deterministic_contract_key
mineral_rights,2025-03-24,2025-03-24,2025_03_22_open_0500_PT,2025-03-22 12:00:00+00:00,2025-03-22 05:00:00-07:00,2025-03-22,-2,0,policy_action|create|national_bitcoin_reserve|united_states|year:2025|516937|83894672511259544049673946661753374355328822374216474995072428966535091173758|KXBTCRESERVE-26-JAN01,policy_action|create|national_bitcoin_reserve|united_states|year:2025,policy_action,uma_risk_exposed,516937,US national Bitcoin reserve in 2025?,0,Yes,83894672511259544049673946661753374355328822374216474995072428966535091173758,False,binary_yes_token_price,KXBTCRESERVE-26-JAN01,"Will Trump create a National Bitcoin Reserve before Jan 1, 2026?","Before Jan 1, 2026",5526758.797978,5526758.797978,0.71,0.51,0.19999999999999996,2025-03-22 04:51:05-07:00,2025-03-22 02:02:39.311553-07:00,0.78,deterministic_contract_key
mineral_rights,2025-03-24,2025-03-24,2025_03_22_open_0500_PT,2025-03-22 12:00:00+00:00,2025-03-22 05:00:00-07:00,2025-03-22,-2,0,policy_action|eliminate|department_of_education|united_states|year:2025|523188|60661165588332286306443081468695135979348107944620337686282849990456442563142|KXDOED-26-JAN01,policy_action|eliminate|department_of_education|united_states|year:2025,policy_action,uma_risk_exposed,523188,Will Trump end Department of Education in 2025?,0,Yes,60661165588332286306443081468695135979348107944620337686282849990456442563142,False,binary_yes_token_price,KXDOED-26-JAN01,"Will the Department of Education be eliminated before Jan 1, 2026?","Before Jan 1, 2026",900396.416301,900396.416301,0.17,0.19,-0.01999999999999999,2025-03-22 04:27:55-07:00,2025-03-22 04:42:03.429608-07:00,0.78,deterministic_contract_key
mineral_rights,2025-03-24,2025-03-24,2025_03_22_open_0500_PT,2025-03-22 12:00:00+00:00,2025-03-22 05:00:00-07:00,2025-03-22,-2,0,policy_action|pass_law|strategic_bitcoin_reserve_act|texas|year:2025|518901|108694680056826771513727361737568313266027710115630595991317876664602548455545|KXTEXASBTC-26,policy_action|pass_law|strategic_bitcoin_reserve_act|texas|year:2025,policy_action,uma_risk_exposed,518901,Texas Strategic Bitcoin Reserve Act (H.B. 1598) signed in 2025?,0,Yes,108694680056826771513727361737568313266027710115630595991317876664602548455545,False,binary_yes_token_price,KXTEXASBTC-26,Will the Texas Strategic Bitcoin Reserve Act become law before 2026?,Before 2026,214638.028966,214638.028966,0.7073282442748091,0.74,-0.032671755725190876,2025-03-21 14:15:31-07:00,2025-03-21 07:15:25.071418-07:00,0.8,deterministic_contract_key
mineral_rights,2025-03-24,2025-03-24,2025_03_22_open_0500_PT,2025-03-22 12:00:00+00:00,2025-03-22 05:00:00-07:00,2025-03-22,-2,0,policy_action|start|recession|united_states|year:2025|516710|104173557214744537570424345347209544585775842950109756851652855913015295701992|RECSSNBER-25,policy_action|start|recession|united_states|year:2025,policy_action,uma_risk_exposed,516710,US recession in 2025?,0,Yes,104173557214744537570424345347209544585775842950109756851652855913015295701992,False,binary_yes_token_price,RECSSNBER-25,Will there be a recession in 2025?,Starts,11734512.428529,11734512.428529,0.35,0.38,-0.030000000000000027,2025-03-22 04:57:51-07:00,2025-03-21 13:52:45.848103-07:00,0.78,deterministic_contract_key
mineral_rights,2025-03-24,2025-03-24,2025_03_22_close_1700_PT,2025-03-23 00:00:00+00:00,2025-03-22 17:00:00-07:00,2025-03-22,-2,0,election|win_most_seats|conservative_party|canada_federal|year:2025|2025|517585|13613076726717814638495632178711195398447760389342275247699985009794802626720|KXCANADAPARTY-C,election|win_most_seats|conservative_party|canada_federal|year:2025|2025,election,uma_risk_exposed,517585,Will the Conservative Party win the most seats in the next Canadian election?,0,Yes,13613076726717814638495632178711195398447760389342275247699985009794802626720,False,binary_yes_token_price,KXCANADAPARTY-C,Will the Conservative party win the most seats in the 2025 Canadian House of Commons election?,Conservative party,3398500.815959,3398500.815959,0.44,0.41,0.030000000000000027,2025-03-22 16:29:32-07:00,2025-03-22 09:29:31.043395-07:00,0.78,deterministic_contract_key
mineral_rights,2025-03-24,2025-03-24,2025_03_22_close_1700_PT,2025-03-23 00:00:00+00:00,2025-03-22 17:00:00-07:00,2025-03-22,-2,0,election|win_most_seats|liberal_party|canada_federal|year:2025|2025|517586|97369614101217511684993615789719226906296227283714425485701044468625942166745|KXCANADAPARTY-L,election|win_most_seats|liberal_party|canada_federal|year:2025|2025,election,uma_risk_exposed,517586,Will the Liberal Party win the most seats in the next Canadian election?,0,Yes,97369614101217511684993615789719226906296227283714425485701044468625942166745,False,binary_yes_token_price,KXCANADAPARTY-L,Will the Liberal party win the most seats in the 2025 Canadian House of Commons election?,Liberal party,5152025.201466,5152025.201466,0.554,0.59,-0.03599999999999992,2025-03-22 16:45:26-07:00,2025-03-22 13:57:50.435768-07:00,0.78,deterministic_contract_key
mineral_rights,2025-03-24,2025-03-24,2025_03_22_close_1700_PT,2025-03-23 00:00:00+00:00,2025-03-22 17:00:00-07:00,2025-03-22,-2,0,election|win_most_seats|livre|portugal_parliament|year:2025|2025|528688|52751046452229649713496016650084639987245509474072726014183432115433475908011|KXPORTUGALPARTY-25-LIVRE,election|win_most_seats|livre|portugal_parliament|year:2025|2025,election,uma_risk_exposed,528688,Will Livre win the most seats in the 2025 Portuguese legislative election?,0,Yes,52751046452229649713496016650084639987245509474072726014183432115433475908011,False,binary_yes_token_price,KXPORTUGALPARTY-25-LIVRE,Will LIVRE win the most seats in the Portuguese general election?,LIVRE,330488.439275,330488.439275,0.004,0.01,-0.006,2025-03-21 09:29:31-07:00,2025-03-19 11:14:39.712081-07:00,0.78,deterministic_contract_key
mineral_rights,2025-03-24,2025-03-24,2025_03_22_close_1700_PT,2025-03-23 00:00:00+00:00,2025-03-22 17:00:00-07:00,2025-03-22,-2,0,election|win_most_seats|peoples_party|canada_federal|year:2025|2025|517590|35924832551646767782758424953354849643043645213249703917795372244091393088355|KXCANADAPARTY-P,election|win_most_seats|peoples_party|canada_federal|year:2025|2025,election,uma_risk_exposed,517590,Will the People's party win the most seats in the next Canadian election?,0,Yes,35924832551646767782758424953354849643043645213249703917795372244091393088355,False,binary_yes_token_price,KXCANADAPARTY-P,Will the People's party win the most seats in the 2025 Canadian House of Commons election?,People's party,1139787.923504,1139787.923504,0.001,0.01,-0.009000000000000001,2025-03-21 16:10:40-07:00,2024-11-24 04:37:11.979961-08:00,0.78,deterministic_contract_key
mineral_rights,2025-03-24,2025-03-24,2025_03_22_close_1700_PT,2025-03-23 00:00:00+00:00,2025-03-22 17:00:00-07:00,2025-03-22,-2,0,election|win|daniel_noboa|ecuadorian_presidential|year:2025|2025|514172|78529201497074592652635694767108128464886305064134175900444209409569043565924|KXPRESECUADOR25-DN,election|win|daniel_noboa|ecuadorian_presidential|year:2025|2025,election,uma_risk_exposed,514172,Will Daniel Noboa win the 2025 Ecuadorian Presidential Election? ,0,Yes,78529201497074592652635694767108128464886305064134175900444209409569043565924,False,binary_yes_token_price,KXPRESECUADOR25-DN,Will Daniel Noboa win the 2025 Ecuadorian presidential election?,Daniel Noboa,1360386.018944,1360386.018944,0.48999998137999884,0.5,-0.010000018620001161,2025-03-22 14:15:10-07:00,2025-03-22 12:40:10.494460-07:00,0.78,deterministic_contract_key
mineral_rights,2025-03-24,2025-03-24,2025_03_22_close_1700_PT,2025-03-23 00:00:00+00:00,2025-03-22 17:00:00-07:00,2025-03-22,-2,0,election|win|luisa_gonz_lez|ecuadorian_presidential|year:2025|2025|514181|31462369160152841995177527804912923307710608138814696727701585015260363916969|KXPRESECUADOR25-LG,election|win|luisa_gonz_lez|ecuadorian_presidential|year:2025|2025,election,uma_risk_exposed,514181,Will Luisa González win the 2025 Ecuadorian Presidential Election? ,0,Yes,31462369160152841995177527804912923307710608138814696727701585015260363916969,False,binary_yes_token_price,KXPRESECUADOR25-LG,Will Luisa González win the 2025 Ecuadorian presidential election?,Luisa González,1274030.578608,1274030.578608,0.52,0.54,-0.020000000000000018,2025-03-22 15:32:52-07:00,2025-03-21 13:52:22.743989-07:00,0.78,deterministic_contract_key
mineral_rights,2025-03-24,2025-03-24,2025_03_22_close_1700_PT,2025-03-23 00:00:00+00:00,2025-03-22 17:00:00-07:00,2025-03-22,-2,0,office_exit|leave_office|jerome_powell|year:2025|520930|44446628319261786751896876365833910598445252343588252409740203088317210950410|LEAVEPOWELL-25-DEC31,office_exit|leave_office|jerome_powell|year:2025,office_exit,uma_risk_exposed,520930,Jerome Powell out as Fed Chair in 2025?,0,Yes,44446628319261786751896876365833910598445252343588252409740203088317210950410,False,binary_yes_token_price,LEAVEPOWELL-25-DEC31,Powell leaves before 2026?,Before 2026,11760101.336012,11760101.336012,0.15,0.15,0.0,2025-03-20 13:30:09-07:00,2025-03-22 14:06:23.537466-07:00,0.88,deterministic_contract_key
mineral_rights,2025-03-24,2025-03-24,2025_03_22_close_1700_PT,2025-03-23 00:00:00+00:00,2025-03-22 17:00:00-07:00,2025-03-22,-2,0,office_exit|resign|volodymyr_zelenskyy|year:2025|525157|74129046843921940913413587682588886122583847748489066762857187137233978267670|KXUKRAINERESIGN-26,office_exit|resign|volodymyr_zelenskyy|year:2025,office_exit,uma_risk_exposed,525157,Zelensky resigns in 2025?,0,Yes,74129046843921940913413587682588886122583847748489066762857187137233978267670,False,binary_yes_token_price,KXUKRAINERESIGN-26,"Will Volodymyr Zelenskyy resign before Jan 1, 2026?",Before 2026,639799.279247,639799.279247,0.25,0.21,0.04000000000000001,2025-03-22 11:23:46-07:00,2025-03-22 15:55:09.404026-07:00,0.88,deterministic_contract_key
mineral_rights,2025-03-24,2025-03-24,2025_03_22_close_1700_PT,2025-03-23 00:00:00+00:00,2025-03-22 17:00:00-07:00,2025-03-22,-2,0,policy_action|create|national_bitcoin_reserve|united_states|year:2025|516937|83894672511259544049673946661753374355328822374216474995072428966535091173758|KXBTCRESERVE-26-JAN01,policy_action|create|national_bitcoin_reserve|united_states|year:2025,policy_action,uma_risk_exposed,516937,US national Bitcoin reserve in 2025?,0,Yes,83894672511259544049673946661753374355328822374216474995072428966535091173758,False,binary_yes_token_price,KXBTCRESERVE-26-JAN01,"Will Trump create a National Bitcoin Reserve before Jan 1, 2026?","Before Jan 1, 2026",5526758.797978,5526758.797978,0.7,0.5,0.19999999999999996,2025-03-22 14:37:56-07:00,2025-03-22 13:20:28.449313-07:00,0.78,deterministic_contract_key
mineral_rights,2025-03-24,2025-03-24,2025_03_22_close_1700_PT,2025-03-23 00:00:00+00:00,2025-03-22 17:00:00-07:00,2025-03-22,-2,0,policy_action|eliminate|department_of_education|united_states|year:2025|523188|60661165588332286306443081468695135979348107944620337686282849990456442563142|KXDOED-26-JAN01,policy_action|eliminate|department_of_education|united_states|year:2025,policy_action,uma_risk_exposed,523188,Will Trump end Department of Education in 2025?,0,Yes,60661165588332286306443081468695135979348107944620337686282849990456442563142,False,binary_yes_token_price,KXDOED-26-JAN01,"Will the Department of Education be eliminated before Jan 1, 2026?","Before Jan 1, 2026",900396.416301,900396.416301,0.1799998703999637,0.2,-0.020000129600036304,2025-03-22 16:10:06-07:00,2025-03-22 16:13:11.586416-07:00,0.78,deterministic_contract_key
mineral_rights,2025-03-24,2025-03-24,2025_03_22_close_1700_PT,2025-03-23 00:00:00+00:00,2025-03-22 17:00:00-07:00,2025-03-22,-2,0,policy_action|pass_law|strategic_bitcoin_reserve_act|texas|year:2025|518901|108694680056826771513727361737568313266027710115630595991317876664602548455545|KXTEXASBTC-26,policy_action|pass_law|strategic_bitcoin_reserve_act|texas|year:2025,policy_action,uma_risk_exposed,518901,Texas Strategic Bitcoin Reserve Act (H.B. 1598) signed in 2025?,0,Yes,108694680056826771513727361737568313266027710115630595991317876664602548455545,False,binary_yes_token_price,KXTEXASBTC-26,Will the Texas Strategic Bitcoin Reserve Act become law before 2026?,Before 2026,214638.028966,214638.028966,0.7073282442748091,0.74,-0.032671755725190876,2025-03-21 14:15:31-07:00,2025-03-21 07:15:25.071418-07:00,0.8,deterministic_contract_key
mineral_rights,2025-03-24,2025-03-24,2025_03_22_close_1700_PT,2025-03-23 00:00:00+00:00,2025-03-22 17:00:00-07:00,2025-03-22,-2,0,policy_action|start|recession|united_states|year:2025|516710|104173557214744537570424345347209544585775842950109756851652855913015295701992|RECSSNBER-25,policy_action|start|recession|united_states|year:2025,policy_action,uma_risk_exposed,516710,US recession in 2025?,0,Yes,104173557214744537570424345347209544585775842950109756851652855913015295701992,False,binary_yes_token_price,RECSSNBER-25,Will there be a recession in 2025?,Starts,11734512.428529,11734512.428529,0.36999996743999636,0.4,-0.030000032560003664,2025-03-22 15:09:16-07:00,2025-03-22 08:45:29.073693-07:00,0.78,deterministic_contract_key
mineral_rights,2025-03-24,2025-03-24,2025_03_23_open_0500_PT,2025-03-23 12:00:00+00:00,2025-03-23 05:00:00-07:00,2025-03-23,-1,0,election|win_most_seats|conservative_party|canada_federal|year:2025|2025|517585|13613076726717814638495632178711195398447760389342275247699985009794802626720|KXCANADAPARTY-C,election|win_most_seats|conservative_party|canada_federal|year:2025|2025,election,uma_risk_exposed,517585,Will the Conservative Party win the most seats in the next Canadian election?,0,Yes,13613076726717814638495632178711195398447760389342275247699985009794802626720,False,binary_yes_token_price,KXCANADAPARTY-C,Will the Conservative party win the most seats in the 2025 Canadian House of Commons election?,Conservative party,3398500.815959,3398500.815959,0.4499997974998886,0.41,0.039999797499888634,2025-03-23 03:43:31-07:00,2025-03-23 02:04:33.883267-07:00,0.78,deterministic_contract_key
mineral_rights,2025-03-24,2025-03-24,2025_03_23_open_0500_PT,2025-03-23 12:00:00+00:00,2025-03-23 05:00:00-07:00,2025-03-23,-1,0,election|win_most_seats|liberal_party|canada_federal|year:2025|2025|517586|97369614101217511684993615789719226906296227283714425485701044468625942166745|KXCANADAPARTY-L,election|win_most_seats|liberal_party|canada_federal|year:2025|2025,election,uma_risk_exposed,517586,Will the Liberal Party win the most seats in the next Canadian election?,0,Yes,97369614101217511684993615789719226906296227283714425485701044468625942166745,False,binary_yes_token_price,KXCANADAPARTY-L,Will the Liberal party win the most seats in the 2025 Canadian House of Commons election?,Liberal party,5152025.201466,5152025.201466,0.553,0.58,-0.026999999999999913,2025-03-23 04:31:15-07:00,2025-03-23 04:35:26.449256-07:00,0.78,deterministic_contract_key
mineral_rights,2025-03-24,2025-03-24,2025_03_23_open_0500_PT,2025-03-23 12:00:00+00:00,2025-03-23 05:00:00-07:00,2025-03-23,-1,0,election|win_most_seats|livre|portugal_parliament|year:2025|2025|528688|52751046452229649713496016650084639987245509474072726014183432115433475908011|KXPORTUGALPARTY-25-LIVRE,election|win_most_seats|livre|portugal_parliament|year:2025|2025,election,uma_risk_exposed,528688,Will Livre win the most seats in the 2025 Portuguese legislative election?,0,Yes,52751046452229649713496016650084639987245509474072726014183432115433475908011,False,binary_yes_token_price,KXPORTUGALPARTY-25-LIVRE,Will LIVRE win the most seats in the Portuguese general election?,LIVRE,330488.439275,330488.439275,0.0030000000886223678,0.01,-0.006999999911377633,2025-03-23 01:41:55-07:00,2025-03-19 11:14:39.712081-07:00,0.78,deterministic_contract_key
mineral_rights,2025-03-24,2025-03-24,2025_03_23_open_0500_PT,2025-03-23 12:00:00+00:00,2025-03-23 05:00:00-07:00,2025-03-23,-1,0,election|win_most_seats|peoples_party|canada_federal|year:2025|2025|517590|35924832551646767782758424953354849643043645213249703917795372244091393088355|KXCANADAPARTY-P,election|win_most_seats|peoples_party|canada_federal|year:2025|2025,election,uma_risk_exposed,517590,Will the People's party win the most seats in the next Canadian election?,0,Yes,35924832551646767782758424953354849643043645213249703917795372244091393088355,False,binary_yes_token_price,KXCANADAPARTY-P,Will the People's party win the most seats in the 2025 Canadian House of Commons election?,People's party,1139787.923504,1139787.923504,0.001,0.01,-0.009000000000000001,2025-03-21 16:10:40-07:00,2024-11-24 04:37:11.979961-08:00,0.78,deterministic_contract_key
mineral_rights,2025-03-24,2025-03-24,2025_03_23_open_0500_PT,2025-03-23 12:00:00+00:00,2025-03-23 05:00:00-07:00,2025-03-23,-1,0,election|win|daniel_noboa|ecuadorian_presidential|year:2025|2025|514172|78529201497074592652635694767108128464886305064134175900444209409569043565924|KXPRESECUADOR25-DN,election|win|daniel_noboa|ecuadorian_presidential|year:2025|2025,election,uma_risk_exposed,514172,Will Daniel Noboa win the 2025 Ecuadorian Presidential Election? ,0,Yes,78529201497074592652635694767108128464886305064134175900444209409569043565924,False,binary_yes_token_price,KXPRESECUADOR25-DN,Will Daniel Noboa win the 2025 Ecuadorian presidential election?,Daniel Noboa,1360386.018944,1360386.018944,0.46,0.49,-0.02999999999999997,2025-03-23 01:21:17-07:00,2025-03-23 04:58:03.440608-07:00,0.78,deterministic_contract_key
mineral_rights,2025-03-24,2025-03-24,2025_03_23_open_0500_PT,2025-03-23 12:00:00+00:00,2025-03-23 05:00:00-07:00,2025-03-23,-1,0,election|win|luisa_gonz_lez|ecuadorian_presidential|year:2025|2025|514181|31462369160152841995177527804912923307710608138814696727701585015260363916969|KXPRESECUADOR25-LG,election|win|luisa_gonz_lez|ecuadorian_presidential|year:2025|2025,election,uma_risk_exposed,514181,Will Luisa González win the 2025 Ecuadorian Presidential Election? ,0,Yes,31462369160152841995177527804912923307710608138814696727701585015260363916969,False,binary_yes_token_price,KXPRESECUADOR25-LG,Will Luisa González win the 2025 Ecuadorian presidential election?,Luisa González,1274030.578608,1274030.578608,0.52,0.54,-0.020000000000000018,2025-03-23 02:01:15-07:00,2025-03-21 13:52:22.743989-07:00,0.78,deterministic_contract_key
mineral_rights,2025-03-24,2025-03-24,2025_03_23_open_0500_PT,2025-03-23 12:00:00+00:00,2025-03-23 05:00:00-07:00,2025-03-23,-1,0,office_exit|leave_office|jerome_powell|year:2025|520930|44446628319261786751896876365833910598445252343588252409740203088317210950410|LEAVEPOWELL-25-DEC31,office_exit|leave_office|jerome_powell|year:2025,office_exit,uma_risk_exposed,520930,Jerome Powell out as Fed Chair in 2025?,0,Yes,44446628319261786751896876365833910598445252343588252409740203088317210950410,False,binary_yes_token_price,LEAVEPOWELL-25-DEC31,Powell leaves before 2026?,Before 2026,11760101.336012,11760101.336012,0.15,0.15,0.0,2025-03-20 13:30:09-07:00,2025-03-22 14:06:23.537466-07:00,0.88,deterministic_contract_key
mineral_rights,2025-03-24,2025-03-24,2025_03_23_open_0500_PT,2025-03-23 12:00:00+00:00,2025-03-23 05:00:00-07:00,2025-03-23,-1,0,office_exit|resign|volodymyr_zelenskyy|year:2025|525157|74129046843921940913413587682588886122583847748489066762857187137233978267670|KXUKRAINERESIGN-26,office_exit|resign|volodymyr_zelenskyy|year:2025,office_exit,uma_risk_exposed,525157,Zelensky resigns in 2025?,0,Yes,74129046843921940913413587682588886122583847748489066762857187137233978267670,False,binary_yes_token_price,KXUKRAINERESIGN-26,"Will Volodymyr Zelenskyy resign before Jan 1, 2026?",Before 2026,639799.279247,639799.279247,0.25,0.21,0.04000000000000001,2025-03-22 11:23:46-07:00,2025-03-22 15:55:09.404026-07:00,0.88,deterministic_contract_key
mineral_rights,2025-03-24,2025-03-24,2025_03_23_open_0500_PT,2025-03-23 12:00:00+00:00,2025-03-23 05:00:00-07:00,2025-03-23,-1,0,policy_action|create|national_bitcoin_reserve|united_states|year:2025|516937|83894672511259544049673946661753374355328822374216474995072428966535091173758|KXBTCRESERVE-26-JAN01,policy_action|create|national_bitcoin_reserve|united_states|year:2025,policy_action,uma_risk_exposed,516937,US national Bitcoin reserve in 2025?,0,Yes,83894672511259544049673946661753374355328822374216474995072428966535091173758,False,binary_yes_token_price,KXBTCRESERVE-26-JAN01,"Will Trump create a National Bitcoin Reserve before Jan 1, 2026?","Before Jan 1, 2026",5526758.797978,5526758.797978,0.7199999841599996,0.53,0.18999998415999952,2025-03-23 04:54:41-07:00,2025-03-23 04:56:42.474920-07:00,0.78,deterministic_contract_key
mineral_rights,2025-03-24,2025-03-24,2025_03_23_open_0500_PT,2025-03-23 12:00:00+00:00,2025-03-23 05:00:00-07:00,2025-03-23,-1,0,policy_action|eliminate|department_of_education|united_states|year:2025|523188|60661165588332286306443081468695135979348107944620337686282849990456442563142|KXDOED-26-JAN01,policy_action|eliminate|department_of_education|united_states|year:2025,policy_action,uma_risk_exposed,523188,Will Trump end Department of Education in 2025?,0,Yes,60661165588332286306443081468695135979348107944620337686282849990456442563142,False,binary_yes_token_price,KXDOED-26-JAN01,"Will the Department of Education be eliminated before Jan 1, 2026?","Before Jan 1, 2026",900396.416301,900396.416301,0.16,0.18,-0.01999999999999999,2025-03-23 04:58:47-07:00,2025-03-23 03:43:15.480188-07:00,0.78,deterministic_contract_key
mineral_rights,2025-03-24,2025-03-24,2025_03_23_open_0500_PT,2025-03-23 12:00:00+00:00,2025-03-23 05:00:00-07:00,2025-03-23,-1,0,policy_action|pass_law|strategic_bitcoin_reserve_act|texas|year:2025|518901|108694680056826771513727361737568313266027710115630595991317876664602548455545|KXTEXASBTC-26,policy_action|pass_law|strategic_bitcoin_reserve_act|texas|year:2025,policy_action,uma_risk_exposed,518901,Texas Strategic Bitcoin Reserve Act (H.B. 1598) signed in 2025?,0,Yes,108694680056826771513727361737568313266027710115630595991317876664602548455545,False,binary_yes_token_price,KXTEXASBTC-26,Will the Texas Strategic Bitcoin Reserve Act become law before 2026?,Before 2026,214638.028966,214638.028966,0.7,0.75,-0.050000000000000044,2025-03-23 03:45:23-07:00,2025-03-23 04:30:22.497168-07:00,0.8,deterministic_contract_key
mineral_rights,2025-03-24,2025-03-24,2025_03_23_open_0500_PT,2025-03-23 12:00:00+00:00,2025-03-23 05:00:00-07:00,2025-03-23,-1,0,policy_action|start|recession|united_states|year:2025|516710|104173557214744537570424345347209544585775842950109756851652855913015295701992|RECSSNBER-25,policy_action|start|recession|united_states|year:2025,policy_action,uma_risk_exposed,516710,US recession in 2025?,0,Yes,104173557214744537570424345347209544585775842950109756851652855913015295701992,False,binary_yes_token_price,RECSSNBER-25,Will there be a recession in 2025?,Starts,11734512.428529,11734512.428529,0.3499999894999998,0.39,-0.04000001050000024,2025-03-23 01:16:33-07:00,2025-03-23 04:31:51.459266-07:00,0.78,deterministic_contract_key
mineral_rights,2025-03-24,2025-03-24,2025_03_23_close_1700_PT,2025-03-24 00:00:00+00:00,2025-03-23 17:00:00-07:00,2025-03-23,-1,0,election|win_most_seats|conservative_party|canada_federal|year:2025|2025|517585|13613076726717814638495632178711195398447760389342275247699985009794802626720|KXCANADAPARTY-C,election|win_most_seats|conservative_party|canada_federal|year:2025|2025,election,uma_risk_exposed,517585,Will the Conservative Party win the most seats in the next Canadian election?,0,Yes,13613076726717814638495632178711195398447760389342275247699985009794802626720,False,binary_yes_token_price,KXCANADAPARTY-C,Will the Conservative party win the most seats in the 2025 Canadian House of Commons election?,Conservative party,3398500.815959,3398500.815959,0.45,0.5,-0.04999999999999999,2025-03-23 16:48:17-07:00,2025-03-23 16:21:21.230577-07:00,0.78,deterministic_contract_key
mineral_rights,2025-03-24,2025-03-24,2025_03_23_close_1700_PT,2025-03-24 00:00:00+00:00,2025-03-23 17:00:00-07:00,2025-03-23,-1,0,election|win_most_seats|liberal_party|canada_federal|year:2025|2025|517586|97369614101217511684993615789719226906296227283714425485701044468625942166745|KXCANADAPARTY-L,election|win_most_seats|liberal_party|canada_federal|year:2025|2025,election,uma_risk_exposed,517586,Will the Liberal Party win the most seats in the next Canadian election?,0,Yes,97369614101217511684993615789719226906296227283714425485701044468625942166745,False,binary_yes_token_price,KXCANADAPARTY-L,Will the Liberal party win the most seats in the 2025 Canadian House of Commons election?,Liberal party,5152025.201466,5152025.201466,0.5509999934247329,0.53,0.02099999342473291,2025-03-23 16:48:15-07:00,2025-03-23 16:21:29.981785-07:00,0.78,deterministic_contract_key
mineral_rights,2025-03-24,2025-03-24,2025_03_23_close_1700_PT,2025-03-24 00:00:00+00:00,2025-03-23 17:00:00-07:00,2025-03-23,-1,0,election|win_most_seats|livre|portugal_parliament|year:2025|2025|528688|52751046452229649713496016650084639987245509474072726014183432115433475908011|KXPORTUGALPARTY-25-LIVRE,election|win_most_seats|livre|portugal_parliament|year:2025|2025,election,uma_risk_exposed,528688,Will Livre win the most seats in the 2025 Portuguese legislative election?,0,Yes,52751046452229649713496016650084639987245509474072726014183432115433475908011,False,binary_yes_token_price,KXPORTUGALPARTY-25-LIVRE,Will LIVRE win the most seats in the Portuguese general election?,LIVRE,330488.439275,330488.439275,0.0030000000886223678,0.01,-0.006999999911377633,2025-03-23 01:41:55-07:00,2025-03-19 11:14:39.712081-07:00,0.78,deterministic_contract_key
mineral_rights,2025-03-24,2025-03-24,2025_03_23_close_1700_PT,2025-03-24 00:00:00+00:00,2025-03-23 17:00:00-07:00,2025-03-23,-1,0,election|win_most_seats|peoples_party|canada_federal|year:2025|2025|517590|35924832551646767782758424953354849643043645213249703917795372244091393088355|KXCANADAPARTY-P,election|win_most_seats|peoples_party|canada_federal|year:2025|2025,election,uma_risk_exposed,517590,Will the People's party win the most seats in the next Canadian election?,0,Yes,35924832551646767782758424953354849643043645213249703917795372244091393088355,False,binary_yes_token_price,KXCANADAPARTY-P,Will the People's party win the most seats in the 2025 Canadian House of Commons election?,People's party,1139787.923504,1139787.923504,0.001,0.01,-0.009000000000000001,2025-03-21 16:10:40-07:00,2024-11-24 04:37:11.979961-08:00,0.78,deterministic_contract_key
mineral_rights,2025-03-24,2025-03-24,2025_03_23_close_1700_PT,2025-03-24 00:00:00+00:00,2025-03-23 17:00:00-07:00,2025-03-23,-1,0,election|win|daniel_noboa|ecuadorian_presidential|year:2025|2025|514172|78529201497074592652635694767108128464886305064134175900444209409569043565924|KXPRESECUADOR25-DN,election|win|daniel_noboa|ecuadorian_presidential|year:2025|2025,election,uma_risk_exposed,514172,Will Daniel Noboa win the 2025 Ecuadorian Presidential Election? ,0,Yes,78529201497074592652635694767108128464886305064134175900444209409569043565924,False,binary_yes_token_price,KXPRESECUADOR25-DN,Will Daniel Noboa win the 2025 Ecuadorian presidential election?,Daniel Noboa,1360386.018944,1360386.018944,0.4699998777999096,0.4,0.06999987779990957,2025-03-23 16:58:39-07:00,2025-03-23 15:31:10.395924-07:00,0.78,deterministic_contract_key
mineral_rights,2025-03-24,2025-03-24,2025_03_23_close_1700_PT,2025-03-24 00:00:00+00:00,2025-03-23 17:00:00-07:00,2025-03-23,-1,0,election|win|luisa_gonz_lez|ecuadorian_presidential|year:2025|2025|514181|31462369160152841995177527804912923307710608138814696727701585015260363916969|KXPRESECUADOR25-LG,election|win|luisa_gonz_lez|ecuadorian_presidential|year:2025|2025,election,uma_risk_exposed,514181,Will Luisa González win the 2025 Ecuadorian Presidential Election? ,0,Yes,31462369160152841995177527804912923307710608138814696727701585015260363916969,False,binary_yes_token_price,KXPRESECUADOR25-LG,Will Luisa González win the 2025 Ecuadorian presidential election?,Luisa González,1274030.578608,1274030.578608,0.52,0.57,-0.04999999999999993,2025-03-23 14:32:16-07:00,2025-03-23 16:55:54.592437-07:00,0.78,deterministic_contract_key
mineral_rights,2025-03-24,2025-03-24,2025_03_23_close_1700_PT,2025-03-24 00:00:00+00:00,2025-03-23 17:00:00-07:00,2025-03-23,-1,0,office_exit|leave_office|jerome_powell|year:2025|520930|44446628319261786751896876365833910598445252343588252409740203088317210950410|LEAVEPOWELL-25-DEC31,office_exit|leave_office|jerome_powell|year:2025,office_exit,uma_risk_exposed,520930,Jerome Powell out as Fed Chair in 2025?,0,Yes,44446628319261786751896876365833910598445252343588252409740203088317210950410,False,binary_yes_token_price,LEAVEPOWELL-25-DEC31,Powell leaves before 2026?,Before 2026,11760101.336012,11760101.336012,0.15,0.18,-0.03,2025-03-20 13:30:09-07:00,2025-03-23 09:15:48.459961-07:00,0.88,deterministic_contract_key
mineral_rights,2025-03-24,2025-03-24,2025_03_23_close_1700_PT,2025-03-24 00:00:00+00:00,2025-03-23 17:00:00-07:00,2025-03-23,-1,0,office_exit|resign|volodymyr_zelenskyy|year:2025|525157|74129046843921940913413587682588886122583847748489066762857187137233978267670|KXUKRAINERESIGN-26,office_exit|resign|volodymyr_zelenskyy|year:2025,office_exit,uma_risk_exposed,525157,Zelensky resigns in 2025?,0,Yes,74129046843921940913413587682588886122583847748489066762857187137233978267670,False,binary_yes_token_price,KXUKRAINERESIGN-26,"Will Volodymyr Zelenskyy resign before Jan 1, 2026?",Before 2026,639799.279247,639799.279247,0.25,0.24,0.010000000000000009,2025-03-22 11:23:46-07:00,2025-03-23 13:07:38.540830-07:00,0.88,deterministic_contract_key
mineral_rights,2025-03-24,2025-03-24,2025_03_23_close_1700_PT,2025-03-24 00:00:00+00:00,2025-03-23 17:00:00-07:00,2025-03-23,-1,0,policy_action|create|national_bitcoin_reserve|united_states|year:2025|516937|83894672511259544049673946661753374355328822374216474995072428966535091173758|KXBTCRESERVE-26-JAN01,policy_action|create|national_bitcoin_reserve|united_states|year:2025,policy_action,uma_risk_exposed,516937,US national Bitcoin reserve in 2025?,0,Yes,83894672511259544049673946661753374355328822374216474995072428966535091173758,False,binary_yes_token_price,KXBTCRESERVE-26-JAN01,"Will Trump create a National Bitcoin Reserve before Jan 1, 2026?","Before Jan 1, 2026",5526758.797978,5526758.797978,0.71,0.53,0.17999999999999994,2025-03-23 11:04:42-07:00,2025-03-23 15:46:22.570053-07:00,0.78,deterministic_contract_key
mineral_rights,2025-03-24,2025-03-24,2025_03_23_close_1700_PT,2025-03-24 00:00:00+00:00,2025-03-23 17:00:00-07:00,2025-03-23,-1,0,policy_action|eliminate|department_of_education|united_states|year:2025|523188|60661165588332286306443081468695135979348107944620337686282849990456442563142|KXDOED-26-JAN01,policy_action|eliminate|department_of_education|united_states|year:2025,policy_action,uma_risk_exposed,523188,Will Trump end Department of Education in 2025?,0,Yes,60661165588332286306443081468695135979348107944620337686282849990456442563142,False,binary_yes_token_price,KXDOED-26-JAN01,"Will the Department of Education be eliminated before Jan 1, 2026?","Before Jan 1, 2026",900396.416301,900396.416301,0.16999999796008158,0.16,0.00999999796008158,2025-03-23 16:40:00-07:00,2025-03-23 16:46:35.595749-07:00,0.78,deterministic_contract_key
mineral_rights,2025-03-24,2025-03-24,2025_03_23_close_1700_PT,2025-03-24 00:00:00+00:00,2025-03-23 17:00:00-07:00,2025-03-23,-1,0,policy_action|pass_law|strategic_bitcoin_reserve_act|texas|year:2025|518901|108694680056826771513727361737568313266027710115630595991317876664602548455545|KXTEXASBTC-26,policy_action|pass_law|strategic_bitcoin_reserve_act|texas|year:2025,policy_action,uma_risk_exposed,518901,Texas Strategic Bitcoin Reserve Act (H.B. 1598) signed in 2025?,0,Yes,108694680056826771513727361737568313266027710115630595991317876664602548455545,False,binary_yes_token_price,KXTEXASBTC-26,Will the Texas Strategic Bitcoin Reserve Act become law before 2026?,Before 2026,214638.028966,214638.028966,0.71,0.75,-0.040000000000000036,2025-03-23 11:30:30-07:00,2025-03-23 04:30:22.497168-07:00,0.8,deterministic_contract_key
mineral_rights,2025-03-24,2025-03-24,2025_03_23_close_1700_PT,2025-03-24 00:00:00+00:00,2025-03-23 17:00:00-07:00,2025-03-23,-1,0,policy_action|start|recession|united_states|year:2025|516710|104173557214744537570424345347209544585775842950109756851652855913015295701992|RECSSNBER-25,policy_action|start|recession|united_states|year:2025,policy_action,uma_risk_exposed,516710,US recession in 2025?,0,Yes,104173557214744537570424345347209544585775842950109756851652855913015295701992,False,binary_yes_token_price,RECSSNBER-25,Will there be a recession in 2025?,Starts,11734512.428529,11734512.428529,0.35,0.4,-0.050000000000000044,2025-03-23 13:44:54-07:00,2025-03-23 11:22:46.502330-07:00,0.78,deterministic_contract_key
mineral_rights,2025-03-24,2025-03-24,2025_03_24_open_0500_PT,2025-03-24 12:00:00+00:00,2025-03-24 05:00:00-07:00,2025-03-24,0,1,election|win_most_seats|conservative_party|canada_federal|year:2025|2025|517585|13613076726717814638495632178711195398447760389342275247699985009794802626720|KXCANADAPARTY-C,election|win_most_seats|conservative_party|canada_federal|year:2025|2025,election,uma_risk_exposed,517585,Will the Conservative Party win the most seats in the next Canadian election?,0,Yes,13613076726717814638495632178711195398447760389342275247699985009794802626720,False,binary_yes_token_price,KXCANADAPARTY-C,Will the Conservative party win the most seats in the 2025 Canadian House of Commons election?,Conservative party,3398500.815959,3398500.815959,0.4799999519999808,0.5,-0.0200000480000192,2025-03-24 04:56:16-07:00,2025-03-24 02:51:44.942942-07:00,0.78,deterministic_contract_key
mineral_rights,2025-03-24,2025-03-24,2025_03_24_open_0500_PT,2025-03-24 12:00:00+00:00,2025-03-24 05:00:00-07:00,2025-03-24,0,1,election|win_most_seats|liberal_party|canada_federal|year:2025|2025|517586|97369614101217511684993615789719226906296227283714425485701044468625942166745|KXCANADAPARTY-L,election|win_most_seats|liberal_party|canada_federal|year:2025|2025,election,uma_risk_exposed,517586,Will the Liberal Party win the most seats in the next Canadian election?,0,Yes,97369614101217511684993615789719226906296227283714425485701044468625942166745,False,binary_yes_token_price,KXCANADAPARTY-L,Will the Liberal party win the most seats in the 2025 Canadian House of Commons election?,Liberal party,5152025.201466,5152025.201466,0.521,0.52,0.0010000000000000009,2025-03-24 04:45:08-07:00,2025-03-24 01:07:18.962006-07:00,0.78,deterministic_contract_key
mineral_rights,2025-03-24,2025-03-24,2025_03_24_open_0500_PT,2025-03-24 12:00:00+00:00,2025-03-24 05:00:00-07:00,2025-03-24,0,1,election|win_most_seats|livre|portugal_parliament|year:2025|2025|528688|52751046452229649713496016650084639987245509474072726014183432115433475908011|KXPORTUGALPARTY-25-LIVRE,election|win_most_seats|livre|portugal_parliament|year:2025|2025,election,uma_risk_exposed,528688,Will Livre win the most seats in the 2025 Portuguese legislative election?,0,Yes,52751046452229649713496016650084639987245509474072726014183432115433475908011,False,binary_yes_token_price,KXPORTUGALPARTY-25-LIVRE,Will LIVRE win the most seats in the Portuguese general election?,LIVRE,330488.439275,330488.439275,0.004,0.01,-0.006,2025-03-23 23:32:43-07:00,2025-03-19 11:14:39.712081-07:00,0.78,deterministic_contract_key
mineral_rights,2025-03-24,2025-03-24,2025_03_24_open_0500_PT,2025-03-24 12:00:00+00:00,2025-03-24 05:00:00-07:00,2025-03-24,0,1,election|win_most_seats|peoples_party|canada_federal|year:2025|2025|517590|35924832551646767782758424953354849643043645213249703917795372244091393088355|KXCANADAPARTY-P,election|win_most_seats|peoples_party|canada_federal|year:2025|2025,election,uma_risk_exposed,517590,Will the People's party win the most seats in the next Canadian election?,0,Yes,35924832551646767782758424953354849643043645213249703917795372244091393088355,False,binary_yes_token_price,KXCANADAPARTY-P,Will the People's party win the most seats in the 2025 Canadian House of Commons election?,People's party,1139787.923504,1139787.923504,0.001,0.01,-0.009000000000000001,2025-03-21 16:10:40-07:00,2024-11-24 04:37:11.979961-08:00,0.78,deterministic_contract_key
mineral_rights,2025-03-24,2025-03-24,2025_03_24_open_0500_PT,2025-03-24 12:00:00+00:00,2025-03-24 05:00:00-07:00,2025-03-24,0,1,election|win|daniel_noboa|ecuadorian_presidential|year:2025|2025|514172|78529201497074592652635694767108128464886305064134175900444209409569043565924|KXPRESECUADOR25-DN,election|win|daniel_noboa|ecuadorian_presidential|year:2025|2025,election,uma_risk_exposed,514172,Will Daniel Noboa win the 2025 Ecuadorian Presidential Election? ,0,Yes,78529201497074592652635694767108128464886305064134175900444209409569043565924,False,binary_yes_token_price,KXPRESECUADOR25-DN,Will Daniel Noboa win the 2025 Ecuadorian presidential election?,Daniel Noboa,1360386.018944,1360386.018944,0.37,0.44,-0.07,2025-03-24 01:42:56-07:00,2025-03-24 04:54:26.186337-07:00,0.78,deterministic_contract_key
mineral_rights,2025-03-24,2025-03-24,2025_03_24_open_0500_PT,2025-03-24 12:00:00+00:00,2025-03-24 05:00:00-07:00,2025-03-24,0,1,election|win|luisa_gonz_lez|ecuadorian_presidential|year:2025|2025|514181|31462369160152841995177527804912923307710608138814696727701585015260363916969|KXPRESECUADOR25-LG,election|win|luisa_gonz_lez|ecuadorian_presidential|year:2025|2025,election,uma_risk_exposed,514181,Will Luisa González win the 2025 Ecuadorian Presidential Election? ,0,Yes,31462369160152841995177527804912923307710608138814696727701585015260363916969,False,binary_yes_token_price,KXPRESECUADOR25-LG,Will Luisa González win the 2025 Ecuadorian presidential election?,Luisa González,1274030.578608,1274030.578608,0.63,0.55,0.07999999999999996,2025-03-24 03:11:10-07:00,2025-03-24 01:47:32.706199-07:00,0.78,deterministic_contract_key
mineral_rights,2025-03-24,2025-03-24,2025_03_24_open_0500_PT,2025-03-24 12:00:00+00:00,2025-03-24 05:00:00-07:00,2025-03-24,0,1,office_exit|leave_office|jerome_powell|year:2025|520930|44446628319261786751896876365833910598445252343588252409740203088317210950410|LEAVEPOWELL-25-DEC31,office_exit|leave_office|jerome_powell|year:2025,office_exit,uma_risk_exposed,520930,Jerome Powell out as Fed Chair in 2025?,0,Yes,44446628319261786751896876365833910598445252343588252409740203088317210950410,False,binary_yes_token_price,LEAVEPOWELL-25-DEC31,Powell leaves before 2026?,Before 2026,11760101.336012,11760101.336012,0.15,0.18,-0.03,2025-03-20 13:30:09-07:00,2025-03-23 09:15:48.459961-07:00,0.88,deterministic_contract_key
mineral_rights,2025-03-24,2025-03-24,2025_03_24_open_0500_PT,2025-03-24 12:00:00+00:00,2025-03-24 05:00:00-07:00,2025-03-24,0,1,office_exit|resign|volodymyr_zelenskyy|year:2025|525157|74129046843921940913413587682588886122583847748489066762857187137233978267670|KXUKRAINERESIGN-26,office_exit|resign|volodymyr_zelenskyy|year:2025,office_exit,uma_risk_exposed,525157,Zelensky resigns in 2025?,0,Yes,74129046843921940913413587682588886122583847748489066762857187137233978267670,False,binary_yes_token_price,KXUKRAINERESIGN-26,"Will Volodymyr Zelenskyy resign before Jan 1, 2026?",Before 2026,639799.279247,639799.279247,0.25,0.23,0.01999999999999999,2025-03-22 11:23:46-07:00,2025-03-24 03:36:36.625419-07:00,0.88,deterministic_contract_key
mineral_rights,2025-03-24,2025-03-24,2025_03_24_open_0500_PT,2025-03-24 12:00:00+00:00,2025-03-24 05:00:00-07:00,2025-03-24,0,1,policy_action|create|national_bitcoin_reserve|united_states|year:2025|516937|83894672511259544049673946661753374355328822374216474995072428966535091173758|KXBTCRESERVE-26-JAN01,policy_action|create|national_bitcoin_reserve|united_states|year:2025,policy_action,uma_risk_exposed,516937,US national Bitcoin reserve in 2025?,0,Yes,83894672511259544049673946661753374355328822374216474995072428966535091173758,False,binary_yes_token_price,KXBTCRESERVE-26-JAN01,"Will Trump create a National Bitcoin Reserve before Jan 1, 2026?","Before Jan 1, 2026",5526758.797978,5526758.797978,0.72,0.51,0.20999999999999996,2025-03-24 04:34:44-07:00,2025-03-24 03:29:22.450778-07:00,0.78,deterministic_contract_key
mineral_rights,2025-03-24,2025-03-24,2025_03_24_open_0500_PT,2025-03-24 12:00:00+00:00,2025-03-24 05:00:00-07:00,2025-03-24,0,1,policy_action|eliminate|department_of_education|united_states|year:2025|523188|60661165588332286306443081468695135979348107944620337686282849990456442563142|KXDOED-26-JAN01,policy_action|eliminate|department_of_education|united_states|year:2025,policy_action,uma_risk_exposed,523188,Will Trump end Department of Education in 2025?,0,Yes,60661165588332286306443081468695135979348107944620337686282849990456442563142,False,binary_yes_token_price,KXDOED-26-JAN01,"Will the Department of Education be eliminated before Jan 1, 2026?","Before Jan 1, 2026",900396.416301,900396.416301,0.2,0.17,0.03,2025-03-24 04:59:06-07:00,2025-03-24 04:08:30.029935-07:00,0.78,deterministic_contract_key
mineral_rights,2025-03-24,2025-03-24,2025_03_24_open_0500_PT,2025-03-24 12:00:00+00:00,2025-03-24 05:00:00-07:00,2025-03-24,0,1,policy_action|pass_law|strategic_bitcoin_reserve_act|texas|year:2025|518901|108694680056826771513727361737568313266027710115630595991317876664602548455545|KXTEXASBTC-26,policy_action|pass_law|strategic_bitcoin_reserve_act|texas|year:2025,policy_action,uma_risk_exposed,518901,Texas Strategic Bitcoin Reserve Act (H.B. 1598) signed in 2025?,0,Yes,108694680056826771513727361737568313266027710115630595991317876664602548455545,False,binary_yes_token_price,KXTEXASBTC-26,Will the Texas Strategic Bitcoin Reserve Act become law before 2026?,Before 2026,214638.028966,214638.028966,0.71,0.75,-0.040000000000000036,2025-03-23 11:30:30-07:00,2025-03-23 04:30:22.497168-07:00,0.8,deterministic_contract_key
mineral_rights,2025-03-24,2025-03-24,2025_03_24_open_0500_PT,2025-03-24 12:00:00+00:00,2025-03-24 05:00:00-07:00,2025-03-24,0,1,policy_action|start|recession|united_states|year:2025|516710|104173557214744537570424345347209544585775842950109756851652855913015295701992|RECSSNBER-25,policy_action|start|recession|united_states|year:2025,policy_action,uma_risk_exposed,516710,US recession in 2025?,0,Yes,104173557214744537570424345347209544585775842950109756851652855913015295701992,False,binary_yes_token_price,RECSSNBER-25,Will there be a recession in 2025?,Starts,11734512.428529,11734512.428529,0.33,0.39,-0.06,2025-03-24 04:18:46-07:00,2025-03-24 01:50:42.832955-07:00,0.78,deterministic_contract_key
mineral_rights,2025-03-24,2025-03-24,2025_03_24_close_1700_PT,2025-03-25 00:00:00+00:00,2025-03-24 17:00:00-07:00,2025-03-24,0,1,election|win_most_seats|conservative_party|canada_federal|year:2025|2025|517585|13613076726717814638495632178711195398447760389342275247699985009794802626720|KXCANADAPARTY-C,election|win_most_seats|conservative_party|canada_federal|year:2025|2025,election,uma_risk_exposed,517585,Will the Conservative Party win the most seats in the next Canadian election?,0,Yes,13613076726717814638495632178711195398447760389342275247699985009794802626720,False,binary_yes_token_price,KXCANADAPARTY-C,Will the Conservative party win the most seats in the 2025 Canadian House of Commons election?,Conservative party,3398500.815959,3398500.815959,0.5099999952399998,0.49,0.019999995239999846,2025-03-24 16:11:02-07:00,2025-03-24 14:14:24.880862-07:00,0.78,deterministic_contract_key
mineral_rights,2025-03-24,2025-03-24,2025_03_24_close_1700_PT,2025-03-25 00:00:00+00:00,2025-03-24 17:00:00-07:00,2025-03-24,0,1,election|win_most_seats|liberal_party|canada_federal|year:2025|2025|517586|97369614101217511684993615789719226906296227283714425485701044468625942166745|KXCANADAPARTY-L,election|win_most_seats|liberal_party|canada_federal|year:2025|2025,election,uma_risk_exposed,517586,Will the Liberal Party win the most seats in the next Canadian election?,0,Yes,97369614101217511684993615789719226906296227283714425485701044468625942166745,False,binary_yes_token_price,KXCANADAPARTY-L,Will the Liberal party win the most seats in the 2025 Canadian House of Commons election?,Liberal party,5152025.201466,5152025.201466,0.489,0.52,-0.031000000000000028,2025-03-24 16:12:30-07:00,2025-03-24 13:19:06.929257-07:00,0.78,deterministic_contract_key
mineral_rights,2025-03-24,2025-03-24,2025_03_24_close_1700_PT,2025-03-25 00:00:00+00:00,2025-03-24 17:00:00-07:00,2025-03-24,0,1,election|win_most_seats|livre|portugal_parliament|year:2025|2025|528688|52751046452229649713496016650084639987245509474072726014183432115433475908011|KXPORTUGALPARTY-25-LIVRE,election|win_most_seats|livre|portugal_parliament|year:2025|2025,election,uma_risk_exposed,528688,Will Livre win the most seats in the 2025 Portuguese legislative election?,0,Yes,52751046452229649713496016650084639987245509474072726014183432115433475908011,False,binary_yes_token_price,KXPORTUGALPARTY-25-LIVRE,Will LIVRE win the most seats in the Portuguese general election?,LIVRE,330488.439275,330488.439275,0.004,0.01,-0.006,2025-03-24 11:15:34-07:00,2025-03-19 11:14:39.712081-07:00,0.78,deterministic_contract_key
mineral_rights,2025-03-24,2025-03-24,2025_03_24_close_1700_PT,2025-03-25 00:00:00+00:00,2025-03-24 17:00:00-07:00,2025-03-24,0,1,election|win_most_seats|peoples_party|canada_federal|year:2025|2025|517590|35924832551646767782758424953354849643043645213249703917795372244091393088355|KXCANADAPARTY-P,election|win_most_seats|peoples_party|canada_federal|year:2025|2025,election,uma_risk_exposed,517590,Will the People's party win the most seats in the next Canadian election?,0,Yes,35924832551646767782758424953354849643043645213249703917795372244091393088355,False,binary_yes_token_price,KXCANADAPARTY-P,Will the People's party win the most seats in the 2025 Canadian House of Commons election?,People's party,1139787.923504,1139787.923504,0.001,0.01,-0.009000000000000001,2025-03-21 16:10:40-07:00,2024-11-24 04:37:11.979961-08:00,0.78,deterministic_contract_key
mineral_rights,2025-03-24,2025-03-24,2025_03_24_close_1700_PT,2025-03-25 00:00:00+00:00,2025-03-24 17:00:00-07:00,2025-03-24,0,1,election|win|daniel_noboa|ecuadorian_presidential|year:2025|2025|514172|78529201497074592652635694767108128464886305064134175900444209409569043565924|KXPRESECUADOR25-DN,election|win|daniel_noboa|ecuadorian_presidential|year:2025|2025,election,uma_risk_exposed,514172,Will Daniel Noboa win the 2025 Ecuadorian Presidential Election? ,0,Yes,78529201497074592652635694767108128464886305064134175900444209409569043565924,False,binary_yes_token_price,KXPRESECUADOR25-DN,Will Daniel Noboa win the 2025 Ecuadorian presidential election?,Daniel Noboa,1360386.018944,1360386.018944,0.45,0.44,0.010000000000000009,2025-03-24 16:23:48-07:00,2025-03-24 11:47:27.163800-07:00,0.78,deterministic_contract_key
mineral_rights,2025-03-24,2025-03-24,2025_03_24_close_1700_PT,2025-03-25 00:00:00+00:00,2025-03-24 17:00:00-07:00,2025-03-24,0,1,election|win|luisa_gonz_lez|ecuadorian_presidential|year:2025|2025|514181|31462369160152841995177527804912923307710608138814696727701585015260363916969|KXPRESECUADOR25-LG,election|win|luisa_gonz_lez|ecuadorian_presidential|year:2025|2025,election,uma_risk_exposed,514181,Will Luisa González win the 2025 Ecuadorian Presidential Election? ,0,Yes,31462369160152841995177527804912923307710608138814696727701585015260363916969,False,binary_yes_token_price,KXPRESECUADOR25-LG,Will Luisa González win the 2025 Ecuadorian presidential election?,Luisa González,1274030.578608,1274030.578608,0.55,0.57,-0.019999999999999907,2025-03-24 16:23:48-07:00,2025-03-24 11:10:07.993011-07:00,0.78,deterministic_contract_key
mineral_rights,2025-03-24,2025-03-24,2025_03_24_close_1700_PT,2025-03-25 00:00:00+00:00,2025-03-24 17:00:00-07:00,2025-03-24,0,1,office_exit|leave_office|jerome_powell|year:2025|520930|44446628319261786751896876365833910598445252343588252409740203088317210950410|LEAVEPOWELL-25-DEC31,office_exit|leave_office|jerome_powell|year:2025,office_exit,uma_risk_exposed,520930,Jerome Powell out as Fed Chair in 2025?,0,Yes,44446628319261786751896876365833910598445252343588252409740203088317210950410,False,binary_yes_token_price,LEAVEPOWELL-25-DEC31,Powell leaves before 2026?,Before 2026,11760101.336012,11760101.336012,0.15,0.19,-0.04000000000000001,2025-03-20 13:30:09-07:00,2025-03-24 11:11:41.062742-07:00,0.88,deterministic_contract_key
mineral_rights,2025-03-24,2025-03-24,2025_03_24_close_1700_PT,2025-03-25 00:00:00+00:00,2025-03-24 17:00:00-07:00,2025-03-24,0,1,office_exit|resign|volodymyr_zelenskyy|year:2025|525157|74129046843921940913413587682588886122583847748489066762857187137233978267670|KXUKRAINERESIGN-26,office_exit|resign|volodymyr_zelenskyy|year:2025,office_exit,uma_risk_exposed,525157,Zelensky resigns in 2025?,0,Yes,74129046843921940913413587682588886122583847748489066762857187137233978267670,False,binary_yes_token_price,KXUKRAINERESIGN-26,"Will Volodymyr Zelenskyy resign before Jan 1, 2026?",Before 2026,639799.279247,639799.279247,0.25,0.23,0.01999999999999999,2025-03-22 11:23:46-07:00,2025-03-24 12:20:28.764459-07:00,0.88,deterministic_contract_key
mineral_rights,2025-03-24,2025-03-24,2025_03_24_close_1700_PT,2025-03-25 00:00:00+00:00,2025-03-24 17:00:00-07:00,2025-03-24,0,1,policy_action|create|national_bitcoin_reserve|united_states|year:2025|516937|83894672511259544049673946661753374355328822374216474995072428966535091173758|KXBTCRESERVE-26-JAN01,policy_action|create|national_bitcoin_reserve|united_states|year:2025,policy_action,uma_risk_exposed,516937,US national Bitcoin reserve in 2025?,0,Yes,83894672511259544049673946661753374355328822374216474995072428966535091173758,False,binary_yes_token_price,KXBTCRESERVE-26-JAN01,"Will Trump create a National Bitcoin Reserve before Jan 1, 2026?","Before Jan 1, 2026",5526758.797978,5526758.797978,0.71,0.53,0.17999999999999994,2025-03-24 15:43:42-07:00,2025-03-24 11:46:51.600332-07:00,0.78,deterministic_contract_key
mineral_rights,2025-03-24,2025-03-24,2025_03_24_close_1700_PT,2025-03-25 00:00:00+00:00,2025-03-24 17:00:00-07:00,2025-03-24,0,1,policy_action|eliminate|department_of_education|united_states|year:2025|523188|60661165588332286306443081468695135979348107944620337686282849990456442563142|KXDOED-26-JAN01,policy_action|eliminate|department_of_education|united_states|year:2025,policy_action,uma_risk_exposed,523188,Will Trump end Department of Education in 2025?,0,Yes,60661165588332286306443081468695135979348107944620337686282849990456442563142,False,binary_yes_token_price,KXDOED-26-JAN01,"Will the Department of Education be eliminated before Jan 1, 2026?","Before Jan 1, 2026",900396.416301,900396.416301,0.19,0.19,0.0,2025-03-24 16:58:08-07:00,2025-03-24 16:18:41.850479-07:00,0.78,deterministic_contract_key
mineral_rights,2025-03-24,2025-03-24,2025_03_24_close_1700_PT,2025-03-25 00:00:00+00:00,2025-03-24 17:00:00-07:00,2025-03-24,0,1,policy_action|pass_law|strategic_bitcoin_reserve_act|texas|year:2025|518901|108694680056826771513727361737568313266027710115630595991317876664602548455545|KXTEXASBTC-26,policy_action|pass_law|strategic_bitcoin_reserve_act|texas|year:2025,policy_action,uma_risk_exposed,518901,Texas Strategic Bitcoin Reserve Act (H.B. 1598) signed in 2025?,0,Yes,108694680056826771513727361737568313266027710115630595991317876664602548455545,False,binary_yes_token_price,KXTEXASBTC-26,Will the Texas Strategic Bitcoin Reserve Act become law before 2026?,Before 2026,214638.028966,214638.028966,0.71,0.75,-0.040000000000000036,2025-03-23 11:30:30-07:00,2025-03-23 04:30:22.497168-07:00,0.8,deterministic_contract_key
mineral_rights,2025-03-24,2025-03-24,2025_03_24_close_1700_PT,2025-03-25 00:00:00+00:00,2025-03-24 17:00:00-07:00,2025-03-24,0,1,policy_action|start|recession|united_states|year:2025|516710|104173557214744537570424345347209544585775842950109756851652855913015295701992|RECSSNBER-25,policy_action|start|recession|united_states|year:2025,policy_action,uma_risk_exposed,516710,US recession in 2025?,0,Yes,104173557214744537570424345347209544585775842950109756851652855913015295701992,False,binary_yes_token_price,RECSSNBER-25,Will there be a recession in 2025?,Starts,11734512.428529,11734512.428529,0.34999999533333326,0.38,-0.030000004666666746,2025-03-24 15:27:08-07:00,2025-03-24 13:56:43.046907-07:00,0.78,deterministic_contract_key
mineral_rights,2025-03-24,2025-03-24,2025_03_25_open_0500_PT,2025-03-25 12:00:00+00:00,2025-03-25 05:00:00-07:00,2025-03-25,1,1,election|win_most_seats|conservative_party|canada_federal|year:2025|2025|517585|13613076726717814638495632178711195398447760389342275247699985009794802626720|KXCANADAPARTY-C,election|win_most_seats|conservative_party|canada_federal|year:2025|2025,election,uma_risk_exposed,517585,Will the Conservative Party win the most seats in the next Canadian election?,0,Yes,13613076726717814638495632178711195398447760389342275247699985009794802626720,False,binary_yes_token_price,KXCANADAPARTY-C,Will the Conservative party win the most seats in the 2025 Canadian House of Commons election?,Conservative party,3398500.815959,3398500.815959,0.51,0.48,0.030000000000000027,2025-03-25 04:20:24-07:00,2025-03-24 23:49:33.926058-07:00,0.78,deterministic_contract_key
mineral_rights,2025-03-24,2025-03-24,2025_03_25_open_0500_PT,2025-03-25 12:00:00+00:00,2025-03-25 05:00:00-07:00,2025-03-25,1,1,election|win_most_seats|liberal_party|canada_federal|year:2025|2025|517586|97369614101217511684993615789719226906296227283714425485701044468625942166745|KXCANADAPARTY-L,election|win_most_seats|liberal_party|canada_federal|year:2025|2025,election,uma_risk_exposed,517586,Will the Liberal Party win the most seats in the next Canadian election?,0,Yes,97369614101217511684993615789719226906296227283714425485701044468625942166745,False,binary_yes_token_price,KXCANADAPARTY-L,Will the Liberal party win the most seats in the 2025 Canadian House of Commons election?,Liberal party,5152025.201466,5152025.201466,0.48899999349629975,0.54,-0.05100000650370029,2025-03-25 04:58:32-07:00,2025-03-25 01:49:01.662169-07:00,0.78,deterministic_contract_key
mineral_rights,2025-03-24,2025-03-24,2025_03_25_open_0500_PT,2025-03-25 12:00:00+00:00,2025-03-25 05:00:00-07:00,2025-03-25,1,1,election|win_most_seats|livre|portugal_parliament|year:2025|2025|528688|52751046452229649713496016650084639987245509474072726014183432115433475908011|KXPORTUGALPARTY-25-LIVRE,election|win_most_seats|livre|portugal_parliament|year:2025|2025,election,uma_risk_exposed,528688,Will Livre win the most seats in the 2025 Portuguese legislative election?,0,Yes,52751046452229649713496016650084639987245509474072726014183432115433475908011,False,binary_yes_token_price,KXPORTUGALPARTY-25-LIVRE,Will LIVRE win the most seats in the Portuguese general election?,LIVRE,330488.439275,330488.439275,0.003,0.01,-0.007,2025-03-25 01:58:54-07:00,2025-03-19 11:14:39.712081-07:00,0.78,deterministic_contract_key
mineral_rights,2025-03-24,2025-03-24,2025_03_25_open_0500_PT,2025-03-25 12:00:00+00:00,2025-03-25 05:00:00-07:00,2025-03-25,1,1,election|win_most_seats|peoples_party|canada_federal|year:2025|2025|517590|35924832551646767782758424953354849643043645213249703917795372244091393088355|KXCANADAPARTY-P,election|win_most_seats|peoples_party|canada_federal|year:2025|2025,election,uma_risk_exposed,517590,Will the People's party win the most seats in the next Canadian election?,0,Yes,35924832551646767782758424953354849643043645213249703917795372244091393088355,False,binary_yes_token_price,KXCANADAPARTY-P,Will the People's party win the most seats in the 2025 Canadian House of Commons election?,People's party,1139787.923504,1139787.923504,0.001,0.01,-0.009000000000000001,2025-03-21 16:10:40-07:00,2024-11-24 04:37:11.979961-08:00,0.78,deterministic_contract_key
mineral_rights,2025-03-24,2025-03-24,2025_03_25_open_0500_PT,2025-03-25 12:00:00+00:00,2025-03-25 05:00:00-07:00,2025-03-25,1,1,election|win|daniel_noboa|ecuadorian_presidential|year:2025|2025|514172|78529201497074592652635694767108128464886305064134175900444209409569043565924|KXPRESECUADOR25-DN,election|win|daniel_noboa|ecuadorian_presidential|year:2025|2025,election,uma_risk_exposed,514172,Will Daniel Noboa win the 2025 Ecuadorian Presidential Election? ,0,Yes,78529201497074592652635694767108128464886305064134175900444209409569043565924,False,binary_yes_token_price,KXPRESECUADOR25-DN,Will Daniel Noboa win the 2025 Ecuadorian presidential election?,Daniel Noboa,1360386.018944,1360386.018944,0.44,0.44,0.0,2025-03-25 01:16:47-07:00,2025-03-24 11:47:27.163800-07:00,0.78,deterministic_contract_key
mineral_rights,2025-03-24,2025-03-24,2025_03_25_open_0500_PT,2025-03-25 12:00:00+00:00,2025-03-25 05:00:00-07:00,2025-03-25,1,1,election|win|luisa_gonz_lez|ecuadorian_presidential|year:2025|2025|514181|31462369160152841995177527804912923307710608138814696727701585015260363916969|KXPRESECUADOR25-LG,election|win|luisa_gonz_lez|ecuadorian_presidential|year:2025|2025,election,uma_risk_exposed,514181,Will Luisa González win the 2025 Ecuadorian Presidential Election? ,0,Yes,31462369160152841995177527804912923307710608138814696727701585015260363916969,False,binary_yes_token_price,KXPRESECUADOR25-LG,Will Luisa González win the 2025 Ecuadorian presidential election?,Luisa González,1274030.578608,1274030.578608,0.55,0.57,-0.019999999999999907,2025-03-25 02:47:26-07:00,2025-03-24 11:10:07.993011-07:00,0.78,deterministic_contract_key
mineral_rights,2025-03-24,2025-03-24,2025_03_25_open_0500_PT,2025-03-25 12:00:00+00:00,2025-03-25 05:00:00-07:00,2025-03-25,1,1,office_exit|leave_office|jerome_powell|year:2025|520930|44446628319261786751896876365833910598445252343588252409740203088317210950410|LEAVEPOWELL-25-DEC31,office_exit|leave_office|jerome_powell|year:2025,office_exit,uma_risk_exposed,520930,Jerome Powell out as Fed Chair in 2025?,0,Yes,44446628319261786751896876365833910598445252343588252409740203088317210950410,False,binary_yes_token_price,LEAVEPOWELL-25-DEC31,Powell leaves before 2026?,Before 2026,11760101.336012,11760101.336012,0.14,0.19,-0.04999999999999999,2025-03-24 20:04:44-07:00,2025-03-24 11:11:41.062742-07:00,0.88,deterministic_contract_key
mineral_rights,2025-03-24,2025-03-24,2025_03_25_open_0500_PT,2025-03-25 12:00:00+00:00,2025-03-25 05:00:00-07:00,2025-03-25,1,1,office_exit|resign|volodymyr_zelenskyy|year:2025|525157|74129046843921940913413587682588886122583847748489066762857187137233978267670|KXUKRAINERESIGN-26,office_exit|resign|volodymyr_zelenskyy|year:2025,office_exit,uma_risk_exposed,525157,Zelensky resigns in 2025?,0,Yes,74129046843921940913413587682588886122583847748489066762857187137233978267670,False,binary_yes_token_price,KXUKRAINERESIGN-26,"Will Volodymyr Zelenskyy resign before Jan 1, 2026?",Before 2026,639799.279247,639799.279247,0.25,0.23,0.01999999999999999,2025-03-24 19:47:00-07:00,2025-03-24 12:20:28.764459-07:00,0.88,deterministic_contract_key
mineral_rights,2025-03-24,2025-03-24,2025_03_25_open_0500_PT,2025-03-25 12:00:00+00:00,2025-03-25 05:00:00-07:00,2025-03-25,1,1,policy_action|create|national_bitcoin_reserve|united_states|year:2025|516937|83894672511259544049673946661753374355328822374216474995072428966535091173758|KXBTCRESERVE-26-JAN01,policy_action|create|national_bitcoin_reserve|united_states|year:2025,policy_action,uma_risk_exposed,516937,US national Bitcoin reserve in 2025?,0,Yes,83894672511259544049673946661753374355328822374216474995072428966535091173758,False,binary_yes_token_price,KXBTCRESERVE-26-JAN01,"Will Trump create a National Bitcoin Reserve before Jan 1, 2026?","Before Jan 1, 2026",5526758.797978,5526758.797978,0.71,0.53,0.17999999999999994,2025-03-25 02:09:30-07:00,2025-03-24 11:46:51.600332-07:00,0.78,deterministic_contract_key
mineral_rights,2025-03-24,2025-03-24,2025_03_25_open_0500_PT,2025-03-25 12:00:00+00:00,2025-03-25 05:00:00-07:00,2025-03-25,1,1,policy_action|eliminate|department_of_education|united_states|year:2025|523188|60661165588332286306443081468695135979348107944620337686282849990456442563142|KXDOED-26-JAN01,policy_action|eliminate|department_of_education|united_states|year:2025,policy_action,uma_risk_exposed,523188,Will Trump end Department of Education in 2025?,0,Yes,60661165588332286306443081468695135979348107944620337686282849990456442563142,False,binary_yes_token_price,KXDOED-26-JAN01,"Will the Department of Education be eliminated before Jan 1, 2026?","Before Jan 1, 2026",900396.416301,900396.416301,0.19,0.18,0.010000000000000009,2025-03-25 04:45:20-07:00,2025-03-25 04:47:13.461169-07:00,0.78,deterministic_contract_key
mineral_rights,2025-03-24,2025-03-24,2025_03_25_open_0500_PT,2025-03-25 12:00:00+00:00,2025-03-25 05:00:00-07:00,2025-03-25,1,1,policy_action|pass_law|strategic_bitcoin_reserve_act|texas|year:2025|518901|108694680056826771513727361737568313266027710115630595991317876664602548455545|KXTEXASBTC-26,policy_action|pass_law|strategic_bitcoin_reserve_act|texas|year:2025,policy_action,uma_risk_exposed,518901,Texas Strategic Bitcoin Reserve Act (H.B. 1598) signed in 2025?,0,Yes,108694680056826771513727361737568313266027710115630595991317876664602548455545,False,binary_yes_token_price,KXTEXASBTC-26,Will the Texas Strategic Bitcoin Reserve Act become law before 2026?,Before 2026,214638.028966,214638.028966,0.71,0.75,-0.040000000000000036,2025-03-23 11:30:30-07:00,2025-03-23 04:30:22.497168-07:00,0.8,deterministic_contract_key
mineral_rights,2025-03-24,2025-03-24,2025_03_25_open_0500_PT,2025-03-25 12:00:00+00:00,2025-03-25 05:00:00-07:00,2025-03-25,1,1,policy_action|start|recession|united_states|year:2025|516710|104173557214744537570424345347209544585775842950109756851652855913015295701992|RECSSNBER-25,policy_action|start|recession|united_states|year:2025,policy_action,uma_risk_exposed,516710,US recession in 2025?,0,Yes,104173557214744537570424345347209544585775842950109756851652855913015295701992,False,binary_yes_token_price,RECSSNBER-25,Will there be a recession in 2025?,Starts,11734512.428529,11734512.428529,0.31,0.39,-0.08000000000000002,2025-03-25 04:56:50-07:00,2025-03-25 04:14:31.862980-07:00,0.78,deterministic_contract_key
mineral_rights,2025-03-24,2025-03-24,2025_03_25_close_1700_PT,2025-03-26 00:00:00+00:00,2025-03-25 17:00:00-07:00,2025-03-25,1,1,election|win_most_seats|conservative_party|canada_federal|year:2025|2025|517585|13613076726717814638495632178711195398447760389342275247699985009794802626720|KXCANADAPARTY-C,election|win_most_seats|conservative_party|canada_federal|year:2025|2025,election,uma_risk_exposed,517585,Will the Conservative Party win the most seats in the next Canadian election?,0,Yes,13613076726717814638495632178711195398447760389342275247699985009794802626720,False,binary_yes_token_price,KXCANADAPARTY-C,Will the Conservative party win the most seats in the 2025 Canadian House of Commons election?,Conservative party,3398500.815959,3398500.815959,0.47,0.46,0.009999999999999953,2025-03-25 16:30:14-07:00,2025-03-25 13:04:32.605136-07:00,0.78,deterministic_contract_key
mineral_rights,2025-03-24,2025-03-24,2025_03_25_close_1700_PT,2025-03-26 00:00:00+00:00,2025-03-25 17:00:00-07:00,2025-03-25,1,1,election|win_most_seats|liberal_party|canada_federal|year:2025|2025|517586|97369614101217511684993615789719226906296227283714425485701044468625942166745|KXCANADAPARTY-L,election|win_most_seats|liberal_party|canada_federal|year:2025|2025,election,uma_risk_exposed,517586,Will the Liberal Party win the most seats in the next Canadian election?,0,Yes,97369614101217511684993615789719226906296227283714425485701044468625942166745,False,binary_yes_token_price,KXCANADAPARTY-L,Will the Liberal party win the most seats in the 2025 Canadian House of Commons election?,Liberal party,5152025.201466,5152025.201466,0.525,0.55,-0.025000000000000022,2025-03-25 16:51:44-07:00,2025-03-25 15:05:07.573842-07:00,0.78,deterministic_contract_key
mineral_rights,2025-03-24,2025-03-24,2025_03_25_close_1700_PT,2025-03-26 00:00:00+00:00,2025-03-25 17:00:00-07:00,2025-03-25,1,1,election|win_most_seats|livre|portugal_parliament|year:2025|2025|528688|52751046452229649713496016650084639987245509474072726014183432115433475908011|KXPORTUGALPARTY-25-LIVRE,election|win_most_seats|livre|portugal_parliament|year:2025|2025,election,uma_risk_exposed,528688,Will Livre win the most seats in the 2025 Portuguese legislative election?,0,Yes,52751046452229649713496016650084639987245509474072726014183432115433475908011,False,binary_yes_token_price,KXPORTUGALPARTY-25-LIVRE,Will LIVRE win the most seats in the Portuguese general election?,LIVRE,330488.439275,330488.439275,0.003,0.01,-0.007,2025-03-25 13:18:18-07:00,2025-03-19 11:14:39.712081-07:00,0.78,deterministic_contract_key
mineral_rights,2025-03-24,2025-03-24,2025_03_25_close_1700_PT,2025-03-26 00:00:00+00:00,2025-03-25 17:00:00-07:00,2025-03-25,1,1,election|win_most_seats|peoples_party|canada_federal|year:2025|2025|517590|35924832551646767782758424953354849643043645213249703917795372244091393088355|KXCANADAPARTY-P,election|win_most_seats|peoples_party|canada_federal|year:2025|2025,election,uma_risk_exposed,517590,Will the People's party win the most seats in the next Canadian election?,0,Yes,35924832551646767782758424953354849643043645213249703917795372244091393088355,False,binary_yes_token_price,KXCANADAPARTY-P,Will the People's party win the most seats in the 2025 Canadian House of Commons election?,People's party,1139787.923504,1139787.923504,0.001,0.01,-0.009000000000000001,2025-03-21 16:10:40-07:00,2024-11-24 04:37:11.979961-08:00,0.78,deterministic_contract_key
mineral_rights,2025-03-24,2025-03-24,2025_03_25_close_1700_PT,2025-03-26 00:00:00+00:00,2025-03-25 17:00:00-07:00,2025-03-25,1,1,election|win|daniel_noboa|ecuadorian_presidential|year:2025|2025|514172|78529201497074592652635694767108128464886305064134175900444209409569043565924|KXPRESECUADOR25-DN,election|win|daniel_noboa|ecuadorian_presidential|year:2025|2025,election,uma_risk_exposed,514172,Will Daniel Noboa win the 2025 Ecuadorian Presidential Election? ,0,Yes,78529201497074592652635694767108128464886305064134175900444209409569043565924,False,binary_yes_token_price,KXPRESECUADOR25-DN,Will Daniel Noboa win the 2025 Ecuadorian presidential election?,Daniel Noboa,1360386.018944,1360386.018944,0.44,0.44,0.0,2025-03-25 16:43:06-07:00,2025-03-25 05:03:28.031328-07:00,0.78,deterministic_contract_key
mineral_rights,2025-03-24,2025-03-24,2025_03_25_close_1700_PT,2025-03-26 00:00:00+00:00,2025-03-25 17:00:00-07:00,2025-03-25,1,1,election|win|luisa_gonz_lez|ecuadorian_presidential|year:2025|2025|514181|31462369160152841995177527804912923307710608138814696727701585015260363916969|KXPRESECUADOR25-LG,election|win|luisa_gonz_lez|ecuadorian_presidential|year:2025|2025,election,uma_risk_exposed,514181,Will Luisa González win the 2025 Ecuadorian Presidential Election? ,0,Yes,31462369160152841995177527804912923307710608138814696727701585015260363916969,False,binary_yes_token_price,KXPRESECUADOR25-LG,Will Luisa González win the 2025 Ecuadorian presidential election?,Luisa González,1274030.578608,1274030.578608,0.55,0.57,-0.019999999999999907,2025-03-25 16:13:00-07:00,2025-03-24 11:10:07.993011-07:00,0.78,deterministic_contract_key
mineral_rights,2025-03-24,2025-03-24,2025_03_25_close_1700_PT,2025-03-26 00:00:00+00:00,2025-03-25 17:00:00-07:00,2025-03-25,1,1,office_exit|leave_office|jerome_powell|year:2025|520930|44446628319261786751896876365833910598445252343588252409740203088317210950410|LEAVEPOWELL-25-DEC31,office_exit|leave_office|jerome_powell|year:2025,office_exit,uma_risk_exposed,520930,Jerome Powell out as Fed Chair in 2025?,0,Yes,44446628319261786751896876365833910598445252343588252409740203088317210950410,False,binary_yes_token_price,LEAVEPOWELL-25-DEC31,Powell leaves before 2026?,Before 2026,11760101.336012,11760101.336012,0.14,0.19,-0.04999999999999999,2025-03-24 20:04:44-07:00,2025-03-24 11:11:41.062742-07:00,0.88,deterministic_contract_key
mineral_rights,2025-03-24,2025-03-24,2025_03_25_close_1700_PT,2025-03-26 00:00:00+00:00,2025-03-25 17:00:00-07:00,2025-03-25,1,1,office_exit|resign|volodymyr_zelenskyy|year:2025|525157|74129046843921940913413587682588886122583847748489066762857187137233978267670|KXUKRAINERESIGN-26,office_exit|resign|volodymyr_zelenskyy|year:2025,office_exit,uma_risk_exposed,525157,Zelensky resigns in 2025?,0,Yes,74129046843921940913413587682588886122583847748489066762857187137233978267670,False,binary_yes_token_price,KXUKRAINERESIGN-26,"Will Volodymyr Zelenskyy resign before Jan 1, 2026?",Before 2026,639799.279247,639799.279247,0.23,0.25,-0.01999999999999999,2025-03-25 13:56:17-07:00,2025-03-25 14:08:21.545193-07:00,0.88,deterministic_contract_key
mineral_rights,2025-03-24,2025-03-24,2025_03_25_close_1700_PT,2025-03-26 00:00:00+00:00,2025-03-25 17:00:00-07:00,2025-03-25,1,1,policy_action|create|national_bitcoin_reserve|united_states|year:2025|516937|83894672511259544049673946661753374355328822374216474995072428966535091173758|KXBTCRESERVE-26-JAN01,policy_action|create|national_bitcoin_reserve|united_states|year:2025,policy_action,uma_risk_exposed,516937,US national Bitcoin reserve in 2025?,0,Yes,83894672511259544049673946661753374355328822374216474995072428966535091173758,False,binary_yes_token_price,KXBTCRESERVE-26-JAN01,"Will Trump create a National Bitcoin Reserve before Jan 1, 2026?","Before Jan 1, 2026",5526758.797978,5526758.797978,0.72,0.52,0.19999999999999996,2025-03-25 16:21:42-07:00,2025-03-25 09:19:42.678484-07:00,0.78,deterministic_contract_key
mineral_rights,2025-03-24,2025-03-24,2025_03_25_close_1700_PT,2025-03-26 00:00:00+00:00,2025-03-25 17:00:00-07:00,2025-03-25,1,1,policy_action|eliminate|department_of_education|united_states|year:2025|523188|60661165588332286306443081468695135979348107944620337686282849990456442563142|KXDOED-26-JAN01,policy_action|eliminate|department_of_education|united_states|year:2025,policy_action,uma_risk_exposed,523188,Will Trump end Department of Education in 2025?,0,Yes,60661165588332286306443081468695135979348107944620337686282849990456442563142,False,binary_yes_token_price,KXDOED-26-JAN01,"Will the Department of Education be eliminated before Jan 1, 2026?","Before Jan 1, 2026",900396.416301,900396.416301,0.179999997552,0.19,-0.010000002448000006,2025-03-25 14:47:08-07:00,2025-03-25 15:16:31.018996-07:00,0.78,deterministic_contract_key
mineral_rights,2025-03-24,2025-03-24,2025_03_25_close_1700_PT,2025-03-26 00:00:00+00:00,2025-03-25 17:00:00-07:00,2025-03-25,1,1,policy_action|pass_law|strategic_bitcoin_reserve_act|texas|year:2025|518901|108694680056826771513727361737568313266027710115630595991317876664602548455545|KXTEXASBTC-26,policy_action|pass_law|strategic_bitcoin_reserve_act|texas|year:2025,policy_action,uma_risk_exposed,518901,Texas Strategic Bitcoin Reserve Act (H.B. 1598) signed in 2025?,0,Yes,108694680056826771513727361737568313266027710115630595991317876664602548455545,False,binary_yes_token_price,KXTEXASBTC-26,Will the Texas Strategic Bitcoin Reserve Act become law before 2026?,Before 2026,214638.028966,214638.028966,0.71,0.76,-0.050000000000000044,2025-03-23 11:30:30-07:00,2025-03-25 09:28:13.078843-07:00,0.8,deterministic_contract_key
mineral_rights,2025-03-24,2025-03-24,2025_03_25_close_1700_PT,2025-03-26 00:00:00+00:00,2025-03-25 17:00:00-07:00,2025-03-25,1,1,policy_action|start|recession|united_states|year:2025|516710|104173557214744537570424345347209544585775842950109756851652855913015295701992|RECSSNBER-25,policy_action|start|recession|united_states|year:2025,policy_action,uma_risk_exposed,516710,US recession in 2025?,0,Yes,104173557214744537570424345347209544585775842950109756851652855913015295701992,False,binary_yes_token_price,RECSSNBER-25,Will there be a recession in 2025?,Starts,11734512.428529,11734512.428529,0.33,0.39,-0.06,2025-03-25 15:05:02-07:00,2025-03-25 13:22:45.778497-07:00,0.78,deterministic_contract_key
mineral_rights,2025-03-24,2025-03-24,2025_03_26_open_0500_PT,2025-03-26 12:00:00+00:00,2025-03-26 05:00:00-07:00,2025-03-26,2,1,election|win_most_seats|conservative_party|canada_federal|year:2025|2025|517585|13613076726717814638495632178711195398447760389342275247699985009794802626720|KXCANADAPARTY-C,election|win_most_seats|conservative_party|canada_federal|year:2025|2025,election,uma_risk_exposed,517585,Will the Conservative Party win the most seats in the next Canadian election?,0,Yes,13613076726717814638495632178711195398447760389342275247699985009794802626720,False,binary_yes_token_price,KXCANADAPARTY-C,Will the Conservative party win the most seats in the 2025 Canadian House of Commons election?,Conservative party,3398500.815959,3398500.815959,0.47999982719988943,0.44,0.039999827199889426,2025-03-26 04:50:45-07:00,2025-03-25 23:52:40.425056-07:00,0.78,deterministic_contract_key
mineral_rights,2025-03-24,2025-03-24,2025_03_26_open_0500_PT,2025-03-26 12:00:00+00:00,2025-03-26 05:00:00-07:00,2025-03-26,2,1,election|win_most_seats|liberal_party|canada_federal|year:2025|2025|517586|97369614101217511684993615789719226906296227283714425485701044468625942166745|KXCANADAPARTY-L,election|win_most_seats|liberal_party|canada_federal|year:2025|2025,election,uma_risk_exposed,517586,Will the Liberal Party win the most seats in the next Canadian election?,0,Yes,97369614101217511684993615789719226906296227283714425485701044468625942166745,False,binary_yes_token_price,KXCANADAPARTY-L,Will the Liberal party win the most seats in the 2025 Canadian House of Commons election?,Liberal party,5152025.201466,5152025.201466,0.527,0.57,-0.04299999999999993,2025-03-26 04:59:02-07:00,2025-03-26 03:04:34.951557-07:00,0.78,deterministic_contract_key
mineral_rights,2025-03-24,2025-03-24,2025_03_26_open_0500_PT,2025-03-26 12:00:00+00:00,2025-03-26 05:00:00-07:00,2025-03-26,2,1,election|win_most_seats|livre|portugal_parliament|year:2025|2025|528688|52751046452229649713496016650084639987245509474072726014183432115433475908011|KXPORTUGALPARTY-25-LIVRE,election|win_most_seats|livre|portugal_parliament|year:2025|2025,election,uma_risk_exposed,528688,Will Livre win the most seats in the 2025 Portuguese legislative election?,0,Yes,52751046452229649713496016650084639987245509474072726014183432115433475908011,False,binary_yes_token_price,KXPORTUGALPARTY-25-LIVRE,Will LIVRE win the most seats in the Portuguese general election?,LIVRE,330488.439275,330488.439275,0.003,0.01,-0.007,2025-03-26 04:23:59-07:00,2025-03-19 11:14:39.712081-07:00,0.78,deterministic_contract_key
mineral_rights,2025-03-24,2025-03-24,2025_03_26_open_0500_PT,2025-03-26 12:00:00+00:00,2025-03-26 05:00:00-07:00,2025-03-26,2,1,election|win_most_seats|peoples_party|canada_federal|year:2025|2025|517590|35924832551646767782758424953354849643043645213249703917795372244091393088355|KXCANADAPARTY-P,election|win_most_seats|peoples_party|canada_federal|year:2025|2025,election,uma_risk_exposed,517590,Will the People's party win the most seats in the next Canadian election?,0,Yes,35924832551646767782758424953354849643043645213249703917795372244091393088355,False,binary_yes_token_price,KXCANADAPARTY-P,Will the People's party win the most seats in the 2025 Canadian House of Commons election?,People's party,1139787.923504,1139787.923504,0.001,0.01,-0.009000000000000001,2025-03-26 03:28:09-07:00,2024-11-24 04:37:11.979961-08:00,0.78,deterministic_contract_key
mineral_rights,2025-03-24,2025-03-24,2025_03_26_open_0500_PT,2025-03-26 12:00:00+00:00,2025-03-26 05:00:00-07:00,2025-03-26,2,1,election|win|daniel_noboa|ecuadorian_presidential|year:2025|2025|514172|78529201497074592652635694767108128464886305064134175900444209409569043565924|KXPRESECUADOR25-DN,election|win|daniel_noboa|ecuadorian_presidential|year:2025|2025,election,uma_risk_exposed,514172,Will Daniel Noboa win the 2025 Ecuadorian Presidential Election? ,0,Yes,78529201497074592652635694767108128464886305064134175900444209409569043565924,False,binary_yes_token_price,KXPRESECUADOR25-DN,Will Daniel Noboa win the 2025 Ecuadorian presidential election?,Daniel Noboa,1360386.018944,1360386.018944,0.45,0.44,0.010000000000000009,2025-03-26 03:23:41-07:00,2025-03-25 05:03:28.031328-07:00,0.78,deterministic_contract_key
mineral_rights,2025-03-24,2025-03-24,2025_03_26_open_0500_PT,2025-03-26 12:00:00+00:00,2025-03-26 05:00:00-07:00,2025-03-26,2,1,election|win|luisa_gonz_lez|ecuadorian_presidential|year:2025|2025|514181|31462369160152841995177527804912923307710608138814696727701585015260363916969|KXPRESECUADOR25-LG,election|win|luisa_gonz_lez|ecuadorian_presidential|year:2025|2025,election,uma_risk_exposed,514181,Will Luisa González win the 2025 Ecuadorian Presidential Election? ,0,Yes,31462369160152841995177527804912923307710608138814696727701585015260363916969,False,binary_yes_token_price,KXPRESECUADOR25-LG,Will Luisa González win the 2025 Ecuadorian presidential election?,Luisa González,1274030.578608,1274030.578608,0.55,0.57,-0.019999999999999907,2025-03-26 03:07:11-07:00,2025-03-24 11:10:07.993011-07:00,0.78,deterministic_contract_key
mineral_rights,2025-03-24,2025-03-24,2025_03_26_open_0500_PT,2025-03-26 12:00:00+00:00,2025-03-26 05:00:00-07:00,2025-03-26,2,1,office_exit|leave_office|jerome_powell|year:2025|520930|44446628319261786751896876365833910598445252343588252409740203088317210950410|LEAVEPOWELL-25-DEC31,office_exit|leave_office|jerome_powell|year:2025,office_exit,uma_risk_exposed,520930,Jerome Powell out as Fed Chair in 2025?,0,Yes,44446628319261786751896876365833910598445252343588252409740203088317210950410,False,binary_yes_token_price,LEAVEPOWELL-25-DEC31,Powell leaves before 2026?,Before 2026,11760101.336012,11760101.336012,0.14,0.19,-0.04999999999999999,2025-03-24 20:04:44-07:00,2025-03-24 11:11:41.062742-07:00,0.88,deterministic_contract_key
mineral_rights,2025-03-24,2025-03-24,2025_03_26_open_0500_PT,2025-03-26 12:00:00+00:00,2025-03-26 05:00:00-07:00,2025-03-26,2,1,office_exit|resign|volodymyr_zelenskyy|year:2025|525157|74129046843921940913413587682588886122583847748489066762857187137233978267670|KXUKRAINERESIGN-26,office_exit|resign|volodymyr_zelenskyy|year:2025,office_exit,uma_risk_exposed,525157,Zelensky resigns in 2025?,0,Yes,74129046843921940913413587682588886122583847748489066762857187137233978267670,False,binary_yes_token_price,KXUKRAINERESIGN-26,"Will Volodymyr Zelenskyy resign before Jan 1, 2026?",Before 2026,639799.279247,639799.279247,0.23999999673599998,0.24,-3.2640000147132753e-09,2025-03-26 01:54:51-07:00,2025-03-26 02:41:08.148829-07:00,0.88,deterministic_contract_key
mineral_rights,2025-03-24,2025-03-24,2025_03_26_open_0500_PT,2025-03-26 12:00:00+00:00,2025-03-26 05:00:00-07:00,2025-03-26,2,1,policy_action|create|national_bitcoin_reserve|united_states|year:2025|516937|83894672511259544049673946661753374355328822374216474995072428966535091173758|KXBTCRESERVE-26-JAN01,policy_action|create|national_bitcoin_reserve|united_states|year:2025,policy_action,uma_risk_exposed,516937,US national Bitcoin reserve in 2025?,0,Yes,83894672511259544049673946661753374355328822374216474995072428966535091173758,False,binary_yes_token_price,KXBTCRESERVE-26-JAN01,"Will Trump create a National Bitcoin Reserve before Jan 1, 2026?","Before Jan 1, 2026",5526758.797978,5526758.797978,0.71,0.52,0.18999999999999995,2025-03-26 04:29:54-07:00,2025-03-26 03:05:24.094896-07:00,0.78,deterministic_contract_key
mineral_rights,2025-03-24,2025-03-24,2025_03_26_open_0500_PT,2025-03-26 12:00:00+00:00,2025-03-26 05:00:00-07:00,2025-03-26,2,1,policy_action|eliminate|department_of_education|united_states|year:2025|523188|60661165588332286306443081468695135979348107944620337686282849990456442563142|KXDOED-26-JAN01,policy_action|eliminate|department_of_education|united_states|year:2025,policy_action,uma_risk_exposed,523188,Will Trump end Department of Education in 2025?,0,Yes,60661165588332286306443081468695135979348107944620337686282849990456442563142,False,binary_yes_token_price,KXDOED-26-JAN01,"Will the Department of Education be eliminated before Jan 1, 2026?","Before Jan 1, 2026",900396.416301,900396.416301,0.18,0.19,-0.010000000000000009,2025-03-26 04:59:37-07:00,2025-03-26 04:38:32.445627-07:00,0.78,deterministic_contract_key
mineral_rights,2025-03-24,2025-03-24,2025_03_26_open_0500_PT,2025-03-26 12:00:00+00:00,2025-03-26 05:00:00-07:00,2025-03-26,2,1,policy_action|pass_law|strategic_bitcoin_reserve_act|texas|year:2025|518901|108694680056826771513727361737568313266027710115630595991317876664602548455545|KXTEXASBTC-26,policy_action|pass_law|strategic_bitcoin_reserve_act|texas|year:2025,policy_action,uma_risk_exposed,518901,Texas Strategic Bitcoin Reserve Act (H.B. 1598) signed in 2025?,0,Yes,108694680056826771513727361737568313266027710115630595991317876664602548455545,False,binary_yes_token_price,KXTEXASBTC-26,Will the Texas Strategic Bitcoin Reserve Act become law before 2026?,Before 2026,214638.028966,214638.028966,0.71,0.76,-0.050000000000000044,2025-03-23 11:30:30-07:00,2025-03-25 09:28:13.078843-07:00,0.8,deterministic_contract_key
mineral_rights,2025-03-24,2025-03-24,2025_03_26_open_0500_PT,2025-03-26 12:00:00+00:00,2025-03-26 05:00:00-07:00,2025-03-26,2,1,policy_action|start|recession|united_states|year:2025|516710|104173557214744537570424345347209544585775842950109756851652855913015295701992|RECSSNBER-25,policy_action|start|recession|united_states|year:2025,policy_action,uma_risk_exposed,516710,US recession in 2025?,0,Yes,104173557214744537570424345347209544585775842950109756851652855913015295701992,False,binary_yes_token_price,RECSSNBER-25,Will there be a recession in 2025?,Starts,11734512.428529,11734512.428529,0.34,0.39,-0.04999999999999999,2025-03-26 04:53:46-07:00,2025-03-26 03:39:10.496162-07:00,0.78,deterministic_contract_key
mineral_rights,2025-03-24,2025-03-24,2025_03_26_close_1700_PT,2025-03-27 00:00:00+00:00,2025-03-26 17:00:00-07:00,2025-03-26,2,1,election|win_most_seats|conservative_party|canada_federal|year:2025|2025|517585|13613076726717814638495632178711195398447760389342275247699985009794802626720|KXCANADAPARTY-C,election|win_most_seats|conservative_party|canada_federal|year:2025|2025,election,uma_risk_exposed,517585,Will the Conservative Party win the most seats in the next Canadian election?,0,Yes,13613076726717814638495632178711195398447760389342275247699985009794802626720,False,binary_yes_token_price,KXCANADAPARTY-C,Will the Conservative party win the most seats in the 2025 Canadian House of Commons election?,Conservative party,3398500.815959,3398500.815959,0.43,0.46,-0.030000000000000027,2025-03-26 16:23:19-07:00,2025-03-26 08:53:25.892107-07:00,0.78,deterministic_contract_key
mineral_rights,2025-03-24,2025-03-24,2025_03_26_close_1700_PT,2025-03-27 00:00:00+00:00,2025-03-26 17:00:00-07:00,2025-03-26,2,1,election|win_most_seats|liberal_party|canada_federal|year:2025|2025|517586|97369614101217511684993615789719226906296227283714425485701044468625942166745|KXCANADAPARTY-L,election|win_most_seats|liberal_party|canada_federal|year:2025|2025,election,uma_risk_exposed,517586,Will the Liberal Party win the most seats in the next Canadian election?,0,Yes,97369614101217511684993615789719226906296227283714425485701044468625942166745,False,binary_yes_token_price,KXCANADAPARTY-L,Will the Liberal party win the most seats in the 2025 Canadian House of Commons election?,Liberal party,5152025.201466,5152025.201466,0.5631276779310626,0.57,-0.006872322068937398,2025-03-26 15:15:28-07:00,2025-03-26 10:37:20.741060-07:00,0.78,deterministic_contract_key
mineral_rights,2025-03-24,2025-03-24,2025_03_26_close_1700_PT,2025-03-27 00:00:00+00:00,2025-03-26 17:00:00-07:00,2025-03-26,2,1,election|win_most_seats|livre|portugal_parliament|year:2025|2025|528688|52751046452229649713496016650084639987245509474072726014183432115433475908011|KXPORTUGALPARTY-25-LIVRE,election|win_most_seats|livre|portugal_parliament|year:2025|2025,election,uma_risk_exposed,528688,Will Livre win the most seats in the 2025 Portuguese legislative election?,0,Yes,52751046452229649713496016650084639987245509474072726014183432115433475908011,False,binary_yes_token_price,KXPORTUGALPARTY-25-LIVRE,Will LIVRE win the most seats in the Portuguese general election?,LIVRE,330488.439275,330488.439275,0.003,0.01,-0.007,2025-03-26 08:40:36-07:00,2025-03-19 11:14:39.712081-07:00,0.78,deterministic_contract_key
mineral_rights,2025-03-24,2025-03-24,2025_03_26_close_1700_PT,2025-03-27 00:00:00+00:00,2025-03-26 17:00:00-07:00,2025-03-26,2,1,election|win_most_seats|peoples_party|canada_federal|year:2025|2025|517590|35924832551646767782758424953354849643043645213249703917795372244091393088355|KXCANADAPARTY-P,election|win_most_seats|peoples_party|canada_federal|year:2025|2025,election,uma_risk_exposed,517590,Will the People's party win the most seats in the next Canadian election?,0,Yes,35924832551646767782758424953354849643043645213249703917795372244091393088355,False,binary_yes_token_price,KXCANADAPARTY-P,Will the People's party win the most seats in the 2025 Canadian House of Commons election?,People's party,1139787.923504,1139787.923504,0.001,0.01,-0.009000000000000001,2025-03-26 03:28:09-07:00,2024-11-24 04:37:11.979961-08:00,0.78,deterministic_contract_key
mineral_rights,2025-03-24,2025-03-24,2025_03_26_close_1700_PT,2025-03-27 00:00:00+00:00,2025-03-26 17:00:00-07:00,2025-03-26,2,1,election|win|daniel_noboa|ecuadorian_presidential|year:2025|2025|514172|78529201497074592652635694767108128464886305064134175900444209409569043565924|KXPRESECUADOR25-DN,election|win|daniel_noboa|ecuadorian_presidential|year:2025|2025,election,uma_risk_exposed,514172,Will Daniel Noboa win the 2025 Ecuadorian Presidential Election? ,0,Yes,78529201497074592652635694767108128464886305064134175900444209409569043565924,False,binary_yes_token_price,KXPRESECUADOR25-DN,Will Daniel Noboa win the 2025 Ecuadorian presidential election?,Daniel Noboa,1360386.018944,1360386.018944,0.44,0.49,-0.04999999999999999,2025-03-26 16:46:09-07:00,2025-03-26 15:27:25.642289-07:00,0.78,deterministic_contract_key
mineral_rights,2025-03-24,2025-03-24,2025_03_26_close_1700_PT,2025-03-27 00:00:00+00:00,2025-03-26 17:00:00-07:00,2025-03-26,2,1,election|win|luisa_gonz_lez|ecuadorian_presidential|year:2025|2025|514181|31462369160152841995177527804912923307710608138814696727701585015260363916969|KXPRESECUADOR25-LG,election|win|luisa_gonz_lez|ecuadorian_presidential|year:2025|2025,election,uma_risk_exposed,514181,Will Luisa González win the 2025 Ecuadorian Presidential Election? ,0,Yes,31462369160152841995177527804912923307710608138814696727701585015260363916969,False,binary_yes_token_price,KXPRESECUADOR25-LG,Will Luisa González win the 2025 Ecuadorian presidential election?,Luisa González,1274030.578608,1274030.578608,0.54,0.53,0.010000000000000009,2025-03-26 16:47:39-07:00,2025-03-26 12:38:19.686312-07:00,0.78,deterministic_contract_key
mineral_rights,2025-03-24,2025-03-24,2025_03_26_close_1700_PT,2025-03-27 00:00:00+00:00,2025-03-26 17:00:00-07:00,2025-03-26,2,1,office_exit|leave_office|jerome_powell|year:2025|520930|44446628319261786751896876365833910598445252343588252409740203088317210950410|LEAVEPOWELL-25-DEC31,office_exit|leave_office|jerome_powell|year:2025,office_exit,uma_risk_exposed,520930,Jerome Powell out as Fed Chair in 2025?,0,Yes,44446628319261786751896876365833910598445252343588252409740203088317210950410,False,binary_yes_token_price,LEAVEPOWELL-25-DEC31,Powell leaves before 2026?,Before 2026,11760101.336012,11760101.336012,0.14,0.19,-0.04999999999999999,2025-03-24 20:04:44-07:00,2025-03-26 10:23:46.138062-07:00,0.88,deterministic_contract_key
mineral_rights,2025-03-24,2025-03-24,2025_03_26_close_1700_PT,2025-03-27 00:00:00+00:00,2025-03-26 17:00:00-07:00,2025-03-26,2,1,office_exit|resign|volodymyr_zelenskyy|year:2025|525157|74129046843921940913413587682588886122583847748489066762857187137233978267670|KXUKRAINERESIGN-26,office_exit|resign|volodymyr_zelenskyy|year:2025,office_exit,uma_risk_exposed,525157,Zelensky resigns in 2025?,0,Yes,74129046843921940913413587682588886122583847748489066762857187137233978267670,False,binary_yes_token_price,KXUKRAINERESIGN-26,"Will Volodymyr Zelenskyy resign before Jan 1, 2026?",Before 2026,639799.279247,639799.279247,0.2399999673599979,0.24,-3.2640002090023046e-08,2025-03-26 11:29:59-07:00,2025-03-26 12:55:48.953494-07:00,0.88,deterministic_contract_key
mineral_rights,2025-03-24,2025-03-24,2025_03_26_close_1700_PT,2025-03-27 00:00:00+00:00,2025-03-26 17:00:00-07:00,2025-03-26,2,1,policy_action|create|national_bitcoin_reserve|united_states|year:2025|516937|83894672511259544049673946661753374355328822374216474995072428966535091173758|KXBTCRESERVE-26-JAN01,policy_action|create|national_bitcoin_reserve|united_states|year:2025,policy_action,uma_risk_exposed,516937,US national Bitcoin reserve in 2025?,0,Yes,83894672511259544049673946661753374355328822374216474995072428966535091173758,False,binary_yes_token_price,KXBTCRESERVE-26-JAN01,"Will Trump create a National Bitcoin Reserve before Jan 1, 2026?","Before Jan 1, 2026",5526758.797978,5526758.797978,0.730000003672,0.51,0.220000003672,2025-03-26 16:17:41-07:00,2025-03-26 14:59:05.720716-07:00,0.78,deterministic_contract_key
mineral_rights,2025-03-24,2025-03-24,2025_03_26_close_1700_PT,2025-03-27 00:00:00+00:00,2025-03-26 17:00:00-07:00,2025-03-26,2,1,policy_action|eliminate|department_of_education|united_states|year:2025|523188|60661165588332286306443081468695135979348107944620337686282849990456442563142|KXDOED-26-JAN01,policy_action|eliminate|department_of_education|united_states|year:2025,policy_action,uma_risk_exposed,523188,Will Trump end Department of Education in 2025?,0,Yes,60661165588332286306443081468695135979348107944620337686282849990456442563142,False,binary_yes_token_price,KXDOED-26-JAN01,"Will the Department of Education be eliminated before Jan 1, 2026?","Before Jan 1, 2026",900396.416301,900396.416301,0.16190464163262214,0.16,0.0019046416326221338,2025-03-26 16:21:47-07:00,2025-03-26 16:05:33.408225-07:00,0.78,deterministic_contract_key
mineral_rights,2025-03-24,2025-03-24,2025_03_26_close_1700_PT,2025-03-27 00:00:00+00:00,2025-03-26 17:00:00-07:00,2025-03-26,2,1,policy_action|pass_law|strategic_bitcoin_reserve_act|texas|year:2025|518901|108694680056826771513727361737568313266027710115630595991317876664602548455545|KXTEXASBTC-26,policy_action|pass_law|strategic_bitcoin_reserve_act|texas|year:2025,policy_action,uma_risk_exposed,518901,Texas Strategic Bitcoin Reserve Act (H.B. 1598) signed in 2025?,0,Yes,108694680056826771513727361737568313266027710115630595991317876664602548455545,False,binary_yes_token_price,KXTEXASBTC-26,Will the Texas Strategic Bitcoin Reserve Act become law before 2026?,Before 2026,214638.028966,214638.028966,0.71,0.76,-0.050000000000000044,2025-03-23 11:30:30-07:00,2025-03-25 09:28:13.078843-07:00,0.8,deterministic_contract_key
mineral_rights,2025-03-24,2025-03-24,2025_03_26_close_1700_PT,2025-03-27 00:00:00+00:00,2025-03-26 17:00:00-07:00,2025-03-26,2,1,policy_action|start|recession|united_states|year:2025|516710|104173557214744537570424345347209544585775842950109756851652855913015295701992|RECSSNBER-25,policy_action|start|recession|united_states|year:2025,policy_action,uma_risk_exposed,516710,US recession in 2025?,0,Yes,104173557214744537570424345347209544585775842950109756851652855913015295701992,False,binary_yes_token_price,RECSSNBER-25,Will there be a recession in 2025?,Starts,11734512.428529,11734512.428529,0.36666666666666664,0.4,-0.03333333333333338,2025-03-26 16:45:03-07:00,2025-03-26 13:11:58.633629-07:00,0.78,deterministic_contract_key
mineral_rights,2025-03-24,2025-03-24,2025_03_27_open_0500_PT,2025-03-27 12:00:00+00:00,2025-03-27 05:00:00-07:00,2025-03-27,3,1,election|win_most_seats|conservative_party|canada_federal|year:2025|2025|517585|13613076726717814638495632178711195398447760389342275247699985009794802626720|KXCANADAPARTY-C,election|win_most_seats|conservative_party|canada_federal|year:2025|2025,election,uma_risk_exposed,517585,Will the Conservative Party win the most seats in the next Canadian election?,0,Yes,13613076726717814638495632178711195398447760389342275247699985009794802626720,False,binary_yes_token_price,KXCANADAPARTY-C,Will the Conservative party win the most seats in the 2025 Canadian House of Commons election?,Conservative party,3398500.815959,3398500.815959,0.43,0.41,0.020000000000000018,2025-03-27 04:01:01-07:00,2025-03-27 03:47:04.976448-07:00,0.78,deterministic_contract_key
mineral_rights,2025-03-24,2025-03-24,2025_03_27_open_0500_PT,2025-03-27 12:00:00+00:00,2025-03-27 05:00:00-07:00,2025-03-27,3,1,election|win_most_seats|liberal_party|canada_federal|year:2025|2025|517586|97369614101217511684993615789719226906296227283714425485701044468625942166745|KXCANADAPARTY-L,election|win_most_seats|liberal_party|canada_federal|year:2025|2025,election,uma_risk_exposed,517586,Will the Liberal Party win the most seats in the next Canadian election?,0,Yes,97369614101217511684993615789719226906296227283714425485701044468625942166745,False,binary_yes_token_price,KXCANADAPARTY-L,Will the Liberal party win the most seats in the 2025 Canadian House of Commons election?,Liberal party,5152025.201466,5152025.201466,0.5679999968668423,0.58,-0.012000003133157633,2025-03-27 04:11:17-07:00,2025-03-27 03:41:49.848866-07:00,0.78,deterministic_contract_key
mineral_rights,2025-03-24,2025-03-24,2025_03_27_open_0500_PT,2025-03-27 12:00:00+00:00,2025-03-27 05:00:00-07:00,2025-03-27,3,1,election|win_most_seats|livre|portugal_parliament|year:2025|2025|528688|52751046452229649713496016650084639987245509474072726014183432115433475908011|KXPORTUGALPARTY-25-LIVRE,election|win_most_seats|livre|portugal_parliament|year:2025|2025,election,uma_risk_exposed,528688,Will Livre win the most seats in the 2025 Portuguese legislative election?,0,Yes,52751046452229649713496016650084639987245509474072726014183432115433475908011,False,binary_yes_token_price,KXPORTUGALPARTY-25-LIVRE,Will LIVRE win the most seats in the Portuguese general election?,LIVRE,330488.439275,330488.439275,0.003,0.01,-0.007,2025-03-26 08:40:36-07:00,2025-03-19 11:14:39.712081-07:00,0.78,deterministic_contract_key
mineral_rights,2025-03-24,2025-03-24,2025_03_27_open_0500_PT,2025-03-27 12:00:00+00:00,2025-03-27 05:00:00-07:00,2025-03-27,3,1,election|win_most_seats|peoples_party|canada_federal|year:2025|2025|517590|35924832551646767782758424953354849643043645213249703917795372244091393088355|KXCANADAPARTY-P,election|win_most_seats|peoples_party|canada_federal|year:2025|2025,election,uma_risk_exposed,517590,Will the People's party win the most seats in the next Canadian election?,0,Yes,35924832551646767782758424953354849643043645213249703917795372244091393088355,False,binary_yes_token_price,KXCANADAPARTY-P,Will the People's party win the most seats in the 2025 Canadian House of Commons election?,People's party,1139787.923504,1139787.923504,0.001,0.01,-0.009000000000000001,2025-03-26 23:26:42-07:00,2024-11-24 04:37:11.979961-08:00,0.78,deterministic_contract_key
mineral_rights,2025-03-24,2025-03-24,2025_03_27_open_0500_PT,2025-03-27 12:00:00+00:00,2025-03-27 05:00:00-07:00,2025-03-27,3,1,election|win|daniel_noboa|ecuadorian_presidential|year:2025|2025|514172|78529201497074592652635694767108128464886305064134175900444209409569043565924|KXPRESECUADOR25-DN,election|win|daniel_noboa|ecuadorian_presidential|year:2025|2025,election,uma_risk_exposed,514172,Will Daniel Noboa win the 2025 Ecuadorian Presidential Election? ,0,Yes,78529201497074592652635694767108128464886305064134175900444209409569043565924,False,binary_yes_token_price,KXPRESECUADOR25-DN,Will Daniel Noboa win the 2025 Ecuadorian presidential election?,Daniel Noboa,1360386.018944,1360386.018944,0.48,0.48,0.0,2025-03-27 04:05:39-07:00,2025-03-27 02:02:26.633155-07:00,0.78,deterministic_contract_key
mineral_rights,2025-03-24,2025-03-24,2025_03_27_open_0500_PT,2025-03-27 12:00:00+00:00,2025-03-27 05:00:00-07:00,2025-03-27,3,1,election|win|luisa_gonz_lez|ecuadorian_presidential|year:2025|2025|514181|31462369160152841995177527804912923307710608138814696727701585015260363916969|KXPRESECUADOR25-LG,election|win|luisa_gonz_lez|ecuadorian_presidential|year:2025|2025,election,uma_risk_exposed,514181,Will Luisa González win the 2025 Ecuadorian Presidential Election? ,0,Yes,31462369160152841995177527804912923307710608138814696727701585015260363916969,False,binary_yes_token_price,KXPRESECUADOR25-LG,Will Luisa González win the 2025 Ecuadorian presidential election?,Luisa González,1274030.578608,1274030.578608,0.5199999958399999,0.53,-0.010000004160000131,2025-03-27 00:59:54-07:00,2025-03-26 12:38:19.686312-07:00,0.78,deterministic_contract_key
mineral_rights,2025-03-24,2025-03-24,2025_03_27_open_0500_PT,2025-03-27 12:00:00+00:00,2025-03-27 05:00:00-07:00,2025-03-27,3,1,office_exit|leave_office|jerome_powell|year:2025|520930|44446628319261786751896876365833910598445252343588252409740203088317210950410|LEAVEPOWELL-25-DEC31,office_exit|leave_office|jerome_powell|year:2025,office_exit,uma_risk_exposed,520930,Jerome Powell out as Fed Chair in 2025?,0,Yes,44446628319261786751896876365833910598445252343588252409740203088317210950410,False,binary_yes_token_price,LEAVEPOWELL-25-DEC31,Powell leaves before 2026?,Before 2026,11760101.336012,11760101.336012,0.14,0.15,-0.009999999999999981,2025-03-24 20:04:44-07:00,2025-03-26 22:04:57.472199-07:00,0.88,deterministic_contract_key
mineral_rights,2025-03-24,2025-03-24,2025_03_27_open_0500_PT,2025-03-27 12:00:00+00:00,2025-03-27 05:00:00-07:00,2025-03-27,3,1,office_exit|resign|volodymyr_zelenskyy|year:2025|525157|74129046843921940913413587682588886122583847748489066762857187137233978267670|KXUKRAINERESIGN-26,office_exit|resign|volodymyr_zelenskyy|year:2025,office_exit,uma_risk_exposed,525157,Zelensky resigns in 2025?,0,Yes,74129046843921940913413587682588886122583847748489066762857187137233978267670,False,binary_yes_token_price,KXUKRAINERESIGN-26,"Will Volodymyr Zelenskyy resign before Jan 1, 2026?",Before 2026,639799.279247,639799.279247,0.2399999673599979,0.2,0.03999996735999789,2025-03-26 11:29:59-07:00,2025-03-27 01:57:54.222168-07:00,0.88,deterministic_contract_key
mineral_rights,2025-03-24,2025-03-24,2025_03_27_open_0500_PT,2025-03-27 12:00:00+00:00,2025-03-27 05:00:00-07:00,2025-03-27,3,1,policy_action|create|national_bitcoin_reserve|united_states|year:2025|516937|83894672511259544049673946661753374355328822374216474995072428966535091173758|KXBTCRESERVE-26-JAN01,policy_action|create|national_bitcoin_reserve|united_states|year:2025,policy_action,uma_risk_exposed,516937,US national Bitcoin reserve in 2025?,0,Yes,83894672511259544049673946661753374355328822374216474995072428966535091173758,False,binary_yes_token_price,KXBTCRESERVE-26-JAN01,"Will Trump create a National Bitcoin Reserve before Jan 1, 2026?","Before Jan 1, 2026",5526758.797978,5526758.797978,0.72,0.5,0.21999999999999997,2025-03-27 04:55:01-07:00,2025-03-27 04:23:15.773802-07:00,0.78,deterministic_contract_key
mineral_rights,2025-03-24,2025-03-24,2025_03_27_open_0500_PT,2025-03-27 12:00:00+00:00,2025-03-27 05:00:00-07:00,2025-03-27,3,1,policy_action|eliminate|department_of_education|united_states|year:2025|523188|60661165588332286306443081468695135979348107944620337686282849990456442563142|KXDOED-26-JAN01,policy_action|eliminate|department_of_education|united_states|year:2025,policy_action,uma_risk_exposed,523188,Will Trump end Department of Education in 2025?,0,Yes,60661165588332286306443081468695135979348107944620337686282849990456442563142,False,binary_yes_token_price,KXDOED-26-JAN01,"Will the Department of Education be eliminated before Jan 1, 2026?","Before Jan 1, 2026",900396.416301,900396.416301,0.17000000578109678,0.14,0.030000005781096767,2025-03-27 04:38:09-07:00,2025-03-27 04:42:01.618604-07:00,0.78,deterministic_contract_key
mineral_rights,2025-03-24,2025-03-24,2025_03_27_open_0500_PT,2025-03-27 12:00:00+00:00,2025-03-27 05:00:00-07:00,2025-03-27,3,1,policy_action|pass_law|strategic_bitcoin_reserve_act|texas|year:2025|518901|108694680056826771513727361737568313266027710115630595991317876664602548455545|KXTEXASBTC-26,policy_action|pass_law|strategic_bitcoin_reserve_act|texas|year:2025,policy_action,uma_risk_exposed,518901,Texas Strategic Bitcoin Reserve Act (H.B. 1598) signed in 2025?,0,Yes,108694680056826771513727361737568313266027710115630595991317876664602548455545,False,binary_yes_token_price,KXTEXASBTC-26,Will the Texas Strategic Bitcoin Reserve Act become law before 2026?,Before 2026,214638.028966,214638.028966,0.71,0.76,-0.050000000000000044,2025-03-23 11:30:30-07:00,2025-03-25 09:28:13.078843-07:00,0.8,deterministic_contract_key
mineral_rights,2025-03-24,2025-03-24,2025_03_27_open_0500_PT,2025-03-27 12:00:00+00:00,2025-03-27 05:00:00-07:00,2025-03-27,3,1,policy_action|start|recession|united_states|year:2025|516710|104173557214744537570424345347209544585775842950109756851652855913015295701992|RECSSNBER-25,policy_action|start|recession|united_states|year:2025,policy_action,uma_risk_exposed,516710,US recession in 2025?,0,Yes,104173557214744537570424345347209544585775842950109756851652855913015295701992,False,binary_yes_token_price,RECSSNBER-25,Will there be a recession in 2025?,Starts,11734512.428529,11734512.428529,0.38,0.4,-0.020000000000000018,2025-03-27 04:37:11-07:00,2025-03-27 03:48:21.550450-07:00,0.78,deterministic_contract_key
mineral_rights,2025-03-24,2025-03-24,2025_03_27_close_1700_PT,2025-03-28 00:00:00+00:00,2025-03-27 17:00:00-07:00,2025-03-27,3,1,election|win_most_seats|conservative_party|canada_federal|year:2025|2025|517585|13613076726717814638495632178711195398447760389342275247699985009794802626720|KXCANADAPARTY-C,election|win_most_seats|conservative_party|canada_federal|year:2025|2025,election,uma_risk_exposed,517585,Will the Conservative Party win the most seats in the next Canadian election?,0,Yes,13613076726717814638495632178711195398447760389342275247699985009794802626720,False,binary_yes_token_price,KXCANADAPARTY-C,Will the Conservative party win the most seats in the 2025 Canadian House of Commons election?,Conservative party,3398500.815959,3398500.815959,0.43,0.4,0.02999999999999997,2025-03-27 15:11:20-07:00,2025-03-27 14:00:18.625687-07:00,0.78,deterministic_contract_key
mineral_rights,2025-03-24,2025-03-24,2025_03_27_close_1700_PT,2025-03-28 00:00:00+00:00,2025-03-27 17:00:00-07:00,2025-03-27,3,1,election|win_most_seats|liberal_party|canada_federal|year:2025|2025|517586|97369614101217511684993615789719226906296227283714425485701044468625942166745|KXCANADAPARTY-L,election|win_most_seats|liberal_party|canada_federal|year:2025|2025,election,uma_risk_exposed,517586,Will the Liberal Party win the most seats in the next Canadian election?,0,Yes,97369614101217511684993615789719226906296227283714425485701044468625942166745,False,binary_yes_token_price,KXCANADAPARTY-L,Will the Liberal party win the most seats in the 2025 Canadian House of Commons election?,Liberal party,5152025.201466,5152025.201466,0.57,0.6,-0.030000000000000027,2025-03-27 15:12:20-07:00,2025-03-27 14:00:19.069159-07:00,0.78,deterministic_contract_key
mineral_rights,2025-03-24,2025-03-24,2025_03_27_close_1700_PT,2025-03-28 00:00:00+00:00,2025-03-27 17:00:00-07:00,2025-03-27,3,1,election|win_most_seats|livre|portugal_parliament|year:2025|2025|528688|52751046452229649713496016650084639987245509474072726014183432115433475908011|KXPORTUGALPARTY-25-LIVRE,election|win_most_seats|livre|portugal_parliament|year:2025|2025,election,uma_risk_exposed,528688,Will Livre win the most seats in the 2025 Portuguese legislative election?,0,Yes,52751046452229649713496016650084639987245509474072726014183432115433475908011,False,binary_yes_token_price,KXPORTUGALPARTY-25-LIVRE,Will LIVRE win the most seats in the Portuguese general election?,LIVRE,330488.439275,330488.439275,0.003,0.01,-0.007,2025-03-26 08:40:36-07:00,2025-03-19 11:14:39.712081-07:00,0.78,deterministic_contract_key
mineral_rights,2025-03-24,2025-03-24,2025_03_27_close_1700_PT,2025-03-28 00:00:00+00:00,2025-03-27 17:00:00-07:00,2025-03-27,3,1,election|win_most_seats|peoples_party|canada_federal|year:2025|2025|517590|35924832551646767782758424953354849643043645213249703917795372244091393088355|KXCANADAPARTY-P,election|win_most_seats|peoples_party|canada_federal|year:2025|2025,election,uma_risk_exposed,517590,Will the People's party win the most seats in the next Canadian election?,0,Yes,35924832551646767782758424953354849643043645213249703917795372244091393088355,False,binary_yes_token_price,KXCANADAPARTY-P,Will the People's party win the most seats in the 2025 Canadian House of Commons election?,People's party,1139787.923504,1139787.923504,0.001,0.01,-0.009000000000000001,2025-03-26 23:26:42-07:00,2024-11-24 04:37:11.979961-08:00,0.78,deterministic_contract_key
mineral_rights,2025-03-24,2025-03-24,2025_03_27_close_1700_PT,2025-03-28 00:00:00+00:00,2025-03-27 17:00:00-07:00,2025-03-27,3,1,election|win|daniel_noboa|ecuadorian_presidential|year:2025|2025|514172|78529201497074592652635694767108128464886305064134175900444209409569043565924|KXPRESECUADOR25-DN,election|win|daniel_noboa|ecuadorian_presidential|year:2025|2025,election,uma_risk_exposed,514172,Will Daniel Noboa win the 2025 Ecuadorian Presidential Election? ,0,Yes,78529201497074592652635694767108128464886305064134175900444209409569043565924,False,binary_yes_token_price,KXPRESECUADOR25-DN,Will Daniel Noboa win the 2025 Ecuadorian presidential election?,Daniel Noboa,1360386.018944,1360386.018944,0.48999993711229073,0.47,0.019999937112290755,2025-03-27 15:32:46-07:00,2025-03-27 06:21:46.136886-07:00,0.78,deterministic_contract_key
mineral_rights,2025-03-24,2025-03-24,2025_03_27_close_1700_PT,2025-03-28 00:00:00+00:00,2025-03-27 17:00:00-07:00,2025-03-27,3,1,election|win|luisa_gonz_lez|ecuadorian_presidential|year:2025|2025|514181|31462369160152841995177527804912923307710608138814696727701585015260363916969|KXPRESECUADOR25-LG,election|win|luisa_gonz_lez|ecuadorian_presidential|year:2025|2025,election,uma_risk_exposed,514181,Will Luisa González win the 2025 Ecuadorian Presidential Election? ,0,Yes,31462369160152841995177527804912923307710608138814696727701585015260363916969,False,binary_yes_token_price,KXPRESECUADOR25-LG,Will Luisa González win the 2025 Ecuadorian presidential election?,Luisa González,1274030.578608,1274030.578608,0.5,0.53,-0.030000000000000027,2025-03-27 16:58:36-07:00,2025-03-26 12:38:19.686312-07:00,0.78,deterministic_contract_key
mineral_rights,2025-03-24,2025-03-24,2025_03_27_close_1700_PT,2025-03-28 00:00:00+00:00,2025-03-27 17:00:00-07:00,2025-03-27,3,1,office_exit|leave_office|jerome_powell|year:2025|520930|44446628319261786751896876365833910598445252343588252409740203088317210950410|LEAVEPOWELL-25-DEC31,office_exit|leave_office|jerome_powell|year:2025,office_exit,uma_risk_exposed,520930,Jerome Powell out as Fed Chair in 2025?,0,Yes,44446628319261786751896876365833910598445252343588252409740203088317210950410,False,binary_yes_token_price,LEAVEPOWELL-25-DEC31,Powell leaves before 2026?,Before 2026,11760101.336012,11760101.336012,0.14,0.15,-0.009999999999999981,2025-03-24 20:04:44-07:00,2025-03-26 22:04:57.472199-07:00,0.88,deterministic_contract_key
mineral_rights,2025-03-24,2025-03-24,2025_03_27_close_1700_PT,2025-03-28 00:00:00+00:00,2025-03-27 17:00:00-07:00,2025-03-27,3,1,office_exit|resign|volodymyr_zelenskyy|year:2025|525157|74129046843921940913413587682588886122583847748489066762857187137233978267670|KXUKRAINERESIGN-26,office_exit|resign|volodymyr_zelenskyy|year:2025,office_exit,uma_risk_exposed,525157,Zelensky resigns in 2025?,0,Yes,74129046843921940913413587682588886122583847748489066762857187137233978267670,False,binary_yes_token_price,KXUKRAINERESIGN-26,"Will Volodymyr Zelenskyy resign before Jan 1, 2026?",Before 2026,639799.279247,639799.279247,0.2399999673599979,0.24,-3.2640002090023046e-08,2025-03-26 11:29:59-07:00,2025-03-27 14:20:10.890320-07:00,0.88,deterministic_contract_key
mineral_rights,2025-03-24,2025-03-24,2025_03_27_close_1700_PT,2025-03-28 00:00:00+00:00,2025-03-27 17:00:00-07:00,2025-03-27,3,1,policy_action|create|national_bitcoin_reserve|united_states|year:2025|516937|83894672511259544049673946661753374355328822374216474995072428966535091173758|KXBTCRESERVE-26-JAN01,policy_action|create|national_bitcoin_reserve|united_states|year:2025,policy_action,uma_risk_exposed,516937,US national Bitcoin reserve in 2025?,0,Yes,83894672511259544049673946661753374355328822374216474995072428966535091173758,False,binary_yes_token_price,KXBTCRESERVE-26-JAN01,"Will Trump create a National Bitcoin Reserve before Jan 1, 2026?","Before Jan 1, 2026",5526758.797978,5526758.797978,0.7199999528727218,0.5,0.21999995287272178,2025-03-27 12:47:02-07:00,2025-03-27 16:57:47.402420-07:00,0.78,deterministic_contract_key
mineral_rights,2025-03-24,2025-03-24,2025_03_27_close_1700_PT,2025-03-28 00:00:00+00:00,2025-03-27 17:00:00-07:00,2025-03-27,3,1,policy_action|eliminate|department_of_education|united_states|year:2025|523188|60661165588332286306443081468695135979348107944620337686282849990456442563142|KXDOED-26-JAN01,policy_action|eliminate|department_of_education|united_states|year:2025,policy_action,uma_risk_exposed,523188,Will Trump end Department of Education in 2025?,0,Yes,60661165588332286306443081468695135979348107944620337686282849990456442563142,False,binary_yes_token_price,KXDOED-26-JAN01,"Will the Department of Education be eliminated before Jan 1, 2026?","Before Jan 1, 2026",900396.416301,900396.416301,0.18,0.16,0.01999999999999999,2025-03-27 16:55:24-07:00,2025-03-27 12:34:48.576476-07:00,0.78,deterministic_contract_key
mineral_rights,2025-03-24,2025-03-24,2025_03_27_close_1700_PT,2025-03-28 00:00:00+00:00,2025-03-27 17:00:00-07:00,2025-03-27,3,1,policy_action|pass_law|strategic_bitcoin_reserve_act|texas|year:2025|518901|108694680056826771513727361737568313266027710115630595991317876664602548455545|KXTEXASBTC-26,policy_action|pass_law|strategic_bitcoin_reserve_act|texas|year:2025,policy_action,uma_risk_exposed,518901,Texas Strategic Bitcoin Reserve Act (H.B. 1598) signed in 2025?,0,Yes,108694680056826771513727361737568313266027710115630595991317876664602548455545,False,binary_yes_token_price,KXTEXASBTC-26,Will the Texas Strategic Bitcoin Reserve Act become law before 2026?,Before 2026,214638.028966,214638.028966,0.71,0.76,-0.050000000000000044,2025-03-23 11:30:30-07:00,2025-03-25 09:28:13.078843-07:00,0.8,deterministic_contract_key
mineral_rights,2025-03-24,2025-03-24,2025_03_27_close_1700_PT,2025-03-28 00:00:00+00:00,2025-03-27 17:00:00-07:00,2025-03-27,3,1,policy_action|start|recession|united_states|year:2025|516710|104173557214744537570424345347209544585775842950109756851652855913015295701992|RECSSNBER-25,policy_action|start|recession|united_states|year:2025,policy_action,uma_risk_exposed,516710,US recession in 2025?,0,Yes,104173557214744537570424345347209544585775842950109756851652855913015295701992,False,binary_yes_token_price,RECSSNBER-25,Will there be a recession in 2025?,Starts,11734512.428529,11734512.428529,0.3700000819000303,0.4,-0.029999918099969713,2025-03-27 16:20:04-07:00,2025-03-27 14:36:59.234627-07:00,0.78,deterministic_contract_key
mineral_rights,2025-03-24,2025-03-24,2025_03_28_open_0500_PT,2025-03-28 12:00:00+00:00,2025-03-28 05:00:00-07:00,2025-03-28,4,1,election|win_most_seats|conservative_party|canada_federal|year:2025|2025|517585|13613076726717814638495632178711195398447760389342275247699985009794802626720|KXCANADAPARTY-C,election|win_most_seats|conservative_party|canada_federal|year:2025|2025,election,uma_risk_exposed,517585,Will the Conservative Party win the most seats in the next Canadian election?,0,Yes,13613076726717814638495632178711195398447760389342275247699985009794802626720,False,binary_yes_token_price,KXCANADAPARTY-C,Will the Conservative party win the most seats in the 2025 Canadian House of Commons election?,Conservative party,3398500.815959,3398500.815959,0.42,0.36,0.06,2025-03-28 04:08:00-07:00,2025-03-28 04:29:47.077110-07:00,0.78,deterministic_contract_key
mineral_rights,2025-03-24,2025-03-24,2025_03_28_open_0500_PT,2025-03-28 12:00:00+00:00,2025-03-28 05:00:00-07:00,2025-03-28,4,1,election|win_most_seats|liberal_party|canada_federal|year:2025|2025|517586|97369614101217511684993615789719226906296227283714425485701044468625942166745|KXCANADAPARTY-L,election|win_most_seats|liberal_party|canada_federal|year:2025|2025,election,uma_risk_exposed,517586,Will the Liberal Party win the most seats in the next Canadian election?,0,Yes,97369614101217511684993615789719226906296227283714425485701044468625942166745,False,binary_yes_token_price,KXCANADAPARTY-L,Will the Liberal party win the most seats in the 2025 Canadian House of Commons election?,Liberal party,5152025.201466,5152025.201466,0.573,0.62,-0.04700000000000004,2025-03-28 04:31:16-07:00,2025-03-28 04:29:36.897939-07:00,0.78,deterministic_contract_key
mineral_rights,2025-03-24,2025-03-24,2025_03_28_open_0500_PT,2025-03-28 12:00:00+00:00,2025-03-28 05:00:00-07:00,2025-03-28,4,1,election|win_most_seats|livre|portugal_parliament|year:2025|2025|528688|52751046452229649713496016650084639987245509474072726014183432115433475908011|KXPORTUGALPARTY-25-LIVRE,election|win_most_seats|livre|portugal_parliament|year:2025|2025,election,uma_risk_exposed,528688,Will Livre win the most seats in the 2025 Portuguese legislative election?,0,Yes,52751046452229649713496016650084639987245509474072726014183432115433475908011,False,binary_yes_token_price,KXPORTUGALPARTY-25-LIVRE,Will LIVRE win the most seats in the Portuguese general election?,LIVRE,330488.439275,330488.439275,0.003,0.01,-0.007,2025-03-28 04:45:44-07:00,2025-03-19 11:14:39.712081-07:00,0.78,deterministic_contract_key
mineral_rights,2025-03-24,2025-03-24,2025_03_28_open_0500_PT,2025-03-28 12:00:00+00:00,2025-03-28 05:00:00-07:00,2025-03-28,4,1,election|win_most_seats|peoples_party|canada_federal|year:2025|2025|517590|35924832551646767782758424953354849643043645213249703917795372244091393088355|KXCANADAPARTY-P,election|win_most_seats|peoples_party|canada_federal|year:2025|2025,election,uma_risk_exposed,517590,Will the People's party win the most seats in the next Canadian election?,0,Yes,35924832551646767782758424953354849643043645213249703917795372244091393088355,False,binary_yes_token_price,KXCANADAPARTY-P,Will the People's party win the most seats in the 2025 Canadian House of Commons election?,People's party,1139787.923504,1139787.923504,0.001,0.01,-0.009000000000000001,2025-03-28 04:31:14-07:00,2024-11-24 04:37:11.979961-08:00,0.78,deterministic_contract_key
mineral_rights,2025-03-24,2025-03-24,2025_03_28_open_0500_PT,2025-03-28 12:00:00+00:00,2025-03-28 05:00:00-07:00,2025-03-28,4,1,election|win|daniel_noboa|ecuadorian_presidential|year:2025|2025|514172|78529201497074592652635694767108128464886305064134175900444209409569043565924|KXPRESECUADOR25-DN,election|win|daniel_noboa|ecuadorian_presidential|year:2025|2025,election,uma_risk_exposed,514172,Will Daniel Noboa win the 2025 Ecuadorian Presidential Election? ,0,Yes,78529201497074592652635694767108128464886305064134175900444209409569043565924,False,binary_yes_token_price,KXPRESECUADOR25-DN,Will Daniel Noboa win the 2025 Ecuadorian presidential election?,Daniel Noboa,1360386.018944,1360386.018944,0.47,0.48,-0.010000000000000009,2025-03-27 17:21:46-07:00,2025-03-27 23:41:43.557142-07:00,0.78,deterministic_contract_key
mineral_rights,2025-03-24,2025-03-24,2025_03_28_open_0500_PT,2025-03-28 12:00:00+00:00,2025-03-28 05:00:00-07:00,2025-03-28,4,1,election|win|luisa_gonz_lez|ecuadorian_presidential|year:2025|2025|514181|31462369160152841995177527804912923307710608138814696727701585015260363916969|KXPRESECUADOR25-LG,election|win|luisa_gonz_lez|ecuadorian_presidential|year:2025|2025,election,uma_risk_exposed,514181,Will Luisa González win the 2025 Ecuadorian Presidential Election? ,0,Yes,31462369160152841995177527804912923307710608138814696727701585015260363916969,False,binary_yes_token_price,KXPRESECUADOR25-LG,Will Luisa González win the 2025 Ecuadorian presidential election?,Luisa González,1274030.578608,1274030.578608,0.52,0.53,-0.010000000000000009,2025-03-27 23:58:56-07:00,2025-03-26 12:38:19.686312-07:00,0.78,deterministic_contract_key
mineral_rights,2025-03-24,2025-03-24,2025_03_28_open_0500_PT,2025-03-28 12:00:00+00:00,2025-03-28 05:00:00-07:00,2025-03-28,4,1,office_exit|leave_office|jerome_powell|year:2025|520930|44446628319261786751896876365833910598445252343588252409740203088317210950410|LEAVEPOWELL-25-DEC31,office_exit|leave_office|jerome_powell|year:2025,office_exit,uma_risk_exposed,520930,Jerome Powell out as Fed Chair in 2025?,0,Yes,44446628319261786751896876365833910598445252343588252409740203088317210950410,False,binary_yes_token_price,LEAVEPOWELL-25-DEC31,Powell leaves before 2026?,Before 2026,11760101.336012,11760101.336012,0.14,0.15,-0.009999999999999981,2025-03-24 20:04:44-07:00,2025-03-26 22:04:57.472199-07:00,0.88,deterministic_contract_key
mineral_rights,2025-03-24,2025-03-24,2025_03_28_open_0500_PT,2025-03-28 12:00:00+00:00,2025-03-28 05:00:00-07:00,2025-03-28,4,1,office_exit|resign|volodymyr_zelenskyy|year:2025|525157|74129046843921940913413587682588886122583847748489066762857187137233978267670|KXUKRAINERESIGN-26,office_exit|resign|volodymyr_zelenskyy|year:2025,office_exit,uma_risk_exposed,525157,Zelensky resigns in 2025?,0,Yes,74129046843921940913413587682588886122583847748489066762857187137233978267670,False,binary_yes_token_price,KXUKRAINERESIGN-26,"Will Volodymyr Zelenskyy resign before Jan 1, 2026?",Before 2026,639799.279247,639799.279247,0.2399999673599979,0.24,-3.2640002090023046e-08,2025-03-26 11:29:59-07:00,2025-03-28 03:48:46.118209-07:00,0.88,deterministic_contract_key
mineral_rights,2025-03-24,2025-03-24,2025_03_28_open_0500_PT,2025-03-28 12:00:00+00:00,2025-03-28 05:00:00-07:00,2025-03-28,4,1,policy_action|create|national_bitcoin_reserve|united_states|year:2025|516937|83894672511259544049673946661753374355328822374216474995072428966535091173758|KXBTCRESERVE-26-JAN01,policy_action|create|national_bitcoin_reserve|united_states|year:2025,policy_action,uma_risk_exposed,516937,US national Bitcoin reserve in 2025?,0,Yes,83894672511259544049673946661753374355328822374216474995072428966535091173758,False,binary_yes_token_price,KXBTCRESERVE-26-JAN01,"Will Trump create a National Bitcoin Reserve before Jan 1, 2026?","Before Jan 1, 2026",5526758.797978,5526758.797978,0.71,0.52,0.18999999999999995,2025-03-28 03:34:36-07:00,2025-03-28 04:48:53.826630-07:00,0.78,deterministic_contract_key
mineral_rights,2025-03-24,2025-03-24,2025_03_28_open_0500_PT,2025-03-28 12:00:00+00:00,2025-03-28 05:00:00-07:00,2025-03-28,4,1,policy_action|eliminate|department_of_education|united_states|year:2025|523188|60661165588332286306443081468695135979348107944620337686282849990456442563142|KXDOED-26-JAN01,policy_action|eliminate|department_of_education|united_states|year:2025,policy_action,uma_risk_exposed,523188,Will Trump end Department of Education in 2025?,0,Yes,60661165588332286306443081468695135979348107944620337686282849990456442563142,False,binary_yes_token_price,KXDOED-26-JAN01,"Will the Department of Education be eliminated before Jan 1, 2026?","Before Jan 1, 2026",900396.416301,900396.416301,0.17,0.15,0.020000000000000018,2025-03-28 04:10:44-07:00,2025-03-28 04:51:26.310318-07:00,0.78,deterministic_contract_key
mineral_rights,2025-03-24,2025-03-24,2025_03_28_open_0500_PT,2025-03-28 12:00:00+00:00,2025-03-28 05:00:00-07:00,2025-03-28,4,1,policy_action|pass_law|strategic_bitcoin_reserve_act|texas|year:2025|518901|108694680056826771513727361737568313266027710115630595991317876664602548455545|KXTEXASBTC-26,policy_action|pass_law|strategic_bitcoin_reserve_act|texas|year:2025,policy_action,uma_risk_exposed,518901,Texas Strategic Bitcoin Reserve Act (H.B. 1598) signed in 2025?,0,Yes,108694680056826771513727361737568313266027710115630595991317876664602548455545,False,binary_yes_token_price,KXTEXASBTC-26,Will the Texas Strategic Bitcoin Reserve Act become law before 2026?,Before 2026,214638.028966,214638.028966,0.71,0.76,-0.050000000000000044,2025-03-23 11:30:30-07:00,2025-03-25 09:28:13.078843-07:00,0.8,deterministic_contract_key
mineral_rights,2025-03-24,2025-03-24,2025_03_28_open_0500_PT,2025-03-28 12:00:00+00:00,2025-03-28 05:00:00-07:00,2025-03-28,4,1,policy_action|start|recession|united_states|year:2025|516710|104173557214744537570424345347209544585775842950109756851652855913015295701992|RECSSNBER-25,policy_action|start|recession|united_states|year:2025,policy_action,uma_risk_exposed,516710,US recession in 2025?,0,Yes,104173557214744537570424345347209544585775842950109756851652855913015295701992,False,binary_yes_token_price,RECSSNBER-25,Will there be a recession in 2025?,Starts,11734512.428529,11734512.428529,0.33,0.41,-0.07999999999999996,2025-03-28 04:28:20-07:00,2025-03-28 04:44:36.052803-07:00,0.78,deterministic_contract_key
mineral_rights,2025-03-24,2025-03-24,2025_03_28_close_1700_PT,2025-03-29 00:00:00+00:00,2025-03-28 17:00:00-07:00,2025-03-28,4,1,election|win_most_seats|conservative_party|canada_federal|year:2025|2025|517585|13613076726717814638495632178711195398447760389342275247699985009794802626720|KXCANADAPARTY-C,election|win_most_seats|conservative_party|canada_federal|year:2025|2025,election,uma_risk_exposed,517585,Will the Conservative Party win the most seats in the next Canadian election?,0,Yes,13613076726717814638495632178711195398447760389342275247699985009794802626720,False,binary_yes_token_price,KXCANADAPARTY-C,Will the Conservative party win the most seats in the 2025 Canadian House of Commons election?,Conservative party,3398500.815959,3398500.815959,0.4,0.36,0.040000000000000036,2025-03-28 15:39:42-07:00,2025-03-28 04:29:47.077110-07:00,0.78,deterministic_contract_key
mineral_rights,2025-03-24,2025-03-24,2025_03_28_close_1700_PT,2025-03-29 00:00:00+00:00,2025-03-28 17:00:00-07:00,2025-03-28,4,1,election|win_most_seats|liberal_party|canada_federal|year:2025|2025|517586|97369614101217511684993615789719226906296227283714425485701044468625942166745|KXCANADAPARTY-L,election|win_most_seats|liberal_party|canada_federal|year:2025|2025,election,uma_risk_exposed,517586,Will the Liberal Party win the most seats in the next Canadian election?,0,Yes,97369614101217511684993615789719226906296227283714425485701044468625942166745,False,binary_yes_token_price,KXCANADAPARTY-L,Will the Liberal party win the most seats in the 2025 Canadian House of Commons election?,Liberal party,5152025.201466,5152025.201466,0.617,0.66,-0.04300000000000004,2025-03-28 16:44:04-07:00,2025-03-28 07:01:58.581576-07:00,0.78,deterministic_contract_key
mineral_rights,2025-03-24,2025-03-24,2025_03_28_close_1700_PT,2025-03-29 00:00:00+00:00,2025-03-28 17:00:00-07:00,2025-03-28,4,1,election|win_most_seats|livre|portugal_parliament|year:2025|2025|528688|52751046452229649713496016650084639987245509474072726014183432115433475908011|KXPORTUGALPARTY-25-LIVRE,election|win_most_seats|livre|portugal_parliament|year:2025|2025,election,uma_risk_exposed,528688,Will Livre win the most seats in the 2025 Portuguese legislative election?,0,Yes,52751046452229649713496016650084639987245509474072726014183432115433475908011,False,binary_yes_token_price,KXPORTUGALPARTY-25-LIVRE,Will LIVRE win the most seats in the Portuguese general election?,LIVRE,330488.439275,330488.439275,0.002,0.01,-0.008,2025-03-28 16:16:16-07:00,2025-03-19 11:14:39.712081-07:00,0.78,deterministic_contract_key
mineral_rights,2025-03-24,2025-03-24,2025_03_28_close_1700_PT,2025-03-29 00:00:00+00:00,2025-03-28 17:00:00-07:00,2025-03-28,4,1,election|win_most_seats|peoples_party|canada_federal|year:2025|2025|517590|35924832551646767782758424953354849643043645213249703917795372244091393088355|KXCANADAPARTY-P,election|win_most_seats|peoples_party|canada_federal|year:2025|2025,election,uma_risk_exposed,517590,Will the People's party win the most seats in the next Canadian election?,0,Yes,35924832551646767782758424953354849643043645213249703917795372244091393088355,False,binary_yes_token_price,KXCANADAPARTY-P,Will the People's party win the most seats in the 2025 Canadian House of Commons election?,People's party,1139787.923504,1139787.923504,0.001,0.01,-0.009000000000000001,2025-03-28 04:31:14-07:00,2024-11-24 04:37:11.979961-08:00,0.78,deterministic_contract_key
mineral_rights,2025-03-24,2025-03-24,2025_03_28_close_1700_PT,2025-03-29 00:00:00+00:00,2025-03-28 17:00:00-07:00,2025-03-28,4,1,election|win|daniel_noboa|ecuadorian_presidential|year:2025|2025|514172|78529201497074592652635694767108128464886305064134175900444209409569043565924|KXPRESECUADOR25-DN,election|win|daniel_noboa|ecuadorian_presidential|year:2025|2025,election,uma_risk_exposed,514172,Will Daniel Noboa win the 2025 Ecuadorian Presidential Election? ,0,Yes,78529201497074592652635694767108128464886305064134175900444209409569043565924,False,binary_yes_token_price,KXPRESECUADOR25-DN,Will Daniel Noboa win the 2025 Ecuadorian presidential election?,Daniel Noboa,1360386.018944,1360386.018944,0.48,0.48,0.0,2025-03-28 16:07:38-07:00,2025-03-28 12:53:38.614928-07:00,0.78,deterministic_contract_key
mineral_rights,2025-03-24,2025-03-24,2025_03_28_close_1700_PT,2025-03-29 00:00:00+00:00,2025-03-28 17:00:00-07:00,2025-03-28,4,1,election|win|luisa_gonz_lez|ecuadorian_presidential|year:2025|2025|514181|31462369160152841995177527804912923307710608138814696727701585015260363916969|KXPRESECUADOR25-LG,election|win|luisa_gonz_lez|ecuadorian_presidential|year:2025|2025,election,uma_risk_exposed,514181,Will Luisa González win the 2025 Ecuadorian Presidential Election? ,0,Yes,31462369160152841995177527804912923307710608138814696727701585015260363916969,False,binary_yes_token_price,KXPRESECUADOR25-LG,Will Luisa González win the 2025 Ecuadorian presidential election?,Luisa González,1274030.578608,1274030.578608,0.5,0.58,-0.07999999999999996,2025-03-28 14:02:04-07:00,2025-03-28 16:54:12.710172-07:00,0.78,deterministic_contract_key
mineral_rights,2025-03-24,2025-03-24,2025_03_28_close_1700_PT,2025-03-29 00:00:00+00:00,2025-03-28 17:00:00-07:00,2025-03-28,4,1,office_exit|leave_office|jerome_powell|year:2025|520930|44446628319261786751896876365833910598445252343588252409740203088317210950410|LEAVEPOWELL-25-DEC31,office_exit|leave_office|jerome_powell|year:2025,office_exit,uma_risk_exposed,520930,Jerome Powell out as Fed Chair in 2025?,0,Yes,44446628319261786751896876365833910598445252343588252409740203088317210950410,False,binary_yes_token_price,LEAVEPOWELL-25-DEC31,Powell leaves before 2026?,Before 2026,11760101.336012,11760101.336012,0.14,0.16,-0.01999999999999999,2025-03-24 20:04:44-07:00,2025-03-28 05:26:39.812441-07:00,0.88,deterministic_contract_key
mineral_rights,2025-03-24,2025-03-24,2025_03_28_close_1700_PT,2025-03-29 00:00:00+00:00,2025-03-28 17:00:00-07:00,2025-03-28,4,1,office_exit|resign|volodymyr_zelenskyy|year:2025|525157|74129046843921940913413587682588886122583847748489066762857187137233978267670|KXUKRAINERESIGN-26,office_exit|resign|volodymyr_zelenskyy|year:2025,office_exit,uma_risk_exposed,525157,Zelensky resigns in 2025?,0,Yes,74129046843921940913413587682588886122583847748489066762857187137233978267670,False,binary_yes_token_price,KXUKRAINERESIGN-26,"Will Volodymyr Zelenskyy resign before Jan 1, 2026?",Before 2026,639799.279247,639799.279247,0.2399999673599979,0.21,0.02999996735999791,2025-03-26 11:29:59-07:00,2025-03-28 14:19:19.204485-07:00,0.88,deterministic_contract_key
mineral_rights,2025-03-24,2025-03-24,2025_03_28_close_1700_PT,2025-03-29 00:00:00+00:00,2025-03-28 17:00:00-07:00,2025-03-28,4,1,policy_action|create|national_bitcoin_reserve|united_states|year:2025|516937|83894672511259544049673946661753374355328822374216474995072428966535091173758|KXBTCRESERVE-26-JAN01,policy_action|create|national_bitcoin_reserve|united_states|year:2025,policy_action,uma_risk_exposed,516937,US national Bitcoin reserve in 2025?,0,Yes,83894672511259544049673946661753374355328822374216474995072428966535091173758,False,binary_yes_token_price,KXBTCRESERVE-26-JAN01,"Will Trump create a National Bitcoin Reserve before Jan 1, 2026?","Before Jan 1, 2026",5526758.797978,5526758.797978,0.74,0.51,0.22999999999999998,2025-03-28 16:02:52-07:00,2025-03-28 15:14:38.772789-07:00,0.78,deterministic_contract_key
mineral_rights,2025-03-24,2025-03-24,2025_03_28_close_1700_PT,2025-03-29 00:00:00+00:00,2025-03-28 17:00:00-07:00,2025-03-28,4,1,policy_action|eliminate|department_of_education|united_states|year:2025|523188|60661165588332286306443081468695135979348107944620337686282849990456442563142|KXDOED-26-JAN01,policy_action|eliminate|department_of_education|united_states|year:2025,policy_action,uma_risk_exposed,523188,Will Trump end Department of Education in 2025?,0,Yes,60661165588332286306443081468695135979348107944620337686282849990456442563142,False,binary_yes_token_price,KXDOED-26-JAN01,"Will the Department of Education be eliminated before Jan 1, 2026?","Before Jan 1, 2026",900396.416301,900396.416301,0.2,0.15,0.05000000000000002,2025-03-28 16:28:18-07:00,2025-03-28 13:45:24.227235-07:00,0.78,deterministic_contract_key
mineral_rights,2025-03-24,2025-03-24,2025_03_28_close_1700_PT,2025-03-29 00:00:00+00:00,2025-03-28 17:00:00-07:00,2025-03-28,4,1,policy_action|pass_law|strategic_bitcoin_reserve_act|texas|year:2025|518901|108694680056826771513727361737568313266027710115630595991317876664602548455545|KXTEXASBTC-26,policy_action|pass_law|strategic_bitcoin_reserve_act|texas|year:2025,policy_action,uma_risk_exposed,518901,Texas Strategic Bitcoin Reserve Act (H.B. 1598) signed in 2025?,0,Yes,108694680056826771513727361737568313266027710115630595991317876664602548455545,False,binary_yes_token_price,KXTEXASBTC-26,Will the Texas Strategic Bitcoin Reserve Act become law before 2026?,Before 2026,214638.028966,214638.028966,0.71,0.74,-0.030000000000000027,2025-03-23 11:30:30-07:00,2025-03-28 14:33:26.552024-07:00,0.8,deterministic_contract_key
mineral_rights,2025-03-24,2025-03-24,2025_03_28_close_1700_PT,2025-03-29 00:00:00+00:00,2025-03-28 17:00:00-07:00,2025-03-28,4,1,policy_action|start|recession|united_states|year:2025|516710|104173557214744537570424345347209544585775842950109756851652855913015295701992|RECSSNBER-25,policy_action|start|recession|united_states|year:2025,policy_action,uma_risk_exposed,516710,US recession in 2025?,0,Yes,104173557214744537570424345347209544585775842950109756851652855913015295701992,False,binary_yes_token_price,RECSSNBER-25,Will there be a recession in 2025?,Starts,11734512.428529,11734512.428529,0.36,0.4,-0.040000000000000036,2025-03-28 15:54:28-07:00,2025-03-28 09:22:53.057415-07:00,0.78,deterministic_contract_key
mineral_rights,2025-03-24,2025-03-24,2025_03_29_open_0500_PT,2025-03-29 12:00:00+00:00,2025-03-29 05:00:00-07:00,2025-03-29,5,1,election|win_most_seats|conservative_party|canada_federal|year:2025|2025|517585|13613076726717814638495632178711195398447760389342275247699985009794802626720|KXCANADAPARTY-C,election|win_most_seats|conservative_party|canada_federal|year:2025|2025,election,uma_risk_exposed,517585,Will the Conservative Party win the most seats in the next Canadian election?,0,Yes,13613076726717814638495632178711195398447760389342275247699985009794802626720,False,binary_yes_token_price,KXCANADAPARTY-C,Will the Conservative party win the most seats in the 2025 Canadian House of Commons election?,Conservative party,3398500.815959,3398500.815959,0.37,0.35,0.020000000000000018,2025-03-29 03:18:32-07:00,2025-03-29 02:06:30.163535-07:00,0.78,deterministic_contract_key
mineral_rights,2025-03-24,2025-03-24,2025_03_29_open_0500_PT,2025-03-29 12:00:00+00:00,2025-03-29 05:00:00-07:00,2025-03-29,5,1,election|win_most_seats|liberal_party|canada_federal|year:2025|2025|517586|97369614101217511684993615789719226906296227283714425485701044468625942166745|KXCANADAPARTY-L,election|win_most_seats|liberal_party|canada_federal|year:2025|2025,election,uma_risk_exposed,517586,Will the Liberal Party win the most seats in the next Canadian election?,0,Yes,97369614101217511684993615789719226906296227283714425485701044468625942166745,False,binary_yes_token_price,KXCANADAPARTY-L,Will the Liberal party win the most seats in the 2025 Canadian House of Commons election?,Liberal party,5152025.201466,5152025.201466,0.6160001171526059,0.67,-0.0539998828473941,2025-03-29 04:47:08-07:00,2025-03-29 01:07:30.383322-07:00,0.78,deterministic_contract_key
mineral_rights,2025-03-24,2025-03-24,2025_03_29_open_0500_PT,2025-03-29 12:00:00+00:00,2025-03-29 05:00:00-07:00,2025-03-29,5,1,election|win_most_seats|livre|portugal_parliament|year:2025|2025|528688|52751046452229649713496016650084639987245509474072726014183432115433475908011|KXPORTUGALPARTY-25-LIVRE,election|win_most_seats|livre|portugal_parliament|year:2025|2025,election,uma_risk_exposed,528688,Will Livre win the most seats in the 2025 Portuguese legislative election?,0,Yes,52751046452229649713496016650084639987245509474072726014183432115433475908011,False,binary_yes_token_price,KXPORTUGALPARTY-25-LIVRE,Will LIVRE win the most seats in the Portuguese general election?,LIVRE,330488.439275,330488.439275,0.002,0.01,-0.008,2025-03-29 03:36:26-07:00,2025-03-19 11:14:39.712081-07:00,0.78,deterministic_contract_key
mineral_rights,2025-03-24,2025-03-24,2025_03_29_open_0500_PT,2025-03-29 12:00:00+00:00,2025-03-29 05:00:00-07:00,2025-03-29,5,1,election|win_most_seats|peoples_party|canada_federal|year:2025|2025|517590|35924832551646767782758424953354849643043645213249703917795372244091393088355|KXCANADAPARTY-P,election|win_most_seats|peoples_party|canada_federal|year:2025|2025,election,uma_risk_exposed,517590,Will the People's party win the most seats in the next Canadian election?,0,Yes,35924832551646767782758424953354849643043645213249703917795372244091393088355,False,binary_yes_token_price,KXCANADAPARTY-P,Will the People's party win the most seats in the 2025 Canadian House of Commons election?,People's party,1139787.923504,1139787.923504,0.001,0.01,-0.009000000000000001,2025-03-28 04:31:14-07:00,2024-11-24 04:37:11.979961-08:00,0.78,deterministic_contract_key
mineral_rights,2025-03-24,2025-03-24,2025_03_29_open_0500_PT,2025-03-29 12:00:00+00:00,2025-03-29 05:00:00-07:00,2025-03-29,5,1,election|win|daniel_noboa|ecuadorian_presidential|year:2025|2025|514172|78529201497074592652635694767108128464886305064134175900444209409569043565924|KXPRESECUADOR25-DN,election|win|daniel_noboa|ecuadorian_presidential|year:2025|2025,election,uma_risk_exposed,514172,Will Daniel Noboa win the 2025 Ecuadorian Presidential Election? ,0,Yes,78529201497074592652635694767108128464886305064134175900444209409569043565924,False,binary_yes_token_price,KXPRESECUADOR25-DN,Will Daniel Noboa win the 2025 Ecuadorian presidential election?,Daniel Noboa,1360386.018944,1360386.018944,0.47,0.42,0.04999999999999999,2025-03-29 04:24:46-07:00,2025-03-29 02:05:36.389068-07:00,0.78,deterministic_contract_key
mineral_rights,2025-03-24,2025-03-24,2025_03_29_open_0500_PT,2025-03-29 12:00:00+00:00,2025-03-29 05:00:00-07:00,2025-03-29,5,1,election|win|luisa_gonz_lez|ecuadorian_presidential|year:2025|2025|514181|31462369160152841995177527804912923307710608138814696727701585015260363916969|KXPRESECUADOR25-LG,election|win|luisa_gonz_lez|ecuadorian_presidential|year:2025|2025,election,uma_risk_exposed,514181,Will Luisa González win the 2025 Ecuadorian Presidential Election? ,0,Yes,31462369160152841995177527804912923307710608138814696727701585015260363916969,False,binary_yes_token_price,KXPRESECUADOR25-LG,Will Luisa González win the 2025 Ecuadorian presidential election?,Luisa González,1274030.578608,1274030.578608,0.52,0.58,-0.05999999999999994,2025-03-29 04:04:06-07:00,2025-03-28 16:54:12.710172-07:00,0.78,deterministic_contract_key
mineral_rights,2025-03-24,2025-03-24,2025_03_29_open_0500_PT,2025-03-29 12:00:00+00:00,2025-03-29 05:00:00-07:00,2025-03-29,5,1,office_exit|leave_office|jerome_powell|year:2025|520930|44446628319261786751896876365833910598445252343588252409740203088317210950410|LEAVEPOWELL-25-DEC31,office_exit|leave_office|jerome_powell|year:2025,office_exit,uma_risk_exposed,520930,Jerome Powell out as Fed Chair in 2025?,0,Yes,44446628319261786751896876365833910598445252343588252409740203088317210950410,False,binary_yes_token_price,LEAVEPOWELL-25-DEC31,Powell leaves before 2026?,Before 2026,11760101.336012,11760101.336012,0.14,0.16,-0.01999999999999999,2025-03-24 20:04:44-07:00,2025-03-28 05:26:39.812441-07:00,0.88,deterministic_contract_key
mineral_rights,2025-03-24,2025-03-24,2025_03_29_open_0500_PT,2025-03-29 12:00:00+00:00,2025-03-29 05:00:00-07:00,2025-03-29,5,1,office_exit|resign|volodymyr_zelenskyy|year:2025|525157|74129046843921940913413587682588886122583847748489066762857187137233978267670|KXUKRAINERESIGN-26,office_exit|resign|volodymyr_zelenskyy|year:2025,office_exit,uma_risk_exposed,525157,Zelensky resigns in 2025?,0,Yes,74129046843921940913413587682588886122583847748489066762857187137233978267670,False,binary_yes_token_price,KXUKRAINERESIGN-26,"Will Volodymyr Zelenskyy resign before Jan 1, 2026?",Before 2026,639799.279247,639799.279247,0.22,0.22,0.0,2025-03-28 19:53:27-07:00,2025-03-29 03:38:59.023592-07:00,0.88,deterministic_contract_key
mineral_rights,2025-03-24,2025-03-24,2025_03_29_open_0500_PT,2025-03-29 12:00:00+00:00,2025-03-29 05:00:00-07:00,2025-03-29,5,1,policy_action|create|national_bitcoin_reserve|united_states|year:2025|516937|83894672511259544049673946661753374355328822374216474995072428966535091173758|KXBTCRESERVE-26-JAN01,policy_action|create|national_bitcoin_reserve|united_states|year:2025,policy_action,uma_risk_exposed,516937,US national Bitcoin reserve in 2025?,0,Yes,83894672511259544049673946661753374355328822374216474995072428966535091173758,False,binary_yes_token_price,KXBTCRESERVE-26-JAN01,"Will Trump create a National Bitcoin Reserve before Jan 1, 2026?","Before Jan 1, 2026",5526758.797978,5526758.797978,0.74,0.52,0.21999999999999997,2025-03-29 04:44:22-07:00,2025-03-29 03:41:13.344671-07:00,0.78,deterministic_contract_key
mineral_rights,2025-03-24,2025-03-24,2025_03_29_open_0500_PT,2025-03-29 12:00:00+00:00,2025-03-29 05:00:00-07:00,2025-03-29,5,1,policy_action|eliminate|department_of_education|united_states|year:2025|523188|60661165588332286306443081468695135979348107944620337686282849990456442563142|KXDOED-26-JAN01,policy_action|eliminate|department_of_education|united_states|year:2025,policy_action,uma_risk_exposed,523188,Will Trump end Department of Education in 2025?,0,Yes,60661165588332286306443081468695135979348107944620337686282849990456442563142,False,binary_yes_token_price,KXDOED-26-JAN01,"Will the Department of Education be eliminated before Jan 1, 2026?","Before Jan 1, 2026",900396.416301,900396.416301,0.22,0.15,0.07,2025-03-29 01:48:25-07:00,2025-03-29 02:36:18.042259-07:00,0.78,deterministic_contract_key
mineral_rights,2025-03-24,2025-03-24,2025_03_29_open_0500_PT,2025-03-29 12:00:00+00:00,2025-03-29 05:00:00-07:00,2025-03-29,5,1,policy_action|pass_law|strategic_bitcoin_reserve_act|texas|year:2025|518901|108694680056826771513727361737568313266027710115630595991317876664602548455545|KXTEXASBTC-26,policy_action|pass_law|strategic_bitcoin_reserve_act|texas|year:2025,policy_action,uma_risk_exposed,518901,Texas Strategic Bitcoin Reserve Act (H.B. 1598) signed in 2025?,0,Yes,108694680056826771513727361737568313266027710115630595991317876664602548455545,False,binary_yes_token_price,KXTEXASBTC-26,Will the Texas Strategic Bitcoin Reserve Act become law before 2026?,Before 2026,214638.028966,214638.028966,0.7199999452587044,0.74,-0.020000054741295625,2025-03-28 23:42:38-07:00,2025-03-28 14:33:26.552024-07:00,0.8,deterministic_contract_key
mineral_rights,2025-03-24,2025-03-24,2025_03_29_open_0500_PT,2025-03-29 12:00:00+00:00,2025-03-29 05:00:00-07:00,2025-03-29,5,1,policy_action|start|recession|united_states|year:2025|516710|104173557214744537570424345347209544585775842950109756851652855913015295701992|RECSSNBER-25,policy_action|start|recession|united_states|year:2025,policy_action,uma_risk_exposed,516710,US recession in 2025?,0,Yes,104173557214744537570424345347209544585775842950109756851652855913015295701992,False,binary_yes_token_price,RECSSNBER-25,Will there be a recession in 2025?,Starts,11734512.428529,11734512.428529,0.37999994679998084,0.41,-0.03000005320001914,2025-03-29 04:40:18-07:00,2025-03-29 03:48:38.472434-07:00,0.78,deterministic_contract_key
mineral_rights,2025-03-24,2025-03-24,2025_03_29_close_1700_PT,2025-03-30 00:00:00+00:00,2025-03-29 17:00:00-07:00,2025-03-29,5,1,election|win_most_seats|conservative_party|canada_federal|year:2025|2025|517585|13613076726717814638495632178711195398447760389342275247699985009794802626720|KXCANADAPARTY-C,election|win_most_seats|conservative_party|canada_federal|year:2025|2025,election,uma_risk_exposed,517585,Will the Conservative Party win the most seats in the next Canadian election?,0,Yes,13613076726717814638495632178711195398447760389342275247699985009794802626720,False,binary_yes_token_price,KXCANADAPARTY-C,Will the Conservative party win the most seats in the 2025 Canadian House of Commons election?,Conservative party,3398500.815959,3398500.815959,0.3,0.27,0.02999999999999997,2025-03-29 16:29:18-07:00,2025-03-29 15:30:32.474040-07:00,0.78,deterministic_contract_key
mineral_rights,2025-03-24,2025-03-24,2025_03_29_close_1700_PT,2025-03-30 00:00:00+00:00,2025-03-29 17:00:00-07:00,2025-03-29,5,1,election|win_most_seats|liberal_party|canada_federal|year:2025|2025|517586|97369614101217511684993615789719226906296227283714425485701044468625942166745|KXCANADAPARTY-L,election|win_most_seats|liberal_party|canada_federal|year:2025|2025,election,uma_risk_exposed,517586,Will the Liberal Party win the most seats in the next Canadian election?,0,Yes,97369614101217511684993615789719226906296227283714425485701044468625942166745,False,binary_yes_token_price,KXCANADAPARTY-L,Will the Liberal party win the most seats in the 2025 Canadian House of Commons election?,Liberal party,5152025.201466,5152025.201466,0.684,0.68,0.0040000000000000036,2025-03-29 16:54:54-07:00,2025-03-29 13:33:00.901499-07:00,0.78,deterministic_contract_key
mineral_rights,2025-03-24,2025-03-24,2025_03_29_close_1700_PT,2025-03-30 00:00:00+00:00,2025-03-29 17:00:00-07:00,2025-03-29,5,1,election|win_most_seats|livre|portugal_parliament|year:2025|2025|528688|52751046452229649713496016650084639987245509474072726014183432115433475908011|KXPORTUGALPARTY-25-LIVRE,election|win_most_seats|livre|portugal_parliament|year:2025|2025,election,uma_risk_exposed,528688,Will Livre win the most seats in the 2025 Portuguese legislative election?,0,Yes,52751046452229649713496016650084639987245509474072726014183432115433475908011,False,binary_yes_token_price,KXPORTUGALPARTY-25-LIVRE,Will LIVRE win the most seats in the Portuguese general election?,LIVRE,330488.439275,330488.439275,0.002,0.01,-0.008,2025-03-29 12:57:11-07:00,2025-03-19 11:14:39.712081-07:00,0.78,deterministic_contract_key
mineral_rights,2025-03-24,2025-03-24,2025_03_29_close_1700_PT,2025-03-30 00:00:00+00:00,2025-03-29 17:00:00-07:00,2025-03-29,5,1,election|win_most_seats|peoples_party|canada_federal|year:2025|2025|517590|35924832551646767782758424953354849643043645213249703917795372244091393088355|KXCANADAPARTY-P,election|win_most_seats|peoples_party|canada_federal|year:2025|2025,election,uma_risk_exposed,517590,Will the People's party win the most seats in the next Canadian election?,0,Yes,35924832551646767782758424953354849643043645213249703917795372244091393088355,False,binary_yes_token_price,KXCANADAPARTY-P,Will the People's party win the most seats in the 2025 Canadian House of Commons election?,People's party,1139787.923504,1139787.923504,0.001,0.01,-0.009000000000000001,2025-03-29 16:00:16-07:00,2024-11-24 04:37:11.979961-08:00,0.78,deterministic_contract_key
mineral_rights,2025-03-24,2025-03-24,2025_03_29_close_1700_PT,2025-03-30 00:00:00+00:00,2025-03-29 17:00:00-07:00,2025-03-29,5,1,election|win|daniel_noboa|ecuadorian_presidential|year:2025|2025|514172|78529201497074592652635694767108128464886305064134175900444209409569043565924|KXPRESECUADOR25-DN,election|win|daniel_noboa|ecuadorian_presidential|year:2025|2025,election,uma_risk_exposed,514172,Will Daniel Noboa win the 2025 Ecuadorian Presidential Election? ,0,Yes,78529201497074592652635694767108128464886305064134175900444209409569043565924,False,binary_yes_token_price,KXPRESECUADOR25-DN,Will Daniel Noboa win the 2025 Ecuadorian presidential election?,Daniel Noboa,1360386.018944,1360386.018944,0.47,0.42,0.04999999999999999,2025-03-29 13:32:51-07:00,2025-03-29 02:05:36.389068-07:00,0.78,deterministic_contract_key
mineral_rights,2025-03-24,2025-03-24,2025_03_29_close_1700_PT,2025-03-30 00:00:00+00:00,2025-03-29 17:00:00-07:00,2025-03-29,5,1,election|win|luisa_gonz_lez|ecuadorian_presidential|year:2025|2025|514181|31462369160152841995177527804912923307710608138814696727701585015260363916969|KXPRESECUADOR25-LG,election|win|luisa_gonz_lez|ecuadorian_presidential|year:2025|2025,election,uma_risk_exposed,514181,Will Luisa González win the 2025 Ecuadorian Presidential Election? ,0,Yes,31462369160152841995177527804912923307710608138814696727701585015260363916969,False,binary_yes_token_price,KXPRESECUADOR25-LG,Will Luisa González win the 2025 Ecuadorian presidential election?,Luisa González,1274030.578608,1274030.578608,0.52,0.58,-0.05999999999999994,2025-03-29 13:57:43-07:00,2025-03-28 16:54:12.710172-07:00,0.78,deterministic_contract_key
mineral_rights,2025-03-24,2025-03-24,2025_03_29_close_1700_PT,2025-03-30 00:00:00+00:00,2025-03-29 17:00:00-07:00,2025-03-29,5,1,office_exit|leave_office|jerome_powell|year:2025|520930|44446628319261786751896876365833910598445252343588252409740203088317210950410|LEAVEPOWELL-25-DEC31,office_exit|leave_office|jerome_powell|year:2025,office_exit,uma_risk_exposed,520930,Jerome Powell out as Fed Chair in 2025?,0,Yes,44446628319261786751896876365833910598445252343588252409740203088317210950410,False,binary_yes_token_price,LEAVEPOWELL-25-DEC31,Powell leaves before 2026?,Before 2026,11760101.336012,11760101.336012,0.14,0.16,-0.01999999999999999,2025-03-29 05:26:09-07:00,2025-03-29 14:41:45.374620-07:00,0.88,deterministic_contract_key
mineral_rights,2025-03-24,2025-03-24,2025_03_29_close_1700_PT,2025-03-30 00:00:00+00:00,2025-03-29 17:00:00-07:00,2025-03-29,5,1,office_exit|resign|volodymyr_zelenskyy|year:2025|525157|74129046843921940913413587682588886122583847748489066762857187137233978267670|KXUKRAINERESIGN-26,office_exit|resign|volodymyr_zelenskyy|year:2025,office_exit,uma_risk_exposed,525157,Zelensky resigns in 2025?,0,Yes,74129046843921940913413587682588886122583847748489066762857187137233978267670,False,binary_yes_token_price,KXUKRAINERESIGN-26,"Will Volodymyr Zelenskyy resign before Jan 1, 2026?",Before 2026,639799.279247,639799.279247,0.21,0.23,-0.020000000000000018,2025-03-29 05:29:33-07:00,2025-03-29 15:01:02.186763-07:00,0.88,deterministic_contract_key
mineral_rights,2025-03-24,2025-03-24,2025_03_29_close_1700_PT,2025-03-30 00:00:00+00:00,2025-03-29 17:00:00-07:00,2025-03-29,5,1,policy_action|create|national_bitcoin_reserve|united_states|year:2025|516937|83894672511259544049673946661753374355328822374216474995072428966535091173758|KXBTCRESERVE-26-JAN01,policy_action|create|national_bitcoin_reserve|united_states|year:2025,policy_action,uma_risk_exposed,516937,US national Bitcoin reserve in 2025?,0,Yes,83894672511259544049673946661753374355328822374216474995072428966535091173758,False,binary_yes_token_price,KXBTCRESERVE-26-JAN01,"Will Trump create a National Bitcoin Reserve before Jan 1, 2026?","Before Jan 1, 2026",5526758.797978,5526758.797978,0.69,0.54,0.1499999999999999,2025-03-29 16:33:42-07:00,2025-03-29 12:02:46.509777-07:00,0.78,deterministic_contract_key
mineral_rights,2025-03-24,2025-03-24,2025_03_29_close_1700_PT,2025-03-30 00:00:00+00:00,2025-03-29 17:00:00-07:00,2025-03-29,5,1,policy_action|eliminate|department_of_education|united_states|year:2025|523188|60661165588332286306443081468695135979348107944620337686282849990456442563142|KXDOED-26-JAN01,policy_action|eliminate|department_of_education|united_states|year:2025,policy_action,uma_risk_exposed,523188,Will Trump end Department of Education in 2025?,0,Yes,60661165588332286306443081468695135979348107944620337686282849990456442563142,False,binary_yes_token_price,KXDOED-26-JAN01,"Will the Department of Education be eliminated before Jan 1, 2026?","Before Jan 1, 2026",900396.416301,900396.416301,0.21,0.17,0.03999999999999998,2025-03-29 16:49:18-07:00,2025-03-29 14:40:12.000648-07:00,0.78,deterministic_contract_key
mineral_rights,2025-03-24,2025-03-24,2025_03_29_close_1700_PT,2025-03-30 00:00:00+00:00,2025-03-29 17:00:00-07:00,2025-03-29,5,1,policy_action|pass_law|strategic_bitcoin_reserve_act|texas|year:2025|518901|108694680056826771513727361737568313266027710115630595991317876664602548455545|KXTEXASBTC-26,policy_action|pass_law|strategic_bitcoin_reserve_act|texas|year:2025,policy_action,uma_risk_exposed,518901,Texas Strategic Bitcoin Reserve Act (H.B. 1598) signed in 2025?,0,Yes,108694680056826771513727361737568313266027710115630595991317876664602548455545,False,binary_yes_token_price,KXTEXASBTC-26,Will the Texas Strategic Bitcoin Reserve Act become law before 2026?,Before 2026,214638.028966,214638.028966,0.7199999969716085,0.74,-0.020000003028391444,2025-03-29 15:26:44-07:00,2025-03-28 14:33:26.552024-07:00,0.8,deterministic_contract_key
mineral_rights,2025-03-24,2025-03-24,2025_03_29_close_1700_PT,2025-03-30 00:00:00+00:00,2025-03-29 17:00:00-07:00,2025-03-29,5,1,policy_action|start|recession|united_states|year:2025|516710|104173557214744537570424345347209544585775842950109756851652855913015295701992|RECSSNBER-25,policy_action|start|recession|united_states|year:2025,policy_action,uma_risk_exposed,516710,US recession in 2025?,0,Yes,104173557214744537570424345347209544585775842950109756851652855913015295701992,False,binary_yes_token_price,RECSSNBER-25,Will there be a recession in 2025?,Starts,11734512.428529,11734512.428529,0.37,0.4,-0.030000000000000027,2025-03-29 06:54:02-07:00,2025-03-29 12:01:23.584228-07:00,0.78,deterministic_contract_key
mineral_rights,2025-03-24,2025-03-24,2025_03_30_open_0500_PT,2025-03-30 12:00:00+00:00,2025-03-30 05:00:00-07:00,2025-03-30,6,1,election|win_most_seats|conservative_party|canada_federal|year:2025|2025|517585|13613076726717814638495632178711195398447760389342275247699985009794802626720|KXCANADAPARTY-C,election|win_most_seats|conservative_party|canada_federal|year:2025|2025,election,uma_risk_exposed,517585,Will the Conservative Party win the most seats in the next Canadian election?,0,Yes,13613076726717814638495632178711195398447760389342275247699985009794802626720,False,binary_yes_token_price,KXCANADAPARTY-C,Will the Conservative party win the most seats in the 2025 Canadian House of Commons election?,Conservative party,3398500.815959,3398500.815959,0.32,0.3,0.020000000000000018,2025-03-30 04:24:49-07:00,2025-03-30 02:29:04.090932-07:00,0.78,deterministic_contract_key
mineral_rights,2025-03-24,2025-03-24,2025_03_30_open_0500_PT,2025-03-30 12:00:00+00:00,2025-03-30 05:00:00-07:00,2025-03-30,6,1,election|win_most_seats|liberal_party|canada_federal|year:2025|2025|517586|97369614101217511684993615789719226906296227283714425485701044468625942166745|KXCANADAPARTY-L,election|win_most_seats|liberal_party|canada_federal|year:2025|2025,election,uma_risk_exposed,517586,Will the Liberal Party win the most seats in the next Canadian election?,0,Yes,97369614101217511684993615789719226906296227283714425485701044468625942166745,False,binary_yes_token_price,KXCANADAPARTY-L,Will the Liberal party win the most seats in the 2025 Canadian House of Commons election?,Liberal party,5152025.201466,5152025.201466,0.666999899949975,0.7,-0.03300010005002496,2025-03-30 04:53:53-07:00,2025-03-30 04:24:28.991219-07:00,0.78,deterministic_contract_key
mineral_rights,2025-03-24,2025-03-24,2025_03_30_open_0500_PT,2025-03-30 12:00:00+00:00,2025-03-30 05:00:00-07:00,2025-03-30,6,1,election|win_most_seats|livre|portugal_parliament|year:2025|2025|528688|52751046452229649713496016650084639987245509474072726014183432115433475908011|KXPORTUGALPARTY-25-LIVRE,election|win_most_seats|livre|portugal_parliament|year:2025|2025,election,uma_risk_exposed,528688,Will Livre win the most seats in the 2025 Portuguese legislative election?,0,Yes,52751046452229649713496016650084639987245509474072726014183432115433475908011,False,binary_yes_token_price,KXPORTUGALPARTY-25-LIVRE,Will LIVRE win the most seats in the Portuguese general election?,LIVRE,330488.439275,330488.439275,0.002,0.01,-0.008,2025-03-30 04:36:05-07:00,2025-03-19 11:14:39.712081-07:00,0.78,deterministic_contract_key
mineral_rights,2025-03-24,2025-03-24,2025_03_30_open_0500_PT,2025-03-30 12:00:00+00:00,2025-03-30 05:00:00-07:00,2025-03-30,6,1,election|win_most_seats|peoples_party|canada_federal|year:2025|2025|517590|35924832551646767782758424953354849643043645213249703917795372244091393088355|KXCANADAPARTY-P,election|win_most_seats|peoples_party|canada_federal|year:2025|2025,election,uma_risk_exposed,517590,Will the People's party win the most seats in the next Canadian election?,0,Yes,35924832551646767782758424953354849643043645213249703917795372244091393088355,False,binary_yes_token_price,KXCANADAPARTY-P,Will the People's party win the most seats in the 2025 Canadian House of Commons election?,People's party,1139787.923504,1139787.923504,0.001,0.01,-0.009000000000000001,2025-03-30 02:26:25-07:00,2024-11-24 04:37:11.979961-08:00,0.78,deterministic_contract_key
mineral_rights,2025-03-24,2025-03-24,2025_03_30_open_0500_PT,2025-03-30 12:00:00+00:00,2025-03-30 05:00:00-07:00,2025-03-30,6,1,election|win|daniel_noboa|ecuadorian_presidential|year:2025|2025|514172|78529201497074592652635694767108128464886305064134175900444209409569043565924|KXPRESECUADOR25-DN,election|win|daniel_noboa|ecuadorian_presidential|year:2025|2025,election,uma_risk_exposed,514172,Will Daniel Noboa win the 2025 Ecuadorian Presidential Election? ,0,Yes,78529201497074592652635694767108128464886305064134175900444209409569043565924,False,binary_yes_token_price,KXPRESECUADOR25-DN,Will Daniel Noboa win the 2025 Ecuadorian presidential election?,Daniel Noboa,1360386.018944,1360386.018944,0.46000008277374016,0.48,-0.019999917226259822,2025-03-30 04:43:45-07:00,2025-03-30 00:28:16.787093-07:00,0.78,deterministic_contract_key
mineral_rights,2025-03-24,2025-03-24,2025_03_30_open_0500_PT,2025-03-30 12:00:00+00:00,2025-03-30 05:00:00-07:00,2025-03-30,6,1,election|win|luisa_gonz_lez|ecuadorian_presidential|year:2025|2025|514181|31462369160152841995177527804912923307710608138814696727701585015260363916969|KXPRESECUADOR25-LG,election|win|luisa_gonz_lez|ecuadorian_presidential|year:2025|2025,election,uma_risk_exposed,514181,Will Luisa González win the 2025 Ecuadorian Presidential Election? ,0,Yes,31462369160152841995177527804912923307710608138814696727701585015260363916969,False,binary_yes_token_price,KXPRESECUADOR25-LG,Will Luisa González win the 2025 Ecuadorian presidential election?,Luisa González,1274030.578608,1274030.578608,0.52,0.58,-0.05999999999999994,2025-03-30 04:58:17-07:00,2025-03-28 16:54:12.710172-07:00,0.78,deterministic_contract_key
mineral_rights,2025-03-24,2025-03-24,2025_03_30_open_0500_PT,2025-03-30 12:00:00+00:00,2025-03-30 05:00:00-07:00,2025-03-30,6,1,office_exit|leave_office|jerome_powell|year:2025|520930|44446628319261786751896876365833910598445252343588252409740203088317210950410|LEAVEPOWELL-25-DEC31,office_exit|leave_office|jerome_powell|year:2025,office_exit,uma_risk_exposed,520930,Jerome Powell out as Fed Chair in 2025?,0,Yes,44446628319261786751896876365833910598445252343588252409740203088317210950410,False,binary_yes_token_price,LEAVEPOWELL-25-DEC31,Powell leaves before 2026?,Before 2026,11760101.336012,11760101.336012,0.14,0.16,-0.01999999999999999,2025-03-29 05:26:09-07:00,2025-03-29 14:41:45.374620-07:00,0.88,deterministic_contract_key
mineral_rights,2025-03-24,2025-03-24,2025_03_30_open_0500_PT,2025-03-30 12:00:00+00:00,2025-03-30 05:00:00-07:00,2025-03-30,6,1,office_exit|resign|volodymyr_zelenskyy|year:2025|525157|74129046843921940913413587682588886122583847748489066762857187137233978267670|KXUKRAINERESIGN-26,office_exit|resign|volodymyr_zelenskyy|year:2025,office_exit,uma_risk_exposed,525157,Zelensky resigns in 2025?,0,Yes,74129046843921940913413587682588886122583847748489066762857187137233978267670,False,binary_yes_token_price,KXUKRAINERESIGN-26,"Will Volodymyr Zelenskyy resign before Jan 1, 2026?",Before 2026,639799.279247,639799.279247,0.21,0.18,0.03,2025-03-29 05:29:33-07:00,2025-03-30 03:30:04.328045-07:00,0.88,deterministic_contract_key
mineral_rights,2025-03-24,2025-03-24,2025_03_30_open_0500_PT,2025-03-30 12:00:00+00:00,2025-03-30 05:00:00-07:00,2025-03-30,6,1,policy_action|create|national_bitcoin_reserve|united_states|year:2025|516937|83894672511259544049673946661753374355328822374216474995072428966535091173758|KXBTCRESERVE-26-JAN01,policy_action|create|national_bitcoin_reserve|united_states|year:2025,policy_action,uma_risk_exposed,516937,US national Bitcoin reserve in 2025?,0,Yes,83894672511259544049673946661753374355328822374216474995072428966535091173758,False,binary_yes_token_price,KXBTCRESERVE-26-JAN01,"Will Trump create a National Bitcoin Reserve before Jan 1, 2026?","Before Jan 1, 2026",5526758.797978,5526758.797978,0.6899999585999611,0.51,0.1799999585999611,2025-03-30 04:58:49-07:00,2025-03-30 03:34:07.133886-07:00,0.78,deterministic_contract_key
mineral_rights,2025-03-24,2025-03-24,2025_03_30_open_0500_PT,2025-03-30 12:00:00+00:00,2025-03-30 05:00:00-07:00,2025-03-30,6,1,policy_action|eliminate|department_of_education|united_states|year:2025|523188|60661165588332286306443081468695135979348107944620337686282849990456442563142|KXDOED-26-JAN01,policy_action|eliminate|department_of_education|united_states|year:2025,policy_action,uma_risk_exposed,523188,Will Trump end Department of Education in 2025?,0,Yes,60661165588332286306443081468695135979348107944620337686282849990456442563142,False,binary_yes_token_price,KXDOED-26-JAN01,"Will the Department of Education be eliminated before Jan 1, 2026?","Before Jan 1, 2026",900396.416301,900396.416301,0.2,0.17,0.03,2025-03-30 04:47:25-07:00,2025-03-29 14:40:12.000648-07:00,0.78,deterministic_contract_key
mineral_rights,2025-03-24,2025-03-24,2025_03_30_open_0500_PT,2025-03-30 12:00:00+00:00,2025-03-30 05:00:00-07:00,2025-03-30,6,1,policy_action|pass_law|strategic_bitcoin_reserve_act|texas|year:2025|518901|108694680056826771513727361737568313266027710115630595991317876664602548455545|KXTEXASBTC-26,policy_action|pass_law|strategic_bitcoin_reserve_act|texas|year:2025,policy_action,uma_risk_exposed,518901,Texas Strategic Bitcoin Reserve Act (H.B. 1598) signed in 2025?,0,Yes,108694680056826771513727361737568313266027710115630595991317876664602548455545,False,binary_yes_token_price,KXTEXASBTC-26,Will the Texas Strategic Bitcoin Reserve Act become law before 2026?,Before 2026,214638.028966,214638.028966,0.719999954734768,0.74,-0.020000045265232025,2025-03-30 01:28:59-07:00,2025-03-30 02:46:11.377367-07:00,0.8,deterministic_contract_key
mineral_rights,2025-03-24,2025-03-24,2025_03_30_open_0500_PT,2025-03-30 12:00:00+00:00,2025-03-30 05:00:00-07:00,2025-03-30,6,1,policy_action|start|recession|united_states|year:2025|516710|104173557214744537570424345347209544585775842950109756851652855913015295701992|RECSSNBER-25,policy_action|start|recession|united_states|year:2025,policy_action,uma_risk_exposed,516710,US recession in 2025?,0,Yes,104173557214744537570424345347209544585775842950109756851652855913015295701992,False,binary_yes_token_price,RECSSNBER-25,Will there be a recession in 2025?,Starts,11734512.428529,11734512.428529,0.38,0.4,-0.020000000000000018,2025-03-30 04:57:59-07:00,2025-03-30 02:02:36.999816-07:00,0.78,deterministic_contract_key
mineral_rights,2025-03-24,2025-03-24,2025_03_30_close_1700_PT,2025-03-31 00:00:00+00:00,2025-03-30 17:00:00-07:00,2025-03-30,6,1,election|win_most_seats|conservative_party|canada_federal|year:2025|2025|517585|13613076726717814638495632178711195398447760389342275247699985009794802626720|KXCANADAPARTY-C,election|win_most_seats|conservative_party|canada_federal|year:2025|2025,election,uma_risk_exposed,517585,Will the Conservative Party win the most seats in the next Canadian election?,0,Yes,13613076726717814638495632178711195398447760389342275247699985009794802626720,False,binary_yes_token_price,KXCANADAPARTY-C,Will the Conservative party win the most seats in the 2025 Canadian House of Commons election?,Conservative party,3398500.815959,3398500.815959,0.35,0.32,0.02999999999999997,2025-03-30 16:43:00-07:00,2025-03-30 12:40:24.420134-07:00,0.78,deterministic_contract_key
mineral_rights,2025-03-24,2025-03-24,2025_03_30_close_1700_PT,2025-03-31 00:00:00+00:00,2025-03-30 17:00:00-07:00,2025-03-30,6,1,election|win_most_seats|liberal_party|canada_federal|year:2025|2025|517586|97369614101217511684993615789719226906296227283714425485701044468625942166745|KXCANADAPARTY-L,election|win_most_seats|liberal_party|canada_federal|year:2025|2025,election,uma_risk_exposed,517586,Will the Liberal Party win the most seats in the next Canadian election?,0,Yes,97369614101217511684993615789719226906296227283714425485701044468625942166745,False,binary_yes_token_price,KXCANADAPARTY-L,Will the Liberal party win the most seats in the 2025 Canadian House of Commons election?,Liberal party,5152025.201466,5152025.201466,0.652,0.69,-0.03799999999999992,2025-03-30 16:32:15-07:00,2025-03-30 16:21:48.030906-07:00,0.78,deterministic_contract_key
mineral_rights,2025-03-24,2025-03-24,2025_03_30_close_1700_PT,2025-03-31 00:00:00+00:00,2025-03-30 17:00:00-07:00,2025-03-30,6,1,election|win_most_seats|livre|portugal_parliament|year:2025|2025|528688|52751046452229649713496016650084639987245509474072726014183432115433475908011|KXPORTUGALPARTY-25-LIVRE,election|win_most_seats|livre|portugal_parliament|year:2025|2025,election,uma_risk_exposed,528688,Will Livre win the most seats in the 2025 Portuguese legislative election?,0,Yes,52751046452229649713496016650084639987245509474072726014183432115433475908011,False,binary_yes_token_price,KXPORTUGALPARTY-25-LIVRE,Will LIVRE win the most seats in the Portuguese general election?,LIVRE,330488.439275,330488.439275,0.002,0.01,-0.008,2025-03-30 14:06:00-07:00,2025-03-19 11:14:39.712081-07:00,0.78,deterministic_contract_key
mineral_rights,2025-03-24,2025-03-24,2025_03_30_close_1700_PT,2025-03-31 00:00:00+00:00,2025-03-30 17:00:00-07:00,2025-03-30,6,1,election|win_most_seats|peoples_party|canada_federal|year:2025|2025|517590|35924832551646767782758424953354849643043645213249703917795372244091393088355|KXCANADAPARTY-P,election|win_most_seats|peoples_party|canada_federal|year:2025|2025,election,uma_risk_exposed,517590,Will the People's party win the most seats in the next Canadian election?,0,Yes,35924832551646767782758424953354849643043645213249703917795372244091393088355,False,binary_yes_token_price,KXCANADAPARTY-P,Will the People's party win the most seats in the 2025 Canadian House of Commons election?,People's party,1139787.923504,1139787.923504,0.001,0.01,-0.009000000000000001,2025-03-30 02:26:25-07:00,2024-11-24 04:37:11.979961-08:00,0.78,deterministic_contract_key
mineral_rights,2025-03-24,2025-03-24,2025_03_30_close_1700_PT,2025-03-31 00:00:00+00:00,2025-03-30 17:00:00-07:00,2025-03-30,6,1,election|win|daniel_noboa|ecuadorian_presidential|year:2025|2025|514172|78529201497074592652635694767108128464886305064134175900444209409569043565924|KXPRESECUADOR25-DN,election|win|daniel_noboa|ecuadorian_presidential|year:2025|2025,election,uma_risk_exposed,514172,Will Daniel Noboa win the 2025 Ecuadorian Presidential Election? ,0,Yes,78529201497074592652635694767108128464886305064134175900444209409569043565924,False,binary_yes_token_price,KXPRESECUADOR25-DN,Will Daniel Noboa win the 2025 Ecuadorian presidential election?,Daniel Noboa,1360386.018944,1360386.018944,0.46,0.42,0.040000000000000036,2025-03-30 13:09:48-07:00,2025-03-30 09:56:01.100164-07:00,0.78,deterministic_contract_key
mineral_rights,2025-03-24,2025-03-24,2025_03_30_close_1700_PT,2025-03-31 00:00:00+00:00,2025-03-30 17:00:00-07:00,2025-03-30,6,1,election|win|luisa_gonz_lez|ecuadorian_presidential|year:2025|2025|514181|31462369160152841995177527804912923307710608138814696727701585015260363916969|KXPRESECUADOR25-LG,election|win|luisa_gonz_lez|ecuadorian_presidential|year:2025|2025,election,uma_risk_exposed,514181,Will Luisa González win the 2025 Ecuadorian Presidential Election? ,0,Yes,31462369160152841995177527804912923307710608138814696727701585015260363916969,False,binary_yes_token_price,KXPRESECUADOR25-LG,Will Luisa González win the 2025 Ecuadorian presidential election?,Luisa González,1274030.578608,1274030.578608,0.5299999650199954,0.58,-0.050000034980004604,2025-03-30 13:57:42-07:00,2025-03-28 16:54:12.710172-07:00,0.78,deterministic_contract_key
mineral_rights,2025-03-24,2025-03-24,2025_03_30_close_1700_PT,2025-03-31 00:00:00+00:00,2025-03-30 17:00:00-07:00,2025-03-30,6,1,office_exit|leave_office|jerome_powell|year:2025|520930|44446628319261786751896876365833910598445252343588252409740203088317210950410|LEAVEPOWELL-25-DEC31,office_exit|leave_office|jerome_powell|year:2025,office_exit,uma_risk_exposed,520930,Jerome Powell out as Fed Chair in 2025?,0,Yes,44446628319261786751896876365833910598445252343588252409740203088317210950410,False,binary_yes_token_price,LEAVEPOWELL-25-DEC31,Powell leaves before 2026?,Before 2026,11760101.336012,11760101.336012,0.14,0.16,-0.01999999999999999,2025-03-29 05:26:09-07:00,2025-03-29 14:41:45.374620-07:00,0.88,deterministic_contract_key
mineral_rights,2025-03-24,2025-03-24,2025_03_30_close_1700_PT,2025-03-31 00:00:00+00:00,2025-03-30 17:00:00-07:00,2025-03-30,6,1,office_exit|resign|volodymyr_zelenskyy|year:2025|525157|74129046843921940913413587682588886122583847748489066762857187137233978267670|KXUKRAINERESIGN-26,office_exit|resign|volodymyr_zelenskyy|year:2025,office_exit,uma_risk_exposed,525157,Zelensky resigns in 2025?,0,Yes,74129046843921940913413587682588886122583847748489066762857187137233978267670,False,binary_yes_token_price,KXUKRAINERESIGN-26,"Will Volodymyr Zelenskyy resign before Jan 1, 2026?",Before 2026,639799.279247,639799.279247,0.21,0.23,-0.020000000000000018,2025-03-29 05:29:33-07:00,2025-03-30 12:35:04.780803-07:00,0.88,deterministic_contract_key
mineral_rights,2025-03-24,2025-03-24,2025_03_30_close_1700_PT,2025-03-31 00:00:00+00:00,2025-03-30 17:00:00-07:00,2025-03-30,6,1,policy_action|create|national_bitcoin_reserve|united_states|year:2025|516937|83894672511259544049673946661753374355328822374216474995072428966535091173758|KXBTCRESERVE-26-JAN01,policy_action|create|national_bitcoin_reserve|united_states|year:2025,policy_action,uma_risk_exposed,516937,US national Bitcoin reserve in 2025?,0,Yes,83894672511259544049673946661753374355328822374216474995072428966535091173758,False,binary_yes_token_price,KXBTCRESERVE-26-JAN01,"Will Trump create a National Bitcoin Reserve before Jan 1, 2026?","Before Jan 1, 2026",5526758.797978,5526758.797978,0.67,0.5,0.17000000000000004,2025-03-30 13:45:44-07:00,2025-03-30 11:01:04.740893-07:00,0.78,deterministic_contract_key
mineral_rights,2025-03-24,2025-03-24,2025_03_30_close_1700_PT,2025-03-31 00:00:00+00:00,2025-03-30 17:00:00-07:00,2025-03-30,6,1,policy_action|eliminate|department_of_education|united_states|year:2025|523188|60661165588332286306443081468695135979348107944620337686282849990456442563142|KXDOED-26-JAN01,policy_action|eliminate|department_of_education|united_states|year:2025,policy_action,uma_risk_exposed,523188,Will Trump end Department of Education in 2025?,0,Yes,60661165588332286306443081468695135979348107944620337686282849990456442563142,False,binary_yes_token_price,KXDOED-26-JAN01,"Will the Department of Education be eliminated before Jan 1, 2026?","Before Jan 1, 2026",900396.416301,900396.416301,0.2,0.17,0.03,2025-03-30 13:24:38-07:00,2025-03-30 16:04:28.242793-07:00,0.78,deterministic_contract_key
mineral_rights,2025-03-24,2025-03-24,2025_03_30_close_1700_PT,2025-03-31 00:00:00+00:00,2025-03-30 17:00:00-07:00,2025-03-30,6,1,policy_action|pass_law|strategic_bitcoin_reserve_act|texas|year:2025|518901|108694680056826771513727361737568313266027710115630595991317876664602548455545|KXTEXASBTC-26,policy_action|pass_law|strategic_bitcoin_reserve_act|texas|year:2025,policy_action,uma_risk_exposed,518901,Texas Strategic Bitcoin Reserve Act (H.B. 1598) signed in 2025?,0,Yes,108694680056826771513727361737568313266027710115630595991317876664602548455545,False,binary_yes_token_price,KXTEXASBTC-26,Will the Texas Strategic Bitcoin Reserve Act become law before 2026?,Before 2026,214638.028966,214638.028966,0.71999995246217,0.74,-0.020000047537830024,2025-03-30 15:48:39-07:00,2025-03-30 02:46:11.377367-07:00,0.8,deterministic_contract_key
mineral_rights,2025-03-24,2025-03-24,2025_03_30_close_1700_PT,2025-03-31 00:00:00+00:00,2025-03-30 17:00:00-07:00,2025-03-30,6,1,policy_action|start|recession|united_states|year:2025|516710|104173557214744537570424345347209544585775842950109756851652855913015295701992|RECSSNBER-25,policy_action|start|recession|united_states|year:2025,policy_action,uma_risk_exposed,516710,US recession in 2025?,0,Yes,104173557214744537570424345347209544585775842950109756851652855913015295701992,False,binary_yes_token_price,RECSSNBER-25,Will there be a recession in 2025?,Starts,11734512.428529,11734512.428529,0.38,0.42,-0.03999999999999998,2025-03-30 16:19:49-07:00,2025-03-30 14:15:41.130317-07:00,0.78,deterministic_contract_key
mineral_rights,2025-03-24,2025-03-24,2025_03_31_open_0500_PT,2025-03-31 12:00:00+00:00,2025-03-31 05:00:00-07:00,2025-03-31,7,1,election|win_most_seats|conservative_party|canada_federal|year:2025|2025|517585|13613076726717814638495632178711195398447760389342275247699985009794802626720|KXCANADAPARTY-C,election|win_most_seats|conservative_party|canada_federal|year:2025|2025,election,uma_risk_exposed,517585,Will the Conservative Party win the most seats in the next Canadian election?,0,Yes,13613076726717814638495632178711195398447760389342275247699985009794802626720,False,binary_yes_token_price,KXCANADAPARTY-C,Will the Conservative party win the most seats in the 2025 Canadian House of Commons election?,Conservative party,3398500.815959,3398500.815959,0.35999999563636353,0.32,0.03999999563636353,2025-03-31 03:21:22-07:00,2025-03-31 03:46:10.419286-07:00,0.78,deterministic_contract_key
mineral_rights,2025-03-24,2025-03-24,2025_03_31_open_0500_PT,2025-03-31 12:00:00+00:00,2025-03-31 05:00:00-07:00,2025-03-31,7,1,election|win_most_seats|liberal_party|canada_federal|year:2025|2025|517586|97369614101217511684993615789719226906296227283714425485701044468625942166745|KXCANADAPARTY-L,election|win_most_seats|liberal_party|canada_federal|year:2025|2025,election,uma_risk_exposed,517586,Will the Liberal Party win the most seats in the next Canadian election?,0,Yes,97369614101217511684993615789719226906296227283714425485701044468625942166745,False,binary_yes_token_price,KXCANADAPARTY-L,Will the Liberal party win the most seats in the 2025 Canadian House of Commons election?,Liberal party,5152025.201466,5152025.201466,0.638,0.67,-0.03200000000000003,2025-03-31 03:47:58-07:00,2025-03-31 01:40:04.239191-07:00,0.78,deterministic_contract_key
mineral_rights,2025-03-24,2025-03-24,2025_03_31_open_0500_PT,2025-03-31 12:00:00+00:00,2025-03-31 05:00:00-07:00,2025-03-31,7,1,election|win_most_seats|livre|portugal_parliament|year:2025|2025|528688|52751046452229649713496016650084639987245509474072726014183432115433475908011|KXPORTUGALPARTY-25-LIVRE,election|win_most_seats|livre|portugal_parliament|year:2025|2025,election,uma_risk_exposed,528688,Will Livre win the most seats in the 2025 Portuguese legislative election?,0,Yes,52751046452229649713496016650084639987245509474072726014183432115433475908011,False,binary_yes_token_price,KXPORTUGALPARTY-25-LIVRE,Will LIVRE win the most seats in the Portuguese general election?,LIVRE,330488.439275,330488.439275,0.002,0.01,-0.008,2025-03-31 00:25:13-07:00,2025-03-19 11:14:39.712081-07:00,0.78,deterministic_contract_key
mineral_rights,2025-03-24,2025-03-24,2025_03_31_open_0500_PT,2025-03-31 12:00:00+00:00,2025-03-31 05:00:00-07:00,2025-03-31,7,1,election|win_most_seats|peoples_party|canada_federal|year:2025|2025|517590|35924832551646767782758424953354849643043645213249703917795372244091393088355|KXCANADAPARTY-P,election|win_most_seats|peoples_party|canada_federal|year:2025|2025,election,uma_risk_exposed,517590,Will the People's party win the most seats in the next Canadian election?,0,Yes,35924832551646767782758424953354849643043645213249703917795372244091393088355,False,binary_yes_token_price,KXCANADAPARTY-P,Will the People's party win the most seats in the 2025 Canadian House of Commons election?,People's party,1139787.923504,1139787.923504,0.001,0.01,-0.009000000000000001,2025-03-30 18:21:08-07:00,2024-11-24 04:37:11.979961-08:00,0.78,deterministic_contract_key
mineral_rights,2025-03-24,2025-03-24,2025_03_31_open_0500_PT,2025-03-31 12:00:00+00:00,2025-03-31 05:00:00-07:00,2025-03-31,7,1,election|win|daniel_noboa|ecuadorian_presidential|year:2025|2025|514172|78529201497074592652635694767108128464886305064134175900444209409569043565924|KXPRESECUADOR25-DN,election|win|daniel_noboa|ecuadorian_presidential|year:2025|2025,election,uma_risk_exposed,514172,Will Daniel Noboa win the 2025 Ecuadorian Presidential Election? ,0,Yes,78529201497074592652635694767108128464886305064134175900444209409569043565924,False,binary_yes_token_price,KXPRESECUADOR25-DN,Will Daniel Noboa win the 2025 Ecuadorian presidential election?,Daniel Noboa,1360386.018944,1360386.018944,0.46,0.42,0.040000000000000036,2025-03-31 00:43:39-07:00,2025-03-30 09:56:01.100164-07:00,0.78,deterministic_contract_key
mineral_rights,2025-03-24,2025-03-24,2025_03_31_open_0500_PT,2025-03-31 12:00:00+00:00,2025-03-31 05:00:00-07:00,2025-03-31,7,1,election|win|luisa_gonz_lez|ecuadorian_presidential|year:2025|2025|514181|31462369160152841995177527804912923307710608138814696727701585015260363916969|KXPRESECUADOR25-LG,election|win|luisa_gonz_lez|ecuadorian_presidential|year:2025|2025,election,uma_risk_exposed,514181,Will Luisa González win the 2025 Ecuadorian Presidential Election? ,0,Yes,31462369160152841995177527804912923307710608138814696727701585015260363916969,False,binary_yes_token_price,KXPRESECUADOR25-LG,Will Luisa González win the 2025 Ecuadorian presidential election?,Luisa González,1274030.578608,1274030.578608,0.53,0.58,-0.04999999999999993,2025-03-30 20:40:04-07:00,2025-03-28 16:54:12.710172-07:00,0.78,deterministic_contract_key
mineral_rights,2025-03-24,2025-03-24,2025_03_31_open_0500_PT,2025-03-31 12:00:00+00:00,2025-03-31 05:00:00-07:00,2025-03-31,7,1,office_exit|leave_office|jerome_powell|year:2025|520930|44446628319261786751896876365833910598445252343588252409740203088317210950410|LEAVEPOWELL-25-DEC31,office_exit|leave_office|jerome_powell|year:2025,office_exit,uma_risk_exposed,520930,Jerome Powell out as Fed Chair in 2025?,0,Yes,44446628319261786751896876365833910598445252343588252409740203088317210950410,False,binary_yes_token_price,LEAVEPOWELL-25-DEC31,Powell leaves before 2026?,Before 2026,11760101.336012,11760101.336012,0.14,0.16,-0.01999999999999999,2025-03-29 05:26:09-07:00,2025-03-29 14:41:45.374620-07:00,0.88,deterministic_contract_key
mineral_rights,2025-03-24,2025-03-24,2025_03_31_open_0500_PT,2025-03-31 12:00:00+00:00,2025-03-31 05:00:00-07:00,2025-03-31,7,1,office_exit|resign|volodymyr_zelenskyy|year:2025|525157|74129046843921940913413587682588886122583847748489066762857187137233978267670|KXUKRAINERESIGN-26,office_exit|resign|volodymyr_zelenskyy|year:2025,office_exit,uma_risk_exposed,525157,Zelensky resigns in 2025?,0,Yes,74129046843921940913413587682588886122583847748489066762857187137233978267670,False,binary_yes_token_price,KXUKRAINERESIGN-26,"Will Volodymyr Zelenskyy resign before Jan 1, 2026?",Before 2026,639799.279247,639799.279247,0.19,0.23,-0.04000000000000001,2025-03-31 00:02:14-07:00,2025-03-30 12:35:04.780803-07:00,0.88,deterministic_contract_key
mineral_rights,2025-03-24,2025-03-24,2025_03_31_open_0500_PT,2025-03-31 12:00:00+00:00,2025-03-31 05:00:00-07:00,2025-03-31,7,1,policy_action|create|national_bitcoin_reserve|united_states|year:2025|516937|83894672511259544049673946661753374355328822374216474995072428966535091173758|KXBTCRESERVE-26-JAN01,policy_action|create|national_bitcoin_reserve|united_states|year:2025,policy_action,uma_risk_exposed,516937,US national Bitcoin reserve in 2025?,0,Yes,83894672511259544049673946661753374355328822374216474995072428966535091173758,False,binary_yes_token_price,KXBTCRESERVE-26-JAN01,"Will Trump create a National Bitcoin Reserve before Jan 1, 2026?","Before Jan 1, 2026",5526758.797978,5526758.797978,0.66,0.53,0.13,2025-03-31 04:32:08-07:00,2025-03-31 03:56:29.274297-07:00,0.78,deterministic_contract_key
mineral_rights,2025-03-24,2025-03-24,2025_03_31_open_0500_PT,2025-03-31 12:00:00+00:00,2025-03-31 05:00:00-07:00,2025-03-31,7,1,policy_action|eliminate|department_of_education|united_states|year:2025|523188|60661165588332286306443081468695135979348107944620337686282849990456442563142|KXDOED-26-JAN01,policy_action|eliminate|department_of_education|united_states|year:2025,policy_action,uma_risk_exposed,523188,Will Trump end Department of Education in 2025?,0,Yes,60661165588332286306443081468695135979348107944620337686282849990456442563142,False,binary_yes_token_price,KXDOED-26-JAN01,"Will the Department of Education be eliminated before Jan 1, 2026?","Before Jan 1, 2026",900396.416301,900396.416301,0.2,0.15,0.05000000000000002,2025-03-31 04:32:52-07:00,2025-03-31 01:45:03.571521-07:00,0.78,deterministic_contract_key
mineral_rights,2025-03-24,2025-03-24,2025_03_31_open_0500_PT,2025-03-31 12:00:00+00:00,2025-03-31 05:00:00-07:00,2025-03-31,7,1,policy_action|pass_law|strategic_bitcoin_reserve_act|texas|year:2025|518901|108694680056826771513727361737568313266027710115630595991317876664602548455545|KXTEXASBTC-26,policy_action|pass_law|strategic_bitcoin_reserve_act|texas|year:2025,policy_action,uma_risk_exposed,518901,Texas Strategic Bitcoin Reserve Act (H.B. 1598) signed in 2025?,0,Yes,108694680056826771513727361737568313266027710115630595991317876664602548455545,False,binary_yes_token_price,KXTEXASBTC-26,Will the Texas Strategic Bitcoin Reserve Act become law before 2026?,Before 2026,214638.028966,214638.028966,0.7199999461262622,0.74,-0.020000053873737822,2025-03-31 00:20:05-07:00,2025-03-30 02:46:11.377367-07:00,0.8,deterministic_contract_key
mineral_rights,2025-03-24,2025-03-24,2025_03_31_open_0500_PT,2025-03-31 12:00:00+00:00,2025-03-31 05:00:00-07:00,2025-03-31,7,1,policy_action|start|recession|united_states|year:2025|516710|104173557214744537570424345347209544585775842950109756851652855913015295701992|RECSSNBER-25,policy_action|start|recession|united_states|year:2025,policy_action,uma_risk_exposed,516710,US recession in 2025?,0,Yes,104173557214744537570424345347209544585775842950109756851652855913015295701992,False,binary_yes_token_price,RECSSNBER-25,Will there be a recession in 2025?,Starts,11734512.428529,11734512.428529,0.37,0.43,-0.06,2025-03-31 04:05:04-07:00,2025-03-31 03:48:26.010855-07:00,0.78,deterministic_contract_key
mineral_rights,2025-03-24,2025-03-24,2025_03_31_close_1700_PT,2025-04-01 00:00:00+00:00,2025-03-31 17:00:00-07:00,2025-03-31,7,1,election|win_most_seats|conservative_party|canada_federal|year:2025|2025|517585|13613076726717814638495632178711195398447760389342275247699985009794802626720|KXCANADAPARTY-C,election|win_most_seats|conservative_party|canada_federal|year:2025|2025,election,uma_risk_exposed,517585,Will the Conservative Party win the most seats in the next Canadian election?,0,Yes,13613076726717814638495632178711195398447760389342275247699985009794802626720,False,binary_yes_token_price,KXCANADAPARTY-C,Will the Conservative party win the most seats in the 2025 Canadian House of Commons election?,Conservative party,3398500.815959,3398500.815959,0.36,0.32,0.03999999999999998,2025-03-31 16:58:03-07:00,2025-03-31 14:36:43.663714-07:00,0.78,deterministic_contract_key
mineral_rights,2025-03-24,2025-03-24,2025_03_31_close_1700_PT,2025-04-01 00:00:00+00:00,2025-03-31 17:00:00-07:00,2025-03-31,7,1,election|win_most_seats|liberal_party|canada_federal|year:2025|2025|517586|97369614101217511684993615789719226906296227283714425485701044468625942166745|KXCANADAPARTY-L,election|win_most_seats|liberal_party|canada_federal|year:2025|2025,election,uma_risk_exposed,517586,Will the Liberal Party win the most seats in the next Canadian election?,0,Yes,97369614101217511684993615789719226906296227283714425485701044468625942166745,False,binary_yes_token_price,KXCANADAPARTY-L,Will the Liberal party win the most seats in the 2025 Canadian House of Commons election?,Liberal party,5152025.201466,5152025.201466,0.641,0.7,-0.05899999999999994,2025-03-31 16:58:01-07:00,2025-03-31 15:11:13.253908-07:00,0.78,deterministic_contract_key
mineral_rights,2025-03-24,2025-03-24,2025_03_31_close_1700_PT,2025-04-01 00:00:00+00:00,2025-03-31 17:00:00-07:00,2025-03-31,7,1,election|win_most_seats|livre|portugal_parliament|year:2025|2025|528688|52751046452229649713496016650084639987245509474072726014183432115433475908011|KXPORTUGALPARTY-25-LIVRE,election|win_most_seats|livre|portugal_parliament|year:2025|2025,election,uma_risk_exposed,528688,Will Livre win the most seats in the 2025 Portuguese legislative election?,0,Yes,52751046452229649713496016650084639987245509474072726014183432115433475908011,False,binary_yes_token_price,KXPORTUGALPARTY-25-LIVRE,Will LIVRE win the most seats in the Portuguese general election?,LIVRE,330488.439275,330488.439275,0.004,0.01,-0.006,2025-03-31 12:49:07-07:00,2025-03-19 11:14:39.712081-07:00,0.78,deterministic_contract_key
mineral_rights,2025-03-24,2025-03-24,2025_03_31_close_1700_PT,2025-04-01 00:00:00+00:00,2025-03-31 17:00:00-07:00,2025-03-31,7,1,election|win_most_seats|peoples_party|canada_federal|year:2025|2025|517590|35924832551646767782758424953354849643043645213249703917795372244091393088355|KXCANADAPARTY-P,election|win_most_seats|peoples_party|canada_federal|year:2025|2025,election,uma_risk_exposed,517590,Will the People's party win the most seats in the next Canadian election?,0,Yes,35924832551646767782758424953354849643043645213249703917795372244091393088355,False,binary_yes_token_price,KXCANADAPARTY-P,Will the People's party win the most seats in the 2025 Canadian House of Commons election?,People's party,1139787.923504,1139787.923504,0.001,0.01,-0.009000000000000001,2025-03-31 05:51:06-07:00,2024-11-24 04:37:11.979961-08:00,0.78,deterministic_contract_key
mineral_rights,2025-03-24,2025-03-24,2025_03_31_close_1700_PT,2025-04-01 00:00:00+00:00,2025-03-31 17:00:00-07:00,2025-03-31,7,1,election|win|daniel_noboa|ecuadorian_presidential|year:2025|2025|514172|78529201497074592652635694767108128464886305064134175900444209409569043565924|KXPRESECUADOR25-DN,election|win|daniel_noboa|ecuadorian_presidential|year:2025|2025,election,uma_risk_exposed,514172,Will Daniel Noboa win the 2025 Ecuadorian Presidential Election? ,0,Yes,78529201497074592652635694767108128464886305064134175900444209409569043565924,False,binary_yes_token_price,KXPRESECUADOR25-DN,Will Daniel Noboa win the 2025 Ecuadorian presidential election?,Daniel Noboa,1360386.018944,1360386.018944,0.48999999656999993,0.46,0.02999999656999991,2025-03-31 16:57:09-07:00,2025-03-31 13:00:02.289390-07:00,0.78,deterministic_contract_key
mineral_rights,2025-03-24,2025-03-24,2025_03_31_close_1700_PT,2025-04-01 00:00:00+00:00,2025-03-31 17:00:00-07:00,2025-03-31,7,1,election|win|luisa_gonz_lez|ecuadorian_presidential|year:2025|2025|514181|31462369160152841995177527804912923307710608138814696727701585015260363916969|KXPRESECUADOR25-LG,election|win|luisa_gonz_lez|ecuadorian_presidential|year:2025|2025,election,uma_risk_exposed,514181,Will Luisa González win the 2025 Ecuadorian Presidential Election? ,0,Yes,31462369160152841995177527804912923307710608138814696727701585015260363916969,False,binary_yes_token_price,KXPRESECUADOR25-LG,Will Luisa González win the 2025 Ecuadorian presidential election?,Luisa González,1274030.578608,1274030.578608,0.52,0.58,-0.05999999999999994,2025-03-31 12:44:31-07:00,2025-03-28 16:54:12.710172-07:00,0.78,deterministic_contract_key
mineral_rights,2025-03-24,2025-03-24,2025_03_31_close_1700_PT,2025-04-01 00:00:00+00:00,2025-03-31 17:00:00-07:00,2025-03-31,7,1,office_exit|leave_office|jerome_powell|year:2025|520930|44446628319261786751896876365833910598445252343588252409740203088317210950410|LEAVEPOWELL-25-DEC31,office_exit|leave_office|jerome_powell|year:2025,office_exit,uma_risk_exposed,520930,Jerome Powell out as Fed Chair in 2025?,0,Yes,44446628319261786751896876365833910598445252343588252409740203088317210950410,False,binary_yes_token_price,LEAVEPOWELL-25-DEC31,Powell leaves before 2026?,Before 2026,11760101.336012,11760101.336012,0.14,0.16,-0.01999999999999999,2025-03-29 05:26:09-07:00,2025-03-29 14:41:45.374620-07:00,0.88,deterministic_contract_key
mineral_rights,2025-03-24,2025-03-24,2025_03_31_close_1700_PT,2025-04-01 00:00:00+00:00,2025-03-31 17:00:00-07:00,2025-03-31,7,1,office_exit|resign|volodymyr_zelenskyy|year:2025|525157|74129046843921940913413587682588886122583847748489066762857187137233978267670|KXUKRAINERESIGN-26,office_exit|resign|volodymyr_zelenskyy|year:2025,office_exit,uma_risk_exposed,525157,Zelensky resigns in 2025?,0,Yes,74129046843921940913413587682588886122583847748489066762857187137233978267670,False,binary_yes_token_price,KXUKRAINERESIGN-26,"Will Volodymyr Zelenskyy resign before Jan 1, 2026?",Before 2026,639799.279247,639799.279247,0.21999995306666104,0.23,-0.010000046933338974,2025-03-31 13:51:30-07:00,2025-03-31 16:41:47.007182-07:00,0.88,deterministic_contract_key
mineral_rights,2025-03-24,2025-03-24,2025_03_31_close_1700_PT,2025-04-01 00:00:00+00:00,2025-03-31 17:00:00-07:00,2025-03-31,7,1,policy_action|create|national_bitcoin_reserve|united_states|year:2025|516937|83894672511259544049673946661753374355328822374216474995072428966535091173758|KXBTCRESERVE-26-JAN01,policy_action|create|national_bitcoin_reserve|united_states|year:2025,policy_action,uma_risk_exposed,516937,US national Bitcoin reserve in 2025?,0,Yes,83894672511259544049673946661753374355328822374216474995072428966535091173758,False,binary_yes_token_price,KXBTCRESERVE-26-JAN01,"Will Trump create a National Bitcoin Reserve before Jan 1, 2026?","Before Jan 1, 2026",5526758.797978,5526758.797978,0.65,0.53,0.12,2025-03-31 16:37:59-07:00,2025-03-31 14:22:55.453455-07:00,0.78,deterministic_contract_key
mineral_rights,2025-03-24,2025-03-24,2025_03_31_close_1700_PT,2025-04-01 00:00:00+00:00,2025-03-31 17:00:00-07:00,2025-03-31,7,1,policy_action|eliminate|department_of_education|united_states|year:2025|523188|60661165588332286306443081468695135979348107944620337686282849990456442563142|KXDOED-26-JAN01,policy_action|eliminate|department_of_education|united_states|year:2025,policy_action,uma_risk_exposed,523188,Will Trump end Department of Education in 2025?,0,Yes,60661165588332286306443081468695135979348107944620337686282849990456442563142,False,binary_yes_token_price,KXDOED-26-JAN01,"Will the Department of Education be eliminated before Jan 1, 2026?","Before Jan 1, 2026",900396.416301,900396.416301,0.20999998613999954,0.17,0.03999998613999953,2025-03-31 14:53:32-07:00,2025-03-31 16:12:01.823100-07:00,0.78,deterministic_contract_key
mineral_rights,2025-03-24,2025-03-24,2025_03_31_close_1700_PT,2025-04-01 00:00:00+00:00,2025-03-31 17:00:00-07:00,2025-03-31,7,1,policy_action|pass_law|strategic_bitcoin_reserve_act|texas|year:2025|518901|108694680056826771513727361737568313266027710115630595991317876664602548455545|KXTEXASBTC-26,policy_action|pass_law|strategic_bitcoin_reserve_act|texas|year:2025,policy_action,uma_risk_exposed,518901,Texas Strategic Bitcoin Reserve Act (H.B. 1598) signed in 2025?,0,Yes,108694680056826771513727361737568313266027710115630595991317876664602548455545,False,binary_yes_token_price,KXTEXASBTC-26,Will the Texas Strategic Bitcoin Reserve Act become law before 2026?,Before 2026,214638.028966,214638.028966,0.72,0.74,-0.020000000000000018,2025-03-31 14:56:30-07:00,2025-03-30 02:46:11.377367-07:00,0.8,deterministic_contract_key
mineral_rights,2025-03-24,2025-03-24,2025_03_31_close_1700_PT,2025-04-01 00:00:00+00:00,2025-03-31 17:00:00-07:00,2025-03-31,7,1,policy_action|start|recession|united_states|year:2025|516710|104173557214744537570424345347209544585775842950109756851652855913015295701992|RECSSNBER-25,policy_action|start|recession|united_states|year:2025,policy_action,uma_risk_exposed,516710,US recession in 2025?,0,Yes,104173557214744537570424345347209544585775842950109756851652855913015295701992,False,binary_yes_token_price,RECSSNBER-25,Will there be a recession in 2025?,Starts,11734512.428529,11734512.428529,0.38999999024999976,0.43,-0.04000000975000023,2025-03-31 16:48:05-07:00,2025-03-31 15:13:09.745948-07:00,0.78,deterministic_contract_key
zelensky_suit,2025-06-30,2025-07-08,2025_06_23_open_0500_PT,2025-06-23 12:00:00+00:00,2025-06-23 05:00:00-07:00,2025-06-23,-7,0,election|win|andr_nico_rodr_guez|bolivia_president|year:2025|2025|543259|21349083717605037525723335754807560771874175181325455859992777238860289139531|KXBOLIVIAPRES-25-AR,election|win|andr_nico_rodr_guez|bolivia_president|year:2025|2025,election,uma_risk_exposed,543259,Will Andrónico Rodríguez win the 2025 Bolivia presidential election?,0,Yes,21349083717605037525723335754807560771874175181325455859992777238860289139531,False,binary_yes_token_price,KXBOLIVIAPRES-25-AR,Who will win the Bolivian presidential election?,Andrónico Rodríguez,7326758.679552,7326758.679552,0.16,0.2,-0.04000000000000001,2025-06-23 03:30:53-07:00,2025-06-23 03:14:10.630371-07:00,0.78,deterministic_contract_key
zelensky_suit,2025-06-30,2025-07-08,2025_06_23_open_0500_PT,2025-06-23 12:00:00+00:00,2025-06-23 05:00:00-07:00,2025-06-23,-7,0,election|win|branko_marinkovi|bolivia_president|year:2025|2025|543274|17849683858069937637491725401516486250615904612932801425636311554981022266375|KXBOLIVIAPRES-25-BM,election|win|branko_marinkovi|bolivia_president|year:2025|2025,election,uma_risk_exposed,543274,Will Branko Marinković win the 2025 Bolivia presidential election?,0,Yes,17849683858069937637491725401516486250615904612932801425636311554981022266375,False,binary_yes_token_price,KXBOLIVIAPRES-25-BM,Who will win the Bolivian presidential election?,Branko Marinković,337382.708581,337382.708581,0.002,0.09,-0.088,2025-06-22 06:38:16-07:00,2025-06-21 10:37:22.687062-07:00,0.78,deterministic_contract_key
zelensky_suit,2025-06-30,2025-07-08,2025_06_23_open_0500_PT,2025-06-23 12:00:00+00:00,2025-06-23 05:00:00-07:00,2025-06-23,-7,0,election|win|chi_hyun_chung|bolivia_president|year:2025|2025|543263|65182144144608433456123000312637003192540674831461667961211058718188030456494|KXBOLIVIAPRES-25-CHC,election|win|chi_hyun_chung|bolivia_president|year:2025|2025,election,uma_risk_exposed,543263,Will Chi Hyun Chung win the 2025 Bolivia presidential election?,0,Yes,65182144144608433456123000312637003192540674831461667961211058718188030456494,False,binary_yes_token_price,KXBOLIVIAPRES-25-CHC,Who will win the Bolivian presidential election?,Chi Hyun Chung,119579.506818,119579.506818,0.002,0.06,-0.057999999999999996,2025-06-22 23:50:11-07:00,2025-06-03 12:59:43.587279-07:00,0.78,deterministic_contract_key
zelensky_suit,2025-06-30,2025-07-08,2025_06_23_open_0500_PT,2025-06-23 12:00:00+00:00,2025-06-23 05:00:00-07:00,2025-06-23,-7,0,election|win|jack_ciattarelli|new_jersey_governor|year:2025|2025|551143|53937473648188783569836457104933054364348579768036516690207399280597410899636|GOVPARTYNJ-25-R,election|win|jack_ciattarelli|new_jersey_governor|year:2025|2025,election,uma_risk_exposed,551143,Will Jack Ciattarelli win the New Jersey Governor Election in 2025,0,Yes,53937473648188783569836457104933054364348579768036516690207399280597410899636,False,binary_yes_token_price,GOVPARTYNJ-25-R,Will Jack Ciattarelli win the 2025 New Jersey gubernatorial election?,Jack Ciattarelli,6037389.579269,6037389.579269,0.19,0.2,-0.010000000000000009,2025-06-21 14:16:21-07:00,2025-06-22 14:18:26.931163-07:00,0.78,deterministic_contract_key
zelensky_suit,2025-06-30,2025-07-08,2025_06_23_open_0500_PT,2025-06-23 12:00:00+00:00,2025-06-23 05:00:00-07:00,2025-06-23,-7,0,election|win|luis_arce|bolivia_president|year:2025|2025|543258|111174020960637389416810264600941186414004753111164399059354703606902594067832|KXBOLIVIAPRES-25-LA,election|win|luis_arce|bolivia_president|year:2025|2025,election,uma_risk_exposed,543258,Will Luis Arce win the 2025 Bolivia presidential election?,0,Yes,111174020960637389416810264600941186414004753111164399059354703606902594067832,False,binary_yes_token_price,KXBOLIVIAPRES-25-LA,Who will win the Bolivian presidential election?,Luis Arce,203278.343149,203278.343149,0.002,0.04,-0.038,2025-06-23 02:18:05-07:00,2025-06-19 13:55:54.437219-07:00,0.78,deterministic_contract_key
zelensky_suit,2025-06-30,2025-07-08,2025_06_23_open_0500_PT,2025-06-23 12:00:00+00:00,2025-06-23 05:00:00-07:00,2025-06-23,-7,0,election|win|manfred_reyes_villa|bolivia_president|year:2025|2025|543261|6152631328921183884174711861052249809252829304303011603856221267194446351460|KXBOLIVIAPRES-25-MRV,election|win|manfred_reyes_villa|bolivia_president|year:2025|2025,election,uma_risk_exposed,543261,Will Manfred Reyes Villa win the 2025 Bolivia presidential election?,0,Yes,6152631328921183884174711861052249809252829304303011603856221267194446351460,False,binary_yes_token_price,KXBOLIVIAPRES-25-MRV,Who will win the Bolivian presidential election?,Manfred Reyes Villa,842586.658604,842586.658604,0.08,0.12,-0.039999999999999994,2025-06-22 21:04:33-07:00,2025-06-19 23:06:54.928605-07:00,0.78,deterministic_contract_key
zelensky_suit,2025-06-30,2025-07-08,2025_06_23_open_0500_PT,2025-06-23 12:00:00+00:00,2025-06-23 05:00:00-07:00,2025-06-23,-7,0,election|win|mikie_sherrill|new_jersey_governor|year:2025|2025|551137|23056089932958374419797522644901592808991002026498053086166940911059008923379|GOVPARTYNJ-25-D,election|win|mikie_sherrill|new_jersey_governor|year:2025|2025,election,uma_risk_exposed,551137,Will Mikie Sherrill win the New Jersey Governor Election in 2025,0,Yes,23056089932958374419797522644901592808991002026498053086166940911059008923379,False,binary_yes_token_price,GOVPARTYNJ-25-D,Will Mikie Sherrill win the 2025 New Jersey gubernatorial election?,Mikie Sherrill,7479198.557189,7479198.557189,0.8,0.79,0.010000000000000009,2025-06-23 01:13:59-07:00,2025-06-23 04:04:05.752017-07:00,0.78,deterministic_contract_key
zelensky_suit,2025-06-30,2025-07-08,2025_06_23_open_0500_PT,2025-06-23 12:00:00+00:00,2025-06-23 05:00:00-07:00,2025-06-23,-7,0,election|win|samuel_doria_medina|bolivia_president|year:2025|2025|543260|86337476411225396782940416611040694123774553224828196996839974817619931765236|KXBOLIVIAPRES-25-SDM,election|win|samuel_doria_medina|bolivia_president|year:2025|2025,election,uma_risk_exposed,543260,Will Samuel Doria Medina win the 2025 Bolivia presidential election?,0,Yes,86337476411225396782940416611040694123774553224828196996839974817619931765236,False,binary_yes_token_price,KXBOLIVIAPRES-25-SDM,Who will win the Bolivian presidential election?,Samuel Doria Medina,1166200.271818,1166200.271818,0.32,0.33,-0.010000000000000009,2025-06-23 03:39:09-07:00,2025-06-23 03:09:47.281521-07:00,0.78,deterministic_contract_key
zelensky_suit,2025-06-30,2025-07-08,2025_06_23_open_0500_PT,2025-06-23 12:00:00+00:00,2025-06-23 05:00:00-07:00,2025-06-23,-7,0,leader_contact|meet|donald_trump|vladimir_putin|year:2025|536502|38401695605203516602153122926538006647911743428951157094417724792317068872612|KXWLEADER-25-VP,leader_contact|meet|donald_trump|vladimir_putin|year:2025,leader_contact,uma_risk_exposed,536502,Will Trump meet with Vladimir Putin in 2025?,0,Yes,38401695605203516602153122926538006647911743428951157094417724792317068872612,False,binary_yes_token_price,KXWLEADER-25-VP,Will Trump meet with Vladimir Putin before 2026?,Vladimir Putin,471641.4171,471641.4171,0.42,0.41,0.010000000000000009,2025-06-22 22:00:25-07:00,2025-06-22 09:48:01.632771-07:00,0.92,deterministic_contract_key
zelensky_suit,2025-06-30,2025-07-08,2025_06_23_open_0500_PT,2025-06-23 12:00:00+00:00,2025-06-23 05:00:00-07:00,2025-06-23,-7,0,office_exit|leave_office|jerome_powell|year:2025|520930|44446628319261786751896876365833910598445252343588252409740203088317210950410|LEAVEPOWELL-25-DEC31,office_exit|leave_office|jerome_powell|year:2025,office_exit,uma_risk_exposed,520930,Jerome Powell out as Fed Chair in 2025?,0,Yes,44446628319261786751896876365833910598445252343588252409740203088317210950410,False,binary_yes_token_price,LEAVEPOWELL-25-DEC31,Powell leaves before 2026?,Before 2026,11760101.336012,11760101.336012,0.13,0.14,-0.010000000000000009,2025-06-23 04:59:43-07:00,2025-06-23 04:41:37.838362-07:00,0.88,deterministic_contract_key
zelensky_suit,2025-06-30,2025-07-08,2025_06_23_open_0500_PT,2025-06-23 12:00:00+00:00,2025-06-23 05:00:00-07:00,2025-06-23,-7,0,office_exit|leave_office|vladimir_putin|year:2025|527807|96309695544495520203095223116782609207881514291963878378807412991184449319557|KXLEADEROUT-25-VPUT,office_exit|leave_office|vladimir_putin|year:2025,office_exit,uma_risk_exposed,527807,Will Vladimir Putin be the first leader out in 2025?,0,Yes,96309695544495520203095223116782609207881514291963878378807412991184449319557,False,binary_yes_token_price,KXLEADEROUT-25-VPUT,Vladimir Putin out this year?,Vladimir Putin,1782662.475384,1782662.475384,0.01,0.02,-0.01,2025-06-22 21:58:05-07:00,2025-06-22 12:02:03.732261-07:00,0.88,deterministic_contract_key
zelensky_suit,2025-06-30,2025-07-08,2025_06_23_open_0500_PT,2025-06-23 12:00:00+00:00,2025-06-23 05:00:00-07:00,2025-06-23,-7,0,office_exit|leave_office|xi_jinping|year:2025|527808|58879554417654245921504722538657003216070105934999990003805612960977670880586|KXLEADEROUT-25-XJIN,office_exit|leave_office|xi_jinping|year:2025,office_exit,uma_risk_exposed,527808,Will Xi Jinping be the first leader out in 2025?,0,Yes,58879554417654245921504722538657003216070105934999990003805612960977670880586,False,binary_yes_token_price,KXLEADEROUT-25-XJIN,Xi Jinping out this year?,Xi Jinping,1833966.373545,1833966.373545,0.039329380764163376,0.02,0.019329380764163375,2025-06-23 02:36:43-07:00,2025-06-23 01:57:17.612189-07:00,0.88,deterministic_contract_key
zelensky_suit,2025-06-30,2025-07-08,2025_06_23_open_0500_PT,2025-06-23 12:00:00+00:00,2025-06-23 05:00:00-07:00,2025-06-23,-7,0,office_exit|leave_office|xi_jinping|year:2025|551963|114304586861386186441621124384163963092522056897081085884483958561365015034812|KXLEADEROUT-25-XJIN,office_exit|leave_office|xi_jinping|year:2025,office_exit,uma_risk_exposed,551963,Xi Jinping out in 2025?,0,Yes,114304586861386186441621124384163963092522056897081085884483958561365015034812,False,binary_yes_token_price,KXLEADEROUT-25-XJIN,Xi Jinping out this year?,Xi Jinping,78655911.742866,78655911.742866,0.11999999989510926,0.02,0.09999999989510926,2025-06-23 04:58:55-07:00,2025-06-23 01:57:17.612189-07:00,0.88,deterministic_contract_key
zelensky_suit,2025-06-30,2025-07-08,2025_06_23_open_0500_PT,2025-06-23 12:00:00+00:00,2025-06-23 05:00:00-07:00,2025-06-23,-7,0,office_exit|resign|volodymyr_zelenskyy|year:2025|525157|74129046843921940913413587682588886122583847748489066762857187137233978267670|KXUKRAINERESIGN-26,office_exit|resign|volodymyr_zelenskyy|year:2025,office_exit,uma_risk_exposed,525157,Zelensky resigns in 2025?,0,Yes,74129046843921940913413587682588886122583847748489066762857187137233978267670,False,binary_yes_token_price,KXUKRAINERESIGN-26,"Will Volodymyr Zelenskyy resign before Jan 1, 2026?",Before 2026,639799.279247,639799.279247,0.09,0.07,0.01999999999999999,2025-06-23 04:12:35-07:00,2025-06-22 10:02:59.558257-07:00,0.88,deterministic_contract_key
zelensky_suit,2025-06-30,2025-07-08,2025_06_23_open_0500_PT,2025-06-23 12:00:00+00:00,2025-06-23 05:00:00-07:00,2025-06-23,-7,0,policy_action|create|national_bitcoin_reserve|united_states|year:2025|516937|83894672511259544049673946661753374355328822374216474995072428966535091173758|KXBTCRESERVE-26-JAN01,policy_action|create|national_bitcoin_reserve|united_states|year:2025,policy_action,uma_risk_exposed,516937,US national Bitcoin reserve in 2025?,0,Yes,83894672511259544049673946661753374355328822374216474995072428966535091173758,False,binary_yes_token_price,KXBTCRESERVE-26-JAN01,"Will Trump create a National Bitcoin Reserve before Jan 1, 2026?","Before Jan 1, 2026",5526758.797978,5526758.797978,0.29,0.24,0.04999999999999999,2025-06-23 04:59:03-07:00,2025-06-23 03:39:21.646973-07:00,0.78,deterministic_contract_key
zelensky_suit,2025-06-30,2025-07-08,2025_06_23_open_0500_PT,2025-06-23 12:00:00+00:00,2025-06-23 05:00:00-07:00,2025-06-23,-7,0,policy_action|eliminate|department_of_education|united_states|year:2025|523188|60661165588332286306443081468695135979348107944620337686282849990456442563142|KXDOED-26-JAN01,policy_action|eliminate|department_of_education|united_states|year:2025,policy_action,uma_risk_exposed,523188,Will Trump end Department of Education in 2025?,0,Yes,60661165588332286306443081468695135979348107944620337686282849990456442563142,False,binary_yes_token_price,KXDOED-26-JAN01,"Will the Department of Education be eliminated before Jan 1, 2026?","Before Jan 1, 2026",900396.416301,900396.416301,0.08,0.06,0.020000000000000004,2025-06-21 05:13:50-07:00,2025-06-23 04:36:18.182287-07:00,0.78,deterministic_contract_key
zelensky_suit,2025-06-30,2025-07-08,2025_06_23_open_0500_PT,2025-06-23 12:00:00+00:00,2025-06-23 05:00:00-07:00,2025-06-23,-7,0,policy_action|pass_law|strategic_bitcoin_reserve_act|texas|year:2025|518901|108694680056826771513727361737568313266027710115630595991317876664602548455545|KXTEXASBTC-26,policy_action|pass_law|strategic_bitcoin_reserve_act|texas|year:2025,policy_action,uma_risk_exposed,518901,Texas Strategic Bitcoin Reserve Act (H.B. 1598) signed in 2025?,0,Yes,108694680056826771513727361737568313266027710115630595991317876664602548455545,False,binary_yes_token_price,KXTEXASBTC-26,Will the Texas Strategic Bitcoin Reserve Act become law before 2026?,Before 2026,214638.028966,214638.028966,0.05,0.97,-0.9199999999999999,2025-06-22 19:35:43-07:00,2025-06-21 06:47:45.504927-07:00,0.8,deterministic_contract_key
zelensky_suit,2025-06-30,2025-07-08,2025_06_23_open_0500_PT,2025-06-23 12:00:00+00:00,2025-06-23 05:00:00-07:00,2025-06-23,-7,0,policy_action|start|recession|united_states|year:2025|516710|104173557214744537570424345347209544585775842950109756851652855913015295701992|RECSSNBER-25,policy_action|start|recession|united_states|year:2025,policy_action,uma_risk_exposed,516710,US recession in 2025?,0,Yes,104173557214744537570424345347209544585775842950109756851652855913015295701992,False,binary_yes_token_price,RECSSNBER-25,Will there be a recession in 2025?,Starts,11734512.428529,11734512.428529,0.32,0.29,0.030000000000000027,2025-06-23 04:58:37-07:00,2025-06-23 04:47:42.824169-07:00,0.78,deterministic_contract_key
zelensky_suit,2025-06-30,2025-07-08,2025_06_23_close_1700_PT,2025-06-24 00:00:00+00:00,2025-06-23 17:00:00-07:00,2025-06-23,-7,0,election|win|andr_nico_rodr_guez|bolivia_president|year:2025|2025|543259|21349083717605037525723335754807560771874175181325455859992777238860289139531|KXBOLIVIAPRES-25-AR,election|win|andr_nico_rodr_guez|bolivia_president|year:2025|2025,election,uma_risk_exposed,543259,Will Andrónico Rodríguez win the 2025 Bolivia presidential election?,0,Yes,21349083717605037525723335754807560771874175181325455859992777238860289139531,False,binary_yes_token_price,KXBOLIVIAPRES-25-AR,Who will win the Bolivian presidential election?,Andrónico Rodríguez,7326758.679552,7326758.679552,0.19,0.2,-0.010000000000000009,2025-06-23 12:16:05-07:00,2025-06-23 11:12:44.815379-07:00,0.78,deterministic_contract_key
zelensky_suit,2025-06-30,2025-07-08,2025_06_23_close_1700_PT,2025-06-24 00:00:00+00:00,2025-06-23 17:00:00-07:00,2025-06-23,-7,0,election|win|branko_marinkovi|bolivia_president|year:2025|2025|543274|17849683858069937637491725401516486250615904612932801425636311554981022266375|KXBOLIVIAPRES-25-BM,election|win|branko_marinkovi|bolivia_president|year:2025|2025,election,uma_risk_exposed,543274,Will Branko Marinković win the 2025 Bolivia presidential election?,0,Yes,17849683858069937637491725401516486250615904612932801425636311554981022266375,False,binary_yes_token_price,KXBOLIVIAPRES-25-BM,Who will win the Bolivian presidential election?,Branko Marinković,337382.708581,337382.708581,0.002,0.09,-0.088,2025-06-22 06:38:16-07:00,2025-06-21 10:37:22.687062-07:00,0.78,deterministic_contract_key
zelensky_suit,2025-06-30,2025-07-08,2025_06_23_close_1700_PT,2025-06-24 00:00:00+00:00,2025-06-23 17:00:00-07:00,2025-06-23,-7,0,election|win|chi_hyun_chung|bolivia_president|year:2025|2025|543263|65182144144608433456123000312637003192540674831461667961211058718188030456494|KXBOLIVIAPRES-25-CHC,election|win|chi_hyun_chung|bolivia_president|year:2025|2025,election,uma_risk_exposed,543263,Will Chi Hyun Chung win the 2025 Bolivia presidential election?,0,Yes,65182144144608433456123000312637003192540674831461667961211058718188030456494,False,binary_yes_token_price,KXBOLIVIAPRES-25-CHC,Who will win the Bolivian presidential election?,Chi Hyun Chung,119579.506818,119579.506818,0.003,0.06,-0.056999999999999995,2025-06-23 14:08:45-07:00,2025-06-03 12:59:43.587279-07:00,0.78,deterministic_contract_key
zelensky_suit,2025-06-30,2025-07-08,2025_06_23_close_1700_PT,2025-06-24 00:00:00+00:00,2025-06-23 17:00:00-07:00,2025-06-23,-7,0,election|win|jack_ciattarelli|new_jersey_governor|year:2025|2025|551143|53937473648188783569836457104933054364348579768036516690207399280597410899636|GOVPARTYNJ-25-R,election|win|jack_ciattarelli|new_jersey_governor|year:2025|2025,election,uma_risk_exposed,551143,Will Jack Ciattarelli win the New Jersey Governor Election in 2025,0,Yes,53937473648188783569836457104933054364348579768036516690207399280597410899636,False,binary_yes_token_price,GOVPARTYNJ-25-R,Will Jack Ciattarelli win the 2025 New Jersey gubernatorial election?,Jack Ciattarelli,6037389.579269,6037389.579269,0.19,0.21,-0.01999999999999999,2025-06-21 14:16:21-07:00,2025-06-23 14:24:41.562669-07:00,0.78,deterministic_contract_key
zelensky_suit,2025-06-30,2025-07-08,2025_06_23_close_1700_PT,2025-06-24 00:00:00+00:00,2025-06-23 17:00:00-07:00,2025-06-23,-7,0,election|win|luis_arce|bolivia_president|year:2025|2025|543258|111174020960637389416810264600941186414004753111164399059354703606902594067832|KXBOLIVIAPRES-25-LA,election|win|luis_arce|bolivia_president|year:2025|2025,election,uma_risk_exposed,543258,Will Luis Arce win the 2025 Bolivia presidential election?,0,Yes,111174020960637389416810264600941186414004753111164399059354703606902594067832,False,binary_yes_token_price,KXBOLIVIAPRES-25-LA,Who will win the Bolivian presidential election?,Luis Arce,203278.343149,203278.343149,0.002,0.04,-0.038,2025-06-23 09:05:15-07:00,2025-06-19 13:55:54.437219-07:00,0.78,deterministic_contract_key
zelensky_suit,2025-06-30,2025-07-08,2025_06_23_close_1700_PT,2025-06-24 00:00:00+00:00,2025-06-23 17:00:00-07:00,2025-06-23,-7,0,election|win|manfred_reyes_villa|bolivia_president|year:2025|2025|543261|6152631328921183884174711861052249809252829304303011603856221267194446351460|KXBOLIVIAPRES-25-MRV,election|win|manfred_reyes_villa|bolivia_president|year:2025|2025,election,uma_risk_exposed,543261,Will Manfred Reyes Villa win the 2025 Bolivia presidential election?,0,Yes,6152631328921183884174711861052249809252829304303011603856221267194446351460,False,binary_yes_token_price,KXBOLIVIAPRES-25-MRV,Who will win the Bolivian presidential election?,Manfred Reyes Villa,842586.658604,842586.658604,0.08,0.12,-0.039999999999999994,2025-06-22 21:04:33-07:00,2025-06-19 23:06:54.928605-07:00,0.78,deterministic_contract_key
zelensky_suit,2025-06-30,2025-07-08,2025_06_23_close_1700_PT,2025-06-24 00:00:00+00:00,2025-06-23 17:00:00-07:00,2025-06-23,-7,0,election|win|mikie_sherrill|new_jersey_governor|year:2025|2025|551137|23056089932958374419797522644901592808991002026498053086166940911059008923379|GOVPARTYNJ-25-D,election|win|mikie_sherrill|new_jersey_governor|year:2025|2025,election,uma_risk_exposed,551137,Will Mikie Sherrill win the New Jersey Governor Election in 2025,0,Yes,23056089932958374419797522644901592808991002026498053086166940911059008923379,False,binary_yes_token_price,GOVPARTYNJ-25-D,Will Mikie Sherrill win the 2025 New Jersey gubernatorial election?,Mikie Sherrill,7479198.557189,7479198.557189,0.8,0.8,0.0,2025-06-23 01:13:59-07:00,2025-06-23 14:49:18.133315-07:00,0.78,deterministic_contract_key
zelensky_suit,2025-06-30,2025-07-08,2025_06_23_close_1700_PT,2025-06-24 00:00:00+00:00,2025-06-23 17:00:00-07:00,2025-06-23,-7,0,election|win|samuel_doria_medina|bolivia_president|year:2025|2025|543260|86337476411225396782940416611040694123774553224828196996839974817619931765236|KXBOLIVIAPRES-25-SDM,election|win|samuel_doria_medina|bolivia_president|year:2025|2025,election,uma_risk_exposed,543260,Will Samuel Doria Medina win the 2025 Bolivia presidential election?,0,Yes,86337476411225396782940416611040694123774553224828196996839974817619931765236,False,binary_yes_token_price,KXBOLIVIAPRES-25-SDM,Who will win the Bolivian presidential election?,Samuel Doria Medina,1166200.271818,1166200.271818,0.3,0.33,-0.030000000000000027,2025-06-23 11:21:39-07:00,2025-06-23 03:09:47.281521-07:00,0.78,deterministic_contract_key
zelensky_suit,2025-06-30,2025-07-08,2025_06_23_close_1700_PT,2025-06-24 00:00:00+00:00,2025-06-23 17:00:00-07:00,2025-06-23,-7,0,leader_contact|meet|donald_trump|vladimir_putin|year:2025|536502|38401695605203516602153122926538006647911743428951157094417724792317068872612|KXWLEADER-25-VP,leader_contact|meet|donald_trump|vladimir_putin|year:2025,leader_contact,uma_risk_exposed,536502,Will Trump meet with Vladimir Putin in 2025?,0,Yes,38401695605203516602153122926538006647911743428951157094417724792317068872612,False,binary_yes_token_price,KXWLEADER-25-VP,Will Trump meet with Vladimir Putin before 2026?,Vladimir Putin,471641.4171,471641.4171,0.43,0.41,0.020000000000000018,2025-06-23 09:17:08-07:00,2025-06-22 09:48:01.632771-07:00,0.92,deterministic_contract_key
zelensky_suit,2025-06-30,2025-07-08,2025_06_23_close_1700_PT,2025-06-24 00:00:00+00:00,2025-06-23 17:00:00-07:00,2025-06-23,-7,0,office_exit|leave_office|jerome_powell|year:2025|520930|44446628319261786751896876365833910598445252343588252409740203088317210950410|LEAVEPOWELL-25-DEC31,office_exit|leave_office|jerome_powell|year:2025,office_exit,uma_risk_exposed,520930,Jerome Powell out as Fed Chair in 2025?,0,Yes,44446628319261786751896876365833910598445252343588252409740203088317210950410,False,binary_yes_token_price,LEAVEPOWELL-25-DEC31,Powell leaves before 2026?,Before 2026,11760101.336012,11760101.336012,0.11999998079999923,0.13,-0.010000019200000779,2025-06-23 16:46:45-07:00,2025-06-23 14:13:52.879463-07:00,0.88,deterministic_contract_key
zelensky_suit,2025-06-30,2025-07-08,2025_06_23_close_1700_PT,2025-06-24 00:00:00+00:00,2025-06-23 17:00:00-07:00,2025-06-23,-7,0,office_exit|leave_office|vladimir_putin|year:2025|527807|96309695544495520203095223116782609207881514291963878378807412991184449319557|KXLEADEROUT-25-VPUT,office_exit|leave_office|vladimir_putin|year:2025,office_exit,uma_risk_exposed,527807,Will Vladimir Putin be the first leader out in 2025?,0,Yes,96309695544495520203095223116782609207881514291963878378807412991184449319557,False,binary_yes_token_price,KXLEADEROUT-25-VPUT,Vladimir Putin out this year?,Vladimir Putin,1782662.475384,1782662.475384,0.016,0.02,-0.004,2025-06-23 16:21:23-07:00,2025-06-22 12:02:03.732261-07:00,0.88,deterministic_contract_key
zelensky_suit,2025-06-30,2025-07-08,2025_06_23_close_1700_PT,2025-06-24 00:00:00+00:00,2025-06-23 17:00:00-07:00,2025-06-23,-7,0,office_exit|leave_office|xi_jinping|year:2025|527808|58879554417654245921504722538657003216070105934999990003805612960977670880586|KXLEADEROUT-25-XJIN,office_exit|leave_office|xi_jinping|year:2025,office_exit,uma_risk_exposed,527808,Will Xi Jinping be the first leader out in 2025?,0,Yes,58879554417654245921504722538657003216070105934999990003805612960977670880586,False,binary_yes_token_price,KXLEADEROUT-25-XJIN,Xi Jinping out this year?,Xi Jinping,1833966.373545,1833966.373545,0.041,0.02,0.021,2025-06-23 16:22:01-07:00,2025-06-23 01:57:17.612189-07:00,0.88,deterministic_contract_key
zelensky_suit,2025-06-30,2025-07-08,2025_06_23_close_1700_PT,2025-06-24 00:00:00+00:00,2025-06-23 17:00:00-07:00,2025-06-23,-7,0,office_exit|leave_office|xi_jinping|year:2025|551963|114304586861386186441621124384163963092522056897081085884483958561365015034812|KXLEADEROUT-25-XJIN,office_exit|leave_office|xi_jinping|year:2025,office_exit,uma_risk_exposed,551963,Xi Jinping out in 2025?,0,Yes,114304586861386186441621124384163963092522056897081085884483958561365015034812,False,binary_yes_token_price,KXLEADEROUT-25-XJIN,Xi Jinping out this year?,Xi Jinping,78655911.742866,78655911.742866,0.11999999215564193,0.02,0.09999999215564193,2025-06-23 16:10:33-07:00,2025-06-23 01:57:17.612189-07:00,0.88,deterministic_contract_key
zelensky_suit,2025-06-30,2025-07-08,2025_06_23_close_1700_PT,2025-06-24 00:00:00+00:00,2025-06-23 17:00:00-07:00,2025-06-23,-7,0,office_exit|resign|volodymyr_zelenskyy|year:2025|525157|74129046843921940913413587682588886122583847748489066762857187137233978267670|KXUKRAINERESIGN-26,office_exit|resign|volodymyr_zelenskyy|year:2025,office_exit,uma_risk_exposed,525157,Zelensky resigns in 2025?,0,Yes,74129046843921940913413587682588886122583847748489066762857187137233978267670,False,binary_yes_token_price,KXUKRAINERESIGN-26,"Will Volodymyr Zelenskyy resign before Jan 1, 2026?",Before 2026,639799.279247,639799.279247,0.08,0.07,0.009999999999999995,2025-06-23 12:11:11-07:00,2025-06-22 10:02:59.558257-07:00,0.88,deterministic_contract_key
zelensky_suit,2025-06-30,2025-07-08,2025_06_23_close_1700_PT,2025-06-24 00:00:00+00:00,2025-06-23 17:00:00-07:00,2025-06-23,-7,0,policy_action|create|national_bitcoin_reserve|united_states|year:2025|516937|83894672511259544049673946661753374355328822374216474995072428966535091173758|KXBTCRESERVE-26-JAN01,policy_action|create|national_bitcoin_reserve|united_states|year:2025,policy_action,uma_risk_exposed,516937,US national Bitcoin reserve in 2025?,0,Yes,83894672511259544049673946661753374355328822374216474995072428966535091173758,False,binary_yes_token_price,KXBTCRESERVE-26-JAN01,"Will Trump create a National Bitcoin Reserve before Jan 1, 2026?","Before Jan 1, 2026",5526758.797978,5526758.797978,0.3,0.25,0.04999999999999999,2025-06-23 12:17:55-07:00,2025-06-23 15:20:40.433602-07:00,0.78,deterministic_contract_key
zelensky_suit,2025-06-30,2025-07-08,2025_06_23_close_1700_PT,2025-06-24 00:00:00+00:00,2025-06-23 17:00:00-07:00,2025-06-23,-7,0,policy_action|eliminate|department_of_education|united_states|year:2025|523188|60661165588332286306443081468695135979348107944620337686282849990456442563142|KXDOED-26-JAN01,policy_action|eliminate|department_of_education|united_states|year:2025,policy_action,uma_risk_exposed,523188,Will Trump end Department of Education in 2025?,0,Yes,60661165588332286306443081468695135979348107944620337686282849990456442563142,False,binary_yes_token_price,KXDOED-26-JAN01,"Will the Department of Education be eliminated before Jan 1, 2026?","Before Jan 1, 2026",900396.416301,900396.416301,0.071,0.07,0.000999999999999987,2025-06-23 15:35:47-07:00,2025-06-23 16:08:09.113828-07:00,0.78,deterministic_contract_key
zelensky_suit,2025-06-30,2025-07-08,2025_06_23_close_1700_PT,2025-06-24 00:00:00+00:00,2025-06-23 17:00:00-07:00,2025-06-23,-7,0,policy_action|pass_law|strategic_bitcoin_reserve_act|texas|year:2025|518901|108694680056826771513727361737568313266027710115630595991317876664602548455545|KXTEXASBTC-26,policy_action|pass_law|strategic_bitcoin_reserve_act|texas|year:2025,policy_action,uma_risk_exposed,518901,Texas Strategic Bitcoin Reserve Act (H.B. 1598) signed in 2025?,0,Yes,108694680056826771513727361737568313266027710115630595991317876664602548455545,False,binary_yes_token_price,KXTEXASBTC-26,Will the Texas Strategic Bitcoin Reserve Act become law before 2026?,Before 2026,214638.028966,214638.028966,0.05,0.99,-0.94,2025-06-22 19:35:43-07:00,2025-06-23 08:33:41.388073-07:00,0.8,deterministic_contract_key
zelensky_suit,2025-06-30,2025-07-08,2025_06_23_close_1700_PT,2025-06-24 00:00:00+00:00,2025-06-23 17:00:00-07:00,2025-06-23,-7,0,policy_action|start|recession|united_states|year:2025|516710|104173557214744537570424345347209544585775842950109756851652855913015295701992|RECSSNBER-25,policy_action|start|recession|united_states|year:2025,policy_action,uma_risk_exposed,516710,US recession in 2025?,0,Yes,104173557214744537570424345347209544585775842950109756851652855913015295701992,False,binary_yes_token_price,RECSSNBER-25,Will there be a recession in 2025?,Starts,11734512.428529,11734512.428529,0.2799999854399993,0.27,0.009999985439999304,2025-06-23 16:46:39-07:00,2025-06-23 14:41:37.917492-07:00,0.78,deterministic_contract_key
zelensky_suit,2025-06-30,2025-07-08,2025_06_24_open_0500_PT,2025-06-24 12:00:00+00:00,2025-06-24 05:00:00-07:00,2025-06-24,-6,0,election|win|andr_nico_rodr_guez|bolivia_president|year:2025|2025|543259|21349083717605037525723335754807560771874175181325455859992777238860289139531|KXBOLIVIAPRES-25-AR,election|win|andr_nico_rodr_guez|bolivia_president|year:2025|2025,election,uma_risk_exposed,543259,Will Andrónico Rodríguez win the 2025 Bolivia presidential election?,0,Yes,21349083717605037525723335754807560771874175181325455859992777238860289139531,False,binary_yes_token_price,KXBOLIVIAPRES-25-AR,Who will win the Bolivian presidential election?,Andrónico Rodríguez,7326758.679552,7326758.679552,0.18,0.2,-0.020000000000000018,2025-06-24 00:02:07-07:00,2025-06-23 11:12:44.815379-07:00,0.78,deterministic_contract_key
zelensky_suit,2025-06-30,2025-07-08,2025_06_24_open_0500_PT,2025-06-24 12:00:00+00:00,2025-06-24 05:00:00-07:00,2025-06-24,-6,0,election|win|branko_marinkovi|bolivia_president|year:2025|2025|543274|17849683858069937637491725401516486250615904612932801425636311554981022266375|KXBOLIVIAPRES-25-BM,election|win|branko_marinkovi|bolivia_president|year:2025|2025,election,uma_risk_exposed,543274,Will Branko Marinković win the 2025 Bolivia presidential election?,0,Yes,17849683858069937637491725401516486250615904612932801425636311554981022266375,False,binary_yes_token_price,KXBOLIVIAPRES-25-BM,Who will win the Bolivian presidential election?,Branko Marinković,337382.708581,337382.708581,0.003,0.09,-0.087,2025-06-23 20:17:07-07:00,2025-06-21 10:37:22.687062-07:00,0.78,deterministic_contract_key
zelensky_suit,2025-06-30,2025-07-08,2025_06_24_open_0500_PT,2025-06-24 12:00:00+00:00,2025-06-24 05:00:00-07:00,2025-06-24,-6,0,election|win|chi_hyun_chung|bolivia_president|year:2025|2025|543263|65182144144608433456123000312637003192540674831461667961211058718188030456494|KXBOLIVIAPRES-25-CHC,election|win|chi_hyun_chung|bolivia_president|year:2025|2025,election,uma_risk_exposed,543263,Will Chi Hyun Chung win the 2025 Bolivia presidential election?,0,Yes,65182144144608433456123000312637003192540674831461667961211058718188030456494,False,binary_yes_token_price,KXBOLIVIAPRES-25-CHC,Who will win the Bolivian presidential election?,Chi Hyun Chung,119579.506818,119579.506818,0.003,0.06,-0.056999999999999995,2025-06-23 14:08:45-07:00,2025-06-03 12:59:43.587279-07:00,0.78,deterministic_contract_key
zelensky_suit,2025-06-30,2025-07-08,2025_06_24_open_0500_PT,2025-06-24 12:00:00+00:00,2025-06-24 05:00:00-07:00,2025-06-24,-6,0,election|win|jack_ciattarelli|new_jersey_governor|year:2025|2025|551143|53937473648188783569836457104933054364348579768036516690207399280597410899636|GOVPARTYNJ-25-R,election|win|jack_ciattarelli|new_jersey_governor|year:2025|2025,election,uma_risk_exposed,551143,Will Jack Ciattarelli win the New Jersey Governor Election in 2025,0,Yes,53937473648188783569836457104933054364348579768036516690207399280597410899636,False,binary_yes_token_price,GOVPARTYNJ-25-R,Will Jack Ciattarelli win the 2025 New Jersey gubernatorial election?,Jack Ciattarelli,6037389.579269,6037389.579269,0.21,0.2,0.009999999999999981,2025-06-23 17:09:45-07:00,2025-06-24 02:30:38.057078-07:00,0.78,deterministic_contract_key
zelensky_suit,2025-06-30,2025-07-08,2025_06_24_open_0500_PT,2025-06-24 12:00:00+00:00,2025-06-24 05:00:00-07:00,2025-06-24,-6,0,election|win|luis_arce|bolivia_president|year:2025|2025|543258|111174020960637389416810264600941186414004753111164399059354703606902594067832|KXBOLIVIAPRES-25-LA,election|win|luis_arce|bolivia_president|year:2025|2025,election,uma_risk_exposed,543258,Will Luis Arce win the 2025 Bolivia presidential election?,0,Yes,111174020960637389416810264600941186414004753111164399059354703606902594067832,False,binary_yes_token_price,KXBOLIVIAPRES-25-LA,Who will win the Bolivian presidential election?,Luis Arce,203278.343149,203278.343149,0.002,0.04,-0.038,2025-06-23 09:05:15-07:00,2025-06-19 13:55:54.437219-07:00,0.78,deterministic_contract_key
zelensky_suit,2025-06-30,2025-07-08,2025_06_24_open_0500_PT,2025-06-24 12:00:00+00:00,2025-06-24 05:00:00-07:00,2025-06-24,-6,0,election|win|manfred_reyes_villa|bolivia_president|year:2025|2025|543261|6152631328921183884174711861052249809252829304303011603856221267194446351460|KXBOLIVIAPRES-25-MRV,election|win|manfred_reyes_villa|bolivia_president|year:2025|2025,election,uma_risk_exposed,543261,Will Manfred Reyes Villa win the 2025 Bolivia presidential election?,0,Yes,6152631328921183884174711861052249809252829304303011603856221267194446351460,False,binary_yes_token_price,KXBOLIVIAPRES-25-MRV,Who will win the Bolivian presidential election?,Manfred Reyes Villa,842586.658604,842586.658604,0.13,0.13,0.0,2025-06-24 00:01:27-07:00,2025-06-24 04:28:12.009728-07:00,0.78,deterministic_contract_key
zelensky_suit,2025-06-30,2025-07-08,2025_06_24_open_0500_PT,2025-06-24 12:00:00+00:00,2025-06-24 05:00:00-07:00,2025-06-24,-6,0,election|win|mikie_sherrill|new_jersey_governor|year:2025|2025|551137|23056089932958374419797522644901592808991002026498053086166940911059008923379|GOVPARTYNJ-25-D,election|win|mikie_sherrill|new_jersey_governor|year:2025|2025,election,uma_risk_exposed,551137,Will Mikie Sherrill win the New Jersey Governor Election in 2025,0,Yes,23056089932958374419797522644901592808991002026498053086166940911059008923379,False,binary_yes_token_price,GOVPARTYNJ-25-D,Will Mikie Sherrill win the 2025 New Jersey gubernatorial election?,Mikie Sherrill,7479198.557189,7479198.557189,0.79,0.8,-0.010000000000000009,2025-06-23 17:09:45-07:00,2025-06-24 04:31:13.904112-07:00,0.78,deterministic_contract_key
zelensky_suit,2025-06-30,2025-07-08,2025_06_24_open_0500_PT,2025-06-24 12:00:00+00:00,2025-06-24 05:00:00-07:00,2025-06-24,-6,0,election|win|samuel_doria_medina|bolivia_president|year:2025|2025|543260|86337476411225396782940416611040694123774553224828196996839974817619931765236|KXBOLIVIAPRES-25-SDM,election|win|samuel_doria_medina|bolivia_president|year:2025|2025,election,uma_risk_exposed,543260,Will Samuel Doria Medina win the 2025 Bolivia presidential election?,0,Yes,86337476411225396782940416611040694123774553224828196996839974817619931765236,False,binary_yes_token_price,KXBOLIVIAPRES-25-SDM,Who will win the Bolivian presidential election?,Samuel Doria Medina,1166200.271818,1166200.271818,0.31,0.33,-0.020000000000000018,2025-06-24 00:02:07-07:00,2025-06-23 03:09:47.281521-07:00,0.78,deterministic_contract_key
zelensky_suit,2025-06-30,2025-07-08,2025_06_24_open_0500_PT,2025-06-24 12:00:00+00:00,2025-06-24 05:00:00-07:00,2025-06-24,-6,0,leader_contact|meet|donald_trump|vladimir_putin|year:2025|536502|38401695605203516602153122926538006647911743428951157094417724792317068872612|KXWLEADER-25-VP,leader_contact|meet|donald_trump|vladimir_putin|year:2025,leader_contact,uma_risk_exposed,536502,Will Trump meet with Vladimir Putin in 2025?,0,Yes,38401695605203516602153122926538006647911743428951157094417724792317068872612,False,binary_yes_token_price,KXWLEADER-25-VP,Will Trump meet with Vladimir Putin before 2026?,Vladimir Putin,471641.4171,471641.4171,0.4499999549999955,0.42,0.029999954999995526,2025-06-24 01:43:59-07:00,2025-06-23 22:31:57.546811-07:00,0.92,deterministic_contract_key
zelensky_suit,2025-06-30,2025-07-08,2025_06_24_open_0500_PT,2025-06-24 12:00:00+00:00,2025-06-24 05:00:00-07:00,2025-06-24,-6,0,office_exit|leave_office|jerome_powell|year:2025|520930|44446628319261786751896876365833910598445252343588252409740203088317210950410|LEAVEPOWELL-25-DEC31,office_exit|leave_office|jerome_powell|year:2025,office_exit,uma_risk_exposed,520930,Jerome Powell out as Fed Chair in 2025?,0,Yes,44446628319261786751896876365833910598445252343588252409740203088317210950410,False,binary_yes_token_price,LEAVEPOWELL-25-DEC31,Powell leaves before 2026?,Before 2026,11760101.336012,11760101.336012,0.11,0.16,-0.05,2025-06-24 04:42:15-07:00,2025-06-24 04:30:05.796621-07:00,0.88,deterministic_contract_key
zelensky_suit,2025-06-30,2025-07-08,2025_06_24_open_0500_PT,2025-06-24 12:00:00+00:00,2025-06-24 05:00:00-07:00,2025-06-24,-6,0,office_exit|leave_office|vladimir_putin|year:2025|527807|96309695544495520203095223116782609207881514291963878378807412991184449319557|KXLEADEROUT-25-VPUT,office_exit|leave_office|vladimir_putin|year:2025,office_exit,uma_risk_exposed,527807,Will Vladimir Putin be the first leader out in 2025?,0,Yes,96309695544495520203095223116782609207881514291963878378807412991184449319557,False,binary_yes_token_price,KXLEADEROUT-25-VPUT,Vladimir Putin out this year?,Vladimir Putin,1782662.475384,1782662.475384,0.011,0.02,-0.009000000000000001,2025-06-23 22:48:59-07:00,2025-06-22 12:02:03.732261-07:00,0.88,deterministic_contract_key
zelensky_suit,2025-06-30,2025-07-08,2025_06_24_open_0500_PT,2025-06-24 12:00:00+00:00,2025-06-24 05:00:00-07:00,2025-06-24,-6,0,office_exit|leave_office|xi_jinping|year:2025|527808|58879554417654245921504722538657003216070105934999990003805612960977670880586|KXLEADEROUT-25-XJIN,office_exit|leave_office|xi_jinping|year:2025,office_exit,uma_risk_exposed,527808,Will Xi Jinping be the first leader out in 2025?,0,Yes,58879554417654245921504722538657003216070105934999990003805612960977670880586,False,binary_yes_token_price,KXLEADEROUT-25-XJIN,Xi Jinping out this year?,Xi Jinping,1833966.373545,1833966.373545,0.05,0.02,0.030000000000000002,2025-06-24 04:18:07-07:00,2025-06-23 01:57:17.612189-07:00,0.88,deterministic_contract_key
zelensky_suit,2025-06-30,2025-07-08,2025_06_24_open_0500_PT,2025-06-24 12:00:00+00:00,2025-06-24 05:00:00-07:00,2025-06-24,-6,0,office_exit|leave_office|xi_jinping|year:2025|551963|114304586861386186441621124384163963092522056897081085884483958561365015034812|KXLEADEROUT-25-XJIN,office_exit|leave_office|xi_jinping|year:2025,office_exit,uma_risk_exposed,551963,Xi Jinping out in 2025?,0,Yes,114304586861386186441621124384163963092522056897081085884483958561365015034812,False,binary_yes_token_price,KXLEADEROUT-25-XJIN,Xi Jinping out this year?,Xi Jinping,78655911.742866,78655911.742866,0.12,0.02,0.09999999999999999,2025-06-24 04:29:45-07:00,2025-06-23 01:57:17.612189-07:00,0.88,deterministic_contract_key
zelensky_suit,2025-06-30,2025-07-08,2025_06_24_open_0500_PT,2025-06-24 12:00:00+00:00,2025-06-24 05:00:00-07:00,2025-06-24,-6,0,office_exit|resign|volodymyr_zelenskyy|year:2025|525157|74129046843921940913413587682588886122583847748489066762857187137233978267670|KXUKRAINERESIGN-26,office_exit|resign|volodymyr_zelenskyy|year:2025,office_exit,uma_risk_exposed,525157,Zelensky resigns in 2025?,0,Yes,74129046843921940913413587682588886122583847748489066762857187137233978267670,False,binary_yes_token_price,KXUKRAINERESIGN-26,"Will Volodymyr Zelenskyy resign before Jan 1, 2026?",Before 2026,639799.279247,639799.279247,0.08,0.07,0.009999999999999995,2025-06-23 12:11:11-07:00,2025-06-22 10:02:59.558257-07:00,0.88,deterministic_contract_key
zelensky_suit,2025-06-30,2025-07-08,2025_06_24_open_0500_PT,2025-06-24 12:00:00+00:00,2025-06-24 05:00:00-07:00,2025-06-24,-6,0,policy_action|create|national_bitcoin_reserve|united_states|year:2025|516937|83894672511259544049673946661753374355328822374216474995072428966535091173758|KXBTCRESERVE-26-JAN01,policy_action|create|national_bitcoin_reserve|united_states|year:2025,policy_action,uma_risk_exposed,516937,US national Bitcoin reserve in 2025?,0,Yes,83894672511259544049673946661753374355328822374216474995072428966535091173758,False,binary_yes_token_price,KXBTCRESERVE-26-JAN01,"Will Trump create a National Bitcoin Reserve before Jan 1, 2026?","Before Jan 1, 2026",5526758.797978,5526758.797978,0.30999999683799995,0.22,0.08999999683799995,2025-06-24 03:30:21-07:00,2025-06-24 04:18:04.080521-07:00,0.78,deterministic_contract_key
zelensky_suit,2025-06-30,2025-07-08,2025_06_24_open_0500_PT,2025-06-24 12:00:00+00:00,2025-06-24 05:00:00-07:00,2025-06-24,-6,0,policy_action|eliminate|department_of_education|united_states|year:2025|523188|60661165588332286306443081468695135979348107944620337686282849990456442563142|KXDOED-26-JAN01,policy_action|eliminate|department_of_education|united_states|year:2025,policy_action,uma_risk_exposed,523188,Will Trump end Department of Education in 2025?,0,Yes,60661165588332286306443081468695135979348107944620337686282849990456442563142,False,binary_yes_token_price,KXDOED-26-JAN01,"Will the Department of Education be eliminated before Jan 1, 2026?","Before Jan 1, 2026",900396.416301,900396.416301,0.075,0.06,0.015,2025-06-24 01:17:23-07:00,2025-06-24 03:16:41.576250-07:00,0.78,deterministic_contract_key
zelensky_suit,2025-06-30,2025-07-08,2025_06_24_open_0500_PT,2025-06-24 12:00:00+00:00,2025-06-24 05:00:00-07:00,2025-06-24,-6,0,policy_action|pass_law|strategic_bitcoin_reserve_act|texas|year:2025|518901|108694680056826771513727361737568313266027710115630595991317876664602548455545|KXTEXASBTC-26,policy_action|pass_law|strategic_bitcoin_reserve_act|texas|year:2025,policy_action,uma_risk_exposed,518901,Texas Strategic Bitcoin Reserve Act (H.B. 1598) signed in 2025?,0,Yes,108694680056826771513727361737568313266027710115630595991317876664602548455545,False,binary_yes_token_price,KXTEXASBTC-26,Will the Texas Strategic Bitcoin Reserve Act become law before 2026?,Before 2026,214638.028966,214638.028966,0.045,0.99,-0.945,2025-06-23 21:41:37-07:00,2025-06-23 08:33:41.388073-07:00,0.8,deterministic_contract_key
zelensky_suit,2025-06-30,2025-07-08,2025_06_24_open_0500_PT,2025-06-24 12:00:00+00:00,2025-06-24 05:00:00-07:00,2025-06-24,-6,0,policy_action|start|recession|united_states|year:2025|516710|104173557214744537570424345347209544585775842950109756851652855913015295701992|RECSSNBER-25,policy_action|start|recession|united_states|year:2025,policy_action,uma_risk_exposed,516710,US recession in 2025?,0,Yes,104173557214744537570424345347209544585775842950109756851652855913015295701992,False,binary_yes_token_price,RECSSNBER-25,Will there be a recession in 2025?,Starts,11734512.428529,11734512.428529,0.26,0.26,0.0,2025-06-24 04:53:41-07:00,2025-06-24 03:37:49.168714-07:00,0.78,deterministic_contract_key
zelensky_suit,2025-06-30,2025-07-08,2025_06_24_close_1700_PT,2025-06-25 00:00:00+00:00,2025-06-24 17:00:00-07:00,2025-06-24,-6,0,election|win|andr_nico_rodr_guez|bolivia_president|year:2025|2025|543259|21349083717605037525723335754807560771874175181325455859992777238860289139531|KXBOLIVIAPRES-25-AR,election|win|andr_nico_rodr_guez|bolivia_president|year:2025|2025,election,uma_risk_exposed,543259,Will Andrónico Rodríguez win the 2025 Bolivia presidential election?,0,Yes,21349083717605037525723335754807560771874175181325455859992777238860289139531,False,binary_yes_token_price,KXBOLIVIAPRES-25-AR,Who will win the Bolivian presidential election?,Andrónico Rodríguez,7326758.679552,7326758.679552,0.18,0.2,-0.020000000000000018,2025-06-24 14:55:45-07:00,2025-06-23 11:12:44.815379-07:00,0.78,deterministic_contract_key
zelensky_suit,2025-06-30,2025-07-08,2025_06_24_close_1700_PT,2025-06-25 00:00:00+00:00,2025-06-24 17:00:00-07:00,2025-06-24,-6,0,election|win|branko_marinkovi|bolivia_president|year:2025|2025|543274|17849683858069937637491725401516486250615904612932801425636311554981022266375|KXBOLIVIAPRES-25-BM,election|win|branko_marinkovi|bolivia_president|year:2025|2025,election,uma_risk_exposed,543274,Will Branko Marinković win the 2025 Bolivia presidential election?,0,Yes,17849683858069937637491725401516486250615904612932801425636311554981022266375,False,binary_yes_token_price,KXBOLIVIAPRES-25-BM,Who will win the Bolivian presidential election?,Branko Marinković,337382.708581,337382.708581,0.002,0.09,-0.088,2025-06-24 14:11:39-07:00,2025-06-21 10:37:22.687062-07:00,0.78,deterministic_contract_key
zelensky_suit,2025-06-30,2025-07-08,2025_06_24_close_1700_PT,2025-06-25 00:00:00+00:00,2025-06-24 17:00:00-07:00,2025-06-24,-6,0,election|win|chi_hyun_chung|bolivia_president|year:2025|2025|543263|65182144144608433456123000312637003192540674831461667961211058718188030456494|KXBOLIVIAPRES-25-CHC,election|win|chi_hyun_chung|bolivia_president|year:2025|2025,election,uma_risk_exposed,543263,Will Chi Hyun Chung win the 2025 Bolivia presidential election?,0,Yes,65182144144608433456123000312637003192540674831461667961211058718188030456494,False,binary_yes_token_price,KXBOLIVIAPRES-25-CHC,Who will win the Bolivian presidential election?,Chi Hyun Chung,119579.506818,119579.506818,0.002,0.06,-0.057999999999999996,2025-06-24 14:11:37-07:00,2025-06-03 12:59:43.587279-07:00,0.78,deterministic_contract_key
zelensky_suit,2025-06-30,2025-07-08,2025_06_24_close_1700_PT,2025-06-25 00:00:00+00:00,2025-06-24 17:00:00-07:00,2025-06-24,-6,0,election|win|jack_ciattarelli|new_jersey_governor|year:2025|2025|551143|53937473648188783569836457104933054364348579768036516690207399280597410899636|GOVPARTYNJ-25-R,election|win|jack_ciattarelli|new_jersey_governor|year:2025|2025,election,uma_risk_exposed,551143,Will Jack Ciattarelli win the New Jersey Governor Election in 2025,0,Yes,53937473648188783569836457104933054364348579768036516690207399280597410899636,False,binary_yes_token_price,GOVPARTYNJ-25-R,Will Jack Ciattarelli win the 2025 New Jersey gubernatorial election?,Jack Ciattarelli,6037389.579269,6037389.579269,0.22,0.21,0.010000000000000009,2025-06-24 16:35:11-07:00,2025-06-24 16:05:58.212643-07:00,0.78,deterministic_contract_key
zelensky_suit,2025-06-30,2025-07-08,2025_06_24_close_1700_PT,2025-06-25 00:00:00+00:00,2025-06-24 17:00:00-07:00,2025-06-24,-6,0,election|win|luis_arce|bolivia_president|year:2025|2025|543258|111174020960637389416810264600941186414004753111164399059354703606902594067832|KXBOLIVIAPRES-25-LA,election|win|luis_arce|bolivia_president|year:2025|2025,election,uma_risk_exposed,543258,Will Luis Arce win the 2025 Bolivia presidential election?,0,Yes,111174020960637389416810264600941186414004753111164399059354703606902594067832,False,binary_yes_token_price,KXBOLIVIAPRES-25-LA,Who will win the Bolivian presidential election?,Luis Arce,203278.343149,203278.343149,0.002,0.04,-0.038,2025-06-24 14:11:37-07:00,2025-06-19 13:55:54.437219-07:00,0.78,deterministic_contract_key
zelensky_suit,2025-06-30,2025-07-08,2025_06_24_close_1700_PT,2025-06-25 00:00:00+00:00,2025-06-24 17:00:00-07:00,2025-06-24,-6,0,election|win|manfred_reyes_villa|bolivia_president|year:2025|2025|543261|6152631328921183884174711861052249809252829304303011603856221267194446351460|KXBOLIVIAPRES-25-MRV,election|win|manfred_reyes_villa|bolivia_president|year:2025|2025,election,uma_risk_exposed,543261,Will Manfred Reyes Villa win the 2025 Bolivia presidential election?,0,Yes,6152631328921183884174711861052249809252829304303011603856221267194446351460,False,binary_yes_token_price,KXBOLIVIAPRES-25-MRV,Who will win the Bolivian presidential election?,Manfred Reyes Villa,842586.658604,842586.658604,0.15,0.13,0.01999999999999999,2025-06-24 14:46:41-07:00,2025-06-24 04:28:12.009728-07:00,0.78,deterministic_contract_key
zelensky_suit,2025-06-30,2025-07-08,2025_06_24_close_1700_PT,2025-06-25 00:00:00+00:00,2025-06-24 17:00:00-07:00,2025-06-24,-6,0,election|win|mikie_sherrill|new_jersey_governor|year:2025|2025|551137|23056089932958374419797522644901592808991002026498053086166940911059008923379|GOVPARTYNJ-25-D,election|win|mikie_sherrill|new_jersey_governor|year:2025|2025,election,uma_risk_exposed,551137,Will Mikie Sherrill win the New Jersey Governor Election in 2025,0,Yes,23056089932958374419797522644901592808991002026498053086166940911059008923379,False,binary_yes_token_price,GOVPARTYNJ-25-D,Will Mikie Sherrill win the 2025 New Jersey gubernatorial election?,Mikie Sherrill,7479198.557189,7479198.557189,0.78,0.8,-0.020000000000000018,2025-06-24 16:35:13-07:00,2025-06-24 15:10:46.091767-07:00,0.78,deterministic_contract_key
zelensky_suit,2025-06-30,2025-07-08,2025_06_24_close_1700_PT,2025-06-25 00:00:00+00:00,2025-06-24 17:00:00-07:00,2025-06-24,-6,0,election|win|samuel_doria_medina|bolivia_president|year:2025|2025|543260|86337476411225396782940416611040694123774553224828196996839974817619931765236|KXBOLIVIAPRES-25-SDM,election|win|samuel_doria_medina|bolivia_president|year:2025|2025,election,uma_risk_exposed,543260,Will Samuel Doria Medina win the 2025 Bolivia presidential election?,0,Yes,86337476411225396782940416611040694123774553224828196996839974817619931765236,False,binary_yes_token_price,KXBOLIVIAPRES-25-SDM,Who will win the Bolivian presidential election?,Samuel Doria Medina,1166200.271818,1166200.271818,0.3,0.38,-0.08000000000000002,2025-06-24 14:11:37-07:00,2025-06-24 06:38:27.867905-07:00,0.78,deterministic_contract_key
zelensky_suit,2025-06-30,2025-07-08,2025_06_24_close_1700_PT,2025-06-25 00:00:00+00:00,2025-06-24 17:00:00-07:00,2025-06-24,-6,0,leader_contact|meet|donald_trump|vladimir_putin|year:2025|536502|38401695605203516602153122926538006647911743428951157094417724792317068872612|KXWLEADER-25-VP,leader_contact|meet|donald_trump|vladimir_putin|year:2025,leader_contact,uma_risk_exposed,536502,Will Trump meet with Vladimir Putin in 2025?,0,Yes,38401695605203516602153122926538006647911743428951157094417724792317068872612,False,binary_yes_token_price,KXWLEADER-25-VP,Will Trump meet with Vladimir Putin before 2026?,Vladimir Putin,471641.4171,471641.4171,0.4499999549999955,0.43,0.019999954999995517,2025-06-24 01:43:59-07:00,2025-06-24 11:34:39.452247-07:00,0.92,deterministic_contract_key
zelensky_suit,2025-06-30,2025-07-08,2025_06_24_close_1700_PT,2025-06-25 00:00:00+00:00,2025-06-24 17:00:00-07:00,2025-06-24,-6,0,office_exit|leave_office|jerome_powell|year:2025|520930|44446628319261786751896876365833910598445252343588252409740203088317210950410|LEAVEPOWELL-25-DEC31,office_exit|leave_office|jerome_powell|year:2025,office_exit,uma_risk_exposed,520930,Jerome Powell out as Fed Chair in 2025?,0,Yes,44446628319261786751896876365833910598445252343588252409740203088317210950410,False,binary_yes_token_price,LEAVEPOWELL-25-DEC31,Powell leaves before 2026?,Before 2026,11760101.336012,11760101.336012,0.130000000087,0.1,0.03000000008699999,2025-06-24 16:50:31-07:00,2025-06-24 15:46:50.841369-07:00,0.88,deterministic_contract_key
zelensky_suit,2025-06-30,2025-07-08,2025_06_24_close_1700_PT,2025-06-25 00:00:00+00:00,2025-06-24 17:00:00-07:00,2025-06-24,-6,0,office_exit|leave_office|vladimir_putin|year:2025|527807|96309695544495520203095223116782609207881514291963878378807412991184449319557|KXLEADEROUT-25-VPUT,office_exit|leave_office|vladimir_putin|year:2025,office_exit,uma_risk_exposed,527807,Will Vladimir Putin be the first leader out in 2025?,0,Yes,96309695544495520203095223116782609207881514291963878378807412991184449319557,False,binary_yes_token_price,KXLEADEROUT-25-VPUT,Vladimir Putin out this year?,Vladimir Putin,1782662.475384,1782662.475384,0.013,0.03,-0.017,2025-06-24 16:29:15-07:00,2025-06-24 06:29:01.822290-07:00,0.88,deterministic_contract_key
zelensky_suit,2025-06-30,2025-07-08,2025_06_24_close_1700_PT,2025-06-25 00:00:00+00:00,2025-06-24 17:00:00-07:00,2025-06-24,-6,0,office_exit|leave_office|xi_jinping|year:2025|527808|58879554417654245921504722538657003216070105934999990003805612960977670880586|KXLEADEROUT-25-XJIN,office_exit|leave_office|xi_jinping|year:2025,office_exit,uma_risk_exposed,527808,Will Xi Jinping be the first leader out in 2025?,0,Yes,58879554417654245921504722538657003216070105934999990003805612960977670880586,False,binary_yes_token_price,KXLEADEROUT-25-XJIN,Xi Jinping out this year?,Xi Jinping,1833966.373545,1833966.373545,0.037,0.02,0.016999999999999998,2025-06-24 16:29:15-07:00,2025-06-24 15:35:37.767283-07:00,0.88,deterministic_contract_key
zelensky_suit,2025-06-30,2025-07-08,2025_06_24_close_1700_PT,2025-06-25 00:00:00+00:00,2025-06-24 17:00:00-07:00,2025-06-24,-6,0,office_exit|leave_office|xi_jinping|year:2025|551963|114304586861386186441621124384163963092522056897081085884483958561365015034812|KXLEADEROUT-25-XJIN,office_exit|leave_office|xi_jinping|year:2025,office_exit,uma_risk_exposed,551963,Xi Jinping out in 2025?,0,Yes,114304586861386186441621124384163963092522056897081085884483958561365015034812,False,binary_yes_token_price,KXLEADEROUT-25-XJIN,Xi Jinping out this year?,Xi Jinping,78655911.742866,78655911.742866,0.12,0.02,0.09999999999999999,2025-06-24 13:20:53-07:00,2025-06-24 15:35:37.767283-07:00,0.88,deterministic_contract_key
zelensky_suit,2025-06-30,2025-07-08,2025_06_24_close_1700_PT,2025-06-25 00:00:00+00:00,2025-06-24 17:00:00-07:00,2025-06-24,-6,0,office_exit|resign|volodymyr_zelenskyy|year:2025|525157|74129046843921940913413587682588886122583847748489066762857187137233978267670|KXUKRAINERESIGN-26,office_exit|resign|volodymyr_zelenskyy|year:2025,office_exit,uma_risk_exposed,525157,Zelensky resigns in 2025?,0,Yes,74129046843921940913413587682588886122583847748489066762857187137233978267670,False,binary_yes_token_price,KXUKRAINERESIGN-26,"Will Volodymyr Zelenskyy resign before Jan 1, 2026?",Before 2026,639799.279247,639799.279247,0.08,0.09,-0.009999999999999995,2025-06-23 12:11:11-07:00,2025-06-24 13:17:26.266635-07:00,0.88,deterministic_contract_key
zelensky_suit,2025-06-30,2025-07-08,2025_06_24_close_1700_PT,2025-06-25 00:00:00+00:00,2025-06-24 17:00:00-07:00,2025-06-24,-6,0,policy_action|create|national_bitcoin_reserve|united_states|year:2025|516937|83894672511259544049673946661753374355328822374216474995072428966535091173758|KXBTCRESERVE-26-JAN01,policy_action|create|national_bitcoin_reserve|united_states|year:2025,policy_action,uma_risk_exposed,516937,US national Bitcoin reserve in 2025?,0,Yes,83894672511259544049673946661753374355328822374216474995072428966535091173758,False,binary_yes_token_price,KXBTCRESERVE-26-JAN01,"Will Trump create a National Bitcoin Reserve before Jan 1, 2026?","Before Jan 1, 2026",5526758.797978,5526758.797978,0.3,0.27,0.02999999999999997,2025-06-24 15:11:17-07:00,2025-06-24 14:05:37.610734-07:00,0.78,deterministic_contract_key
zelensky_suit,2025-06-30,2025-07-08,2025_06_24_close_1700_PT,2025-06-25 00:00:00+00:00,2025-06-24 17:00:00-07:00,2025-06-24,-6,0,policy_action|eliminate|department_of_education|united_states|year:2025|523188|60661165588332286306443081468695135979348107944620337686282849990456442563142|KXDOED-26-JAN01,policy_action|eliminate|department_of_education|united_states|year:2025,policy_action,uma_risk_exposed,523188,Will Trump end Department of Education in 2025?,0,Yes,60661165588332286306443081468695135979348107944620337686282849990456442563142,False,binary_yes_token_price,KXDOED-26-JAN01,"Will the Department of Education be eliminated before Jan 1, 2026?","Before Jan 1, 2026",900396.416301,900396.416301,0.075,0.08,-0.0050000000000000044,2025-06-24 14:54:27-07:00,2025-06-24 16:52:37.510529-07:00,0.78,deterministic_contract_key
zelensky_suit,2025-06-30,2025-07-08,2025_06_24_close_1700_PT,2025-06-25 00:00:00+00:00,2025-06-24 17:00:00-07:00,2025-06-24,-6,0,policy_action|start|recession|united_states|year:2025|516710|104173557214744537570424345347209544585775842950109756851652855913015295701992|RECSSNBER-25,policy_action|start|recession|united_states|year:2025,policy_action,uma_risk_exposed,516710,US recession in 2025?,0,Yes,104173557214744537570424345347209544585775842950109756851652855913015295701992,False,binary_yes_token_price,RECSSNBER-25,Will there be a recession in 2025?,Starts,11734512.428529,11734512.428529,0.26999999646976414,0.26,0.009999996469764127,2025-06-24 16:57:29-07:00,2025-06-24 15:18:07.524510-07:00,0.78,deterministic_contract_key
zelensky_suit,2025-06-30,2025-07-08,2025_06_25_open_0500_PT,2025-06-25 12:00:00+00:00,2025-06-25 05:00:00-07:00,2025-06-25,-5,0,election|win|andr_nico_rodr_guez|bolivia_president|year:2025|2025|543259|21349083717605037525723335754807560771874175181325455859992777238860289139531|KXBOLIVIAPRES-25-AR,election|win|andr_nico_rodr_guez|bolivia_president|year:2025|2025,election,uma_risk_exposed,543259,Will Andrónico Rodríguez win the 2025 Bolivia presidential election?,0,Yes,21349083717605037525723335754807560771874175181325455859992777238860289139531,False,binary_yes_token_price,KXBOLIVIAPRES-25-AR,Who will win the Bolivian presidential election?,Andrónico Rodríguez,7326758.679552,7326758.679552,0.18,0.2,-0.020000000000000018,2025-06-25 02:15:47-07:00,2025-06-23 11:12:44.815379-07:00,0.78,deterministic_contract_key
zelensky_suit,2025-06-30,2025-07-08,2025_06_25_open_0500_PT,2025-06-25 12:00:00+00:00,2025-06-25 05:00:00-07:00,2025-06-25,-5,0,election|win|branko_marinkovi|bolivia_president|year:2025|2025|543274|17849683858069937637491725401516486250615904612932801425636311554981022266375|KXBOLIVIAPRES-25-BM,election|win|branko_marinkovi|bolivia_president|year:2025|2025,election,uma_risk_exposed,543274,Will Branko Marinković win the 2025 Bolivia presidential election?,0,Yes,17849683858069937637491725401516486250615904612932801425636311554981022266375,False,binary_yes_token_price,KXBOLIVIAPRES-25-BM,Who will win the Bolivian presidential election?,Branko Marinković,337382.708581,337382.708581,0.002,0.09,-0.088,2025-06-24 14:11:39-07:00,2025-06-21 10:37:22.687062-07:00,0.78,deterministic_contract_key
zelensky_suit,2025-06-30,2025-07-08,2025_06_25_open_0500_PT,2025-06-25 12:00:00+00:00,2025-06-25 05:00:00-07:00,2025-06-25,-5,0,election|win|chi_hyun_chung|bolivia_president|year:2025|2025|543263|65182144144608433456123000312637003192540674831461667961211058718188030456494|KXBOLIVIAPRES-25-CHC,election|win|chi_hyun_chung|bolivia_president|year:2025|2025,election,uma_risk_exposed,543263,Will Chi Hyun Chung win the 2025 Bolivia presidential election?,0,Yes,65182144144608433456123000312637003192540674831461667961211058718188030456494,False,binary_yes_token_price,KXBOLIVIAPRES-25-CHC,Who will win the Bolivian presidential election?,Chi Hyun Chung,119579.506818,119579.506818,0.002,0.06,-0.057999999999999996,2025-06-24 14:11:37-07:00,2025-06-03 12:59:43.587279-07:00,0.78,deterministic_contract_key
zelensky_suit,2025-06-30,2025-07-08,2025_06_25_open_0500_PT,2025-06-25 12:00:00+00:00,2025-06-25 05:00:00-07:00,2025-06-25,-5,0,election|win|jack_ciattarelli|new_jersey_governor|year:2025|2025|551143|53937473648188783569836457104933054364348579768036516690207399280597410899636|GOVPARTYNJ-25-R,election|win|jack_ciattarelli|new_jersey_governor|year:2025|2025,election,uma_risk_exposed,551143,Will Jack Ciattarelli win the New Jersey Governor Election in 2025,0,Yes,53937473648188783569836457104933054364348579768036516690207399280597410899636,False,binary_yes_token_price,GOVPARTYNJ-25-R,Will Jack Ciattarelli win the 2025 New Jersey gubernatorial election?,Jack Ciattarelli,6037389.579269,6037389.579269,0.28,0.21,0.07000000000000003,2025-06-25 04:25:21-07:00,2025-06-25 02:32:31.814025-07:00,0.78,deterministic_contract_key
zelensky_suit,2025-06-30,2025-07-08,2025_06_25_open_0500_PT,2025-06-25 12:00:00+00:00,2025-06-25 05:00:00-07:00,2025-06-25,-5,0,election|win|luis_arce|bolivia_president|year:2025|2025|543258|111174020960637389416810264600941186414004753111164399059354703606902594067832|KXBOLIVIAPRES-25-LA,election|win|luis_arce|bolivia_president|year:2025|2025,election,uma_risk_exposed,543258,Will Luis Arce win the 2025 Bolivia presidential election?,0,Yes,111174020960637389416810264600941186414004753111164399059354703606902594067832,False,binary_yes_token_price,KXBOLIVIAPRES-25-LA,Who will win the Bolivian presidential election?,Luis Arce,203278.343149,203278.343149,0.002,0.04,-0.038,2025-06-24 22:27:59-07:00,2025-06-19 13:55:54.437219-07:00,0.78,deterministic_contract_key
zelensky_suit,2025-06-30,2025-07-08,2025_06_25_open_0500_PT,2025-06-25 12:00:00+00:00,2025-06-25 05:00:00-07:00,2025-06-25,-5,0,election|win|manfred_reyes_villa|bolivia_president|year:2025|2025|543261|6152631328921183884174711861052249809252829304303011603856221267194446351460|KXBOLIVIAPRES-25-MRV,election|win|manfred_reyes_villa|bolivia_president|year:2025|2025,election,uma_risk_exposed,543261,Will Manfred Reyes Villa win the 2025 Bolivia presidential election?,0,Yes,6152631328921183884174711861052249809252829304303011603856221267194446351460,False,binary_yes_token_price,KXBOLIVIAPRES-25-MRV,Who will win the Bolivian presidential election?,Manfred Reyes Villa,842586.658604,842586.658604,0.15,0.13,0.01999999999999999,2025-06-24 14:46:41-07:00,2025-06-24 04:28:12.009728-07:00,0.78,deterministic_contract_key
zelensky_suit,2025-06-30,2025-07-08,2025_06_25_open_0500_PT,2025-06-25 12:00:00+00:00,2025-06-25 05:00:00-07:00,2025-06-25,-5,0,election|win|mikie_sherrill|new_jersey_governor|year:2025|2025|551137|23056089932958374419797522644901592808991002026498053086166940911059008923379|GOVPARTYNJ-25-D,election|win|mikie_sherrill|new_jersey_governor|year:2025|2025,election,uma_risk_exposed,551137,Will Mikie Sherrill win the New Jersey Governor Election in 2025,0,Yes,23056089932958374419797522644901592808991002026498053086166940911059008923379,False,binary_yes_token_price,GOVPARTYNJ-25-D,Will Mikie Sherrill win the 2025 New Jersey gubernatorial election?,Mikie Sherrill,7479198.557189,7479198.557189,0.73,0.8,-0.07000000000000006,2025-06-25 00:29:37-07:00,2025-06-25 04:08:40.862234-07:00,0.78,deterministic_contract_key
zelensky_suit,2025-06-30,2025-07-08,2025_06_25_open_0500_PT,2025-06-25 12:00:00+00:00,2025-06-25 05:00:00-07:00,2025-06-25,-5,0,election|win|samuel_doria_medina|bolivia_president|year:2025|2025|543260|86337476411225396782940416611040694123774553224828196996839974817619931765236|KXBOLIVIAPRES-25-SDM,election|win|samuel_doria_medina|bolivia_president|year:2025|2025,election,uma_risk_exposed,543260,Will Samuel Doria Medina win the 2025 Bolivia presidential election?,0,Yes,86337476411225396782940416611040694123774553224828196996839974817619931765236,False,binary_yes_token_price,KXBOLIVIAPRES-25-SDM,Who will win the Bolivian presidential election?,Samuel Doria Medina,1166200.271818,1166200.271818,0.36,0.39,-0.030000000000000027,2025-06-25 04:38:25-07:00,2025-06-25 02:31:40.812971-07:00,0.78,deterministic_contract_key
zelensky_suit,2025-06-30,2025-07-08,2025_06_25_open_0500_PT,2025-06-25 12:00:00+00:00,2025-06-25 05:00:00-07:00,2025-06-25,-5,0,leader_contact|meet|donald_trump|vladimir_putin|year:2025|536502|38401695605203516602153122926538006647911743428951157094417724792317068872612|KXWLEADER-25-VP,leader_contact|meet|donald_trump|vladimir_putin|year:2025,leader_contact,uma_risk_exposed,536502,Will Trump meet with Vladimir Putin in 2025?,0,Yes,38401695605203516602153122926538006647911743428951157094417724792317068872612,False,binary_yes_token_price,KXWLEADER-25-VP,Will Trump meet with Vladimir Putin before 2026?,Vladimir Putin,471641.4171,471641.4171,0.42,0.43,-0.010000000000000009,2025-06-25 03:25:01-07:00,2025-06-24 11:34:39.452247-07:00,0.92,deterministic_contract_key
zelensky_suit,2025-06-30,2025-07-08,2025_06_25_open_0500_PT,2025-06-25 12:00:00+00:00,2025-06-25 05:00:00-07:00,2025-06-25,-5,0,office_exit|leave_office|jerome_powell|year:2025|520930|44446628319261786751896876365833910598445252343588252409740203088317210950410|LEAVEPOWELL-25-DEC31,office_exit|leave_office|jerome_powell|year:2025,office_exit,uma_risk_exposed,520930,Jerome Powell out as Fed Chair in 2025?,0,Yes,44446628319261786751896876365833910598445252343588252409740203088317210950410,False,binary_yes_token_price,LEAVEPOWELL-25-DEC31,Powell leaves before 2026?,Before 2026,11760101.336012,11760101.336012,0.12,0.14,-0.020000000000000018,2025-06-25 03:16:05-07:00,2025-06-25 04:41:20.365696-07:00,0.88,deterministic_contract_key
zelensky_suit,2025-06-30,2025-07-08,2025_06_25_open_0500_PT,2025-06-25 12:00:00+00:00,2025-06-25 05:00:00-07:00,2025-06-25,-5,0,office_exit|leave_office|vladimir_putin|year:2025|527807|96309695544495520203095223116782609207881514291963878378807412991184449319557|KXLEADEROUT-25-VPUT,office_exit|leave_office|vladimir_putin|year:2025,office_exit,uma_risk_exposed,527807,Will Vladimir Putin be the first leader out in 2025?,0,Yes,96309695544495520203095223116782609207881514291963878378807412991184449319557,False,binary_yes_token_price,KXLEADEROUT-25-VPUT,Vladimir Putin out this year?,Vladimir Putin,1782662.475384,1782662.475384,0.013000000368283702,0.03,-0.0169999996317163,2025-06-24 17:00:19-07:00,2025-06-24 06:29:01.822290-07:00,0.88,deterministic_contract_key
zelensky_suit,2025-06-30,2025-07-08,2025_06_25_open_0500_PT,2025-06-25 12:00:00+00:00,2025-06-25 05:00:00-07:00,2025-06-25,-5,0,office_exit|leave_office|xi_jinping|year:2025|527808|58879554417654245921504722538657003216070105934999990003805612960977670880586|KXLEADEROUT-25-XJIN,office_exit|leave_office|xi_jinping|year:2025,office_exit,uma_risk_exposed,527808,Will Xi Jinping be the first leader out in 2025?,0,Yes,58879554417654245921504722538657003216070105934999990003805612960977670880586,False,binary_yes_token_price,KXLEADEROUT-25-XJIN,Xi Jinping out this year?,Xi Jinping,1833966.373545,1833966.373545,0.0493125,0.02,0.029312500000000002,2025-06-24 22:16:41-07:00,2025-06-25 03:55:09.567044-07:00,0.88,deterministic_contract_key
zelensky_suit,2025-06-30,2025-07-08,2025_06_25_open_0500_PT,2025-06-25 12:00:00+00:00,2025-06-25 05:00:00-07:00,2025-06-25,-5,0,office_exit|leave_office|xi_jinping|year:2025|551963|114304586861386186441621124384163963092522056897081085884483958561365015034812|KXLEADEROUT-25-XJIN,office_exit|leave_office|xi_jinping|year:2025,office_exit,uma_risk_exposed,551963,Xi Jinping out in 2025?,0,Yes,114304586861386186441621124384163963092522056897081085884483958561365015034812,False,binary_yes_token_price,KXLEADEROUT-25-XJIN,Xi Jinping out this year?,Xi Jinping,78655911.742866,78655911.742866,0.1,0.02,0.08,2025-06-25 03:46:05-07:00,2025-06-25 03:55:09.567044-07:00,0.88,deterministic_contract_key
zelensky_suit,2025-06-30,2025-07-08,2025_06_25_open_0500_PT,2025-06-25 12:00:00+00:00,2025-06-25 05:00:00-07:00,2025-06-25,-5,0,office_exit|resign|volodymyr_zelenskyy|year:2025|525157|74129046843921940913413587682588886122583847748489066762857187137233978267670|KXUKRAINERESIGN-26,office_exit|resign|volodymyr_zelenskyy|year:2025,office_exit,uma_risk_exposed,525157,Zelensky resigns in 2025?,0,Yes,74129046843921940913413587682588886122583847748489066762857187137233978267670,False,binary_yes_token_price,KXUKRAINERESIGN-26,"Will Volodymyr Zelenskyy resign before Jan 1, 2026?",Before 2026,639799.279247,639799.279247,0.08,0.07,0.009999999999999995,2025-06-25 04:56:03-07:00,2025-06-25 01:36:49.269720-07:00,0.88,deterministic_contract_key
zelensky_suit,2025-06-30,2025-07-08,2025_06_25_open_0500_PT,2025-06-25 12:00:00+00:00,2025-06-25 05:00:00-07:00,2025-06-25,-5,0,policy_action|create|national_bitcoin_reserve|united_states|year:2025|516937|83894672511259544049673946661753374355328822374216474995072428966535091173758|KXBTCRESERVE-26-JAN01,policy_action|create|national_bitcoin_reserve|united_states|year:2025,policy_action,uma_risk_exposed,516937,US national Bitcoin reserve in 2025?,0,Yes,83894672511259544049673946661753374355328822374216474995072428966535091173758,False,binary_yes_token_price,KXBTCRESERVE-26-JAN01,"Will Trump create a National Bitcoin Reserve before Jan 1, 2026?","Before Jan 1, 2026",5526758.797978,5526758.797978,0.30999997692222137,0.28,0.02999997692222134,2025-06-25 02:53:51-07:00,2025-06-25 04:43:47.993891-07:00,0.78,deterministic_contract_key
zelensky_suit,2025-06-30,2025-07-08,2025_06_25_open_0500_PT,2025-06-25 12:00:00+00:00,2025-06-25 05:00:00-07:00,2025-06-25,-5,0,policy_action|eliminate|department_of_education|united_states|year:2025|523188|60661165588332286306443081468695135979348107944620337686282849990456442563142|KXDOED-26-JAN01,policy_action|eliminate|department_of_education|united_states|year:2025,policy_action,uma_risk_exposed,523188,Will Trump end Department of Education in 2025?,0,Yes,60661165588332286306443081468695135979348107944620337686282849990456442563142,False,binary_yes_token_price,KXDOED-26-JAN01,"Will the Department of Education be eliminated before Jan 1, 2026?","Before Jan 1, 2026",900396.416301,900396.416301,0.071,0.07,0.000999999999999987,2025-06-25 01:37:09-07:00,2025-06-25 04:17:29.162770-07:00,0.78,deterministic_contract_key
zelensky_suit,2025-06-30,2025-07-08,2025_06_25_open_0500_PT,2025-06-25 12:00:00+00:00,2025-06-25 05:00:00-07:00,2025-06-25,-5,0,policy_action|start|recession|united_states|year:2025|516710|104173557214744537570424345347209544585775842950109756851652855913015295701992|RECSSNBER-25,policy_action|start|recession|united_states|year:2025,policy_action,uma_risk_exposed,516710,US recession in 2025?,0,Yes,104173557214744537570424345347209544585775842950109756851652855913015295701992,False,binary_yes_token_price,RECSSNBER-25,Will there be a recession in 2025?,Starts,11734512.428529,11734512.428529,0.25,0.27,-0.020000000000000018,2025-06-25 04:24:21-07:00,2025-06-25 04:42:42.318611-07:00,0.78,deterministic_contract_key
zelensky_suit,2025-06-30,2025-07-08,2025_06_25_close_1700_PT,2025-06-26 00:00:00+00:00,2025-06-25 17:00:00-07:00,2025-06-25,-5,0,election|win|andr_nico_rodr_guez|bolivia_president|year:2025|2025|543259|21349083717605037525723335754807560771874175181325455859992777238860289139531|KXBOLIVIAPRES-25-AR,election|win|andr_nico_rodr_guez|bolivia_president|year:2025|2025,election,uma_risk_exposed,543259,Will Andrónico Rodríguez win the 2025 Bolivia presidential election?,0,Yes,21349083717605037525723335754807560771874175181325455859992777238860289139531,False,binary_yes_token_price,KXBOLIVIAPRES-25-AR,Who will win the Bolivian presidential election?,Andrónico Rodríguez,7326758.679552,7326758.679552,0.18,0.2,-0.020000000000000018,2025-06-25 15:44:22-07:00,2025-06-23 11:12:44.815379-07:00,0.78,deterministic_contract_key
zelensky_suit,2025-06-30,2025-07-08,2025_06_25_close_1700_PT,2025-06-26 00:00:00+00:00,2025-06-25 17:00:00-07:00,2025-06-25,-5,0,election|win|branko_marinkovi|bolivia_president|year:2025|2025|543274|17849683858069937637491725401516486250615904612932801425636311554981022266375|KXBOLIVIAPRES-25-BM,election|win|branko_marinkovi|bolivia_president|year:2025|2025,election,uma_risk_exposed,543274,Will Branko Marinković win the 2025 Bolivia presidential election?,0,Yes,17849683858069937637491725401516486250615904612932801425636311554981022266375,False,binary_yes_token_price,KXBOLIVIAPRES-25-BM,Who will win the Bolivian presidential election?,Branko Marinković,337382.708581,337382.708581,0.002,0.09,-0.088,2025-06-25 15:44:16-07:00,2025-06-21 10:37:22.687062-07:00,0.78,deterministic_contract_key
zelensky_suit,2025-06-30,2025-07-08,2025_06_25_close_1700_PT,2025-06-26 00:00:00+00:00,2025-06-25 17:00:00-07:00,2025-06-25,-5,0,election|win|chi_hyun_chung|bolivia_president|year:2025|2025|543263|65182144144608433456123000312637003192540674831461667961211058718188030456494|KXBOLIVIAPRES-25-CHC,election|win|chi_hyun_chung|bolivia_president|year:2025|2025,election,uma_risk_exposed,543263,Will Chi Hyun Chung win the 2025 Bolivia presidential election?,0,Yes,65182144144608433456123000312637003192540674831461667961211058718188030456494,False,binary_yes_token_price,KXBOLIVIAPRES-25-CHC,Who will win the Bolivian presidential election?,Chi Hyun Chung,119579.506818,119579.506818,0.002,0.06,-0.057999999999999996,2025-06-25 15:44:16-07:00,2025-06-03 12:59:43.587279-07:00,0.78,deterministic_contract_key
zelensky_suit,2025-06-30,2025-07-08,2025_06_25_close_1700_PT,2025-06-26 00:00:00+00:00,2025-06-25 17:00:00-07:00,2025-06-25,-5,0,election|win|jack_ciattarelli|new_jersey_governor|year:2025|2025|551143|53937473648188783569836457104933054364348579768036516690207399280597410899636|GOVPARTYNJ-25-R,election|win|jack_ciattarelli|new_jersey_governor|year:2025|2025,election,uma_risk_exposed,551143,Will Jack Ciattarelli win the New Jersey Governor Election in 2025,0,Yes,53937473648188783569836457104933054364348579768036516690207399280597410899636,False,binary_yes_token_price,GOVPARTYNJ-25-R,Will Jack Ciattarelli win the 2025 New Jersey gubernatorial election?,Jack Ciattarelli,6037389.579269,6037389.579269,0.22,0.21,0.010000000000000009,2025-06-25 15:10:20-07:00,2025-06-25 11:54:52.893210-07:00,0.78,deterministic_contract_key
zelensky_suit,2025-06-30,2025-07-08,2025_06_25_close_1700_PT,2025-06-26 00:00:00+00:00,2025-06-25 17:00:00-07:00,2025-06-25,-5,0,election|win|luis_arce|bolivia_president|year:2025|2025|543258|111174020960637389416810264600941186414004753111164399059354703606902594067832|KXBOLIVIAPRES-25-LA,election|win|luis_arce|bolivia_president|year:2025|2025,election,uma_risk_exposed,543258,Will Luis Arce win the 2025 Bolivia presidential election?,0,Yes,111174020960637389416810264600941186414004753111164399059354703606902594067832,False,binary_yes_token_price,KXBOLIVIAPRES-25-LA,Who will win the Bolivian presidential election?,Luis Arce,203278.343149,203278.343149,0.002,0.04,-0.038,2025-06-25 15:44:16-07:00,2025-06-19 13:55:54.437219-07:00,0.78,deterministic_contract_key
zelensky_suit,2025-06-30,2025-07-08,2025_06_25_close_1700_PT,2025-06-26 00:00:00+00:00,2025-06-25 17:00:00-07:00,2025-06-25,-5,0,election|win|manfred_reyes_villa|bolivia_president|year:2025|2025|543261|6152631328921183884174711861052249809252829304303011603856221267194446351460|KXBOLIVIAPRES-25-MRV,election|win|manfred_reyes_villa|bolivia_president|year:2025|2025,election,uma_risk_exposed,543261,Will Manfred Reyes Villa win the 2025 Bolivia presidential election?,0,Yes,6152631328921183884174711861052249809252829304303011603856221267194446351460,False,binary_yes_token_price,KXBOLIVIAPRES-25-MRV,Who will win the Bolivian presidential election?,Manfred Reyes Villa,842586.658604,842586.658604,0.11,0.13,-0.020000000000000004,2025-06-25 15:44:16-07:00,2025-06-24 04:28:12.009728-07:00,0.78,deterministic_contract_key
zelensky_suit,2025-06-30,2025-07-08,2025_06_25_close_1700_PT,2025-06-26 00:00:00+00:00,2025-06-25 17:00:00-07:00,2025-06-25,-5,0,election|win|mikie_sherrill|new_jersey_governor|year:2025|2025|551137|23056089932958374419797522644901592808991002026498053086166940911059008923379|GOVPARTYNJ-25-D,election|win|mikie_sherrill|new_jersey_governor|year:2025|2025,election,uma_risk_exposed,551137,Will Mikie Sherrill win the New Jersey Governor Election in 2025,0,Yes,23056089932958374419797522644901592808991002026498053086166940911059008923379,False,binary_yes_token_price,GOVPARTYNJ-25-D,Will Mikie Sherrill win the 2025 New Jersey gubernatorial election?,Mikie Sherrill,7479198.557189,7479198.557189,0.7299999988910456,0.78,-0.05000000110895442,2025-06-25 12:11:02-07:00,2025-06-25 15:49:14.501762-07:00,0.78,deterministic_contract_key
zelensky_suit,2025-06-30,2025-07-08,2025_06_25_close_1700_PT,2025-06-26 00:00:00+00:00,2025-06-25 17:00:00-07:00,2025-06-25,-5,0,election|win|samuel_doria_medina|bolivia_president|year:2025|2025|543260|86337476411225396782940416611040694123774553224828196996839974817619931765236|KXBOLIVIAPRES-25-SDM,election|win|samuel_doria_medina|bolivia_president|year:2025|2025,election,uma_risk_exposed,543260,Will Samuel Doria Medina win the 2025 Bolivia presidential election?,0,Yes,86337476411225396782940416611040694123774553224828196996839974817619931765236,False,binary_yes_token_price,KXBOLIVIAPRES-25-SDM,Who will win the Bolivian presidential election?,Samuel Doria Medina,1166200.271818,1166200.271818,0.36,0.39,-0.030000000000000027,2025-06-25 15:44:14-07:00,2025-06-25 02:31:40.812971-07:00,0.78,deterministic_contract_key
zelensky_suit,2025-06-30,2025-07-08,2025_06_25_close_1700_PT,2025-06-26 00:00:00+00:00,2025-06-25 17:00:00-07:00,2025-06-25,-5,0,leader_contact|meet|donald_trump|vladimir_putin|year:2025|536502|38401695605203516602153122926538006647911743428951157094417724792317068872612|KXWLEADER-25-VP,leader_contact|meet|donald_trump|vladimir_putin|year:2025,leader_contact,uma_risk_exposed,536502,Will Trump meet with Vladimir Putin in 2025?,0,Yes,38401695605203516602153122926538006647911743428951157094417724792317068872612,False,binary_yes_token_price,KXWLEADER-25-VP,Will Trump meet with Vladimir Putin before 2026?,Vladimir Putin,471641.4171,471641.4171,0.43,0.43,0.0,2025-06-25 12:48:48-07:00,2025-06-24 11:34:39.452247-07:00,0.92,deterministic_contract_key
zelensky_suit,2025-06-30,2025-07-08,2025_06_25_close_1700_PT,2025-06-26 00:00:00+00:00,2025-06-25 17:00:00-07:00,2025-06-25,-5,0,office_exit|leave_office|jerome_powell|year:2025|520930|44446628319261786751896876365833910598445252343588252409740203088317210950410|LEAVEPOWELL-25-DEC31,office_exit|leave_office|jerome_powell|year:2025,office_exit,uma_risk_exposed,520930,Jerome Powell out as Fed Chair in 2025?,0,Yes,44446628319261786751896876365833910598445252343588252409740203088317210950410,False,binary_yes_token_price,LEAVEPOWELL-25-DEC31,Powell leaves before 2026?,Before 2026,11760101.336012,11760101.336012,0.16,0.16,0.0,2025-06-25 16:47:56-07:00,2025-06-25 15:40:10.493960-07:00,0.88,deterministic_contract_key
zelensky_suit,2025-06-30,2025-07-08,2025_06_25_close_1700_PT,2025-06-26 00:00:00+00:00,2025-06-25 17:00:00-07:00,2025-06-25,-5,0,office_exit|leave_office|vladimir_putin|year:2025|527807|96309695544495520203095223116782609207881514291963878378807412991184449319557|KXLEADEROUT-25-VPUT,office_exit|leave_office|vladimir_putin|year:2025,office_exit,uma_risk_exposed,527807,Will Vladimir Putin be the first leader out in 2025?,0,Yes,96309695544495520203095223116782609207881514291963878378807412991184449319557,False,binary_yes_token_price,KXLEADEROUT-25-VPUT,Vladimir Putin out this year?,Vladimir Putin,1782662.475384,1782662.475384,0.013236906911837137,0.03,-0.016763093088162862,2025-06-25 07:07:15-07:00,2025-06-25 10:59:21.286321-07:00,0.88,deterministic_contract_key
zelensky_suit,2025-06-30,2025-07-08,2025_06_25_close_1700_PT,2025-06-26 00:00:00+00:00,2025-06-25 17:00:00-07:00,2025-06-25,-5,0,office_exit|leave_office|xi_jinping|year:2025|527808|58879554417654245921504722538657003216070105934999990003805612960977670880586|KXLEADEROUT-25-XJIN,office_exit|leave_office|xi_jinping|year:2025,office_exit,uma_risk_exposed,527808,Will Xi Jinping be the first leader out in 2025?,0,Yes,58879554417654245921504722538657003216070105934999990003805612960977670880586,False,binary_yes_token_price,KXLEADEROUT-25-XJIN,Xi Jinping out this year?,Xi Jinping,1833966.373545,1833966.373545,0.0493125,0.02,0.029312500000000002,2025-06-24 22:16:41-07:00,2025-06-25 06:42:20.280429-07:00,0.88,deterministic_contract_key
zelensky_suit,2025-06-30,2025-07-08,2025_06_25_close_1700_PT,2025-06-26 00:00:00+00:00,2025-06-25 17:00:00-07:00,2025-06-25,-5,0,office_exit|leave_office|xi_jinping|year:2025|551963|114304586861386186441621124384163963092522056897081085884483958561365015034812|KXLEADEROUT-25-XJIN,office_exit|leave_office|xi_jinping|year:2025,office_exit,uma_risk_exposed,551963,Xi Jinping out in 2025?,0,Yes,114304586861386186441621124384163963092522056897081085884483958561365015034812,False,binary_yes_token_price,KXLEADEROUT-25-XJIN,Xi Jinping out this year?,Xi Jinping,78655911.742866,78655911.742866,0.11,0.02,0.09,2025-06-25 15:24:02-07:00,2025-06-25 06:42:20.280429-07:00,0.88,deterministic_contract_key
zelensky_suit,2025-06-30,2025-07-08,2025_06_25_close_1700_PT,2025-06-26 00:00:00+00:00,2025-06-25 17:00:00-07:00,2025-06-25,-5,0,office_exit|resign|volodymyr_zelenskyy|year:2025|525157|74129046843921940913413587682588886122583847748489066762857187137233978267670|KXUKRAINERESIGN-26,office_exit|resign|volodymyr_zelenskyy|year:2025,office_exit,uma_risk_exposed,525157,Zelensky resigns in 2025?,0,Yes,74129046843921940913413587682588886122583847748489066762857187137233978267670,False,binary_yes_token_price,KXUKRAINERESIGN-26,"Will Volodymyr Zelenskyy resign before Jan 1, 2026?",Before 2026,639799.279247,639799.279247,0.08,0.1,-0.020000000000000004,2025-06-25 04:56:03-07:00,2025-06-25 15:09:46.699284-07:00,0.88,deterministic_contract_key
zelensky_suit,2025-06-30,2025-07-08,2025_06_25_close_1700_PT,2025-06-26 00:00:00+00:00,2025-06-25 17:00:00-07:00,2025-06-25,-5,0,policy_action|create|national_bitcoin_reserve|united_states|year:2025|516937|83894672511259544049673946661753374355328822374216474995072428966535091173758|KXBTCRESERVE-26-JAN01,policy_action|create|national_bitcoin_reserve|united_states|year:2025,policy_action,uma_risk_exposed,516937,US national Bitcoin reserve in 2025?,0,Yes,83894672511259544049673946661753374355328822374216474995072428966535091173758,False,binary_yes_token_price,KXBTCRESERVE-26-JAN01,"Will Trump create a National Bitcoin Reserve before Jan 1, 2026?","Before Jan 1, 2026",5526758.797978,5526758.797978,0.32,0.28,0.03999999999999998,2025-06-25 15:35:24-07:00,2025-06-25 14:56:38.864239-07:00,0.78,deterministic_contract_key
zelensky_suit,2025-06-30,2025-07-08,2025_06_25_close_1700_PT,2025-06-26 00:00:00+00:00,2025-06-25 17:00:00-07:00,2025-06-25,-5,0,policy_action|eliminate|department_of_education|united_states|year:2025|523188|60661165588332286306443081468695135979348107944620337686282849990456442563142|KXDOED-26-JAN01,policy_action|eliminate|department_of_education|united_states|year:2025,policy_action,uma_risk_exposed,523188,Will Trump end Department of Education in 2025?,0,Yes,60661165588332286306443081468695135979348107944620337686282849990456442563142,False,binary_yes_token_price,KXDOED-26-JAN01,"Will the Department of Education be eliminated before Jan 1, 2026?","Before Jan 1, 2026",900396.416301,900396.416301,0.071,0.07,0.000999999999999987,2025-06-25 07:12:59-07:00,2025-06-25 14:57:50.943492-07:00,0.78,deterministic_contract_key
zelensky_suit,2025-06-30,2025-07-08,2025_06_25_close_1700_PT,2025-06-26 00:00:00+00:00,2025-06-25 17:00:00-07:00,2025-06-25,-5,0,policy_action|start|recession|united_states|year:2025|516710|104173557214744537570424345347209544585775842950109756851652855913015295701992|RECSSNBER-25,policy_action|start|recession|united_states|year:2025,policy_action,uma_risk_exposed,516710,US recession in 2025?,0,Yes,104173557214744537570424345347209544585775842950109756851652855913015295701992,False,binary_yes_token_price,RECSSNBER-25,Will there be a recession in 2025?,Starts,11734512.428529,11734512.428529,0.26,0.26,0.0,2025-06-25 16:51:58-07:00,2025-06-25 16:18:04.107241-07:00,0.78,deterministic_contract_key
zelensky_suit,2025-06-30,2025-07-08,2025_06_26_open_0500_PT,2025-06-26 12:00:00+00:00,2025-06-26 05:00:00-07:00,2025-06-26,-4,0,election|win|andr_nico_rodr_guez|bolivia_president|year:2025|2025|543259|21349083717605037525723335754807560771874175181325455859992777238860289139531|KXBOLIVIAPRES-25-AR,election|win|andr_nico_rodr_guez|bolivia_president|year:2025|2025,election,uma_risk_exposed,543259,Will Andrónico Rodríguez win the 2025 Bolivia presidential election?,0,Yes,21349083717605037525723335754807560771874175181325455859992777238860289139531,False,binary_yes_token_price,KXBOLIVIAPRES-25-AR,Who will win the Bolivian presidential election?,Andrónico Rodríguez,7326758.679552,7326758.679552,0.19,0.2,-0.010000000000000009,2025-06-26 04:09:32-07:00,2025-06-23 11:12:44.815379-07:00,0.78,deterministic_contract_key
zelensky_suit,2025-06-30,2025-07-08,2025_06_26_open_0500_PT,2025-06-26 12:00:00+00:00,2025-06-26 05:00:00-07:00,2025-06-26,-4,0,election|win|branko_marinkovi|bolivia_president|year:2025|2025|543274|17849683858069937637491725401516486250615904612932801425636311554981022266375|KXBOLIVIAPRES-25-BM,election|win|branko_marinkovi|bolivia_president|year:2025|2025,election,uma_risk_exposed,543274,Will Branko Marinković win the 2025 Bolivia presidential election?,0,Yes,17849683858069937637491725401516486250615904612932801425636311554981022266375,False,binary_yes_token_price,KXBOLIVIAPRES-25-BM,Who will win the Bolivian presidential election?,Branko Marinković,337382.708581,337382.708581,0.002,0.09,-0.088,2025-06-26 04:09:32-07:00,2025-06-21 10:37:22.687062-07:00,0.78,deterministic_contract_key
zelensky_suit,2025-06-30,2025-07-08,2025_06_26_open_0500_PT,2025-06-26 12:00:00+00:00,2025-06-26 05:00:00-07:00,2025-06-26,-4,0,election|win|chi_hyun_chung|bolivia_president|year:2025|2025|543263|65182144144608433456123000312637003192540674831461667961211058718188030456494|KXBOLIVIAPRES-25-CHC,election|win|chi_hyun_chung|bolivia_president|year:2025|2025,election,uma_risk_exposed,543263,Will Chi Hyun Chung win the 2025 Bolivia presidential election?,0,Yes,65182144144608433456123000312637003192540674831461667961211058718188030456494,False,binary_yes_token_price,KXBOLIVIAPRES-25-CHC,Who will win the Bolivian presidential election?,Chi Hyun Chung,119579.506818,119579.506818,0.002,0.06,-0.057999999999999996,2025-06-26 04:09:32-07:00,2025-06-03 12:59:43.587279-07:00,0.78,deterministic_contract_key
zelensky_suit,2025-06-30,2025-07-08,2025_06_26_open_0500_PT,2025-06-26 12:00:00+00:00,2025-06-26 05:00:00-07:00,2025-06-26,-4,0,election|win|jack_ciattarelli|new_jersey_governor|year:2025|2025|551143|53937473648188783569836457104933054364348579768036516690207399280597410899636|GOVPARTYNJ-25-R,election|win|jack_ciattarelli|new_jersey_governor|year:2025|2025,election,uma_risk_exposed,551143,Will Jack Ciattarelli win the New Jersey Governor Election in 2025,0,Yes,53937473648188783569836457104933054364348579768036516690207399280597410899636,False,binary_yes_token_price,GOVPARTYNJ-25-R,Will Jack Ciattarelli win the 2025 New Jersey gubernatorial election?,Jack Ciattarelli,6037389.579269,6037389.579269,0.25,0.21,0.04000000000000001,2025-06-25 19:58:51-07:00,2025-06-26 00:26:01.858410-07:00,0.78,deterministic_contract_key
zelensky_suit,2025-06-30,2025-07-08,2025_06_26_open_0500_PT,2025-06-26 12:00:00+00:00,2025-06-26 05:00:00-07:00,2025-06-26,-4,0,election|win|luis_arce|bolivia_president|year:2025|2025|543258|111174020960637389416810264600941186414004753111164399059354703606902594067832|KXBOLIVIAPRES-25-LA,election|win|luis_arce|bolivia_president|year:2025|2025,election,uma_risk_exposed,543258,Will Luis Arce win the 2025 Bolivia presidential election?,0,Yes,111174020960637389416810264600941186414004753111164399059354703606902594067832,False,binary_yes_token_price,KXBOLIVIAPRES-25-LA,Who will win the Bolivian presidential election?,Luis Arce,203278.343149,203278.343149,0.003,0.04,-0.037,2025-06-26 04:16:12-07:00,2025-06-19 13:55:54.437219-07:00,0.78,deterministic_contract_key
zelensky_suit,2025-06-30,2025-07-08,2025_06_26_open_0500_PT,2025-06-26 12:00:00+00:00,2025-06-26 05:00:00-07:00,2025-06-26,-4,0,election|win|manfred_reyes_villa|bolivia_president|year:2025|2025|543261|6152631328921183884174711861052249809252829304303011603856221267194446351460|KXBOLIVIAPRES-25-MRV,election|win|manfred_reyes_villa|bolivia_president|year:2025|2025,election,uma_risk_exposed,543261,Will Manfred Reyes Villa win the 2025 Bolivia presidential election?,0,Yes,6152631328921183884174711861052249809252829304303011603856221267194446351460,False,binary_yes_token_price,KXBOLIVIAPRES-25-MRV,Who will win the Bolivian presidential election?,Manfred Reyes Villa,842586.658604,842586.658604,0.11,0.13,-0.020000000000000004,2025-06-26 04:09:32-07:00,2025-06-24 04:28:12.009728-07:00,0.78,deterministic_contract_key
zelensky_suit,2025-06-30,2025-07-08,2025_06_26_open_0500_PT,2025-06-26 12:00:00+00:00,2025-06-26 05:00:00-07:00,2025-06-26,-4,0,election|win|mikie_sherrill|new_jersey_governor|year:2025|2025|551137|23056089932958374419797522644901592808991002026498053086166940911059008923379|GOVPARTYNJ-25-D,election|win|mikie_sherrill|new_jersey_governor|year:2025|2025,election,uma_risk_exposed,551137,Will Mikie Sherrill win the New Jersey Governor Election in 2025,0,Yes,23056089932958374419797522644901592808991002026498053086166940911059008923379,False,binary_yes_token_price,GOVPARTYNJ-25-D,Will Mikie Sherrill win the 2025 New Jersey gubernatorial election?,Mikie Sherrill,7479198.557189,7479198.557189,0.77,0.79,-0.020000000000000018,2025-06-26 04:16:48-07:00,2025-06-26 03:48:25.665386-07:00,0.78,deterministic_contract_key
zelensky_suit,2025-06-30,2025-07-08,2025_06_26_open_0500_PT,2025-06-26 12:00:00+00:00,2025-06-26 05:00:00-07:00,2025-06-26,-4,0,election|win|samuel_doria_medina|bolivia_president|year:2025|2025|543260|86337476411225396782940416611040694123774553224828196996839974817619931765236|KXBOLIVIAPRES-25-SDM,election|win|samuel_doria_medina|bolivia_president|year:2025|2025,election,uma_risk_exposed,543260,Will Samuel Doria Medina win the 2025 Bolivia presidential election?,0,Yes,86337476411225396782940416611040694123774553224828196996839974817619931765236,False,binary_yes_token_price,KXBOLIVIAPRES-25-SDM,Who will win the Bolivian presidential election?,Samuel Doria Medina,1166200.271818,1166200.271818,0.36,0.39,-0.030000000000000027,2025-06-26 04:09:32-07:00,2025-06-25 02:31:40.812971-07:00,0.78,deterministic_contract_key
zelensky_suit,2025-06-30,2025-07-08,2025_06_26_open_0500_PT,2025-06-26 12:00:00+00:00,2025-06-26 05:00:00-07:00,2025-06-26,-4,0,leader_contact|meet|donald_trump|vladimir_putin|year:2025|536502|38401695605203516602153122926538006647911743428951157094417724792317068872612|KXWLEADER-25-VP,leader_contact|meet|donald_trump|vladimir_putin|year:2025,leader_contact,uma_risk_exposed,536502,Will Trump meet with Vladimir Putin in 2025?,0,Yes,38401695605203516602153122926538006647911743428951157094417724792317068872612,False,binary_yes_token_price,KXWLEADER-25-VP,Will Trump meet with Vladimir Putin before 2026?,Vladimir Putin,471641.4171,471641.4171,0.43,0.43,0.0,2025-06-26 03:03:48-07:00,2025-06-24 11:34:39.452247-07:00,0.92,deterministic_contract_key
zelensky_suit,2025-06-30,2025-07-08,2025_06_26_open_0500_PT,2025-06-26 12:00:00+00:00,2025-06-26 05:00:00-07:00,2025-06-26,-4,0,office_exit|leave_office|jerome_powell|year:2025|520930|44446628319261786751896876365833910598445252343588252409740203088317210950410|LEAVEPOWELL-25-DEC31,office_exit|leave_office|jerome_powell|year:2025,office_exit,uma_risk_exposed,520930,Jerome Powell out as Fed Chair in 2025?,0,Yes,44446628319261786751896876365833910598445252343588252409740203088317210950410,False,binary_yes_token_price,LEAVEPOWELL-25-DEC31,Powell leaves before 2026?,Before 2026,11760101.336012,11760101.336012,0.13,0.14,-0.010000000000000009,2025-06-26 04:57:56-07:00,2025-06-26 04:26:24.537788-07:00,0.88,deterministic_contract_key
zelensky_suit,2025-06-30,2025-07-08,2025_06_26_open_0500_PT,2025-06-26 12:00:00+00:00,2025-06-26 05:00:00-07:00,2025-06-26,-4,0,office_exit|leave_office|vladimir_putin|year:2025|527807|96309695544495520203095223116782609207881514291963878378807412991184449319557|KXLEADEROUT-25-VPUT,office_exit|leave_office|vladimir_putin|year:2025,office_exit,uma_risk_exposed,527807,Will Vladimir Putin be the first leader out in 2025?,0,Yes,96309695544495520203095223116782609207881514291963878378807412991184449319557,False,binary_yes_token_price,KXLEADEROUT-25-VPUT,Vladimir Putin out this year?,Vladimir Putin,1782662.475384,1782662.475384,0.013,0.03,-0.017,2025-06-25 21:48:31-07:00,2025-06-25 10:59:21.286321-07:00,0.88,deterministic_contract_key
zelensky_suit,2025-06-30,2025-07-08,2025_06_26_open_0500_PT,2025-06-26 12:00:00+00:00,2025-06-26 05:00:00-07:00,2025-06-26,-4,0,office_exit|leave_office|xi_jinping|year:2025|527808|58879554417654245921504722538657003216070105934999990003805612960977670880586|KXLEADEROUT-25-XJIN,office_exit|leave_office|xi_jinping|year:2025,office_exit,uma_risk_exposed,527808,Will Xi Jinping be the first leader out in 2025?,0,Yes,58879554417654245921504722538657003216070105934999990003805612960977670880586,False,binary_yes_token_price,KXLEADEROUT-25-XJIN,Xi Jinping out this year?,Xi Jinping,1833966.373545,1833966.373545,0.043000002325824425,0.02,0.023000002325824425,2025-06-26 04:57:46-07:00,2025-06-25 06:42:20.280429-07:00,0.88,deterministic_contract_key
zelensky_suit,2025-06-30,2025-07-08,2025_06_26_open_0500_PT,2025-06-26 12:00:00+00:00,2025-06-26 05:00:00-07:00,2025-06-26,-4,0,office_exit|leave_office|xi_jinping|year:2025|551963|114304586861386186441621124384163963092522056897081085884483958561365015034812|KXLEADEROUT-25-XJIN,office_exit|leave_office|xi_jinping|year:2025,office_exit,uma_risk_exposed,551963,Xi Jinping out in 2025?,0,Yes,114304586861386186441621124384163963092522056897081085884483958561365015034812,False,binary_yes_token_price,KXLEADEROUT-25-XJIN,Xi Jinping out this year?,Xi Jinping,78655911.742866,78655911.742866,0.12,0.02,0.09999999999999999,2025-06-26 03:05:58-07:00,2025-06-25 06:42:20.280429-07:00,0.88,deterministic_contract_key
zelensky_suit,2025-06-30,2025-07-08,2025_06_26_open_0500_PT,2025-06-26 12:00:00+00:00,2025-06-26 05:00:00-07:00,2025-06-26,-4,0,office_exit|resign|volodymyr_zelenskyy|year:2025|525157|74129046843921940913413587682588886122583847748489066762857187137233978267670|KXUKRAINERESIGN-26,office_exit|resign|volodymyr_zelenskyy|year:2025,office_exit,uma_risk_exposed,525157,Zelensky resigns in 2025?,0,Yes,74129046843921940913413587682588886122583847748489066762857187137233978267670,False,binary_yes_token_price,KXUKRAINERESIGN-26,"Will Volodymyr Zelenskyy resign before Jan 1, 2026?",Before 2026,639799.279247,639799.279247,0.08,0.1,-0.020000000000000004,2025-06-25 04:56:03-07:00,2025-06-25 15:09:46.699284-07:00,0.88,deterministic_contract_key
zelensky_suit,2025-06-30,2025-07-08,2025_06_26_open_0500_PT,2025-06-26 12:00:00+00:00,2025-06-26 05:00:00-07:00,2025-06-26,-4,0,policy_action|create|national_bitcoin_reserve|united_states|year:2025|516937|83894672511259544049673946661753374355328822374216474995072428966535091173758|KXBTCRESERVE-26-JAN01,policy_action|create|national_bitcoin_reserve|united_states|year:2025,policy_action,uma_risk_exposed,516937,US national Bitcoin reserve in 2025?,0,Yes,83894672511259544049673946661753374355328822374216474995072428966535091173758,False,binary_yes_token_price,KXBTCRESERVE-26-JAN01,"Will Trump create a National Bitcoin Reserve before Jan 1, 2026?","Before Jan 1, 2026",5526758.797978,5526758.797978,0.3,0.3,0.0,2025-06-26 04:59:02-07:00,2025-06-26 04:36:13.773386-07:00,0.78,deterministic_contract_key
zelensky_suit,2025-06-30,2025-07-08,2025_06_26_open_0500_PT,2025-06-26 12:00:00+00:00,2025-06-26 05:00:00-07:00,2025-06-26,-4,0,policy_action|eliminate|department_of_education|united_states|year:2025|523188|60661165588332286306443081468695135979348107944620337686282849990456442563142|KXDOED-26-JAN01,policy_action|eliminate|department_of_education|united_states|year:2025,policy_action,uma_risk_exposed,523188,Will Trump end Department of Education in 2025?,0,Yes,60661165588332286306443081468695135979348107944620337686282849990456442563142,False,binary_yes_token_price,KXDOED-26-JAN01,"Will the Department of Education be eliminated before Jan 1, 2026?","Before Jan 1, 2026",900396.416301,900396.416301,0.071,0.07,0.000999999999999987,2025-06-25 07:12:59-07:00,2025-06-26 04:54:49.628368-07:00,0.78,deterministic_contract_key
zelensky_suit,2025-06-30,2025-07-08,2025_06_26_open_0500_PT,2025-06-26 12:00:00+00:00,2025-06-26 05:00:00-07:00,2025-06-26,-4,0,policy_action|start|recession|united_states|year:2025|516710|104173557214744537570424345347209544585775842950109756851652855913015295701992|RECSSNBER-25,policy_action|start|recession|united_states|year:2025,policy_action,uma_risk_exposed,516710,US recession in 2025?,0,Yes,104173557214744537570424345347209544585775842950109756851652855913015295701992,False,binary_yes_token_price,RECSSNBER-25,Will there be a recession in 2025?,Starts,11734512.428529,11734512.428529,0.27,0.3,-0.02999999999999997,2025-06-26 04:53:44-07:00,2025-06-26 04:50:56.169221-07:00,0.78,deterministic_contract_key
zelensky_suit,2025-06-30,2025-07-08,2025_06_26_close_1700_PT,2025-06-27 00:00:00+00:00,2025-06-26 17:00:00-07:00,2025-06-26,-4,0,election|win|andr_nico_rodr_guez|bolivia_president|year:2025|2025|543259|21349083717605037525723335754807560771874175181325455859992777238860289139531|KXBOLIVIAPRES-25-AR,election|win|andr_nico_rodr_guez|bolivia_president|year:2025|2025,election,uma_risk_exposed,543259,Will Andrónico Rodríguez win the 2025 Bolivia presidential election?,0,Yes,21349083717605037525723335754807560771874175181325455859992777238860289139531,False,binary_yes_token_price,KXBOLIVIAPRES-25-AR,Who will win the Bolivian presidential election?,Andrónico Rodríguez,7326758.679552,7326758.679552,0.22,0.2,0.01999999999999999,2025-06-26 13:36:02-07:00,2025-06-23 11:12:44.815379-07:00,0.78,deterministic_contract_key
zelensky_suit,2025-06-30,2025-07-08,2025_06_26_close_1700_PT,2025-06-27 00:00:00+00:00,2025-06-26 17:00:00-07:00,2025-06-26,-4,0,election|win|branko_marinkovi|bolivia_president|year:2025|2025|543274|17849683858069937637491725401516486250615904612932801425636311554981022266375|KXBOLIVIAPRES-25-BM,election|win|branko_marinkovi|bolivia_president|year:2025|2025,election,uma_risk_exposed,543274,Will Branko Marinković win the 2025 Bolivia presidential election?,0,Yes,17849683858069937637491725401516486250615904612932801425636311554981022266375,False,binary_yes_token_price,KXBOLIVIAPRES-25-BM,Who will win the Bolivian presidential election?,Branko Marinković,337382.708581,337382.708581,0.002,0.09,-0.088,2025-06-26 16:12:44-07:00,2025-06-21 10:37:22.687062-07:00,0.78,deterministic_contract_key
zelensky_suit,2025-06-30,2025-07-08,2025_06_26_close_1700_PT,2025-06-27 00:00:00+00:00,2025-06-26 17:00:00-07:00,2025-06-26,-4,0,election|win|chi_hyun_chung|bolivia_president|year:2025|2025|543263|65182144144608433456123000312637003192540674831461667961211058718188030456494|KXBOLIVIAPRES-25-CHC,election|win|chi_hyun_chung|bolivia_president|year:2025|2025,election,uma_risk_exposed,543263,Will Chi Hyun Chung win the 2025 Bolivia presidential election?,0,Yes,65182144144608433456123000312637003192540674831461667961211058718188030456494,False,binary_yes_token_price,KXBOLIVIAPRES-25-CHC,Who will win the Bolivian presidential election?,Chi Hyun Chung,119579.506818,119579.506818,0.002,0.06,-0.057999999999999996,2025-06-26 13:36:00-07:00,2025-06-03 12:59:43.587279-07:00,0.78,deterministic_contract_key
zelensky_suit,2025-06-30,2025-07-08,2025_06_26_close_1700_PT,2025-06-27 00:00:00+00:00,2025-06-26 17:00:00-07:00,2025-06-26,-4,0,election|win|jack_ciattarelli|new_jersey_governor|year:2025|2025|551143|53937473648188783569836457104933054364348579768036516690207399280597410899636|GOVPARTYNJ-25-R,election|win|jack_ciattarelli|new_jersey_governor|year:2025|2025,election,uma_risk_exposed,551143,Will Jack Ciattarelli win the New Jersey Governor Election in 2025,0,Yes,53937473648188783569836457104933054364348579768036516690207399280597410899636,False,binary_yes_token_price,GOVPARTYNJ-25-R,Will Jack Ciattarelli win the 2025 New Jersey gubernatorial election?,Jack Ciattarelli,6037389.579269,6037389.579269,0.25,0.21,0.04000000000000001,2025-06-25 19:58:51-07:00,2025-06-26 13:36:27.275862-07:00,0.78,deterministic_contract_key
zelensky_suit,2025-06-30,2025-07-08,2025_06_26_close_1700_PT,2025-06-27 00:00:00+00:00,2025-06-26 17:00:00-07:00,2025-06-26,-4,0,election|win|luis_arce|bolivia_president|year:2025|2025|543258|111174020960637389416810264600941186414004753111164399059354703606902594067832|KXBOLIVIAPRES-25-LA,election|win|luis_arce|bolivia_president|year:2025|2025,election,uma_risk_exposed,543258,Will Luis Arce win the 2025 Bolivia presidential election?,0,Yes,111174020960637389416810264600941186414004753111164399059354703606902594067832,False,binary_yes_token_price,KXBOLIVIAPRES-25-LA,Who will win the Bolivian presidential election?,Luis Arce,203278.343149,203278.343149,0.002,0.04,-0.038,2025-06-26 13:36:00-07:00,2025-06-19 13:55:54.437219-07:00,0.78,deterministic_contract_key
zelensky_suit,2025-06-30,2025-07-08,2025_06_26_close_1700_PT,2025-06-27 00:00:00+00:00,2025-06-26 17:00:00-07:00,2025-06-26,-4,0,election|win|manfred_reyes_villa|bolivia_president|year:2025|2025|543261|6152631328921183884174711861052249809252829304303011603856221267194446351460|KXBOLIVIAPRES-25-MRV,election|win|manfred_reyes_villa|bolivia_president|year:2025|2025,election,uma_risk_exposed,543261,Will Manfred Reyes Villa win the 2025 Bolivia presidential election?,0,Yes,6152631328921183884174711861052249809252829304303011603856221267194446351460,False,binary_yes_token_price,KXBOLIVIAPRES-25-MRV,Who will win the Bolivian presidential election?,Manfred Reyes Villa,842586.658604,842586.658604,0.1,0.13,-0.03,2025-06-26 13:35:56-07:00,2025-06-24 04:28:12.009728-07:00,0.78,deterministic_contract_key
zelensky_suit,2025-06-30,2025-07-08,2025_06_26_close_1700_PT,2025-06-27 00:00:00+00:00,2025-06-26 17:00:00-07:00,2025-06-26,-4,0,election|win|mikie_sherrill|new_jersey_governor|year:2025|2025|551137|23056089932958374419797522644901592808991002026498053086166940911059008923379|GOVPARTYNJ-25-D,election|win|mikie_sherrill|new_jersey_governor|year:2025|2025,election,uma_risk_exposed,551137,Will Mikie Sherrill win the New Jersey Governor Election in 2025,0,Yes,23056089932958374419797522644901592808991002026498053086166940911059008923379,False,binary_yes_token_price,GOVPARTYNJ-25-D,Will Mikie Sherrill win the 2025 New Jersey gubernatorial election?,Mikie Sherrill,7479198.557189,7479198.557189,0.7799999984399996,0.79,-0.010000001560000471,2025-06-26 16:58:04-07:00,2025-06-26 15:20:48.072748-07:00,0.78,deterministic_contract_key
zelensky_suit,2025-06-30,2025-07-08,2025_06_26_close_1700_PT,2025-06-27 00:00:00+00:00,2025-06-26 17:00:00-07:00,2025-06-26,-4,0,election|win|samuel_doria_medina|bolivia_president|year:2025|2025|543260|86337476411225396782940416611040694123774553224828196996839974817619931765236|KXBOLIVIAPRES-25-SDM,election|win|samuel_doria_medina|bolivia_president|year:2025|2025,election,uma_risk_exposed,543260,Will Samuel Doria Medina win the 2025 Bolivia presidential election?,0,Yes,86337476411225396782940416611040694123774553224828196996839974817619931765236,False,binary_yes_token_price,KXBOLIVIAPRES-25-SDM,Who will win the Bolivian presidential election?,Samuel Doria Medina,1166200.271818,1166200.271818,0.36999996743999636,0.39,-0.020000032560003655,2025-06-26 15:47:00-07:00,2025-06-26 12:11:33.842922-07:00,0.78,deterministic_contract_key
zelensky_suit,2025-06-30,2025-07-08,2025_06_26_close_1700_PT,2025-06-27 00:00:00+00:00,2025-06-26 17:00:00-07:00,2025-06-26,-4,0,leader_contact|meet|donald_trump|vladimir_putin|year:2025|536502|38401695605203516602153122926538006647911743428951157094417724792317068872612|KXWLEADER-25-VP,leader_contact|meet|donald_trump|vladimir_putin|year:2025,leader_contact,uma_risk_exposed,536502,Will Trump meet with Vladimir Putin in 2025?,0,Yes,38401695605203516602153122926538006647911743428951157094417724792317068872612,False,binary_yes_token_price,KXWLEADER-25-VP,Will Trump meet with Vladimir Putin before 2026?,Vladimir Putin,471641.4171,471641.4171,0.43,0.43,0.0,2025-06-26 03:03:48-07:00,2025-06-24 11:34:39.452247-07:00,0.92,deterministic_contract_key
zelensky_suit,2025-06-30,2025-07-08,2025_06_26_close_1700_PT,2025-06-27 00:00:00+00:00,2025-06-26 17:00:00-07:00,2025-06-26,-4,0,office_exit|leave_office|jerome_powell|year:2025|520930|44446628319261786751896876365833910598445252343588252409740203088317210950410|LEAVEPOWELL-25-DEC31,office_exit|leave_office|jerome_powell|year:2025,office_exit,uma_risk_exposed,520930,Jerome Powell out as Fed Chair in 2025?,0,Yes,44446628319261786751896876365833910598445252343588252409740203088317210950410,False,binary_yes_token_price,LEAVEPOWELL-25-DEC31,Powell leaves before 2026?,Before 2026,11760101.336012,11760101.336012,0.12,0.15,-0.03,2025-06-26 14:03:04-07:00,2025-06-26 14:46:54.763916-07:00,0.88,deterministic_contract_key
zelensky_suit,2025-06-30,2025-07-08,2025_06_26_close_1700_PT,2025-06-27 00:00:00+00:00,2025-06-26 17:00:00-07:00,2025-06-26,-4,0,office_exit|leave_office|vladimir_putin|year:2025|527807|96309695544495520203095223116782609207881514291963878378807412991184449319557|KXLEADEROUT-25-VPUT,office_exit|leave_office|vladimir_putin|year:2025,office_exit,uma_risk_exposed,527807,Will Vladimir Putin be the first leader out in 2025?,0,Yes,96309695544495520203095223116782609207881514291963878378807412991184449319557,False,binary_yes_token_price,KXLEADEROUT-25-VPUT,Vladimir Putin out this year?,Vladimir Putin,1782662.475384,1782662.475384,0.016,0.03,-0.013999999999999999,2025-06-26 12:48:54-07:00,2025-06-25 10:59:21.286321-07:00,0.88,deterministic_contract_key
zelensky_suit,2025-06-30,2025-07-08,2025_06_26_close_1700_PT,2025-06-27 00:00:00+00:00,2025-06-26 17:00:00-07:00,2025-06-26,-4,0,office_exit|leave_office|xi_jinping|year:2025|527808|58879554417654245921504722538657003216070105934999990003805612960977670880586|KXLEADEROUT-25-XJIN,office_exit|leave_office|xi_jinping|year:2025,office_exit,uma_risk_exposed,527808,Will Xi Jinping be the first leader out in 2025?,0,Yes,58879554417654245921504722538657003216070105934999990003805612960977670880586,False,binary_yes_token_price,KXLEADEROUT-25-XJIN,Xi Jinping out this year?,Xi Jinping,1833966.373545,1833966.373545,0.043000002325824425,0.02,0.023000002325824425,2025-06-26 04:57:46-07:00,2025-06-26 16:54:01.023256-07:00,0.88,deterministic_contract_key
zelensky_suit,2025-06-30,2025-07-08,2025_06_26_close_1700_PT,2025-06-27 00:00:00+00:00,2025-06-26 17:00:00-07:00,2025-06-26,-4,0,office_exit|leave_office|xi_jinping|year:2025|551963|114304586861386186441621124384163963092522056897081085884483958561365015034812|KXLEADEROUT-25-XJIN,office_exit|leave_office|xi_jinping|year:2025,office_exit,uma_risk_exposed,551963,Xi Jinping out in 2025?,0,Yes,114304586861386186441621124384163963092522056897081085884483958561365015034812,False,binary_yes_token_price,KXLEADEROUT-25-XJIN,Xi Jinping out this year?,Xi Jinping,78655911.742866,78655911.742866,0.11000000523530333,0.02,0.09000000523530333,2025-06-26 14:36:46-07:00,2025-06-26 16:54:01.023256-07:00,0.88,deterministic_contract_key
zelensky_suit,2025-06-30,2025-07-08,2025_06_26_close_1700_PT,2025-06-27 00:00:00+00:00,2025-06-26 17:00:00-07:00,2025-06-26,-4,0,office_exit|resign|volodymyr_zelenskyy|year:2025|525157|74129046843921940913413587682588886122583847748489066762857187137233978267670|KXUKRAINERESIGN-26,office_exit|resign|volodymyr_zelenskyy|year:2025,office_exit,uma_risk_exposed,525157,Zelensky resigns in 2025?,0,Yes,74129046843921940913413587682588886122583847748489066762857187137233978267670,False,binary_yes_token_price,KXUKRAINERESIGN-26,"Will Volodymyr Zelenskyy resign before Jan 1, 2026?",Before 2026,639799.279247,639799.279247,0.1,0.1,0.0,2025-06-26 13:41:14-07:00,2025-06-25 15:09:46.699284-07:00,0.88,deterministic_contract_key
zelensky_suit,2025-06-30,2025-07-08,2025_06_26_close_1700_PT,2025-06-27 00:00:00+00:00,2025-06-26 17:00:00-07:00,2025-06-26,-4,0,policy_action|create|national_bitcoin_reserve|united_states|year:2025|516937|83894672511259544049673946661753374355328822374216474995072428966535091173758|KXBTCRESERVE-26-JAN01,policy_action|create|national_bitcoin_reserve|united_states|year:2025,policy_action,uma_risk_exposed,516937,US national Bitcoin reserve in 2025?,0,Yes,83894672511259544049673946661753374355328822374216474995072428966535091173758,False,binary_yes_token_price,KXBTCRESERVE-26-JAN01,"Will Trump create a National Bitcoin Reserve before Jan 1, 2026?","Before Jan 1, 2026",5526758.797978,5526758.797978,0.3399999857199992,0.31,0.029999985719999178,2025-06-26 15:52:42-07:00,2025-06-26 12:41:14.167147-07:00,0.78,deterministic_contract_key
zelensky_suit,2025-06-30,2025-07-08,2025_06_26_close_1700_PT,2025-06-27 00:00:00+00:00,2025-06-26 17:00:00-07:00,2025-06-26,-4,0,policy_action|eliminate|department_of_education|united_states|year:2025|523188|60661165588332286306443081468695135979348107944620337686282849990456442563142|KXDOED-26-JAN01,policy_action|eliminate|department_of_education|united_states|year:2025,policy_action,uma_risk_exposed,523188,Will Trump end Department of Education in 2025?,0,Yes,60661165588332286306443081468695135979348107944620337686282849990456442563142,False,binary_yes_token_price,KXDOED-26-JAN01,"Will the Department of Education be eliminated before Jan 1, 2026?","Before Jan 1, 2026",900396.416301,900396.416301,0.071,0.08,-0.009000000000000008,2025-06-25 07:12:59-07:00,2025-06-26 13:23:54.193401-07:00,0.78,deterministic_contract_key
zelensky_suit,2025-06-30,2025-07-08,2025_06_26_close_1700_PT,2025-06-27 00:00:00+00:00,2025-06-26 17:00:00-07:00,2025-06-26,-4,0,policy_action|start|recession|united_states|year:2025|516710|104173557214744537570424345347209544585775842950109756851652855913015295701992|RECSSNBER-25,policy_action|start|recession|united_states|year:2025,policy_action,uma_risk_exposed,516710,US recession in 2025?,0,Yes,104173557214744537570424345347209544585775842950109756851652855913015295701992,False,binary_yes_token_price,RECSSNBER-25,Will there be a recession in 2025?,Starts,11734512.428529,11734512.428529,0.29,0.29,0.0,2025-06-26 15:16:54-07:00,2025-06-26 12:50:24.145897-07:00,0.78,deterministic_contract_key
zelensky_suit,2025-06-30,2025-07-08,2025_06_27_open_0500_PT,2025-06-27 12:00:00+00:00,2025-06-27 05:00:00-07:00,2025-06-27,-3,0,election|win|andr_nico_rodr_guez|bolivia_president|year:2025|2025|543259|21349083717605037525723335754807560771874175181325455859992777238860289139531|KXBOLIVIAPRES-25-AR,election|win|andr_nico_rodr_guez|bolivia_president|year:2025|2025,election,uma_risk_exposed,543259,Will Andrónico Rodríguez win the 2025 Bolivia presidential election?,0,Yes,21349083717605037525723335754807560771874175181325455859992777238860289139531,False,binary_yes_token_price,KXBOLIVIAPRES-25-AR,Who will win the Bolivian presidential election?,Andrónico Rodríguez,7326758.679552,7326758.679552,0.22,0.2,0.01999999999999999,2025-06-27 04:14:41-07:00,2025-06-23 11:12:44.815379-07:00,0.78,deterministic_contract_key
zelensky_suit,2025-06-30,2025-07-08,2025_06_27_open_0500_PT,2025-06-27 12:00:00+00:00,2025-06-27 05:00:00-07:00,2025-06-27,-3,0,election|win|branko_marinkovi|bolivia_president|year:2025|2025|543274|17849683858069937637491725401516486250615904612932801425636311554981022266375|KXBOLIVIAPRES-25-BM,election|win|branko_marinkovi|bolivia_president|year:2025|2025,election,uma_risk_exposed,543274,Will Branko Marinković win the 2025 Bolivia presidential election?,0,Yes,17849683858069937637491725401516486250615904612932801425636311554981022266375,False,binary_yes_token_price,KXBOLIVIAPRES-25-BM,Who will win the Bolivian presidential election?,Branko Marinković,337382.708581,337382.708581,0.002,0.09,-0.088,2025-06-26 16:12:44-07:00,2025-06-21 10:37:22.687062-07:00,0.78,deterministic_contract_key
zelensky_suit,2025-06-30,2025-07-08,2025_06_27_open_0500_PT,2025-06-27 12:00:00+00:00,2025-06-27 05:00:00-07:00,2025-06-27,-3,0,election|win|chi_hyun_chung|bolivia_president|year:2025|2025|543263|65182144144608433456123000312637003192540674831461667961211058718188030456494|KXBOLIVIAPRES-25-CHC,election|win|chi_hyun_chung|bolivia_president|year:2025|2025,election,uma_risk_exposed,543263,Will Chi Hyun Chung win the 2025 Bolivia presidential election?,0,Yes,65182144144608433456123000312637003192540674831461667961211058718188030456494,False,binary_yes_token_price,KXBOLIVIAPRES-25-CHC,Who will win the Bolivian presidential election?,Chi Hyun Chung,119579.506818,119579.506818,0.002,0.06,-0.057999999999999996,2025-06-26 13:36:00-07:00,2025-06-03 12:59:43.587279-07:00,0.78,deterministic_contract_key
zelensky_suit,2025-06-30,2025-07-08,2025_06_27_open_0500_PT,2025-06-27 12:00:00+00:00,2025-06-27 05:00:00-07:00,2025-06-27,-3,0,election|win|jack_ciattarelli|new_jersey_governor|year:2025|2025|551143|53937473648188783569836457104933054364348579768036516690207399280597410899636|GOVPARTYNJ-25-R,election|win|jack_ciattarelli|new_jersey_governor|year:2025|2025,election,uma_risk_exposed,551143,Will Jack Ciattarelli win the New Jersey Governor Election in 2025,0,Yes,53937473648188783569836457104933054364348579768036516690207399280597410899636,False,binary_yes_token_price,GOVPARTYNJ-25-R,Will Jack Ciattarelli win the 2025 New Jersey gubernatorial election?,Jack Ciattarelli,6037389.579269,6037389.579269,0.22,0.21,0.010000000000000009,2025-06-27 02:46:25-07:00,2025-06-26 13:36:27.275862-07:00,0.78,deterministic_contract_key
zelensky_suit,2025-06-30,2025-07-08,2025_06_27_open_0500_PT,2025-06-27 12:00:00+00:00,2025-06-27 05:00:00-07:00,2025-06-27,-3,0,election|win|luis_arce|bolivia_president|year:2025|2025|543258|111174020960637389416810264600941186414004753111164399059354703606902594067832|KXBOLIVIAPRES-25-LA,election|win|luis_arce|bolivia_president|year:2025|2025,election,uma_risk_exposed,543258,Will Luis Arce win the 2025 Bolivia presidential election?,0,Yes,111174020960637389416810264600941186414004753111164399059354703606902594067832,False,binary_yes_token_price,KXBOLIVIAPRES-25-LA,Who will win the Bolivian presidential election?,Luis Arce,203278.343149,203278.343149,0.002,0.04,-0.038,2025-06-26 22:44:38-07:00,2025-06-19 13:55:54.437219-07:00,0.78,deterministic_contract_key
zelensky_suit,2025-06-30,2025-07-08,2025_06_27_open_0500_PT,2025-06-27 12:00:00+00:00,2025-06-27 05:00:00-07:00,2025-06-27,-3,0,election|win|manfred_reyes_villa|bolivia_president|year:2025|2025|543261|6152631328921183884174711861052249809252829304303011603856221267194446351460|KXBOLIVIAPRES-25-MRV,election|win|manfred_reyes_villa|bolivia_president|year:2025|2025,election,uma_risk_exposed,543261,Will Manfred Reyes Villa win the 2025 Bolivia presidential election?,0,Yes,6152631328921183884174711861052249809252829304303011603856221267194446351460,False,binary_yes_token_price,KXBOLIVIAPRES-25-MRV,Who will win the Bolivian presidential election?,Manfred Reyes Villa,842586.658604,842586.658604,0.11,0.13,-0.020000000000000004,2025-06-27 04:14:53-07:00,2025-06-24 04:28:12.009728-07:00,0.78,deterministic_contract_key
zelensky_suit,2025-06-30,2025-07-08,2025_06_27_open_0500_PT,2025-06-27 12:00:00+00:00,2025-06-27 05:00:00-07:00,2025-06-27,-3,0,election|win|mikie_sherrill|new_jersey_governor|year:2025|2025|551137|23056089932958374419797522644901592808991002026498053086166940911059008923379|GOVPARTYNJ-25-D,election|win|mikie_sherrill|new_jersey_governor|year:2025|2025,election,uma_risk_exposed,551137,Will Mikie Sherrill win the New Jersey Governor Election in 2025,0,Yes,23056089932958374419797522644901592808991002026498053086166940911059008923379,False,binary_yes_token_price,GOVPARTYNJ-25-D,Will Mikie Sherrill win the 2025 New Jersey gubernatorial election?,Mikie Sherrill,7479198.557189,7479198.557189,0.78,0.79,-0.010000000000000009,2025-06-26 23:04:46-07:00,2025-06-27 01:28:54.445547-07:00,0.78,deterministic_contract_key
zelensky_suit,2025-06-30,2025-07-08,2025_06_27_open_0500_PT,2025-06-27 12:00:00+00:00,2025-06-27 05:00:00-07:00,2025-06-27,-3,0,election|win|samuel_doria_medina|bolivia_president|year:2025|2025|543260|86337476411225396782940416611040694123774553224828196996839974817619931765236|KXBOLIVIAPRES-25-SDM,election|win|samuel_doria_medina|bolivia_president|year:2025|2025,election,uma_risk_exposed,543260,Will Samuel Doria Medina win the 2025 Bolivia presidential election?,0,Yes,86337476411225396782940416611040694123774553224828196996839974817619931765236,False,binary_yes_token_price,KXBOLIVIAPRES-25-SDM,Who will win the Bolivian presidential election?,Samuel Doria Medina,1166200.271818,1166200.271818,0.36,0.39,-0.030000000000000027,2025-06-27 04:14:09-07:00,2025-06-26 12:11:33.842922-07:00,0.78,deterministic_contract_key
zelensky_suit,2025-06-30,2025-07-08,2025_06_27_open_0500_PT,2025-06-27 12:00:00+00:00,2025-06-27 05:00:00-07:00,2025-06-27,-3,0,leader_contact|meet|donald_trump|vladimir_putin|year:2025|536502|38401695605203516602153122926538006647911743428951157094417724792317068872612|KXWLEADER-25-VP,leader_contact|meet|donald_trump|vladimir_putin|year:2025,leader_contact,uma_risk_exposed,536502,Will Trump meet with Vladimir Putin in 2025?,0,Yes,38401695605203516602153122926538006647911743428951157094417724792317068872612,False,binary_yes_token_price,KXWLEADER-25-VP,Will Trump meet with Vladimir Putin before 2026?,Vladimir Putin,471641.4171,471641.4171,0.41,0.43,-0.020000000000000018,2025-06-26 22:00:54-07:00,2025-06-24 11:34:39.452247-07:00,0.92,deterministic_contract_key
zelensky_suit,2025-06-30,2025-07-08,2025_06_27_open_0500_PT,2025-06-27 12:00:00+00:00,2025-06-27 05:00:00-07:00,2025-06-27,-3,0,office_exit|leave_office|jerome_powell|year:2025|520930|44446628319261786751896876365833910598445252343588252409740203088317210950410|LEAVEPOWELL-25-DEC31,office_exit|leave_office|jerome_powell|year:2025,office_exit,uma_risk_exposed,520930,Jerome Powell out as Fed Chair in 2025?,0,Yes,44446628319261786751896876365833910598445252343588252409740203088317210950410,False,binary_yes_token_price,LEAVEPOWELL-25-DEC31,Powell leaves before 2026?,Before 2026,11760101.336012,11760101.336012,0.13000000023881417,0.15,-0.019999999761185827,2025-06-27 04:54:17-07:00,2025-06-27 04:14:40.225846-07:00,0.88,deterministic_contract_key
zelensky_suit,2025-06-30,2025-07-08,2025_06_27_open_0500_PT,2025-06-27 12:00:00+00:00,2025-06-27 05:00:00-07:00,2025-06-27,-3,0,office_exit|leave_office|vladimir_putin|year:2025|527807|96309695544495520203095223116782609207881514291963878378807412991184449319557|KXLEADEROUT-25-VPUT,office_exit|leave_office|vladimir_putin|year:2025,office_exit,uma_risk_exposed,527807,Will Vladimir Putin be the first leader out in 2025?,0,Yes,96309695544495520203095223116782609207881514291963878378807412991184449319557,False,binary_yes_token_price,KXLEADEROUT-25-VPUT,Vladimir Putin out this year?,Vladimir Putin,1782662.475384,1782662.475384,0.013000000138883944,0.03,-0.016999999861116055,2025-06-26 21:00:44-07:00,2025-06-25 10:59:21.286321-07:00,0.88,deterministic_contract_key
zelensky_suit,2025-06-30,2025-07-08,2025_06_27_open_0500_PT,2025-06-27 12:00:00+00:00,2025-06-27 05:00:00-07:00,2025-06-27,-3,0,office_exit|leave_office|xi_jinping|year:2025|527808|58879554417654245921504722538657003216070105934999990003805612960977670880586|KXLEADEROUT-25-XJIN,office_exit|leave_office|xi_jinping|year:2025,office_exit,uma_risk_exposed,527808,Will Xi Jinping be the first leader out in 2025?,0,Yes,58879554417654245921504722538657003216070105934999990003805612960977670880586,False,binary_yes_token_price,KXLEADEROUT-25-XJIN,Xi Jinping out this year?,Xi Jinping,1833966.373545,1833966.373545,0.041,0.02,0.021,2025-06-26 21:00:00-07:00,2025-06-26 16:54:01.023256-07:00,0.88,deterministic_contract_key
zelensky_suit,2025-06-30,2025-07-08,2025_06_27_open_0500_PT,2025-06-27 12:00:00+00:00,2025-06-27 05:00:00-07:00,2025-06-27,-3,0,office_exit|leave_office|xi_jinping|year:2025|551963|114304586861386186441621124384163963092522056897081085884483958561365015034812|KXLEADEROUT-25-XJIN,office_exit|leave_office|xi_jinping|year:2025,office_exit,uma_risk_exposed,551963,Xi Jinping out in 2025?,0,Yes,114304586861386186441621124384163963092522056897081085884483958561365015034812,False,binary_yes_token_price,KXLEADEROUT-25-XJIN,Xi Jinping out this year?,Xi Jinping,78655911.742866,78655911.742866,0.12,0.02,0.09999999999999999,2025-06-27 04:41:39-07:00,2025-06-26 16:54:01.023256-07:00,0.88,deterministic_contract_key
zelensky_suit,2025-06-30,2025-07-08,2025_06_27_open_0500_PT,2025-06-27 12:00:00+00:00,2025-06-27 05:00:00-07:00,2025-06-27,-3,0,office_exit|resign|volodymyr_zelenskyy|year:2025|525157|74129046843921940913413587682588886122583847748489066762857187137233978267670|KXUKRAINERESIGN-26,office_exit|resign|volodymyr_zelenskyy|year:2025,office_exit,uma_risk_exposed,525157,Zelensky resigns in 2025?,0,Yes,74129046843921940913413587682588886122583847748489066762857187137233978267670,False,binary_yes_token_price,KXUKRAINERESIGN-26,"Will Volodymyr Zelenskyy resign before Jan 1, 2026?",Before 2026,639799.279247,639799.279247,0.1,0.1,0.0,2025-06-26 13:41:14-07:00,2025-06-25 15:09:46.699284-07:00,0.88,deterministic_contract_key
zelensky_suit,2025-06-30,2025-07-08,2025_06_27_open_0500_PT,2025-06-27 12:00:00+00:00,2025-06-27 05:00:00-07:00,2025-06-27,-3,0,policy_action|create|national_bitcoin_reserve|united_states|year:2025|516937|83894672511259544049673946661753374355328822374216474995072428966535091173758|KXBTCRESERVE-26-JAN01,policy_action|create|national_bitcoin_reserve|united_states|year:2025,policy_action,uma_risk_exposed,516937,US national Bitcoin reserve in 2025?,0,Yes,83894672511259544049673946661753374355328822374216474995072428966535091173758,False,binary_yes_token_price,KXBTCRESERVE-26-JAN01,"Will Trump create a National Bitcoin Reserve before Jan 1, 2026?","Before Jan 1, 2026",5526758.797978,5526758.797978,0.33,0.32,0.010000000000000009,2025-06-27 04:04:15-07:00,2025-06-27 04:14:09.408854-07:00,0.78,deterministic_contract_key
zelensky_suit,2025-06-30,2025-07-08,2025_06_27_open_0500_PT,2025-06-27 12:00:00+00:00,2025-06-27 05:00:00-07:00,2025-06-27,-3,0,policy_action|eliminate|department_of_education|united_states|year:2025|523188|60661165588332286306443081468695135979348107944620337686282849990456442563142|KXDOED-26-JAN01,policy_action|eliminate|department_of_education|united_states|year:2025,policy_action,uma_risk_exposed,523188,Will Trump end Department of Education in 2025?,0,Yes,60661165588332286306443081468695135979348107944620337686282849990456442563142,False,binary_yes_token_price,KXDOED-26-JAN01,"Will the Department of Education be eliminated before Jan 1, 2026?","Before Jan 1, 2026",900396.416301,900396.416301,0.071,0.08,-0.009000000000000008,2025-06-25 07:12:59-07:00,2025-06-27 01:06:45.299590-07:00,0.78,deterministic_contract_key
zelensky_suit,2025-06-30,2025-07-08,2025_06_27_open_0500_PT,2025-06-27 12:00:00+00:00,2025-06-27 05:00:00-07:00,2025-06-27,-3,0,policy_action|start|recession|united_states|year:2025|516710|104173557214744537570424345347209544585775842950109756851652855913015295701992|RECSSNBER-25,policy_action|start|recession|united_states|year:2025,policy_action,uma_risk_exposed,516710,US recession in 2025?,0,Yes,104173557214744537570424345347209544585775842950109756851652855913015295701992,False,binary_yes_token_price,RECSSNBER-25,Will there be a recession in 2025?,Starts,11734512.428529,11734512.428529,0.31,0.29,0.020000000000000018,2025-06-27 04:46:51-07:00,2025-06-27 04:04:00.633703-07:00,0.78,deterministic_contract_key
zelensky_suit,2025-06-30,2025-07-08,2025_06_27_close_1700_PT,2025-06-28 00:00:00+00:00,2025-06-27 17:00:00-07:00,2025-06-27,-3,0,election|win|andr_nico_rodr_guez|bolivia_president|year:2025|2025|543259|21349083717605037525723335754807560771874175181325455859992777238860289139531|KXBOLIVIAPRES-25-AR,election|win|andr_nico_rodr_guez|bolivia_president|year:2025|2025,election,uma_risk_exposed,543259,Will Andrónico Rodríguez win the 2025 Bolivia presidential election?,0,Yes,21349083717605037525723335754807560771874175181325455859992777238860289139531,False,binary_yes_token_price,KXBOLIVIAPRES-25-AR,Who will win the Bolivian presidential election?,Andrónico Rodríguez,7326758.679552,7326758.679552,0.2,0.2,0.0,2025-06-27 16:07:30-07:00,2025-06-27 11:33:44.286338-07:00,0.78,deterministic_contract_key
zelensky_suit,2025-06-30,2025-07-08,2025_06_27_close_1700_PT,2025-06-28 00:00:00+00:00,2025-06-27 17:00:00-07:00,2025-06-27,-3,0,election|win|branko_marinkovi|bolivia_president|year:2025|2025|543274|17849683858069937637491725401516486250615904612932801425636311554981022266375|KXBOLIVIAPRES-25-BM,election|win|branko_marinkovi|bolivia_president|year:2025|2025,election,uma_risk_exposed,543274,Will Branko Marinković win the 2025 Bolivia presidential election?,0,Yes,17849683858069937637491725401516486250615904612932801425636311554981022266375,False,binary_yes_token_price,KXBOLIVIAPRES-25-BM,Who will win the Bolivian presidential election?,Branko Marinković,337382.708581,337382.708581,0.002,0.09,-0.088,2025-06-27 11:28:15-07:00,2025-06-21 10:37:22.687062-07:00,0.78,deterministic_contract_key
zelensky_suit,2025-06-30,2025-07-08,2025_06_27_close_1700_PT,2025-06-28 00:00:00+00:00,2025-06-27 17:00:00-07:00,2025-06-27,-3,0,election|win|chi_hyun_chung|bolivia_president|year:2025|2025|543263|65182144144608433456123000312637003192540674831461667961211058718188030456494|KXBOLIVIAPRES-25-CHC,election|win|chi_hyun_chung|bolivia_president|year:2025|2025,election,uma_risk_exposed,543263,Will Chi Hyun Chung win the 2025 Bolivia presidential election?,0,Yes,65182144144608433456123000312637003192540674831461667961211058718188030456494,False,binary_yes_token_price,KXBOLIVIAPRES-25-CHC,Who will win the Bolivian presidential election?,Chi Hyun Chung,119579.506818,119579.506818,0.002,0.06,-0.057999999999999996,2025-06-27 11:28:15-07:00,2025-06-03 12:59:43.587279-07:00,0.78,deterministic_contract_key
zelensky_suit,2025-06-30,2025-07-08,2025_06_27_close_1700_PT,2025-06-28 00:00:00+00:00,2025-06-27 17:00:00-07:00,2025-06-27,-3,0,election|win|jack_ciattarelli|new_jersey_governor|year:2025|2025|551143|53937473648188783569836457104933054364348579768036516690207399280597410899636|GOVPARTYNJ-25-R,election|win|jack_ciattarelli|new_jersey_governor|year:2025|2025,election,uma_risk_exposed,551143,Will Jack Ciattarelli win the New Jersey Governor Election in 2025,0,Yes,53937473648188783569836457104933054364348579768036516690207399280597410899636,False,binary_yes_token_price,GOVPARTYNJ-25-R,Will Jack Ciattarelli win the 2025 New Jersey gubernatorial election?,Jack Ciattarelli,6037389.579269,6037389.579269,0.22,0.21,0.010000000000000009,2025-06-27 02:46:25-07:00,2025-06-27 14:19:34.174068-07:00,0.78,deterministic_contract_key
zelensky_suit,2025-06-30,2025-07-08,2025_06_27_close_1700_PT,2025-06-28 00:00:00+00:00,2025-06-27 17:00:00-07:00,2025-06-27,-3,0,election|win|luis_arce|bolivia_president|year:2025|2025|543258|111174020960637389416810264600941186414004753111164399059354703606902594067832|KXBOLIVIAPRES-25-LA,election|win|luis_arce|bolivia_president|year:2025|2025,election,uma_risk_exposed,543258,Will Luis Arce win the 2025 Bolivia presidential election?,0,Yes,111174020960637389416810264600941186414004753111164399059354703606902594067832,False,binary_yes_token_price,KXBOLIVIAPRES-25-LA,Who will win the Bolivian presidential election?,Luis Arce,203278.343149,203278.343149,0.002,0.04,-0.038,2025-06-27 14:08:01-07:00,2025-06-19 13:55:54.437219-07:00,0.78,deterministic_contract_key
zelensky_suit,2025-06-30,2025-07-08,2025_06_27_close_1700_PT,2025-06-28 00:00:00+00:00,2025-06-27 17:00:00-07:00,2025-06-27,-3,0,election|win|manfred_reyes_villa|bolivia_president|year:2025|2025|543261|6152631328921183884174711861052249809252829304303011603856221267194446351460|KXBOLIVIAPRES-25-MRV,election|win|manfred_reyes_villa|bolivia_president|year:2025|2025,election,uma_risk_exposed,543261,Will Manfred Reyes Villa win the 2025 Bolivia presidential election?,0,Yes,6152631328921183884174711861052249809252829304303011603856221267194446351460,False,binary_yes_token_price,KXBOLIVIAPRES-25-MRV,Who will win the Bolivian presidential election?,Manfred Reyes Villa,842586.658604,842586.658604,0.1,0.13,-0.03,2025-06-27 11:30:49-07:00,2025-06-24 04:28:12.009728-07:00,0.78,deterministic_contract_key
zelensky_suit,2025-06-30,2025-07-08,2025_06_27_close_1700_PT,2025-06-28 00:00:00+00:00,2025-06-27 17:00:00-07:00,2025-06-27,-3,0,election|win|mikie_sherrill|new_jersey_governor|year:2025|2025|551137|23056089932958374419797522644901592808991002026498053086166940911059008923379|GOVPARTYNJ-25-D,election|win|mikie_sherrill|new_jersey_governor|year:2025|2025,election,uma_risk_exposed,551137,Will Mikie Sherrill win the New Jersey Governor Election in 2025,0,Yes,23056089932958374419797522644901592808991002026498053086166940911059008923379,False,binary_yes_token_price,GOVPARTYNJ-25-D,Will Mikie Sherrill win the 2025 New Jersey gubernatorial election?,Mikie Sherrill,7479198.557189,7479198.557189,0.7799999984399996,0.79,-0.010000001560000471,2025-06-27 07:49:09-07:00,2025-06-27 13:30:44.667046-07:00,0.78,deterministic_contract_key
zelensky_suit,2025-06-30,2025-07-08,2025_06_27_close_1700_PT,2025-06-28 00:00:00+00:00,2025-06-27 17:00:00-07:00,2025-06-27,-3,0,election|win|samuel_doria_medina|bolivia_president|year:2025|2025|543260|86337476411225396782940416611040694123774553224828196996839974817619931765236|KXBOLIVIAPRES-25-SDM,election|win|samuel_doria_medina|bolivia_president|year:2025|2025,election,uma_risk_exposed,543260,Will Samuel Doria Medina win the 2025 Bolivia presidential election?,0,Yes,86337476411225396782940416611040694123774553224828196996839974817619931765236,False,binary_yes_token_price,KXBOLIVIAPRES-25-SDM,Who will win the Bolivian presidential election?,Samuel Doria Medina,1166200.271818,1166200.271818,0.35,0.39,-0.040000000000000036,2025-06-27 14:36:25-07:00,2025-06-26 12:11:33.842922-07:00,0.78,deterministic_contract_key
zelensky_suit,2025-06-30,2025-07-08,2025_06_27_close_1700_PT,2025-06-28 00:00:00+00:00,2025-06-27 17:00:00-07:00,2025-06-27,-3,0,leader_contact|meet|donald_trump|vladimir_putin|year:2025|536502|38401695605203516602153122926538006647911743428951157094417724792317068872612|KXWLEADER-25-VP,leader_contact|meet|donald_trump|vladimir_putin|year:2025,leader_contact,uma_risk_exposed,536502,Will Trump meet with Vladimir Putin in 2025?,0,Yes,38401695605203516602153122926538006647911743428951157094417724792317068872612,False,binary_yes_token_price,KXWLEADER-25-VP,Will Trump meet with Vladimir Putin before 2026?,Vladimir Putin,471641.4171,471641.4171,0.44,0.43,0.010000000000000009,2025-06-27 15:16:39-07:00,2025-06-27 13:23:46.689448-07:00,0.92,deterministic_contract_key
zelensky_suit,2025-06-30,2025-07-08,2025_06_27_close_1700_PT,2025-06-28 00:00:00+00:00,2025-06-27 17:00:00-07:00,2025-06-27,-3,0,office_exit|leave_office|jerome_powell|year:2025|520930|44446628319261786751896876365833910598445252343588252409740203088317210950410|LEAVEPOWELL-25-DEC31,office_exit|leave_office|jerome_powell|year:2025,office_exit,uma_risk_exposed,520930,Jerome Powell out as Fed Chair in 2025?,0,Yes,44446628319261786751896876365833910598445252343588252409740203088317210950410,False,binary_yes_token_price,LEAVEPOWELL-25-DEC31,Powell leaves before 2026?,Before 2026,11760101.336012,11760101.336012,0.14999998874999973,0.16,-0.010000011250000274,2025-06-27 16:34:26-07:00,2025-06-27 16:26:20.200143-07:00,0.88,deterministic_contract_key
zelensky_suit,2025-06-30,2025-07-08,2025_06_27_close_1700_PT,2025-06-28 00:00:00+00:00,2025-06-27 17:00:00-07:00,2025-06-27,-3,0,office_exit|leave_office|vladimir_putin|year:2025|527807|96309695544495520203095223116782609207881514291963878378807412991184449319557|KXLEADEROUT-25-VPUT,office_exit|leave_office|vladimir_putin|year:2025,office_exit,uma_risk_exposed,527807,Will Vladimir Putin be the first leader out in 2025?,0,Yes,96309695544495520203095223116782609207881514291963878378807412991184449319557,False,binary_yes_token_price,KXLEADEROUT-25-VPUT,Vladimir Putin out this year?,Vladimir Putin,1782662.475384,1782662.475384,0.013000000138883944,0.03,-0.016999999861116055,2025-06-26 21:00:44-07:00,2025-06-25 10:59:21.286321-07:00,0.88,deterministic_contract_key
zelensky_suit,2025-06-30,2025-07-08,2025_06_27_close_1700_PT,2025-06-28 00:00:00+00:00,2025-06-27 17:00:00-07:00,2025-06-27,-3,0,office_exit|leave_office|xi_jinping|year:2025|527808|58879554417654245921504722538657003216070105934999990003805612960977670880586|KXLEADEROUT-25-XJIN,office_exit|leave_office|xi_jinping|year:2025,office_exit,uma_risk_exposed,527808,Will Xi Jinping be the first leader out in 2025?,0,Yes,58879554417654245921504722538657003216070105934999990003805612960977670880586,False,binary_yes_token_price,KXLEADEROUT-25-XJIN,Xi Jinping out this year?,Xi Jinping,1833966.373545,1833966.373545,0.05099990908267955,0.01,0.040999909082679545,2025-06-27 13:16:39-07:00,2025-06-27 09:20:14.219790-07:00,0.88,deterministic_contract_key
zelensky_suit,2025-06-30,2025-07-08,2025_06_27_close_1700_PT,2025-06-28 00:00:00+00:00,2025-06-27 17:00:00-07:00,2025-06-27,-3,0,office_exit|leave_office|xi_jinping|year:2025|551963|114304586861386186441621124384163963092522056897081085884483958561365015034812|KXLEADEROUT-25-XJIN,office_exit|leave_office|xi_jinping|year:2025,office_exit,uma_risk_exposed,551963,Xi Jinping out in 2025?,0,Yes,114304586861386186441621124384163963092522056897081085884483958561365015034812,False,binary_yes_token_price,KXLEADEROUT-25-XJIN,Xi Jinping out this year?,Xi Jinping,78655911.742866,78655911.742866,0.12,0.01,0.11,2025-06-27 11:50:15-07:00,2025-06-27 09:20:14.219790-07:00,0.88,deterministic_contract_key
zelensky_suit,2025-06-30,2025-07-08,2025_06_27_close_1700_PT,2025-06-28 00:00:00+00:00,2025-06-27 17:00:00-07:00,2025-06-27,-3,0,office_exit|resign|volodymyr_zelenskyy|year:2025|525157|74129046843921940913413587682588886122583847748489066762857187137233978267670|KXUKRAINERESIGN-26,office_exit|resign|volodymyr_zelenskyy|year:2025,office_exit,uma_risk_exposed,525157,Zelensky resigns in 2025?,0,Yes,74129046843921940913413587682588886122583847748489066762857187137233978267670,False,binary_yes_token_price,KXUKRAINERESIGN-26,"Will Volodymyr Zelenskyy resign before Jan 1, 2026?",Before 2026,639799.279247,639799.279247,0.1,0.09,0.010000000000000009,2025-06-26 13:41:14-07:00,2025-06-27 14:36:41.958433-07:00,0.88,deterministic_contract_key
zelensky_suit,2025-06-30,2025-07-08,2025_06_27_close_1700_PT,2025-06-28 00:00:00+00:00,2025-06-27 17:00:00-07:00,2025-06-27,-3,0,policy_action|create|national_bitcoin_reserve|united_states|year:2025|516937|83894672511259544049673946661753374355328822374216474995072428966535091173758|KXBTCRESERVE-26-JAN01,policy_action|create|national_bitcoin_reserve|united_states|year:2025,policy_action,uma_risk_exposed,516937,US national Bitcoin reserve in 2025?,0,Yes,83894672511259544049673946661753374355328822374216474995072428966535091173758,False,binary_yes_token_price,KXBTCRESERVE-26-JAN01,"Will Trump create a National Bitcoin Reserve before Jan 1, 2026?","Before Jan 1, 2026",5526758.797978,5526758.797978,0.32,0.32,0.0,2025-06-27 14:49:59-07:00,2025-06-27 10:11:03.685878-07:00,0.78,deterministic_contract_key
zelensky_suit,2025-06-30,2025-07-08,2025_06_27_close_1700_PT,2025-06-28 00:00:00+00:00,2025-06-27 17:00:00-07:00,2025-06-27,-3,0,policy_action|eliminate|department_of_education|united_states|year:2025|523188|60661165588332286306443081468695135979348107944620337686282849990456442563142|KXDOED-26-JAN01,policy_action|eliminate|department_of_education|united_states|year:2025,policy_action,uma_risk_exposed,523188,Will Trump end Department of Education in 2025?,0,Yes,60661165588332286306443081468695135979348107944620337686282849990456442563142,False,binary_yes_token_price,KXDOED-26-JAN01,"Will the Department of Education be eliminated before Jan 1, 2026?","Before Jan 1, 2026",900396.416301,900396.416301,0.071,0.07,0.000999999999999987,2025-06-25 07:12:59-07:00,2025-06-27 13:50:41.896717-07:00,0.78,deterministic_contract_key
zelensky_suit,2025-06-30,2025-07-08,2025_06_27_close_1700_PT,2025-06-28 00:00:00+00:00,2025-06-27 17:00:00-07:00,2025-06-27,-3,0,policy_action|start|recession|united_states|year:2025|516710|104173557214744537570424345347209544585775842950109756851652855913015295701992|RECSSNBER-25,policy_action|start|recession|united_states|year:2025,policy_action,uma_risk_exposed,516710,US recession in 2025?,0,Yes,104173557214744537570424345347209544585775842950109756851652855913015295701992,False,binary_yes_token_price,RECSSNBER-25,Will there be a recession in 2025?,Starts,11734512.428529,11734512.428529,0.29000002982001066,0.28,0.010000029820010636,2025-06-27 16:53:34-07:00,2025-06-27 15:43:34.689668-07:00,0.78,deterministic_contract_key
zelensky_suit,2025-06-30,2025-07-08,2025_06_28_open_0500_PT,2025-06-28 12:00:00+00:00,2025-06-28 05:00:00-07:00,2025-06-28,-2,0,election|win|andr_nico_rodr_guez|bolivia_president|year:2025|2025|543259|21349083717605037525723335754807560771874175181325455859992777238860289139531|KXBOLIVIAPRES-25-AR,election|win|andr_nico_rodr_guez|bolivia_president|year:2025|2025,election,uma_risk_exposed,543259,Will Andrónico Rodríguez win the 2025 Bolivia presidential election?,0,Yes,21349083717605037525723335754807560771874175181325455859992777238860289139531,False,binary_yes_token_price,KXBOLIVIAPRES-25-AR,Who will win the Bolivian presidential election?,Andrónico Rodríguez,7326758.679552,7326758.679552,0.22,0.21,0.010000000000000009,2025-06-28 03:27:58-07:00,2025-06-28 02:10:31.558327-07:00,0.78,deterministic_contract_key
zelensky_suit,2025-06-30,2025-07-08,2025_06_28_open_0500_PT,2025-06-28 12:00:00+00:00,2025-06-28 05:00:00-07:00,2025-06-28,-2,0,election|win|branko_marinkovi|bolivia_president|year:2025|2025|543274|17849683858069937637491725401516486250615904612932801425636311554981022266375|KXBOLIVIAPRES-25-BM,election|win|branko_marinkovi|bolivia_president|year:2025|2025,election,uma_risk_exposed,543274,Will Branko Marinković win the 2025 Bolivia presidential election?,0,Yes,17849683858069937637491725401516486250615904612932801425636311554981022266375,False,binary_yes_token_price,KXBOLIVIAPRES-25-BM,Who will win the Bolivian presidential election?,Branko Marinković,337382.708581,337382.708581,0.002,0.09,-0.088,2025-06-28 04:50:44-07:00,2025-06-21 10:37:22.687062-07:00,0.78,deterministic_contract_key
zelensky_suit,2025-06-30,2025-07-08,2025_06_28_open_0500_PT,2025-06-28 12:00:00+00:00,2025-06-28 05:00:00-07:00,2025-06-28,-2,0,election|win|chi_hyun_chung|bolivia_president|year:2025|2025|543263|65182144144608433456123000312637003192540674831461667961211058718188030456494|KXBOLIVIAPRES-25-CHC,election|win|chi_hyun_chung|bolivia_president|year:2025|2025,election,uma_risk_exposed,543263,Will Chi Hyun Chung win the 2025 Bolivia presidential election?,0,Yes,65182144144608433456123000312637003192540674831461667961211058718188030456494,False,binary_yes_token_price,KXBOLIVIAPRES-25-CHC,Who will win the Bolivian presidential election?,Chi Hyun Chung,119579.506818,119579.506818,0.002,0.06,-0.057999999999999996,2025-06-28 04:56:04-07:00,2025-06-03 12:59:43.587279-07:00,0.78,deterministic_contract_key
zelensky_suit,2025-06-30,2025-07-08,2025_06_28_open_0500_PT,2025-06-28 12:00:00+00:00,2025-06-28 05:00:00-07:00,2025-06-28,-2,0,election|win|jack_ciattarelli|new_jersey_governor|year:2025|2025|551143|53937473648188783569836457104933054364348579768036516690207399280597410899636|GOVPARTYNJ-25-R,election|win|jack_ciattarelli|new_jersey_governor|year:2025|2025,election,uma_risk_exposed,551143,Will Jack Ciattarelli win the New Jersey Governor Election in 2025,0,Yes,53937473648188783569836457104933054364348579768036516690207399280597410899636,False,binary_yes_token_price,GOVPARTYNJ-25-R,Will Jack Ciattarelli win the 2025 New Jersey gubernatorial election?,Jack Ciattarelli,6037389.579269,6037389.579269,0.21,0.22,-0.010000000000000009,2025-06-27 20:56:30-07:00,2025-06-28 01:48:14.412481-07:00,0.78,deterministic_contract_key
zelensky_suit,2025-06-30,2025-07-08,2025_06_28_open_0500_PT,2025-06-28 12:00:00+00:00,2025-06-28 05:00:00-07:00,2025-06-28,-2,0,election|win|luis_arce|bolivia_president|year:2025|2025|543258|111174020960637389416810264600941186414004753111164399059354703606902594067832|KXBOLIVIAPRES-25-LA,election|win|luis_arce|bolivia_president|year:2025|2025,election,uma_risk_exposed,543258,Will Luis Arce win the 2025 Bolivia presidential election?,0,Yes,111174020960637389416810264600941186414004753111164399059354703606902594067832,False,binary_yes_token_price,KXBOLIVIAPRES-25-LA,Who will win the Bolivian presidential election?,Luis Arce,203278.343149,203278.343149,0.002,0.04,-0.038,2025-06-28 04:40:48-07:00,2025-06-19 13:55:54.437219-07:00,0.78,deterministic_contract_key
zelensky_suit,2025-06-30,2025-07-08,2025_06_28_open_0500_PT,2025-06-28 12:00:00+00:00,2025-06-28 05:00:00-07:00,2025-06-28,-2,0,election|win|manfred_reyes_villa|bolivia_president|year:2025|2025|543261|6152631328921183884174711861052249809252829304303011603856221267194446351460|KXBOLIVIAPRES-25-MRV,election|win|manfred_reyes_villa|bolivia_president|year:2025|2025,election,uma_risk_exposed,543261,Will Manfred Reyes Villa win the 2025 Bolivia presidential election?,0,Yes,6152631328921183884174711861052249809252829304303011603856221267194446351460,False,binary_yes_token_price,KXBOLIVIAPRES-25-MRV,Who will win the Bolivian presidential election?,Manfred Reyes Villa,842586.658604,842586.658604,0.11,0.13,-0.020000000000000004,2025-06-28 04:05:34-07:00,2025-06-24 04:28:12.009728-07:00,0.78,deterministic_contract_key
zelensky_suit,2025-06-30,2025-07-08,2025_06_28_open_0500_PT,2025-06-28 12:00:00+00:00,2025-06-28 05:00:00-07:00,2025-06-28,-2,0,election|win|mikie_sherrill|new_jersey_governor|year:2025|2025|551137|23056089932958374419797522644901592808991002026498053086166940911059008923379|GOVPARTYNJ-25-D,election|win|mikie_sherrill|new_jersey_governor|year:2025|2025,election,uma_risk_exposed,551137,Will Mikie Sherrill win the New Jersey Governor Election in 2025,0,Yes,23056089932958374419797522644901592808991002026498053086166940911059008923379,False,binary_yes_token_price,GOVPARTYNJ-25-D,Will Mikie Sherrill win the 2025 New Jersey gubernatorial election?,Mikie Sherrill,7479198.557189,7479198.557189,0.7799999812799929,0.8,-0.020000018720007118,2025-06-28 00:48:48-07:00,2025-06-28 00:07:38.219790-07:00,0.78,deterministic_contract_key
zelensky_suit,2025-06-30,2025-07-08,2025_06_28_open_0500_PT,2025-06-28 12:00:00+00:00,2025-06-28 05:00:00-07:00,2025-06-28,-2,0,election|win|samuel_doria_medina|bolivia_president|year:2025|2025|543260|86337476411225396782940416611040694123774553224828196996839974817619931765236|KXBOLIVIAPRES-25-SDM,election|win|samuel_doria_medina|bolivia_president|year:2025|2025,election,uma_risk_exposed,543260,Will Samuel Doria Medina win the 2025 Bolivia presidential election?,0,Yes,86337476411225396782940416611040694123774553224828196996839974817619931765236,False,binary_yes_token_price,KXBOLIVIAPRES-25-SDM,Who will win the Bolivian presidential election?,Samuel Doria Medina,1166200.271818,1166200.271818,0.35,0.39,-0.040000000000000036,2025-06-28 03:27:58-07:00,2025-06-26 12:11:33.842922-07:00,0.78,deterministic_contract_key
zelensky_suit,2025-06-30,2025-07-08,2025_06_28_open_0500_PT,2025-06-28 12:00:00+00:00,2025-06-28 05:00:00-07:00,2025-06-28,-2,0,leader_contact|meet|donald_trump|vladimir_putin|year:2025|536502|38401695605203516602153122926538006647911743428951157094417724792317068872612|KXWLEADER-25-VP,leader_contact|meet|donald_trump|vladimir_putin|year:2025,leader_contact,uma_risk_exposed,536502,Will Trump meet with Vladimir Putin in 2025?,0,Yes,38401695605203516602153122926538006647911743428951157094417724792317068872612,False,binary_yes_token_price,KXWLEADER-25-VP,Will Trump meet with Vladimir Putin before 2026?,Vladimir Putin,471641.4171,471641.4171,0.46,0.42,0.040000000000000036,2025-06-28 04:47:20-07:00,2025-06-27 23:44:49.901084-07:00,0.92,deterministic_contract_key
zelensky_suit,2025-06-30,2025-07-08,2025_06_28_open_0500_PT,2025-06-28 12:00:00+00:00,2025-06-28 05:00:00-07:00,2025-06-28,-2,0,office_exit|leave_office|jerome_powell|year:2025|520930|44446628319261786751896876365833910598445252343588252409740203088317210950410|LEAVEPOWELL-25-DEC31,office_exit|leave_office|jerome_powell|year:2025,office_exit,uma_risk_exposed,520930,Jerome Powell out as Fed Chair in 2025?,0,Yes,44446628319261786751896876365833910598445252343588252409740203088317210950410,False,binary_yes_token_price,LEAVEPOWELL-25-DEC31,Powell leaves before 2026?,Before 2026,11760101.336012,11760101.336012,0.16,0.17,-0.010000000000000009,2025-06-28 03:45:54-07:00,2025-06-28 04:34:08.307172-07:00,0.88,deterministic_contract_key
zelensky_suit,2025-06-30,2025-07-08,2025_06_28_open_0500_PT,2025-06-28 12:00:00+00:00,2025-06-28 05:00:00-07:00,2025-06-28,-2,0,office_exit|leave_office|vladimir_putin|year:2025|527807|96309695544495520203095223116782609207881514291963878378807412991184449319557|KXLEADEROUT-25-VPUT,office_exit|leave_office|vladimir_putin|year:2025,office_exit,uma_risk_exposed,527807,Will Vladimir Putin be the first leader out in 2025?,0,Yes,96309695544495520203095223116782609207881514291963878378807412991184449319557,False,binary_yes_token_price,KXLEADEROUT-25-VPUT,Vladimir Putin out this year?,Vladimir Putin,1782662.475384,1782662.475384,0.013000000138883944,0.03,-0.016999999861116055,2025-06-26 21:00:44-07:00,2025-06-25 10:59:21.286321-07:00,0.88,deterministic_contract_key
zelensky_suit,2025-06-30,2025-07-08,2025_06_28_open_0500_PT,2025-06-28 12:00:00+00:00,2025-06-28 05:00:00-07:00,2025-06-28,-2,0,office_exit|leave_office|xi_jinping|year:2025|527808|58879554417654245921504722538657003216070105934999990003805612960977670880586|KXLEADEROUT-25-XJIN,office_exit|leave_office|xi_jinping|year:2025,office_exit,uma_risk_exposed,527808,Will Xi Jinping be the first leader out in 2025?,0,Yes,58879554417654245921504722538657003216070105934999990003805612960977670880586,False,binary_yes_token_price,KXLEADEROUT-25-XJIN,Xi Jinping out this year?,Xi Jinping,1833966.373545,1833966.373545,0.046,0.01,0.036,2025-06-28 02:10:34-07:00,2025-06-27 09:20:14.219790-07:00,0.88,deterministic_contract_key
zelensky_suit,2025-06-30,2025-07-08,2025_06_28_open_0500_PT,2025-06-28 12:00:00+00:00,2025-06-28 05:00:00-07:00,2025-06-28,-2,0,office_exit|leave_office|xi_jinping|year:2025|551963|114304586861386186441621124384163963092522056897081085884483958561365015034812|KXLEADEROUT-25-XJIN,office_exit|leave_office|xi_jinping|year:2025,office_exit,uma_risk_exposed,551963,Xi Jinping out in 2025?,0,Yes,114304586861386186441621124384163963092522056897081085884483958561365015034812,False,binary_yes_token_price,KXLEADEROUT-25-XJIN,Xi Jinping out this year?,Xi Jinping,78655911.742866,78655911.742866,0.12,0.01,0.11,2025-06-28 04:49:28-07:00,2025-06-27 09:20:14.219790-07:00,0.88,deterministic_contract_key
zelensky_suit,2025-06-30,2025-07-08,2025_06_28_open_0500_PT,2025-06-28 12:00:00+00:00,2025-06-28 05:00:00-07:00,2025-06-28,-2,0,office_exit|resign|volodymyr_zelenskyy|year:2025|525157|74129046843921940913413587682588886122583847748489066762857187137233978267670|KXUKRAINERESIGN-26,office_exit|resign|volodymyr_zelenskyy|year:2025,office_exit,uma_risk_exposed,525157,Zelensky resigns in 2025?,0,Yes,74129046843921940913413587682588886122583847748489066762857187137233978267670,False,binary_yes_token_price,KXUKRAINERESIGN-26,"Will Volodymyr Zelenskyy resign before Jan 1, 2026?",Before 2026,639799.279247,639799.279247,0.08,0.09,-0.009999999999999995,2025-06-27 22:05:12-07:00,2025-06-27 14:36:41.958433-07:00,0.88,deterministic_contract_key
zelensky_suit,2025-06-30,2025-07-08,2025_06_28_open_0500_PT,2025-06-28 12:00:00+00:00,2025-06-28 05:00:00-07:00,2025-06-28,-2,0,policy_action|create|national_bitcoin_reserve|united_states|year:2025|516937|83894672511259544049673946661753374355328822374216474995072428966535091173758|KXBTCRESERVE-26-JAN01,policy_action|create|national_bitcoin_reserve|united_states|year:2025,policy_action,uma_risk_exposed,516937,US national Bitcoin reserve in 2025?,0,Yes,83894672511259544049673946661753374355328822374216474995072428966535091173758,False,binary_yes_token_price,KXBTCRESERVE-26-JAN01,"Will Trump create a National Bitcoin Reserve before Jan 1, 2026?","Before Jan 1, 2026",5526758.797978,5526758.797978,0.3408640435913884,0.32,0.02086404359138838,2025-06-28 02:18:52-07:00,2025-06-28 03:27:25.471576-07:00,0.78,deterministic_contract_key
zelensky_suit,2025-06-30,2025-07-08,2025_06_28_open_0500_PT,2025-06-28 12:00:00+00:00,2025-06-28 05:00:00-07:00,2025-06-28,-2,0,policy_action|eliminate|department_of_education|united_states|year:2025|523188|60661165588332286306443081468695135979348107944620337686282849990456442563142|KXDOED-26-JAN01,policy_action|eliminate|department_of_education|united_states|year:2025,policy_action,uma_risk_exposed,523188,Will Trump end Department of Education in 2025?,0,Yes,60661165588332286306443081468695135979348107944620337686282849990456442563142,False,binary_yes_token_price,KXDOED-26-JAN01,"Will the Department of Education be eliminated before Jan 1, 2026?","Before Jan 1, 2026",900396.416301,900396.416301,0.071,0.07,0.000999999999999987,2025-06-25 07:12:59-07:00,2025-06-28 01:05:48.948111-07:00,0.78,deterministic_contract_key
zelensky_suit,2025-06-30,2025-07-08,2025_06_28_open_0500_PT,2025-06-28 12:00:00+00:00,2025-06-28 05:00:00-07:00,2025-06-28,-2,0,policy_action|start|recession|united_states|year:2025|516710|104173557214744537570424345347209544585775842950109756851652855913015295701992|RECSSNBER-25,policy_action|start|recession|united_states|year:2025,policy_action,uma_risk_exposed,516710,US recession in 2025?,0,Yes,104173557214744537570424345347209544585775842950109756851652855913015295701992,False,binary_yes_token_price,RECSSNBER-25,Will there be a recession in 2025?,Starts,11734512.428529,11734512.428529,0.29,0.28,0.009999999999999953,2025-06-28 04:17:52-07:00,2025-06-28 04:40:09.305399-07:00,0.78,deterministic_contract_key
zelensky_suit,2025-06-30,2025-07-08,2025_06_28_close_1700_PT,2025-06-29 00:00:00+00:00,2025-06-28 17:00:00-07:00,2025-06-28,-2,0,election|win|andr_nico_rodr_guez|bolivia_president|year:2025|2025|543259|21349083717605037525723335754807560771874175181325455859992777238860289139531|KXBOLIVIAPRES-25-AR,election|win|andr_nico_rodr_guez|bolivia_president|year:2025|2025,election,uma_risk_exposed,543259,Will Andrónico Rodríguez win the 2025 Bolivia presidential election?,0,Yes,21349083717605037525723335754807560771874175181325455859992777238860289139531,False,binary_yes_token_price,KXBOLIVIAPRES-25-AR,Who will win the Bolivian presidential election?,Andrónico Rodríguez,7326758.679552,7326758.679552,0.24,0.22,0.01999999999999999,2025-06-28 15:36:41-07:00,2025-06-28 06:56:37.221584-07:00,0.78,deterministic_contract_key
zelensky_suit,2025-06-30,2025-07-08,2025_06_28_close_1700_PT,2025-06-29 00:00:00+00:00,2025-06-28 17:00:00-07:00,2025-06-28,-2,0,election|win|branko_marinkovi|bolivia_president|year:2025|2025|543274|17849683858069937637491725401516486250615904612932801425636311554981022266375|KXBOLIVIAPRES-25-BM,election|win|branko_marinkovi|bolivia_president|year:2025|2025,election,uma_risk_exposed,543274,Will Branko Marinković win the 2025 Bolivia presidential election?,0,Yes,17849683858069937637491725401516486250615904612932801425636311554981022266375,False,binary_yes_token_price,KXBOLIVIAPRES-25-BM,Who will win the Bolivian presidential election?,Branko Marinković,337382.708581,337382.708581,0.002,0.09,-0.088,2025-06-28 15:29:29-07:00,2025-06-21 10:37:22.687062-07:00,0.78,deterministic_contract_key
zelensky_suit,2025-06-30,2025-07-08,2025_06_28_close_1700_PT,2025-06-29 00:00:00+00:00,2025-06-28 17:00:00-07:00,2025-06-28,-2,0,election|win|chi_hyun_chung|bolivia_president|year:2025|2025|543263|65182144144608433456123000312637003192540674831461667961211058718188030456494|KXBOLIVIAPRES-25-CHC,election|win|chi_hyun_chung|bolivia_president|year:2025|2025,election,uma_risk_exposed,543263,Will Chi Hyun Chung win the 2025 Bolivia presidential election?,0,Yes,65182144144608433456123000312637003192540674831461667961211058718188030456494,False,binary_yes_token_price,KXBOLIVIAPRES-25-CHC,Who will win the Bolivian presidential election?,Chi Hyun Chung,119579.506818,119579.506818,0.002,0.06,-0.057999999999999996,2025-06-28 15:29:29-07:00,2025-06-03 12:59:43.587279-07:00,0.78,deterministic_contract_key
zelensky_suit,2025-06-30,2025-07-08,2025_06_28_close_1700_PT,2025-06-29 00:00:00+00:00,2025-06-28 17:00:00-07:00,2025-06-28,-2,0,election|win|jack_ciattarelli|new_jersey_governor|year:2025|2025|551143|53937473648188783569836457104933054364348579768036516690207399280597410899636|GOVPARTYNJ-25-R,election|win|jack_ciattarelli|new_jersey_governor|year:2025|2025,election,uma_risk_exposed,551143,Will Jack Ciattarelli win the New Jersey Governor Election in 2025,0,Yes,53937473648188783569836457104933054364348579768036516690207399280597410899636,False,binary_yes_token_price,GOVPARTYNJ-25-R,Will Jack Ciattarelli win the 2025 New Jersey gubernatorial election?,Jack Ciattarelli,6037389.579269,6037389.579269,0.22,0.2,0.01999999999999999,2025-06-28 11:33:51-07:00,2025-06-28 11:44:55.100633-07:00,0.78,deterministic_contract_key
zelensky_suit,2025-06-30,2025-07-08,2025_06_28_close_1700_PT,2025-06-29 00:00:00+00:00,2025-06-28 17:00:00-07:00,2025-06-28,-2,0,election|win|luis_arce|bolivia_president|year:2025|2025|543258|111174020960637389416810264600941186414004753111164399059354703606902594067832|KXBOLIVIAPRES-25-LA,election|win|luis_arce|bolivia_president|year:2025|2025,election,uma_risk_exposed,543258,Will Luis Arce win the 2025 Bolivia presidential election?,0,Yes,111174020960637389416810264600941186414004753111164399059354703606902594067832,False,binary_yes_token_price,KXBOLIVIAPRES-25-LA,Who will win the Bolivian presidential election?,Luis Arce,203278.343149,203278.343149,0.002,0.04,-0.038,2025-06-28 15:29:29-07:00,2025-06-19 13:55:54.437219-07:00,0.78,deterministic_contract_key
zelensky_suit,2025-06-30,2025-07-08,2025_06_28_close_1700_PT,2025-06-29 00:00:00+00:00,2025-06-28 17:00:00-07:00,2025-06-28,-2,0,election|win|manfred_reyes_villa|bolivia_president|year:2025|2025|543261|6152631328921183884174711861052249809252829304303011603856221267194446351460|KXBOLIVIAPRES-25-MRV,election|win|manfred_reyes_villa|bolivia_president|year:2025|2025,election,uma_risk_exposed,543261,Will Manfred Reyes Villa win the 2025 Bolivia presidential election?,0,Yes,6152631328921183884174711861052249809252829304303011603856221267194446351460,False,binary_yes_token_price,KXBOLIVIAPRES-25-MRV,Who will win the Bolivian presidential election?,Manfred Reyes Villa,842586.658604,842586.658604,0.09,0.13,-0.04000000000000001,2025-06-28 15:29:27-07:00,2025-06-24 04:28:12.009728-07:00,0.78,deterministic_contract_key
zelensky_suit,2025-06-30,2025-07-08,2025_06_28_close_1700_PT,2025-06-29 00:00:00+00:00,2025-06-28 17:00:00-07:00,2025-06-28,-2,0,election|win|mikie_sherrill|new_jersey_governor|year:2025|2025|551137|23056089932958374419797522644901592808991002026498053086166940911059008923379|GOVPARTYNJ-25-D,election|win|mikie_sherrill|new_jersey_governor|year:2025|2025,election,uma_risk_exposed,551137,Will Mikie Sherrill win the New Jersey Governor Election in 2025,0,Yes,23056089932958374419797522644901592808991002026498053086166940911059008923379,False,binary_yes_token_price,GOVPARTYNJ-25-D,Will Mikie Sherrill win the 2025 New Jersey gubernatorial election?,Mikie Sherrill,7479198.557189,7479198.557189,0.7799998595999691,0.79,-0.010000140400030944,2025-06-28 16:14:49-07:00,2025-06-28 11:41:18.186963-07:00,0.78,deterministic_contract_key
zelensky_suit,2025-06-30,2025-07-08,2025_06_28_close_1700_PT,2025-06-29 00:00:00+00:00,2025-06-28 17:00:00-07:00,2025-06-28,-2,0,election|win|samuel_doria_medina|bolivia_president|year:2025|2025|543260|86337476411225396782940416611040694123774553224828196996839974817619931765236|KXBOLIVIAPRES-25-SDM,election|win|samuel_doria_medina|bolivia_president|year:2025|2025,election,uma_risk_exposed,543260,Will Samuel Doria Medina win the 2025 Bolivia presidential election?,0,Yes,86337476411225396782940416611040694123774553224828196996839974817619931765236,False,binary_yes_token_price,KXBOLIVIAPRES-25-SDM,Who will win the Bolivian presidential election?,Samuel Doria Medina,1166200.271818,1166200.271818,0.3599994475697673,0.39,-0.030000552430232696,2025-06-28 16:38:55-07:00,2025-06-28 13:47:27.382423-07:00,0.78,deterministic_contract_key
zelensky_suit,2025-06-30,2025-07-08,2025_06_28_close_1700_PT,2025-06-29 00:00:00+00:00,2025-06-28 17:00:00-07:00,2025-06-28,-2,0,leader_contact|meet|donald_trump|vladimir_putin|year:2025|536502|38401695605203516602153122926538006647911743428951157094417724792317068872612|KXWLEADER-25-VP,leader_contact|meet|donald_trump|vladimir_putin|year:2025,leader_contact,uma_risk_exposed,536502,Will Trump meet with Vladimir Putin in 2025?,0,Yes,38401695605203516602153122926538006647911743428951157094417724792317068872612,False,binary_yes_token_price,KXWLEADER-25-VP,Will Trump meet with Vladimir Putin before 2026?,Vladimir Putin,471641.4171,471641.4171,0.47,0.42,0.04999999999999999,2025-06-28 15:11:25-07:00,2025-06-27 23:44:49.901084-07:00,0.92,deterministic_contract_key
zelensky_suit,2025-06-30,2025-07-08,2025_06_28_close_1700_PT,2025-06-29 00:00:00+00:00,2025-06-28 17:00:00-07:00,2025-06-28,-2,0,office_exit|leave_office|jerome_powell|year:2025|520930|44446628319261786751896876365833910598445252343588252409740203088317210950410|LEAVEPOWELL-25-DEC31,office_exit|leave_office|jerome_powell|year:2025,office_exit,uma_risk_exposed,520930,Jerome Powell out as Fed Chair in 2025?,0,Yes,44446628319261786751896876365833910598445252343588252409740203088317210950410,False,binary_yes_token_price,LEAVEPOWELL-25-DEC31,Powell leaves before 2026?,Before 2026,11760101.336012,11760101.336012,0.18,0.16,0.01999999999999999,2025-06-28 15:55:11-07:00,2025-06-28 13:14:41.110861-07:00,0.88,deterministic_contract_key
zelensky_suit,2025-06-30,2025-07-08,2025_06_28_close_1700_PT,2025-06-29 00:00:00+00:00,2025-06-28 17:00:00-07:00,2025-06-28,-2,0,office_exit|leave_office|vladimir_putin|year:2025|527807|96309695544495520203095223116782609207881514291963878378807412991184449319557|KXLEADEROUT-25-VPUT,office_exit|leave_office|vladimir_putin|year:2025,office_exit,uma_risk_exposed,527807,Will Vladimir Putin be the first leader out in 2025?,0,Yes,96309695544495520203095223116782609207881514291963878378807412991184449319557,False,binary_yes_token_price,KXLEADEROUT-25-VPUT,Vladimir Putin out this year?,Vladimir Putin,1782662.475384,1782662.475384,0.014,0.03,-0.016,2025-06-28 11:52:55-07:00,2025-06-25 10:59:21.286321-07:00,0.88,deterministic_contract_key
zelensky_suit,2025-06-30,2025-07-08,2025_06_28_close_1700_PT,2025-06-29 00:00:00+00:00,2025-06-28 17:00:00-07:00,2025-06-28,-2,0,office_exit|leave_office|xi_jinping|year:2025|527808|58879554417654245921504722538657003216070105934999990003805612960977670880586|KXLEADEROUT-25-XJIN,office_exit|leave_office|xi_jinping|year:2025,office_exit,uma_risk_exposed,527808,Will Xi Jinping be the first leader out in 2025?,0,Yes,58879554417654245921504722538657003216070105934999990003805612960977670880586,False,binary_yes_token_price,KXLEADEROUT-25-XJIN,Xi Jinping out this year?,Xi Jinping,1833966.373545,1833966.373545,0.052,0.02,0.032,2025-06-28 11:52:55-07:00,2025-06-28 13:34:21.624658-07:00,0.88,deterministic_contract_key
zelensky_suit,2025-06-30,2025-07-08,2025_06_28_close_1700_PT,2025-06-29 00:00:00+00:00,2025-06-28 17:00:00-07:00,2025-06-28,-2,0,office_exit|leave_office|xi_jinping|year:2025|551963|114304586861386186441621124384163963092522056897081085884483958561365015034812|KXLEADEROUT-25-XJIN,office_exit|leave_office|xi_jinping|year:2025,office_exit,uma_risk_exposed,551963,Xi Jinping out in 2025?,0,Yes,114304586861386186441621124384163963092522056897081085884483958561365015034812,False,binary_yes_token_price,KXLEADEROUT-25-XJIN,Xi Jinping out this year?,Xi Jinping,78655911.742866,78655911.742866,0.12000004141181148,0.02,0.10000004141181147,2025-06-28 16:30:17-07:00,2025-06-28 13:34:21.624658-07:00,0.88,deterministic_contract_key
zelensky_suit,2025-06-30,2025-07-08,2025_06_28_close_1700_PT,2025-06-29 00:00:00+00:00,2025-06-28 17:00:00-07:00,2025-06-28,-2,0,office_exit|resign|volodymyr_zelenskyy|year:2025|525157|74129046843921940913413587682588886122583847748489066762857187137233978267670|KXUKRAINERESIGN-26,office_exit|resign|volodymyr_zelenskyy|year:2025,office_exit,uma_risk_exposed,525157,Zelensky resigns in 2025?,0,Yes,74129046843921940913413587682588886122583847748489066762857187137233978267670,False,binary_yes_token_price,KXUKRAINERESIGN-26,"Will Volodymyr Zelenskyy resign before Jan 1, 2026?",Before 2026,639799.279247,639799.279247,0.0899999189999919,0.09,-8.100000808974883e-08,2025-06-28 05:56:54-07:00,2025-06-28 15:17:10.875884-07:00,0.88,deterministic_contract_key
zelensky_suit,2025-06-30,2025-07-08,2025_06_28_close_1700_PT,2025-06-29 00:00:00+00:00,2025-06-28 17:00:00-07:00,2025-06-28,-2,0,policy_action|create|national_bitcoin_reserve|united_states|year:2025|516937|83894672511259544049673946661753374355328822374216474995072428966535091173758|KXBTCRESERVE-26-JAN01,policy_action|create|national_bitcoin_reserve|united_states|year:2025,policy_action,uma_risk_exposed,516937,US national Bitcoin reserve in 2025?,0,Yes,83894672511259544049673946661753374355328822374216474995072428966535091173758,False,binary_yes_token_price,KXBTCRESERVE-26-JAN01,"Will Trump create a National Bitcoin Reserve before Jan 1, 2026?","Before Jan 1, 2026",5526758.797978,5526758.797978,0.344677037615754,0.33,0.014677037615754007,2025-06-28 15:53:33-07:00,2025-06-28 15:15:34.658585-07:00,0.78,deterministic_contract_key
zelensky_suit,2025-06-30,2025-07-08,2025_06_28_close_1700_PT,2025-06-29 00:00:00+00:00,2025-06-28 17:00:00-07:00,2025-06-28,-2,0,policy_action|eliminate|department_of_education|united_states|year:2025|523188|60661165588332286306443081468695135979348107944620337686282849990456442563142|KXDOED-26-JAN01,policy_action|eliminate|department_of_education|united_states|year:2025,policy_action,uma_risk_exposed,523188,Will Trump end Department of Education in 2025?,0,Yes,60661165588332286306443081468695135979348107944620337686282849990456442563142,False,binary_yes_token_price,KXDOED-26-JAN01,"Will the Department of Education be eliminated before Jan 1, 2026?","Before Jan 1, 2026",900396.416301,900396.416301,0.071,0.08,-0.009000000000000008,2025-06-25 07:12:59-07:00,2025-06-28 11:47:02.501251-07:00,0.78,deterministic_contract_key
zelensky_suit,2025-06-30,2025-07-08,2025_06_28_close_1700_PT,2025-06-29 00:00:00+00:00,2025-06-28 17:00:00-07:00,2025-06-28,-2,0,policy_action|start|recession|united_states|year:2025|516710|104173557214744537570424345347209544585775842950109756851652855913015295701992|RECSSNBER-25,policy_action|start|recession|united_states|year:2025,policy_action,uma_risk_exposed,516710,US recession in 2025?,0,Yes,104173557214744537570424345347209544585775842950109756851652855913015295701992,False,binary_yes_token_price,RECSSNBER-25,Will there be a recession in 2025?,Starts,11734512.428529,11734512.428529,0.26999986885711286,0.27,-1.311428871608733e-07,2025-06-28 16:33:39-07:00,2025-06-28 16:13:52.224149-07:00,0.78,deterministic_contract_key
zelensky_suit,2025-06-30,2025-07-08,2025_06_29_open_0500_PT,2025-06-29 12:00:00+00:00,2025-06-29 05:00:00-07:00,2025-06-29,-1,0,election|win|andr_nico_rodr_guez|bolivia_president|year:2025|2025|543259|21349083717605037525723335754807560771874175181325455859992777238860289139531|KXBOLIVIAPRES-25-AR,election|win|andr_nico_rodr_guez|bolivia_president|year:2025|2025,election,uma_risk_exposed,543259,Will Andrónico Rodríguez win the 2025 Bolivia presidential election?,0,Yes,21349083717605037525723335754807560771874175181325455859992777238860289139531,False,binary_yes_token_price,KXBOLIVIAPRES-25-AR,Who will win the Bolivian presidential election?,Andrónico Rodríguez,7326758.679552,7326758.679552,0.23,0.22,0.010000000000000009,2025-06-29 04:41:20-07:00,2025-06-28 06:56:37.221584-07:00,0.78,deterministic_contract_key
zelensky_suit,2025-06-30,2025-07-08,2025_06_29_open_0500_PT,2025-06-29 12:00:00+00:00,2025-06-29 05:00:00-07:00,2025-06-29,-1,0,election|win|branko_marinkovi|bolivia_president|year:2025|2025|543274|17849683858069937637491725401516486250615904612932801425636311554981022266375|KXBOLIVIAPRES-25-BM,election|win|branko_marinkovi|bolivia_president|year:2025|2025,election,uma_risk_exposed,543274,Will Branko Marinković win the 2025 Bolivia presidential election?,0,Yes,17849683858069937637491725401516486250615904612932801425636311554981022266375,False,binary_yes_token_price,KXBOLIVIAPRES-25-BM,Who will win the Bolivian presidential election?,Branko Marinković,337382.708581,337382.708581,0.003,0.09,-0.087,2025-06-29 02:51:26-07:00,2025-06-21 10:37:22.687062-07:00,0.78,deterministic_contract_key
zelensky_suit,2025-06-30,2025-07-08,2025_06_29_open_0500_PT,2025-06-29 12:00:00+00:00,2025-06-29 05:00:00-07:00,2025-06-29,-1,0,election|win|chi_hyun_chung|bolivia_president|year:2025|2025|543263|65182144144608433456123000312637003192540674831461667961211058718188030456494|KXBOLIVIAPRES-25-CHC,election|win|chi_hyun_chung|bolivia_president|year:2025|2025,election,uma_risk_exposed,543263,Will Chi Hyun Chung win the 2025 Bolivia presidential election?,0,Yes,65182144144608433456123000312637003192540674831461667961211058718188030456494,False,binary_yes_token_price,KXBOLIVIAPRES-25-CHC,Who will win the Bolivian presidential election?,Chi Hyun Chung,119579.506818,119579.506818,0.003,0.06,-0.056999999999999995,2025-06-29 03:04:50-07:00,2025-06-03 12:59:43.587279-07:00,0.78,deterministic_contract_key
zelensky_suit,2025-06-30,2025-07-08,2025_06_29_open_0500_PT,2025-06-29 12:00:00+00:00,2025-06-29 05:00:00-07:00,2025-06-29,-1,0,election|win|jack_ciattarelli|new_jersey_governor|year:2025|2025|551143|53937473648188783569836457104933054364348579768036516690207399280597410899636|GOVPARTYNJ-25-R,election|win|jack_ciattarelli|new_jersey_governor|year:2025|2025,election,uma_risk_exposed,551143,Will Jack Ciattarelli win the New Jersey Governor Election in 2025,0,Yes,53937473648188783569836457104933054364348579768036516690207399280597410899636,False,binary_yes_token_price,GOVPARTYNJ-25-R,Will Jack Ciattarelli win the 2025 New Jersey gubernatorial election?,Jack Ciattarelli,6037389.579269,6037389.579269,0.22,0.22,0.0,2025-06-28 11:33:51-07:00,2025-06-29 01:26:14.227233-07:00,0.78,deterministic_contract_key
zelensky_suit,2025-06-30,2025-07-08,2025_06_29_open_0500_PT,2025-06-29 12:00:00+00:00,2025-06-29 05:00:00-07:00,2025-06-29,-1,0,election|win|luis_arce|bolivia_president|year:2025|2025|543258|111174020960637389416810264600941186414004753111164399059354703606902594067832|KXBOLIVIAPRES-25-LA,election|win|luis_arce|bolivia_president|year:2025|2025,election,uma_risk_exposed,543258,Will Luis Arce win the 2025 Bolivia presidential election?,0,Yes,111174020960637389416810264600941186414004753111164399059354703606902594067832,False,binary_yes_token_price,KXBOLIVIAPRES-25-LA,Who will win the Bolivian presidential election?,Luis Arce,203278.343149,203278.343149,0.002,0.04,-0.038,2025-06-29 03:13:20-07:00,2025-06-19 13:55:54.437219-07:00,0.78,deterministic_contract_key
zelensky_suit,2025-06-30,2025-07-08,2025_06_29_open_0500_PT,2025-06-29 12:00:00+00:00,2025-06-29 05:00:00-07:00,2025-06-29,-1,0,election|win|manfred_reyes_villa|bolivia_president|year:2025|2025|543261|6152631328921183884174711861052249809252829304303011603856221267194446351460|KXBOLIVIAPRES-25-MRV,election|win|manfred_reyes_villa|bolivia_president|year:2025|2025,election,uma_risk_exposed,543261,Will Manfred Reyes Villa win the 2025 Bolivia presidential election?,0,Yes,6152631328921183884174711861052249809252829304303011603856221267194446351460,False,binary_yes_token_price,KXBOLIVIAPRES-25-MRV,Who will win the Bolivian presidential election?,Manfred Reyes Villa,842586.658604,842586.658604,0.09,0.13,-0.04000000000000001,2025-06-29 01:31:36-07:00,2025-06-24 04:28:12.009728-07:00,0.78,deterministic_contract_key
zelensky_suit,2025-06-30,2025-07-08,2025_06_29_open_0500_PT,2025-06-29 12:00:00+00:00,2025-06-29 05:00:00-07:00,2025-06-29,-1,0,election|win|mikie_sherrill|new_jersey_governor|year:2025|2025|551137|23056089932958374419797522644901592808991002026498053086166940911059008923379|GOVPARTYNJ-25-D,election|win|mikie_sherrill|new_jersey_governor|year:2025|2025,election,uma_risk_exposed,551137,Will Mikie Sherrill win the New Jersey Governor Election in 2025,0,Yes,23056089932958374419797522644901592808991002026498053086166940911059008923379,False,binary_yes_token_price,GOVPARTYNJ-25-D,Will Mikie Sherrill win the 2025 New Jersey gubernatorial election?,Mikie Sherrill,7479198.557189,7479198.557189,0.8,0.78,0.020000000000000018,2025-06-29 04:33:38-07:00,2025-06-29 01:25:48.924237-07:00,0.78,deterministic_contract_key
zelensky_suit,2025-06-30,2025-07-08,2025_06_29_open_0500_PT,2025-06-29 12:00:00+00:00,2025-06-29 05:00:00-07:00,2025-06-29,-1,0,election|win|samuel_doria_medina|bolivia_president|year:2025|2025|543260|86337476411225396782940416611040694123774553224828196996839974817619931765236|KXBOLIVIAPRES-25-SDM,election|win|samuel_doria_medina|bolivia_president|year:2025|2025,election,uma_risk_exposed,543260,Will Samuel Doria Medina win the 2025 Bolivia presidential election?,0,Yes,86337476411225396782940416611040694123774553224828196996839974817619931765236,False,binary_yes_token_price,KXBOLIVIAPRES-25-SDM,Who will win the Bolivian presidential election?,Samuel Doria Medina,1166200.271818,1166200.271818,0.35999987039991704,0.39,-0.03000012960008297,2025-06-29 04:44:12-07:00,2025-06-28 13:47:27.382423-07:00,0.78,deterministic_contract_key
zelensky_suit,2025-06-30,2025-07-08,2025_06_29_open_0500_PT,2025-06-29 12:00:00+00:00,2025-06-29 05:00:00-07:00,2025-06-29,-1,0,leader_contact|meet|donald_trump|vladimir_putin|year:2025|536502|38401695605203516602153122926538006647911743428951157094417724792317068872612|KXWLEADER-25-VP,leader_contact|meet|donald_trump|vladimir_putin|year:2025,leader_contact,uma_risk_exposed,536502,Will Trump meet with Vladimir Putin in 2025?,0,Yes,38401695605203516602153122926538006647911743428951157094417724792317068872612,False,binary_yes_token_price,KXWLEADER-25-VP,Will Trump meet with Vladimir Putin before 2026?,Vladimir Putin,471641.4171,471641.4171,0.47,0.43,0.03999999999999998,2025-06-28 15:11:25-07:00,2025-06-28 22:58:04.215959-07:00,0.92,deterministic_contract_key
zelensky_suit,2025-06-30,2025-07-08,2025_06_29_open_0500_PT,2025-06-29 12:00:00+00:00,2025-06-29 05:00:00-07:00,2025-06-29,-1,0,office_exit|leave_office|jerome_powell|year:2025|520930|44446628319261786751896876365833910598445252343588252409740203088317210950410|LEAVEPOWELL-25-DEC31,office_exit|leave_office|jerome_powell|year:2025,office_exit,uma_risk_exposed,520930,Jerome Powell out as Fed Chair in 2025?,0,Yes,44446628319261786751896876365833910598445252343588252409740203088317210950410,False,binary_yes_token_price,LEAVEPOWELL-25-DEC31,Powell leaves before 2026?,Before 2026,11760101.336012,11760101.336012,0.15,0.16,-0.010000000000000009,2025-06-29 04:27:42-07:00,2025-06-29 03:25:24.595824-07:00,0.88,deterministic_contract_key
zelensky_suit,2025-06-30,2025-07-08,2025_06_29_open_0500_PT,2025-06-29 12:00:00+00:00,2025-06-29 05:00:00-07:00,2025-06-29,-1,0,office_exit|leave_office|vladimir_putin|year:2025|527807|96309695544495520203095223116782609207881514291963878378807412991184449319557|KXLEADEROUT-25-VPUT,office_exit|leave_office|vladimir_putin|year:2025,office_exit,uma_risk_exposed,527807,Will Vladimir Putin be the first leader out in 2025?,0,Yes,96309695544495520203095223116782609207881514291963878378807412991184449319557,False,binary_yes_token_price,KXLEADEROUT-25-VPUT,Vladimir Putin out this year?,Vladimir Putin,1782662.475384,1782662.475384,0.014,0.03,-0.016,2025-06-28 11:52:55-07:00,2025-06-25 10:59:21.286321-07:00,0.88,deterministic_contract_key
zelensky_suit,2025-06-30,2025-07-08,2025_06_29_open_0500_PT,2025-06-29 12:00:00+00:00,2025-06-29 05:00:00-07:00,2025-06-29,-1,0,office_exit|leave_office|xi_jinping|year:2025|527808|58879554417654245921504722538657003216070105934999990003805612960977670880586|KXLEADEROUT-25-XJIN,office_exit|leave_office|xi_jinping|year:2025,office_exit,uma_risk_exposed,527808,Will Xi Jinping be the first leader out in 2025?,0,Yes,58879554417654245921504722538657003216070105934999990003805612960977670880586,False,binary_yes_token_price,KXLEADEROUT-25-XJIN,Xi Jinping out this year?,Xi Jinping,1833966.373545,1833966.373545,0.046,0.01,0.036,2025-06-29 01:13:58-07:00,2025-06-29 02:15:28.747541-07:00,0.88,deterministic_contract_key
zelensky_suit,2025-06-30,2025-07-08,2025_06_29_open_0500_PT,2025-06-29 12:00:00+00:00,2025-06-29 05:00:00-07:00,2025-06-29,-1,0,office_exit|leave_office|xi_jinping|year:2025|551963|114304586861386186441621124384163963092522056897081085884483958561365015034812|KXLEADEROUT-25-XJIN,office_exit|leave_office|xi_jinping|year:2025,office_exit,uma_risk_exposed,551963,Xi Jinping out in 2025?,0,Yes,114304586861386186441621124384163963092522056897081085884483958561365015034812,False,binary_yes_token_price,KXLEADEROUT-25-XJIN,Xi Jinping out this year?,Xi Jinping,78655911.742866,78655911.742866,0.13,0.01,0.12000000000000001,2025-06-29 04:53:20-07:00,2025-06-29 02:15:28.747541-07:00,0.88,deterministic_contract_key
zelensky_suit,2025-06-30,2025-07-08,2025_06_29_open_0500_PT,2025-06-29 12:00:00+00:00,2025-06-29 05:00:00-07:00,2025-06-29,-1,0,office_exit|resign|volodymyr_zelenskyy|year:2025|525157|74129046843921940913413587682588886122583847748489066762857187137233978267670|KXUKRAINERESIGN-26,office_exit|resign|volodymyr_zelenskyy|year:2025,office_exit,uma_risk_exposed,525157,Zelensky resigns in 2025?,0,Yes,74129046843921940913413587682588886122583847748489066762857187137233978267670,False,binary_yes_token_price,KXUKRAINERESIGN-26,"Will Volodymyr Zelenskyy resign before Jan 1, 2026?",Before 2026,639799.279247,639799.279247,0.0899999189999919,0.09,-8.100000808974883e-08,2025-06-28 05:56:54-07:00,2025-06-28 15:17:10.875884-07:00,0.88,deterministic_contract_key
zelensky_suit,2025-06-30,2025-07-08,2025_06_29_open_0500_PT,2025-06-29 12:00:00+00:00,2025-06-29 05:00:00-07:00,2025-06-29,-1,0,policy_action|create|national_bitcoin_reserve|united_states|year:2025|516937|83894672511259544049673946661753374355328822374216474995072428966535091173758|KXBTCRESERVE-26-JAN01,policy_action|create|national_bitcoin_reserve|united_states|year:2025,policy_action,uma_risk_exposed,516937,US national Bitcoin reserve in 2025?,0,Yes,83894672511259544049673946661753374355328822374216474995072428966535091173758,False,binary_yes_token_price,KXBTCRESERVE-26-JAN01,"Will Trump create a National Bitcoin Reserve before Jan 1, 2026?","Before Jan 1, 2026",5526758.797978,5526758.797978,0.32,0.34,-0.020000000000000018,2025-06-29 04:43:22-07:00,2025-06-29 03:26:31.600085-07:00,0.78,deterministic_contract_key
zelensky_suit,2025-06-30,2025-07-08,2025_06_29_open_0500_PT,2025-06-29 12:00:00+00:00,2025-06-29 05:00:00-07:00,2025-06-29,-1,0,policy_action|eliminate|department_of_education|united_states|year:2025|523188|60661165588332286306443081468695135979348107944620337686282849990456442563142|KXDOED-26-JAN01,policy_action|eliminate|department_of_education|united_states|year:2025,policy_action,uma_risk_exposed,523188,Will Trump end Department of Education in 2025?,0,Yes,60661165588332286306443081468695135979348107944620337686282849990456442563142,False,binary_yes_token_price,KXDOED-26-JAN01,"Will the Department of Education be eliminated before Jan 1, 2026?","Before Jan 1, 2026",900396.416301,900396.416301,0.071,0.08,-0.009000000000000008,2025-06-29 02:48:34-07:00,2025-06-29 04:08:38.786996-07:00,0.78,deterministic_contract_key
zelensky_suit,2025-06-30,2025-07-08,2025_06_29_open_0500_PT,2025-06-29 12:00:00+00:00,2025-06-29 05:00:00-07:00,2025-06-29,-1,0,policy_action|start|recession|united_states|year:2025|516710|104173557214744537570424345347209544585775842950109756851652855913015295701992|RECSSNBER-25,policy_action|start|recession|united_states|year:2025,policy_action,uma_risk_exposed,516710,US recession in 2025?,0,Yes,104173557214744537570424345347209544585775842950109756851652855913015295701992,False,binary_yes_token_price,RECSSNBER-25,Will there be a recession in 2025?,Starts,11734512.428529,11734512.428529,0.26,0.25,0.010000000000000009,2025-06-29 04:30:12-07:00,2025-06-29 03:07:21.813564-07:00,0.78,deterministic_contract_key
zelensky_suit,2025-06-30,2025-07-08,2025_06_29_close_1700_PT,2025-06-30 00:00:00+00:00,2025-06-29 17:00:00-07:00,2025-06-29,-1,0,election|win|andr_nico_rodr_guez|bolivia_president|year:2025|2025|543259|21349083717605037525723335754807560771874175181325455859992777238860289139531|KXBOLIVIAPRES-25-AR,election|win|andr_nico_rodr_guez|bolivia_president|year:2025|2025,election,uma_risk_exposed,543259,Will Andrónico Rodríguez win the 2025 Bolivia presidential election?,0,Yes,21349083717605037525723335754807560771874175181325455859992777238860289139531,False,binary_yes_token_price,KXBOLIVIAPRES-25-AR,Who will win the Bolivian presidential election?,Andrónico Rodríguez,7326758.679552,7326758.679552,0.24,0.22,0.01999999999999999,2025-06-29 15:09:33-07:00,2025-06-28 06:56:37.221584-07:00,0.78,deterministic_contract_key
zelensky_suit,2025-06-30,2025-07-08,2025_06_29_close_1700_PT,2025-06-30 00:00:00+00:00,2025-06-29 17:00:00-07:00,2025-06-29,-1,0,election|win|branko_marinkovi|bolivia_president|year:2025|2025|543274|17849683858069937637491725401516486250615904612932801425636311554981022266375|KXBOLIVIAPRES-25-BM,election|win|branko_marinkovi|bolivia_president|year:2025|2025,election,uma_risk_exposed,543274,Will Branko Marinković win the 2025 Bolivia presidential election?,0,Yes,17849683858069937637491725401516486250615904612932801425636311554981022266375,False,binary_yes_token_price,KXBOLIVIAPRES-25-BM,Who will win the Bolivian presidential election?,Branko Marinković,337382.708581,337382.708581,0.001,0.09,-0.089,2025-06-29 15:09:33-07:00,2025-06-21 10:37:22.687062-07:00,0.78,deterministic_contract_key
zelensky_suit,2025-06-30,2025-07-08,2025_06_29_close_1700_PT,2025-06-30 00:00:00+00:00,2025-06-29 17:00:00-07:00,2025-06-29,-1,0,election|win|chi_hyun_chung|bolivia_president|year:2025|2025|543263|65182144144608433456123000312637003192540674831461667961211058718188030456494|KXBOLIVIAPRES-25-CHC,election|win|chi_hyun_chung|bolivia_president|year:2025|2025,election,uma_risk_exposed,543263,Will Chi Hyun Chung win the 2025 Bolivia presidential election?,0,Yes,65182144144608433456123000312637003192540674831461667961211058718188030456494,False,binary_yes_token_price,KXBOLIVIAPRES-25-CHC,Who will win the Bolivian presidential election?,Chi Hyun Chung,119579.506818,119579.506818,0.002,0.06,-0.057999999999999996,2025-06-29 15:09:33-07:00,2025-06-03 12:59:43.587279-07:00,0.78,deterministic_contract_key
zelensky_suit,2025-06-30,2025-07-08,2025_06_29_close_1700_PT,2025-06-30 00:00:00+00:00,2025-06-29 17:00:00-07:00,2025-06-29,-1,0,election|win|jack_ciattarelli|new_jersey_governor|year:2025|2025|551143|53937473648188783569836457104933054364348579768036516690207399280597410899636|GOVPARTYNJ-25-R,election|win|jack_ciattarelli|new_jersey_governor|year:2025|2025,election,uma_risk_exposed,551143,Will Jack Ciattarelli win the New Jersey Governor Election in 2025,0,Yes,53937473648188783569836457104933054364348579768036516690207399280597410899636,False,binary_yes_token_price,GOVPARTYNJ-25-R,Will Jack Ciattarelli win the 2025 New Jersey gubernatorial election?,Jack Ciattarelli,6037389.579269,6037389.579269,0.22,0.21,0.010000000000000009,2025-06-28 11:33:51-07:00,2025-06-29 07:18:36.180904-07:00,0.78,deterministic_contract_key
zelensky_suit,2025-06-30,2025-07-08,2025_06_29_close_1700_PT,2025-06-30 00:00:00+00:00,2025-06-29 17:00:00-07:00,2025-06-29,-1,0,election|win|luis_arce|bolivia_president|year:2025|2025|543258|111174020960637389416810264600941186414004753111164399059354703606902594067832|KXBOLIVIAPRES-25-LA,election|win|luis_arce|bolivia_president|year:2025|2025,election,uma_risk_exposed,543258,Will Luis Arce win the 2025 Bolivia presidential election?,0,Yes,111174020960637389416810264600941186414004753111164399059354703606902594067832,False,binary_yes_token_price,KXBOLIVIAPRES-25-LA,Who will win the Bolivian presidential election?,Luis Arce,203278.343149,203278.343149,0.002,0.04,-0.038,2025-06-29 15:09:33-07:00,2025-06-19 13:55:54.437219-07:00,0.78,deterministic_contract_key
zelensky_suit,2025-06-30,2025-07-08,2025_06_29_close_1700_PT,2025-06-30 00:00:00+00:00,2025-06-29 17:00:00-07:00,2025-06-29,-1,0,election|win|manfred_reyes_villa|bolivia_president|year:2025|2025|543261|6152631328921183884174711861052249809252829304303011603856221267194446351460|KXBOLIVIAPRES-25-MRV,election|win|manfred_reyes_villa|bolivia_president|year:2025|2025,election,uma_risk_exposed,543261,Will Manfred Reyes Villa win the 2025 Bolivia presidential election?,0,Yes,6152631328921183884174711861052249809252829304303011603856221267194446351460,False,binary_yes_token_price,KXBOLIVIAPRES-25-MRV,Who will win the Bolivian presidential election?,Manfred Reyes Villa,842586.658604,842586.658604,0.07000000144148846,0.13,-0.05999999855851154,2025-06-29 15:09:33-07:00,2025-06-24 04:28:12.009728-07:00,0.78,deterministic_contract_key
zelensky_suit,2025-06-30,2025-07-08,2025_06_29_close_1700_PT,2025-06-30 00:00:00+00:00,2025-06-29 17:00:00-07:00,2025-06-29,-1,0,election|win|mikie_sherrill|new_jersey_governor|year:2025|2025|551137|23056089932958374419797522644901592808991002026498053086166940911059008923379|GOVPARTYNJ-25-D,election|win|mikie_sherrill|new_jersey_governor|year:2025|2025,election,uma_risk_exposed,551137,Will Mikie Sherrill win the New Jersey Governor Election in 2025,0,Yes,23056089932958374419797522644901592808991002026498053086166940911059008923379,False,binary_yes_token_price,GOVPARTYNJ-25-D,Will Mikie Sherrill win the 2025 New Jersey gubernatorial election?,Mikie Sherrill,7479198.557189,7479198.557189,0.8,0.79,0.010000000000000009,2025-06-29 13:05:43-07:00,2025-06-29 12:22:27.579989-07:00,0.78,deterministic_contract_key
zelensky_suit,2025-06-30,2025-07-08,2025_06_29_close_1700_PT,2025-06-30 00:00:00+00:00,2025-06-29 17:00:00-07:00,2025-06-29,-1,0,election|win|samuel_doria_medina|bolivia_president|year:2025|2025|543260|86337476411225396782940416611040694123774553224828196996839974817619931765236|KXBOLIVIAPRES-25-SDM,election|win|samuel_doria_medina|bolivia_president|year:2025|2025,election,uma_risk_exposed,543260,Will Samuel Doria Medina win the 2025 Bolivia presidential election?,0,Yes,86337476411225396782940416611040694123774553224828196996839974817619931765236,False,binary_yes_token_price,KXBOLIVIAPRES-25-SDM,Who will win the Bolivian presidential election?,Samuel Doria Medina,1166200.271818,1166200.271818,0.3599998881987136,0.39,-0.030000111801286422,2025-06-29 15:09:33-07:00,2025-06-28 13:47:27.382423-07:00,0.78,deterministic_contract_key
zelensky_suit,2025-06-30,2025-07-08,2025_06_29_close_1700_PT,2025-06-30 00:00:00+00:00,2025-06-29 17:00:00-07:00,2025-06-29,-1,0,leader_contact|meet|donald_trump|vladimir_putin|year:2025|536502|38401695605203516602153122926538006647911743428951157094417724792317068872612|KXWLEADER-25-VP,leader_contact|meet|donald_trump|vladimir_putin|year:2025,leader_contact,uma_risk_exposed,536502,Will Trump meet with Vladimir Putin in 2025?,0,Yes,38401695605203516602153122926538006647911743428951157094417724792317068872612,False,binary_yes_token_price,KXWLEADER-25-VP,Will Trump meet with Vladimir Putin before 2026?,Vladimir Putin,471641.4171,471641.4171,0.44,0.42,0.020000000000000018,2025-06-29 15:49:01-07:00,2025-06-29 08:48:58.104980-07:00,0.92,deterministic_contract_key
zelensky_suit,2025-06-30,2025-07-08,2025_06_29_close_1700_PT,2025-06-30 00:00:00+00:00,2025-06-29 17:00:00-07:00,2025-06-29,-1,0,office_exit|leave_office|jerome_powell|year:2025|520930|44446628319261786751896876365833910598445252343588252409740203088317210950410|LEAVEPOWELL-25-DEC31,office_exit|leave_office|jerome_powell|year:2025,office_exit,uma_risk_exposed,520930,Jerome Powell out as Fed Chair in 2025?,0,Yes,44446628319261786751896876365833910598445252343588252409740203088317210950410,False,binary_yes_token_price,LEAVEPOWELL-25-DEC31,Powell leaves before 2026?,Before 2026,11760101.336012,11760101.336012,0.16999996089999597,0.17,-3.91000040400602e-08,2025-06-29 16:27:20-07:00,2025-06-29 15:15:29.396544-07:00,0.88,deterministic_contract_key
zelensky_suit,2025-06-30,2025-07-08,2025_06_29_close_1700_PT,2025-06-30 00:00:00+00:00,2025-06-29 17:00:00-07:00,2025-06-29,-1,0,office_exit|leave_office|vladimir_putin|year:2025|527807|96309695544495520203095223116782609207881514291963878378807412991184449319557|KXLEADEROUT-25-VPUT,office_exit|leave_office|vladimir_putin|year:2025,office_exit,uma_risk_exposed,527807,Will Vladimir Putin be the first leader out in 2025?,0,Yes,96309695544495520203095223116782609207881514291963878378807412991184449319557,False,binary_yes_token_price,KXLEADEROUT-25-VPUT,Vladimir Putin out this year?,Vladimir Putin,1782662.475384,1782662.475384,0.016,0.03,-0.013999999999999999,2025-06-29 12:41:55-07:00,2025-06-25 10:59:21.286321-07:00,0.88,deterministic_contract_key
zelensky_suit,2025-06-30,2025-07-08,2025_06_29_close_1700_PT,2025-06-30 00:00:00+00:00,2025-06-29 17:00:00-07:00,2025-06-29,-1,0,office_exit|leave_office|xi_jinping|year:2025|527808|58879554417654245921504722538657003216070105934999990003805612960977670880586|KXLEADEROUT-25-XJIN,office_exit|leave_office|xi_jinping|year:2025,office_exit,uma_risk_exposed,527808,Will Xi Jinping be the first leader out in 2025?,0,Yes,58879554417654245921504722538657003216070105934999990003805612960977670880586,False,binary_yes_token_price,KXLEADEROUT-25-XJIN,Xi Jinping out this year?,Xi Jinping,1833966.373545,1833966.373545,0.057,0.01,0.047,2025-06-29 14:35:49-07:00,2025-06-29 02:15:28.747541-07:00,0.88,deterministic_contract_key
zelensky_suit,2025-06-30,2025-07-08,2025_06_29_close_1700_PT,2025-06-30 00:00:00+00:00,2025-06-29 17:00:00-07:00,2025-06-29,-1,0,office_exit|leave_office|xi_jinping|year:2025|551963|114304586861386186441621124384163963092522056897081085884483958561365015034812|KXLEADEROUT-25-XJIN,office_exit|leave_office|xi_jinping|year:2025,office_exit,uma_risk_exposed,551963,Xi Jinping out in 2025?,0,Yes,114304586861386186441621124384163963092522056897081085884483958561365015034812,False,binary_yes_token_price,KXLEADEROUT-25-XJIN,Xi Jinping out this year?,Xi Jinping,78655911.742866,78655911.742866,0.13,0.01,0.12000000000000001,2025-06-29 16:47:56-07:00,2025-06-29 02:15:28.747541-07:00,0.88,deterministic_contract_key
zelensky_suit,2025-06-30,2025-07-08,2025_06_29_close_1700_PT,2025-06-30 00:00:00+00:00,2025-06-29 17:00:00-07:00,2025-06-29,-1,0,office_exit|resign|volodymyr_zelenskyy|year:2025|525157|74129046843921940913413587682588886122583847748489066762857187137233978267670|KXUKRAINERESIGN-26,office_exit|resign|volodymyr_zelenskyy|year:2025,office_exit,uma_risk_exposed,525157,Zelensky resigns in 2025?,0,Yes,74129046843921940913413587682588886122583847748489066762857187137233978267670,False,binary_yes_token_price,KXUKRAINERESIGN-26,"Will Volodymyr Zelenskyy resign before Jan 1, 2026?",Before 2026,639799.279247,639799.279247,0.0899999189999919,0.09,-8.100000808974883e-08,2025-06-28 05:56:54-07:00,2025-06-28 15:17:10.875884-07:00,0.88,deterministic_contract_key
zelensky_suit,2025-06-30,2025-07-08,2025_06_29_close_1700_PT,2025-06-30 00:00:00+00:00,2025-06-29 17:00:00-07:00,2025-06-29,-1,0,policy_action|create|national_bitcoin_reserve|united_states|year:2025|516937|83894672511259544049673946661753374355328822374216474995072428966535091173758|KXBTCRESERVE-26-JAN01,policy_action|create|national_bitcoin_reserve|united_states|year:2025,policy_action,uma_risk_exposed,516937,US national Bitcoin reserve in 2025?,0,Yes,83894672511259544049673946661753374355328822374216474995072428966535091173758,False,binary_yes_token_price,KXBTCRESERVE-26-JAN01,"Will Trump create a National Bitcoin Reserve before Jan 1, 2026?","Before Jan 1, 2026",5526758.797978,5526758.797978,0.32,0.32,0.0,2025-06-29 14:34:35-07:00,2025-06-29 16:57:52.519066-07:00,0.78,deterministic_contract_key
zelensky_suit,2025-06-30,2025-07-08,2025_06_29_close_1700_PT,2025-06-30 00:00:00+00:00,2025-06-29 17:00:00-07:00,2025-06-29,-1,0,policy_action|eliminate|department_of_education|united_states|year:2025|523188|60661165588332286306443081468695135979348107944620337686282849990456442563142|KXDOED-26-JAN01,policy_action|eliminate|department_of_education|united_states|year:2025,policy_action,uma_risk_exposed,523188,Will Trump end Department of Education in 2025?,0,Yes,60661165588332286306443081468695135979348107944620337686282849990456442563142,False,binary_yes_token_price,KXDOED-26-JAN01,"Will the Department of Education be eliminated before Jan 1, 2026?","Before Jan 1, 2026",900396.416301,900396.416301,0.071,0.09,-0.019000000000000003,2025-06-29 02:48:34-07:00,2025-06-29 11:36:15.416812-07:00,0.78,deterministic_contract_key
zelensky_suit,2025-06-30,2025-07-08,2025_06_29_close_1700_PT,2025-06-30 00:00:00+00:00,2025-06-29 17:00:00-07:00,2025-06-29,-1,0,policy_action|start|recession|united_states|year:2025|516710|104173557214744537570424345347209544585775842950109756851652855913015295701992|RECSSNBER-25,policy_action|start|recession|united_states|year:2025,policy_action,uma_risk_exposed,516710,US recession in 2025?,0,Yes,104173557214744537570424345347209544585775842950109756851652855913015295701992,False,binary_yes_token_price,RECSSNBER-25,Will there be a recession in 2025?,Starts,11734512.428529,11734512.428529,0.26,0.25,0.010000000000000009,2025-06-29 16:51:22-07:00,2025-06-29 13:53:02.184110-07:00,0.78,deterministic_contract_key
zelensky_suit,2025-06-30,2025-07-08,2025_06_30_open_0500_PT,2025-06-30 12:00:00+00:00,2025-06-30 05:00:00-07:00,2025-06-30,0,1,election|win|andr_nico_rodr_guez|bolivia_president|year:2025|2025|543259|21349083717605037525723335754807560771874175181325455859992777238860289139531|KXBOLIVIAPRES-25-AR,election|win|andr_nico_rodr_guez|bolivia_president|year:2025|2025,election,uma_risk_exposed,543259,Will Andrónico Rodríguez win the 2025 Bolivia presidential election?,0,Yes,21349083717605037525723335754807560771874175181325455859992777238860289139531,False,binary_yes_token_price,KXBOLIVIAPRES-25-AR,Who will win the Bolivian presidential election?,Andrónico Rodríguez,7326758.679552,7326758.679552,0.24,0.22,0.01999999999999999,2025-06-30 04:40:46-07:00,2025-06-30 02:52:22.247426-07:00,0.78,deterministic_contract_key
zelensky_suit,2025-06-30,2025-07-08,2025_06_30_open_0500_PT,2025-06-30 12:00:00+00:00,2025-06-30 05:00:00-07:00,2025-06-30,0,1,election|win|branko_marinkovi|bolivia_president|year:2025|2025|543274|17849683858069937637491725401516486250615904612932801425636311554981022266375|KXBOLIVIAPRES-25-BM,election|win|branko_marinkovi|bolivia_president|year:2025|2025,election,uma_risk_exposed,543274,Will Branko Marinković win the 2025 Bolivia presidential election?,0,Yes,17849683858069937637491725401516486250615904612932801425636311554981022266375,False,binary_yes_token_price,KXBOLIVIAPRES-25-BM,Who will win the Bolivian presidential election?,Branko Marinković,337382.708581,337382.708581,0.002,0.09,-0.088,2025-06-30 04:56:36-07:00,2025-06-21 10:37:22.687062-07:00,0.78,deterministic_contract_key
zelensky_suit,2025-06-30,2025-07-08,2025_06_30_open_0500_PT,2025-06-30 12:00:00+00:00,2025-06-30 05:00:00-07:00,2025-06-30,0,1,election|win|chi_hyun_chung|bolivia_president|year:2025|2025|543263|65182144144608433456123000312637003192540674831461667961211058718188030456494|KXBOLIVIAPRES-25-CHC,election|win|chi_hyun_chung|bolivia_president|year:2025|2025,election,uma_risk_exposed,543263,Will Chi Hyun Chung win the 2025 Bolivia presidential election?,0,Yes,65182144144608433456123000312637003192540674831461667961211058718188030456494,False,binary_yes_token_price,KXBOLIVIAPRES-25-CHC,Who will win the Bolivian presidential election?,Chi Hyun Chung,119579.506818,119579.506818,0.002,0.06,-0.057999999999999996,2025-06-30 03:57:36-07:00,2025-06-03 12:59:43.587279-07:00,0.78,deterministic_contract_key
zelensky_suit,2025-06-30,2025-07-08,2025_06_30_open_0500_PT,2025-06-30 12:00:00+00:00,2025-06-30 05:00:00-07:00,2025-06-30,0,1,election|win|jack_ciattarelli|new_jersey_governor|year:2025|2025|551143|53937473648188783569836457104933054364348579768036516690207399280597410899636|GOVPARTYNJ-25-R,election|win|jack_ciattarelli|new_jersey_governor|year:2025|2025,election,uma_risk_exposed,551143,Will Jack Ciattarelli win the New Jersey Governor Election in 2025,0,Yes,53937473648188783569836457104933054364348579768036516690207399280597410899636,False,binary_yes_token_price,GOVPARTYNJ-25-R,Will Jack Ciattarelli win the 2025 New Jersey gubernatorial election?,Jack Ciattarelli,6037389.579269,6037389.579269,0.22,0.22,0.0,2025-06-28 11:33:51-07:00,2025-06-30 04:14:16.498884-07:00,0.78,deterministic_contract_key
zelensky_suit,2025-06-30,2025-07-08,2025_06_30_open_0500_PT,2025-06-30 12:00:00+00:00,2025-06-30 05:00:00-07:00,2025-06-30,0,1,election|win|luis_arce|bolivia_president|year:2025|2025|543258|111174020960637389416810264600941186414004753111164399059354703606902594067832|KXBOLIVIAPRES-25-LA,election|win|luis_arce|bolivia_president|year:2025|2025,election,uma_risk_exposed,543258,Will Luis Arce win the 2025 Bolivia presidential election?,0,Yes,111174020960637389416810264600941186414004753111164399059354703606902594067832,False,binary_yes_token_price,KXBOLIVIAPRES-25-LA,Who will win the Bolivian presidential election?,Luis Arce,203278.343149,203278.343149,0.003,0.04,-0.037,2025-06-30 04:58:28-07:00,2025-06-19 13:55:54.437219-07:00,0.78,deterministic_contract_key
zelensky_suit,2025-06-30,2025-07-08,2025_06_30_open_0500_PT,2025-06-30 12:00:00+00:00,2025-06-30 05:00:00-07:00,2025-06-30,0,1,election|win|manfred_reyes_villa|bolivia_president|year:2025|2025|543261|6152631328921183884174711861052249809252829304303011603856221267194446351460|KXBOLIVIAPRES-25-MRV,election|win|manfred_reyes_villa|bolivia_president|year:2025|2025,election,uma_risk_exposed,543261,Will Manfred Reyes Villa win the 2025 Bolivia presidential election?,0,Yes,6152631328921183884174711861052249809252829304303011603856221267194446351460,False,binary_yes_token_price,KXBOLIVIAPRES-25-MRV,Who will win the Bolivian presidential election?,Manfred Reyes Villa,842586.658604,842586.658604,0.06,0.05,0.009999999999999995,2025-06-30 03:43:40-07:00,2025-06-30 02:52:05.430813-07:00,0.78,deterministic_contract_key
zelensky_suit,2025-06-30,2025-07-08,2025_06_30_open_0500_PT,2025-06-30 12:00:00+00:00,2025-06-30 05:00:00-07:00,2025-06-30,0,1,election|win|mikie_sherrill|new_jersey_governor|year:2025|2025|551137|23056089932958374419797522644901592808991002026498053086166940911059008923379|GOVPARTYNJ-25-D,election|win|mikie_sherrill|new_jersey_governor|year:2025|2025,election,uma_risk_exposed,551137,Will Mikie Sherrill win the New Jersey Governor Election in 2025,0,Yes,23056089932958374419797522644901592808991002026498053086166940911059008923379,False,binary_yes_token_price,GOVPARTYNJ-25-D,Will Mikie Sherrill win the 2025 New Jersey gubernatorial election?,Mikie Sherrill,7479198.557189,7479198.557189,0.8099997812998403,0.79,0.019999781299840258,2025-06-30 02:52:28-07:00,2025-06-30 02:08:22.215939-07:00,0.78,deterministic_contract_key
zelensky_suit,2025-06-30,2025-07-08,2025_06_30_open_0500_PT,2025-06-30 12:00:00+00:00,2025-06-30 05:00:00-07:00,2025-06-30,0,1,election|win|samuel_doria_medina|bolivia_president|year:2025|2025|543260|86337476411225396782940416611040694123774553224828196996839974817619931765236|KXBOLIVIAPRES-25-SDM,election|win|samuel_doria_medina|bolivia_president|year:2025|2025,election,uma_risk_exposed,543260,Will Samuel Doria Medina win the 2025 Bolivia presidential election?,0,Yes,86337476411225396782940416611040694123774553224828196996839974817619931765236,False,binary_yes_token_price,KXBOLIVIAPRES-25-SDM,Who will win the Bolivian presidential election?,Samuel Doria Medina,1166200.271818,1166200.271818,0.36,0.39,-0.030000000000000027,2025-06-30 04:00:28-07:00,2025-06-28 13:47:27.382423-07:00,0.78,deterministic_contract_key
zelensky_suit,2025-06-30,2025-07-08,2025_06_30_open_0500_PT,2025-06-30 12:00:00+00:00,2025-06-30 05:00:00-07:00,2025-06-30,0,1,leader_contact|meet|donald_trump|vladimir_putin|year:2025|536502|38401695605203516602153122926538006647911743428951157094417724792317068872612|KXWLEADER-25-VP,leader_contact|meet|donald_trump|vladimir_putin|year:2025,leader_contact,uma_risk_exposed,536502,Will Trump meet with Vladimir Putin in 2025?,0,Yes,38401695605203516602153122926538006647911743428951157094417724792317068872612,False,binary_yes_token_price,KXWLEADER-25-VP,Will Trump meet with Vladimir Putin before 2026?,Vladimir Putin,471641.4171,471641.4171,0.44,0.42,0.020000000000000018,2025-06-30 04:26:38-07:00,2025-06-29 08:48:58.104980-07:00,0.92,deterministic_contract_key
zelensky_suit,2025-06-30,2025-07-08,2025_06_30_open_0500_PT,2025-06-30 12:00:00+00:00,2025-06-30 05:00:00-07:00,2025-06-30,0,1,leader_contact|visit|donald_trump|israel|before:2025-08-01|555433|75803083113304481871189130325120880199300493552616311390383002363547475167443|KXTRUMPVISITISRAEL-25,leader_contact|visit|donald_trump|israel|before:2025-08-01,leader_contact,uma_risk_exposed,555433,Will Trump visit Israel before August?,0,Yes,75803083113304481871189130325120880199300493552616311390383002363547475167443,False,binary_yes_token_price,KXTRUMPVISITISRAEL-25,"Will Trump visit Israel before Aug 1, 2025?","Before Aug 1, 2025",31959.539865,31959.539865,0.17999995485148157,0.11,0.06999995485148157,2025-06-30 03:02:18-07:00,2025-06-30 02:49:22.480342-07:00,0.92,deterministic_contract_key
zelensky_suit,2025-06-30,2025-07-08,2025_06_30_open_0500_PT,2025-06-30 12:00:00+00:00,2025-06-30 05:00:00-07:00,2025-06-30,0,1,office_exit|leave_office|jerome_powell|year:2025|520930|44446628319261786751896876365833910598445252343588252409740203088317210950410|LEAVEPOWELL-25-DEC31,office_exit|leave_office|jerome_powell|year:2025,office_exit,uma_risk_exposed,520930,Jerome Powell out as Fed Chair in 2025?,0,Yes,44446628319261786751896876365833910598445252343588252409740203088317210950410,False,binary_yes_token_price,LEAVEPOWELL-25-DEC31,Powell leaves before 2026?,Before 2026,11760101.336012,11760101.336012,0.16,0.17,-0.010000000000000009,2025-06-30 02:25:05-07:00,2025-06-30 04:47:24.206722-07:00,0.88,deterministic_contract_key
zelensky_suit,2025-06-30,2025-07-08,2025_06_30_open_0500_PT,2025-06-30 12:00:00+00:00,2025-06-30 05:00:00-07:00,2025-06-30,0,1,office_exit|leave_office|vladimir_putin|year:2025|527807|96309695544495520203095223116782609207881514291963878378807412991184449319557|KXLEADEROUT-25-VPUT,office_exit|leave_office|vladimir_putin|year:2025,office_exit,uma_risk_exposed,527807,Will Vladimir Putin be the first leader out in 2025?,0,Yes,96309695544495520203095223116782609207881514291963878378807412991184449319557,False,binary_yes_token_price,KXLEADEROUT-25-VPUT,Vladimir Putin out this year?,Vladimir Putin,1782662.475384,1782662.475384,0.016,0.03,-0.013999999999999999,2025-06-29 12:41:55-07:00,2025-06-25 10:59:21.286321-07:00,0.88,deterministic_contract_key
zelensky_suit,2025-06-30,2025-07-08,2025_06_30_open_0500_PT,2025-06-30 12:00:00+00:00,2025-06-30 05:00:00-07:00,2025-06-30,0,1,office_exit|leave_office|xi_jinping|year:2025|527808|58879554417654245921504722538657003216070105934999990003805612960977670880586|KXLEADEROUT-25-XJIN,office_exit|leave_office|xi_jinping|year:2025,office_exit,uma_risk_exposed,527808,Will Xi Jinping be the first leader out in 2025?,0,Yes,58879554417654245921504722538657003216070105934999990003805612960977670880586,False,binary_yes_token_price,KXLEADEROUT-25-XJIN,Xi Jinping out this year?,Xi Jinping,1833966.373545,1833966.373545,0.057,0.01,0.047,2025-06-30 04:20:20-07:00,2025-06-29 02:15:28.747541-07:00,0.88,deterministic_contract_key
zelensky_suit,2025-06-30,2025-07-08,2025_06_30_open_0500_PT,2025-06-30 12:00:00+00:00,2025-06-30 05:00:00-07:00,2025-06-30,0,1,office_exit|leave_office|xi_jinping|year:2025|551963|114304586861386186441621124384163963092522056897081085884483958561365015034812|KXLEADEROUT-25-XJIN,office_exit|leave_office|xi_jinping|year:2025,office_exit,uma_risk_exposed,551963,Xi Jinping out in 2025?,0,Yes,114304586861386186441621124384163963092522056897081085884483958561365015034812,False,binary_yes_token_price,KXLEADEROUT-25-XJIN,Xi Jinping out this year?,Xi Jinping,78655911.742866,78655911.742866,0.12,0.01,0.11,2025-06-30 04:49:34-07:00,2025-06-29 02:15:28.747541-07:00,0.88,deterministic_contract_key
zelensky_suit,2025-06-30,2025-07-08,2025_06_30_open_0500_PT,2025-06-30 12:00:00+00:00,2025-06-30 05:00:00-07:00,2025-06-30,0,1,office_exit|resign|volodymyr_zelenskyy|year:2025|525157|74129046843921940913413587682588886122583847748489066762857187137233978267670|KXUKRAINERESIGN-26,office_exit|resign|volodymyr_zelenskyy|year:2025,office_exit,uma_risk_exposed,525157,Zelensky resigns in 2025?,0,Yes,74129046843921940913413587682588886122583847748489066762857187137233978267670,False,binary_yes_token_price,KXUKRAINERESIGN-26,"Will Volodymyr Zelenskyy resign before Jan 1, 2026?",Before 2026,639799.279247,639799.279247,0.0899999189999919,0.1,-0.010000081000008099,2025-06-28 05:56:54-07:00,2025-06-30 03:00:08.265305-07:00,0.88,deterministic_contract_key
zelensky_suit,2025-06-30,2025-07-08,2025_06_30_open_0500_PT,2025-06-30 12:00:00+00:00,2025-06-30 05:00:00-07:00,2025-06-30,0,1,policy_action|create|national_bitcoin_reserve|united_states|year:2025|516937|83894672511259544049673946661753374355328822374216474995072428966535091173758|KXBTCRESERVE-26-JAN01,policy_action|create|national_bitcoin_reserve|united_states|year:2025,policy_action,uma_risk_exposed,516937,US national Bitcoin reserve in 2025?,0,Yes,83894672511259544049673946661753374355328822374216474995072428966535091173758,False,binary_yes_token_price,KXBTCRESERVE-26-JAN01,"Will Trump create a National Bitcoin Reserve before Jan 1, 2026?","Before Jan 1, 2026",5526758.797978,5526758.797978,0.32,0.32,0.0,2025-06-30 02:49:08-07:00,2025-06-30 04:22:10.699725-07:00,0.78,deterministic_contract_key
zelensky_suit,2025-06-30,2025-07-08,2025_06_30_open_0500_PT,2025-06-30 12:00:00+00:00,2025-06-30 05:00:00-07:00,2025-06-30,0,1,policy_action|eliminate|department_of_education|united_states|year:2025|523188|60661165588332286306443081468695135979348107944620337686282849990456442563142|KXDOED-26-JAN01,policy_action|eliminate|department_of_education|united_states|year:2025,policy_action,uma_risk_exposed,523188,Will Trump end Department of Education in 2025?,0,Yes,60661165588332286306443081468695135979348107944620337686282849990456442563142,False,binary_yes_token_price,KXDOED-26-JAN01,"Will the Department of Education be eliminated before Jan 1, 2026?","Before Jan 1, 2026",900396.416301,900396.416301,0.072,0.08,-0.008000000000000007,2025-06-29 20:33:20-07:00,2025-06-30 03:43:53.236100-07:00,0.78,deterministic_contract_key
zelensky_suit,2025-06-30,2025-07-08,2025_06_30_open_0500_PT,2025-06-30 12:00:00+00:00,2025-06-30 05:00:00-07:00,2025-06-30,0,1,policy_action|start|recession|united_states|year:2025|516710|104173557214744537570424345347209544585775842950109756851652855913015295701992|RECSSNBER-25,policy_action|start|recession|united_states|year:2025,policy_action,uma_risk_exposed,516710,US recession in 2025?,0,Yes,104173557214744537570424345347209544585775842950109756851652855913015295701992,False,binary_yes_token_price,RECSSNBER-25,Will there be a recession in 2025?,Starts,11734512.428529,11734512.428529,0.26,0.27,-0.010000000000000009,2025-06-30 04:50:46-07:00,2025-06-30 04:21:14.765413-07:00,0.78,deterministic_contract_key
zelensky_suit,2025-06-30,2025-07-08,2025_06_30_close_1700_PT,2025-07-01 00:00:00+00:00,2025-06-30 17:00:00-07:00,2025-06-30,0,1,election|win|andr_nico_rodr_guez|bolivia_president|year:2025|2025|543259|21349083717605037525723335754807560771874175181325455859992777238860289139531|KXBOLIVIAPRES-25-AR,election|win|andr_nico_rodr_guez|bolivia_president|year:2025|2025,election,uma_risk_exposed,543259,Will Andrónico Rodríguez win the 2025 Bolivia presidential election?,0,Yes,21349083717605037525723335754807560771874175181325455859992777238860289139531,False,binary_yes_token_price,KXBOLIVIAPRES-25-AR,Who will win the Bolivian presidential election?,Andrónico Rodríguez,7326758.679552,7326758.679552,0.26,0.22,0.04000000000000001,2025-06-30 15:04:10-07:00,2025-06-30 15:01:46.564789-07:00,0.78,deterministic_contract_key
zelensky_suit,2025-06-30,2025-07-08,2025_06_30_close_1700_PT,2025-07-01 00:00:00+00:00,2025-06-30 17:00:00-07:00,2025-06-30,0,1,election|win|branko_marinkovi|bolivia_president|year:2025|2025|543274|17849683858069937637491725401516486250615904612932801425636311554981022266375|KXBOLIVIAPRES-25-BM,election|win|branko_marinkovi|bolivia_president|year:2025|2025,election,uma_risk_exposed,543274,Will Branko Marinković win the 2025 Bolivia presidential election?,0,Yes,17849683858069937637491725401516486250615904612932801425636311554981022266375,False,binary_yes_token_price,KXBOLIVIAPRES-25-BM,Who will win the Bolivian presidential election?,Branko Marinković,337382.708581,337382.708581,0.002,0.09,-0.088,2025-06-30 15:36:28-07:00,2025-06-21 10:37:22.687062-07:00,0.78,deterministic_contract_key
zelensky_suit,2025-06-30,2025-07-08,2025_06_30_close_1700_PT,2025-07-01 00:00:00+00:00,2025-06-30 17:00:00-07:00,2025-06-30,0,1,election|win|chi_hyun_chung|bolivia_president|year:2025|2025|543263|65182144144608433456123000312637003192540674831461667961211058718188030456494|KXBOLIVIAPRES-25-CHC,election|win|chi_hyun_chung|bolivia_president|year:2025|2025,election,uma_risk_exposed,543263,Will Chi Hyun Chung win the 2025 Bolivia presidential election?,0,Yes,65182144144608433456123000312637003192540674831461667961211058718188030456494,False,binary_yes_token_price,KXBOLIVIAPRES-25-CHC,Who will win the Bolivian presidential election?,Chi Hyun Chung,119579.506818,119579.506818,0.002,0.06,-0.057999999999999996,2025-06-30 16:54:32-07:00,2025-06-03 12:59:43.587279-07:00,0.78,deterministic_contract_key
zelensky_suit,2025-06-30,2025-07-08,2025_06_30_close_1700_PT,2025-07-01 00:00:00+00:00,2025-06-30 17:00:00-07:00,2025-06-30,0,1,election|win|jack_ciattarelli|new_jersey_governor|year:2025|2025|551143|53937473648188783569836457104933054364348579768036516690207399280597410899636|GOVPARTYNJ-25-R,election|win|jack_ciattarelli|new_jersey_governor|year:2025|2025,election,uma_risk_exposed,551143,Will Jack Ciattarelli win the New Jersey Governor Election in 2025,0,Yes,53937473648188783569836457104933054364348579768036516690207399280597410899636,False,binary_yes_token_price,GOVPARTYNJ-25-R,Will Jack Ciattarelli win the 2025 New Jersey gubernatorial election?,Jack Ciattarelli,6037389.579269,6037389.579269,0.2,0.21,-0.009999999999999981,2025-06-30 16:20:24-07:00,2025-06-30 13:01:26.420270-07:00,0.78,deterministic_contract_key
zelensky_suit,2025-06-30,2025-07-08,2025_06_30_close_1700_PT,2025-07-01 00:00:00+00:00,2025-06-30 17:00:00-07:00,2025-06-30,0,1,election|win|luis_arce|bolivia_president|year:2025|2025|543258|111174020960637389416810264600941186414004753111164399059354703606902594067832|KXBOLIVIAPRES-25-LA,election|win|luis_arce|bolivia_president|year:2025|2025,election,uma_risk_exposed,543258,Will Luis Arce win the 2025 Bolivia presidential election?,0,Yes,111174020960637389416810264600941186414004753111164399059354703606902594067832,False,binary_yes_token_price,KXBOLIVIAPRES-25-LA,Who will win the Bolivian presidential election?,Luis Arce,203278.343149,203278.343149,0.001,0.04,-0.039,2025-06-30 16:53:32-07:00,2025-06-19 13:55:54.437219-07:00,0.78,deterministic_contract_key
zelensky_suit,2025-06-30,2025-07-08,2025_06_30_close_1700_PT,2025-07-01 00:00:00+00:00,2025-06-30 17:00:00-07:00,2025-06-30,0,1,election|win|manfred_reyes_villa|bolivia_president|year:2025|2025|543261|6152631328921183884174711861052249809252829304303011603856221267194446351460|KXBOLIVIAPRES-25-MRV,election|win|manfred_reyes_villa|bolivia_president|year:2025|2025,election,uma_risk_exposed,543261,Will Manfred Reyes Villa win the 2025 Bolivia presidential election?,0,Yes,6152631328921183884174711861052249809252829304303011603856221267194446351460,False,binary_yes_token_price,KXBOLIVIAPRES-25-MRV,Who will win the Bolivian presidential election?,Manfred Reyes Villa,842586.658604,842586.658604,0.06,0.05,0.009999999999999995,2025-06-30 15:04:10-07:00,2025-06-30 02:52:05.430813-07:00,0.78,deterministic_contract_key
zelensky_suit,2025-06-30,2025-07-08,2025_06_30_close_1700_PT,2025-07-01 00:00:00+00:00,2025-06-30 17:00:00-07:00,2025-06-30,0,1,election|win|mikie_sherrill|new_jersey_governor|year:2025|2025|551137|23056089932958374419797522644901592808991002026498053086166940911059008923379|GOVPARTYNJ-25-D,election|win|mikie_sherrill|new_jersey_governor|year:2025|2025,election,uma_risk_exposed,551137,Will Mikie Sherrill win the New Jersey Governor Election in 2025,0,Yes,23056089932958374419797522644901592808991002026498053086166940911059008923379,False,binary_yes_token_price,GOVPARTYNJ-25-D,Will Mikie Sherrill win the 2025 New Jersey gubernatorial election?,Mikie Sherrill,7479198.557189,7479198.557189,0.8,0.79,0.010000000000000009,2025-06-30 11:26:16-07:00,2025-06-30 13:00:58.155234-07:00,0.78,deterministic_contract_key
zelensky_suit,2025-06-30,2025-07-08,2025_06_30_close_1700_PT,2025-07-01 00:00:00+00:00,2025-06-30 17:00:00-07:00,2025-06-30,0,1,election|win|samuel_doria_medina|bolivia_president|year:2025|2025|543260|86337476411225396782940416611040694123774553224828196996839974817619931765236|KXBOLIVIAPRES-25-SDM,election|win|samuel_doria_medina|bolivia_president|year:2025|2025,election,uma_risk_exposed,543260,Will Samuel Doria Medina win the 2025 Bolivia presidential election?,0,Yes,86337476411225396782940416611040694123774553224828196996839974817619931765236,False,binary_yes_token_price,KXBOLIVIAPRES-25-SDM,Who will win the Bolivian presidential election?,Samuel Doria Medina,1166200.271818,1166200.271818,0.36,0.4,-0.040000000000000036,2025-06-30 16:38:32-07:00,2025-06-30 14:28:41.989267-07:00,0.78,deterministic_contract_key
zelensky_suit,2025-06-30,2025-07-08,2025_06_30_close_1700_PT,2025-07-01 00:00:00+00:00,2025-06-30 17:00:00-07:00,2025-06-30,0,1,leader_contact|meet|donald_trump|vladimir_putin|year:2025|536502|38401695605203516602153122926538006647911743428951157094417724792317068872612|KXWLEADER-25-VP,leader_contact|meet|donald_trump|vladimir_putin|year:2025,leader_contact,uma_risk_exposed,536502,Will Trump meet with Vladimir Putin in 2025?,0,Yes,38401695605203516602153122926538006647911743428951157094417724792317068872612,False,binary_yes_token_price,KXWLEADER-25-VP,Will Trump meet with Vladimir Putin before 2026?,Vladimir Putin,471641.4171,471641.4171,0.41,0.42,-0.010000000000000009,2025-06-30 11:51:56-07:00,2025-06-29 08:48:58.104980-07:00,0.92,deterministic_contract_key
zelensky_suit,2025-06-30,2025-07-08,2025_06_30_close_1700_PT,2025-07-01 00:00:00+00:00,2025-06-30 17:00:00-07:00,2025-06-30,0,1,leader_contact|visit|donald_trump|israel|before:2025-08-01|555433|75803083113304481871189130325120880199300493552616311390383002363547475167443|KXTRUMPVISITISRAEL-25,leader_contact|visit|donald_trump|israel|before:2025-08-01,leader_contact,uma_risk_exposed,555433,Will Trump visit Israel before August?,0,Yes,75803083113304481871189130325120880199300493552616311390383002363547475167443,False,binary_yes_token_price,KXTRUMPVISITISRAEL-25,"Will Trump visit Israel before Aug 1, 2025?","Before Aug 1, 2025",31959.539865,31959.539865,0.1,0.11,-0.009999999999999995,2025-06-30 15:07:12-07:00,2025-06-30 02:49:22.480342-07:00,0.92,deterministic_contract_key
zelensky_suit,2025-06-30,2025-07-08,2025_06_30_close_1700_PT,2025-07-01 00:00:00+00:00,2025-06-30 17:00:00-07:00,2025-06-30,0,1,office_exit|leave_office|jerome_powell|year:2025|520930|44446628319261786751896876365833910598445252343588252409740203088317210950410|LEAVEPOWELL-25-DEC31,office_exit|leave_office|jerome_powell|year:2025,office_exit,uma_risk_exposed,520930,Jerome Powell out as Fed Chair in 2025?,0,Yes,44446628319261786751896876365833910598445252343588252409740203088317210950410,False,binary_yes_token_price,LEAVEPOWELL-25-DEC31,Powell leaves before 2026?,Before 2026,11760101.336012,11760101.336012,0.14,0.18,-0.03999999999999998,2025-06-30 16:50:00-07:00,2025-06-30 16:37:40.063782-07:00,0.88,deterministic_contract_key
zelensky_suit,2025-06-30,2025-07-08,2025_06_30_close_1700_PT,2025-07-01 00:00:00+00:00,2025-06-30 17:00:00-07:00,2025-06-30,0,1,office_exit|leave_office|vladimir_putin|year:2025|527807|96309695544495520203095223116782609207881514291963878378807412991184449319557|KXLEADEROUT-25-VPUT,office_exit|leave_office|vladimir_putin|year:2025,office_exit,uma_risk_exposed,527807,Will Vladimir Putin be the first leader out in 2025?,0,Yes,96309695544495520203095223116782609207881514291963878378807412991184449319557,False,binary_yes_token_price,KXLEADEROUT-25-VPUT,Vladimir Putin out this year?,Vladimir Putin,1782662.475384,1782662.475384,0.024685858733253387,0.03,-0.005314141266746612,2025-06-30 14:49:18-07:00,2025-06-25 10:59:21.286321-07:00,0.88,deterministic_contract_key
zelensky_suit,2025-06-30,2025-07-08,2025_06_30_close_1700_PT,2025-07-01 00:00:00+00:00,2025-06-30 17:00:00-07:00,2025-06-30,0,1,office_exit|leave_office|xi_jinping|year:2025|527808|58879554417654245921504722538657003216070105934999990003805612960977670880586|KXLEADEROUT-25-XJIN,office_exit|leave_office|xi_jinping|year:2025,office_exit,uma_risk_exposed,527808,Will Xi Jinping be the first leader out in 2025?,0,Yes,58879554417654245921504722538657003216070105934999990003805612960977670880586,False,binary_yes_token_price,KXLEADEROUT-25-XJIN,Xi Jinping out this year?,Xi Jinping,1833966.373545,1833966.373545,0.056,0.02,0.036000000000000004,2025-06-30 06:29:26-07:00,2025-06-30 14:57:38.713318-07:00,0.88,deterministic_contract_key
zelensky_suit,2025-06-30,2025-07-08,2025_06_30_close_1700_PT,2025-07-01 00:00:00+00:00,2025-06-30 17:00:00-07:00,2025-06-30,0,1,office_exit|leave_office|xi_jinping|year:2025|551963|114304586861386186441621124384163963092522056897081085884483958561365015034812|KXLEADEROUT-25-XJIN,office_exit|leave_office|xi_jinping|year:2025,office_exit,uma_risk_exposed,551963,Xi Jinping out in 2025?,0,Yes,114304586861386186441621124384163963092522056897081085884483958561365015034812,False,binary_yes_token_price,KXLEADEROUT-25-XJIN,Xi Jinping out this year?,Xi Jinping,78655911.742866,78655911.742866,0.13,0.02,0.11,2025-06-30 16:34:12-07:00,2025-06-30 14:57:38.713318-07:00,0.88,deterministic_contract_key
zelensky_suit,2025-06-30,2025-07-08,2025_06_30_close_1700_PT,2025-07-01 00:00:00+00:00,2025-06-30 17:00:00-07:00,2025-06-30,0,1,office_exit|resign|volodymyr_zelenskyy|year:2025|525157|74129046843921940913413587682588886122583847748489066762857187137233978267670|KXUKRAINERESIGN-26,office_exit|resign|volodymyr_zelenskyy|year:2025,office_exit,uma_risk_exposed,525157,Zelensky resigns in 2025?,0,Yes,74129046843921940913413587682588886122583847748489066762857187137233978267670,False,binary_yes_token_price,KXUKRAINERESIGN-26,"Will Volodymyr Zelenskyy resign before Jan 1, 2026?",Before 2026,639799.279247,639799.279247,0.0899999189999919,0.1,-0.010000081000008099,2025-06-28 05:56:54-07:00,2025-06-30 14:37:14.421008-07:00,0.88,deterministic_contract_key
zelensky_suit,2025-06-30,2025-07-08,2025_06_30_close_1700_PT,2025-07-01 00:00:00+00:00,2025-06-30 17:00:00-07:00,2025-06-30,0,1,policy_action|create|national_bitcoin_reserve|united_states|year:2025|516937|83894672511259544049673946661753374355328822374216474995072428966535091173758|KXBTCRESERVE-26-JAN01,policy_action|create|national_bitcoin_reserve|united_states|year:2025,policy_action,uma_risk_exposed,516937,US national Bitcoin reserve in 2025?,0,Yes,83894672511259544049673946661753374355328822374216474995072428966535091173758,False,binary_yes_token_price,KXBTCRESERVE-26-JAN01,"Will Trump create a National Bitcoin Reserve before Jan 1, 2026?","Before Jan 1, 2026",5526758.797978,5526758.797978,0.3,0.34,-0.040000000000000036,2025-06-30 15:07:40-07:00,2025-06-30 16:52:58.665096-07:00,0.78,deterministic_contract_key
zelensky_suit,2025-06-30,2025-07-08,2025_06_30_close_1700_PT,2025-07-01 00:00:00+00:00,2025-06-30 17:00:00-07:00,2025-06-30,0,1,policy_action|eliminate|department_of_education|united_states|year:2025|523188|60661165588332286306443081468695135979348107944620337686282849990456442563142|KXDOED-26-JAN01,policy_action|eliminate|department_of_education|united_states|year:2025,policy_action,uma_risk_exposed,523188,Will Trump end Department of Education in 2025?,0,Yes,60661165588332286306443081468695135979348107944620337686282849990456442563142,False,binary_yes_token_price,KXDOED-26-JAN01,"Will the Department of Education be eliminated before Jan 1, 2026?","Before Jan 1, 2026",900396.416301,900396.416301,0.072,0.07,0.001999999999999988,2025-06-29 20:33:20-07:00,2025-06-30 09:57:32.170208-07:00,0.78,deterministic_contract_key
zelensky_suit,2025-06-30,2025-07-08,2025_06_30_close_1700_PT,2025-07-01 00:00:00+00:00,2025-06-30 17:00:00-07:00,2025-06-30,0,1,policy_action|start|recession|united_states|year:2025|516710|104173557214744537570424345347209544585775842950109756851652855913015295701992|RECSSNBER-25,policy_action|start|recession|united_states|year:2025,policy_action,uma_risk_exposed,516710,US recession in 2025?,0,Yes,104173557214744537570424345347209544585775842950109756851652855913015295701992,False,binary_yes_token_price,RECSSNBER-25,Will there be a recession in 2025?,Starts,11734512.428529,11734512.428529,0.26,0.24,0.020000000000000018,2025-06-30 16:53:38-07:00,2025-06-30 15:39:20.172950-07:00,0.78,deterministic_contract_key
zelensky_suit,2025-06-30,2025-07-08,2025_07_01_open_0500_PT,2025-07-01 12:00:00+00:00,2025-07-01 05:00:00-07:00,2025-07-01,1,1,election|win|andr_nico_rodr_guez|bolivia_president|year:2025|2025|543259|21349083717605037525723335754807560771874175181325455859992777238860289139531|KXBOLIVIAPRES-25-AR,election|win|andr_nico_rodr_guez|bolivia_president|year:2025|2025,election,uma_risk_exposed,543259,Will Andrónico Rodríguez win the 2025 Bolivia presidential election?,0,Yes,21349083717605037525723335754807560771874175181325455859992777238860289139531,False,binary_yes_token_price,KXBOLIVIAPRES-25-AR,Who will win the Bolivian presidential election?,Andrónico Rodríguez,7326758.679552,7326758.679552,0.28,0.22,0.060000000000000026,2025-07-01 02:59:13-07:00,2025-06-30 15:01:46.564789-07:00,0.78,deterministic_contract_key
zelensky_suit,2025-06-30,2025-07-08,2025_07_01_open_0500_PT,2025-07-01 12:00:00+00:00,2025-07-01 05:00:00-07:00,2025-07-01,1,1,election|win|branko_marinkovi|bolivia_president|year:2025|2025|543274|17849683858069937637491725401516486250615904612932801425636311554981022266375|KXBOLIVIAPRES-25-BM,election|win|branko_marinkovi|bolivia_president|year:2025|2025,election,uma_risk_exposed,543274,Will Branko Marinković win the 2025 Bolivia presidential election?,0,Yes,17849683858069937637491725401516486250615904612932801425636311554981022266375,False,binary_yes_token_price,KXBOLIVIAPRES-25-BM,Who will win the Bolivian presidential election?,Branko Marinković,337382.708581,337382.708581,0.002,0.09,-0.088,2025-07-01 04:09:29-07:00,2025-06-21 10:37:22.687062-07:00,0.78,deterministic_contract_key
zelensky_suit,2025-06-30,2025-07-08,2025_07_01_open_0500_PT,2025-07-01 12:00:00+00:00,2025-07-01 05:00:00-07:00,2025-07-01,1,1,election|win|chi_hyun_chung|bolivia_president|year:2025|2025|543263|65182144144608433456123000312637003192540674831461667961211058718188030456494|KXBOLIVIAPRES-25-CHC,election|win|chi_hyun_chung|bolivia_president|year:2025|2025,election,uma_risk_exposed,543263,Will Chi Hyun Chung win the 2025 Bolivia presidential election?,0,Yes,65182144144608433456123000312637003192540674831461667961211058718188030456494,False,binary_yes_token_price,KXBOLIVIAPRES-25-CHC,Who will win the Bolivian presidential election?,Chi Hyun Chung,119579.506818,119579.506818,0.003,0.06,-0.056999999999999995,2025-07-01 04:20:01-07:00,2025-06-03 12:59:43.587279-07:00,0.78,deterministic_contract_key
zelensky_suit,2025-06-30,2025-07-08,2025_07_01_open_0500_PT,2025-07-01 12:00:00+00:00,2025-07-01 05:00:00-07:00,2025-07-01,1,1,election|win|jack_ciattarelli|new_jersey_governor|year:2025|2025|551143|53937473648188783569836457104933054364348579768036516690207399280597410899636|GOVPARTYNJ-25-R,election|win|jack_ciattarelli|new_jersey_governor|year:2025|2025,election,uma_risk_exposed,551143,Will Jack Ciattarelli win the New Jersey Governor Election in 2025,0,Yes,53937473648188783569836457104933054364348579768036516690207399280597410899636,False,binary_yes_token_price,GOVPARTYNJ-25-R,Will Jack Ciattarelli win the 2025 New Jersey gubernatorial election?,Jack Ciattarelli,6037389.579269,6037389.579269,0.2,0.22,-0.01999999999999999,2025-06-30 16:20:24-07:00,2025-07-01 04:38:07.606151-07:00,0.78,deterministic_contract_key
zelensky_suit,2025-06-30,2025-07-08,2025_07_01_open_0500_PT,2025-07-01 12:00:00+00:00,2025-07-01 05:00:00-07:00,2025-07-01,1,1,election|win|luis_arce|bolivia_president|year:2025|2025|543258|111174020960637389416810264600941186414004753111164399059354703606902594067832|KXBOLIVIAPRES-25-LA,election|win|luis_arce|bolivia_president|year:2025|2025,election,uma_risk_exposed,543258,Will Luis Arce win the 2025 Bolivia presidential election?,0,Yes,111174020960637389416810264600941186414004753111164399059354703606902594067832,False,binary_yes_token_price,KXBOLIVIAPRES-25-LA,Who will win the Bolivian presidential election?,Luis Arce,203278.343149,203278.343149,0.002,0.04,-0.038,2025-07-01 04:17:39-07:00,2025-06-19 13:55:54.437219-07:00,0.78,deterministic_contract_key
zelensky_suit,2025-06-30,2025-07-08,2025_07_01_open_0500_PT,2025-07-01 12:00:00+00:00,2025-07-01 05:00:00-07:00,2025-07-01,1,1,election|win|manfred_reyes_villa|bolivia_president|year:2025|2025|543261|6152631328921183884174711861052249809252829304303011603856221267194446351460|KXBOLIVIAPRES-25-MRV,election|win|manfred_reyes_villa|bolivia_president|year:2025|2025,election,uma_risk_exposed,543261,Will Manfred Reyes Villa win the 2025 Bolivia presidential election?,0,Yes,6152631328921183884174711861052249809252829304303011603856221267194446351460,False,binary_yes_token_price,KXBOLIVIAPRES-25-MRV,Who will win the Bolivian presidential election?,Manfred Reyes Villa,842586.658604,842586.658604,0.07,0.05,0.020000000000000004,2025-07-01 03:02:13-07:00,2025-06-30 02:52:05.430813-07:00,0.78,deterministic_contract_key
zelensky_suit,2025-06-30,2025-07-08,2025_07_01_open_0500_PT,2025-07-01 12:00:00+00:00,2025-07-01 05:00:00-07:00,2025-07-01,1,1,election|win|mikie_sherrill|new_jersey_governor|year:2025|2025|551137|23056089932958374419797522644901592808991002026498053086166940911059008923379|GOVPARTYNJ-25-D,election|win|mikie_sherrill|new_jersey_governor|year:2025|2025,election,uma_risk_exposed,551137,Will Mikie Sherrill win the New Jersey Governor Election in 2025,0,Yes,23056089932958374419797522644901592808991002026498053086166940911059008923379,False,binary_yes_token_price,GOVPARTYNJ-25-D,Will Mikie Sherrill win the 2025 New Jersey gubernatorial election?,Mikie Sherrill,7479198.557189,7479198.557189,0.8099996273994262,0.79,0.01999962739942618,2025-06-30 19:39:35-07:00,2025-06-30 13:00:58.155234-07:00,0.78,deterministic_contract_key
zelensky_suit,2025-06-30,2025-07-08,2025_07_01_open_0500_PT,2025-07-01 12:00:00+00:00,2025-07-01 05:00:00-07:00,2025-07-01,1,1,election|win|samuel_doria_medina|bolivia_president|year:2025|2025|543260|86337476411225396782940416611040694123774553224828196996839974817619931765236|KXBOLIVIAPRES-25-SDM,election|win|samuel_doria_medina|bolivia_president|year:2025|2025,election,uma_risk_exposed,543260,Will Samuel Doria Medina win the 2025 Bolivia presidential election?,0,Yes,86337476411225396782940416611040694123774553224828196996839974817619931765236,False,binary_yes_token_price,KXBOLIVIAPRES-25-SDM,Who will win the Bolivian presidential election?,Samuel Doria Medina,1166200.271818,1166200.271818,0.3599999678810378,0.4,-0.04000003211896225,2025-07-01 04:31:09-07:00,2025-07-01 03:20:08.448353-07:00,0.78,deterministic_contract_key
zelensky_suit,2025-06-30,2025-07-08,2025_07_01_open_0500_PT,2025-07-01 12:00:00+00:00,2025-07-01 05:00:00-07:00,2025-07-01,1,1,leader_contact|meet|donald_trump|vladimir_putin|year:2025|536502|38401695605203516602153122926538006647911743428951157094417724792317068872612|KXWLEADER-25-VP,leader_contact|meet|donald_trump|vladimir_putin|year:2025,leader_contact,uma_risk_exposed,536502,Will Trump meet with Vladimir Putin in 2025?,0,Yes,38401695605203516602153122926538006647911743428951157094417724792317068872612,False,binary_yes_token_price,KXWLEADER-25-VP,Will Trump meet with Vladimir Putin before 2026?,Vladimir Putin,471641.4171,471641.4171,0.41,0.33,0.07999999999999996,2025-07-01 02:21:53-07:00,2025-07-01 00:50:42.903463-07:00,0.92,deterministic_contract_key
zelensky_suit,2025-06-30,2025-07-08,2025_07_01_open_0500_PT,2025-07-01 12:00:00+00:00,2025-07-01 05:00:00-07:00,2025-07-01,1,1,leader_contact|visit|donald_trump|israel|before:2025-08-01|555433|75803083113304481871189130325120880199300493552616311390383002363547475167443|KXTRUMPVISITISRAEL-25,leader_contact|visit|donald_trump|israel|before:2025-08-01,leader_contact,uma_risk_exposed,555433,Will Trump visit Israel before August?,0,Yes,75803083113304481871189130325120880199300493552616311390383002363547475167443,False,binary_yes_token_price,KXTRUMPVISITISRAEL-25,"Will Trump visit Israel before Aug 1, 2025?","Before Aug 1, 2025",31959.539865,31959.539865,0.1579323076923077,0.02,0.13793230769230772,2025-07-01 01:29:43-07:00,2025-07-01 00:43:11.975521-07:00,0.92,deterministic_contract_key
zelensky_suit,2025-06-30,2025-07-08,2025_07_01_open_0500_PT,2025-07-01 12:00:00+00:00,2025-07-01 05:00:00-07:00,2025-07-01,1,1,office_exit|leave_office|jerome_powell|year:2025|520930|44446628319261786751896876365833910598445252343588252409740203088317210950410|LEAVEPOWELL-25-DEC31,office_exit|leave_office|jerome_powell|year:2025,office_exit,uma_risk_exposed,520930,Jerome Powell out as Fed Chair in 2025?,0,Yes,44446628319261786751896876365833910598445252343588252409740203088317210950410,False,binary_yes_token_price,LEAVEPOWELL-25-DEC31,Powell leaves before 2026?,Before 2026,11760101.336012,11760101.336012,0.13,0.17,-0.04000000000000001,2025-07-01 04:59:33-07:00,2025-07-01 04:37:36.985036-07:00,0.88,deterministic_contract_key
zelensky_suit,2025-06-30,2025-07-08,2025_07_01_open_0500_PT,2025-07-01 12:00:00+00:00,2025-07-01 05:00:00-07:00,2025-07-01,1,1,office_exit|leave_office|vladimir_putin|year:2025|527807|96309695544495520203095223116782609207881514291963878378807412991184449319557|KXLEADEROUT-25-VPUT,office_exit|leave_office|vladimir_putin|year:2025,office_exit,uma_risk_exposed,527807,Will Vladimir Putin be the first leader out in 2025?,0,Yes,96309695544495520203095223116782609207881514291963878378807412991184449319557,False,binary_yes_token_price,KXLEADEROUT-25-VPUT,Vladimir Putin out this year?,Vladimir Putin,1782662.475384,1782662.475384,0.015000000237980407,0.03,-0.014999999762019591,2025-07-01 04:36:29-07:00,2025-06-25 10:59:21.286321-07:00,0.88,deterministic_contract_key
zelensky_suit,2025-06-30,2025-07-08,2025_07_01_open_0500_PT,2025-07-01 12:00:00+00:00,2025-07-01 05:00:00-07:00,2025-07-01,1,1,office_exit|leave_office|xi_jinping|year:2025|527808|58879554417654245921504722538657003216070105934999990003805612960977670880586|KXLEADEROUT-25-XJIN,office_exit|leave_office|xi_jinping|year:2025,office_exit,uma_risk_exposed,527808,Will Xi Jinping be the first leader out in 2025?,0,Yes,58879554417654245921504722538657003216070105934999990003805612960977670880586,False,binary_yes_token_price,KXLEADEROUT-25-XJIN,Xi Jinping out this year?,Xi Jinping,1833966.373545,1833966.373545,0.045,0.01,0.034999999999999996,2025-07-01 04:57:51-07:00,2025-07-01 03:54:43.354352-07:00,0.88,deterministic_contract_key
zelensky_suit,2025-06-30,2025-07-08,2025_07_01_open_0500_PT,2025-07-01 12:00:00+00:00,2025-07-01 05:00:00-07:00,2025-07-01,1,1,office_exit|leave_office|xi_jinping|year:2025|551963|114304586861386186441621124384163963092522056897081085884483958561365015034812|KXLEADEROUT-25-XJIN,office_exit|leave_office|xi_jinping|year:2025,office_exit,uma_risk_exposed,551963,Xi Jinping out in 2025?,0,Yes,114304586861386186441621124384163963092522056897081085884483958561365015034812,False,binary_yes_token_price,KXLEADEROUT-25-XJIN,Xi Jinping out this year?,Xi Jinping,78655911.742866,78655911.742866,0.12,0.01,0.11,2025-07-01 04:53:09-07:00,2025-07-01 03:54:43.354352-07:00,0.88,deterministic_contract_key
zelensky_suit,2025-06-30,2025-07-08,2025_07_01_open_0500_PT,2025-07-01 12:00:00+00:00,2025-07-01 05:00:00-07:00,2025-07-01,1,1,office_exit|resign|volodymyr_zelenskyy|year:2025|525157|74129046843921940913413587682588886122583847748489066762857187137233978267670|KXUKRAINERESIGN-26,office_exit|resign|volodymyr_zelenskyy|year:2025,office_exit,uma_risk_exposed,525157,Zelensky resigns in 2025?,0,Yes,74129046843921940913413587682588886122583847748489066762857187137233978267670,False,binary_yes_token_price,KXUKRAINERESIGN-26,"Will Volodymyr Zelenskyy resign before Jan 1, 2026?",Before 2026,639799.279247,639799.279247,0.0899999189999919,0.06,0.02999991899999191,2025-06-28 05:56:54-07:00,2025-07-01 02:57:03.576690-07:00,0.88,deterministic_contract_key
zelensky_suit,2025-06-30,2025-07-08,2025_07_01_open_0500_PT,2025-07-01 12:00:00+00:00,2025-07-01 05:00:00-07:00,2025-07-01,1,1,policy_action|create|national_bitcoin_reserve|united_states|year:2025|516937|83894672511259544049673946661753374355328822374216474995072428966535091173758|KXBTCRESERVE-26-JAN01,policy_action|create|national_bitcoin_reserve|united_states|year:2025,policy_action,uma_risk_exposed,516937,US national Bitcoin reserve in 2025?,0,Yes,83894672511259544049673946661753374355328822374216474995072428966535091173758,False,binary_yes_token_price,KXBTCRESERVE-26-JAN01,"Will Trump create a National Bitcoin Reserve before Jan 1, 2026?","Before Jan 1, 2026",5526758.797978,5526758.797978,0.32,0.31,0.010000000000000009,2025-07-01 04:47:23-07:00,2025-07-01 03:34:29.465681-07:00,0.78,deterministic_contract_key
zelensky_suit,2025-06-30,2025-07-08,2025_07_01_open_0500_PT,2025-07-01 12:00:00+00:00,2025-07-01 05:00:00-07:00,2025-07-01,1,1,policy_action|eliminate|department_of_education|united_states|year:2025|523188|60661165588332286306443081468695135979348107944620337686282849990456442563142|KXDOED-26-JAN01,policy_action|eliminate|department_of_education|united_states|year:2025,policy_action,uma_risk_exposed,523188,Will Trump end Department of Education in 2025?,0,Yes,60661165588332286306443081468695135979348107944620337686282849990456442563142,False,binary_yes_token_price,KXDOED-26-JAN01,"Will the Department of Education be eliminated before Jan 1, 2026?","Before Jan 1, 2026",900396.416301,900396.416301,0.07,0.06,0.010000000000000009,2025-06-30 23:24:53-07:00,2025-07-01 00:15:19.488714-07:00,0.78,deterministic_contract_key
zelensky_suit,2025-06-30,2025-07-08,2025_07_01_open_0500_PT,2025-07-01 12:00:00+00:00,2025-07-01 05:00:00-07:00,2025-07-01,1,1,policy_action|start|recession|united_states|year:2025|516710|104173557214744537570424345347209544585775842950109756851652855913015295701992|RECSSNBER-25,policy_action|start|recession|united_states|year:2025,policy_action,uma_risk_exposed,516710,US recession in 2025?,0,Yes,104173557214744537570424345347209544585775842950109756851652855913015295701992,False,binary_yes_token_price,RECSSNBER-25,Will there be a recession in 2025?,Starts,11734512.428529,11734512.428529,0.2599999927199999,0.24,0.019999992719999915,2025-07-01 04:27:57-07:00,2025-07-01 03:09:32.695066-07:00,0.78,deterministic_contract_key
zelensky_suit,2025-06-30,2025-07-08,2025_07_01_close_1700_PT,2025-07-02 00:00:00+00:00,2025-07-01 17:00:00-07:00,2025-07-01,1,1,election|win|andr_nico_rodr_guez|bolivia_president|year:2025|2025|543259|21349083717605037525723335754807560771874175181325455859992777238860289139531|KXBOLIVIAPRES-25-AR,election|win|andr_nico_rodr_guez|bolivia_president|year:2025|2025,election,uma_risk_exposed,543259,Will Andrónico Rodríguez win the 2025 Bolivia presidential election?,0,Yes,21349083717605037525723335754807560771874175181325455859992777238860289139531,False,binary_yes_token_price,KXBOLIVIAPRES-25-AR,Who will win the Bolivian presidential election?,Andrónico Rodríguez,7326758.679552,7326758.679552,0.3,0.26,0.03999999999999998,2025-07-01 14:50:30-07:00,2025-07-01 09:23:16.286389-07:00,0.78,deterministic_contract_key
zelensky_suit,2025-06-30,2025-07-08,2025_07_01_close_1700_PT,2025-07-02 00:00:00+00:00,2025-07-01 17:00:00-07:00,2025-07-01,1,1,election|win|branko_marinkovi|bolivia_president|year:2025|2025|543274|17849683858069937637491725401516486250615904612932801425636311554981022266375|KXBOLIVIAPRES-25-BM,election|win|branko_marinkovi|bolivia_president|year:2025|2025,election,uma_risk_exposed,543274,Will Branko Marinković win the 2025 Bolivia presidential election?,0,Yes,17849683858069937637491725401516486250615904612932801425636311554981022266375,False,binary_yes_token_price,KXBOLIVIAPRES-25-BM,Who will win the Bolivian presidential election?,Branko Marinković,337382.708581,337382.708581,0.001,0.09,-0.089,2025-07-01 10:19:35-07:00,2025-06-21 10:37:22.687062-07:00,0.78,deterministic_contract_key
zelensky_suit,2025-06-30,2025-07-08,2025_07_01_close_1700_PT,2025-07-02 00:00:00+00:00,2025-07-01 17:00:00-07:00,2025-07-01,1,1,election|win|chi_hyun_chung|bolivia_president|year:2025|2025|543263|65182144144608433456123000312637003192540674831461667961211058718188030456494|KXBOLIVIAPRES-25-CHC,election|win|chi_hyun_chung|bolivia_president|year:2025|2025,election,uma_risk_exposed,543263,Will Chi Hyun Chung win the 2025 Bolivia presidential election?,0,Yes,65182144144608433456123000312637003192540674831461667961211058718188030456494,False,binary_yes_token_price,KXBOLIVIAPRES-25-CHC,Who will win the Bolivian presidential election?,Chi Hyun Chung,119579.506818,119579.506818,0.002,0.06,-0.057999999999999996,2025-07-01 10:27:57-07:00,2025-06-03 12:59:43.587279-07:00,0.78,deterministic_contract_key
zelensky_suit,2025-06-30,2025-07-08,2025_07_01_close_1700_PT,2025-07-02 00:00:00+00:00,2025-07-01 17:00:00-07:00,2025-07-01,1,1,election|win|jack_ciattarelli|new_jersey_governor|year:2025|2025|551143|53937473648188783569836457104933054364348579768036516690207399280597410899636|GOVPARTYNJ-25-R,election|win|jack_ciattarelli|new_jersey_governor|year:2025|2025,election,uma_risk_exposed,551143,Will Jack Ciattarelli win the New Jersey Governor Election in 2025,0,Yes,53937473648188783569836457104933054364348579768036516690207399280597410899636,False,binary_yes_token_price,GOVPARTYNJ-25-R,Will Jack Ciattarelli win the 2025 New Jersey gubernatorial election?,Jack Ciattarelli,6037389.579269,6037389.579269,0.19,0.21,-0.01999999999999999,2025-07-01 15:52:20-07:00,2025-07-01 10:34:53.517964-07:00,0.78,deterministic_contract_key
zelensky_suit,2025-06-30,2025-07-08,2025_07_01_close_1700_PT,2025-07-02 00:00:00+00:00,2025-07-01 17:00:00-07:00,2025-07-01,1,1,election|win|luis_arce|bolivia_president|year:2025|2025|543258|111174020960637389416810264600941186414004753111164399059354703606902594067832|KXBOLIVIAPRES-25-LA,election|win|luis_arce|bolivia_president|year:2025|2025,election,uma_risk_exposed,543258,Will Luis Arce win the 2025 Bolivia presidential election?,0,Yes,111174020960637389416810264600941186414004753111164399059354703606902594067832,False,binary_yes_token_price,KXBOLIVIAPRES-25-LA,Who will win the Bolivian presidential election?,Luis Arce,203278.343149,203278.343149,0.001,0.04,-0.039,2025-07-01 10:19:35-07:00,2025-06-19 13:55:54.437219-07:00,0.78,deterministic_contract_key
zelensky_suit,2025-06-30,2025-07-08,2025_07_01_close_1700_PT,2025-07-02 00:00:00+00:00,2025-07-01 17:00:00-07:00,2025-07-01,1,1,election|win|manfred_reyes_villa|bolivia_president|year:2025|2025|543261|6152631328921183884174711861052249809252829304303011603856221267194446351460|KXBOLIVIAPRES-25-MRV,election|win|manfred_reyes_villa|bolivia_president|year:2025|2025,election,uma_risk_exposed,543261,Will Manfred Reyes Villa win the 2025 Bolivia presidential election?,0,Yes,6152631328921183884174711861052249809252829304303011603856221267194446351460,False,binary_yes_token_price,KXBOLIVIAPRES-25-MRV,Who will win the Bolivian presidential election?,Manfred Reyes Villa,842586.658604,842586.658604,0.07,0.09,-0.01999999999999999,2025-07-01 14:00:57-07:00,2025-07-01 13:54:48.365351-07:00,0.78,deterministic_contract_key
zelensky_suit,2025-06-30,2025-07-08,2025_07_01_close_1700_PT,2025-07-02 00:00:00+00:00,2025-07-01 17:00:00-07:00,2025-07-01,1,1,election|win|mikie_sherrill|new_jersey_governor|year:2025|2025|551137|23056089932958374419797522644901592808991002026498053086166940911059008923379|GOVPARTYNJ-25-D,election|win|mikie_sherrill|new_jersey_governor|year:2025|2025,election,uma_risk_exposed,551137,Will Mikie Sherrill win the New Jersey Governor Election in 2025,0,Yes,23056089932958374419797522644901592808991002026498053086166940911059008923379,False,binary_yes_token_price,GOVPARTYNJ-25-D,Will Mikie Sherrill win the 2025 New Jersey gubernatorial election?,Mikie Sherrill,7479198.557189,7479198.557189,0.81,0.79,0.020000000000000018,2025-07-01 06:43:21-07:00,2025-07-01 10:34:45.308560-07:00,0.78,deterministic_contract_key
zelensky_suit,2025-06-30,2025-07-08,2025_07_01_close_1700_PT,2025-07-02 00:00:00+00:00,2025-07-01 17:00:00-07:00,2025-07-01,1,1,election|win|samuel_doria_medina|bolivia_president|year:2025|2025|543260|86337476411225396782940416611040694123774553224828196996839974817619931765236|KXBOLIVIAPRES-25-SDM,election|win|samuel_doria_medina|bolivia_president|year:2025|2025,election,uma_risk_exposed,543260,Will Samuel Doria Medina win the 2025 Bolivia presidential election?,0,Yes,86337476411225396782940416611040694123774553224828196996839974817619931765236,False,binary_yes_token_price,KXBOLIVIAPRES-25-SDM,Who will win the Bolivian presidential election?,Samuel Doria Medina,1166200.271818,1166200.271818,0.37000019990416716,0.41,-0.039999800095832816,2025-07-01 16:04:22-07:00,2025-07-01 15:09:04.186610-07:00,0.78,deterministic_contract_key
zelensky_suit,2025-06-30,2025-07-08,2025_07_01_close_1700_PT,2025-07-02 00:00:00+00:00,2025-07-01 17:00:00-07:00,2025-07-01,1,1,leader_contact|meet|donald_trump|vladimir_putin|year:2025|536502|38401695605203516602153122926538006647911743428951157094417724792317068872612|KXWLEADER-25-VP,leader_contact|meet|donald_trump|vladimir_putin|year:2025,leader_contact,uma_risk_exposed,536502,Will Trump meet with Vladimir Putin in 2025?,0,Yes,38401695605203516602153122926538006647911743428951157094417724792317068872612,False,binary_yes_token_price,KXWLEADER-25-VP,Will Trump meet with Vladimir Putin before 2026?,Vladimir Putin,471641.4171,471641.4171,0.39,0.42,-0.02999999999999997,2025-07-01 11:43:11-07:00,2025-07-01 11:01:16.588308-07:00,0.92,deterministic_contract_key
zelensky_suit,2025-06-30,2025-07-08,2025_07_01_close_1700_PT,2025-07-02 00:00:00+00:00,2025-07-01 17:00:00-07:00,2025-07-01,1,1,leader_contact|visit|donald_trump|israel|before:2025-08-01|555433|75803083113304481871189130325120880199300493552616311390383002363547475167443|KXTRUMPVISITISRAEL-25,leader_contact|visit|donald_trump|israel|before:2025-08-01,leader_contact,uma_risk_exposed,555433,Will Trump visit Israel before August?,0,Yes,75803083113304481871189130325120880199300493552616311390383002363547475167443,False,binary_yes_token_price,KXTRUMPVISITISRAEL-25,"Will Trump visit Israel before Aug 1, 2025?","Before Aug 1, 2025",31959.539865,31959.539865,0.06999993629999426,0.03,0.039999936299994265,2025-07-01 15:11:20-07:00,2025-07-01 10:41:58.325545-07:00,0.92,deterministic_contract_key
zelensky_suit,2025-06-30,2025-07-08,2025_07_01_close_1700_PT,2025-07-02 00:00:00+00:00,2025-07-01 17:00:00-07:00,2025-07-01,1,1,office_exit|leave_office|jerome_powell|year:2025|520930|44446628319261786751896876365833910598445252343588252409740203088317210950410|LEAVEPOWELL-25-DEC31,office_exit|leave_office|jerome_powell|year:2025,office_exit,uma_risk_exposed,520930,Jerome Powell out as Fed Chair in 2025?,0,Yes,44446628319261786751896876365833910598445252343588252409740203088317210950410,False,binary_yes_token_price,LEAVEPOWELL-25-DEC31,Powell leaves before 2026?,Before 2026,11760101.336012,11760101.336012,0.13,0.15,-0.01999999999999999,2025-07-01 16:39:39-07:00,2025-07-01 15:15:44.624844-07:00,0.88,deterministic_contract_key
zelensky_suit,2025-06-30,2025-07-08,2025_07_01_close_1700_PT,2025-07-02 00:00:00+00:00,2025-07-01 17:00:00-07:00,2025-07-01,1,1,office_exit|leave_office|vladimir_putin|year:2025|527807|96309695544495520203095223116782609207881514291963878378807412991184449319557|KXLEADEROUT-25-VPUT,office_exit|leave_office|vladimir_putin|year:2025,office_exit,uma_risk_exposed,527807,Will Vladimir Putin be the first leader out in 2025?,0,Yes,96309695544495520203095223116782609207881514291963878378807412991184449319557,False,binary_yes_token_price,KXLEADEROUT-25-VPUT,Vladimir Putin out this year?,Vladimir Putin,1782662.475384,1782662.475384,0.017,0.03,-0.012999999999999998,2025-07-01 13:04:53-07:00,2025-06-25 10:59:21.286321-07:00,0.88,deterministic_contract_key
zelensky_suit,2025-06-30,2025-07-08,2025_07_01_close_1700_PT,2025-07-02 00:00:00+00:00,2025-07-01 17:00:00-07:00,2025-07-01,1,1,office_exit|leave_office|xi_jinping|year:2025|527808|58879554417654245921504722538657003216070105934999990003805612960977670880586|KXLEADEROUT-25-XJIN,office_exit|leave_office|xi_jinping|year:2025,office_exit,uma_risk_exposed,527808,Will Xi Jinping be the first leader out in 2025?,0,Yes,58879554417654245921504722538657003216070105934999990003805612960977670880586,False,binary_yes_token_price,KXLEADEROUT-25-XJIN,Xi Jinping out this year?,Xi Jinping,1833966.373545,1833966.373545,0.054,0.01,0.044,2025-07-01 16:59:55-07:00,2025-07-01 03:54:43.354352-07:00,0.88,deterministic_contract_key
zelensky_suit,2025-06-30,2025-07-08,2025_07_01_close_1700_PT,2025-07-02 00:00:00+00:00,2025-07-01 17:00:00-07:00,2025-07-01,1,1,office_exit|leave_office|xi_jinping|year:2025|551963|114304586861386186441621124384163963092522056897081085884483958561365015034812|KXLEADEROUT-25-XJIN,office_exit|leave_office|xi_jinping|year:2025,office_exit,uma_risk_exposed,551963,Xi Jinping out in 2025?,0,Yes,114304586861386186441621124384163963092522056897081085884483958561365015034812,False,binary_yes_token_price,KXLEADEROUT-25-XJIN,Xi Jinping out this year?,Xi Jinping,78655911.742866,78655911.742866,0.11000000044500002,0.01,0.10000000044500003,2025-07-01 16:19:00-07:00,2025-07-01 03:54:43.354352-07:00,0.88,deterministic_contract_key
zelensky_suit,2025-06-30,2025-07-08,2025_07_01_close_1700_PT,2025-07-02 00:00:00+00:00,2025-07-01 17:00:00-07:00,2025-07-01,1,1,office_exit|resign|volodymyr_zelenskyy|year:2025|525157|74129046843921940913413587682588886122583847748489066762857187137233978267670|KXUKRAINERESIGN-26,office_exit|resign|volodymyr_zelenskyy|year:2025,office_exit,uma_risk_exposed,525157,Zelensky resigns in 2025?,0,Yes,74129046843921940913413587682588886122583847748489066762857187137233978267670,False,binary_yes_token_price,KXUKRAINERESIGN-26,"Will Volodymyr Zelenskyy resign before Jan 1, 2026?",Before 2026,639799.279247,639799.279247,0.0899999189999919,0.06,0.02999991899999191,2025-06-28 05:56:54-07:00,2025-07-01 05:31:10.475235-07:00,0.88,deterministic_contract_key
zelensky_suit,2025-06-30,2025-07-08,2025_07_01_close_1700_PT,2025-07-02 00:00:00+00:00,2025-07-01 17:00:00-07:00,2025-07-01,1,1,policy_action|create|national_bitcoin_reserve|united_states|year:2025|516937|83894672511259544049673946661753374355328822374216474995072428966535091173758|KXBTCRESERVE-26-JAN01,policy_action|create|national_bitcoin_reserve|united_states|year:2025,policy_action,uma_risk_exposed,516937,US national Bitcoin reserve in 2025?,0,Yes,83894672511259544049673946661753374355328822374216474995072428966535091173758,False,binary_yes_token_price,KXBTCRESERVE-26-JAN01,"Will Trump create a National Bitcoin Reserve before Jan 1, 2026?","Before Jan 1, 2026",5526758.797978,5526758.797978,0.3299999922449998,0.32,0.009999992244999811,2025-07-01 16:21:08-07:00,2025-07-01 14:34:12.871414-07:00,0.78,deterministic_contract_key
zelensky_suit,2025-06-30,2025-07-08,2025_07_01_close_1700_PT,2025-07-02 00:00:00+00:00,2025-07-01 17:00:00-07:00,2025-07-01,1,1,policy_action|eliminate|department_of_education|united_states|year:2025|523188|60661165588332286306443081468695135979348107944620337686282849990456442563142|KXDOED-26-JAN01,policy_action|eliminate|department_of_education|united_states|year:2025,policy_action,uma_risk_exposed,523188,Will Trump end Department of Education in 2025?,0,Yes,60661165588332286306443081468695135979348107944620337686282849990456442563142,False,binary_yes_token_price,KXDOED-26-JAN01,"Will the Department of Education be eliminated before Jan 1, 2026?","Before Jan 1, 2026",900396.416301,900396.416301,0.072,0.06,0.011999999999999997,2025-07-01 14:14:08-07:00,2025-07-01 13:42:59.167883-07:00,0.78,deterministic_contract_key
zelensky_suit,2025-06-30,2025-07-08,2025_07_01_close_1700_PT,2025-07-02 00:00:00+00:00,2025-07-01 17:00:00-07:00,2025-07-01,1,1,policy_action|start|recession|united_states|year:2025|516710|104173557214744537570424345347209544585775842950109756851652855913015295701992|RECSSNBER-25,policy_action|start|recession|united_states|year:2025,policy_action,uma_risk_exposed,516710,US recession in 2025?,0,Yes,104173557214744537570424345347209544585775842950109756851652855913015295701992,False,binary_yes_token_price,RECSSNBER-25,Will there be a recession in 2025?,Starts,11734512.428529,11734512.428529,0.25,0.23,0.01999999999999999,2025-07-01 16:57:53-07:00,2025-07-01 15:26:01.254235-07:00,0.78,deterministic_contract_key
zelensky_suit,2025-06-30,2025-07-08,2025_07_02_open_0500_PT,2025-07-02 12:00:00+00:00,2025-07-02 05:00:00-07:00,2025-07-02,2,1,election|win|andr_nico_rodr_guez|bolivia_president|year:2025|2025|543259|21349083717605037525723335754807560771874175181325455859992777238860289139531|KXBOLIVIAPRES-25-AR,election|win|andr_nico_rodr_guez|bolivia_president|year:2025|2025,election,uma_risk_exposed,543259,Will Andrónico Rodríguez win the 2025 Bolivia presidential election?,0,Yes,21349083717605037525723335754807560771874175181325455859992777238860289139531,False,binary_yes_token_price,KXBOLIVIAPRES-25-AR,Who will win the Bolivian presidential election?,Andrónico Rodríguez,7326758.679552,7326758.679552,0.31,0.26,0.04999999999999999,2025-07-02 04:50:39-07:00,2025-07-01 09:23:16.286389-07:00,0.78,deterministic_contract_key
zelensky_suit,2025-06-30,2025-07-08,2025_07_02_open_0500_PT,2025-07-02 12:00:00+00:00,2025-07-02 05:00:00-07:00,2025-07-02,2,1,election|win|branko_marinkovi|bolivia_president|year:2025|2025|543274|17849683858069937637491725401516486250615904612932801425636311554981022266375|KXBOLIVIAPRES-25-BM,election|win|branko_marinkovi|bolivia_president|year:2025|2025,election,uma_risk_exposed,543274,Will Branko Marinković win the 2025 Bolivia presidential election?,0,Yes,17849683858069937637491725401516486250615904612932801425636311554981022266375,False,binary_yes_token_price,KXBOLIVIAPRES-25-BM,Who will win the Bolivian presidential election?,Branko Marinković,337382.708581,337382.708581,0.001,0.09,-0.089,2025-07-02 04:50:41-07:00,2025-06-21 10:37:22.687062-07:00,0.78,deterministic_contract_key
zelensky_suit,2025-06-30,2025-07-08,2025_07_02_open_0500_PT,2025-07-02 12:00:00+00:00,2025-07-02 05:00:00-07:00,2025-07-02,2,1,election|win|chi_hyun_chung|bolivia_president|year:2025|2025|543263|65182144144608433456123000312637003192540674831461667961211058718188030456494|KXBOLIVIAPRES-25-CHC,election|win|chi_hyun_chung|bolivia_president|year:2025|2025,election,uma_risk_exposed,543263,Will Chi Hyun Chung win the 2025 Bolivia presidential election?,0,Yes,65182144144608433456123000312637003192540674831461667961211058718188030456494,False,binary_yes_token_price,KXBOLIVIAPRES-25-CHC,Who will win the Bolivian presidential election?,Chi Hyun Chung,119579.506818,119579.506818,0.003,0.06,-0.056999999999999995,2025-07-02 04:50:41-07:00,2025-06-03 12:59:43.587279-07:00,0.78,deterministic_contract_key
zelensky_suit,2025-06-30,2025-07-08,2025_07_02_open_0500_PT,2025-07-02 12:00:00+00:00,2025-07-02 05:00:00-07:00,2025-07-02,2,1,election|win|jack_ciattarelli|new_jersey_governor|year:2025|2025|551143|53937473648188783569836457104933054364348579768036516690207399280597410899636|GOVPARTYNJ-25-R,election|win|jack_ciattarelli|new_jersey_governor|year:2025|2025,election,uma_risk_exposed,551143,Will Jack Ciattarelli win the New Jersey Governor Election in 2025,0,Yes,53937473648188783569836457104933054364348579768036516690207399280597410899636,False,binary_yes_token_price,GOVPARTYNJ-25-R,Will Jack Ciattarelli win the 2025 New Jersey gubernatorial election?,Jack Ciattarelli,6037389.579269,6037389.579269,0.17,0.2,-0.03,2025-07-02 03:27:57-07:00,2025-07-02 01:28:02.471606-07:00,0.78,deterministic_contract_key
zelensky_suit,2025-06-30,2025-07-08,2025_07_02_open_0500_PT,2025-07-02 12:00:00+00:00,2025-07-02 05:00:00-07:00,2025-07-02,2,1,election|win|luis_arce|bolivia_president|year:2025|2025|543258|111174020960637389416810264600941186414004753111164399059354703606902594067832|KXBOLIVIAPRES-25-LA,election|win|luis_arce|bolivia_president|year:2025|2025,election,uma_risk_exposed,543258,Will Luis Arce win the 2025 Bolivia presidential election?,0,Yes,111174020960637389416810264600941186414004753111164399059354703606902594067832,False,binary_yes_token_price,KXBOLIVIAPRES-25-LA,Who will win the Bolivian presidential election?,Luis Arce,203278.343149,203278.343149,0.001,0.04,-0.039,2025-07-02 04:50:41-07:00,2025-06-19 13:55:54.437219-07:00,0.78,deterministic_contract_key
zelensky_suit,2025-06-30,2025-07-08,2025_07_02_open_0500_PT,2025-07-02 12:00:00+00:00,2025-07-02 05:00:00-07:00,2025-07-02,2,1,election|win|manfred_reyes_villa|bolivia_president|year:2025|2025|543261|6152631328921183884174711861052249809252829304303011603856221267194446351460|KXBOLIVIAPRES-25-MRV,election|win|manfred_reyes_villa|bolivia_president|year:2025|2025,election,uma_risk_exposed,543261,Will Manfred Reyes Villa win the 2025 Bolivia presidential election?,0,Yes,6152631328921183884174711861052249809252829304303011603856221267194446351460,False,binary_yes_token_price,KXBOLIVIAPRES-25-MRV,Who will win the Bolivian presidential election?,Manfred Reyes Villa,842586.658604,842586.658604,0.06,0.09,-0.03,2025-07-02 03:09:55-07:00,2025-07-01 13:54:48.365351-07:00,0.78,deterministic_contract_key
zelensky_suit,2025-06-30,2025-07-08,2025_07_02_open_0500_PT,2025-07-02 12:00:00+00:00,2025-07-02 05:00:00-07:00,2025-07-02,2,1,election|win|mikie_sherrill|new_jersey_governor|year:2025|2025|551137|23056089932958374419797522644901592808991002026498053086166940911059008923379|GOVPARTYNJ-25-D,election|win|mikie_sherrill|new_jersey_governor|year:2025|2025,election,uma_risk_exposed,551137,Will Mikie Sherrill win the New Jersey Governor Election in 2025,0,Yes,23056089932958374419797522644901592808991002026498053086166940911059008923379,False,binary_yes_token_price,GOVPARTYNJ-25-D,Will Mikie Sherrill win the 2025 New Jersey gubernatorial election?,Mikie Sherrill,7479198.557189,7479198.557189,0.81,0.81,0.0,2025-07-02 01:52:34-07:00,2025-07-02 03:49:04.115258-07:00,0.78,deterministic_contract_key
zelensky_suit,2025-06-30,2025-07-08,2025_07_02_open_0500_PT,2025-07-02 12:00:00+00:00,2025-07-02 05:00:00-07:00,2025-07-02,2,1,election|win|samuel_doria_medina|bolivia_president|year:2025|2025|543260|86337476411225396782940416611040694123774553224828196996839974817619931765236|KXBOLIVIAPRES-25-SDM,election|win|samuel_doria_medina|bolivia_president|year:2025|2025,election,uma_risk_exposed,543260,Will Samuel Doria Medina win the 2025 Bolivia presidential election?,0,Yes,86337476411225396782940416611040694123774553224828196996839974817619931765236,False,binary_yes_token_price,KXBOLIVIAPRES-25-SDM,Who will win the Bolivian presidential election?,Samuel Doria Medina,1166200.271818,1166200.271818,0.39,0.43,-0.03999999999999998,2025-07-02 04:50:39-07:00,2025-07-02 04:11:26.685055-07:00,0.78,deterministic_contract_key
zelensky_suit,2025-06-30,2025-07-08,2025_07_02_open_0500_PT,2025-07-02 12:00:00+00:00,2025-07-02 05:00:00-07:00,2025-07-02,2,1,leader_contact|meet|donald_trump|vladimir_putin|year:2025|536502|38401695605203516602153122926538006647911743428951157094417724792317068872612|KXWLEADER-25-VP,leader_contact|meet|donald_trump|vladimir_putin|year:2025,leader_contact,uma_risk_exposed,536502,Will Trump meet with Vladimir Putin in 2025?,0,Yes,38401695605203516602153122926538006647911743428951157094417724792317068872612,False,binary_yes_token_price,KXWLEADER-25-VP,Will Trump meet with Vladimir Putin before 2026?,Vladimir Putin,471641.4171,471641.4171,0.370000023625005,0.42,-0.04999997637499498,2025-07-02 02:30:15-07:00,2025-07-02 04:56:52.633880-07:00,0.92,deterministic_contract_key
zelensky_suit,2025-06-30,2025-07-08,2025_07_02_open_0500_PT,2025-07-02 12:00:00+00:00,2025-07-02 05:00:00-07:00,2025-07-02,2,1,leader_contact|visit|donald_trump|israel|before:2025-08-01|555433|75803083113304481871189130325120880199300493552616311390383002363547475167443|KXTRUMPVISITISRAEL-25,leader_contact|visit|donald_trump|israel|before:2025-08-01,leader_contact,uma_risk_exposed,555433,Will Trump visit Israel before August?,0,Yes,75803083113304481871189130325120880199300493552616311390383002363547475167443,False,binary_yes_token_price,KXTRUMPVISITISRAEL-25,"Will Trump visit Israel before Aug 1, 2025?","Before Aug 1, 2025",31959.539865,31959.539865,0.03,0.09,-0.06,2025-07-02 02:34:21-07:00,2025-07-02 03:39:21.074929-07:00,0.92,deterministic_contract_key
zelensky_suit,2025-06-30,2025-07-08,2025_07_02_open_0500_PT,2025-07-02 12:00:00+00:00,2025-07-02 05:00:00-07:00,2025-07-02,2,1,office_exit|leave_office|jerome_powell|year:2025|520930|44446628319261786751896876365833910598445252343588252409740203088317210950410|LEAVEPOWELL-25-DEC31,office_exit|leave_office|jerome_powell|year:2025,office_exit,uma_risk_exposed,520930,Jerome Powell out as Fed Chair in 2025?,0,Yes,44446628319261786751896876365833910598445252343588252409740203088317210950410,False,binary_yes_token_price,LEAVEPOWELL-25-DEC31,Powell leaves before 2026?,Before 2026,11760101.336012,11760101.336012,0.12000000188804746,0.16,-0.03999999811195254,2025-07-02 04:12:19-07:00,2025-07-02 04:54:01.140452-07:00,0.88,deterministic_contract_key
zelensky_suit,2025-06-30,2025-07-08,2025_07_02_open_0500_PT,2025-07-02 12:00:00+00:00,2025-07-02 05:00:00-07:00,2025-07-02,2,1,office_exit|leave_office|vladimir_putin|year:2025|527807|96309695544495520203095223116782609207881514291963878378807412991184449319557|KXLEADEROUT-25-VPUT,office_exit|leave_office|vladimir_putin|year:2025,office_exit,uma_risk_exposed,527807,Will Vladimir Putin be the first leader out in 2025?,0,Yes,96309695544495520203095223116782609207881514291963878378807412991184449319557,False,binary_yes_token_price,KXLEADEROUT-25-VPUT,Vladimir Putin out this year?,Vladimir Putin,1782662.475384,1782662.475384,0.016,0.01,0.006,2025-07-02 03:35:19-07:00,2025-07-02 03:06:14.547636-07:00,0.88,deterministic_contract_key
zelensky_suit,2025-06-30,2025-07-08,2025_07_02_open_0500_PT,2025-07-02 12:00:00+00:00,2025-07-02 05:00:00-07:00,2025-07-02,2,1,office_exit|leave_office|xi_jinping|year:2025|527808|58879554417654245921504722538657003216070105934999990003805612960977670880586|KXLEADEROUT-25-XJIN,office_exit|leave_office|xi_jinping|year:2025,office_exit,uma_risk_exposed,527808,Will Xi Jinping be the first leader out in 2025?,0,Yes,58879554417654245921504722538657003216070105934999990003805612960977670880586,False,binary_yes_token_price,KXLEADEROUT-25-XJIN,Xi Jinping out this year?,Xi Jinping,1833966.373545,1833966.373545,0.073,0.02,0.05299999999999999,2025-07-02 04:39:39-07:00,2025-07-01 23:27:44.821824-07:00,0.88,deterministic_contract_key
zelensky_suit,2025-06-30,2025-07-08,2025_07_02_open_0500_PT,2025-07-02 12:00:00+00:00,2025-07-02 05:00:00-07:00,2025-07-02,2,1,office_exit|leave_office|xi_jinping|year:2025|551963|114304586861386186441621124384163963092522056897081085884483958561365015034812|KXLEADEROUT-25-XJIN,office_exit|leave_office|xi_jinping|year:2025,office_exit,uma_risk_exposed,551963,Xi Jinping out in 2025?,0,Yes,114304586861386186441621124384163963092522056897081085884483958561365015034812,False,binary_yes_token_price,KXLEADEROUT-25-XJIN,Xi Jinping out this year?,Xi Jinping,78655911.742866,78655911.742866,0.1,0.02,0.08,2025-07-02 04:36:01-07:00,2025-07-01 23:27:44.821824-07:00,0.88,deterministic_contract_key
zelensky_suit,2025-06-30,2025-07-08,2025_07_02_open_0500_PT,2025-07-02 12:00:00+00:00,2025-07-02 05:00:00-07:00,2025-07-02,2,1,office_exit|resign|volodymyr_zelenskyy|year:2025|525157|74129046843921940913413587682588886122583847748489066762857187137233978267670|KXUKRAINERESIGN-26,office_exit|resign|volodymyr_zelenskyy|year:2025,office_exit,uma_risk_exposed,525157,Zelensky resigns in 2025?,0,Yes,74129046843921940913413587682588886122583847748489066762857187137233978267670,False,binary_yes_token_price,KXUKRAINERESIGN-26,"Will Volodymyr Zelenskyy resign before Jan 1, 2026?",Before 2026,639799.279247,639799.279247,0.0899999189999919,0.06,0.02999991899999191,2025-06-28 05:56:54-07:00,2025-07-02 02:13:38.239491-07:00,0.88,deterministic_contract_key
zelensky_suit,2025-06-30,2025-07-08,2025_07_02_open_0500_PT,2025-07-02 12:00:00+00:00,2025-07-02 05:00:00-07:00,2025-07-02,2,1,policy_action|create|national_bitcoin_reserve|united_states|year:2025|516937|83894672511259544049673946661753374355328822374216474995072428966535091173758|KXBTCRESERVE-26-JAN01,policy_action|create|national_bitcoin_reserve|united_states|year:2025,policy_action,uma_risk_exposed,516937,US national Bitcoin reserve in 2025?,0,Yes,83894672511259544049673946661753374355328822374216474995072428966535091173758,False,binary_yes_token_price,KXBTCRESERVE-26-JAN01,"Will Trump create a National Bitcoin Reserve before Jan 1, 2026?","Before Jan 1, 2026",5526758.797978,5526758.797978,0.31,0.3,0.010000000000000009,2025-07-02 02:12:18-07:00,2025-07-02 03:51:08.103633-07:00,0.78,deterministic_contract_key
zelensky_suit,2025-06-30,2025-07-08,2025_07_02_open_0500_PT,2025-07-02 12:00:00+00:00,2025-07-02 05:00:00-07:00,2025-07-02,2,1,policy_action|eliminate|department_of_education|united_states|year:2025|523188|60661165588332286306443081468695135979348107944620337686282849990456442563142|KXDOED-26-JAN01,policy_action|eliminate|department_of_education|united_states|year:2025,policy_action,uma_risk_exposed,523188,Will Trump end Department of Education in 2025?,0,Yes,60661165588332286306443081468695135979348107944620337686282849990456442563142,False,binary_yes_token_price,KXDOED-26-JAN01,"Will the Department of Education be eliminated before Jan 1, 2026?","Before Jan 1, 2026",900396.416301,900396.416301,0.072,0.08,-0.008000000000000007,2025-07-01 20:23:29-07:00,2025-07-02 01:26:25.900288-07:00,0.78,deterministic_contract_key
zelensky_suit,2025-06-30,2025-07-08,2025_07_02_open_0500_PT,2025-07-02 12:00:00+00:00,2025-07-02 05:00:00-07:00,2025-07-02,2,1,policy_action|start|recession|united_states|year:2025|516710|104173557214744537570424345347209544585775842950109756851652855913015295701992|RECSSNBER-25,policy_action|start|recession|united_states|year:2025,policy_action,uma_risk_exposed,516710,US recession in 2025?,0,Yes,104173557214744537570424345347209544585775842950109756851652855913015295701992,False,binary_yes_token_price,RECSSNBER-25,Will there be a recession in 2025?,Starts,11734512.428529,11734512.428529,0.24,0.25,-0.010000000000000009,2025-07-02 04:45:07-07:00,2025-07-02 04:27:22.570920-07:00,0.78,deterministic_contract_key
zelensky_suit,2025-06-30,2025-07-08,2025_07_02_close_1700_PT,2025-07-03 00:00:00+00:00,2025-07-02 17:00:00-07:00,2025-07-02,2,1,election|win|andr_nico_rodr_guez|bolivia_president|year:2025|2025|543259|21349083717605037525723335754807560771874175181325455859992777238860289139531|KXBOLIVIAPRES-25-AR,election|win|andr_nico_rodr_guez|bolivia_president|year:2025|2025,election,uma_risk_exposed,543259,Will Andrónico Rodríguez win the 2025 Bolivia presidential election?,0,Yes,21349083717605037525723335754807560771874175181325455859992777238860289139531,False,binary_yes_token_price,KXBOLIVIAPRES-25-AR,Who will win the Bolivian presidential election?,Andrónico Rodríguez,7326758.679552,7326758.679552,0.3,0.25,0.04999999999999999,2025-07-02 16:51:32-07:00,2025-07-02 14:07:54.179707-07:00,0.78,deterministic_contract_key
zelensky_suit,2025-06-30,2025-07-08,2025_07_02_close_1700_PT,2025-07-03 00:00:00+00:00,2025-07-02 17:00:00-07:00,2025-07-02,2,1,election|win|branko_marinkovi|bolivia_president|year:2025|2025|543274|17849683858069937637491725401516486250615904612932801425636311554981022266375|KXBOLIVIAPRES-25-BM,election|win|branko_marinkovi|bolivia_president|year:2025|2025,election,uma_risk_exposed,543274,Will Branko Marinković win the 2025 Bolivia presidential election?,0,Yes,17849683858069937637491725401516486250615904612932801425636311554981022266375,False,binary_yes_token_price,KXBOLIVIAPRES-25-BM,Who will win the Bolivian presidential election?,Branko Marinković,337382.708581,337382.708581,0.001,0.09,-0.089,2025-07-02 16:30:50-07:00,2025-06-21 10:37:22.687062-07:00,0.78,deterministic_contract_key
zelensky_suit,2025-06-30,2025-07-08,2025_07_02_close_1700_PT,2025-07-03 00:00:00+00:00,2025-07-02 17:00:00-07:00,2025-07-02,2,1,election|win|chi_hyun_chung|bolivia_president|year:2025|2025|543263|65182144144608433456123000312637003192540674831461667961211058718188030456494|KXBOLIVIAPRES-25-CHC,election|win|chi_hyun_chung|bolivia_president|year:2025|2025,election,uma_risk_exposed,543263,Will Chi Hyun Chung win the 2025 Bolivia presidential election?,0,Yes,65182144144608433456123000312637003192540674831461667961211058718188030456494,False,binary_yes_token_price,KXBOLIVIAPRES-25-CHC,Who will win the Bolivian presidential election?,Chi Hyun Chung,119579.506818,119579.506818,0.002,0.06,-0.057999999999999996,2025-07-02 16:30:50-07:00,2025-06-03 12:59:43.587279-07:00,0.78,deterministic_contract_key
zelensky_suit,2025-06-30,2025-07-08,2025_07_02_close_1700_PT,2025-07-03 00:00:00+00:00,2025-07-02 17:00:00-07:00,2025-07-02,2,1,election|win|jack_ciattarelli|new_jersey_governor|year:2025|2025|551143|53937473648188783569836457104933054364348579768036516690207399280597410899636|GOVPARTYNJ-25-R,election|win|jack_ciattarelli|new_jersey_governor|year:2025|2025,election,uma_risk_exposed,551143,Will Jack Ciattarelli win the New Jersey Governor Election in 2025,0,Yes,53937473648188783569836457104933054364348579768036516690207399280597410899636,False,binary_yes_token_price,GOVPARTYNJ-25-R,Will Jack Ciattarelli win the 2025 New Jersey gubernatorial election?,Jack Ciattarelli,6037389.579269,6037389.579269,0.17,0.19,-0.01999999999999999,2025-07-02 09:21:49-07:00,2025-07-02 13:39:30.954031-07:00,0.78,deterministic_contract_key
zelensky_suit,2025-06-30,2025-07-08,2025_07_02_close_1700_PT,2025-07-03 00:00:00+00:00,2025-07-02 17:00:00-07:00,2025-07-02,2,1,election|win|luis_arce|bolivia_president|year:2025|2025|543258|111174020960637389416810264600941186414004753111164399059354703606902594067832|KXBOLIVIAPRES-25-LA,election|win|luis_arce|bolivia_president|year:2025|2025,election,uma_risk_exposed,543258,Will Luis Arce win the 2025 Bolivia presidential election?,0,Yes,111174020960637389416810264600941186414004753111164399059354703606902594067832,False,binary_yes_token_price,KXBOLIVIAPRES-25-LA,Who will win the Bolivian presidential election?,Luis Arce,203278.343149,203278.343149,0.001,0.04,-0.039,2025-07-02 16:30:50-07:00,2025-06-19 13:55:54.437219-07:00,0.78,deterministic_contract_key
zelensky_suit,2025-06-30,2025-07-08,2025_07_02_close_1700_PT,2025-07-03 00:00:00+00:00,2025-07-02 17:00:00-07:00,2025-07-02,2,1,election|win|manfred_reyes_villa|bolivia_president|year:2025|2025|543261|6152631328921183884174711861052249809252829304303011603856221267194446351460|KXBOLIVIAPRES-25-MRV,election|win|manfred_reyes_villa|bolivia_president|year:2025|2025,election,uma_risk_exposed,543261,Will Manfred Reyes Villa win the 2025 Bolivia presidential election?,0,Yes,6152631328921183884174711861052249809252829304303011603856221267194446351460,False,binary_yes_token_price,KXBOLIVIAPRES-25-MRV,Who will win the Bolivian presidential election?,Manfred Reyes Villa,842586.658604,842586.658604,0.05,0.09,-0.039999999999999994,2025-07-02 16:39:52-07:00,2025-07-01 13:54:48.365351-07:00,0.78,deterministic_contract_key
zelensky_suit,2025-06-30,2025-07-08,2025_07_02_close_1700_PT,2025-07-03 00:00:00+00:00,2025-07-02 17:00:00-07:00,2025-07-02,2,1,election|win|mikie_sherrill|new_jersey_governor|year:2025|2025|551137|23056089932958374419797522644901592808991002026498053086166940911059008923379|GOVPARTYNJ-25-D,election|win|mikie_sherrill|new_jersey_governor|year:2025|2025,election,uma_risk_exposed,551137,Will Mikie Sherrill win the New Jersey Governor Election in 2025,0,Yes,23056089932958374419797522644901592808991002026498053086166940911059008923379,False,binary_yes_token_price,GOVPARTYNJ-25-D,Will Mikie Sherrill win the 2025 New Jersey gubernatorial election?,Mikie Sherrill,7479198.557189,7479198.557189,0.81,0.81,0.0,2025-07-02 08:44:01-07:00,2025-07-02 16:49:57.877262-07:00,0.78,deterministic_contract_key
zelensky_suit,2025-06-30,2025-07-08,2025_07_02_close_1700_PT,2025-07-03 00:00:00+00:00,2025-07-02 17:00:00-07:00,2025-07-02,2,1,election|win|samuel_doria_medina|bolivia_president|year:2025|2025|543260|86337476411225396782940416611040694123774553224828196996839974817619931765236|KXBOLIVIAPRES-25-SDM,election|win|samuel_doria_medina|bolivia_president|year:2025|2025,election,uma_risk_exposed,543260,Will Samuel Doria Medina win the 2025 Bolivia presidential election?,0,Yes,86337476411225396782940416611040694123774553224828196996839974817619931765236,False,binary_yes_token_price,KXBOLIVIAPRES-25-SDM,Who will win the Bolivian presidential election?,Samuel Doria Medina,1166200.271818,1166200.271818,0.37,0.41,-0.03999999999999998,2025-07-02 16:30:50-07:00,2025-07-02 14:23:58.599227-07:00,0.78,deterministic_contract_key
zelensky_suit,2025-06-30,2025-07-08,2025_07_02_close_1700_PT,2025-07-03 00:00:00+00:00,2025-07-02 17:00:00-07:00,2025-07-02,2,1,leader_contact|meet|donald_trump|vladimir_putin|year:2025|536502|38401695605203516602153122926538006647911743428951157094417724792317068872612|KXWLEADER-25-VP,leader_contact|meet|donald_trump|vladimir_putin|year:2025,leader_contact,uma_risk_exposed,536502,Will Trump meet with Vladimir Putin in 2025?,0,Yes,38401695605203516602153122926538006647911743428951157094417724792317068872612,False,binary_yes_token_price,KXWLEADER-25-VP,Will Trump meet with Vladimir Putin before 2026?,Vladimir Putin,471641.4171,471641.4171,0.370000023625005,0.42,-0.04999997637499498,2025-07-02 02:30:15-07:00,2025-07-02 16:52:13.038102-07:00,0.92,deterministic_contract_key
zelensky_suit,2025-06-30,2025-07-08,2025_07_02_close_1700_PT,2025-07-03 00:00:00+00:00,2025-07-02 17:00:00-07:00,2025-07-02,2,1,leader_contact|visit|donald_trump|israel|before:2025-08-01|555433|75803083113304481871189130325120880199300493552616311390383002363547475167443|KXTRUMPVISITISRAEL-25,leader_contact|visit|donald_trump|israel|before:2025-08-01,leader_contact,uma_risk_exposed,555433,Will Trump visit Israel before August?,0,Yes,75803083113304481871189130325120880199300493552616311390383002363547475167443,False,binary_yes_token_price,KXTRUMPVISITISRAEL-25,"Will Trump visit Israel before Aug 1, 2025?","Before Aug 1, 2025",31959.539865,31959.539865,0.025,0.09,-0.065,2025-07-02 14:12:13-07:00,2025-07-02 16:06:10.906874-07:00,0.92,deterministic_contract_key
zelensky_suit,2025-06-30,2025-07-08,2025_07_02_close_1700_PT,2025-07-03 00:00:00+00:00,2025-07-02 17:00:00-07:00,2025-07-02,2,1,office_exit|leave_office|jerome_powell|year:2025|520930|44446628319261786751896876365833910598445252343588252409740203088317210950410|LEAVEPOWELL-25-DEC31,office_exit|leave_office|jerome_powell|year:2025,office_exit,uma_risk_exposed,520930,Jerome Powell out as Fed Chair in 2025?,0,Yes,44446628319261786751896876365833910598445252343588252409740203088317210950410,False,binary_yes_token_price,LEAVEPOWELL-25-DEC31,Powell leaves before 2026?,Before 2026,11760101.336012,11760101.336012,0.14,0.23,-0.09,2025-07-02 16:40:30-07:00,2025-07-02 16:49:13.969352-07:00,0.88,deterministic_contract_key
zelensky_suit,2025-06-30,2025-07-08,2025_07_02_close_1700_PT,2025-07-03 00:00:00+00:00,2025-07-02 17:00:00-07:00,2025-07-02,2,1,office_exit|leave_office|vladimir_putin|year:2025|527807|96309695544495520203095223116782609207881514291963878378807412991184449319557|KXLEADEROUT-25-VPUT,office_exit|leave_office|vladimir_putin|year:2025,office_exit,uma_risk_exposed,527807,Will Vladimir Putin be the first leader out in 2025?,0,Yes,96309695544495520203095223116782609207881514291963878378807412991184449319557,False,binary_yes_token_price,KXLEADEROUT-25-VPUT,Vladimir Putin out this year?,Vladimir Putin,1782662.475384,1782662.475384,0.014,0.01,0.004,2025-07-02 16:11:04-07:00,2025-07-02 03:06:14.547636-07:00,0.88,deterministic_contract_key
zelensky_suit,2025-06-30,2025-07-08,2025_07_02_close_1700_PT,2025-07-03 00:00:00+00:00,2025-07-02 17:00:00-07:00,2025-07-02,2,1,office_exit|leave_office|xi_jinping|year:2025|527808|58879554417654245921504722538657003216070105934999990003805612960977670880586|KXLEADEROUT-25-XJIN,office_exit|leave_office|xi_jinping|year:2025,office_exit,uma_risk_exposed,527808,Will Xi Jinping be the first leader out in 2025?,0,Yes,58879554417654245921504722538657003216070105934999990003805612960977670880586,False,binary_yes_token_price,KXLEADEROUT-25-XJIN,Xi Jinping out this year?,Xi Jinping,1833966.373545,1833966.373545,0.054,0.01,0.044,2025-07-02 16:11:04-07:00,2025-07-02 14:16:39.093926-07:00,0.88,deterministic_contract_key
zelensky_suit,2025-06-30,2025-07-08,2025_07_02_close_1700_PT,2025-07-03 00:00:00+00:00,2025-07-02 17:00:00-07:00,2025-07-02,2,1,office_exit|leave_office|xi_jinping|year:2025|551963|114304586861386186441621124384163963092522056897081085884483958561365015034812|KXLEADEROUT-25-XJIN,office_exit|leave_office|xi_jinping|year:2025,office_exit,uma_risk_exposed,551963,Xi Jinping out in 2025?,0,Yes,114304586861386186441621124384163963092522056897081085884483958561365015034812,False,binary_yes_token_price,KXLEADEROUT-25-XJIN,Xi Jinping out this year?,Xi Jinping,78655911.742866,78655911.742866,0.11,0.01,0.1,2025-07-02 16:54:58-07:00,2025-07-02 14:16:39.093926-07:00,0.88,deterministic_contract_key
zelensky_suit,2025-06-30,2025-07-08,2025_07_02_close_1700_PT,2025-07-03 00:00:00+00:00,2025-07-02 17:00:00-07:00,2025-07-02,2,1,office_exit|resign|volodymyr_zelenskyy|year:2025|525157|74129046843921940913413587682588886122583847748489066762857187137233978267670|KXUKRAINERESIGN-26,office_exit|resign|volodymyr_zelenskyy|year:2025,office_exit,uma_risk_exposed,525157,Zelensky resigns in 2025?,0,Yes,74129046843921940913413587682588886122583847748489066762857187137233978267670,False,binary_yes_token_price,KXUKRAINERESIGN-26,"Will Volodymyr Zelenskyy resign before Jan 1, 2026?",Before 2026,639799.279247,639799.279247,0.0899999189999919,0.1,-0.010000081000008099,2025-06-28 05:56:54-07:00,2025-07-02 16:10:47.115335-07:00,0.88,deterministic_contract_key
zelensky_suit,2025-06-30,2025-07-08,2025_07_02_close_1700_PT,2025-07-03 00:00:00+00:00,2025-07-02 17:00:00-07:00,2025-07-02,2,1,policy_action|create|national_bitcoin_reserve|united_states|year:2025|516937|83894672511259544049673946661753374355328822374216474995072428966535091173758|KXBTCRESERVE-26-JAN01,policy_action|create|national_bitcoin_reserve|united_states|year:2025,policy_action,uma_risk_exposed,516937,US national Bitcoin reserve in 2025?,0,Yes,83894672511259544049673946661753374355328822374216474995072428966535091173758,False,binary_yes_token_price,KXBTCRESERVE-26-JAN01,"Will Trump create a National Bitcoin Reserve before Jan 1, 2026?","Before Jan 1, 2026",5526758.797978,5526758.797978,0.29,0.31,-0.020000000000000018,2025-07-02 15:11:41-07:00,2025-07-02 14:27:39.958975-07:00,0.78,deterministic_contract_key
zelensky_suit,2025-06-30,2025-07-08,2025_07_02_close_1700_PT,2025-07-03 00:00:00+00:00,2025-07-02 17:00:00-07:00,2025-07-02,2,1,policy_action|eliminate|department_of_education|united_states|year:2025|523188|60661165588332286306443081468695135979348107944620337686282849990456442563142|KXDOED-26-JAN01,policy_action|eliminate|department_of_education|united_states|year:2025,policy_action,uma_risk_exposed,523188,Will Trump end Department of Education in 2025?,0,Yes,60661165588332286306443081468695135979348107944620337686282849990456442563142,False,binary_yes_token_price,KXDOED-26-JAN01,"Will the Department of Education be eliminated before Jan 1, 2026?","Before Jan 1, 2026",900396.416301,900396.416301,0.078,0.06,0.018000000000000002,2025-07-02 15:33:45-07:00,2025-07-02 12:19:12.884694-07:00,0.78,deterministic_contract_key
zelensky_suit,2025-06-30,2025-07-08,2025_07_02_close_1700_PT,2025-07-03 00:00:00+00:00,2025-07-02 17:00:00-07:00,2025-07-02,2,1,policy_action|start|recession|united_states|year:2025|516710|104173557214744537570424345347209544585775842950109756851652855913015295701992|RECSSNBER-25,policy_action|start|recession|united_states|year:2025,policy_action,uma_risk_exposed,516710,US recession in 2025?,0,Yes,104173557214744537570424345347209544585775842950109756851652855913015295701992,False,binary_yes_token_price,RECSSNBER-25,Will there be a recession in 2025?,Starts,11734512.428529,11734512.428529,0.25,0.25,0.0,2025-07-02 16:34:08-07:00,2025-07-02 13:55:07.114783-07:00,0.78,deterministic_contract_key
zelensky_suit,2025-06-30,2025-07-08,2025_07_03_open_0500_PT,2025-07-03 12:00:00+00:00,2025-07-03 05:00:00-07:00,2025-07-03,3,1,election|win|andr_nico_rodr_guez|bolivia_president|year:2025|2025|543259|21349083717605037525723335754807560771874175181325455859992777238860289139531|KXBOLIVIAPRES-25-AR,election|win|andr_nico_rodr_guez|bolivia_president|year:2025|2025,election,uma_risk_exposed,543259,Will Andrónico Rodríguez win the 2025 Bolivia presidential election?,0,Yes,21349083717605037525723335754807560771874175181325455859992777238860289139531,False,binary_yes_token_price,KXBOLIVIAPRES-25-AR,Who will win the Bolivian presidential election?,Andrónico Rodríguez,7326758.679552,7326758.679552,0.24,0.22,0.01999999999999999,2025-07-03 04:04:00-07:00,2025-07-03 04:01:30.605508-07:00,0.78,deterministic_contract_key
zelensky_suit,2025-06-30,2025-07-08,2025_07_03_open_0500_PT,2025-07-03 12:00:00+00:00,2025-07-03 05:00:00-07:00,2025-07-03,3,1,election|win|branko_marinkovi|bolivia_president|year:2025|2025|543274|17849683858069937637491725401516486250615904612932801425636311554981022266375|KXBOLIVIAPRES-25-BM,election|win|branko_marinkovi|bolivia_president|year:2025|2025,election,uma_risk_exposed,543274,Will Branko Marinković win the 2025 Bolivia presidential election?,0,Yes,17849683858069937637491725401516486250615904612932801425636311554981022266375,False,binary_yes_token_price,KXBOLIVIAPRES-25-BM,Who will win the Bolivian presidential election?,Branko Marinković,337382.708581,337382.708581,0.001,0.09,-0.089,2025-07-03 03:29:48-07:00,2025-06-21 10:37:22.687062-07:00,0.78,deterministic_contract_key
zelensky_suit,2025-06-30,2025-07-08,2025_07_03_open_0500_PT,2025-07-03 12:00:00+00:00,2025-07-03 05:00:00-07:00,2025-07-03,3,1,election|win|chi_hyun_chung|bolivia_president|year:2025|2025|543263|65182144144608433456123000312637003192540674831461667961211058718188030456494|KXBOLIVIAPRES-25-CHC,election|win|chi_hyun_chung|bolivia_president|year:2025|2025,election,uma_risk_exposed,543263,Will Chi Hyun Chung win the 2025 Bolivia presidential election?,0,Yes,65182144144608433456123000312637003192540674831461667961211058718188030456494,False,binary_yes_token_price,KXBOLIVIAPRES-25-CHC,Who will win the Bolivian presidential election?,Chi Hyun Chung,119579.506818,119579.506818,0.003,0.06,-0.056999999999999995,2025-07-03 02:11:33-07:00,2025-06-03 12:59:43.587279-07:00,0.78,deterministic_contract_key
zelensky_suit,2025-06-30,2025-07-08,2025_07_03_open_0500_PT,2025-07-03 12:00:00+00:00,2025-07-03 05:00:00-07:00,2025-07-03,3,1,election|win|jack_ciattarelli|new_jersey_governor|year:2025|2025|551143|53937473648188783569836457104933054364348579768036516690207399280597410899636|GOVPARTYNJ-25-R,election|win|jack_ciattarelli|new_jersey_governor|year:2025|2025,election,uma_risk_exposed,551143,Will Jack Ciattarelli win the New Jersey Governor Election in 2025,0,Yes,53937473648188783569836457104933054364348579768036516690207399280597410899636,False,binary_yes_token_price,GOVPARTYNJ-25-R,Will Jack Ciattarelli win the 2025 New Jersey gubernatorial election?,Jack Ciattarelli,6037389.579269,6037389.579269,0.17,0.19,-0.01999999999999999,2025-07-02 09:21:49-07:00,2025-07-03 04:11:17.943783-07:00,0.78,deterministic_contract_key
zelensky_suit,2025-06-30,2025-07-08,2025_07_03_open_0500_PT,2025-07-03 12:00:00+00:00,2025-07-03 05:00:00-07:00,2025-07-03,3,1,election|win|luis_arce|bolivia_president|year:2025|2025|543258|111174020960637389416810264600941186414004753111164399059354703606902594067832|KXBOLIVIAPRES-25-LA,election|win|luis_arce|bolivia_president|year:2025|2025,election,uma_risk_exposed,543258,Will Luis Arce win the 2025 Bolivia presidential election?,0,Yes,111174020960637389416810264600941186414004753111164399059354703606902594067832,False,binary_yes_token_price,KXBOLIVIAPRES-25-LA,Who will win the Bolivian presidential election?,Luis Arce,203278.343149,203278.343149,0.001,0.04,-0.039,2025-07-02 20:45:43-07:00,2025-06-19 13:55:54.437219-07:00,0.78,deterministic_contract_key
zelensky_suit,2025-06-30,2025-07-08,2025_07_03_open_0500_PT,2025-07-03 12:00:00+00:00,2025-07-03 05:00:00-07:00,2025-07-03,3,1,election|win|manfred_reyes_villa|bolivia_president|year:2025|2025|543261|6152631328921183884174711861052249809252829304303011603856221267194446351460|KXBOLIVIAPRES-25-MRV,election|win|manfred_reyes_villa|bolivia_president|year:2025|2025,election,uma_risk_exposed,543261,Will Manfred Reyes Villa win the 2025 Bolivia presidential election?,0,Yes,6152631328921183884174711861052249809252829304303011603856221267194446351460,False,binary_yes_token_price,KXBOLIVIAPRES-25-MRV,Who will win the Bolivian presidential election?,Manfred Reyes Villa,842586.658604,842586.658604,0.05,0.09,-0.039999999999999994,2025-07-03 04:39:30-07:00,2025-07-01 13:54:48.365351-07:00,0.78,deterministic_contract_key
zelensky_suit,2025-06-30,2025-07-08,2025_07_03_open_0500_PT,2025-07-03 12:00:00+00:00,2025-07-03 05:00:00-07:00,2025-07-03,3,1,election|win|mikie_sherrill|new_jersey_governor|year:2025|2025|551137|23056089932958374419797522644901592808991002026498053086166940911059008923379|GOVPARTYNJ-25-D,election|win|mikie_sherrill|new_jersey_governor|year:2025|2025,election,uma_risk_exposed,551137,Will Mikie Sherrill win the New Jersey Governor Election in 2025,0,Yes,23056089932958374419797522644901592808991002026498053086166940911059008923379,False,binary_yes_token_price,GOVPARTYNJ-25-D,Will Mikie Sherrill win the 2025 New Jersey gubernatorial election?,Mikie Sherrill,7479198.557189,7479198.557189,0.8099999931149997,0.81,-6.885000347622849e-09,2025-07-02 22:57:13-07:00,2025-07-03 04:48:06.995514-07:00,0.78,deterministic_contract_key
zelensky_suit,2025-06-30,2025-07-08,2025_07_03_open_0500_PT,2025-07-03 12:00:00+00:00,2025-07-03 05:00:00-07:00,2025-07-03,3,1,election|win|samuel_doria_medina|bolivia_president|year:2025|2025|543260|86337476411225396782940416611040694123774553224828196996839974817619931765236|KXBOLIVIAPRES-25-SDM,election|win|samuel_doria_medina|bolivia_president|year:2025|2025,election,uma_risk_exposed,543260,Will Samuel Doria Medina win the 2025 Bolivia presidential election?,0,Yes,86337476411225396782940416611040694123774553224828196996839974817619931765236,False,binary_yes_token_price,KXBOLIVIAPRES-25-SDM,Who will win the Bolivian presidential election?,Samuel Doria Medina,1166200.271818,1166200.271818,0.3899999899249994,0.41,-0.020000010075000574,2025-07-03 03:44:48-07:00,2025-07-03 04:19:05.420239-07:00,0.78,deterministic_contract_key
zelensky_suit,2025-06-30,2025-07-08,2025_07_03_open_0500_PT,2025-07-03 12:00:00+00:00,2025-07-03 05:00:00-07:00,2025-07-03,3,1,leader_contact|meet|donald_trump|vladimir_putin|year:2025|536502|38401695605203516602153122926538006647911743428951157094417724792317068872612|KXWLEADER-25-VP,leader_contact|meet|donald_trump|vladimir_putin|year:2025,leader_contact,uma_risk_exposed,536502,Will Trump meet with Vladimir Putin in 2025?,0,Yes,38401695605203516602153122926538006647911743428951157094417724792317068872612,False,binary_yes_token_price,KXWLEADER-25-VP,Will Trump meet with Vladimir Putin before 2026?,Vladimir Putin,471641.4171,471641.4171,0.35,0.41,-0.06,2025-07-03 01:38:15-07:00,2025-07-03 02:21:00.450488-07:00,0.92,deterministic_contract_key
zelensky_suit,2025-06-30,2025-07-08,2025_07_03_open_0500_PT,2025-07-03 12:00:00+00:00,2025-07-03 05:00:00-07:00,2025-07-03,3,1,leader_contact|visit|donald_trump|israel|before:2025-08-01|555433|75803083113304481871189130325120880199300493552616311390383002363547475167443|KXTRUMPVISITISRAEL-25,leader_contact|visit|donald_trump|israel|before:2025-08-01,leader_contact,uma_risk_exposed,555433,Will Trump visit Israel before August?,0,Yes,75803083113304481871189130325120880199300493552616311390383002363547475167443,False,binary_yes_token_price,KXTRUMPVISITISRAEL-25,"Will Trump visit Israel before Aug 1, 2025?","Before Aug 1, 2025",31959.539865,31959.539865,0.03,0.09,-0.06,2025-07-03 02:20:11-07:00,2025-07-03 02:31:10.019379-07:00,0.92,deterministic_contract_key
zelensky_suit,2025-06-30,2025-07-08,2025_07_03_open_0500_PT,2025-07-03 12:00:00+00:00,2025-07-03 05:00:00-07:00,2025-07-03,3,1,office_exit|leave_office|jerome_powell|year:2025|520930|44446628319261786751896876365833910598445252343588252409740203088317210950410|LEAVEPOWELL-25-DEC31,office_exit|leave_office|jerome_powell|year:2025,office_exit,uma_risk_exposed,520930,Jerome Powell out as Fed Chair in 2025?,0,Yes,44446628319261786751896876365833910598445252343588252409740203088317210950410,False,binary_yes_token_price,LEAVEPOWELL-25-DEC31,Powell leaves before 2026?,Before 2026,11760101.336012,11760101.336012,0.15,0.17,-0.020000000000000018,2025-07-03 04:12:28-07:00,2025-07-03 04:47:24.429250-07:00,0.88,deterministic_contract_key
zelensky_suit,2025-06-30,2025-07-08,2025_07_03_open_0500_PT,2025-07-03 12:00:00+00:00,2025-07-03 05:00:00-07:00,2025-07-03,3,1,office_exit|leave_office|vladimir_putin|year:2025|527807|96309695544495520203095223116782609207881514291963878378807412991184449319557|KXLEADEROUT-25-VPUT,office_exit|leave_office|vladimir_putin|year:2025,office_exit,uma_risk_exposed,527807,Will Vladimir Putin be the first leader out in 2025?,0,Yes,96309695544495520203095223116782609207881514291963878378807412991184449319557,False,binary_yes_token_price,KXLEADEROUT-25-VPUT,Vladimir Putin out this year?,Vladimir Putin,1782662.475384,1782662.475384,0.008,0.01,-0.002,2025-07-03 04:56:40-07:00,2025-07-02 03:06:14.547636-07:00,0.88,deterministic_contract_key
zelensky_suit,2025-06-30,2025-07-08,2025_07_03_open_0500_PT,2025-07-03 12:00:00+00:00,2025-07-03 05:00:00-07:00,2025-07-03,3,1,office_exit|leave_office|xi_jinping|year:2025|527808|58879554417654245921504722538657003216070105934999990003805612960977670880586|KXLEADEROUT-25-XJIN,office_exit|leave_office|xi_jinping|year:2025,office_exit,uma_risk_exposed,527808,Will Xi Jinping be the first leader out in 2025?,0,Yes,58879554417654245921504722538657003216070105934999990003805612960977670880586,False,binary_yes_token_price,KXLEADEROUT-25-XJIN,Xi Jinping out this year?,Xi Jinping,1833966.373545,1833966.373545,0.068,0.01,0.058,2025-07-03 04:45:34-07:00,2025-07-03 04:33:46.770940-07:00,0.88,deterministic_contract_key
zelensky_suit,2025-06-30,2025-07-08,2025_07_03_open_0500_PT,2025-07-03 12:00:00+00:00,2025-07-03 05:00:00-07:00,2025-07-03,3,1,office_exit|leave_office|xi_jinping|year:2025|551963|114304586861386186441621124384163963092522056897081085884483958561365015034812|KXLEADEROUT-25-XJIN,office_exit|leave_office|xi_jinping|year:2025,office_exit,uma_risk_exposed,551963,Xi Jinping out in 2025?,0,Yes,114304586861386186441621124384163963092522056897081085884483958561365015034812,False,binary_yes_token_price,KXLEADEROUT-25-XJIN,Xi Jinping out this year?,Xi Jinping,78655911.742866,78655911.742866,0.1,0.01,0.09000000000000001,2025-07-03 04:47:40-07:00,2025-07-03 04:33:46.770940-07:00,0.88,deterministic_contract_key
zelensky_suit,2025-06-30,2025-07-08,2025_07_03_open_0500_PT,2025-07-03 12:00:00+00:00,2025-07-03 05:00:00-07:00,2025-07-03,3,1,office_exit|resign|volodymyr_zelenskyy|year:2025|525157|74129046843921940913413587682588886122583847748489066762857187137233978267670|KXUKRAINERESIGN-26,office_exit|resign|volodymyr_zelenskyy|year:2025,office_exit,uma_risk_exposed,525157,Zelensky resigns in 2025?,0,Yes,74129046843921940913413587682588886122583847748489066762857187137233978267670,False,binary_yes_token_price,KXUKRAINERESIGN-26,"Will Volodymyr Zelenskyy resign before Jan 1, 2026?",Before 2026,639799.279247,639799.279247,0.0899999189999919,0.1,-0.010000081000008099,2025-06-28 05:56:54-07:00,2025-07-02 16:10:47.115335-07:00,0.88,deterministic_contract_key
zelensky_suit,2025-06-30,2025-07-08,2025_07_03_open_0500_PT,2025-07-03 12:00:00+00:00,2025-07-03 05:00:00-07:00,2025-07-03,3,1,policy_action|create|national_bitcoin_reserve|united_states|year:2025|516937|83894672511259544049673946661753374355328822374216474995072428966535091173758|KXBTCRESERVE-26-JAN01,policy_action|create|national_bitcoin_reserve|united_states|year:2025,policy_action,uma_risk_exposed,516937,US national Bitcoin reserve in 2025?,0,Yes,83894672511259544049673946661753374355328822374216474995072428966535091173758,False,binary_yes_token_price,KXBTCRESERVE-26-JAN01,"Will Trump create a National Bitcoin Reserve before Jan 1, 2026?","Before Jan 1, 2026",5526758.797978,5526758.797978,0.28,0.3,-0.019999999999999962,2025-07-03 02:51:33-07:00,2025-07-03 01:18:48.975611-07:00,0.78,deterministic_contract_key
zelensky_suit,2025-06-30,2025-07-08,2025_07_03_open_0500_PT,2025-07-03 12:00:00+00:00,2025-07-03 05:00:00-07:00,2025-07-03,3,1,policy_action|eliminate|department_of_education|united_states|year:2025|523188|60661165588332286306443081468695135979348107944620337686282849990456442563142|KXDOED-26-JAN01,policy_action|eliminate|department_of_education|united_states|year:2025,policy_action,uma_risk_exposed,523188,Will Trump end Department of Education in 2025?,0,Yes,60661165588332286306443081468695135979348107944620337686282849990456442563142,False,binary_yes_token_price,KXDOED-26-JAN01,"Will the Department of Education be eliminated before Jan 1, 2026?","Before Jan 1, 2026",900396.416301,900396.416301,0.07,0.08,-0.009999999999999995,2025-07-02 19:49:37-07:00,2025-07-03 04:48:43.210824-07:00,0.78,deterministic_contract_key
zelensky_suit,2025-06-30,2025-07-08,2025_07_03_open_0500_PT,2025-07-03 12:00:00+00:00,2025-07-03 05:00:00-07:00,2025-07-03,3,1,policy_action|start|recession|united_states|year:2025|516710|104173557214744537570424345347209544585775842950109756851652855913015295701992|RECSSNBER-25,policy_action|start|recession|united_states|year:2025,policy_action,uma_risk_exposed,516710,US recession in 2025?,0,Yes,104173557214744537570424345347209544585775842950109756851652855913015295701992,False,binary_yes_token_price,RECSSNBER-25,Will there be a recession in 2025?,Starts,11734512.428529,11734512.428529,0.26,0.2,0.06,2025-07-03 04:21:50-07:00,2025-07-03 04:20:57.348859-07:00,0.78,deterministic_contract_key
zelensky_suit,2025-06-30,2025-07-08,2025_07_03_close_1700_PT,2025-07-04 00:00:00+00:00,2025-07-03 17:00:00-07:00,2025-07-03,3,1,election|win|andr_nico_rodr_guez|bolivia_president|year:2025|2025|543259|21349083717605037525723335754807560771874175181325455859992777238860289139531|KXBOLIVIAPRES-25-AR,election|win|andr_nico_rodr_guez|bolivia_president|year:2025|2025,election,uma_risk_exposed,543259,Will Andrónico Rodríguez win the 2025 Bolivia presidential election?,0,Yes,21349083717605037525723335754807560771874175181325455859992777238860289139531,False,binary_yes_token_price,KXBOLIVIAPRES-25-AR,Who will win the Bolivian presidential election?,Andrónico Rodríguez,7326758.679552,7326758.679552,0.2,0.22,-0.01999999999999999,2025-07-03 14:50:23-07:00,2025-07-03 06:00:19.698704-07:00,0.78,deterministic_contract_key
zelensky_suit,2025-06-30,2025-07-08,2025_07_03_close_1700_PT,2025-07-04 00:00:00+00:00,2025-07-03 17:00:00-07:00,2025-07-03,3,1,election|win|branko_marinkovi|bolivia_president|year:2025|2025|543274|17849683858069937637491725401516486250615904612932801425636311554981022266375|KXBOLIVIAPRES-25-BM,election|win|branko_marinkovi|bolivia_president|year:2025|2025,election,uma_risk_exposed,543274,Will Branko Marinković win the 2025 Bolivia presidential election?,0,Yes,17849683858069937637491725401516486250615904612932801425636311554981022266375,False,binary_yes_token_price,KXBOLIVIAPRES-25-BM,Who will win the Bolivian presidential election?,Branko Marinković,337382.708581,337382.708581,0.001,0.09,-0.089,2025-07-03 14:26:29-07:00,2025-06-21 10:37:22.687062-07:00,0.78,deterministic_contract_key
zelensky_suit,2025-06-30,2025-07-08,2025_07_03_close_1700_PT,2025-07-04 00:00:00+00:00,2025-07-03 17:00:00-07:00,2025-07-03,3,1,election|win|chi_hyun_chung|bolivia_president|year:2025|2025|543263|65182144144608433456123000312637003192540674831461667961211058718188030456494|KXBOLIVIAPRES-25-CHC,election|win|chi_hyun_chung|bolivia_president|year:2025|2025,election,uma_risk_exposed,543263,Will Chi Hyun Chung win the 2025 Bolivia presidential election?,0,Yes,65182144144608433456123000312637003192540674831461667961211058718188030456494,False,binary_yes_token_price,KXBOLIVIAPRES-25-CHC,Who will win the Bolivian presidential election?,Chi Hyun Chung,119579.506818,119579.506818,0.001,0.06,-0.059,2025-07-03 14:26:27-07:00,2025-06-03 12:59:43.587279-07:00,0.78,deterministic_contract_key
zelensky_suit,2025-06-30,2025-07-08,2025_07_03_close_1700_PT,2025-07-04 00:00:00+00:00,2025-07-03 17:00:00-07:00,2025-07-03,3,1,election|win|jack_ciattarelli|new_jersey_governor|year:2025|2025|551143|53937473648188783569836457104933054364348579768036516690207399280597410899636|GOVPARTYNJ-25-R,election|win|jack_ciattarelli|new_jersey_governor|year:2025|2025,election,uma_risk_exposed,551143,Will Jack Ciattarelli win the New Jersey Governor Election in 2025,0,Yes,53937473648188783569836457104933054364348579768036516690207399280597410899636,False,binary_yes_token_price,GOVPARTYNJ-25-R,Will Jack Ciattarelli win the 2025 New Jersey gubernatorial election?,Jack Ciattarelli,6037389.579269,6037389.579269,0.19,0.2,-0.010000000000000009,2025-07-03 10:20:18-07:00,2025-07-03 10:53:29.279785-07:00,0.78,deterministic_contract_key
zelensky_suit,2025-06-30,2025-07-08,2025_07_03_close_1700_PT,2025-07-04 00:00:00+00:00,2025-07-03 17:00:00-07:00,2025-07-03,3,1,election|win|luis_arce|bolivia_president|year:2025|2025|543258|111174020960637389416810264600941186414004753111164399059354703606902594067832|KXBOLIVIAPRES-25-LA,election|win|luis_arce|bolivia_president|year:2025|2025,election,uma_risk_exposed,543258,Will Luis Arce win the 2025 Bolivia presidential election?,0,Yes,111174020960637389416810264600941186414004753111164399059354703606902594067832,False,binary_yes_token_price,KXBOLIVIAPRES-25-LA,Who will win the Bolivian presidential election?,Luis Arce,203278.343149,203278.343149,0.001,0.04,-0.039,2025-07-03 14:26:29-07:00,2025-06-19 13:55:54.437219-07:00,0.78,deterministic_contract_key
zelensky_suit,2025-06-30,2025-07-08,2025_07_03_close_1700_PT,2025-07-04 00:00:00+00:00,2025-07-03 17:00:00-07:00,2025-07-03,3,1,election|win|manfred_reyes_villa|bolivia_president|year:2025|2025|543261|6152631328921183884174711861052249809252829304303011603856221267194446351460|KXBOLIVIAPRES-25-MRV,election|win|manfred_reyes_villa|bolivia_president|year:2025|2025,election,uma_risk_exposed,543261,Will Manfred Reyes Villa win the 2025 Bolivia presidential election?,0,Yes,6152631328921183884174711861052249809252829304303011603856221267194446351460,False,binary_yes_token_price,KXBOLIVIAPRES-25-MRV,Who will win the Bolivian presidential election?,Manfred Reyes Villa,842586.658604,842586.658604,0.05,0.09,-0.039999999999999994,2025-07-03 16:20:21-07:00,2025-07-01 13:54:48.365351-07:00,0.78,deterministic_contract_key
zelensky_suit,2025-06-30,2025-07-08,2025_07_03_close_1700_PT,2025-07-04 00:00:00+00:00,2025-07-03 17:00:00-07:00,2025-07-03,3,1,election|win|mikie_sherrill|new_jersey_governor|year:2025|2025|551137|23056089932958374419797522644901592808991002026498053086166940911059008923379|GOVPARTYNJ-25-D,election|win|mikie_sherrill|new_jersey_governor|year:2025|2025,election,uma_risk_exposed,551137,Will Mikie Sherrill win the New Jersey Governor Election in 2025,0,Yes,23056089932958374419797522644901592808991002026498053086166940911059008923379,False,binary_yes_token_price,GOVPARTYNJ-25-D,Will Mikie Sherrill win the 2025 New Jersey gubernatorial election?,Mikie Sherrill,7479198.557189,7479198.557189,0.8,0.81,-0.010000000000000009,2025-07-03 16:44:33-07:00,2025-07-03 06:52:07.223690-07:00,0.78,deterministic_contract_key
zelensky_suit,2025-06-30,2025-07-08,2025_07_03_close_1700_PT,2025-07-04 00:00:00+00:00,2025-07-03 17:00:00-07:00,2025-07-03,3,1,election|win|samuel_doria_medina|bolivia_president|year:2025|2025|543260|86337476411225396782940416611040694123774553224828196996839974817619931765236|KXBOLIVIAPRES-25-SDM,election|win|samuel_doria_medina|bolivia_president|year:2025|2025,election,uma_risk_exposed,543260,Will Samuel Doria Medina win the 2025 Bolivia presidential election?,0,Yes,86337476411225396782940416611040694123774553224828196996839974817619931765236,False,binary_yes_token_price,KXBOLIVIAPRES-25-SDM,Who will win the Bolivian presidential election?,Samuel Doria Medina,1166200.271818,1166200.271818,0.46,0.47,-0.009999999999999953,2025-07-03 16:46:41-07:00,2025-07-03 13:51:31.310300-07:00,0.78,deterministic_contract_key
zelensky_suit,2025-06-30,2025-07-08,2025_07_03_close_1700_PT,2025-07-04 00:00:00+00:00,2025-07-03 17:00:00-07:00,2025-07-03,3,1,leader_contact|meet|donald_trump|vladimir_putin|year:2025|536502|38401695605203516602153122926538006647911743428951157094417724792317068872612|KXWLEADER-25-VP,leader_contact|meet|donald_trump|vladimir_putin|year:2025,leader_contact,uma_risk_exposed,536502,Will Trump meet with Vladimir Putin in 2025?,0,Yes,38401695605203516602153122926538006647911743428951157094417724792317068872612,False,binary_yes_token_price,KXWLEADER-25-VP,Will Trump meet with Vladimir Putin before 2026?,Vladimir Putin,471641.4171,471641.4171,0.34,0.34,0.0,2025-07-03 09:19:36-07:00,2025-07-03 05:18:53.643912-07:00,0.92,deterministic_contract_key
zelensky_suit,2025-06-30,2025-07-08,2025_07_03_close_1700_PT,2025-07-04 00:00:00+00:00,2025-07-03 17:00:00-07:00,2025-07-03,3,1,leader_contact|visit|donald_trump|israel|before:2025-08-01|555433|75803083113304481871189130325120880199300493552616311390383002363547475167443|KXTRUMPVISITISRAEL-25,leader_contact|visit|donald_trump|israel|before:2025-08-01,leader_contact,uma_risk_exposed,555433,Will Trump visit Israel before August?,0,Yes,75803083113304481871189130325120880199300493552616311390383002363547475167443,False,binary_yes_token_price,KXTRUMPVISITISRAEL-25,"Will Trump visit Israel before Aug 1, 2025?","Before Aug 1, 2025",31959.539865,31959.539865,0.03,0.05,-0.020000000000000004,2025-07-03 15:03:47-07:00,2025-07-03 12:36:47.216244-07:00,0.92,deterministic_contract_key
zelensky_suit,2025-06-30,2025-07-08,2025_07_03_close_1700_PT,2025-07-04 00:00:00+00:00,2025-07-03 17:00:00-07:00,2025-07-03,3,1,office_exit|leave_office|jerome_powell|year:2025|520930|44446628319261786751896876365833910598445252343588252409740203088317210950410|LEAVEPOWELL-25-DEC31,office_exit|leave_office|jerome_powell|year:2025,office_exit,uma_risk_exposed,520930,Jerome Powell out as Fed Chair in 2025?,0,Yes,44446628319261786751896876365833910598445252343588252409740203088317210950410,False,binary_yes_token_price,LEAVEPOWELL-25-DEC31,Powell leaves before 2026?,Before 2026,11760101.336012,11760101.336012,0.13,0.18,-0.04999999999999999,2025-07-03 16:44:17-07:00,2025-07-03 14:38:36.680297-07:00,0.88,deterministic_contract_key
zelensky_suit,2025-06-30,2025-07-08,2025_07_03_close_1700_PT,2025-07-04 00:00:00+00:00,2025-07-03 17:00:00-07:00,2025-07-03,3,1,office_exit|leave_office|vladimir_putin|year:2025|527807|96309695544495520203095223116782609207881514291963878378807412991184449319557|KXLEADEROUT-25-VPUT,office_exit|leave_office|vladimir_putin|year:2025,office_exit,uma_risk_exposed,527807,Will Vladimir Putin be the first leader out in 2025?,0,Yes,96309695544495520203095223116782609207881514291963878378807412991184449319557,False,binary_yes_token_price,KXLEADEROUT-25-VPUT,Vladimir Putin out this year?,Vladimir Putin,1782662.475384,1782662.475384,0.003,0.02,-0.017,2025-07-03 16:58:45-07:00,2025-07-03 12:19:07.177176-07:00,0.88,deterministic_contract_key
zelensky_suit,2025-06-30,2025-07-08,2025_07_03_close_1700_PT,2025-07-04 00:00:00+00:00,2025-07-03 17:00:00-07:00,2025-07-03,3,1,office_exit|leave_office|xi_jinping|year:2025|527808|58879554417654245921504722538657003216070105934999990003805612960977670880586|KXLEADEROUT-25-XJIN,office_exit|leave_office|xi_jinping|year:2025,office_exit,uma_risk_exposed,527808,Will Xi Jinping be the first leader out in 2025?,0,Yes,58879554417654245921504722538657003216070105934999990003805612960977670880586,False,binary_yes_token_price,KXLEADEROUT-25-XJIN,Xi Jinping out this year?,Xi Jinping,1833966.373545,1833966.373545,0.051,0.01,0.040999999999999995,2025-07-03 16:58:45-07:00,2025-07-03 13:04:32.881143-07:00,0.88,deterministic_contract_key
zelensky_suit,2025-06-30,2025-07-08,2025_07_03_close_1700_PT,2025-07-04 00:00:00+00:00,2025-07-03 17:00:00-07:00,2025-07-03,3,1,office_exit|leave_office|xi_jinping|year:2025|551963|114304586861386186441621124384163963092522056897081085884483958561365015034812|KXLEADEROUT-25-XJIN,office_exit|leave_office|xi_jinping|year:2025,office_exit,uma_risk_exposed,551963,Xi Jinping out in 2025?,0,Yes,114304586861386186441621124384163963092522056897081085884483958561365015034812,False,binary_yes_token_price,KXLEADEROUT-25-XJIN,Xi Jinping out this year?,Xi Jinping,78655911.742866,78655911.742866,0.1,0.01,0.09000000000000001,2025-07-03 16:59:11-07:00,2025-07-03 13:04:32.881143-07:00,0.88,deterministic_contract_key
zelensky_suit,2025-06-30,2025-07-08,2025_07_03_close_1700_PT,2025-07-04 00:00:00+00:00,2025-07-03 17:00:00-07:00,2025-07-03,3,1,office_exit|resign|volodymyr_zelenskyy|year:2025|525157|74129046843921940913413587682588886122583847748489066762857187137233978267670|KXUKRAINERESIGN-26,office_exit|resign|volodymyr_zelenskyy|year:2025,office_exit,uma_risk_exposed,525157,Zelensky resigns in 2025?,0,Yes,74129046843921940913413587682588886122583847748489066762857187137233978267670,False,binary_yes_token_price,KXUKRAINERESIGN-26,"Will Volodymyr Zelenskyy resign before Jan 1, 2026?",Before 2026,639799.279247,639799.279247,0.07,0.09,-0.01999999999999999,2025-07-03 11:38:26-07:00,2025-07-03 09:21:49.686774-07:00,0.88,deterministic_contract_key
zelensky_suit,2025-06-30,2025-07-08,2025_07_03_close_1700_PT,2025-07-04 00:00:00+00:00,2025-07-03 17:00:00-07:00,2025-07-03,3,1,policy_action|create|national_bitcoin_reserve|united_states|year:2025|516937|83894672511259544049673946661753374355328822374216474995072428966535091173758|KXBTCRESERVE-26-JAN01,policy_action|create|national_bitcoin_reserve|united_states|year:2025,policy_action,uma_risk_exposed,516937,US national Bitcoin reserve in 2025?,0,Yes,83894672511259544049673946661753374355328822374216474995072428966535091173758,False,binary_yes_token_price,KXBTCRESERVE-26-JAN01,"Will Trump create a National Bitcoin Reserve before Jan 1, 2026?","Before Jan 1, 2026",5526758.797978,5526758.797978,0.3,0.3,0.0,2025-07-03 11:39:22-07:00,2025-07-03 16:35:00.622557-07:00,0.78,deterministic_contract_key
zelensky_suit,2025-06-30,2025-07-08,2025_07_03_close_1700_PT,2025-07-04 00:00:00+00:00,2025-07-03 17:00:00-07:00,2025-07-03,3,1,policy_action|eliminate|department_of_education|united_states|year:2025|523188|60661165588332286306443081468695135979348107944620337686282849990456442563142|KXDOED-26-JAN01,policy_action|eliminate|department_of_education|united_states|year:2025,policy_action,uma_risk_exposed,523188,Will Trump end Department of Education in 2025?,0,Yes,60661165588332286306443081468695135979348107944620337686282849990456442563142,False,binary_yes_token_price,KXDOED-26-JAN01,"Will the Department of Education be eliminated before Jan 1, 2026?","Before Jan 1, 2026",900396.416301,900396.416301,0.073,0.08,-0.007000000000000006,2025-07-03 14:55:25-07:00,2025-07-03 15:59:08.643069-07:00,0.78,deterministic_contract_key
zelensky_suit,2025-06-30,2025-07-08,2025_07_03_close_1700_PT,2025-07-04 00:00:00+00:00,2025-07-03 17:00:00-07:00,2025-07-03,3,1,policy_action|start|recession|united_states|year:2025|516710|104173557214744537570424345347209544585775842950109756851652855913015295701992|RECSSNBER-25,policy_action|start|recession|united_states|year:2025,policy_action,uma_risk_exposed,516710,US recession in 2025?,0,Yes,104173557214744537570424345347209544585775842950109756851652855913015295701992,False,binary_yes_token_price,RECSSNBER-25,Will there be a recession in 2025?,Starts,11734512.428529,11734512.428529,0.21999999937413792,0.19,0.029999999374137915,2025-07-03 16:01:39-07:00,2025-07-03 16:34:26.202713-07:00,0.78,deterministic_contract_key
zelensky_suit,2025-06-30,2025-07-08,2025_07_04_open_0500_PT,2025-07-04 12:00:00+00:00,2025-07-04 05:00:00-07:00,2025-07-04,4,1,election|win|andr_nico_rodr_guez|bolivia_president|year:2025|2025|543259|21349083717605037525723335754807560771874175181325455859992777238860289139531|KXBOLIVIAPRES-25-AR,election|win|andr_nico_rodr_guez|bolivia_president|year:2025|2025,election,uma_risk_exposed,543259,Will Andrónico Rodríguez win the 2025 Bolivia presidential election?,0,Yes,21349083717605037525723335754807560771874175181325455859992777238860289139531,False,binary_yes_token_price,KXBOLIVIAPRES-25-AR,Who will win the Bolivian presidential election?,Andrónico Rodríguez,7326758.679552,7326758.679552,0.2,0.22,-0.01999999999999999,2025-07-04 03:27:30-07:00,2025-07-03 06:00:19.698704-07:00,0.78,deterministic_contract_key
zelensky_suit,2025-06-30,2025-07-08,2025_07_04_open_0500_PT,2025-07-04 12:00:00+00:00,2025-07-04 05:00:00-07:00,2025-07-04,4,1,election|win|branko_marinkovi|bolivia_president|year:2025|2025|543274|17849683858069937637491725401516486250615904612932801425636311554981022266375|KXBOLIVIAPRES-25-BM,election|win|branko_marinkovi|bolivia_president|year:2025|2025,election,uma_risk_exposed,543274,Will Branko Marinković win the 2025 Bolivia presidential election?,0,Yes,17849683858069937637491725401516486250615904612932801425636311554981022266375,False,binary_yes_token_price,KXBOLIVIAPRES-25-BM,Who will win the Bolivian presidential election?,Branko Marinković,337382.708581,337382.708581,0.001,0.09,-0.089,2025-07-04 04:18:06-07:00,2025-06-21 10:37:22.687062-07:00,0.78,deterministic_contract_key
zelensky_suit,2025-06-30,2025-07-08,2025_07_04_open_0500_PT,2025-07-04 12:00:00+00:00,2025-07-04 05:00:00-07:00,2025-07-04,4,1,election|win|chi_hyun_chung|bolivia_president|year:2025|2025|543263|65182144144608433456123000312637003192540674831461667961211058718188030456494|KXBOLIVIAPRES-25-CHC,election|win|chi_hyun_chung|bolivia_president|year:2025|2025,election,uma_risk_exposed,543263,Will Chi Hyun Chung win the 2025 Bolivia presidential election?,0,Yes,65182144144608433456123000312637003192540674831461667961211058718188030456494,False,binary_yes_token_price,KXBOLIVIAPRES-25-CHC,Who will win the Bolivian presidential election?,Chi Hyun Chung,119579.506818,119579.506818,0.001,0.06,-0.059,2025-07-04 02:03:03-07:00,2025-06-03 12:59:43.587279-07:00,0.78,deterministic_contract_key
zelensky_suit,2025-06-30,2025-07-08,2025_07_04_open_0500_PT,2025-07-04 12:00:00+00:00,2025-07-04 05:00:00-07:00,2025-07-04,4,1,election|win|jack_ciattarelli|new_jersey_governor|year:2025|2025|551143|53937473648188783569836457104933054364348579768036516690207399280597410899636|GOVPARTYNJ-25-R,election|win|jack_ciattarelli|new_jersey_governor|year:2025|2025,election,uma_risk_exposed,551143,Will Jack Ciattarelli win the New Jersey Governor Election in 2025,0,Yes,53937473648188783569836457104933054364348579768036516690207399280597410899636,False,binary_yes_token_price,GOVPARTYNJ-25-R,Will Jack Ciattarelli win the 2025 New Jersey gubernatorial election?,Jack Ciattarelli,6037389.579269,6037389.579269,0.19,0.2,-0.010000000000000009,2025-07-03 10:20:18-07:00,2025-07-04 03:02:25.451410-07:00,0.78,deterministic_contract_key
zelensky_suit,2025-06-30,2025-07-08,2025_07_04_open_0500_PT,2025-07-04 12:00:00+00:00,2025-07-04 05:00:00-07:00,2025-07-04,4,1,election|win|luis_arce|bolivia_president|year:2025|2025|543258|111174020960637389416810264600941186414004753111164399059354703606902594067832|KXBOLIVIAPRES-25-LA,election|win|luis_arce|bolivia_president|year:2025|2025,election,uma_risk_exposed,543258,Will Luis Arce win the 2025 Bolivia presidential election?,0,Yes,111174020960637389416810264600941186414004753111164399059354703606902594067832,False,binary_yes_token_price,KXBOLIVIAPRES-25-LA,Who will win the Bolivian presidential election?,Luis Arce,203278.343149,203278.343149,0.001,0.04,-0.039,2025-07-04 02:03:03-07:00,2025-06-19 13:55:54.437219-07:00,0.78,deterministic_contract_key
zelensky_suit,2025-06-30,2025-07-08,2025_07_04_open_0500_PT,2025-07-04 12:00:00+00:00,2025-07-04 05:00:00-07:00,2025-07-04,4,1,election|win|manfred_reyes_villa|bolivia_president|year:2025|2025|543261|6152631328921183884174711861052249809252829304303011603856221267194446351460|KXBOLIVIAPRES-25-MRV,election|win|manfred_reyes_villa|bolivia_president|year:2025|2025,election,uma_risk_exposed,543261,Will Manfred Reyes Villa win the 2025 Bolivia presidential election?,0,Yes,6152631328921183884174711861052249809252829304303011603856221267194446351460,False,binary_yes_token_price,KXBOLIVIAPRES-25-MRV,Who will win the Bolivian presidential election?,Manfred Reyes Villa,842586.658604,842586.658604,0.05,0.09,-0.039999999999999994,2025-07-04 02:49:34-07:00,2025-07-01 13:54:48.365351-07:00,0.78,deterministic_contract_key
zelensky_suit,2025-06-30,2025-07-08,2025_07_04_open_0500_PT,2025-07-04 12:00:00+00:00,2025-07-04 05:00:00-07:00,2025-07-04,4,1,election|win|mikie_sherrill|new_jersey_governor|year:2025|2025|551137|23056089932958374419797522644901592808991002026498053086166940911059008923379|GOVPARTYNJ-25-D,election|win|mikie_sherrill|new_jersey_governor|year:2025|2025,election,uma_risk_exposed,551137,Will Mikie Sherrill win the New Jersey Governor Election in 2025,0,Yes,23056089932958374419797522644901592808991002026498053086166940911059008923379,False,binary_yes_token_price,GOVPARTYNJ-25-D,Will Mikie Sherrill win the 2025 New Jersey gubernatorial election?,Mikie Sherrill,7479198.557189,7479198.557189,0.8,0.81,-0.010000000000000009,2025-07-03 16:44:33-07:00,2025-07-04 02:33:25.853816-07:00,0.78,deterministic_contract_key
zelensky_suit,2025-06-30,2025-07-08,2025_07_04_open_0500_PT,2025-07-04 12:00:00+00:00,2025-07-04 05:00:00-07:00,2025-07-04,4,1,election|win|samuel_doria_medina|bolivia_president|year:2025|2025|543260|86337476411225396782940416611040694123774553224828196996839974817619931765236|KXBOLIVIAPRES-25-SDM,election|win|samuel_doria_medina|bolivia_president|year:2025|2025,election,uma_risk_exposed,543260,Will Samuel Doria Medina win the 2025 Bolivia presidential election?,0,Yes,86337476411225396782940416611040694123774553224828196996839974817619931765236,False,binary_yes_token_price,KXBOLIVIAPRES-25-SDM,Who will win the Bolivian presidential election?,Samuel Doria Medina,1166200.271818,1166200.271818,0.48,0.47,0.010000000000000009,2025-07-04 04:49:02-07:00,2025-07-03 13:51:31.310300-07:00,0.78,deterministic_contract_key
zelensky_suit,2025-06-30,2025-07-08,2025_07_04_open_0500_PT,2025-07-04 12:00:00+00:00,2025-07-04 05:00:00-07:00,2025-07-04,4,1,leader_contact|meet|donald_trump|vladimir_putin|year:2025|536502|38401695605203516602153122926538006647911743428951157094417724792317068872612|KXWLEADER-25-VP,leader_contact|meet|donald_trump|vladimir_putin|year:2025,leader_contact,uma_risk_exposed,536502,Will Trump meet with Vladimir Putin in 2025?,0,Yes,38401695605203516602153122926538006647911743428951157094417724792317068872612,False,binary_yes_token_price,KXWLEADER-25-VP,Will Trump meet with Vladimir Putin before 2026?,Vladimir Putin,471641.4171,471641.4171,0.3899999965978723,0.41,-0.020000003402127653,2025-07-04 02:58:52-07:00,2025-07-04 01:58:09.066532-07:00,0.92,deterministic_contract_key
zelensky_suit,2025-06-30,2025-07-08,2025_07_04_open_0500_PT,2025-07-04 12:00:00+00:00,2025-07-04 05:00:00-07:00,2025-07-04,4,1,leader_contact|visit|donald_trump|israel|before:2025-08-01|555433|75803083113304481871189130325120880199300493552616311390383002363547475167443|KXTRUMPVISITISRAEL-25,leader_contact|visit|donald_trump|israel|before:2025-08-01,leader_contact,uma_risk_exposed,555433,Will Trump visit Israel before August?,0,Yes,75803083113304481871189130325120880199300493552616311390383002363547475167443,False,binary_yes_token_price,KXTRUMPVISITISRAEL-25,"Will Trump visit Israel before Aug 1, 2025?","Before Aug 1, 2025",31959.539865,31959.539865,0.032,0.05,-0.018000000000000002,2025-07-03 23:15:47-07:00,2025-07-03 12:36:47.216244-07:00,0.92,deterministic_contract_key
zelensky_suit,2025-06-30,2025-07-08,2025_07_04_open_0500_PT,2025-07-04 12:00:00+00:00,2025-07-04 05:00:00-07:00,2025-07-04,4,1,office_exit|leave_office|jerome_powell|year:2025|520930|44446628319261786751896876365833910598445252343588252409740203088317210950410|LEAVEPOWELL-25-DEC31,office_exit|leave_office|jerome_powell|year:2025,office_exit,uma_risk_exposed,520930,Jerome Powell out as Fed Chair in 2025?,0,Yes,44446628319261786751896876365833910598445252343588252409740203088317210950410,False,binary_yes_token_price,LEAVEPOWELL-25-DEC31,Powell leaves before 2026?,Before 2026,11760101.336012,11760101.336012,0.12,0.15,-0.03,2025-07-04 04:25:42-07:00,2025-07-04 02:22:42.073804-07:00,0.88,deterministic_contract_key
zelensky_suit,2025-06-30,2025-07-08,2025_07_04_open_0500_PT,2025-07-04 12:00:00+00:00,2025-07-04 05:00:00-07:00,2025-07-04,4,1,office_exit|leave_office|vladimir_putin|year:2025|527807|96309695544495520203095223116782609207881514291963878378807412991184449319557|KXLEADEROUT-25-VPUT,office_exit|leave_office|vladimir_putin|year:2025,office_exit,uma_risk_exposed,527807,Will Vladimir Putin be the first leader out in 2025?,0,Yes,96309695544495520203095223116782609207881514291963878378807412991184449319557,False,binary_yes_token_price,KXLEADEROUT-25-VPUT,Vladimir Putin out this year?,Vladimir Putin,1782662.475384,1782662.475384,0.004,0.01,-0.006,2025-07-04 01:30:27-07:00,2025-07-04 02:35:30.020182-07:00,0.88,deterministic_contract_key
zelensky_suit,2025-06-30,2025-07-08,2025_07_04_open_0500_PT,2025-07-04 12:00:00+00:00,2025-07-04 05:00:00-07:00,2025-07-04,4,1,office_exit|leave_office|xi_jinping|year:2025|527808|58879554417654245921504722538657003216070105934999990003805612960977670880586|KXLEADEROUT-25-XJIN,office_exit|leave_office|xi_jinping|year:2025,office_exit,uma_risk_exposed,527808,Will Xi Jinping be the first leader out in 2025?,0,Yes,58879554417654245921504722538657003216070105934999990003805612960977670880586,False,binary_yes_token_price,KXLEADEROUT-25-XJIN,Xi Jinping out this year?,Xi Jinping,1833966.373545,1833966.373545,0.065,0.01,0.055,2025-07-04 03:09:06-07:00,2025-07-04 03:26:30.019593-07:00,0.88,deterministic_contract_key
zelensky_suit,2025-06-30,2025-07-08,2025_07_04_open_0500_PT,2025-07-04 12:00:00+00:00,2025-07-04 05:00:00-07:00,2025-07-04,4,1,office_exit|leave_office|xi_jinping|year:2025|551963|114304586861386186441621124384163963092522056897081085884483958561365015034812|KXLEADEROUT-25-XJIN,office_exit|leave_office|xi_jinping|year:2025,office_exit,uma_risk_exposed,551963,Xi Jinping out in 2025?,0,Yes,114304586861386186441621124384163963092522056897081085884483958561365015034812,False,binary_yes_token_price,KXLEADEROUT-25-XJIN,Xi Jinping out this year?,Xi Jinping,78655911.742866,78655911.742866,0.09000000060666687,0.01,0.08000000060666687,2025-07-04 04:45:58-07:00,2025-07-04 03:26:30.019593-07:00,0.88,deterministic_contract_key
zelensky_suit,2025-06-30,2025-07-08,2025_07_04_open_0500_PT,2025-07-04 12:00:00+00:00,2025-07-04 05:00:00-07:00,2025-07-04,4,1,office_exit|resign|volodymyr_zelenskyy|year:2025|525157|74129046843921940913413587682588886122583847748489066762857187137233978267670|KXUKRAINERESIGN-26,office_exit|resign|volodymyr_zelenskyy|year:2025,office_exit,uma_risk_exposed,525157,Zelensky resigns in 2025?,0,Yes,74129046843921940913413587682588886122583847748489066762857187137233978267670,False,binary_yes_token_price,KXUKRAINERESIGN-26,"Will Volodymyr Zelenskyy resign before Jan 1, 2026?",Before 2026,639799.279247,639799.279247,0.07,0.09,-0.01999999999999999,2025-07-03 11:38:26-07:00,2025-07-03 09:21:49.686774-07:00,0.88,deterministic_contract_key
zelensky_suit,2025-06-30,2025-07-08,2025_07_04_open_0500_PT,2025-07-04 12:00:00+00:00,2025-07-04 05:00:00-07:00,2025-07-04,4,1,policy_action|create|national_bitcoin_reserve|united_states|year:2025|516937|83894672511259544049673946661753374355328822374216474995072428966535091173758|KXBTCRESERVE-26-JAN01,policy_action|create|national_bitcoin_reserve|united_states|year:2025,policy_action,uma_risk_exposed,516937,US national Bitcoin reserve in 2025?,0,Yes,83894672511259544049673946661753374355328822374216474995072428966535091173758,False,binary_yes_token_price,KXBTCRESERVE-26-JAN01,"Will Trump create a National Bitcoin Reserve before Jan 1, 2026?","Before Jan 1, 2026",5526758.797978,5526758.797978,0.3099999925599999,0.33,-0.020000007440000134,2025-07-04 00:02:05-07:00,2025-07-04 04:52:12.577401-07:00,0.78,deterministic_contract_key
zelensky_suit,2025-06-30,2025-07-08,2025_07_04_open_0500_PT,2025-07-04 12:00:00+00:00,2025-07-04 05:00:00-07:00,2025-07-04,4,1,policy_action|eliminate|department_of_education|united_states|year:2025|523188|60661165588332286306443081468695135979348107944620337686282849990456442563142|KXDOED-26-JAN01,policy_action|eliminate|department_of_education|united_states|year:2025,policy_action,uma_risk_exposed,523188,Will Trump end Department of Education in 2025?,0,Yes,60661165588332286306443081468695135979348107944620337686282849990456442563142,False,binary_yes_token_price,KXDOED-26-JAN01,"Will the Department of Education be eliminated before Jan 1, 2026?","Before Jan 1, 2026",900396.416301,900396.416301,0.071,0.08,-0.009000000000000008,2025-07-03 18:12:55-07:00,2025-07-04 04:05:01.895472-07:00,0.78,deterministic_contract_key
zelensky_suit,2025-06-30,2025-07-08,2025_07_04_open_0500_PT,2025-07-04 12:00:00+00:00,2025-07-04 05:00:00-07:00,2025-07-04,4,1,policy_action|start|recession|united_states|year:2025|516710|104173557214744537570424345347209544585775842950109756851652855913015295701992|RECSSNBER-25,policy_action|start|recession|united_states|year:2025,policy_action,uma_risk_exposed,516710,US recession in 2025?,0,Yes,104173557214744537570424345347209544585775842950109756851652855913015295701992,False,binary_yes_token_price,RECSSNBER-25,Will there be a recession in 2025?,Starts,11734512.428529,11734512.428529,0.22,0.19,0.03,2025-07-04 04:59:42-07:00,2025-07-04 03:38:23.595064-07:00,0.78,deterministic_contract_key
zelensky_suit,2025-06-30,2025-07-08,2025_07_04_close_1700_PT,2025-07-05 00:00:00+00:00,2025-07-04 17:00:00-07:00,2025-07-04,4,1,election|win|andr_nico_rodr_guez|bolivia_president|year:2025|2025|543259|21349083717605037525723335754807560771874175181325455859992777238860289139531|KXBOLIVIAPRES-25-AR,election|win|andr_nico_rodr_guez|bolivia_president|year:2025|2025,election,uma_risk_exposed,543259,Will Andrónico Rodríguez win the 2025 Bolivia presidential election?,0,Yes,21349083717605037525723335754807560771874175181325455859992777238860289139531,False,binary_yes_token_price,KXBOLIVIAPRES-25-AR,Who will win the Bolivian presidential election?,Andrónico Rodríguez,7326758.679552,7326758.679552,0.21,0.2,0.009999999999999981,2025-07-04 15:52:25-07:00,2025-07-04 09:46:00.061987-07:00,0.78,deterministic_contract_key
zelensky_suit,2025-06-30,2025-07-08,2025_07_04_close_1700_PT,2025-07-05 00:00:00+00:00,2025-07-04 17:00:00-07:00,2025-07-04,4,1,election|win|branko_marinkovi|bolivia_president|year:2025|2025|543274|17849683858069937637491725401516486250615904612932801425636311554981022266375|KXBOLIVIAPRES-25-BM,election|win|branko_marinkovi|bolivia_president|year:2025|2025,election,uma_risk_exposed,543274,Will Branko Marinković win the 2025 Bolivia presidential election?,0,Yes,17849683858069937637491725401516486250615904612932801425636311554981022266375,False,binary_yes_token_price,KXBOLIVIAPRES-25-BM,Who will win the Bolivian presidential election?,Branko Marinković,337382.708581,337382.708581,0.001,0.09,-0.089,2025-07-04 15:52:27-07:00,2025-06-21 10:37:22.687062-07:00,0.78,deterministic_contract_key
zelensky_suit,2025-06-30,2025-07-08,2025_07_04_close_1700_PT,2025-07-05 00:00:00+00:00,2025-07-04 17:00:00-07:00,2025-07-04,4,1,election|win|chi_hyun_chung|bolivia_president|year:2025|2025|543263|65182144144608433456123000312637003192540674831461667961211058718188030456494|KXBOLIVIAPRES-25-CHC,election|win|chi_hyun_chung|bolivia_president|year:2025|2025,election,uma_risk_exposed,543263,Will Chi Hyun Chung win the 2025 Bolivia presidential election?,0,Yes,65182144144608433456123000312637003192540674831461667961211058718188030456494,False,binary_yes_token_price,KXBOLIVIAPRES-25-CHC,Who will win the Bolivian presidential election?,Chi Hyun Chung,119579.506818,119579.506818,0.001,0.06,-0.059,2025-07-04 15:52:27-07:00,2025-06-03 12:59:43.587279-07:00,0.78,deterministic_contract_key
zelensky_suit,2025-06-30,2025-07-08,2025_07_04_close_1700_PT,2025-07-05 00:00:00+00:00,2025-07-04 17:00:00-07:00,2025-07-04,4,1,election|win|jack_ciattarelli|new_jersey_governor|year:2025|2025|551143|53937473648188783569836457104933054364348579768036516690207399280597410899636|GOVPARTYNJ-25-R,election|win|jack_ciattarelli|new_jersey_governor|year:2025|2025,election,uma_risk_exposed,551143,Will Jack Ciattarelli win the New Jersey Governor Election in 2025,0,Yes,53937473648188783569836457104933054364348579768036516690207399280597410899636,False,binary_yes_token_price,GOVPARTYNJ-25-R,Will Jack Ciattarelli win the 2025 New Jersey gubernatorial election?,Jack Ciattarelli,6037389.579269,6037389.579269,0.2,0.2,0.0,2025-07-04 07:19:41-07:00,2025-07-04 03:02:25.451410-07:00,0.78,deterministic_contract_key
zelensky_suit,2025-06-30,2025-07-08,2025_07_04_close_1700_PT,2025-07-05 00:00:00+00:00,2025-07-04 17:00:00-07:00,2025-07-04,4,1,election|win|luis_arce|bolivia_president|year:2025|2025|543258|111174020960637389416810264600941186414004753111164399059354703606902594067832|KXBOLIVIAPRES-25-LA,election|win|luis_arce|bolivia_president|year:2025|2025,election,uma_risk_exposed,543258,Will Luis Arce win the 2025 Bolivia presidential election?,0,Yes,111174020960637389416810264600941186414004753111164399059354703606902594067832,False,binary_yes_token_price,KXBOLIVIAPRES-25-LA,Who will win the Bolivian presidential election?,Luis Arce,203278.343149,203278.343149,0.001,0.04,-0.039,2025-07-04 15:52:27-07:00,2025-06-19 13:55:54.437219-07:00,0.78,deterministic_contract_key
zelensky_suit,2025-06-30,2025-07-08,2025_07_04_close_1700_PT,2025-07-05 00:00:00+00:00,2025-07-04 17:00:00-07:00,2025-07-04,4,1,election|win|manfred_reyes_villa|bolivia_president|year:2025|2025|543261|6152631328921183884174711861052249809252829304303011603856221267194446351460|KXBOLIVIAPRES-25-MRV,election|win|manfred_reyes_villa|bolivia_president|year:2025|2025,election,uma_risk_exposed,543261,Will Manfred Reyes Villa win the 2025 Bolivia presidential election?,0,Yes,6152631328921183884174711861052249809252829304303011603856221267194446351460,False,binary_yes_token_price,KXBOLIVIAPRES-25-MRV,Who will win the Bolivian presidential election?,Manfred Reyes Villa,842586.658604,842586.658604,0.037,0.09,-0.053,2025-07-04 16:46:08-07:00,2025-07-01 13:54:48.365351-07:00,0.78,deterministic_contract_key
zelensky_suit,2025-06-30,2025-07-08,2025_07_04_close_1700_PT,2025-07-05 00:00:00+00:00,2025-07-04 17:00:00-07:00,2025-07-04,4,1,election|win|mikie_sherrill|new_jersey_governor|year:2025|2025|551137|23056089932958374419797522644901592808991002026498053086166940911059008923379|GOVPARTYNJ-25-D,election|win|mikie_sherrill|new_jersey_governor|year:2025|2025,election,uma_risk_exposed,551137,Will Mikie Sherrill win the New Jersey Governor Election in 2025,0,Yes,23056089932958374419797522644901592808991002026498053086166940911059008923379,False,binary_yes_token_price,GOVPARTYNJ-25-D,Will Mikie Sherrill win the 2025 New Jersey gubernatorial election?,Mikie Sherrill,7479198.557189,7479198.557189,0.81,0.81,0.0,2025-07-04 06:43:42-07:00,2025-07-04 10:00:05.514897-07:00,0.78,deterministic_contract_key
zelensky_suit,2025-06-30,2025-07-08,2025_07_04_close_1700_PT,2025-07-05 00:00:00+00:00,2025-07-04 17:00:00-07:00,2025-07-04,4,1,election|win|samuel_doria_medina|bolivia_president|year:2025|2025|543260|86337476411225396782940416611040694123774553224828196996839974817619931765236|KXBOLIVIAPRES-25-SDM,election|win|samuel_doria_medina|bolivia_president|year:2025|2025,election,uma_risk_exposed,543260,Will Samuel Doria Medina win the 2025 Bolivia presidential election?,0,Yes,86337476411225396782940416611040694123774553224828196996839974817619931765236,False,binary_yes_token_price,KXBOLIVIAPRES-25-SDM,Who will win the Bolivian presidential election?,Samuel Doria Medina,1166200.271818,1166200.271818,0.45,0.45,0.0,2025-07-04 16:55:16-07:00,2025-07-04 10:51:20.960966-07:00,0.78,deterministic_contract_key
zelensky_suit,2025-06-30,2025-07-08,2025_07_04_close_1700_PT,2025-07-05 00:00:00+00:00,2025-07-04 17:00:00-07:00,2025-07-04,4,1,leader_contact|meet|donald_trump|vladimir_putin|year:2025|536502|38401695605203516602153122926538006647911743428951157094417724792317068872612|KXWLEADER-25-VP,leader_contact|meet|donald_trump|vladimir_putin|year:2025,leader_contact,uma_risk_exposed,536502,Will Trump meet with Vladimir Putin in 2025?,0,Yes,38401695605203516602153122926538006647911743428951157094417724792317068872612,False,binary_yes_token_price,KXWLEADER-25-VP,Will Trump meet with Vladimir Putin before 2026?,Vladimir Putin,471641.4171,471641.4171,0.3899999965978723,0.41,-0.020000003402127653,2025-07-04 02:58:52-07:00,2025-07-04 01:58:09.066532-07:00,0.92,deterministic_contract_key
zelensky_suit,2025-06-30,2025-07-08,2025_07_04_close_1700_PT,2025-07-05 00:00:00+00:00,2025-07-04 17:00:00-07:00,2025-07-04,4,1,leader_contact|visit|donald_trump|israel|before:2025-08-01|555433|75803083113304481871189130325120880199300493552616311390383002363547475167443|KXTRUMPVISITISRAEL-25,leader_contact|visit|donald_trump|israel|before:2025-08-01,leader_contact,uma_risk_exposed,555433,Will Trump visit Israel before August?,0,Yes,75803083113304481871189130325120880199300493552616311390383002363547475167443,False,binary_yes_token_price,KXTRUMPVISITISRAEL-25,"Will Trump visit Israel before Aug 1, 2025?","Before Aug 1, 2025",31959.539865,31959.539865,0.039,0.04,-0.0010000000000000009,2025-07-04 16:11:23-07:00,2025-07-04 11:17:40.365773-07:00,0.92,deterministic_contract_key
zelensky_suit,2025-06-30,2025-07-08,2025_07_04_close_1700_PT,2025-07-05 00:00:00+00:00,2025-07-04 17:00:00-07:00,2025-07-04,4,1,office_exit|leave_office|jerome_powell|year:2025|520930|44446628319261786751896876365833910598445252343588252409740203088317210950410|LEAVEPOWELL-25-DEC31,office_exit|leave_office|jerome_powell|year:2025,office_exit,uma_risk_exposed,520930,Jerome Powell out as Fed Chair in 2025?,0,Yes,44446628319261786751896876365833910598445252343588252409740203088317210950410,False,binary_yes_token_price,LEAVEPOWELL-25-DEC31,Powell leaves before 2026?,Before 2026,11760101.336012,11760101.336012,0.16,0.19,-0.03,2025-07-04 16:56:38-07:00,2025-07-04 13:24:39.168350-07:00,0.88,deterministic_contract_key
zelensky_suit,2025-06-30,2025-07-08,2025_07_04_close_1700_PT,2025-07-05 00:00:00+00:00,2025-07-04 17:00:00-07:00,2025-07-04,4,1,office_exit|leave_office|vladimir_putin|year:2025|527807|96309695544495520203095223116782609207881514291963878378807412991184449319557|KXLEADEROUT-25-VPUT,office_exit|leave_office|vladimir_putin|year:2025,office_exit,uma_risk_exposed,527807,Will Vladimir Putin be the first leader out in 2025?,0,Yes,96309695544495520203095223116782609207881514291963878378807412991184449319557,False,binary_yes_token_price,KXLEADEROUT-25-VPUT,Vladimir Putin out this year?,Vladimir Putin,1782662.475384,1782662.475384,0.005,0.01,-0.005,2025-07-04 10:24:08-07:00,2025-07-04 02:35:30.020182-07:00,0.88,deterministic_contract_key
zelensky_suit,2025-06-30,2025-07-08,2025_07_04_close_1700_PT,2025-07-05 00:00:00+00:00,2025-07-04 17:00:00-07:00,2025-07-04,4,1,office_exit|leave_office|xi_jinping|year:2025|527808|58879554417654245921504722538657003216070105934999990003805612960977670880586|KXLEADEROUT-25-XJIN,office_exit|leave_office|xi_jinping|year:2025,office_exit,uma_risk_exposed,527808,Will Xi Jinping be the first leader out in 2025?,0,Yes,58879554417654245921504722538657003216070105934999990003805612960977670880586,False,binary_yes_token_price,KXLEADEROUT-25-XJIN,Xi Jinping out this year?,Xi Jinping,1833966.373545,1833966.373545,0.063,0.01,0.053,2025-07-04 16:51:50-07:00,2025-07-04 11:56:35.610298-07:00,0.88,deterministic_contract_key
zelensky_suit,2025-06-30,2025-07-08,2025_07_04_close_1700_PT,2025-07-05 00:00:00+00:00,2025-07-04 17:00:00-07:00,2025-07-04,4,1,office_exit|leave_office|xi_jinping|year:2025|551963|114304586861386186441621124384163963092522056897081085884483958561365015034812|KXLEADEROUT-25-XJIN,office_exit|leave_office|xi_jinping|year:2025,office_exit,uma_risk_exposed,551963,Xi Jinping out in 2025?,0,Yes,114304586861386186441621124384163963092522056897081085884483958561365015034812,False,binary_yes_token_price,KXLEADEROUT-25-XJIN,Xi Jinping out this year?,Xi Jinping,78655911.742866,78655911.742866,0.1,0.01,0.09000000000000001,2025-07-04 16:47:42-07:00,2025-07-04 11:56:35.610298-07:00,0.88,deterministic_contract_key
zelensky_suit,2025-06-30,2025-07-08,2025_07_04_close_1700_PT,2025-07-05 00:00:00+00:00,2025-07-04 17:00:00-07:00,2025-07-04,4,1,office_exit|resign|volodymyr_zelenskyy|year:2025|525157|74129046843921940913413587682588886122583847748489066762857187137233978267670|KXUKRAINERESIGN-26,office_exit|resign|volodymyr_zelenskyy|year:2025,office_exit,uma_risk_exposed,525157,Zelensky resigns in 2025?,0,Yes,74129046843921940913413587682588886122583847748489066762857187137233978267670,False,binary_yes_token_price,KXUKRAINERESIGN-26,"Will Volodymyr Zelenskyy resign before Jan 1, 2026?",Before 2026,639799.279247,639799.279247,0.06,0.09,-0.03,2025-07-04 07:39:53-07:00,2025-07-04 05:17:34.399779-07:00,0.88,deterministic_contract_key
zelensky_suit,2025-06-30,2025-07-08,2025_07_04_close_1700_PT,2025-07-05 00:00:00+00:00,2025-07-04 17:00:00-07:00,2025-07-04,4,1,policy_action|create|national_bitcoin_reserve|united_states|year:2025|516937|83894672511259544049673946661753374355328822374216474995072428966535091173758|KXBTCRESERVE-26-JAN01,policy_action|create|national_bitcoin_reserve|united_states|year:2025,policy_action,uma_risk_exposed,516937,US national Bitcoin reserve in 2025?,0,Yes,83894672511259544049673946661753374355328822374216474995072428966535091173758,False,binary_yes_token_price,KXBTCRESERVE-26-JAN01,"Will Trump create a National Bitcoin Reserve before Jan 1, 2026?","Before Jan 1, 2026",5526758.797978,5526758.797978,0.3,0.3,0.0,2025-07-04 14:02:23-07:00,2025-07-04 12:37:36.841064-07:00,0.78,deterministic_contract_key
zelensky_suit,2025-06-30,2025-07-08,2025_07_04_close_1700_PT,2025-07-05 00:00:00+00:00,2025-07-04 17:00:00-07:00,2025-07-04,4,1,policy_action|eliminate|department_of_education|united_states|year:2025|523188|60661165588332286306443081468695135979348107944620337686282849990456442563142|KXDOED-26-JAN01,policy_action|eliminate|department_of_education|united_states|year:2025,policy_action,uma_risk_exposed,523188,Will Trump end Department of Education in 2025?,0,Yes,60661165588332286306443081468695135979348107944620337686282849990456442563142,False,binary_yes_token_price,KXDOED-26-JAN01,"Will the Department of Education be eliminated before Jan 1, 2026?","Before Jan 1, 2026",900396.416301,900396.416301,0.07,0.08,-0.009999999999999995,2025-07-04 07:39:37-07:00,2025-07-04 16:45:14.932576-07:00,0.78,deterministic_contract_key
zelensky_suit,2025-06-30,2025-07-08,2025_07_04_close_1700_PT,2025-07-05 00:00:00+00:00,2025-07-04 17:00:00-07:00,2025-07-04,4,1,policy_action|start|recession|united_states|year:2025|516710|104173557214744537570424345347209544585775842950109756851652855913015295701992|RECSSNBER-25,policy_action|start|recession|united_states|year:2025,policy_action,uma_risk_exposed,516710,US recession in 2025?,0,Yes,104173557214744537570424345347209544585775842950109756851652855913015295701992,False,binary_yes_token_price,RECSSNBER-25,Will there be a recession in 2025?,Starts,11734512.428529,11734512.428529,0.21,0.2,0.009999999999999981,2025-07-04 15:51:57-07:00,2025-07-04 16:23:44.795913-07:00,0.78,deterministic_contract_key
zelensky_suit,2025-06-30,2025-07-08,2025_07_05_open_0500_PT,2025-07-05 12:00:00+00:00,2025-07-05 05:00:00-07:00,2025-07-05,5,1,election|win|andr_nico_rodr_guez|bolivia_president|year:2025|2025|543259|21349083717605037525723335754807560771874175181325455859992777238860289139531|KXBOLIVIAPRES-25-AR,election|win|andr_nico_rodr_guez|bolivia_president|year:2025|2025,election,uma_risk_exposed,543259,Will Andrónico Rodríguez win the 2025 Bolivia presidential election?,0,Yes,21349083717605037525723335754807560771874175181325455859992777238860289139531,False,binary_yes_token_price,KXBOLIVIAPRES-25-AR,Who will win the Bolivian presidential election?,Andrónico Rodríguez,7326758.679552,7326758.679552,0.22,0.21,0.010000000000000009,2025-07-05 04:07:15-07:00,2025-07-05 04:07:35.442300-07:00,0.78,deterministic_contract_key
zelensky_suit,2025-06-30,2025-07-08,2025_07_05_open_0500_PT,2025-07-05 12:00:00+00:00,2025-07-05 05:00:00-07:00,2025-07-05,5,1,election|win|branko_marinkovi|bolivia_president|year:2025|2025|543274|17849683858069937637491725401516486250615904612932801425636311554981022266375|KXBOLIVIAPRES-25-BM,election|win|branko_marinkovi|bolivia_president|year:2025|2025,election,uma_risk_exposed,543274,Will Branko Marinković win the 2025 Bolivia presidential election?,0,Yes,17849683858069937637491725401516486250615904612932801425636311554981022266375,False,binary_yes_token_price,KXBOLIVIAPRES-25-BM,Who will win the Bolivian presidential election?,Branko Marinković,337382.708581,337382.708581,0.001,0.09,-0.089,2025-07-05 04:58:47-07:00,2025-06-21 10:37:22.687062-07:00,0.78,deterministic_contract_key
zelensky_suit,2025-06-30,2025-07-08,2025_07_05_open_0500_PT,2025-07-05 12:00:00+00:00,2025-07-05 05:00:00-07:00,2025-07-05,5,1,election|win|chi_hyun_chung|bolivia_president|year:2025|2025|543263|65182144144608433456123000312637003192540674831461667961211058718188030456494|KXBOLIVIAPRES-25-CHC,election|win|chi_hyun_chung|bolivia_president|year:2025|2025,election,uma_risk_exposed,543263,Will Chi Hyun Chung win the 2025 Bolivia presidential election?,0,Yes,65182144144608433456123000312637003192540674831461667961211058718188030456494,False,binary_yes_token_price,KXBOLIVIAPRES-25-CHC,Who will win the Bolivian presidential election?,Chi Hyun Chung,119579.506818,119579.506818,0.001,0.06,-0.059,2025-07-04 15:52:27-07:00,2025-06-03 12:59:43.587279-07:00,0.78,deterministic_contract_key
zelensky_suit,2025-06-30,2025-07-08,2025_07_05_open_0500_PT,2025-07-05 12:00:00+00:00,2025-07-05 05:00:00-07:00,2025-07-05,5,1,election|win|jack_ciattarelli|new_jersey_governor|year:2025|2025|551143|53937473648188783569836457104933054364348579768036516690207399280597410899636|GOVPARTYNJ-25-R,election|win|jack_ciattarelli|new_jersey_governor|year:2025|2025,election,uma_risk_exposed,551143,Will Jack Ciattarelli win the New Jersey Governor Election in 2025,0,Yes,53937473648188783569836457104933054364348579768036516690207399280597410899636,False,binary_yes_token_price,GOVPARTYNJ-25-R,Will Jack Ciattarelli win the 2025 New Jersey gubernatorial election?,Jack Ciattarelli,6037389.579269,6037389.579269,0.2,0.2,0.0,2025-07-04 07:19:41-07:00,2025-07-04 03:02:25.451410-07:00,0.78,deterministic_contract_key
zelensky_suit,2025-06-30,2025-07-08,2025_07_05_open_0500_PT,2025-07-05 12:00:00+00:00,2025-07-05 05:00:00-07:00,2025-07-05,5,1,election|win|luis_arce|bolivia_president|year:2025|2025|543258|111174020960637389416810264600941186414004753111164399059354703606902594067832|KXBOLIVIAPRES-25-LA,election|win|luis_arce|bolivia_president|year:2025|2025,election,uma_risk_exposed,543258,Will Luis Arce win the 2025 Bolivia presidential election?,0,Yes,111174020960637389416810264600941186414004753111164399059354703606902594067832,False,binary_yes_token_price,KXBOLIVIAPRES-25-LA,Who will win the Bolivian presidential election?,Luis Arce,203278.343149,203278.343149,0.002,0.04,-0.038,2025-07-05 04:06:49-07:00,2025-06-19 13:55:54.437219-07:00,0.78,deterministic_contract_key
zelensky_suit,2025-06-30,2025-07-08,2025_07_05_open_0500_PT,2025-07-05 12:00:00+00:00,2025-07-05 05:00:00-07:00,2025-07-05,5,1,election|win|manfred_reyes_villa|bolivia_president|year:2025|2025|543261|6152631328921183884174711861052249809252829304303011603856221267194446351460|KXBOLIVIAPRES-25-MRV,election|win|manfred_reyes_villa|bolivia_president|year:2025|2025,election,uma_risk_exposed,543261,Will Manfred Reyes Villa win the 2025 Bolivia presidential election?,0,Yes,6152631328921183884174711861052249809252829304303011603856221267194446351460,False,binary_yes_token_price,KXBOLIVIAPRES-25-MRV,Who will win the Bolivian presidential election?,Manfred Reyes Villa,842586.658604,842586.658604,0.036,0.09,-0.054,2025-07-05 00:08:10-07:00,2025-07-01 13:54:48.365351-07:00,0.78,deterministic_contract_key
zelensky_suit,2025-06-30,2025-07-08,2025_07_05_open_0500_PT,2025-07-05 12:00:00+00:00,2025-07-05 05:00:00-07:00,2025-07-05,5,1,election|win|mikie_sherrill|new_jersey_governor|year:2025|2025|551137|23056089932958374419797522644901592808991002026498053086166940911059008923379|GOVPARTYNJ-25-D,election|win|mikie_sherrill|new_jersey_governor|year:2025|2025,election,uma_risk_exposed,551137,Will Mikie Sherrill win the New Jersey Governor Election in 2025,0,Yes,23056089932958374419797522644901592808991002026498053086166940911059008923379,False,binary_yes_token_price,GOVPARTYNJ-25-D,Will Mikie Sherrill win the 2025 New Jersey gubernatorial election?,Mikie Sherrill,7479198.557189,7479198.557189,0.81,0.81,0.0,2025-07-04 06:43:42-07:00,2025-07-05 02:18:44.129517-07:00,0.78,deterministic_contract_key
zelensky_suit,2025-06-30,2025-07-08,2025_07_05_open_0500_PT,2025-07-05 12:00:00+00:00,2025-07-05 05:00:00-07:00,2025-07-05,5,1,election|win|samuel_doria_medina|bolivia_president|year:2025|2025|543260|86337476411225396782940416611040694123774553224828196996839974817619931765236|KXBOLIVIAPRES-25-SDM,election|win|samuel_doria_medina|bolivia_president|year:2025|2025,election,uma_risk_exposed,543260,Will Samuel Doria Medina win the 2025 Bolivia presidential election?,0,Yes,86337476411225396782940416611040694123774553224828196996839974817619931765236,False,binary_yes_token_price,KXBOLIVIAPRES-25-SDM,Who will win the Bolivian presidential election?,Samuel Doria Medina,1166200.271818,1166200.271818,0.46999992093451887,0.45,0.019999920934518856,2025-07-05 04:55:43-07:00,2025-07-04 10:51:20.960966-07:00,0.78,deterministic_contract_key
zelensky_suit,2025-06-30,2025-07-08,2025_07_05_open_0500_PT,2025-07-05 12:00:00+00:00,2025-07-05 05:00:00-07:00,2025-07-05,5,1,leader_contact|meet|donald_trump|vladimir_putin|year:2025|536502|38401695605203516602153122926538006647911743428951157094417724792317068872612|KXWLEADER-25-VP,leader_contact|meet|donald_trump|vladimir_putin|year:2025,leader_contact,uma_risk_exposed,536502,Will Trump meet with Vladimir Putin in 2025?,0,Yes,38401695605203516602153122926538006647911743428951157094417724792317068872612,False,binary_yes_token_price,KXWLEADER-25-VP,Will Trump meet with Vladimir Putin before 2026?,Vladimir Putin,471641.4171,471641.4171,0.35,0.41,-0.06,2025-07-05 03:21:21-07:00,2025-07-04 01:58:09.066532-07:00,0.92,deterministic_contract_key
zelensky_suit,2025-06-30,2025-07-08,2025_07_05_open_0500_PT,2025-07-05 12:00:00+00:00,2025-07-05 05:00:00-07:00,2025-07-05,5,1,leader_contact|visit|donald_trump|israel|before:2025-08-01|555433|75803083113304481871189130325120880199300493552616311390383002363547475167443|KXTRUMPVISITISRAEL-25,leader_contact|visit|donald_trump|israel|before:2025-08-01,leader_contact,uma_risk_exposed,555433,Will Trump visit Israel before August?,0,Yes,75803083113304481871189130325120880199300493552616311390383002363547475167443,False,binary_yes_token_price,KXTRUMPVISITISRAEL-25,"Will Trump visit Israel before Aug 1, 2025?","Before Aug 1, 2025",31959.539865,31959.539865,0.037,0.08,-0.043000000000000003,2025-07-05 03:27:37-07:00,2025-07-05 03:43:34.883031-07:00,0.92,deterministic_contract_key
zelensky_suit,2025-06-30,2025-07-08,2025_07_05_open_0500_PT,2025-07-05 12:00:00+00:00,2025-07-05 05:00:00-07:00,2025-07-05,5,1,office_exit|leave_office|jerome_powell|year:2025|520930|44446628319261786751896876365833910598445252343588252409740203088317210950410|LEAVEPOWELL-25-DEC31,office_exit|leave_office|jerome_powell|year:2025,office_exit,uma_risk_exposed,520930,Jerome Powell out as Fed Chair in 2025?,0,Yes,44446628319261786751896876365833910598445252343588252409740203088317210950410,False,binary_yes_token_price,LEAVEPOWELL-25-DEC31,Powell leaves before 2026?,Before 2026,11760101.336012,11760101.336012,0.14,0.19,-0.04999999999999999,2025-07-05 01:59:32-07:00,2025-07-05 04:59:45.059988-07:00,0.88,deterministic_contract_key
zelensky_suit,2025-06-30,2025-07-08,2025_07_05_open_0500_PT,2025-07-05 12:00:00+00:00,2025-07-05 05:00:00-07:00,2025-07-05,5,1,office_exit|leave_office|vladimir_putin|year:2025|527807|96309695544495520203095223116782609207881514291963878378807412991184449319557|KXLEADEROUT-25-VPUT,office_exit|leave_office|vladimir_putin|year:2025,office_exit,uma_risk_exposed,527807,Will Vladimir Putin be the first leader out in 2025?,0,Yes,96309695544495520203095223116782609207881514291963878378807412991184449319557,False,binary_yes_token_price,KXLEADEROUT-25-VPUT,Vladimir Putin out this year?,Vladimir Putin,1782662.475384,1782662.475384,0.006,0.01,-0.004,2025-07-04 19:10:42-07:00,2025-07-04 02:35:30.020182-07:00,0.88,deterministic_contract_key
zelensky_suit,2025-06-30,2025-07-08,2025_07_05_open_0500_PT,2025-07-05 12:00:00+00:00,2025-07-05 05:00:00-07:00,2025-07-05,5,1,office_exit|leave_office|xi_jinping|year:2025|527808|58879554417654245921504722538657003216070105934999990003805612960977670880586|KXLEADEROUT-25-XJIN,office_exit|leave_office|xi_jinping|year:2025,office_exit,uma_risk_exposed,527808,Will Xi Jinping be the first leader out in 2025?,0,Yes,58879554417654245921504722538657003216070105934999990003805612960977670880586,False,binary_yes_token_price,KXLEADEROUT-25-XJIN,Xi Jinping out this year?,Xi Jinping,1833966.373545,1833966.373545,0.06300000182007286,0.01,0.053000001820072855,2025-07-05 03:02:49-07:00,2025-07-04 11:56:35.610298-07:00,0.88,deterministic_contract_key
zelensky_suit,2025-06-30,2025-07-08,2025_07_05_open_0500_PT,2025-07-05 12:00:00+00:00,2025-07-05 05:00:00-07:00,2025-07-05,5,1,office_exit|leave_office|xi_jinping|year:2025|551963|114304586861386186441621124384163963092522056897081085884483958561365015034812|KXLEADEROUT-25-XJIN,office_exit|leave_office|xi_jinping|year:2025,office_exit,uma_risk_exposed,551963,Xi Jinping out in 2025?,0,Yes,114304586861386186441621124384163963092522056897081085884483958561365015034812,False,binary_yes_token_price,KXLEADEROUT-25-XJIN,Xi Jinping out this year?,Xi Jinping,78655911.742866,78655911.742866,0.08,0.01,0.07,2025-07-05 04:55:19-07:00,2025-07-04 11:56:35.610298-07:00,0.88,deterministic_contract_key
zelensky_suit,2025-06-30,2025-07-08,2025_07_05_open_0500_PT,2025-07-05 12:00:00+00:00,2025-07-05 05:00:00-07:00,2025-07-05,5,1,office_exit|resign|volodymyr_zelenskyy|year:2025|525157|74129046843921940913413587682588886122583847748489066762857187137233978267670|KXUKRAINERESIGN-26,office_exit|resign|volodymyr_zelenskyy|year:2025,office_exit,uma_risk_exposed,525157,Zelensky resigns in 2025?,0,Yes,74129046843921940913413587682588886122583847748489066762857187137233978267670,False,binary_yes_token_price,KXUKRAINERESIGN-26,"Will Volodymyr Zelenskyy resign before Jan 1, 2026?",Before 2026,639799.279247,639799.279247,0.06,0.09,-0.03,2025-07-04 07:39:53-07:00,2025-07-04 05:17:34.399779-07:00,0.88,deterministic_contract_key
zelensky_suit,2025-06-30,2025-07-08,2025_07_05_open_0500_PT,2025-07-05 12:00:00+00:00,2025-07-05 05:00:00-07:00,2025-07-05,5,1,policy_action|create|national_bitcoin_reserve|united_states|year:2025|516937|83894672511259544049673946661753374355328822374216474995072428966535091173758|KXBTCRESERVE-26-JAN01,policy_action|create|national_bitcoin_reserve|united_states|year:2025,policy_action,uma_risk_exposed,516937,US national Bitcoin reserve in 2025?,0,Yes,83894672511259544049673946661753374355328822374216474995072428966535091173758,False,binary_yes_token_price,KXBTCRESERVE-26-JAN01,"Will Trump create a National Bitcoin Reserve before Jan 1, 2026?","Before Jan 1, 2026",5526758.797978,5526758.797978,0.2800000038434165,0.38,-0.0999999961565835,2025-07-05 04:12:41-07:00,2025-07-05 04:36:29.803992-07:00,0.78,deterministic_contract_key
zelensky_suit,2025-06-30,2025-07-08,2025_07_05_open_0500_PT,2025-07-05 12:00:00+00:00,2025-07-05 05:00:00-07:00,2025-07-05,5,1,policy_action|eliminate|department_of_education|united_states|year:2025|523188|60661165588332286306443081468695135979348107944620337686282849990456442563142|KXDOED-26-JAN01,policy_action|eliminate|department_of_education|united_states|year:2025,policy_action,uma_risk_exposed,523188,Will Trump end Department of Education in 2025?,0,Yes,60661165588332286306443081468695135979348107944620337686282849990456442563142,False,binary_yes_token_price,KXDOED-26-JAN01,"Will the Department of Education be eliminated before Jan 1, 2026?","Before Jan 1, 2026",900396.416301,900396.416301,0.074,0.08,-0.006000000000000005,2025-07-05 03:27:05-07:00,2025-07-04 16:45:14.932576-07:00,0.78,deterministic_contract_key
zelensky_suit,2025-06-30,2025-07-08,2025_07_05_open_0500_PT,2025-07-05 12:00:00+00:00,2025-07-05 05:00:00-07:00,2025-07-05,5,1,policy_action|start|recession|united_states|year:2025|516710|104173557214744537570424345347209544585775842950109756851652855913015295701992|RECSSNBER-25,policy_action|start|recession|united_states|year:2025,policy_action,uma_risk_exposed,516710,US recession in 2025?,0,Yes,104173557214744537570424345347209544585775842950109756851652855913015295701992,False,binary_yes_token_price,RECSSNBER-25,Will there be a recession in 2025?,Starts,11734512.428529,11734512.428529,0.21,0.18,0.03,2025-07-05 04:53:53-07:00,2025-07-05 04:59:23.621281-07:00,0.78,deterministic_contract_key
zelensky_suit,2025-06-30,2025-07-08,2025_07_05_close_1700_PT,2025-07-06 00:00:00+00:00,2025-07-05 17:00:00-07:00,2025-07-05,5,1,election|win|andr_nico_rodr_guez|bolivia_president|year:2025|2025|543259|21349083717605037525723335754807560771874175181325455859992777238860289139531|KXBOLIVIAPRES-25-AR,election|win|andr_nico_rodr_guez|bolivia_president|year:2025|2025,election,uma_risk_exposed,543259,Will Andrónico Rodríguez win the 2025 Bolivia presidential election?,0,Yes,21349083717605037525723335754807560771874175181325455859992777238860289139531,False,binary_yes_token_price,KXBOLIVIAPRES-25-AR,Who will win the Bolivian presidential election?,Andrónico Rodríguez,7326758.679552,7326758.679552,0.25,0.24,0.010000000000000009,2025-07-05 16:34:13-07:00,2025-07-05 11:34:09.590916-07:00,0.78,deterministic_contract_key
zelensky_suit,2025-06-30,2025-07-08,2025_07_05_close_1700_PT,2025-07-06 00:00:00+00:00,2025-07-05 17:00:00-07:00,2025-07-05,5,1,election|win|branko_marinkovi|bolivia_president|year:2025|2025|543274|17849683858069937637491725401516486250615904612932801425636311554981022266375|KXBOLIVIAPRES-25-BM,election|win|branko_marinkovi|bolivia_president|year:2025|2025,election,uma_risk_exposed,543274,Will Branko Marinković win the 2025 Bolivia presidential election?,0,Yes,17849683858069937637491725401516486250615904612932801425636311554981022266375,False,binary_yes_token_price,KXBOLIVIAPRES-25-BM,Who will win the Bolivian presidential election?,Branko Marinković,337382.708581,337382.708581,0.001,0.09,-0.089,2025-07-05 16:33:53-07:00,2025-06-21 10:37:22.687062-07:00,0.78,deterministic_contract_key
zelensky_suit,2025-06-30,2025-07-08,2025_07_05_close_1700_PT,2025-07-06 00:00:00+00:00,2025-07-05 17:00:00-07:00,2025-07-05,5,1,election|win|chi_hyun_chung|bolivia_president|year:2025|2025|543263|65182144144608433456123000312637003192540674831461667961211058718188030456494|KXBOLIVIAPRES-25-CHC,election|win|chi_hyun_chung|bolivia_president|year:2025|2025,election,uma_risk_exposed,543263,Will Chi Hyun Chung win the 2025 Bolivia presidential election?,0,Yes,65182144144608433456123000312637003192540674831461667961211058718188030456494,False,binary_yes_token_price,KXBOLIVIAPRES-25-CHC,Who will win the Bolivian presidential election?,Chi Hyun Chung,119579.506818,119579.506818,0.001,0.06,-0.059,2025-07-05 16:33:53-07:00,2025-06-03 12:59:43.587279-07:00,0.78,deterministic_contract_key
zelensky_suit,2025-06-30,2025-07-08,2025_07_05_close_1700_PT,2025-07-06 00:00:00+00:00,2025-07-05 17:00:00-07:00,2025-07-05,5,1,election|win|jack_ciattarelli|new_jersey_governor|year:2025|2025|551143|53937473648188783569836457104933054364348579768036516690207399280597410899636|GOVPARTYNJ-25-R,election|win|jack_ciattarelli|new_jersey_governor|year:2025|2025,election,uma_risk_exposed,551143,Will Jack Ciattarelli win the New Jersey Governor Election in 2025,0,Yes,53937473648188783569836457104933054364348579768036516690207399280597410899636,False,binary_yes_token_price,GOVPARTYNJ-25-R,Will Jack Ciattarelli win the 2025 New Jersey gubernatorial election?,Jack Ciattarelli,6037389.579269,6037389.579269,0.2,0.2,0.0,2025-07-04 07:19:41-07:00,2025-07-05 14:16:19.389647-07:00,0.78,deterministic_contract_key
zelensky_suit,2025-06-30,2025-07-08,2025_07_05_close_1700_PT,2025-07-06 00:00:00+00:00,2025-07-05 17:00:00-07:00,2025-07-05,5,1,election|win|luis_arce|bolivia_president|year:2025|2025|543258|111174020960637389416810264600941186414004753111164399059354703606902594067832|KXBOLIVIAPRES-25-LA,election|win|luis_arce|bolivia_president|year:2025|2025,election,uma_risk_exposed,543258,Will Luis Arce win the 2025 Bolivia presidential election?,0,Yes,111174020960637389416810264600941186414004753111164399059354703606902594067832,False,binary_yes_token_price,KXBOLIVIAPRES-25-LA,Who will win the Bolivian presidential election?,Luis Arce,203278.343149,203278.343149,0.001,0.04,-0.039,2025-07-05 16:33:53-07:00,2025-06-19 13:55:54.437219-07:00,0.78,deterministic_contract_key
zelensky_suit,2025-06-30,2025-07-08,2025_07_05_close_1700_PT,2025-07-06 00:00:00+00:00,2025-07-05 17:00:00-07:00,2025-07-05,5,1,election|win|manfred_reyes_villa|bolivia_president|year:2025|2025|543261|6152631328921183884174711861052249809252829304303011603856221267194446351460|KXBOLIVIAPRES-25-MRV,election|win|manfred_reyes_villa|bolivia_president|year:2025|2025,election,uma_risk_exposed,543261,Will Manfred Reyes Villa win the 2025 Bolivia presidential election?,0,Yes,6152631328921183884174711861052249809252829304303011603856221267194446351460,False,binary_yes_token_price,KXBOLIVIAPRES-25-MRV,Who will win the Bolivian presidential election?,Manfred Reyes Villa,842586.658604,842586.658604,0.03,0.02,0.009999999999999998,2025-07-05 16:33:53-07:00,2025-07-05 13:25:40.784102-07:00,0.78,deterministic_contract_key
zelensky_suit,2025-06-30,2025-07-08,2025_07_05_close_1700_PT,2025-07-06 00:00:00+00:00,2025-07-05 17:00:00-07:00,2025-07-05,5,1,election|win|mikie_sherrill|new_jersey_governor|year:2025|2025|551137|23056089932958374419797522644901592808991002026498053086166940911059008923379|GOVPARTYNJ-25-D,election|win|mikie_sherrill|new_jersey_governor|year:2025|2025,election,uma_risk_exposed,551137,Will Mikie Sherrill win the New Jersey Governor Election in 2025,0,Yes,23056089932958374419797522644901592808991002026498053086166940911059008923379,False,binary_yes_token_price,GOVPARTYNJ-25-D,Will Mikie Sherrill win the 2025 New Jersey gubernatorial election?,Mikie Sherrill,7479198.557189,7479198.557189,0.82,0.81,0.009999999999999898,2025-07-05 15:50:29-07:00,2025-07-05 02:18:44.129517-07:00,0.78,deterministic_contract_key
zelensky_suit,2025-06-30,2025-07-08,2025_07_05_close_1700_PT,2025-07-06 00:00:00+00:00,2025-07-05 17:00:00-07:00,2025-07-05,5,1,election|win|samuel_doria_medina|bolivia_president|year:2025|2025|543260|86337476411225396782940416611040694123774553224828196996839974817619931765236|KXBOLIVIAPRES-25-SDM,election|win|samuel_doria_medina|bolivia_president|year:2025|2025,election,uma_risk_exposed,543260,Will Samuel Doria Medina win the 2025 Bolivia presidential election?,0,Yes,86337476411225396782940416611040694123774553224828196996839974817619931765236,False,binary_yes_token_price,KXBOLIVIAPRES-25-SDM,Who will win the Bolivian presidential election?,Samuel Doria Medina,1166200.271818,1166200.271818,0.47,0.49,-0.020000000000000018,2025-07-05 16:29:51-07:00,2025-07-05 13:36:05.156441-07:00,0.78,deterministic_contract_key
zelensky_suit,2025-06-30,2025-07-08,2025_07_05_close_1700_PT,2025-07-06 00:00:00+00:00,2025-07-05 17:00:00-07:00,2025-07-05,5,1,leader_contact|meet|donald_trump|vladimir_putin|year:2025|536502|38401695605203516602153122926538006647911743428951157094417724792317068872612|KXWLEADER-25-VP,leader_contact|meet|donald_trump|vladimir_putin|year:2025,leader_contact,uma_risk_exposed,536502,Will Trump meet with Vladimir Putin in 2025?,0,Yes,38401695605203516602153122926538006647911743428951157094417724792317068872612,False,binary_yes_token_price,KXWLEADER-25-VP,Will Trump meet with Vladimir Putin before 2026?,Vladimir Putin,471641.4171,471641.4171,0.35,0.41,-0.06,2025-07-05 03:21:21-07:00,2025-07-04 01:58:09.066532-07:00,0.92,deterministic_contract_key
zelensky_suit,2025-06-30,2025-07-08,2025_07_05_close_1700_PT,2025-07-06 00:00:00+00:00,2025-07-05 17:00:00-07:00,2025-07-05,5,1,leader_contact|visit|donald_trump|israel|before:2025-08-01|555433|75803083113304481871189130325120880199300493552616311390383002363547475167443|KXTRUMPVISITISRAEL-25,leader_contact|visit|donald_trump|israel|before:2025-08-01,leader_contact,uma_risk_exposed,555433,Will Trump visit Israel before August?,0,Yes,75803083113304481871189130325120880199300493552616311390383002363547475167443,False,binary_yes_token_price,KXTRUMPVISITISRAEL-25,"Will Trump visit Israel before Aug 1, 2025?","Before Aug 1, 2025",31959.539865,31959.539865,0.027,0.07,-0.04300000000000001,2025-07-05 16:06:33-07:00,2025-07-05 05:30:35.521050-07:00,0.92,deterministic_contract_key
zelensky_suit,2025-06-30,2025-07-08,2025_07_05_close_1700_PT,2025-07-06 00:00:00+00:00,2025-07-05 17:00:00-07:00,2025-07-05,5,1,office_exit|leave_office|jerome_powell|year:2025|520930|44446628319261786751896876365833910598445252343588252409740203088317210950410|LEAVEPOWELL-25-DEC31,office_exit|leave_office|jerome_powell|year:2025,office_exit,uma_risk_exposed,520930,Jerome Powell out as Fed Chair in 2025?,0,Yes,44446628319261786751896876365833910598445252343588252409740203088317210950410,False,binary_yes_token_price,LEAVEPOWELL-25-DEC31,Powell leaves before 2026?,Before 2026,11760101.336012,11760101.336012,0.17,0.2,-0.03,2025-07-05 16:59:57-07:00,2025-07-05 16:05:40.207642-07:00,0.88,deterministic_contract_key
zelensky_suit,2025-06-30,2025-07-08,2025_07_05_close_1700_PT,2025-07-06 00:00:00+00:00,2025-07-05 17:00:00-07:00,2025-07-05,5,1,office_exit|leave_office|vladimir_putin|year:2025|527807|96309695544495520203095223116782609207881514291963878378807412991184449319557|KXLEADEROUT-25-VPUT,office_exit|leave_office|vladimir_putin|year:2025,office_exit,uma_risk_exposed,527807,Will Vladimir Putin be the first leader out in 2025?,0,Yes,96309695544495520203095223116782609207881514291963878378807412991184449319557,False,binary_yes_token_price,KXLEADEROUT-25-VPUT,Vladimir Putin out this year?,Vladimir Putin,1782662.475384,1782662.475384,0.004,0.01,-0.006,2025-07-05 14:12:39-07:00,2025-07-04 02:35:30.020182-07:00,0.88,deterministic_contract_key
zelensky_suit,2025-06-30,2025-07-08,2025_07_05_close_1700_PT,2025-07-06 00:00:00+00:00,2025-07-05 17:00:00-07:00,2025-07-05,5,1,office_exit|leave_office|xi_jinping|year:2025|527808|58879554417654245921504722538657003216070105934999990003805612960977670880586|KXLEADEROUT-25-XJIN,office_exit|leave_office|xi_jinping|year:2025,office_exit,uma_risk_exposed,527808,Will Xi Jinping be the first leader out in 2025?,0,Yes,58879554417654245921504722538657003216070105934999990003805612960977670880586,False,binary_yes_token_price,KXLEADEROUT-25-XJIN,Xi Jinping out this year?,Xi Jinping,1833966.373545,1833966.373545,0.065,0.02,0.045,2025-07-05 16:12:35-07:00,2025-07-05 15:02:58.549937-07:00,0.88,deterministic_contract_key
zelensky_suit,2025-06-30,2025-07-08,2025_07_05_close_1700_PT,2025-07-06 00:00:00+00:00,2025-07-05 17:00:00-07:00,2025-07-05,5,1,office_exit|leave_office|xi_jinping|year:2025|551963|114304586861386186441621124384163963092522056897081085884483958561365015034812|KXLEADEROUT-25-XJIN,office_exit|leave_office|xi_jinping|year:2025,office_exit,uma_risk_exposed,551963,Xi Jinping out in 2025?,0,Yes,114304586861386186441621124384163963092522056897081085884483958561365015034812,False,binary_yes_token_price,KXLEADEROUT-25-XJIN,Xi Jinping out this year?,Xi Jinping,78655911.742866,78655911.742866,0.1,0.02,0.08,2025-07-05 15:17:45-07:00,2025-07-05 15:02:58.549937-07:00,0.88,deterministic_contract_key
zelensky_suit,2025-06-30,2025-07-08,2025_07_05_close_1700_PT,2025-07-06 00:00:00+00:00,2025-07-05 17:00:00-07:00,2025-07-05,5,1,office_exit|resign|volodymyr_zelenskyy|year:2025|525157|74129046843921940913413587682588886122583847748489066762857187137233978267670|KXUKRAINERESIGN-26,office_exit|resign|volodymyr_zelenskyy|year:2025,office_exit,uma_risk_exposed,525157,Zelensky resigns in 2025?,0,Yes,74129046843921940913413587682588886122583847748489066762857187137233978267670,False,binary_yes_token_price,KXUKRAINERESIGN-26,"Will Volodymyr Zelenskyy resign before Jan 1, 2026?",Before 2026,639799.279247,639799.279247,0.07,0.09,-0.01999999999999999,2025-07-05 05:22:47-07:00,2025-07-04 05:17:34.399779-07:00,0.88,deterministic_contract_key
zelensky_suit,2025-06-30,2025-07-08,2025_07_05_close_1700_PT,2025-07-06 00:00:00+00:00,2025-07-05 17:00:00-07:00,2025-07-05,5,1,policy_action|create|national_bitcoin_reserve|united_states|year:2025|516937|83894672511259544049673946661753374355328822374216474995072428966535091173758|KXBTCRESERVE-26-JAN01,policy_action|create|national_bitcoin_reserve|united_states|year:2025,policy_action,uma_risk_exposed,516937,US national Bitcoin reserve in 2025?,0,Yes,83894672511259544049673946661753374355328822374216474995072428966535091173758,False,binary_yes_token_price,KXBTCRESERVE-26-JAN01,"Will Trump create a National Bitcoin Reserve before Jan 1, 2026?","Before Jan 1, 2026",5526758.797978,5526758.797978,0.29999992499998124,0.38,-0.08000007500001877,2025-07-05 15:51:25-07:00,2025-07-05 16:28:07.960579-07:00,0.78,deterministic_contract_key
zelensky_suit,2025-06-30,2025-07-08,2025_07_05_close_1700_PT,2025-07-06 00:00:00+00:00,2025-07-05 17:00:00-07:00,2025-07-05,5,1,policy_action|eliminate|department_of_education|united_states|year:2025|523188|60661165588332286306443081468695135979348107944620337686282849990456442563142|KXDOED-26-JAN01,policy_action|eliminate|department_of_education|united_states|year:2025,policy_action,uma_risk_exposed,523188,Will Trump end Department of Education in 2025?,0,Yes,60661165588332286306443081468695135979348107944620337686282849990456442563142,False,binary_yes_token_price,KXDOED-26-JAN01,"Will the Department of Education be eliminated before Jan 1, 2026?","Before Jan 1, 2026",900396.416301,900396.416301,0.07,0.08,-0.009999999999999995,2025-07-05 11:35:05-07:00,2025-07-05 13:43:49.176865-07:00,0.78,deterministic_contract_key
zelensky_suit,2025-06-30,2025-07-08,2025_07_05_close_1700_PT,2025-07-06 00:00:00+00:00,2025-07-05 17:00:00-07:00,2025-07-05,5,1,policy_action|start|recession|united_states|year:2025|516710|104173557214744537570424345347209544585775842950109756851652855913015295701992|RECSSNBER-25,policy_action|start|recession|united_states|year:2025,policy_action,uma_risk_exposed,516710,US recession in 2025?,0,Yes,104173557214744537570424345347209544585775842950109756851652855913015295701992,False,binary_yes_token_price,RECSSNBER-25,Will there be a recession in 2025?,Starts,11734512.428529,11734512.428529,0.22,0.2,0.01999999999999999,2025-07-05 16:31:25-07:00,2025-07-05 13:36:46.498020-07:00,0.78,deterministic_contract_key
zelensky_suit,2025-06-30,2025-07-08,2025_07_06_open_0500_PT,2025-07-06 12:00:00+00:00,2025-07-06 05:00:00-07:00,2025-07-06,6,1,election|win|andr_nico_rodr_guez|bolivia_president|year:2025|2025|543259|21349083717605037525723335754807560771874175181325455859992777238860289139531|KXBOLIVIAPRES-25-AR,election|win|andr_nico_rodr_guez|bolivia_president|year:2025|2025,election,uma_risk_exposed,543259,Will Andrónico Rodríguez win the 2025 Bolivia presidential election?,0,Yes,21349083717605037525723335754807560771874175181325455859992777238860289139531,False,binary_yes_token_price,KXBOLIVIAPRES-25-AR,Who will win the Bolivian presidential election?,Andrónico Rodríguez,7326758.679552,7326758.679552,0.25,0.24,0.010000000000000009,2025-07-06 03:35:47-07:00,2025-07-05 22:02:36.634160-07:00,0.78,deterministic_contract_key
zelensky_suit,2025-06-30,2025-07-08,2025_07_06_open_0500_PT,2025-07-06 12:00:00+00:00,2025-07-06 05:00:00-07:00,2025-07-06,6,1,election|win|branko_marinkovi|bolivia_president|year:2025|2025|543274|17849683858069937637491725401516486250615904612932801425636311554981022266375|KXBOLIVIAPRES-25-BM,election|win|branko_marinkovi|bolivia_president|year:2025|2025,election,uma_risk_exposed,543274,Will Branko Marinković win the 2025 Bolivia presidential election?,0,Yes,17849683858069937637491725401516486250615904612932801425636311554981022266375,False,binary_yes_token_price,KXBOLIVIAPRES-25-BM,Who will win the Bolivian presidential election?,Branko Marinković,337382.708581,337382.708581,0.002,0.09,-0.088,2025-07-06 04:58:49-07:00,2025-06-21 10:37:22.687062-07:00,0.78,deterministic_contract_key
zelensky_suit,2025-06-30,2025-07-08,2025_07_06_open_0500_PT,2025-07-06 12:00:00+00:00,2025-07-06 05:00:00-07:00,2025-07-06,6,1,election|win|chi_hyun_chung|bolivia_president|year:2025|2025|543263|65182144144608433456123000312637003192540674831461667961211058718188030456494|KXBOLIVIAPRES-25-CHC,election|win|chi_hyun_chung|bolivia_president|year:2025|2025,election,uma_risk_exposed,543263,Will Chi Hyun Chung win the 2025 Bolivia presidential election?,0,Yes,65182144144608433456123000312637003192540674831461667961211058718188030456494,False,binary_yes_token_price,KXBOLIVIAPRES-25-CHC,Who will win the Bolivian presidential election?,Chi Hyun Chung,119579.506818,119579.506818,0.001,0.06,-0.059,2025-07-05 17:59:45-07:00,2025-06-03 12:59:43.587279-07:00,0.78,deterministic_contract_key
zelensky_suit,2025-06-30,2025-07-08,2025_07_06_open_0500_PT,2025-07-06 12:00:00+00:00,2025-07-06 05:00:00-07:00,2025-07-06,6,1,election|win|jack_ciattarelli|new_jersey_governor|year:2025|2025|551143|53937473648188783569836457104933054364348579768036516690207399280597410899636|GOVPARTYNJ-25-R,election|win|jack_ciattarelli|new_jersey_governor|year:2025|2025,election,uma_risk_exposed,551143,Will Jack Ciattarelli win the New Jersey Governor Election in 2025,0,Yes,53937473648188783569836457104933054364348579768036516690207399280597410899636,False,binary_yes_token_price,GOVPARTYNJ-25-R,Will Jack Ciattarelli win the 2025 New Jersey gubernatorial election?,Jack Ciattarelli,6037389.579269,6037389.579269,0.2,0.18,0.020000000000000018,2025-07-04 07:19:41-07:00,2025-07-05 23:41:55.850881-07:00,0.78,deterministic_contract_key
zelensky_suit,2025-06-30,2025-07-08,2025_07_06_open_0500_PT,2025-07-06 12:00:00+00:00,2025-07-06 05:00:00-07:00,2025-07-06,6,1,election|win|luis_arce|bolivia_president|year:2025|2025|543258|111174020960637389416810264600941186414004753111164399059354703606902594067832|KXBOLIVIAPRES-25-LA,election|win|luis_arce|bolivia_president|year:2025|2025,election,uma_risk_exposed,543258,Will Luis Arce win the 2025 Bolivia presidential election?,0,Yes,111174020960637389416810264600941186414004753111164399059354703606902594067832,False,binary_yes_token_price,KXBOLIVIAPRES-25-LA,Who will win the Bolivian presidential election?,Luis Arce,203278.343149,203278.343149,0.001,0.04,-0.039,2025-07-05 17:59:45-07:00,2025-06-19 13:55:54.437219-07:00,0.78,deterministic_contract_key
zelensky_suit,2025-06-30,2025-07-08,2025_07_06_open_0500_PT,2025-07-06 12:00:00+00:00,2025-07-06 05:00:00-07:00,2025-07-06,6,1,election|win|manfred_reyes_villa|bolivia_president|year:2025|2025|543261|6152631328921183884174711861052249809252829304303011603856221267194446351460|KXBOLIVIAPRES-25-MRV,election|win|manfred_reyes_villa|bolivia_president|year:2025|2025,election,uma_risk_exposed,543261,Will Manfred Reyes Villa win the 2025 Bolivia presidential election?,0,Yes,6152631328921183884174711861052249809252829304303011603856221267194446351460,False,binary_yes_token_price,KXBOLIVIAPRES-25-MRV,Who will win the Bolivian presidential election?,Manfred Reyes Villa,842586.658604,842586.658604,0.03,0.02,0.009999999999999998,2025-07-06 04:45:29-07:00,2025-07-05 13:25:40.784102-07:00,0.78,deterministic_contract_key
zelensky_suit,2025-06-30,2025-07-08,2025_07_06_open_0500_PT,2025-07-06 12:00:00+00:00,2025-07-06 05:00:00-07:00,2025-07-06,6,1,election|win|mikie_sherrill|new_jersey_governor|year:2025|2025|551137|23056089932958374419797522644901592808991002026498053086166940911059008923379|GOVPARTYNJ-25-D,election|win|mikie_sherrill|new_jersey_governor|year:2025|2025,election,uma_risk_exposed,551137,Will Mikie Sherrill win the New Jersey Governor Election in 2025,0,Yes,23056089932958374419797522644901592808991002026498053086166940911059008923379,False,binary_yes_token_price,GOVPARTYNJ-25-D,Will Mikie Sherrill win the 2025 New Jersey gubernatorial election?,Mikie Sherrill,7479198.557189,7479198.557189,0.82,0.81,0.009999999999999898,2025-07-05 15:50:29-07:00,2025-07-06 03:38:41.587366-07:00,0.78,deterministic_contract_key
zelensky_suit,2025-06-30,2025-07-08,2025_07_06_open_0500_PT,2025-07-06 12:00:00+00:00,2025-07-06 05:00:00-07:00,2025-07-06,6,1,election|win|samuel_doria_medina|bolivia_president|year:2025|2025|543260|86337476411225396782940416611040694123774553224828196996839974817619931765236|KXBOLIVIAPRES-25-SDM,election|win|samuel_doria_medina|bolivia_president|year:2025|2025,election,uma_risk_exposed,543260,Will Samuel Doria Medina win the 2025 Bolivia presidential election?,0,Yes,86337476411225396782940416611040694123774553224828196996839974817619931765236,False,binary_yes_token_price,KXBOLIVIAPRES-25-SDM,Who will win the Bolivian presidential election?,Samuel Doria Medina,1166200.271818,1166200.271818,0.44,0.48,-0.03999999999999998,2025-07-06 03:26:07-07:00,2025-07-06 03:49:49.210356-07:00,0.78,deterministic_contract_key
zelensky_suit,2025-06-30,2025-07-08,2025_07_06_open_0500_PT,2025-07-06 12:00:00+00:00,2025-07-06 05:00:00-07:00,2025-07-06,6,1,leader_contact|meet|donald_trump|vladimir_putin|year:2025|536502|38401695605203516602153122926538006647911743428951157094417724792317068872612|KXWLEADER-25-VP,leader_contact|meet|donald_trump|vladimir_putin|year:2025,leader_contact,uma_risk_exposed,536502,Will Trump meet with Vladimir Putin in 2025?,0,Yes,38401695605203516602153122926538006647911743428951157094417724792317068872612,False,binary_yes_token_price,KXWLEADER-25-VP,Will Trump meet with Vladimir Putin before 2026?,Vladimir Putin,471641.4171,471641.4171,0.35,0.41,-0.06,2025-07-05 03:21:21-07:00,2025-07-04 01:58:09.066532-07:00,0.92,deterministic_contract_key
zelensky_suit,2025-06-30,2025-07-08,2025_07_06_open_0500_PT,2025-07-06 12:00:00+00:00,2025-07-06 05:00:00-07:00,2025-07-06,6,1,leader_contact|visit|donald_trump|israel|before:2025-08-01|555433|75803083113304481871189130325120880199300493552616311390383002363547475167443|KXTRUMPVISITISRAEL-25,leader_contact|visit|donald_trump|israel|before:2025-08-01,leader_contact,uma_risk_exposed,555433,Will Trump visit Israel before August?,0,Yes,75803083113304481871189130325120880199300493552616311390383002363547475167443,False,binary_yes_token_price,KXTRUMPVISITISRAEL-25,"Will Trump visit Israel before Aug 1, 2025?","Before Aug 1, 2025",31959.539865,31959.539865,0.022361359570661897,0.07,-0.04763864042933811,2025-07-06 04:45:31-07:00,2025-07-05 05:30:35.521050-07:00,0.92,deterministic_contract_key
zelensky_suit,2025-06-30,2025-07-08,2025_07_06_open_0500_PT,2025-07-06 12:00:00+00:00,2025-07-06 05:00:00-07:00,2025-07-06,6,1,office_exit|leave_office|jerome_powell|year:2025|520930|44446628319261786751896876365833910598445252343588252409740203088317210950410|LEAVEPOWELL-25-DEC31,office_exit|leave_office|jerome_powell|year:2025,office_exit,uma_risk_exposed,520930,Jerome Powell out as Fed Chair in 2025?,0,Yes,44446628319261786751896876365833910598445252343588252409740203088317210950410,False,binary_yes_token_price,LEAVEPOWELL-25-DEC31,Powell leaves before 2026?,Before 2026,11760101.336012,11760101.336012,0.15,0.18,-0.03,2025-07-06 00:04:53-07:00,2025-07-06 04:40:41.953778-07:00,0.88,deterministic_contract_key
zelensky_suit,2025-06-30,2025-07-08,2025_07_06_open_0500_PT,2025-07-06 12:00:00+00:00,2025-07-06 05:00:00-07:00,2025-07-06,6,1,office_exit|leave_office|vladimir_putin|year:2025|527807|96309695544495520203095223116782609207881514291963878378807412991184449319557|KXLEADEROUT-25-VPUT,office_exit|leave_office|vladimir_putin|year:2025,office_exit,uma_risk_exposed,527807,Will Vladimir Putin be the first leader out in 2025?,0,Yes,96309695544495520203095223116782609207881514291963878378807412991184449319557,False,binary_yes_token_price,KXLEADEROUT-25-VPUT,Vladimir Putin out this year?,Vladimir Putin,1782662.475384,1782662.475384,0.006,0.01,-0.004,2025-07-06 04:58:47-07:00,2025-07-04 02:35:30.020182-07:00,0.88,deterministic_contract_key
zelensky_suit,2025-06-30,2025-07-08,2025_07_06_open_0500_PT,2025-07-06 12:00:00+00:00,2025-07-06 05:00:00-07:00,2025-07-06,6,1,office_exit|leave_office|xi_jinping|year:2025|527808|58879554417654245921504722538657003216070105934999990003805612960977670880586|KXLEADEROUT-25-XJIN,office_exit|leave_office|xi_jinping|year:2025,office_exit,uma_risk_exposed,527808,Will Xi Jinping be the first leader out in 2025?,0,Yes,58879554417654245921504722538657003216070105934999990003805612960977670880586,False,binary_yes_token_price,KXLEADEROUT-25-XJIN,Xi Jinping out this year?,Xi Jinping,1833966.373545,1833966.373545,0.067,0.01,0.057,2025-07-06 04:55:11-07:00,2025-07-05 22:07:35.848580-07:00,0.88,deterministic_contract_key
zelensky_suit,2025-06-30,2025-07-08,2025_07_06_open_0500_PT,2025-07-06 12:00:00+00:00,2025-07-06 05:00:00-07:00,2025-07-06,6,1,office_exit|leave_office|xi_jinping|year:2025|551963|114304586861386186441621124384163963092522056897081085884483958561365015034812|KXLEADEROUT-25-XJIN,office_exit|leave_office|xi_jinping|year:2025,office_exit,uma_risk_exposed,551963,Xi Jinping out in 2025?,0,Yes,114304586861386186441621124384163963092522056897081085884483958561365015034812,False,binary_yes_token_price,KXLEADEROUT-25-XJIN,Xi Jinping out this year?,Xi Jinping,78655911.742866,78655911.742866,0.1,0.01,0.09000000000000001,2025-07-06 04:46:53-07:00,2025-07-05 22:07:35.848580-07:00,0.88,deterministic_contract_key
zelensky_suit,2025-06-30,2025-07-08,2025_07_06_open_0500_PT,2025-07-06 12:00:00+00:00,2025-07-06 05:00:00-07:00,2025-07-06,6,1,office_exit|resign|volodymyr_zelenskyy|year:2025|525157|74129046843921940913413587682588886122583847748489066762857187137233978267670|KXUKRAINERESIGN-26,office_exit|resign|volodymyr_zelenskyy|year:2025,office_exit,uma_risk_exposed,525157,Zelensky resigns in 2025?,0,Yes,74129046843921940913413587682588886122583847748489066762857187137233978267670,False,binary_yes_token_price,KXUKRAINERESIGN-26,"Will Volodymyr Zelenskyy resign before Jan 1, 2026?",Before 2026,639799.279247,639799.279247,0.07,0.09,-0.01999999999999999,2025-07-05 05:22:47-07:00,2025-07-04 05:17:34.399779-07:00,0.88,deterministic_contract_key
zelensky_suit,2025-06-30,2025-07-08,2025_07_06_open_0500_PT,2025-07-06 12:00:00+00:00,2025-07-06 05:00:00-07:00,2025-07-06,6,1,policy_action|create|national_bitcoin_reserve|united_states|year:2025|516937|83894672511259544049673946661753374355328822374216474995072428966535091173758|KXBTCRESERVE-26-JAN01,policy_action|create|national_bitcoin_reserve|united_states|year:2025,policy_action,uma_risk_exposed,516937,US national Bitcoin reserve in 2025?,0,Yes,83894672511259544049673946661753374355328822374216474995072428966535091173758,False,binary_yes_token_price,KXBTCRESERVE-26-JAN01,"Will Trump create a National Bitcoin Reserve before Jan 1, 2026?","Before Jan 1, 2026",5526758.797978,5526758.797978,0.3,0.3,0.0,2025-07-06 04:51:27-07:00,2025-07-05 23:47:11.095108-07:00,0.78,deterministic_contract_key
zelensky_suit,2025-06-30,2025-07-08,2025_07_06_open_0500_PT,2025-07-06 12:00:00+00:00,2025-07-06 05:00:00-07:00,2025-07-06,6,1,policy_action|eliminate|department_of_education|united_states|year:2025|523188|60661165588332286306443081468695135979348107944620337686282849990456442563142|KXDOED-26-JAN01,policy_action|eliminate|department_of_education|united_states|year:2025,policy_action,uma_risk_exposed,523188,Will Trump end Department of Education in 2025?,0,Yes,60661165588332286306443081468695135979348107944620337686282849990456442563142,False,binary_yes_token_price,KXDOED-26-JAN01,"Will the Department of Education be eliminated before Jan 1, 2026?","Before Jan 1, 2026",900396.416301,900396.416301,0.07,0.06,0.010000000000000009,2025-07-05 11:35:05-07:00,2025-07-06 04:44:42.662188-07:00,0.78,deterministic_contract_key
zelensky_suit,2025-06-30,2025-07-08,2025_07_06_open_0500_PT,2025-07-06 12:00:00+00:00,2025-07-06 05:00:00-07:00,2025-07-06,6,1,policy_action|start|recession|united_states|year:2025|516710|104173557214744537570424345347209544585775842950109756851652855913015295701992|RECSSNBER-25,policy_action|start|recession|united_states|year:2025,policy_action,uma_risk_exposed,516710,US recession in 2025?,0,Yes,104173557214744537570424345347209544585775842950109756851652855913015295701992,False,binary_yes_token_price,RECSSNBER-25,Will there be a recession in 2025?,Starts,11734512.428529,11734512.428529,0.22,0.21,0.010000000000000009,2025-07-06 04:17:57-07:00,2025-07-06 04:39:08.206000-07:00,0.78,deterministic_contract_key
zelensky_suit,2025-06-30,2025-07-08,2025_07_06_close_1700_PT,2025-07-07 00:00:00+00:00,2025-07-06 17:00:00-07:00,2025-07-06,6,1,election|win|andr_nico_rodr_guez|bolivia_president|year:2025|2025|543259|21349083717605037525723335754807560771874175181325455859992777238860289139531|KXBOLIVIAPRES-25-AR,election|win|andr_nico_rodr_guez|bolivia_president|year:2025|2025,election,uma_risk_exposed,543259,Will Andrónico Rodríguez win the 2025 Bolivia presidential election?,0,Yes,21349083717605037525723335754807560771874175181325455859992777238860289139531,False,binary_yes_token_price,KXBOLIVIAPRES-25-AR,Who will win the Bolivian presidential election?,Andrónico Rodríguez,7326758.679552,7326758.679552,0.27,0.24,0.030000000000000027,2025-07-06 10:41:35-07:00,2025-07-06 05:36:52.373100-07:00,0.78,deterministic_contract_key
zelensky_suit,2025-06-30,2025-07-08,2025_07_06_close_1700_PT,2025-07-07 00:00:00+00:00,2025-07-06 17:00:00-07:00,2025-07-06,6,1,election|win|branko_marinkovi|bolivia_president|year:2025|2025|543274|17849683858069937637491725401516486250615904612932801425636311554981022266375|KXBOLIVIAPRES-25-BM,election|win|branko_marinkovi|bolivia_president|year:2025|2025,election,uma_risk_exposed,543274,Will Branko Marinković win the 2025 Bolivia presidential election?,0,Yes,17849683858069937637491725401516486250615904612932801425636311554981022266375,False,binary_yes_token_price,KXBOLIVIAPRES-25-BM,Who will win the Bolivian presidential election?,Branko Marinković,337382.708581,337382.708581,0.001,0.09,-0.089,2025-07-06 11:14:31-07:00,2025-06-21 10:37:22.687062-07:00,0.78,deterministic_contract_key
zelensky_suit,2025-06-30,2025-07-08,2025_07_06_close_1700_PT,2025-07-07 00:00:00+00:00,2025-07-06 17:00:00-07:00,2025-07-06,6,1,election|win|chi_hyun_chung|bolivia_president|year:2025|2025|543263|65182144144608433456123000312637003192540674831461667961211058718188030456494|KXBOLIVIAPRES-25-CHC,election|win|chi_hyun_chung|bolivia_president|year:2025|2025,election,uma_risk_exposed,543263,Will Chi Hyun Chung win the 2025 Bolivia presidential election?,0,Yes,65182144144608433456123000312637003192540674831461667961211058718188030456494,False,binary_yes_token_price,KXBOLIVIAPRES-25-CHC,Who will win the Bolivian presidential election?,Chi Hyun Chung,119579.506818,119579.506818,0.001,0.06,-0.059,2025-07-05 17:59:45-07:00,2025-06-03 12:59:43.587279-07:00,0.78,deterministic_contract_key
zelensky_suit,2025-06-30,2025-07-08,2025_07_06_close_1700_PT,2025-07-07 00:00:00+00:00,2025-07-06 17:00:00-07:00,2025-07-06,6,1,election|win|jack_ciattarelli|new_jersey_governor|year:2025|2025|551143|53937473648188783569836457104933054364348579768036516690207399280597410899636|GOVPARTYNJ-25-R,election|win|jack_ciattarelli|new_jersey_governor|year:2025|2025,election,uma_risk_exposed,551143,Will Jack Ciattarelli win the New Jersey Governor Election in 2025,0,Yes,53937473648188783569836457104933054364348579768036516690207399280597410899636,False,binary_yes_token_price,GOVPARTYNJ-25-R,Will Jack Ciattarelli win the 2025 New Jersey gubernatorial election?,Jack Ciattarelli,6037389.579269,6037389.579269,0.17,0.2,-0.03,2025-07-06 16:21:29-07:00,2025-07-06 13:34:58.990676-07:00,0.78,deterministic_contract_key
zelensky_suit,2025-06-30,2025-07-08,2025_07_06_close_1700_PT,2025-07-07 00:00:00+00:00,2025-07-06 17:00:00-07:00,2025-07-06,6,1,election|win|luis_arce|bolivia_president|year:2025|2025|543258|111174020960637389416810264600941186414004753111164399059354703606902594067832|KXBOLIVIAPRES-25-LA,election|win|luis_arce|bolivia_president|year:2025|2025,election,uma_risk_exposed,543258,Will Luis Arce win the 2025 Bolivia presidential election?,0,Yes,111174020960637389416810264600941186414004753111164399059354703606902594067832,False,binary_yes_token_price,KXBOLIVIAPRES-25-LA,Who will win the Bolivian presidential election?,Luis Arce,203278.343149,203278.343149,0.001,0.04,-0.039,2025-07-05 17:59:45-07:00,2025-06-19 13:55:54.437219-07:00,0.78,deterministic_contract_key
zelensky_suit,2025-06-30,2025-07-08,2025_07_06_close_1700_PT,2025-07-07 00:00:00+00:00,2025-07-06 17:00:00-07:00,2025-07-06,6,1,election|win|manfred_reyes_villa|bolivia_president|year:2025|2025|543261|6152631328921183884174711861052249809252829304303011603856221267194446351460|KXBOLIVIAPRES-25-MRV,election|win|manfred_reyes_villa|bolivia_president|year:2025|2025,election,uma_risk_exposed,543261,Will Manfred Reyes Villa win the 2025 Bolivia presidential election?,0,Yes,6152631328921183884174711861052249809252829304303011603856221267194446351460,False,binary_yes_token_price,KXBOLIVIAPRES-25-MRV,Who will win the Bolivian presidential election?,Manfred Reyes Villa,842586.658604,842586.658604,0.03,0.02,0.009999999999999998,2025-07-06 16:42:09-07:00,2025-07-05 13:25:40.784102-07:00,0.78,deterministic_contract_key
zelensky_suit,2025-06-30,2025-07-08,2025_07_06_close_1700_PT,2025-07-07 00:00:00+00:00,2025-07-06 17:00:00-07:00,2025-07-06,6,1,election|win|mikie_sherrill|new_jersey_governor|year:2025|2025|551137|23056089932958374419797522644901592808991002026498053086166940911059008923379|GOVPARTYNJ-25-D,election|win|mikie_sherrill|new_jersey_governor|year:2025|2025,election,uma_risk_exposed,551137,Will Mikie Sherrill win the New Jersey Governor Election in 2025,0,Yes,23056089932958374419797522644901592808991002026498053086166940911059008923379,False,binary_yes_token_price,GOVPARTYNJ-25-D,Will Mikie Sherrill win the 2025 New Jersey gubernatorial election?,Mikie Sherrill,7479198.557189,7479198.557189,0.82,0.81,0.009999999999999898,2025-07-06 09:19:05-07:00,2025-07-06 14:33:02.315759-07:00,0.78,deterministic_contract_key
zelensky_suit,2025-06-30,2025-07-08,2025_07_06_close_1700_PT,2025-07-07 00:00:00+00:00,2025-07-06 17:00:00-07:00,2025-07-06,6,1,election|win|samuel_doria_medina|bolivia_president|year:2025|2025|543260|86337476411225396782940416611040694123774553224828196996839974817619931765236|KXBOLIVIAPRES-25-SDM,election|win|samuel_doria_medina|bolivia_president|year:2025|2025,election,uma_risk_exposed,543260,Will Samuel Doria Medina win the 2025 Bolivia presidential election?,0,Yes,86337476411225396782940416611040694123774553224828196996839974817619931765236,False,binary_yes_token_price,KXBOLIVIAPRES-25-SDM,Who will win the Bolivian presidential election?,Samuel Doria Medina,1166200.271818,1166200.271818,0.43999996479999576,0.43,0.009999964799995764,2025-07-06 16:44:19-07:00,2025-07-06 14:38:47.476227-07:00,0.78,deterministic_contract_key
zelensky_suit,2025-06-30,2025-07-08,2025_07_06_close_1700_PT,2025-07-07 00:00:00+00:00,2025-07-06 17:00:00-07:00,2025-07-06,6,1,leader_contact|meet|donald_trump|vladimir_putin|year:2025|536502|38401695605203516602153122926538006647911743428951157094417724792317068872612|KXWLEADER-25-VP,leader_contact|meet|donald_trump|vladimir_putin|year:2025,leader_contact,uma_risk_exposed,536502,Will Trump meet with Vladimir Putin in 2025?,0,Yes,38401695605203516602153122926538006647911743428951157094417724792317068872612,False,binary_yes_token_price,KXWLEADER-25-VP,Will Trump meet with Vladimir Putin before 2026?,Vladimir Putin,471641.4171,471641.4171,0.29,0.41,-0.12,2025-07-06 14:03:49-07:00,2025-07-06 11:25:51.862343-07:00,0.92,deterministic_contract_key
zelensky_suit,2025-06-30,2025-07-08,2025_07_06_close_1700_PT,2025-07-07 00:00:00+00:00,2025-07-06 17:00:00-07:00,2025-07-06,6,1,leader_contact|visit|donald_trump|israel|before:2025-08-01|555433|75803083113304481871189130325120880199300493552616311390383002363547475167443|KXTRUMPVISITISRAEL-25,leader_contact|visit|donald_trump|israel|before:2025-08-01,leader_contact,uma_risk_exposed,555433,Will Trump visit Israel before August?,0,Yes,75803083113304481871189130325120880199300493552616311390383002363547475167443,False,binary_yes_token_price,KXTRUMPVISITISRAEL-25,"Will Trump visit Israel before Aug 1, 2025?","Before Aug 1, 2025",31959.539865,31959.539865,0.02,0.03,-0.009999999999999998,2025-07-06 11:21:25-07:00,2025-07-06 13:47:46.466730-07:00,0.92,deterministic_contract_key
zelensky_suit,2025-06-30,2025-07-08,2025_07_06_close_1700_PT,2025-07-07 00:00:00+00:00,2025-07-06 17:00:00-07:00,2025-07-06,6,1,office_exit|leave_office|jerome_powell|year:2025|520930|44446628319261786751896876365833910598445252343588252409740203088317210950410|LEAVEPOWELL-25-DEC31,office_exit|leave_office|jerome_powell|year:2025,office_exit,uma_risk_exposed,520930,Jerome Powell out as Fed Chair in 2025?,0,Yes,44446628319261786751896876365833910598445252343588252409740203088317210950410,False,binary_yes_token_price,LEAVEPOWELL-25-DEC31,Powell leaves before 2026?,Before 2026,11760101.336012,11760101.336012,0.16,0.18,-0.01999999999999999,2025-07-06 15:22:05-07:00,2025-07-06 15:07:20.212749-07:00,0.88,deterministic_contract_key
zelensky_suit,2025-06-30,2025-07-08,2025_07_06_close_1700_PT,2025-07-07 00:00:00+00:00,2025-07-06 17:00:00-07:00,2025-07-06,6,1,office_exit|leave_office|vladimir_putin|year:2025|527807|96309695544495520203095223116782609207881514291963878378807412991184449319557|KXLEADEROUT-25-VPUT,office_exit|leave_office|vladimir_putin|year:2025,office_exit,uma_risk_exposed,527807,Will Vladimir Putin be the first leader out in 2025?,0,Yes,96309695544495520203095223116782609207881514291963878378807412991184449319557,False,binary_yes_token_price,KXLEADEROUT-25-VPUT,Vladimir Putin out this year?,Vladimir Putin,1782662.475384,1782662.475384,0.008,0.01,-0.002,2025-07-06 13:43:19-07:00,2025-07-04 02:35:30.020182-07:00,0.88,deterministic_contract_key
zelensky_suit,2025-06-30,2025-07-08,2025_07_06_close_1700_PT,2025-07-07 00:00:00+00:00,2025-07-06 17:00:00-07:00,2025-07-06,6,1,office_exit|leave_office|xi_jinping|year:2025|527808|58879554417654245921504722538657003216070105934999990003805612960977670880586|KXLEADEROUT-25-XJIN,office_exit|leave_office|xi_jinping|year:2025,office_exit,uma_risk_exposed,527808,Will Xi Jinping be the first leader out in 2025?,0,Yes,58879554417654245921504722538657003216070105934999990003805612960977670880586,False,binary_yes_token_price,KXLEADEROUT-25-XJIN,Xi Jinping out this year?,Xi Jinping,1833966.373545,1833966.373545,0.067,0.01,0.057,2025-07-06 12:48:17-07:00,2025-07-06 08:19:46.567062-07:00,0.88,deterministic_contract_key
zelensky_suit,2025-06-30,2025-07-08,2025_07_06_close_1700_PT,2025-07-07 00:00:00+00:00,2025-07-06 17:00:00-07:00,2025-07-06,6,1,office_exit|leave_office|xi_jinping|year:2025|551963|114304586861386186441621124384163963092522056897081085884483958561365015034812|KXLEADEROUT-25-XJIN,office_exit|leave_office|xi_jinping|year:2025,office_exit,uma_risk_exposed,551963,Xi Jinping out in 2025?,0,Yes,114304586861386186441621124384163963092522056897081085884483958561365015034812,False,binary_yes_token_price,KXLEADEROUT-25-XJIN,Xi Jinping out this year?,Xi Jinping,78655911.742866,78655911.742866,0.1,0.01,0.09000000000000001,2025-07-06 16:25:31-07:00,2025-07-06 08:19:46.567062-07:00,0.88,deterministic_contract_key
zelensky_suit,2025-06-30,2025-07-08,2025_07_06_close_1700_PT,2025-07-07 00:00:00+00:00,2025-07-06 17:00:00-07:00,2025-07-06,6,1,office_exit|resign|volodymyr_zelenskyy|year:2025|525157|74129046843921940913413587682588886122583847748489066762857187137233978267670|KXUKRAINERESIGN-26,office_exit|resign|volodymyr_zelenskyy|year:2025,office_exit,uma_risk_exposed,525157,Zelensky resigns in 2025?,0,Yes,74129046843921940913413587682588886122583847748489066762857187137233978267670,False,binary_yes_token_price,KXUKRAINERESIGN-26,"Will Volodymyr Zelenskyy resign before Jan 1, 2026?",Before 2026,639799.279247,639799.279247,0.07,0.09,-0.01999999999999999,2025-07-05 05:22:47-07:00,2025-07-04 05:17:34.399779-07:00,0.88,deterministic_contract_key
zelensky_suit,2025-06-30,2025-07-08,2025_07_06_close_1700_PT,2025-07-07 00:00:00+00:00,2025-07-06 17:00:00-07:00,2025-07-06,6,1,policy_action|create|national_bitcoin_reserve|united_states|year:2025|516937|83894672511259544049673946661753374355328822374216474995072428966535091173758|KXBTCRESERVE-26-JAN01,policy_action|create|national_bitcoin_reserve|united_states|year:2025,policy_action,uma_risk_exposed,516937,US national Bitcoin reserve in 2025?,0,Yes,83894672511259544049673946661753374355328822374216474995072428966535091173758,False,binary_yes_token_price,KXBTCRESERVE-26-JAN01,"Will Trump create a National Bitcoin Reserve before Jan 1, 2026?","Before Jan 1, 2026",5526758.797978,5526758.797978,0.29999992499998124,0.37,-0.07000007500001876,2025-07-06 12:45:25-07:00,2025-07-06 12:06:30.680452-07:00,0.78,deterministic_contract_key
zelensky_suit,2025-06-30,2025-07-08,2025_07_06_close_1700_PT,2025-07-07 00:00:00+00:00,2025-07-06 17:00:00-07:00,2025-07-06,6,1,policy_action|eliminate|department_of_education|united_states|year:2025|523188|60661165588332286306443081468695135979348107944620337686282849990456442563142|KXDOED-26-JAN01,policy_action|eliminate|department_of_education|united_states|year:2025,policy_action,uma_risk_exposed,523188,Will Trump end Department of Education in 2025?,0,Yes,60661165588332286306443081468695135979348107944620337686282849990456442563142,False,binary_yes_token_price,KXDOED-26-JAN01,"Will the Department of Education be eliminated before Jan 1, 2026?","Before Jan 1, 2026",900396.416301,900396.416301,0.07,0.08,-0.009999999999999995,2025-07-05 11:35:05-07:00,2025-07-06 13:16:43.724253-07:00,0.78,deterministic_contract_key
zelensky_suit,2025-06-30,2025-07-08,2025_07_06_close_1700_PT,2025-07-07 00:00:00+00:00,2025-07-06 17:00:00-07:00,2025-07-06,6,1,policy_action|start|recession|united_states|year:2025|516710|104173557214744537570424345347209544585775842950109756851652855913015295701992|RECSSNBER-25,policy_action|start|recession|united_states|year:2025,policy_action,uma_risk_exposed,516710,US recession in 2025?,0,Yes,104173557214744537570424345347209544585775842950109756851652855913015295701992,False,binary_yes_token_price,RECSSNBER-25,Will there be a recession in 2025?,Starts,11734512.428529,11734512.428529,0.2199999850399995,0.2,0.0199999850399995,2025-07-06 14:54:11-07:00,2025-07-06 15:39:42.825987-07:00,0.78,deterministic_contract_key
zelensky_suit,2025-06-30,2025-07-08,2025_07_07_open_0500_PT,2025-07-07 12:00:00+00:00,2025-07-07 05:00:00-07:00,2025-07-07,7,1,election|win|andr_nico_rodr_guez|bolivia_president|year:2025|2025|543259|21349083717605037525723335754807560771874175181325455859992777238860289139531|KXBOLIVIAPRES-25-AR,election|win|andr_nico_rodr_guez|bolivia_president|year:2025|2025,election,uma_risk_exposed,543259,Will Andrónico Rodríguez win the 2025 Bolivia presidential election?,0,Yes,21349083717605037525723335754807560771874175181325455859992777238860289139531,False,binary_yes_token_price,KXBOLIVIAPRES-25-AR,Who will win the Bolivian presidential election?,Andrónico Rodríguez,7326758.679552,7326758.679552,0.25,0.24,0.010000000000000009,2025-07-07 03:35:07-07:00,2025-07-06 05:36:52.373100-07:00,0.78,deterministic_contract_key
zelensky_suit,2025-06-30,2025-07-08,2025_07_07_open_0500_PT,2025-07-07 12:00:00+00:00,2025-07-07 05:00:00-07:00,2025-07-07,7,1,election|win|branko_marinkovi|bolivia_president|year:2025|2025|543274|17849683858069937637491725401516486250615904612932801425636311554981022266375|KXBOLIVIAPRES-25-BM,election|win|branko_marinkovi|bolivia_president|year:2025|2025,election,uma_risk_exposed,543274,Will Branko Marinković win the 2025 Bolivia presidential election?,0,Yes,17849683858069937637491725401516486250615904612932801425636311554981022266375,False,binary_yes_token_price,KXBOLIVIAPRES-25-BM,Who will win the Bolivian presidential election?,Branko Marinković,337382.708581,337382.708581,0.002,0.09,-0.088,2025-07-07 04:47:43-07:00,2025-06-21 10:37:22.687062-07:00,0.78,deterministic_contract_key
zelensky_suit,2025-06-30,2025-07-08,2025_07_07_open_0500_PT,2025-07-07 12:00:00+00:00,2025-07-07 05:00:00-07:00,2025-07-07,7,1,election|win|chi_hyun_chung|bolivia_president|year:2025|2025|543263|65182144144608433456123000312637003192540674831461667961211058718188030456494|KXBOLIVIAPRES-25-CHC,election|win|chi_hyun_chung|bolivia_president|year:2025|2025,election,uma_risk_exposed,543263,Will Chi Hyun Chung win the 2025 Bolivia presidential election?,0,Yes,65182144144608433456123000312637003192540674831461667961211058718188030456494,False,binary_yes_token_price,KXBOLIVIAPRES-25-CHC,Who will win the Bolivian presidential election?,Chi Hyun Chung,119579.506818,119579.506818,0.001,0.06,-0.059,2025-07-07 03:58:51-07:00,2025-06-03 12:59:43.587279-07:00,0.78,deterministic_contract_key
zelensky_suit,2025-06-30,2025-07-08,2025_07_07_open_0500_PT,2025-07-07 12:00:00+00:00,2025-07-07 05:00:00-07:00,2025-07-07,7,1,election|win|jack_ciattarelli|new_jersey_governor|year:2025|2025|551143|53937473648188783569836457104933054364348579768036516690207399280597410899636|GOVPARTYNJ-25-R,election|win|jack_ciattarelli|new_jersey_governor|year:2025|2025,election,uma_risk_exposed,551143,Will Jack Ciattarelli win the New Jersey Governor Election in 2025,0,Yes,53937473648188783569836457104933054364348579768036516690207399280597410899636,False,binary_yes_token_price,GOVPARTYNJ-25-R,Will Jack Ciattarelli win the 2025 New Jersey gubernatorial election?,Jack Ciattarelli,6037389.579269,6037389.579269,0.17,0.2,-0.03,2025-07-06 16:21:29-07:00,2025-07-07 00:37:36.320863-07:00,0.78,deterministic_contract_key
zelensky_suit,2025-06-30,2025-07-08,2025_07_07_open_0500_PT,2025-07-07 12:00:00+00:00,2025-07-07 05:00:00-07:00,2025-07-07,7,1,election|win|luis_arce|bolivia_president|year:2025|2025|543258|111174020960637389416810264600941186414004753111164399059354703606902594067832|KXBOLIVIAPRES-25-LA,election|win|luis_arce|bolivia_president|year:2025|2025,election,uma_risk_exposed,543258,Will Luis Arce win the 2025 Bolivia presidential election?,0,Yes,111174020960637389416810264600941186414004753111164399059354703606902594067832,False,binary_yes_token_price,KXBOLIVIAPRES-25-LA,Who will win the Bolivian presidential election?,Luis Arce,203278.343149,203278.343149,0.002,0.04,-0.038,2025-07-07 04:42:07-07:00,2025-06-19 13:55:54.437219-07:00,0.78,deterministic_contract_key
zelensky_suit,2025-06-30,2025-07-08,2025_07_07_open_0500_PT,2025-07-07 12:00:00+00:00,2025-07-07 05:00:00-07:00,2025-07-07,7,1,election|win|manfred_reyes_villa|bolivia_president|year:2025|2025|543261|6152631328921183884174711861052249809252829304303011603856221267194446351460|KXBOLIVIAPRES-25-MRV,election|win|manfred_reyes_villa|bolivia_president|year:2025|2025,election,uma_risk_exposed,543261,Will Manfred Reyes Villa win the 2025 Bolivia presidential election?,0,Yes,6152631328921183884174711861052249809252829304303011603856221267194446351460,False,binary_yes_token_price,KXBOLIVIAPRES-25-MRV,Who will win the Bolivian presidential election?,Manfred Reyes Villa,842586.658604,842586.658604,0.037,0.02,0.016999999999999998,2025-07-07 04:52:17-07:00,2025-07-07 01:31:13.791744-07:00,0.78,deterministic_contract_key
zelensky_suit,2025-06-30,2025-07-08,2025_07_07_open_0500_PT,2025-07-07 12:00:00+00:00,2025-07-07 05:00:00-07:00,2025-07-07,7,1,election|win|mikie_sherrill|new_jersey_governor|year:2025|2025|551137|23056089932958374419797522644901592808991002026498053086166940911059008923379|GOVPARTYNJ-25-D,election|win|mikie_sherrill|new_jersey_governor|year:2025|2025,election,uma_risk_exposed,551137,Will Mikie Sherrill win the New Jersey Governor Election in 2025,0,Yes,23056089932958374419797522644901592808991002026498053086166940911059008923379,False,binary_yes_token_price,GOVPARTYNJ-25-D,Will Mikie Sherrill win the 2025 New Jersey gubernatorial election?,Mikie Sherrill,7479198.557189,7479198.557189,0.82,0.81,0.009999999999999898,2025-07-06 09:19:05-07:00,2025-07-06 14:33:02.315759-07:00,0.78,deterministic_contract_key
zelensky_suit,2025-06-30,2025-07-08,2025_07_07_open_0500_PT,2025-07-07 12:00:00+00:00,2025-07-07 05:00:00-07:00,2025-07-07,7,1,election|win|samuel_doria_medina|bolivia_president|year:2025|2025|543260|86337476411225396782940416611040694123774553224828196996839974817619931765236|KXBOLIVIAPRES-25-SDM,election|win|samuel_doria_medina|bolivia_president|year:2025|2025,election,uma_risk_exposed,543260,Will Samuel Doria Medina win the 2025 Bolivia presidential election?,0,Yes,86337476411225396782940416611040694123774553224828196996839974817619931765236,False,binary_yes_token_price,KXBOLIVIAPRES-25-SDM,Who will win the Bolivian presidential election?,Samuel Doria Medina,1166200.271818,1166200.271818,0.42,0.48,-0.06,2025-07-07 04:52:09-07:00,2025-07-07 00:01:12.008293-07:00,0.78,deterministic_contract_key
zelensky_suit,2025-06-30,2025-07-08,2025_07_07_open_0500_PT,2025-07-07 12:00:00+00:00,2025-07-07 05:00:00-07:00,2025-07-07,7,1,leader_contact|meet|donald_trump|vladimir_putin|year:2025|536502|38401695605203516602153122926538006647911743428951157094417724792317068872612|KXWLEADER-25-VP,leader_contact|meet|donald_trump|vladimir_putin|year:2025,leader_contact,uma_risk_exposed,536502,Will Trump meet with Vladimir Putin in 2025?,0,Yes,38401695605203516602153122926538006647911743428951157094417724792317068872612,False,binary_yes_token_price,KXWLEADER-25-VP,Will Trump meet with Vladimir Putin before 2026?,Vladimir Putin,471641.4171,471641.4171,0.3710792225354379,0.38,-0.008920777464562102,2025-07-06 18:33:09-07:00,2025-07-07 04:41:44.011448-07:00,0.92,deterministic_contract_key
zelensky_suit,2025-06-30,2025-07-08,2025_07_07_open_0500_PT,2025-07-07 12:00:00+00:00,2025-07-07 05:00:00-07:00,2025-07-07,7,1,leader_contact|visit|donald_trump|israel|before:2025-08-01|555433|75803083113304481871189130325120880199300493552616311390383002363547475167443|KXTRUMPVISITISRAEL-25,leader_contact|visit|donald_trump|israel|before:2025-08-01,leader_contact,uma_risk_exposed,555433,Will Trump visit Israel before August?,0,Yes,75803083113304481871189130325120880199300493552616311390383002363547475167443,False,binary_yes_token_price,KXTRUMPVISITISRAEL-25,"Will Trump visit Israel before Aug 1, 2025?","Before Aug 1, 2025",31959.539865,31959.539865,0.02,0.02,0.0,2025-07-07 04:22:33-07:00,2025-07-07 01:55:42.127727-07:00,0.92,deterministic_contract_key
zelensky_suit,2025-06-30,2025-07-08,2025_07_07_open_0500_PT,2025-07-07 12:00:00+00:00,2025-07-07 05:00:00-07:00,2025-07-07,7,1,office_exit|leave_office|jerome_powell|year:2025|520930|44446628319261786751896876365833910598445252343588252409740203088317210950410|LEAVEPOWELL-25-DEC31,office_exit|leave_office|jerome_powell|year:2025,office_exit,uma_risk_exposed,520930,Jerome Powell out as Fed Chair in 2025?,0,Yes,44446628319261786751896876365833910598445252343588252409740203088317210950410,False,binary_yes_token_price,LEAVEPOWELL-25-DEC31,Powell leaves before 2026?,Before 2026,11760101.336012,11760101.336012,0.15,0.18,-0.03,2025-07-07 02:58:40-07:00,2025-07-07 03:05:03.710681-07:00,0.88,deterministic_contract_key
zelensky_suit,2025-06-30,2025-07-08,2025_07_07_open_0500_PT,2025-07-07 12:00:00+00:00,2025-07-07 05:00:00-07:00,2025-07-07,7,1,office_exit|leave_office|vladimir_putin|year:2025|527807|96309695544495520203095223116782609207881514291963878378807412991184449319557|KXLEADEROUT-25-VPUT,office_exit|leave_office|vladimir_putin|year:2025,office_exit,uma_risk_exposed,527807,Will Vladimir Putin be the first leader out in 2025?,0,Yes,96309695544495520203095223116782609207881514291963878378807412991184449319557,False,binary_yes_token_price,KXLEADEROUT-25-VPUT,Vladimir Putin out this year?,Vladimir Putin,1782662.475384,1782662.475384,0.005,0.01,-0.005,2025-07-07 03:13:02-07:00,2025-07-07 01:51:48.948219-07:00,0.88,deterministic_contract_key
zelensky_suit,2025-06-30,2025-07-08,2025_07_07_open_0500_PT,2025-07-07 12:00:00+00:00,2025-07-07 05:00:00-07:00,2025-07-07,7,1,office_exit|leave_office|xi_jinping|year:2025|527808|58879554417654245921504722538657003216070105934999990003805612960977670880586|KXLEADEROUT-25-XJIN,office_exit|leave_office|xi_jinping|year:2025,office_exit,uma_risk_exposed,527808,Will Xi Jinping be the first leader out in 2025?,0,Yes,58879554417654245921504722538657003216070105934999990003805612960977670880586,False,binary_yes_token_price,KXLEADEROUT-25-XJIN,Xi Jinping out this year?,Xi Jinping,1833966.373545,1833966.373545,0.067,0.01,0.057,2025-07-07 04:44:39-07:00,2025-07-07 01:52:29.067200-07:00,0.88,deterministic_contract_key
zelensky_suit,2025-06-30,2025-07-08,2025_07_07_open_0500_PT,2025-07-07 12:00:00+00:00,2025-07-07 05:00:00-07:00,2025-07-07,7,1,office_exit|leave_office|xi_jinping|year:2025|551963|114304586861386186441621124384163963092522056897081085884483958561365015034812|KXLEADEROUT-25-XJIN,office_exit|leave_office|xi_jinping|year:2025,office_exit,uma_risk_exposed,551963,Xi Jinping out in 2025?,0,Yes,114304586861386186441621124384163963092522056897081085884483958561365015034812,False,binary_yes_token_price,KXLEADEROUT-25-XJIN,Xi Jinping out this year?,Xi Jinping,78655911.742866,78655911.742866,0.1,0.01,0.09000000000000001,2025-07-07 04:27:07-07:00,2025-07-07 01:52:29.067200-07:00,0.88,deterministic_contract_key
zelensky_suit,2025-06-30,2025-07-08,2025_07_07_open_0500_PT,2025-07-07 12:00:00+00:00,2025-07-07 05:00:00-07:00,2025-07-07,7,1,office_exit|resign|volodymyr_zelenskyy|year:2025|525157|74129046843921940913413587682588886122583847748489066762857187137233978267670|KXUKRAINERESIGN-26,office_exit|resign|volodymyr_zelenskyy|year:2025,office_exit,uma_risk_exposed,525157,Zelensky resigns in 2025?,0,Yes,74129046843921940913413587682588886122583847748489066762857187137233978267670,False,binary_yes_token_price,KXUKRAINERESIGN-26,"Will Volodymyr Zelenskyy resign before Jan 1, 2026?",Before 2026,639799.279247,639799.279247,0.07,0.07,0.0,2025-07-05 05:22:47-07:00,2025-07-06 22:12:26.334153-07:00,0.88,deterministic_contract_key
zelensky_suit,2025-06-30,2025-07-08,2025_07_07_open_0500_PT,2025-07-07 12:00:00+00:00,2025-07-07 05:00:00-07:00,2025-07-07,7,1,policy_action|create|national_bitcoin_reserve|united_states|year:2025|516937|83894672511259544049673946661753374355328822374216474995072428966535091173758|KXBTCRESERVE-26-JAN01,policy_action|create|national_bitcoin_reserve|united_states|year:2025,policy_action,uma_risk_exposed,516937,US national Bitcoin reserve in 2025?,0,Yes,83894672511259544049673946661753374355328822374216474995072428966535091173758,False,binary_yes_token_price,KXBTCRESERVE-26-JAN01,"Will Trump create a National Bitcoin Reserve before Jan 1, 2026?","Before Jan 1, 2026",5526758.797978,5526758.797978,0.29999998636363573,0.31,-0.010000013636364269,2025-07-07 03:25:19-07:00,2025-07-07 04:24:52.641067-07:00,0.78,deterministic_contract_key
zelensky_suit,2025-06-30,2025-07-08,2025_07_07_open_0500_PT,2025-07-07 12:00:00+00:00,2025-07-07 05:00:00-07:00,2025-07-07,7,1,policy_action|eliminate|department_of_education|united_states|year:2025|523188|60661165588332286306443081468695135979348107944620337686282849990456442563142|KXDOED-26-JAN01,policy_action|eliminate|department_of_education|united_states|year:2025,policy_action,uma_risk_exposed,523188,Will Trump end Department of Education in 2025?,0,Yes,60661165588332286306443081468695135979348107944620337686282849990456442563142,False,binary_yes_token_price,KXDOED-26-JAN01,"Will the Department of Education be eliminated before Jan 1, 2026?","Before Jan 1, 2026",900396.416301,900396.416301,0.07,0.08,-0.009999999999999995,2025-07-05 11:35:05-07:00,2025-07-07 03:00:19.777633-07:00,0.78,deterministic_contract_key
zelensky_suit,2025-06-30,2025-07-08,2025_07_07_open_0500_PT,2025-07-07 12:00:00+00:00,2025-07-07 05:00:00-07:00,2025-07-07,7,1,policy_action|start|recession|united_states|year:2025|516710|104173557214744537570424345347209544585775842950109756851652855913015295701992|RECSSNBER-25,policy_action|start|recession|united_states|year:2025,policy_action,uma_risk_exposed,516710,US recession in 2025?,0,Yes,104173557214744537570424345347209544585775842950109756851652855913015295701992,False,binary_yes_token_price,RECSSNBER-25,Will there be a recession in 2025?,Starts,11734512.428529,11734512.428529,0.21,0.2,0.009999999999999981,2025-07-07 04:17:29-07:00,2025-07-07 04:39:01.523507-07:00,0.78,deterministic_contract_key
zelensky_suit,2025-06-30,2025-07-08,2025_07_07_close_1700_PT,2025-07-08 00:00:00+00:00,2025-07-07 17:00:00-07:00,2025-07-07,7,1,election|win|andr_nico_rodr_guez|bolivia_president|year:2025|2025|543259|21349083717605037525723335754807560771874175181325455859992777238860289139531|KXBOLIVIAPRES-25-AR,election|win|andr_nico_rodr_guez|bolivia_president|year:2025|2025,election,uma_risk_exposed,543259,Will Andrónico Rodríguez win the 2025 Bolivia presidential election?,0,Yes,21349083717605037525723335754807560771874175181325455859992777238860289139531,False,binary_yes_token_price,KXBOLIVIAPRES-25-AR,Who will win the Bolivian presidential election?,Andrónico Rodríguez,7326758.679552,7326758.679552,0.25,0.24,0.010000000000000009,2025-07-07 15:37:11-07:00,2025-07-06 05:36:52.373100-07:00,0.78,deterministic_contract_key
zelensky_suit,2025-06-30,2025-07-08,2025_07_07_close_1700_PT,2025-07-08 00:00:00+00:00,2025-07-07 17:00:00-07:00,2025-07-07,7,1,election|win|branko_marinkovi|bolivia_president|year:2025|2025|543274|17849683858069937637491725401516486250615904612932801425636311554981022266375|KXBOLIVIAPRES-25-BM,election|win|branko_marinkovi|bolivia_president|year:2025|2025,election,uma_risk_exposed,543274,Will Branko Marinković win the 2025 Bolivia presidential election?,0,Yes,17849683858069937637491725401516486250615904612932801425636311554981022266375,False,binary_yes_token_price,KXBOLIVIAPRES-25-BM,Who will win the Bolivian presidential election?,Branko Marinković,337382.708581,337382.708581,0.001,0.09,-0.089,2025-07-07 09:10:02-07:00,2025-06-21 10:37:22.687062-07:00,0.78,deterministic_contract_key
zelensky_suit,2025-06-30,2025-07-08,2025_07_07_close_1700_PT,2025-07-08 00:00:00+00:00,2025-07-07 17:00:00-07:00,2025-07-07,7,1,election|win|chi_hyun_chung|bolivia_president|year:2025|2025|543263|65182144144608433456123000312637003192540674831461667961211058718188030456494|KXBOLIVIAPRES-25-CHC,election|win|chi_hyun_chung|bolivia_president|year:2025|2025,election,uma_risk_exposed,543263,Will Chi Hyun Chung win the 2025 Bolivia presidential election?,0,Yes,65182144144608433456123000312637003192540674831461667961211058718188030456494,False,binary_yes_token_price,KXBOLIVIAPRES-25-CHC,Who will win the Bolivian presidential election?,Chi Hyun Chung,119579.506818,119579.506818,0.002,0.06,-0.057999999999999996,2025-07-07 05:46:13-07:00,2025-06-03 12:59:43.587279-07:00,0.78,deterministic_contract_key
zelensky_suit,2025-06-30,2025-07-08,2025_07_07_close_1700_PT,2025-07-08 00:00:00+00:00,2025-07-07 17:00:00-07:00,2025-07-07,7,1,election|win|jack_ciattarelli|new_jersey_governor|year:2025|2025|551143|53937473648188783569836457104933054364348579768036516690207399280597410899636|GOVPARTYNJ-25-R,election|win|jack_ciattarelli|new_jersey_governor|year:2025|2025,election,uma_risk_exposed,551143,Will Jack Ciattarelli win the New Jersey Governor Election in 2025,0,Yes,53937473648188783569836457104933054364348579768036516690207399280597410899636,False,binary_yes_token_price,GOVPARTYNJ-25-R,Will Jack Ciattarelli win the 2025 New Jersey gubernatorial election?,Jack Ciattarelli,6037389.579269,6037389.579269,0.17,0.19,-0.01999999999999999,2025-07-06 16:21:29-07:00,2025-07-07 16:05:28.327739-07:00,0.78,deterministic_contract_key
zelensky_suit,2025-06-30,2025-07-08,2025_07_07_close_1700_PT,2025-07-08 00:00:00+00:00,2025-07-07 17:00:00-07:00,2025-07-07,7,1,election|win|luis_arce|bolivia_president|year:2025|2025|543258|111174020960637389416810264600941186414004753111164399059354703606902594067832|KXBOLIVIAPRES-25-LA,election|win|luis_arce|bolivia_president|year:2025|2025,election,uma_risk_exposed,543258,Will Luis Arce win the 2025 Bolivia presidential election?,0,Yes,111174020960637389416810264600941186414004753111164399059354703606902594067832,False,binary_yes_token_price,KXBOLIVIAPRES-25-LA,Who will win the Bolivian presidential election?,Luis Arce,203278.343149,203278.343149,0.001,0.04,-0.039,2025-07-07 06:46:35-07:00,2025-06-19 13:55:54.437219-07:00,0.78,deterministic_contract_key
zelensky_suit,2025-06-30,2025-07-08,2025_07_07_close_1700_PT,2025-07-08 00:00:00+00:00,2025-07-07 17:00:00-07:00,2025-07-07,7,1,election|win|manfred_reyes_villa|bolivia_president|year:2025|2025|543261|6152631328921183884174711861052249809252829304303011603856221267194446351460|KXBOLIVIAPRES-25-MRV,election|win|manfred_reyes_villa|bolivia_president|year:2025|2025,election,uma_risk_exposed,543261,Will Manfred Reyes Villa win the 2025 Bolivia presidential election?,0,Yes,6152631328921183884174711861052249809252829304303011603856221267194446351460,False,binary_yes_token_price,KXBOLIVIAPRES-25-MRV,Who will win the Bolivian presidential election?,Manfred Reyes Villa,842586.658604,842586.658604,0.036,0.03,0.005999999999999998,2025-07-07 16:58:49-07:00,2025-07-07 09:02:46.027412-07:00,0.78,deterministic_contract_key
zelensky_suit,2025-06-30,2025-07-08,2025_07_07_close_1700_PT,2025-07-08 00:00:00+00:00,2025-07-07 17:00:00-07:00,2025-07-07,7,1,election|win|mikie_sherrill|new_jersey_governor|year:2025|2025|551137|23056089932958374419797522644901592808991002026498053086166940911059008923379|GOVPARTYNJ-25-D,election|win|mikie_sherrill|new_jersey_governor|year:2025|2025,election,uma_risk_exposed,551137,Will Mikie Sherrill win the New Jersey Governor Election in 2025,0,Yes,23056089932958374419797522644901592808991002026498053086166940911059008923379,False,binary_yes_token_price,GOVPARTYNJ-25-D,Will Mikie Sherrill win the 2025 New Jersey gubernatorial election?,Mikie Sherrill,7479198.557189,7479198.557189,0.82,0.82,0.0,2025-07-07 05:52:09-07:00,2025-07-07 15:38:44.620387-07:00,0.78,deterministic_contract_key
zelensky_suit,2025-06-30,2025-07-08,2025_07_07_close_1700_PT,2025-07-08 00:00:00+00:00,2025-07-07 17:00:00-07:00,2025-07-07,7,1,election|win|samuel_doria_medina|bolivia_president|year:2025|2025|543260|86337476411225396782940416611040694123774553224828196996839974817619931765236|KXBOLIVIAPRES-25-SDM,election|win|samuel_doria_medina|bolivia_president|year:2025|2025,election,uma_risk_exposed,543260,Will Samuel Doria Medina win the 2025 Bolivia presidential election?,0,Yes,86337476411225396782940416611040694123774553224828196996839974817619931765236,False,binary_yes_token_price,KXBOLIVIAPRES-25-SDM,Who will win the Bolivian presidential election?,Samuel Doria Medina,1166200.271818,1166200.271818,0.43999999030684445,0.42,0.019999990306844462,2025-07-07 16:39:57-07:00,2025-07-07 14:55:07.919312-07:00,0.78,deterministic_contract_key
zelensky_suit,2025-06-30,2025-07-08,2025_07_07_close_1700_PT,2025-07-08 00:00:00+00:00,2025-07-07 17:00:00-07:00,2025-07-07,7,1,leader_contact|meet|donald_trump|vladimir_putin|year:2025|536502|38401695605203516602153122926538006647911743428951157094417724792317068872612|KXWLEADER-25-VP,leader_contact|meet|donald_trump|vladimir_putin|year:2025,leader_contact,uma_risk_exposed,536502,Will Trump meet with Vladimir Putin in 2025?,0,Yes,38401695605203516602153122926538006647911743428951157094417724792317068872612,False,binary_yes_token_price,KXWLEADER-25-VP,Will Trump meet with Vladimir Putin before 2026?,Vladimir Putin,471641.4171,471641.4171,0.3710792225354379,0.43,-0.05892077746456209,2025-07-06 18:33:09-07:00,2025-07-07 15:40:46.260830-07:00,0.92,deterministic_contract_key
zelensky_suit,2025-06-30,2025-07-08,2025_07_07_close_1700_PT,2025-07-08 00:00:00+00:00,2025-07-07 17:00:00-07:00,2025-07-07,7,1,leader_contact|visit|donald_trump|israel|before:2025-08-01|555433|75803083113304481871189130325120880199300493552616311390383002363547475167443|KXTRUMPVISITISRAEL-25,leader_contact|visit|donald_trump|israel|before:2025-08-01,leader_contact,uma_risk_exposed,555433,Will Trump visit Israel before August?,0,Yes,75803083113304481871189130325120880199300493552616311390383002363547475167443,False,binary_yes_token_price,KXTRUMPVISITISRAEL-25,"Will Trump visit Israel before Aug 1, 2025?","Before Aug 1, 2025",31959.539865,31959.539865,0.029,0.02,0.009000000000000001,2025-07-07 16:47:21-07:00,2025-07-07 01:55:42.127727-07:00,0.92,deterministic_contract_key
zelensky_suit,2025-06-30,2025-07-08,2025_07_07_close_1700_PT,2025-07-08 00:00:00+00:00,2025-07-07 17:00:00-07:00,2025-07-07,7,1,office_exit|leave_office|jerome_powell|year:2025|520930|44446628319261786751896876365833910598445252343588252409740203088317210950410|LEAVEPOWELL-25-DEC31,office_exit|leave_office|jerome_powell|year:2025,office_exit,uma_risk_exposed,520930,Jerome Powell out as Fed Chair in 2025?,0,Yes,44446628319261786751896876365833910598445252343588252409740203088317210950410,False,binary_yes_token_price,LEAVEPOWELL-25-DEC31,Powell leaves before 2026?,Before 2026,11760101.336012,11760101.336012,0.13,0.16,-0.03,2025-07-07 15:16:39-07:00,2025-07-07 15:34:16.143795-07:00,0.88,deterministic_contract_key
zelensky_suit,2025-06-30,2025-07-08,2025_07_07_close_1700_PT,2025-07-08 00:00:00+00:00,2025-07-07 17:00:00-07:00,2025-07-07,7,1,office_exit|leave_office|vladimir_putin|year:2025|527807|96309695544495520203095223116782609207881514291963878378807412991184449319557|KXLEADEROUT-25-VPUT,office_exit|leave_office|vladimir_putin|year:2025,office_exit,uma_risk_exposed,527807,Will Vladimir Putin be the first leader out in 2025?,0,Yes,96309695544495520203095223116782609207881514291963878378807412991184449319557,False,binary_yes_token_price,KXLEADEROUT-25-VPUT,Vladimir Putin out this year?,Vladimir Putin,1782662.475384,1782662.475384,0.007,0.01,-0.003,2025-07-07 16:34:51-07:00,2025-07-07 01:51:48.948219-07:00,0.88,deterministic_contract_key
zelensky_suit,2025-06-30,2025-07-08,2025_07_07_close_1700_PT,2025-07-08 00:00:00+00:00,2025-07-07 17:00:00-07:00,2025-07-07,7,1,office_exit|leave_office|xi_jinping|year:2025|527808|58879554417654245921504722538657003216070105934999990003805612960977670880586|KXLEADEROUT-25-XJIN,office_exit|leave_office|xi_jinping|year:2025,office_exit,uma_risk_exposed,527808,Will Xi Jinping be the first leader out in 2025?,0,Yes,58879554417654245921504722538657003216070105934999990003805612960977670880586,False,binary_yes_token_price,KXLEADEROUT-25-XJIN,Xi Jinping out this year?,Xi Jinping,1833966.373545,1833966.373545,0.069,0.01,0.059000000000000004,2025-07-07 16:59:59-07:00,2025-07-07 13:00:53.200853-07:00,0.88,deterministic_contract_key
zelensky_suit,2025-06-30,2025-07-08,2025_07_07_close_1700_PT,2025-07-08 00:00:00+00:00,2025-07-07 17:00:00-07:00,2025-07-07,7,1,office_exit|leave_office|xi_jinping|year:2025|551963|114304586861386186441621124384163963092522056897081085884483958561365015034812|KXLEADEROUT-25-XJIN,office_exit|leave_office|xi_jinping|year:2025,office_exit,uma_risk_exposed,551963,Xi Jinping out in 2025?,0,Yes,114304586861386186441621124384163963092522056897081085884483958561365015034812,False,binary_yes_token_price,KXLEADEROUT-25-XJIN,Xi Jinping out this year?,Xi Jinping,78655911.742866,78655911.742866,0.09,0.01,0.08,2025-07-07 16:35:11-07:00,2025-07-07 13:00:53.200853-07:00,0.88,deterministic_contract_key
zelensky_suit,2025-06-30,2025-07-08,2025_07_07_close_1700_PT,2025-07-08 00:00:00+00:00,2025-07-07 17:00:00-07:00,2025-07-07,7,1,office_exit|resign|volodymyr_zelenskyy|year:2025|525157|74129046843921940913413587682588886122583847748489066762857187137233978267670|KXUKRAINERESIGN-26,office_exit|resign|volodymyr_zelenskyy|year:2025,office_exit,uma_risk_exposed,525157,Zelensky resigns in 2025?,0,Yes,74129046843921940913413587682588886122583847748489066762857187137233978267670,False,binary_yes_token_price,KXUKRAINERESIGN-26,"Will Volodymyr Zelenskyy resign before Jan 1, 2026?",Before 2026,639799.279247,639799.279247,0.06,0.07,-0.010000000000000009,2025-07-07 05:11:45-07:00,2025-07-06 22:12:26.334153-07:00,0.88,deterministic_contract_key
zelensky_suit,2025-06-30,2025-07-08,2025_07_07_close_1700_PT,2025-07-08 00:00:00+00:00,2025-07-07 17:00:00-07:00,2025-07-07,7,1,policy_action|create|national_bitcoin_reserve|united_states|year:2025|516937|83894672511259544049673946661753374355328822374216474995072428966535091173758|KXBTCRESERVE-26-JAN01,policy_action|create|national_bitcoin_reserve|united_states|year:2025,policy_action,uma_risk_exposed,516937,US national Bitcoin reserve in 2025?,0,Yes,83894672511259544049673946661753374355328822374216474995072428966535091173758,False,binary_yes_token_price,KXBTCRESERVE-26-JAN01,"Will Trump create a National Bitcoin Reserve before Jan 1, 2026?","Before Jan 1, 2026",5526758.797978,5526758.797978,0.3,0.4,-0.10000000000000003,2025-07-07 12:28:48-07:00,2025-07-07 12:20:33.210637-07:00,0.78,deterministic_contract_key
zelensky_suit,2025-06-30,2025-07-08,2025_07_07_close_1700_PT,2025-07-08 00:00:00+00:00,2025-07-07 17:00:00-07:00,2025-07-07,7,1,policy_action|eliminate|department_of_education|united_states|year:2025|523188|60661165588332286306443081468695135979348107944620337686282849990456442563142|KXDOED-26-JAN01,policy_action|eliminate|department_of_education|united_states|year:2025,policy_action,uma_risk_exposed,523188,Will Trump end Department of Education in 2025?,0,Yes,60661165588332286306443081468695135979348107944620337686282849990456442563142,False,binary_yes_token_price,KXDOED-26-JAN01,"Will the Department of Education be eliminated before Jan 1, 2026?","Before Jan 1, 2026",900396.416301,900396.416301,0.07,0.06,0.010000000000000009,2025-07-05 11:35:05-07:00,2025-07-07 13:48:56.133943-07:00,0.78,deterministic_contract_key
zelensky_suit,2025-06-30,2025-07-08,2025_07_07_close_1700_PT,2025-07-08 00:00:00+00:00,2025-07-07 17:00:00-07:00,2025-07-07,7,1,policy_action|start|recession|united_states|year:2025|516710|104173557214744537570424345347209544585775842950109756851652855913015295701992|RECSSNBER-25,policy_action|start|recession|united_states|year:2025,policy_action,uma_risk_exposed,516710,US recession in 2025?,0,Yes,104173557214744537570424345347209544585775842950109756851652855913015295701992,False,binary_yes_token_price,RECSSNBER-25,Will there be a recession in 2025?,Starts,11734512.428529,11734512.428529,0.22,0.2,0.01999999999999999,2025-07-07 16:52:19-07:00,2025-07-07 14:45:47.765021-07:00,0.78,deterministic_contract_key
zelensky_suit,2025-06-30,2025-07-08,2025_07_08_open_0500_PT,2025-07-08 12:00:00+00:00,2025-07-08 05:00:00-07:00,2025-07-08,8,1,election|win|andr_nico_rodr_guez|bolivia_president|year:2025|2025|543259|21349083717605037525723335754807560771874175181325455859992777238860289139531|KXBOLIVIAPRES-25-AR,election|win|andr_nico_rodr_guez|bolivia_president|year:2025|2025,election,uma_risk_exposed,543259,Will Andrónico Rodríguez win the 2025 Bolivia presidential election?,0,Yes,21349083717605037525723335754807560771874175181325455859992777238860289139531,False,binary_yes_token_price,KXBOLIVIAPRES-25-AR,Who will win the Bolivian presidential election?,Andrónico Rodríguez,7326758.679552,7326758.679552,0.27,0.24,0.030000000000000027,2025-07-08 01:32:25-07:00,2025-07-06 05:36:52.373100-07:00,0.78,deterministic_contract_key
zelensky_suit,2025-06-30,2025-07-08,2025_07_08_open_0500_PT,2025-07-08 12:00:00+00:00,2025-07-08 05:00:00-07:00,2025-07-08,8,1,election|win|branko_marinkovi|bolivia_president|year:2025|2025|543274|17849683858069937637491725401516486250615904612932801425636311554981022266375|KXBOLIVIAPRES-25-BM,election|win|branko_marinkovi|bolivia_president|year:2025|2025,election,uma_risk_exposed,543274,Will Branko Marinković win the 2025 Bolivia presidential election?,0,Yes,17849683858069937637491725401516486250615904612932801425636311554981022266375,False,binary_yes_token_price,KXBOLIVIAPRES-25-BM,Who will win the Bolivian presidential election?,Branko Marinković,337382.708581,337382.708581,0.001,0.09,-0.089,2025-07-08 04:53:47-07:00,2025-06-21 10:37:22.687062-07:00,0.78,deterministic_contract_key
zelensky_suit,2025-06-30,2025-07-08,2025_07_08_open_0500_PT,2025-07-08 12:00:00+00:00,2025-07-08 05:00:00-07:00,2025-07-08,8,1,election|win|chi_hyun_chung|bolivia_president|year:2025|2025|543263|65182144144608433456123000312637003192540674831461667961211058718188030456494|KXBOLIVIAPRES-25-CHC,election|win|chi_hyun_chung|bolivia_president|year:2025|2025,election,uma_risk_exposed,543263,Will Chi Hyun Chung win the 2025 Bolivia presidential election?,0,Yes,65182144144608433456123000312637003192540674831461667961211058718188030456494,False,binary_yes_token_price,KXBOLIVIAPRES-25-CHC,Who will win the Bolivian presidential election?,Chi Hyun Chung,119579.506818,119579.506818,0.002,0.06,-0.057999999999999996,2025-07-08 01:32:03-07:00,2025-06-03 12:59:43.587279-07:00,0.78,deterministic_contract_key
zelensky_suit,2025-06-30,2025-07-08,2025_07_08_open_0500_PT,2025-07-08 12:00:00+00:00,2025-07-08 05:00:00-07:00,2025-07-08,8,1,election|win|jack_ciattarelli|new_jersey_governor|year:2025|2025|551143|53937473648188783569836457104933054364348579768036516690207399280597410899636|GOVPARTYNJ-25-R,election|win|jack_ciattarelli|new_jersey_governor|year:2025|2025,election,uma_risk_exposed,551143,Will Jack Ciattarelli win the New Jersey Governor Election in 2025,0,Yes,53937473648188783569836457104933054364348579768036516690207399280597410899636,False,binary_yes_token_price,GOVPARTYNJ-25-R,Will Jack Ciattarelli win the 2025 New Jersey gubernatorial election?,Jack Ciattarelli,6037389.579269,6037389.579269,0.17,0.19,-0.01999999999999999,2025-07-06 16:21:29-07:00,2025-07-08 04:31:46.769441-07:00,0.78,deterministic_contract_key
zelensky_suit,2025-06-30,2025-07-08,2025_07_08_open_0500_PT,2025-07-08 12:00:00+00:00,2025-07-08 05:00:00-07:00,2025-07-08,8,1,election|win|luis_arce|bolivia_president|year:2025|2025|543258|111174020960637389416810264600941186414004753111164399059354703606902594067832|KXBOLIVIAPRES-25-LA,election|win|luis_arce|bolivia_president|year:2025|2025,election,uma_risk_exposed,543258,Will Luis Arce win the 2025 Bolivia presidential election?,0,Yes,111174020960637389416810264600941186414004753111164399059354703606902594067832,False,binary_yes_token_price,KXBOLIVIAPRES-25-LA,Who will win the Bolivian presidential election?,Luis Arce,203278.343149,203278.343149,0.002,0.04,-0.038,2025-07-08 01:32:35-07:00,2025-06-19 13:55:54.437219-07:00,0.78,deterministic_contract_key
zelensky_suit,2025-06-30,2025-07-08,2025_07_08_open_0500_PT,2025-07-08 12:00:00+00:00,2025-07-08 05:00:00-07:00,2025-07-08,8,1,election|win|manfred_reyes_villa|bolivia_president|year:2025|2025|543261|6152631328921183884174711861052249809252829304303011603856221267194446351460|KXBOLIVIAPRES-25-MRV,election|win|manfred_reyes_villa|bolivia_president|year:2025|2025,election,uma_risk_exposed,543261,Will Manfred Reyes Villa win the 2025 Bolivia presidential election?,0,Yes,6152631328921183884174711861052249809252829304303011603856221267194446351460,False,binary_yes_token_price,KXBOLIVIAPRES-25-MRV,Who will win the Bolivian presidential election?,Manfred Reyes Villa,842586.658604,842586.658604,0.033,0.03,0.0030000000000000027,2025-07-08 04:54:39-07:00,2025-07-07 09:02:46.027412-07:00,0.78,deterministic_contract_key
zelensky_suit,2025-06-30,2025-07-08,2025_07_08_open_0500_PT,2025-07-08 12:00:00+00:00,2025-07-08 05:00:00-07:00,2025-07-08,8,1,election|win|mikie_sherrill|new_jersey_governor|year:2025|2025|551137|23056089932958374419797522644901592808991002026498053086166940911059008923379|GOVPARTYNJ-25-D,election|win|mikie_sherrill|new_jersey_governor|year:2025|2025,election,uma_risk_exposed,551137,Will Mikie Sherrill win the New Jersey Governor Election in 2025,0,Yes,23056089932958374419797522644901592808991002026498053086166940911059008923379,False,binary_yes_token_price,GOVPARTYNJ-25-D,Will Mikie Sherrill win the 2025 New Jersey gubernatorial election?,Mikie Sherrill,7479198.557189,7479198.557189,0.8299999086998274,0.81,0.019999908699827373,2025-07-08 04:32:43-07:00,2025-07-08 04:04:18.745528-07:00,0.78,deterministic_contract_key
zelensky_suit,2025-06-30,2025-07-08,2025_07_08_open_0500_PT,2025-07-08 12:00:00+00:00,2025-07-08 05:00:00-07:00,2025-07-08,8,1,election|win|samuel_doria_medina|bolivia_president|year:2025|2025|543260|86337476411225396782940416611040694123774553224828196996839974817619931765236|KXBOLIVIAPRES-25-SDM,election|win|samuel_doria_medina|bolivia_president|year:2025|2025,election,uma_risk_exposed,543260,Will Samuel Doria Medina win the 2025 Bolivia presidential election?,0,Yes,86337476411225396782940416611040694123774553224828196996839974817619931765236,False,binary_yes_token_price,KXBOLIVIAPRES-25-SDM,Who will win the Bolivian presidential election?,Samuel Doria Medina,1166200.271818,1166200.271818,0.43,0.49,-0.06,2025-07-08 01:30:51-07:00,2025-07-08 01:28:53.603866-07:00,0.78,deterministic_contract_key
zelensky_suit,2025-06-30,2025-07-08,2025_07_08_open_0500_PT,2025-07-08 12:00:00+00:00,2025-07-08 05:00:00-07:00,2025-07-08,8,1,leader_contact|meet|donald_trump|vladimir_putin|year:2025|536502|38401695605203516602153122926538006647911743428951157094417724792317068872612|KXWLEADER-25-VP,leader_contact|meet|donald_trump|vladimir_putin|year:2025,leader_contact,uma_risk_exposed,536502,Will Trump meet with Vladimir Putin in 2025?,0,Yes,38401695605203516602153122926538006647911743428951157094417724792317068872612,False,binary_yes_token_price,KXWLEADER-25-VP,Will Trump meet with Vladimir Putin before 2026?,Vladimir Putin,471641.4171,471641.4171,0.3,0.34,-0.040000000000000036,2025-07-07 17:16:29-07:00,2025-07-08 03:07:54.173085-07:00,0.92,deterministic_contract_key
zelensky_suit,2025-06-30,2025-07-08,2025_07_08_open_0500_PT,2025-07-08 12:00:00+00:00,2025-07-08 05:00:00-07:00,2025-07-08,8,1,leader_contact|visit|donald_trump|israel|before:2025-08-01|555433|75803083113304481871189130325120880199300493552616311390383002363547475167443|KXTRUMPVISITISRAEL-25,leader_contact|visit|donald_trump|israel|before:2025-08-01,leader_contact,uma_risk_exposed,555433,Will Trump visit Israel before August?,0,Yes,75803083113304481871189130325120880199300493552616311390383002363547475167443,False,binary_yes_token_price,KXTRUMPVISITISRAEL-25,"Will Trump visit Israel before Aug 1, 2025?","Before Aug 1, 2025",31959.539865,31959.539865,0.023,0.02,0.002999999999999999,2025-07-08 04:02:13-07:00,2025-07-08 03:15:27.312310-07:00,0.92,deterministic_contract_key
zelensky_suit,2025-06-30,2025-07-08,2025_07_08_open_0500_PT,2025-07-08 12:00:00+00:00,2025-07-08 05:00:00-07:00,2025-07-08,8,1,office_exit|leave_office|jerome_powell|year:2025|520930|44446628319261786751896876365833910598445252343588252409740203088317210950410|LEAVEPOWELL-25-DEC31,office_exit|leave_office|jerome_powell|year:2025,office_exit,uma_risk_exposed,520930,Jerome Powell out as Fed Chair in 2025?,0,Yes,44446628319261786751896876365833910598445252343588252409740203088317210950410,False,binary_yes_token_price,LEAVEPOWELL-25-DEC31,Powell leaves before 2026?,Before 2026,11760101.336012,11760101.336012,0.13999998879999978,0.15,-0.010000011200000214,2025-07-08 02:30:53-07:00,2025-07-08 04:52:49.791783-07:00,0.88,deterministic_contract_key
zelensky_suit,2025-06-30,2025-07-08,2025_07_08_open_0500_PT,2025-07-08 12:00:00+00:00,2025-07-08 05:00:00-07:00,2025-07-08,8,1,office_exit|leave_office|vladimir_putin|year:2025|527807|96309695544495520203095223116782609207881514291963878378807412991184449319557|KXLEADEROUT-25-VPUT,office_exit|leave_office|vladimir_putin|year:2025,office_exit,uma_risk_exposed,527807,Will Vladimir Putin be the first leader out in 2025?,0,Yes,96309695544495520203095223116782609207881514291963878378807412991184449319557,False,binary_yes_token_price,KXLEADEROUT-25-VPUT,Vladimir Putin out this year?,Vladimir Putin,1782662.475384,1782662.475384,0.009,0.01,-0.0010000000000000009,2025-07-08 04:58:35-07:00,2025-07-08 02:48:12.640094-07:00,0.88,deterministic_contract_key
zelensky_suit,2025-06-30,2025-07-08,2025_07_08_open_0500_PT,2025-07-08 12:00:00+00:00,2025-07-08 05:00:00-07:00,2025-07-08,8,1,office_exit|leave_office|xi_jinping|year:2025|527808|58879554417654245921504722538657003216070105934999990003805612960977670880586|KXLEADEROUT-25-XJIN,office_exit|leave_office|xi_jinping|year:2025,office_exit,uma_risk_exposed,527808,Will Xi Jinping be the first leader out in 2025?,0,Yes,58879554417654245921504722538657003216070105934999990003805612960977670880586,False,binary_yes_token_price,KXLEADEROUT-25-XJIN,Xi Jinping out this year?,Xi Jinping,1833966.373545,1833966.373545,0.066,0.01,0.056,2025-07-08 04:49:29-07:00,2025-07-08 04:47:37.232725-07:00,0.88,deterministic_contract_key
zelensky_suit,2025-06-30,2025-07-08,2025_07_08_open_0500_PT,2025-07-08 12:00:00+00:00,2025-07-08 05:00:00-07:00,2025-07-08,8,1,office_exit|leave_office|xi_jinping|year:2025|551963|114304586861386186441621124384163963092522056897081085884483958561365015034812|KXLEADEROUT-25-XJIN,office_exit|leave_office|xi_jinping|year:2025,office_exit,uma_risk_exposed,551963,Xi Jinping out in 2025?,0,Yes,114304586861386186441621124384163963092522056897081085884483958561365015034812,False,binary_yes_token_price,KXLEADEROUT-25-XJIN,Xi Jinping out this year?,Xi Jinping,78655911.742866,78655911.742866,0.1,0.01,0.09000000000000001,2025-07-08 03:48:45-07:00,2025-07-08 04:47:37.232725-07:00,0.88,deterministic_contract_key
zelensky_suit,2025-06-30,2025-07-08,2025_07_08_open_0500_PT,2025-07-08 12:00:00+00:00,2025-07-08 05:00:00-07:00,2025-07-08,8,1,office_exit|resign|volodymyr_zelenskyy|year:2025|525157|74129046843921940913413587682588886122583847748489066762857187137233978267670|KXUKRAINERESIGN-26,office_exit|resign|volodymyr_zelenskyy|year:2025,office_exit,uma_risk_exposed,525157,Zelensky resigns in 2025?,0,Yes,74129046843921940913413587682588886122583847748489066762857187137233978267670,False,binary_yes_token_price,KXUKRAINERESIGN-26,"Will Volodymyr Zelenskyy resign before Jan 1, 2026?",Before 2026,639799.279247,639799.279247,0.07,0.09,-0.01999999999999999,2025-07-08 01:30:57-07:00,2025-07-08 02:08:40.802184-07:00,0.88,deterministic_contract_key
zelensky_suit,2025-06-30,2025-07-08,2025_07_08_open_0500_PT,2025-07-08 12:00:00+00:00,2025-07-08 05:00:00-07:00,2025-07-08,8,1,policy_action|create|national_bitcoin_reserve|united_states|year:2025|516937|83894672511259544049673946661753374355328822374216474995072428966535091173758|KXBTCRESERVE-26-JAN01,policy_action|create|national_bitcoin_reserve|united_states|year:2025,policy_action,uma_risk_exposed,516937,US national Bitcoin reserve in 2025?,0,Yes,83894672511259544049673946661753374355328822374216474995072428966535091173758,False,binary_yes_token_price,KXBTCRESERVE-26-JAN01,"Will Trump create a National Bitcoin Reserve before Jan 1, 2026?","Before Jan 1, 2026",5526758.797978,5526758.797978,0.29,0.37,-0.08000000000000002,2025-07-08 04:25:05-07:00,2025-07-08 04:51:10.157692-07:00,0.78,deterministic_contract_key
zelensky_suit,2025-06-30,2025-07-08,2025_07_08_open_0500_PT,2025-07-08 12:00:00+00:00,2025-07-08 05:00:00-07:00,2025-07-08,8,1,policy_action|eliminate|department_of_education|united_states|year:2025|523188|60661165588332286306443081468695135979348107944620337686282849990456442563142|KXDOED-26-JAN01,policy_action|eliminate|department_of_education|united_states|year:2025,policy_action,uma_risk_exposed,523188,Will Trump end Department of Education in 2025?,0,Yes,60661165588332286306443081468695135979348107944620337686282849990456442563142,False,binary_yes_token_price,KXDOED-26-JAN01,"Will the Department of Education be eliminated before Jan 1, 2026?","Before Jan 1, 2026",900396.416301,900396.416301,0.07,0.06,0.010000000000000009,2025-07-05 11:35:05-07:00,2025-07-08 03:15:00.067540-07:00,0.78,deterministic_contract_key
zelensky_suit,2025-06-30,2025-07-08,2025_07_08_open_0500_PT,2025-07-08 12:00:00+00:00,2025-07-08 05:00:00-07:00,2025-07-08,8,1,policy_action|start|recession|united_states|year:2025|516710|104173557214744537570424345347209544585775842950109756851652855913015295701992|RECSSNBER-25,policy_action|start|recession|united_states|year:2025,policy_action,uma_risk_exposed,516710,US recession in 2025?,0,Yes,104173557214744537570424345347209544585775842950109756851652855913015295701992,False,binary_yes_token_price,RECSSNBER-25,Will there be a recession in 2025?,Starts,11734512.428529,11734512.428529,0.21,0.21,0.0,2025-07-08 04:56:03-07:00,2025-07-08 03:38:40.670482-07:00,0.78,deterministic_contract_key
zelensky_suit,2025-06-30,2025-07-08,2025_07_08_close_1700_PT,2025-07-09 00:00:00+00:00,2025-07-08 17:00:00-07:00,2025-07-08,8,1,election|win|andr_nico_rodr_guez|bolivia_president|year:2025|2025|543259|21349083717605037525723335754807560771874175181325455859992777238860289139531|KXBOLIVIAPRES-25-AR,election|win|andr_nico_rodr_guez|bolivia_president|year:2025|2025,election,uma_risk_exposed,543259,Will Andrónico Rodríguez win the 2025 Bolivia presidential election?,0,Yes,21349083717605037525723335754807560771874175181325455859992777238860289139531,False,binary_yes_token_price,KXBOLIVIAPRES-25-AR,Who will win the Bolivian presidential election?,Andrónico Rodríguez,7326758.679552,7326758.679552,0.2599998647999351,0.2,0.059999864799935076,2025-07-08 16:03:15-07:00,2025-07-08 10:10:36.664384-07:00,0.78,deterministic_contract_key
zelensky_suit,2025-06-30,2025-07-08,2025_07_08_close_1700_PT,2025-07-09 00:00:00+00:00,2025-07-08 17:00:00-07:00,2025-07-08,8,1,election|win|branko_marinkovi|bolivia_president|year:2025|2025|543274|17849683858069937637491725401516486250615904612932801425636311554981022266375|KXBOLIVIAPRES-25-BM,election|win|branko_marinkovi|bolivia_president|year:2025|2025,election,uma_risk_exposed,543274,Will Branko Marinković win the 2025 Bolivia presidential election?,0,Yes,17849683858069937637491725401516486250615904612932801425636311554981022266375,False,binary_yes_token_price,KXBOLIVIAPRES-25-BM,Who will win the Bolivian presidential election?,Branko Marinković,337382.708581,337382.708581,0.002,0.09,-0.088,2025-07-08 11:46:43-07:00,2025-06-21 10:37:22.687062-07:00,0.78,deterministic_contract_key
zelensky_suit,2025-06-30,2025-07-08,2025_07_08_close_1700_PT,2025-07-09 00:00:00+00:00,2025-07-08 17:00:00-07:00,2025-07-08,8,1,election|win|chi_hyun_chung|bolivia_president|year:2025|2025|543263|65182144144608433456123000312637003192540674831461667961211058718188030456494|KXBOLIVIAPRES-25-CHC,election|win|chi_hyun_chung|bolivia_president|year:2025|2025,election,uma_risk_exposed,543263,Will Chi Hyun Chung win the 2025 Bolivia presidential election?,0,Yes,65182144144608433456123000312637003192540674831461667961211058718188030456494,False,binary_yes_token_price,KXBOLIVIAPRES-25-CHC,Who will win the Bolivian presidential election?,Chi Hyun Chung,119579.506818,119579.506818,0.001,0.06,-0.059,2025-07-08 15:32:21-07:00,2025-06-03 12:59:43.587279-07:00,0.78,deterministic_contract_key
zelensky_suit,2025-06-30,2025-07-08,2025_07_08_close_1700_PT,2025-07-09 00:00:00+00:00,2025-07-08 17:00:00-07:00,2025-07-08,8,1,election|win|jack_ciattarelli|new_jersey_governor|year:2025|2025|551143|53937473648188783569836457104933054364348579768036516690207399280597410899636|GOVPARTYNJ-25-R,election|win|jack_ciattarelli|new_jersey_governor|year:2025|2025,election,uma_risk_exposed,551143,Will Jack Ciattarelli win the New Jersey Governor Election in 2025,0,Yes,53937473648188783569836457104933054364348579768036516690207399280597410899636,False,binary_yes_token_price,GOVPARTYNJ-25-R,Will Jack Ciattarelli win the 2025 New Jersey gubernatorial election?,Jack Ciattarelli,6037389.579269,6037389.579269,0.15,0.18,-0.03,2025-07-08 12:26:43-07:00,2025-07-08 10:21:18.629757-07:00,0.78,deterministic_contract_key
zelensky_suit,2025-06-30,2025-07-08,2025_07_08_close_1700_PT,2025-07-09 00:00:00+00:00,2025-07-08 17:00:00-07:00,2025-07-08,8,1,election|win|luis_arce|bolivia_president|year:2025|2025|543258|111174020960637389416810264600941186414004753111164399059354703606902594067832|KXBOLIVIAPRES-25-LA,election|win|luis_arce|bolivia_president|year:2025|2025,election,uma_risk_exposed,543258,Will Luis Arce win the 2025 Bolivia presidential election?,0,Yes,111174020960637389416810264600941186414004753111164399059354703606902594067832,False,binary_yes_token_price,KXBOLIVIAPRES-25-LA,Who will win the Bolivian presidential election?,Luis Arce,203278.343149,203278.343149,0.001,0.04,-0.039,2025-07-08 06:25:33-07:00,2025-06-19 13:55:54.437219-07:00,0.78,deterministic_contract_key
zelensky_suit,2025-06-30,2025-07-08,2025_07_08_close_1700_PT,2025-07-09 00:00:00+00:00,2025-07-08 17:00:00-07:00,2025-07-08,8,1,election|win|manfred_reyes_villa|bolivia_president|year:2025|2025|543261|6152631328921183884174711861052249809252829304303011603856221267194446351460|KXBOLIVIAPRES-25-MRV,election|win|manfred_reyes_villa|bolivia_president|year:2025|2025,election,uma_risk_exposed,543261,Will Manfred Reyes Villa win the 2025 Bolivia presidential election?,0,Yes,6152631328921183884174711861052249809252829304303011603856221267194446351460,False,binary_yes_token_price,KXBOLIVIAPRES-25-MRV,Who will win the Bolivian presidential election?,Manfred Reyes Villa,842586.658604,842586.658604,0.036,0.03,0.005999999999999998,2025-07-08 16:52:59-07:00,2025-07-07 09:02:46.027412-07:00,0.78,deterministic_contract_key
zelensky_suit,2025-06-30,2025-07-08,2025_07_08_close_1700_PT,2025-07-09 00:00:00+00:00,2025-07-08 17:00:00-07:00,2025-07-08,8,1,election|win|mikie_sherrill|new_jersey_governor|year:2025|2025|551137|23056089932958374419797522644901592808991002026498053086166940911059008923379|GOVPARTYNJ-25-D,election|win|mikie_sherrill|new_jersey_governor|year:2025|2025,election,uma_risk_exposed,551137,Will Mikie Sherrill win the New Jersey Governor Election in 2025,0,Yes,23056089932958374419797522644901592808991002026498053086166940911059008923379,False,binary_yes_token_price,GOVPARTYNJ-25-D,Will Mikie Sherrill win the 2025 New Jersey gubernatorial election?,Mikie Sherrill,7479198.557189,7479198.557189,0.83,0.84,-0.010000000000000009,2025-07-08 13:42:57-07:00,2025-07-08 09:52:09.036870-07:00,0.78,deterministic_contract_key
zelensky_suit,2025-06-30,2025-07-08,2025_07_08_close_1700_PT,2025-07-09 00:00:00+00:00,2025-07-08 17:00:00-07:00,2025-07-08,8,1,election|win|samuel_doria_medina|bolivia_president|year:2025|2025|543260|86337476411225396782940416611040694123774553224828196996839974817619931765236|KXBOLIVIAPRES-25-SDM,election|win|samuel_doria_medina|bolivia_president|year:2025|2025,election,uma_risk_exposed,543260,Will Samuel Doria Medina win the 2025 Bolivia presidential election?,0,Yes,86337476411225396782940416611040694123774553224828196996839974817619931765236,False,binary_yes_token_price,KXBOLIVIAPRES-25-SDM,Who will win the Bolivian presidential election?,Samuel Doria Medina,1166200.271818,1166200.271818,0.4299998512781351,0.47,-0.04000014872186486,2025-07-08 14:45:03-07:00,2025-07-08 16:28:31.798152-07:00,0.78,deterministic_contract_key
zelensky_suit,2025-06-30,2025-07-08,2025_07_08_close_1700_PT,2025-07-09 00:00:00+00:00,2025-07-08 17:00:00-07:00,2025-07-08,8,1,leader_contact|meet|donald_trump|vladimir_putin|year:2025|536502|38401695605203516602153122926538006647911743428951157094417724792317068872612|KXWLEADER-25-VP,leader_contact|meet|donald_trump|vladimir_putin|year:2025,leader_contact,uma_risk_exposed,536502,Will Trump meet with Vladimir Putin in 2025?,0,Yes,38401695605203516602153122926538006647911743428951157094417724792317068872612,False,binary_yes_token_price,KXWLEADER-25-VP,Will Trump meet with Vladimir Putin before 2026?,Vladimir Putin,471641.4171,471641.4171,0.3,0.35,-0.04999999999999999,2025-07-07 17:16:29-07:00,2025-07-08 12:47:02.200577-07:00,0.92,deterministic_contract_key
zelensky_suit,2025-06-30,2025-07-08,2025_07_08_close_1700_PT,2025-07-09 00:00:00+00:00,2025-07-08 17:00:00-07:00,2025-07-08,8,1,leader_contact|visit|donald_trump|israel|before:2025-08-01|555433|75803083113304481871189130325120880199300493552616311390383002363547475167443|KXTRUMPVISITISRAEL-25,leader_contact|visit|donald_trump|israel|before:2025-08-01,leader_contact,uma_risk_exposed,555433,Will Trump visit Israel before August?,0,Yes,75803083113304481871189130325120880199300493552616311390383002363547475167443,False,binary_yes_token_price,KXTRUMPVISITISRAEL-25,"Will Trump visit Israel before Aug 1, 2025?","Before Aug 1, 2025",31959.539865,31959.539865,0.012,0.02,-0.008,2025-07-08 14:52:11-07:00,2025-07-08 03:15:27.312310-07:00,0.92,deterministic_contract_key
zelensky_suit,2025-06-30,2025-07-08,2025_07_08_close_1700_PT,2025-07-09 00:00:00+00:00,2025-07-08 17:00:00-07:00,2025-07-08,8,1,office_exit|leave_office|jerome_powell|year:2025|520930|44446628319261786751896876365833910598445252343588252409740203088317210950410|LEAVEPOWELL-25-DEC31,office_exit|leave_office|jerome_powell|year:2025,office_exit,uma_risk_exposed,520930,Jerome Powell out as Fed Chair in 2025?,0,Yes,44446628319261786751896876365833910598445252343588252409740203088317210950410,False,binary_yes_token_price,LEAVEPOWELL-25-DEC31,Powell leaves before 2026?,Before 2026,11760101.336012,11760101.336012,0.14,0.15,-0.009999999999999981,2025-07-08 16:59:51-07:00,2025-07-08 15:06:10.171009-07:00,0.88,deterministic_contract_key
zelensky_suit,2025-06-30,2025-07-08,2025_07_08_close_1700_PT,2025-07-09 00:00:00+00:00,2025-07-08 17:00:00-07:00,2025-07-08,8,1,office_exit|leave_office|vladimir_putin|year:2025|527807|96309695544495520203095223116782609207881514291963878378807412991184449319557|KXLEADEROUT-25-VPUT,office_exit|leave_office|vladimir_putin|year:2025,office_exit,uma_risk_exposed,527807,Will Vladimir Putin be the first leader out in 2025?,0,Yes,96309695544495520203095223116782609207881514291963878378807412991184449319557,False,binary_yes_token_price,KXLEADEROUT-25-VPUT,Vladimir Putin out this year?,Vladimir Putin,1782662.475384,1782662.475384,0.008,0.01,-0.002,2025-07-08 14:15:09-07:00,2025-07-08 02:48:12.640094-07:00,0.88,deterministic_contract_key
zelensky_suit,2025-06-30,2025-07-08,2025_07_08_close_1700_PT,2025-07-09 00:00:00+00:00,2025-07-08 17:00:00-07:00,2025-07-08,8,1,office_exit|leave_office|xi_jinping|year:2025|527808|58879554417654245921504722538657003216070105934999990003805612960977670880586|KXLEADEROUT-25-XJIN,office_exit|leave_office|xi_jinping|year:2025,office_exit,uma_risk_exposed,527808,Will Xi Jinping be the first leader out in 2025?,0,Yes,58879554417654245921504722538657003216070105934999990003805612960977670880586,False,binary_yes_token_price,KXLEADEROUT-25-XJIN,Xi Jinping out this year?,Xi Jinping,1833966.373545,1833966.373545,0.068,0.01,0.058,2025-07-08 14:28:15-07:00,2025-07-08 04:47:37.232725-07:00,0.88,deterministic_contract_key
zelensky_suit,2025-06-30,2025-07-08,2025_07_08_close_1700_PT,2025-07-09 00:00:00+00:00,2025-07-08 17:00:00-07:00,2025-07-08,8,1,office_exit|leave_office|xi_jinping|year:2025|551963|114304586861386186441621124384163963092522056897081085884483958561365015034812|KXLEADEROUT-25-XJIN,office_exit|leave_office|xi_jinping|year:2025,office_exit,uma_risk_exposed,551963,Xi Jinping out in 2025?,0,Yes,114304586861386186441621124384163963092522056897081085884483958561365015034812,False,binary_yes_token_price,KXLEADEROUT-25-XJIN,Xi Jinping out this year?,Xi Jinping,78655911.742866,78655911.742866,0.08,0.01,0.07,2025-07-08 16:50:43-07:00,2025-07-08 04:47:37.232725-07:00,0.88,deterministic_contract_key
zelensky_suit,2025-06-30,2025-07-08,2025_07_08_close_1700_PT,2025-07-09 00:00:00+00:00,2025-07-08 17:00:00-07:00,2025-07-08,8,1,office_exit|resign|volodymyr_zelenskyy|year:2025|525157|74129046843921940913413587682588886122583847748489066762857187137233978267670|KXUKRAINERESIGN-26,office_exit|resign|volodymyr_zelenskyy|year:2025,office_exit,uma_risk_exposed,525157,Zelensky resigns in 2025?,0,Yes,74129046843921940913413587682588886122583847748489066762857187137233978267670,False,binary_yes_token_price,KXUKRAINERESIGN-26,"Will Volodymyr Zelenskyy resign before Jan 1, 2026?",Before 2026,639799.279247,639799.279247,0.1,0.1,0.0,2025-07-08 12:00:55-07:00,2025-07-08 14:29:16.188767-07:00,0.88,deterministic_contract_key
zelensky_suit,2025-06-30,2025-07-08,2025_07_08_close_1700_PT,2025-07-09 00:00:00+00:00,2025-07-08 17:00:00-07:00,2025-07-08,8,1,policy_action|create|national_bitcoin_reserve|united_states|year:2025|516937|83894672511259544049673946661753374355328822374216474995072428966535091173758|KXBTCRESERVE-26-JAN01,policy_action|create|national_bitcoin_reserve|united_states|year:2025,policy_action,uma_risk_exposed,516937,US national Bitcoin reserve in 2025?,0,Yes,83894672511259544049673946661753374355328822374216474995072428966535091173758,False,binary_yes_token_price,KXBTCRESERVE-26-JAN01,"Will Trump create a National Bitcoin Reserve before Jan 1, 2026?","Before Jan 1, 2026",5526758.797978,5526758.797978,0.29,0.34,-0.050000000000000044,2025-07-08 12:12:49-07:00,2025-07-08 15:32:21.614870-07:00,0.78,deterministic_contract_key
zelensky_suit,2025-06-30,2025-07-08,2025_07_08_close_1700_PT,2025-07-09 00:00:00+00:00,2025-07-08 17:00:00-07:00,2025-07-08,8,1,policy_action|eliminate|department_of_education|united_states|year:2025|523188|60661165588332286306443081468695135979348107944620337686282849990456442563142|KXDOED-26-JAN01,policy_action|eliminate|department_of_education|united_states|year:2025,policy_action,uma_risk_exposed,523188,Will Trump end Department of Education in 2025?,0,Yes,60661165588332286306443081468695135979348107944620337686282849990456442563142,False,binary_yes_token_price,KXDOED-26-JAN01,"Will the Department of Education be eliminated before Jan 1, 2026?","Before Jan 1, 2026",900396.416301,900396.416301,0.07,0.07,0.0,2025-07-05 11:35:05-07:00,2025-07-08 06:48:03.915414-07:00,0.78,deterministic_contract_key
zelensky_suit,2025-06-30,2025-07-08,2025_07_08_close_1700_PT,2025-07-09 00:00:00+00:00,2025-07-08 17:00:00-07:00,2025-07-08,8,1,policy_action|start|recession|united_states|year:2025|516710|104173557214744537570424345347209544585775842950109756851652855913015295701992|RECSSNBER-25,policy_action|start|recession|united_states|year:2025,policy_action,uma_risk_exposed,516710,US recession in 2025?,0,Yes,104173557214744537570424345347209544585775842950109756851652855913015295701992,False,binary_yes_token_price,RECSSNBER-25,Will there be a recession in 2025?,Starts,11734512.428529,11734512.428529,0.19,0.19,0.0,2025-07-08 16:11:41-07:00,2025-07-08 15:05:25.937094-07:00,0.78,deterministic_contract_key
zelensky_suit,2025-06-30,2025-07-08,2025_07_09_open_0500_PT,2025-07-09 12:00:00+00:00,2025-07-09 05:00:00-07:00,2025-07-09,9,1,election|win|andr_nico_rodr_guez|bolivia_president|year:2025|2025|543259|21349083717605037525723335754807560771874175181325455859992777238860289139531|KXBOLIVIAPRES-25-AR,election|win|andr_nico_rodr_guez|bolivia_president|year:2025|2025,election,uma_risk_exposed,543259,Will Andrónico Rodríguez win the 2025 Bolivia presidential election?,0,Yes,21349083717605037525723335754807560771874175181325455859992777238860289139531,False,binary_yes_token_price,KXBOLIVIAPRES-25-AR,Who will win the Bolivian presidential election?,Andrónico Rodríguez,7326758.679552,7326758.679552,0.27,0.23,0.04000000000000001,2025-07-09 04:49:56-07:00,2025-07-09 03:54:37.748906-07:00,0.78,deterministic_contract_key
zelensky_suit,2025-06-30,2025-07-08,2025_07_09_open_0500_PT,2025-07-09 12:00:00+00:00,2025-07-09 05:00:00-07:00,2025-07-09,9,1,election|win|branko_marinkovi|bolivia_president|year:2025|2025|543274|17849683858069937637491725401516486250615904612932801425636311554981022266375|KXBOLIVIAPRES-25-BM,election|win|branko_marinkovi|bolivia_president|year:2025|2025,election,uma_risk_exposed,543274,Will Branko Marinković win the 2025 Bolivia presidential election?,0,Yes,17849683858069937637491725401516486250615904612932801425636311554981022266375,False,binary_yes_token_price,KXBOLIVIAPRES-25-BM,Who will win the Bolivian presidential election?,Branko Marinković,337382.708581,337382.708581,0.001,0.09,-0.089,2025-07-09 04:55:44-07:00,2025-06-21 10:37:22.687062-07:00,0.78,deterministic_contract_key
zelensky_suit,2025-06-30,2025-07-08,2025_07_09_open_0500_PT,2025-07-09 12:00:00+00:00,2025-07-09 05:00:00-07:00,2025-07-09,9,1,election|win|chi_hyun_chung|bolivia_president|year:2025|2025|543263|65182144144608433456123000312637003192540674831461667961211058718188030456494|KXBOLIVIAPRES-25-CHC,election|win|chi_hyun_chung|bolivia_president|year:2025|2025,election,uma_risk_exposed,543263,Will Chi Hyun Chung win the 2025 Bolivia presidential election?,0,Yes,65182144144608433456123000312637003192540674831461667961211058718188030456494,False,binary_yes_token_price,KXBOLIVIAPRES-25-CHC,Who will win the Bolivian presidential election?,Chi Hyun Chung,119579.506818,119579.506818,0.002,0.06,-0.057999999999999996,2025-07-09 00:00:41-07:00,2025-06-03 12:59:43.587279-07:00,0.78,deterministic_contract_key
zelensky_suit,2025-06-30,2025-07-08,2025_07_09_open_0500_PT,2025-07-09 12:00:00+00:00,2025-07-09 05:00:00-07:00,2025-07-09,9,1,election|win|jack_ciattarelli|new_jersey_governor|year:2025|2025|551143|53937473648188783569836457104933054364348579768036516690207399280597410899636|GOVPARTYNJ-25-R,election|win|jack_ciattarelli|new_jersey_governor|year:2025|2025,election,uma_risk_exposed,551143,Will Jack Ciattarelli win the New Jersey Governor Election in 2025,0,Yes,53937473648188783569836457104933054364348579768036516690207399280597410899636,False,binary_yes_token_price,GOVPARTYNJ-25-R,Will Jack Ciattarelli win the 2025 New Jersey gubernatorial election?,Jack Ciattarelli,6037389.579269,6037389.579269,0.15,0.18,-0.03,2025-07-08 12:26:43-07:00,2025-07-09 02:47:49.082269-07:00,0.78,deterministic_contract_key
zelensky_suit,2025-06-30,2025-07-08,2025_07_09_open_0500_PT,2025-07-09 12:00:00+00:00,2025-07-09 05:00:00-07:00,2025-07-09,9,1,election|win|luis_arce|bolivia_president|year:2025|2025|543258|111174020960637389416810264600941186414004753111164399059354703606902594067832|KXBOLIVIAPRES-25-LA,election|win|luis_arce|bolivia_president|year:2025|2025,election,uma_risk_exposed,543258,Will Luis Arce win the 2025 Bolivia presidential election?,0,Yes,111174020960637389416810264600941186414004753111164399059354703606902594067832,False,binary_yes_token_price,KXBOLIVIAPRES-25-LA,Who will win the Bolivian presidential election?,Luis Arce,203278.343149,203278.343149,0.001,0.04,-0.039,2025-07-09 03:41:58-07:00,2025-06-19 13:55:54.437219-07:00,0.78,deterministic_contract_key
zelensky_suit,2025-06-30,2025-07-08,2025_07_09_open_0500_PT,2025-07-09 12:00:00+00:00,2025-07-09 05:00:00-07:00,2025-07-09,9,1,election|win|manfred_reyes_villa|bolivia_president|year:2025|2025|543261|6152631328921183884174711861052249809252829304303011603856221267194446351460|KXBOLIVIAPRES-25-MRV,election|win|manfred_reyes_villa|bolivia_president|year:2025|2025,election,uma_risk_exposed,543261,Will Manfred Reyes Villa win the 2025 Bolivia presidential election?,0,Yes,6152631328921183884174711861052249809252829304303011603856221267194446351460,False,binary_yes_token_price,KXBOLIVIAPRES-25-MRV,Who will win the Bolivian presidential election?,Manfred Reyes Villa,842586.658604,842586.658604,0.051,0.03,0.020999999999999998,2025-07-09 04:59:50-07:00,2025-07-08 22:48:30.700591-07:00,0.78,deterministic_contract_key
zelensky_suit,2025-06-30,2025-07-08,2025_07_09_open_0500_PT,2025-07-09 12:00:00+00:00,2025-07-09 05:00:00-07:00,2025-07-09,9,1,election|win|mikie_sherrill|new_jersey_governor|year:2025|2025|551137|23056089932958374419797522644901592808991002026498053086166940911059008923379|GOVPARTYNJ-25-D,election|win|mikie_sherrill|new_jersey_governor|year:2025|2025,election,uma_risk_exposed,551137,Will Mikie Sherrill win the New Jersey Governor Election in 2025,0,Yes,23056089932958374419797522644901592808991002026498053086166940911059008923379,False,binary_yes_token_price,GOVPARTYNJ-25-D,Will Mikie Sherrill win the 2025 New Jersey gubernatorial election?,Mikie Sherrill,7479198.557189,7479198.557189,0.83,0.81,0.019999999999999907,2025-07-08 22:06:32-07:00,2025-07-09 04:41:16.018967-07:00,0.78,deterministic_contract_key
zelensky_suit,2025-06-30,2025-07-08,2025_07_09_open_0500_PT,2025-07-09 12:00:00+00:00,2025-07-09 05:00:00-07:00,2025-07-09,9,1,election|win|samuel_doria_medina|bolivia_president|year:2025|2025|543260|86337476411225396782940416611040694123774553224828196996839974817619931765236|KXBOLIVIAPRES-25-SDM,election|win|samuel_doria_medina|bolivia_president|year:2025|2025,election,uma_risk_exposed,543260,Will Samuel Doria Medina win the 2025 Bolivia presidential election?,0,Yes,86337476411225396782940416611040694123774553224828196996839974817619931765236,False,binary_yes_token_price,KXBOLIVIAPRES-25-SDM,Who will win the Bolivian presidential election?,Samuel Doria Medina,1166200.271818,1166200.271818,0.42,0.47,-0.04999999999999999,2025-07-09 04:46:56-07:00,2025-07-08 16:28:31.798152-07:00,0.78,deterministic_contract_key
zelensky_suit,2025-06-30,2025-07-08,2025_07_09_open_0500_PT,2025-07-09 12:00:00+00:00,2025-07-09 05:00:00-07:00,2025-07-09,9,1,leader_contact|meet|donald_trump|vladimir_putin|year:2025|536502|38401695605203516602153122926538006647911743428951157094417724792317068872612|KXWLEADER-25-VP,leader_contact|meet|donald_trump|vladimir_putin|year:2025,leader_contact,uma_risk_exposed,536502,Will Trump meet with Vladimir Putin in 2025?,0,Yes,38401695605203516602153122926538006647911743428951157094417724792317068872612,False,binary_yes_token_price,KXWLEADER-25-VP,Will Trump meet with Vladimir Putin before 2026?,Vladimir Putin,471641.4171,471641.4171,0.28,0.35,-0.06999999999999995,2025-07-09 02:00:00-07:00,2025-07-08 12:47:02.200577-07:00,0.92,deterministic_contract_key
zelensky_suit,2025-06-30,2025-07-08,2025_07_09_open_0500_PT,2025-07-09 12:00:00+00:00,2025-07-09 05:00:00-07:00,2025-07-09,9,1,leader_contact|visit|donald_trump|israel|before:2025-08-01|555433|75803083113304481871189130325120880199300493552616311390383002363547475167443|KXTRUMPVISITISRAEL-25,leader_contact|visit|donald_trump|israel|before:2025-08-01,leader_contact,uma_risk_exposed,555433,Will Trump visit Israel before August?,0,Yes,75803083113304481871189130325120880199300493552616311390383002363547475167443,False,binary_yes_token_price,KXTRUMPVISITISRAEL-25,"Will Trump visit Israel before Aug 1, 2025?","Before Aug 1, 2025",31959.539865,31959.539865,0.016,0.02,-0.004,2025-07-08 19:17:53-07:00,2025-07-08 03:15:27.312310-07:00,0.92,deterministic_contract_key
zelensky_suit,2025-06-30,2025-07-08,2025_07_09_open_0500_PT,2025-07-09 12:00:00+00:00,2025-07-09 05:00:00-07:00,2025-07-09,9,1,office_exit|leave_office|jerome_powell|year:2025|520930|44446628319261786751896876365833910598445252343588252409740203088317210950410|LEAVEPOWELL-25-DEC31,office_exit|leave_office|jerome_powell|year:2025,office_exit,uma_risk_exposed,520930,Jerome Powell out as Fed Chair in 2025?,0,Yes,44446628319261786751896876365833910598445252343588252409740203088317210950410,False,binary_yes_token_price,LEAVEPOWELL-25-DEC31,Powell leaves before 2026?,Before 2026,11760101.336012,11760101.336012,0.13999997871999897,0.19,-0.05000002128000103,2025-07-09 04:24:50-07:00,2025-07-09 04:21:07.724349-07:00,0.88,deterministic_contract_key
zelensky_suit,2025-06-30,2025-07-08,2025_07_09_open_0500_PT,2025-07-09 12:00:00+00:00,2025-07-09 05:00:00-07:00,2025-07-09,9,1,office_exit|leave_office|vladimir_putin|year:2025|527807|96309695544495520203095223116782609207881514291963878378807412991184449319557|KXLEADEROUT-25-VPUT,office_exit|leave_office|vladimir_putin|year:2025,office_exit,uma_risk_exposed,527807,Will Vladimir Putin be the first leader out in 2025?,0,Yes,96309695544495520203095223116782609207881514291963878378807412991184449319557,False,binary_yes_token_price,KXLEADEROUT-25-VPUT,Vladimir Putin out this year?,Vladimir Putin,1782662.475384,1782662.475384,0.010416666666666666,0.01,0.0004166666666666659,2025-07-09 02:43:12-07:00,2025-07-08 02:48:12.640094-07:00,0.88,deterministic_contract_key
zelensky_suit,2025-06-30,2025-07-08,2025_07_09_open_0500_PT,2025-07-09 12:00:00+00:00,2025-07-09 05:00:00-07:00,2025-07-09,9,1,office_exit|leave_office|xi_jinping|year:2025|527808|58879554417654245921504722538657003216070105934999990003805612960977670880586|KXLEADEROUT-25-XJIN,office_exit|leave_office|xi_jinping|year:2025,office_exit,uma_risk_exposed,527808,Will Xi Jinping be the first leader out in 2025?,0,Yes,58879554417654245921504722538657003216070105934999990003805612960977670880586,False,binary_yes_token_price,KXLEADEROUT-25-XJIN,Xi Jinping out this year?,Xi Jinping,1833966.373545,1833966.373545,0.064,0.01,0.054,2025-07-09 04:56:36-07:00,2025-07-08 22:11:46.759132-07:00,0.88,deterministic_contract_key
zelensky_suit,2025-06-30,2025-07-08,2025_07_09_open_0500_PT,2025-07-09 12:00:00+00:00,2025-07-09 05:00:00-07:00,2025-07-09,9,1,office_exit|leave_office|xi_jinping|year:2025|551963|114304586861386186441621124384163963092522056897081085884483958561365015034812|KXLEADEROUT-25-XJIN,office_exit|leave_office|xi_jinping|year:2025,office_exit,uma_risk_exposed,551963,Xi Jinping out in 2025?,0,Yes,114304586861386186441621124384163963092522056897081085884483958561365015034812,False,binary_yes_token_price,KXLEADEROUT-25-XJIN,Xi Jinping out this year?,Xi Jinping,78655911.742866,78655911.742866,0.09,0.01,0.08,2025-07-09 04:22:16-07:00,2025-07-08 22:11:46.759132-07:00,0.88,deterministic_contract_key
zelensky_suit,2025-06-30,2025-07-08,2025_07_09_open_0500_PT,2025-07-09 12:00:00+00:00,2025-07-09 05:00:00-07:00,2025-07-09,9,1,office_exit|resign|volodymyr_zelenskyy|year:2025|525157|74129046843921940913413587682588886122583847748489066762857187137233978267670|KXUKRAINERESIGN-26,office_exit|resign|volodymyr_zelenskyy|year:2025,office_exit,uma_risk_exposed,525157,Zelensky resigns in 2025?,0,Yes,74129046843921940913413587682588886122583847748489066762857187137233978267670,False,binary_yes_token_price,KXUKRAINERESIGN-26,"Will Volodymyr Zelenskyy resign before Jan 1, 2026?",Before 2026,639799.279247,639799.279247,0.08000000313138214,0.1,-0.019999996868617864,2025-07-09 01:57:04-07:00,2025-07-08 14:29:16.188767-07:00,0.88,deterministic_contract_key
zelensky_suit,2025-06-30,2025-07-08,2025_07_09_open_0500_PT,2025-07-09 12:00:00+00:00,2025-07-09 05:00:00-07:00,2025-07-09,9,1,policy_action|create|national_bitcoin_reserve|united_states|year:2025|516937|83894672511259544049673946661753374355328822374216474995072428966535091173758|KXBTCRESERVE-26-JAN01,policy_action|create|national_bitcoin_reserve|united_states|year:2025,policy_action,uma_risk_exposed,516937,US national Bitcoin reserve in 2025?,0,Yes,83894672511259544049673946661753374355328822374216474995072428966535091173758,False,binary_yes_token_price,KXBTCRESERVE-26-JAN01,"Will Trump create a National Bitcoin Reserve before Jan 1, 2026?","Before Jan 1, 2026",5526758.797978,5526758.797978,0.2899999640399973,0.32,-0.030000035960002724,2025-07-09 02:36:20-07:00,2025-07-09 04:36:39.434304-07:00,0.78,deterministic_contract_key
zelensky_suit,2025-06-30,2025-07-08,2025_07_09_open_0500_PT,2025-07-09 12:00:00+00:00,2025-07-09 05:00:00-07:00,2025-07-09,9,1,policy_action|eliminate|department_of_education|united_states|year:2025|523188|60661165588332286306443081468695135979348107944620337686282849990456442563142|KXDOED-26-JAN01,policy_action|eliminate|department_of_education|united_states|year:2025,policy_action,uma_risk_exposed,523188,Will Trump end Department of Education in 2025?,0,Yes,60661165588332286306443081468695135979348107944620337686282849990456442563142,False,binary_yes_token_price,KXDOED-26-JAN01,"Will the Department of Education be eliminated before Jan 1, 2026?","Before Jan 1, 2026",900396.416301,900396.416301,0.07,0.07,0.0,2025-07-05 11:35:05-07:00,2025-07-09 01:48:42.474338-07:00,0.78,deterministic_contract_key
zelensky_suit,2025-06-30,2025-07-08,2025_07_09_open_0500_PT,2025-07-09 12:00:00+00:00,2025-07-09 05:00:00-07:00,2025-07-09,9,1,policy_action|start|recession|united_states|year:2025|516710|104173557214744537570424345347209544585775842950109756851652855913015295701992|RECSSNBER-25,policy_action|start|recession|united_states|year:2025,policy_action,uma_risk_exposed,516710,US recession in 2025?,0,Yes,104173557214744537570424345347209544585775842950109756851652855913015295701992,False,binary_yes_token_price,RECSSNBER-25,Will there be a recession in 2025?,Starts,11734512.428529,11734512.428529,0.2,0.2,0.0,2025-07-09 04:33:22-07:00,2025-07-09 04:26:25.851620-07:00,0.78,deterministic_contract_key
zelensky_suit,2025-06-30,2025-07-08,2025_07_09_close_1700_PT,2025-07-10 00:00:00+00:00,2025-07-09 17:00:00-07:00,2025-07-09,9,1,election|win|andr_nico_rodr_guez|bolivia_president|year:2025|2025|543259|21349083717605037525723335754807560771874175181325455859992777238860289139531|KXBOLIVIAPRES-25-AR,election|win|andr_nico_rodr_guez|bolivia_president|year:2025|2025,election,uma_risk_exposed,543259,Will Andrónico Rodríguez win the 2025 Bolivia presidential election?,0,Yes,21349083717605037525723335754807560771874175181325455859992777238860289139531,False,binary_yes_token_price,KXBOLIVIAPRES-25-AR,Who will win the Bolivian presidential election?,Andrónico Rodríguez,7326758.679552,7326758.679552,0.28,0.24,0.040000000000000036,2025-07-09 15:24:39-07:00,2025-07-09 14:29:57.983259-07:00,0.78,deterministic_contract_key
zelensky_suit,2025-06-30,2025-07-08,2025_07_09_close_1700_PT,2025-07-10 00:00:00+00:00,2025-07-09 17:00:00-07:00,2025-07-09,9,1,election|win|branko_marinkovi|bolivia_president|year:2025|2025|543274|17849683858069937637491725401516486250615904612932801425636311554981022266375|KXBOLIVIAPRES-25-BM,election|win|branko_marinkovi|bolivia_president|year:2025|2025,election,uma_risk_exposed,543274,Will Branko Marinković win the 2025 Bolivia presidential election?,0,Yes,17849683858069937637491725401516486250615904612932801425636311554981022266375,False,binary_yes_token_price,KXBOLIVIAPRES-25-BM,Who will win the Bolivian presidential election?,Branko Marinković,337382.708581,337382.708581,0.001,0.09,-0.089,2025-07-09 16:59:51-07:00,2025-06-21 10:37:22.687062-07:00,0.78,deterministic_contract_key
zelensky_suit,2025-06-30,2025-07-08,2025_07_09_close_1700_PT,2025-07-10 00:00:00+00:00,2025-07-09 17:00:00-07:00,2025-07-09,9,1,election|win|chi_hyun_chung|bolivia_president|year:2025|2025|543263|65182144144608433456123000312637003192540674831461667961211058718188030456494|KXBOLIVIAPRES-25-CHC,election|win|chi_hyun_chung|bolivia_president|year:2025|2025,election,uma_risk_exposed,543263,Will Chi Hyun Chung win the 2025 Bolivia presidential election?,0,Yes,65182144144608433456123000312637003192540674831461667961211058718188030456494,False,binary_yes_token_price,KXBOLIVIAPRES-25-CHC,Who will win the Bolivian presidential election?,Chi Hyun Chung,119579.506818,119579.506818,0.001,0.06,-0.059,2025-07-09 06:49:59-07:00,2025-06-03 12:59:43.587279-07:00,0.78,deterministic_contract_key
zelensky_suit,2025-06-30,2025-07-08,2025_07_09_close_1700_PT,2025-07-10 00:00:00+00:00,2025-07-09 17:00:00-07:00,2025-07-09,9,1,election|win|jack_ciattarelli|new_jersey_governor|year:2025|2025|551143|53937473648188783569836457104933054364348579768036516690207399280597410899636|GOVPARTYNJ-25-R,election|win|jack_ciattarelli|new_jersey_governor|year:2025|2025,election,uma_risk_exposed,551143,Will Jack Ciattarelli win the New Jersey Governor Election in 2025,0,Yes,53937473648188783569836457104933054364348579768036516690207399280597410899636,False,binary_yes_token_price,GOVPARTYNJ-25-R,Will Jack Ciattarelli win the 2025 New Jersey gubernatorial election?,Jack Ciattarelli,6037389.579269,6037389.579269,0.15,0.18,-0.03,2025-07-09 16:49:43-07:00,2025-07-09 02:47:49.082269-07:00,0.78,deterministic_contract_key
zelensky_suit,2025-06-30,2025-07-08,2025_07_09_close_1700_PT,2025-07-10 00:00:00+00:00,2025-07-09 17:00:00-07:00,2025-07-09,9,1,election|win|luis_arce|bolivia_president|year:2025|2025|543258|111174020960637389416810264600941186414004753111164399059354703606902594067832|KXBOLIVIAPRES-25-LA,election|win|luis_arce|bolivia_president|year:2025|2025,election,uma_risk_exposed,543258,Will Luis Arce win the 2025 Bolivia presidential election?,0,Yes,111174020960637389416810264600941186414004753111164399059354703606902594067832,False,binary_yes_token_price,KXBOLIVIAPRES-25-LA,Who will win the Bolivian presidential election?,Luis Arce,203278.343149,203278.343149,0.001,0.04,-0.039,2025-07-09 15:17:24-07:00,2025-06-19 13:55:54.437219-07:00,0.78,deterministic_contract_key
zelensky_suit,2025-06-30,2025-07-08,2025_07_09_close_1700_PT,2025-07-10 00:00:00+00:00,2025-07-09 17:00:00-07:00,2025-07-09,9,1,election|win|manfred_reyes_villa|bolivia_president|year:2025|2025|543261|6152631328921183884174711861052249809252829304303011603856221267194446351460|KXBOLIVIAPRES-25-MRV,election|win|manfred_reyes_villa|bolivia_president|year:2025|2025,election,uma_risk_exposed,543261,Will Manfred Reyes Villa win the 2025 Bolivia presidential election?,0,Yes,6152631328921183884174711861052249809252829304303011603856221267194446351460,False,binary_yes_token_price,KXBOLIVIAPRES-25-MRV,Who will win the Bolivian presidential election?,Manfred Reyes Villa,842586.658604,842586.658604,0.064,0.05,0.013999999999999999,2025-07-09 16:26:57-07:00,2025-07-09 13:10:44.757881-07:00,0.78,deterministic_contract_key
zelensky_suit,2025-06-30,2025-07-08,2025_07_09_close_1700_PT,2025-07-10 00:00:00+00:00,2025-07-09 17:00:00-07:00,2025-07-09,9,1,election|win|mikie_sherrill|new_jersey_governor|year:2025|2025|551137|23056089932958374419797522644901592808991002026498053086166940911059008923379|GOVPARTYNJ-25-D,election|win|mikie_sherrill|new_jersey_governor|year:2025|2025,election,uma_risk_exposed,551137,Will Mikie Sherrill win the New Jersey Governor Election in 2025,0,Yes,23056089932958374419797522644901592808991002026498053086166940911059008923379,False,binary_yes_token_price,GOVPARTYNJ-25-D,Will Mikie Sherrill win the 2025 New Jersey gubernatorial election?,Mikie Sherrill,7479198.557189,7479198.557189,0.86,0.84,0.020000000000000018,2025-07-09 15:19:54-07:00,2025-07-09 05:03:06.150541-07:00,0.78,deterministic_contract_key
zelensky_suit,2025-06-30,2025-07-08,2025_07_09_close_1700_PT,2025-07-10 00:00:00+00:00,2025-07-09 17:00:00-07:00,2025-07-09,9,1,election|win|samuel_doria_medina|bolivia_president|year:2025|2025|543260|86337476411225396782940416611040694123774553224828196996839974817619931765236|KXBOLIVIAPRES-25-SDM,election|win|samuel_doria_medina|bolivia_president|year:2025|2025,election,uma_risk_exposed,543260,Will Samuel Doria Medina win the 2025 Bolivia presidential election?,0,Yes,86337476411225396782940416611040694123774553224828196996839974817619931765236,False,binary_yes_token_price,KXBOLIVIAPRES-25-SDM,Who will win the Bolivian presidential election?,Samuel Doria Medina,1166200.271818,1166200.271818,0.42,0.44,-0.020000000000000018,2025-07-09 16:14:16-07:00,2025-07-09 15:40:02.640153-07:00,0.78,deterministic_contract_key
zelensky_suit,2025-06-30,2025-07-08,2025_07_09_close_1700_PT,2025-07-10 00:00:00+00:00,2025-07-09 17:00:00-07:00,2025-07-09,9,1,leader_contact|meet|donald_trump|vladimir_putin|year:2025|536502|38401695605203516602153122926538006647911743428951157094417724792317068872612|KXWLEADER-25-VP,leader_contact|meet|donald_trump|vladimir_putin|year:2025,leader_contact,uma_risk_exposed,536502,Will Trump meet with Vladimir Putin in 2025?,0,Yes,38401695605203516602153122926538006647911743428951157094417724792317068872612,False,binary_yes_token_price,KXWLEADER-25-VP,Will Trump meet with Vladimir Putin before 2026?,Vladimir Putin,471641.4171,471641.4171,0.30999994006665826,0.33,-0.02000005993334175,2025-07-09 15:02:06-07:00,2025-07-09 15:37:17.444454-07:00,0.92,deterministic_contract_key
zelensky_suit,2025-06-30,2025-07-08,2025_07_09_close_1700_PT,2025-07-10 00:00:00+00:00,2025-07-09 17:00:00-07:00,2025-07-09,9,1,leader_contact|visit|donald_trump|israel|before:2025-08-01|555433|75803083113304481871189130325120880199300493552616311390383002363547475167443|KXTRUMPVISITISRAEL-25,leader_contact|visit|donald_trump|israel|before:2025-08-01,leader_contact,uma_risk_exposed,555433,Will Trump visit Israel before August?,0,Yes,75803083113304481871189130325120880199300493552616311390383002363547475167443,False,binary_yes_token_price,KXTRUMPVISITISRAEL-25,"Will Trump visit Israel before Aug 1, 2025?","Before Aug 1, 2025",31959.539865,31959.539865,0.016,0.03,-0.013999999999999999,2025-07-08 19:17:53-07:00,2025-07-09 11:00:34.400779-07:00,0.92,deterministic_contract_key
zelensky_suit,2025-06-30,2025-07-08,2025_07_09_close_1700_PT,2025-07-10 00:00:00+00:00,2025-07-09 17:00:00-07:00,2025-07-09,9,1,office_exit|leave_office|jerome_powell|year:2025|520930|44446628319261786751896876365833910598445252343588252409740203088317210950410|LEAVEPOWELL-25-DEC31,office_exit|leave_office|jerome_powell|year:2025,office_exit,uma_risk_exposed,520930,Jerome Powell out as Fed Chair in 2025?,0,Yes,44446628319261786751896876365833910598445252343588252409740203088317210950410,False,binary_yes_token_price,LEAVEPOWELL-25-DEC31,Powell leaves before 2026?,Before 2026,11760101.336012,11760101.336012,0.16,0.18,-0.01999999999999999,2025-07-09 16:54:01-07:00,2025-07-09 15:38:27.363544-07:00,0.88,deterministic_contract_key
zelensky_suit,2025-06-30,2025-07-08,2025_07_09_close_1700_PT,2025-07-10 00:00:00+00:00,2025-07-09 17:00:00-07:00,2025-07-09,9,1,office_exit|leave_office|vladimir_putin|year:2025|527807|96309695544495520203095223116782609207881514291963878378807412991184449319557|KXLEADEROUT-25-VPUT,office_exit|leave_office|vladimir_putin|year:2025,office_exit,uma_risk_exposed,527807,Will Vladimir Putin be the first leader out in 2025?,0,Yes,96309695544495520203095223116782609207881514291963878378807412991184449319557,False,binary_yes_token_price,KXLEADEROUT-25-VPUT,Vladimir Putin out this year?,Vladimir Putin,1782662.475384,1782662.475384,0.023,0.01,0.013,2025-07-09 14:30:35-07:00,2025-07-08 02:48:12.640094-07:00,0.88,deterministic_contract_key
zelensky_suit,2025-06-30,2025-07-08,2025_07_09_close_1700_PT,2025-07-10 00:00:00+00:00,2025-07-09 17:00:00-07:00,2025-07-09,9,1,office_exit|leave_office|xi_jinping|year:2025|527808|58879554417654245921504722538657003216070105934999990003805612960977670880586|KXLEADEROUT-25-XJIN,office_exit|leave_office|xi_jinping|year:2025,office_exit,uma_risk_exposed,527808,Will Xi Jinping be the first leader out in 2025?,0,Yes,58879554417654245921504722538657003216070105934999990003805612960977670880586,False,binary_yes_token_price,KXLEADEROUT-25-XJIN,Xi Jinping out this year?,Xi Jinping,1833966.373545,1833966.373545,0.066,0.01,0.056,2025-07-09 16:55:01-07:00,2025-07-09 08:46:45.342316-07:00,0.88,deterministic_contract_key
zelensky_suit,2025-06-30,2025-07-08,2025_07_09_close_1700_PT,2025-07-10 00:00:00+00:00,2025-07-09 17:00:00-07:00,2025-07-09,9,1,office_exit|leave_office|xi_jinping|year:2025|551963|114304586861386186441621124384163963092522056897081085884483958561365015034812|KXLEADEROUT-25-XJIN,office_exit|leave_office|xi_jinping|year:2025,office_exit,uma_risk_exposed,551963,Xi Jinping out in 2025?,0,Yes,114304586861386186441621124384163963092522056897081085884483958561365015034812,False,binary_yes_token_price,KXLEADEROUT-25-XJIN,Xi Jinping out this year?,Xi Jinping,78655911.742866,78655911.742866,0.08,0.01,0.07,2025-07-09 15:06:51-07:00,2025-07-09 08:46:45.342316-07:00,0.88,deterministic_contract_key
zelensky_suit,2025-06-30,2025-07-08,2025_07_09_close_1700_PT,2025-07-10 00:00:00+00:00,2025-07-09 17:00:00-07:00,2025-07-09,9,1,office_exit|resign|volodymyr_zelenskyy|year:2025|525157|74129046843921940913413587682588886122583847748489066762857187137233978267670|KXUKRAINERESIGN-26,office_exit|resign|volodymyr_zelenskyy|year:2025,office_exit,uma_risk_exposed,525157,Zelensky resigns in 2025?,0,Yes,74129046843921940913413587682588886122583847748489066762857187137233978267670,False,binary_yes_token_price,KXUKRAINERESIGN-26,"Will Volodymyr Zelenskyy resign before Jan 1, 2026?",Before 2026,639799.279247,639799.279247,0.08,0.09,-0.009999999999999995,2025-07-09 15:17:08-07:00,2025-07-09 12:50:44.200420-07:00,0.88,deterministic_contract_key
zelensky_suit,2025-06-30,2025-07-08,2025_07_09_close_1700_PT,2025-07-10 00:00:00+00:00,2025-07-09 17:00:00-07:00,2025-07-09,9,1,policy_action|create|national_bitcoin_reserve|united_states|year:2025|516937|83894672511259544049673946661753374355328822374216474995072428966535091173758|KXBTCRESERVE-26-JAN01,policy_action|create|national_bitcoin_reserve|united_states|year:2025,policy_action,uma_risk_exposed,516937,US national Bitcoin reserve in 2025?,0,Yes,83894672511259544049673946661753374355328822374216474995072428966535091173758,False,binary_yes_token_price,KXBTCRESERVE-26-JAN01,"Will Trump create a National Bitcoin Reserve before Jan 1, 2026?","Before Jan 1, 2026",5526758.797978,5526758.797978,0.2900000016955224,0.34,-0.0499999983044776,2025-07-09 16:02:02-07:00,2025-07-09 14:30:19.074551-07:00,0.78,deterministic_contract_key
zelensky_suit,2025-06-30,2025-07-08,2025_07_09_close_1700_PT,2025-07-10 00:00:00+00:00,2025-07-09 17:00:00-07:00,2025-07-09,9,1,policy_action|eliminate|department_of_education|united_states|year:2025|523188|60661165588332286306443081468695135979348107944620337686282849990456442563142|KXDOED-26-JAN01,policy_action|eliminate|department_of_education|united_states|year:2025,policy_action,uma_risk_exposed,523188,Will Trump end Department of Education in 2025?,0,Yes,60661165588332286306443081468695135979348107944620337686282849990456442563142,False,binary_yes_token_price,KXDOED-26-JAN01,"Will the Department of Education be eliminated before Jan 1, 2026?","Before Jan 1, 2026",900396.416301,900396.416301,0.07,0.06,0.010000000000000009,2025-07-05 11:35:05-07:00,2025-07-09 12:56:52.570449-07:00,0.78,deterministic_contract_key
zelensky_suit,2025-06-30,2025-07-08,2025_07_09_close_1700_PT,2025-07-10 00:00:00+00:00,2025-07-09 17:00:00-07:00,2025-07-09,9,1,policy_action|start|recession|united_states|year:2025|516710|104173557214744537570424345347209544585775842950109756851652855913015295701992|RECSSNBER-25,policy_action|start|recession|united_states|year:2025,policy_action,uma_risk_exposed,516710,US recession in 2025?,0,Yes,104173557214744537570424345347209544585775842950109756851652855913015295701992,False,binary_yes_token_price,RECSSNBER-25,Will there be a recession in 2025?,Starts,11734512.428529,11734512.428529,0.19,0.19,0.0,2025-07-09 16:27:15-07:00,2025-07-09 15:33:51.781606-07:00,0.78,deterministic_contract_key
zelensky_suit,2025-06-30,2025-07-08,2025_07_10_open_0500_PT,2025-07-10 12:00:00+00:00,2025-07-10 05:00:00-07:00,2025-07-10,10,1,election|win|andr_nico_rodr_guez|bolivia_president|year:2025|2025|543259|21349083717605037525723335754807560771874175181325455859992777238860289139531|KXBOLIVIAPRES-25-AR,election|win|andr_nico_rodr_guez|bolivia_president|year:2025|2025,election,uma_risk_exposed,543259,Will Andrónico Rodríguez win the 2025 Bolivia presidential election?,0,Yes,21349083717605037525723335754807560771874175181325455859992777238860289139531,False,binary_yes_token_price,KXBOLIVIAPRES-25-AR,Who will win the Bolivian presidential election?,Andrónico Rodríguez,7326758.679552,7326758.679552,0.27,0.3,-0.02999999999999997,2025-07-10 04:19:36-07:00,2025-07-10 03:03:34.482927-07:00,0.78,deterministic_contract_key
zelensky_suit,2025-06-30,2025-07-08,2025_07_10_open_0500_PT,2025-07-10 12:00:00+00:00,2025-07-10 05:00:00-07:00,2025-07-10,10,1,election|win|branko_marinkovi|bolivia_president|year:2025|2025|543274|17849683858069937637491725401516486250615904612932801425636311554981022266375|KXBOLIVIAPRES-25-BM,election|win|branko_marinkovi|bolivia_president|year:2025|2025,election,uma_risk_exposed,543274,Will Branko Marinković win the 2025 Bolivia presidential election?,0,Yes,17849683858069937637491725401516486250615904612932801425636311554981022266375,False,binary_yes_token_price,KXBOLIVIAPRES-25-BM,Who will win the Bolivian presidential election?,Branko Marinković,337382.708581,337382.708581,0.002,0.09,-0.088,2025-07-10 01:46:08-07:00,2025-06-21 10:37:22.687062-07:00,0.78,deterministic_contract_key
zelensky_suit,2025-06-30,2025-07-08,2025_07_10_open_0500_PT,2025-07-10 12:00:00+00:00,2025-07-10 05:00:00-07:00,2025-07-10,10,1,election|win|chi_hyun_chung|bolivia_president|year:2025|2025|543263|65182144144608433456123000312637003192540674831461667961211058718188030456494|KXBOLIVIAPRES-25-CHC,election|win|chi_hyun_chung|bolivia_president|year:2025|2025,election,uma_risk_exposed,543263,Will Chi Hyun Chung win the 2025 Bolivia presidential election?,0,Yes,65182144144608433456123000312637003192540674831461667961211058718188030456494,False,binary_yes_token_price,KXBOLIVIAPRES-25-CHC,Who will win the Bolivian presidential election?,Chi Hyun Chung,119579.506818,119579.506818,0.001,0.06,-0.059,2025-07-09 06:49:59-07:00,2025-06-03 12:59:43.587279-07:00,0.78,deterministic_contract_key
zelensky_suit,2025-06-30,2025-07-08,2025_07_10_open_0500_PT,2025-07-10 12:00:00+00:00,2025-07-10 05:00:00-07:00,2025-07-10,10,1,election|win|jack_ciattarelli|new_jersey_governor|year:2025|2025|551143|53937473648188783569836457104933054364348579768036516690207399280597410899636|GOVPARTYNJ-25-R,election|win|jack_ciattarelli|new_jersey_governor|year:2025|2025,election,uma_risk_exposed,551143,Will Jack Ciattarelli win the New Jersey Governor Election in 2025,0,Yes,53937473648188783569836457104933054364348579768036516690207399280597410899636,False,binary_yes_token_price,GOVPARTYNJ-25-R,Will Jack Ciattarelli win the 2025 New Jersey gubernatorial election?,Jack Ciattarelli,6037389.579269,6037389.579269,0.15,0.18,-0.03,2025-07-09 16:49:43-07:00,2025-07-09 23:28:21.308712-07:00,0.78,deterministic_contract_key
zelensky_suit,2025-06-30,2025-07-08,2025_07_10_open_0500_PT,2025-07-10 12:00:00+00:00,2025-07-10 05:00:00-07:00,2025-07-10,10,1,election|win|luis_arce|bolivia_president|year:2025|2025|543258|111174020960637389416810264600941186414004753111164399059354703606902594067832|KXBOLIVIAPRES-25-LA,election|win|luis_arce|bolivia_president|year:2025|2025,election,uma_risk_exposed,543258,Will Luis Arce win the 2025 Bolivia presidential election?,0,Yes,111174020960637389416810264600941186414004753111164399059354703606902594067832,False,binary_yes_token_price,KXBOLIVIAPRES-25-LA,Who will win the Bolivian presidential election?,Luis Arce,203278.343149,203278.343149,0.001,0.04,-0.039,2025-07-09 19:11:55-07:00,2025-06-19 13:55:54.437219-07:00,0.78,deterministic_contract_key
zelensky_suit,2025-06-30,2025-07-08,2025_07_10_open_0500_PT,2025-07-10 12:00:00+00:00,2025-07-10 05:00:00-07:00,2025-07-10,10,1,election|win|manfred_reyes_villa|bolivia_president|year:2025|2025|543261|6152631328921183884174711861052249809252829304303011603856221267194446351460|KXBOLIVIAPRES-25-MRV,election|win|manfred_reyes_villa|bolivia_president|year:2025|2025,election,uma_risk_exposed,543261,Will Manfred Reyes Villa win the 2025 Bolivia presidential election?,0,Yes,6152631328921183884174711861052249809252829304303011603856221267194446351460,False,binary_yes_token_price,KXBOLIVIAPRES-25-MRV,Who will win the Bolivian presidential election?,Manfred Reyes Villa,842586.658604,842586.658604,0.060000003760011265,0.05,0.010000003760011263,2025-07-10 04:26:12-07:00,2025-07-09 13:10:44.757881-07:00,0.78,deterministic_contract_key
zelensky_suit,2025-06-30,2025-07-08,2025_07_10_open_0500_PT,2025-07-10 12:00:00+00:00,2025-07-10 05:00:00-07:00,2025-07-10,10,1,election|win|mikie_sherrill|new_jersey_governor|year:2025|2025|551137|23056089932958374419797522644901592808991002026498053086166940911059008923379|GOVPARTYNJ-25-D,election|win|mikie_sherrill|new_jersey_governor|year:2025|2025,election,uma_risk_exposed,551137,Will Mikie Sherrill win the New Jersey Governor Election in 2025,0,Yes,23056089932958374419797522644901592808991002026498053086166940911059008923379,False,binary_yes_token_price,GOVPARTYNJ-25-D,Will Mikie Sherrill win the 2025 New Jersey gubernatorial election?,Mikie Sherrill,7479198.557189,7479198.557189,0.86,0.84,0.020000000000000018,2025-07-09 15:19:54-07:00,2025-07-09 05:03:06.150541-07:00,0.78,deterministic_contract_key
zelensky_suit,2025-06-30,2025-07-08,2025_07_10_open_0500_PT,2025-07-10 12:00:00+00:00,2025-07-10 05:00:00-07:00,2025-07-10,10,1,election|win|samuel_doria_medina|bolivia_president|year:2025|2025|543260|86337476411225396782940416611040694123774553224828196996839974817619931765236|KXBOLIVIAPRES-25-SDM,election|win|samuel_doria_medina|bolivia_president|year:2025|2025,election,uma_risk_exposed,543260,Will Samuel Doria Medina win the 2025 Bolivia presidential election?,0,Yes,86337476411225396782940416611040694123774553224828196996839974817619931765236,False,binary_yes_token_price,KXBOLIVIAPRES-25-SDM,Who will win the Bolivian presidential election?,Samuel Doria Medina,1166200.271818,1166200.271818,0.4099999835999974,0.47,-0.060000016400002576,2025-07-10 04:41:34-07:00,2025-07-10 04:49:43.569511-07:00,0.78,deterministic_contract_key
zelensky_suit,2025-06-30,2025-07-08,2025_07_10_open_0500_PT,2025-07-10 12:00:00+00:00,2025-07-10 05:00:00-07:00,2025-07-10,10,1,leader_contact|meet|donald_trump|vladimir_putin|year:2025|536502|38401695605203516602153122926538006647911743428951157094417724792317068872612|KXWLEADER-25-VP,leader_contact|meet|donald_trump|vladimir_putin|year:2025,leader_contact,uma_risk_exposed,536502,Will Trump meet with Vladimir Putin in 2025?,0,Yes,38401695605203516602153122926538006647911743428951157094417724792317068872612,False,binary_yes_token_price,KXWLEADER-25-VP,Will Trump meet with Vladimir Putin before 2026?,Vladimir Putin,471641.4171,471641.4171,0.31,0.3,0.010000000000000009,2025-07-09 22:37:25-07:00,2025-07-10 01:12:31.375746-07:00,0.92,deterministic_contract_key
zelensky_suit,2025-06-30,2025-07-08,2025_07_10_open_0500_PT,2025-07-10 12:00:00+00:00,2025-07-10 05:00:00-07:00,2025-07-10,10,1,leader_contact|visit|donald_trump|israel|before:2025-08-01|555433|75803083113304481871189130325120880199300493552616311390383002363547475167443|KXTRUMPVISITISRAEL-25,leader_contact|visit|donald_trump|israel|before:2025-08-01,leader_contact,uma_risk_exposed,555433,Will Trump visit Israel before August?,0,Yes,75803083113304481871189130325120880199300493552616311390383002363547475167443,False,binary_yes_token_price,KXTRUMPVISITISRAEL-25,"Will Trump visit Israel before Aug 1, 2025?","Before Aug 1, 2025",31959.539865,31959.539865,0.009,0.03,-0.020999999999999998,2025-07-10 02:46:44-07:00,2025-07-09 11:00:34.400779-07:00,0.92,deterministic_contract_key
zelensky_suit,2025-06-30,2025-07-08,2025_07_10_open_0500_PT,2025-07-10 12:00:00+00:00,2025-07-10 05:00:00-07:00,2025-07-10,10,1,office_exit|leave_office|jerome_powell|year:2025|520930|44446628319261786751896876365833910598445252343588252409740203088317210950410|LEAVEPOWELL-25-DEC31,office_exit|leave_office|jerome_powell|year:2025,office_exit,uma_risk_exposed,520930,Jerome Powell out as Fed Chair in 2025?,0,Yes,44446628319261786751896876365833910598445252343588252409740203088317210950410,False,binary_yes_token_price,LEAVEPOWELL-25-DEC31,Powell leaves before 2026?,Before 2026,11760101.336012,11760101.336012,0.16,0.17,-0.010000000000000009,2025-07-10 04:42:00-07:00,2025-07-10 04:51:18.244251-07:00,0.88,deterministic_contract_key
zelensky_suit,2025-06-30,2025-07-08,2025_07_10_open_0500_PT,2025-07-10 12:00:00+00:00,2025-07-10 05:00:00-07:00,2025-07-10,10,1,office_exit|leave_office|vladimir_putin|year:2025|527807|96309695544495520203095223116782609207881514291963878378807412991184449319557|KXLEADEROUT-25-VPUT,office_exit|leave_office|vladimir_putin|year:2025,office_exit,uma_risk_exposed,527807,Will Vladimir Putin be the first leader out in 2025?,0,Yes,96309695544495520203095223116782609207881514291963878378807412991184449319557,False,binary_yes_token_price,KXLEADEROUT-25-VPUT,Vladimir Putin out this year?,Vladimir Putin,1782662.475384,1782662.475384,0.011000009890316392,0.01,0.0010000098903163914,2025-07-10 04:12:42-07:00,2025-07-08 02:48:12.640094-07:00,0.88,deterministic_contract_key
zelensky_suit,2025-06-30,2025-07-08,2025_07_10_open_0500_PT,2025-07-10 12:00:00+00:00,2025-07-10 05:00:00-07:00,2025-07-10,10,1,office_exit|leave_office|xi_jinping|year:2025|527808|58879554417654245921504722538657003216070105934999990003805612960977670880586|KXLEADEROUT-25-XJIN,office_exit|leave_office|xi_jinping|year:2025,office_exit,uma_risk_exposed,527808,Will Xi Jinping be the first leader out in 2025?,0,Yes,58879554417654245921504722538657003216070105934999990003805612960977670880586,False,binary_yes_token_price,KXLEADEROUT-25-XJIN,Xi Jinping out this year?,Xi Jinping,1833966.373545,1833966.373545,0.053,0.01,0.043,2025-07-10 04:43:02-07:00,2025-07-09 08:46:45.342316-07:00,0.88,deterministic_contract_key
zelensky_suit,2025-06-30,2025-07-08,2025_07_10_open_0500_PT,2025-07-10 12:00:00+00:00,2025-07-10 05:00:00-07:00,2025-07-10,10,1,office_exit|leave_office|xi_jinping|year:2025|551963|114304586861386186441621124384163963092522056897081085884483958561365015034812|KXLEADEROUT-25-XJIN,office_exit|leave_office|xi_jinping|year:2025,office_exit,uma_risk_exposed,551963,Xi Jinping out in 2025?,0,Yes,114304586861386186441621124384163963092522056897081085884483958561365015034812,False,binary_yes_token_price,KXLEADEROUT-25-XJIN,Xi Jinping out this year?,Xi Jinping,78655911.742866,78655911.742866,0.08,0.01,0.07,2025-07-10 04:44:04-07:00,2025-07-09 08:46:45.342316-07:00,0.88,deterministic_contract_key
zelensky_suit,2025-06-30,2025-07-08,2025_07_10_open_0500_PT,2025-07-10 12:00:00+00:00,2025-07-10 05:00:00-07:00,2025-07-10,10,1,office_exit|resign|volodymyr_zelenskyy|year:2025|525157|74129046843921940913413587682588886122583847748489066762857187137233978267670|KXUKRAINERESIGN-26,office_exit|resign|volodymyr_zelenskyy|year:2025,office_exit,uma_risk_exposed,525157,Zelensky resigns in 2025?,0,Yes,74129046843921940913413587682588886122583847748489066762857187137233978267670,False,binary_yes_token_price,KXUKRAINERESIGN-26,"Will Volodymyr Zelenskyy resign before Jan 1, 2026?",Before 2026,639799.279247,639799.279247,0.08,0.09,-0.009999999999999995,2025-07-10 04:13:30-07:00,2025-07-09 12:50:44.200420-07:00,0.88,deterministic_contract_key
zelensky_suit,2025-06-30,2025-07-08,2025_07_10_open_0500_PT,2025-07-10 12:00:00+00:00,2025-07-10 05:00:00-07:00,2025-07-10,10,1,policy_action|create|national_bitcoin_reserve|united_states|year:2025|516937|83894672511259544049673946661753374355328822374216474995072428966535091173758|KXBTCRESERVE-26-JAN01,policy_action|create|national_bitcoin_reserve|united_states|year:2025,policy_action,uma_risk_exposed,516937,US national Bitcoin reserve in 2025?,0,Yes,83894672511259544049673946661753374355328822374216474995072428966535091173758,False,binary_yes_token_price,KXBTCRESERVE-26-JAN01,"Will Trump create a National Bitcoin Reserve before Jan 1, 2026?","Before Jan 1, 2026",5526758.797978,5526758.797978,0.3099998294999233,0.33,-0.02000017050007674,2025-07-10 03:29:44-07:00,2025-07-10 04:35:09.027965-07:00,0.78,deterministic_contract_key
zelensky_suit,2025-06-30,2025-07-08,2025_07_10_open_0500_PT,2025-07-10 12:00:00+00:00,2025-07-10 05:00:00-07:00,2025-07-10,10,1,policy_action|eliminate|department_of_education|united_states|year:2025|523188|60661165588332286306443081468695135979348107944620337686282849990456442563142|KXDOED-26-JAN01,policy_action|eliminate|department_of_education|united_states|year:2025,policy_action,uma_risk_exposed,523188,Will Trump end Department of Education in 2025?,0,Yes,60661165588332286306443081468695135979348107944620337686282849990456442563142,False,binary_yes_token_price,KXDOED-26-JAN01,"Will the Department of Education be eliminated before Jan 1, 2026?","Before Jan 1, 2026",900396.416301,900396.416301,0.07,0.07,0.0,2025-07-10 02:59:02-07:00,2025-07-10 01:18:33.665771-07:00,0.78,deterministic_contract_key
zelensky_suit,2025-06-30,2025-07-08,2025_07_10_open_0500_PT,2025-07-10 12:00:00+00:00,2025-07-10 05:00:00-07:00,2025-07-10,10,1,policy_action|start|recession|united_states|year:2025|516710|104173557214744537570424345347209544585775842950109756851652855913015295701992|RECSSNBER-25,policy_action|start|recession|united_states|year:2025,policy_action,uma_risk_exposed,516710,US recession in 2025?,0,Yes,104173557214744537570424345347209544585775842950109756851652855913015295701992,False,binary_yes_token_price,RECSSNBER-25,Will there be a recession in 2025?,Starts,11734512.428529,11734512.428529,0.1899999667499975,0.2,-0.01000003325000251,2025-07-10 04:48:56-07:00,2025-07-10 04:17:48.675483-07:00,0.78,deterministic_contract_key
zelensky_suit,2025-06-30,2025-07-08,2025_07_10_close_1700_PT,2025-07-11 00:00:00+00:00,2025-07-10 17:00:00-07:00,2025-07-10,10,1,election|win|andr_nico_rodr_guez|bolivia_president|year:2025|2025|543259|21349083717605037525723335754807560771874175181325455859992777238860289139531|KXBOLIVIAPRES-25-AR,election|win|andr_nico_rodr_guez|bolivia_president|year:2025|2025,election,uma_risk_exposed,543259,Will Andrónico Rodríguez win the 2025 Bolivia presidential election?,0,Yes,21349083717605037525723335754807560771874175181325455859992777238860289139531,False,binary_yes_token_price,KXBOLIVIAPRES-25-AR,Who will win the Bolivian presidential election?,Andrónico Rodríguez,7326758.679552,7326758.679552,0.27,0.24,0.030000000000000027,2025-07-10 15:26:52-07:00,2025-07-10 06:33:42.982425-07:00,0.78,deterministic_contract_key
zelensky_suit,2025-06-30,2025-07-08,2025_07_10_close_1700_PT,2025-07-11 00:00:00+00:00,2025-07-10 17:00:00-07:00,2025-07-10,10,1,election|win|branko_marinkovi|bolivia_president|year:2025|2025|543274|17849683858069937637491725401516486250615904612932801425636311554981022266375|KXBOLIVIAPRES-25-BM,election|win|branko_marinkovi|bolivia_president|year:2025|2025,election,uma_risk_exposed,543274,Will Branko Marinković win the 2025 Bolivia presidential election?,0,Yes,17849683858069937637491725401516486250615904612932801425636311554981022266375,False,binary_yes_token_price,KXBOLIVIAPRES-25-BM,Who will win the Bolivian presidential election?,Branko Marinković,337382.708581,337382.708581,0.001,0.09,-0.089,2025-07-10 09:50:00-07:00,2025-06-21 10:37:22.687062-07:00,0.78,deterministic_contract_key
zelensky_suit,2025-06-30,2025-07-08,2025_07_10_close_1700_PT,2025-07-11 00:00:00+00:00,2025-07-10 17:00:00-07:00,2025-07-10,10,1,election|win|chi_hyun_chung|bolivia_president|year:2025|2025|543263|65182144144608433456123000312637003192540674831461667961211058718188030456494|KXBOLIVIAPRES-25-CHC,election|win|chi_hyun_chung|bolivia_president|year:2025|2025,election,uma_risk_exposed,543263,Will Chi Hyun Chung win the 2025 Bolivia presidential election?,0,Yes,65182144144608433456123000312637003192540674831461667961211058718188030456494,False,binary_yes_token_price,KXBOLIVIAPRES-25-CHC,Who will win the Bolivian presidential election?,Chi Hyun Chung,119579.506818,119579.506818,0.001,0.06,-0.059,2025-07-10 09:50:00-07:00,2025-06-03 12:59:43.587279-07:00,0.78,deterministic_contract_key
zelensky_suit,2025-06-30,2025-07-08,2025_07_10_close_1700_PT,2025-07-11 00:00:00+00:00,2025-07-10 17:00:00-07:00,2025-07-10,10,1,election|win|jack_ciattarelli|new_jersey_governor|year:2025|2025|551143|53937473648188783569836457104933054364348579768036516690207399280597410899636|GOVPARTYNJ-25-R,election|win|jack_ciattarelli|new_jersey_governor|year:2025|2025,election,uma_risk_exposed,551143,Will Jack Ciattarelli win the New Jersey Governor Election in 2025,0,Yes,53937473648188783569836457104933054364348579768036516690207399280597410899636,False,binary_yes_token_price,GOVPARTYNJ-25-R,Will Jack Ciattarelli win the 2025 New Jersey gubernatorial election?,Jack Ciattarelli,6037389.579269,6037389.579269,0.15,0.18,-0.03,2025-07-09 16:49:43-07:00,2025-07-10 10:40:19.330647-07:00,0.78,deterministic_contract_key
zelensky_suit,2025-06-30,2025-07-08,2025_07_10_close_1700_PT,2025-07-11 00:00:00+00:00,2025-07-10 17:00:00-07:00,2025-07-10,10,1,election|win|luis_arce|bolivia_president|year:2025|2025|543258|111174020960637389416810264600941186414004753111164399059354703606902594067832|KXBOLIVIAPRES-25-LA,election|win|luis_arce|bolivia_president|year:2025|2025,election,uma_risk_exposed,543258,Will Luis Arce win the 2025 Bolivia presidential election?,0,Yes,111174020960637389416810264600941186414004753111164399059354703606902594067832,False,binary_yes_token_price,KXBOLIVIAPRES-25-LA,Who will win the Bolivian presidential election?,Luis Arce,203278.343149,203278.343149,0.001,0.04,-0.039,2025-07-10 09:50:00-07:00,2025-06-19 13:55:54.437219-07:00,0.78,deterministic_contract_key
zelensky_suit,2025-06-30,2025-07-08,2025_07_10_close_1700_PT,2025-07-11 00:00:00+00:00,2025-07-10 17:00:00-07:00,2025-07-10,10,1,election|win|manfred_reyes_villa|bolivia_president|year:2025|2025|543261|6152631328921183884174711861052249809252829304303011603856221267194446351460|KXBOLIVIAPRES-25-MRV,election|win|manfred_reyes_villa|bolivia_president|year:2025|2025,election,uma_risk_exposed,543261,Will Manfred Reyes Villa win the 2025 Bolivia presidential election?,0,Yes,6152631328921183884174711861052249809252829304303011603856221267194446351460,False,binary_yes_token_price,KXBOLIVIAPRES-25-MRV,Who will win the Bolivian presidential election?,Manfred Reyes Villa,842586.658604,842586.658604,0.064,0.07,-0.006000000000000005,2025-07-10 14:02:05-07:00,2025-07-10 11:49:25.704945-07:00,0.78,deterministic_contract_key
zelensky_suit,2025-06-30,2025-07-08,2025_07_10_close_1700_PT,2025-07-11 00:00:00+00:00,2025-07-10 17:00:00-07:00,2025-07-10,10,1,election|win|mikie_sherrill|new_jersey_governor|year:2025|2025|551137|23056089932958374419797522644901592808991002026498053086166940911059008923379|GOVPARTYNJ-25-D,election|win|mikie_sherrill|new_jersey_governor|year:2025|2025,election,uma_risk_exposed,551137,Will Mikie Sherrill win the New Jersey Governor Election in 2025,0,Yes,23056089932958374419797522644901592808991002026498053086166940911059008923379,False,binary_yes_token_price,GOVPARTYNJ-25-D,Will Mikie Sherrill win the 2025 New Jersey gubernatorial election?,Mikie Sherrill,7479198.557189,7479198.557189,0.85,0.83,0.020000000000000018,2025-07-10 06:44:30-07:00,2025-07-10 08:13:12.450805-07:00,0.78,deterministic_contract_key
zelensky_suit,2025-06-30,2025-07-08,2025_07_10_close_1700_PT,2025-07-11 00:00:00+00:00,2025-07-10 17:00:00-07:00,2025-07-10,10,1,election|win|samuel_doria_medina|bolivia_president|year:2025|2025|543260|86337476411225396782940416611040694123774553224828196996839974817619931765236|KXBOLIVIAPRES-25-SDM,election|win|samuel_doria_medina|bolivia_president|year:2025|2025,election,uma_risk_exposed,543260,Will Samuel Doria Medina win the 2025 Bolivia presidential election?,0,Yes,86337476411225396782940416611040694123774553224828196996839974817619931765236,False,binary_yes_token_price,KXBOLIVIAPRES-25-SDM,Who will win the Bolivian presidential election?,Samuel Doria Medina,1166200.271818,1166200.271818,0.46,0.46,0.0,2025-07-10 15:46:29-07:00,2025-07-10 06:49:02.918692-07:00,0.78,deterministic_contract_key
zelensky_suit,2025-06-30,2025-07-08,2025_07_10_close_1700_PT,2025-07-11 00:00:00+00:00,2025-07-10 17:00:00-07:00,2025-07-10,10,1,leader_contact|meet|donald_trump|vladimir_putin|year:2025|536502|38401695605203516602153122926538006647911743428951157094417724792317068872612|KXWLEADER-25-VP,leader_contact|meet|donald_trump|vladimir_putin|year:2025,leader_contact,uma_risk_exposed,536502,Will Trump meet with Vladimir Putin in 2025?,0,Yes,38401695605203516602153122926538006647911743428951157094417724792317068872612,False,binary_yes_token_price,KXWLEADER-25-VP,Will Trump meet with Vladimir Putin before 2026?,Vladimir Putin,471641.4171,471641.4171,0.28,0.37,-0.08999999999999997,2025-07-10 11:53:29-07:00,2025-07-10 15:58:11.139871-07:00,0.92,deterministic_contract_key
zelensky_suit,2025-06-30,2025-07-08,2025_07_10_close_1700_PT,2025-07-11 00:00:00+00:00,2025-07-10 17:00:00-07:00,2025-07-10,10,1,leader_contact|visit|donald_trump|israel|before:2025-08-01|555433|75803083113304481871189130325120880199300493552616311390383002363547475167443|KXTRUMPVISITISRAEL-25,leader_contact|visit|donald_trump|israel|before:2025-08-01,leader_contact,uma_risk_exposed,555433,Will Trump visit Israel before August?,0,Yes,75803083113304481871189130325120880199300493552616311390383002363547475167443,False,binary_yes_token_price,KXTRUMPVISITISRAEL-25,"Will Trump visit Israel before Aug 1, 2025?","Before Aug 1, 2025",31959.539865,31959.539865,0.009,0.03,-0.020999999999999998,2025-07-10 02:46:44-07:00,2025-07-10 05:44:04.810755-07:00,0.92,deterministic_contract_key
zelensky_suit,2025-06-30,2025-07-08,2025_07_10_close_1700_PT,2025-07-11 00:00:00+00:00,2025-07-10 17:00:00-07:00,2025-07-10,10,1,office_exit|leave_office|jerome_powell|year:2025|520930|44446628319261786751896876365833910598445252343588252409740203088317210950410|LEAVEPOWELL-25-DEC31,office_exit|leave_office|jerome_powell|year:2025,office_exit,uma_risk_exposed,520930,Jerome Powell out as Fed Chair in 2025?,0,Yes,44446628319261786751896876365833910598445252343588252409740203088317210950410,False,binary_yes_token_price,LEAVEPOWELL-25-DEC31,Powell leaves before 2026?,Before 2026,11760101.336012,11760101.336012,0.15000001700002005,0.17,-0.01999998299997996,2025-07-10 16:56:24-07:00,2025-07-10 16:30:47.088520-07:00,0.88,deterministic_contract_key
zelensky_suit,2025-06-30,2025-07-08,2025_07_10_close_1700_PT,2025-07-11 00:00:00+00:00,2025-07-10 17:00:00-07:00,2025-07-10,10,1,office_exit|leave_office|vladimir_putin|year:2025|527807|96309695544495520203095223116782609207881514291963878378807412991184449319557|KXLEADEROUT-25-VPUT,office_exit|leave_office|vladimir_putin|year:2025,office_exit,uma_risk_exposed,527807,Will Vladimir Putin be the first leader out in 2025?,0,Yes,96309695544495520203095223116782609207881514291963878378807412991184449319557,False,binary_yes_token_price,KXLEADEROUT-25-VPUT,Vladimir Putin out this year?,Vladimir Putin,1782662.475384,1782662.475384,0.013,0.01,0.002999999999999999,2025-07-10 16:12:21-07:00,2025-07-08 02:48:12.640094-07:00,0.88,deterministic_contract_key
zelensky_suit,2025-06-30,2025-07-08,2025_07_10_close_1700_PT,2025-07-11 00:00:00+00:00,2025-07-10 17:00:00-07:00,2025-07-10,10,1,office_exit|leave_office|xi_jinping|year:2025|527808|58879554417654245921504722538657003216070105934999990003805612960977670880586|KXLEADEROUT-25-XJIN,office_exit|leave_office|xi_jinping|year:2025,office_exit,uma_risk_exposed,527808,Will Xi Jinping be the first leader out in 2025?,0,Yes,58879554417654245921504722538657003216070105934999990003805612960977670880586,False,binary_yes_token_price,KXLEADEROUT-25-XJIN,Xi Jinping out this year?,Xi Jinping,1833966.373545,1833966.373545,0.064,0.01,0.054,2025-07-10 16:48:56-07:00,2025-07-10 14:42:34.172926-07:00,0.88,deterministic_contract_key
zelensky_suit,2025-06-30,2025-07-08,2025_07_10_close_1700_PT,2025-07-11 00:00:00+00:00,2025-07-10 17:00:00-07:00,2025-07-10,10,1,office_exit|leave_office|xi_jinping|year:2025|551963|114304586861386186441621124384163963092522056897081085884483958561365015034812|KXLEADEROUT-25-XJIN,office_exit|leave_office|xi_jinping|year:2025,office_exit,uma_risk_exposed,551963,Xi Jinping out in 2025?,0,Yes,114304586861386186441621124384163963092522056897081085884483958561365015034812,False,binary_yes_token_price,KXLEADEROUT-25-XJIN,Xi Jinping out this year?,Xi Jinping,78655911.742866,78655911.742866,0.1,0.01,0.09000000000000001,2025-07-10 15:50:36-07:00,2025-07-10 14:42:34.172926-07:00,0.88,deterministic_contract_key
zelensky_suit,2025-06-30,2025-07-08,2025_07_10_close_1700_PT,2025-07-11 00:00:00+00:00,2025-07-10 17:00:00-07:00,2025-07-10,10,1,office_exit|resign|volodymyr_zelenskyy|year:2025|525157|74129046843921940913413587682588886122583847748489066762857187137233978267670|KXUKRAINERESIGN-26,office_exit|resign|volodymyr_zelenskyy|year:2025,office_exit,uma_risk_exposed,525157,Zelensky resigns in 2025?,0,Yes,74129046843921940913413587682588886122583847748489066762857187137233978267670,False,binary_yes_token_price,KXUKRAINERESIGN-26,"Will Volodymyr Zelenskyy resign before Jan 1, 2026?",Before 2026,639799.279247,639799.279247,0.08,0.09,-0.009999999999999995,2025-07-10 06:43:28-07:00,2025-07-09 12:50:44.200420-07:00,0.88,deterministic_contract_key
zelensky_suit,2025-06-30,2025-07-08,2025_07_10_close_1700_PT,2025-07-11 00:00:00+00:00,2025-07-10 17:00:00-07:00,2025-07-10,10,1,policy_action|create|national_bitcoin_reserve|united_states|year:2025|516937|83894672511259544049673946661753374355328822374216474995072428966535091173758|KXBTCRESERVE-26-JAN01,policy_action|create|national_bitcoin_reserve|united_states|year:2025,policy_action,uma_risk_exposed,516937,US national Bitcoin reserve in 2025?,0,Yes,83894672511259544049673946661753374355328822374216474995072428966535091173758,False,binary_yes_token_price,KXBTCRESERVE-26-JAN01,"Will Trump create a National Bitcoin Reserve before Jan 1, 2026?","Before Jan 1, 2026",5526758.797978,5526758.797978,0.32,0.34,-0.020000000000000018,2025-07-10 15:45:02-07:00,2025-07-10 16:19:52.073119-07:00,0.78,deterministic_contract_key
zelensky_suit,2025-06-30,2025-07-08,2025_07_10_close_1700_PT,2025-07-11 00:00:00+00:00,2025-07-10 17:00:00-07:00,2025-07-10,10,1,policy_action|eliminate|department_of_education|united_states|year:2025|523188|60661165588332286306443081468695135979348107944620337686282849990456442563142|KXDOED-26-JAN01,policy_action|eliminate|department_of_education|united_states|year:2025,policy_action,uma_risk_exposed,523188,Will Trump end Department of Education in 2025?,0,Yes,60661165588332286306443081468695135979348107944620337686282849990456442563142,False,binary_yes_token_price,KXDOED-26-JAN01,"Will the Department of Education be eliminated before Jan 1, 2026?","Before Jan 1, 2026",900396.416301,900396.416301,0.07,0.05,0.020000000000000004,2025-07-10 07:42:26-07:00,2025-07-10 10:56:08.341222-07:00,0.78,deterministic_contract_key
zelensky_suit,2025-06-30,2025-07-08,2025_07_10_close_1700_PT,2025-07-11 00:00:00+00:00,2025-07-10 17:00:00-07:00,2025-07-10,10,1,policy_action|start|recession|united_states|year:2025|516710|104173557214744537570424345347209544585775842950109756851652855913015295701992|RECSSNBER-25,policy_action|start|recession|united_states|year:2025,policy_action,uma_risk_exposed,516710,US recession in 2025?,0,Yes,104173557214744537570424345347209544585775842950109756851652855913015295701992,False,binary_yes_token_price,RECSSNBER-25,Will there be a recession in 2025?,Starts,11734512.428529,11734512.428529,0.18,0.2,-0.020000000000000018,2025-07-10 16:28:49-07:00,2025-07-10 14:37:45.927715-07:00,0.78,deterministic_contract_key
zelensky_suit,2025-06-30,2025-07-08,2025_07_11_open_0500_PT,2025-07-11 12:00:00+00:00,2025-07-11 05:00:00-07:00,2025-07-11,11,1,election|win|andr_nico_rodr_guez|bolivia_president|year:2025|2025|543259|21349083717605037525723335754807560771874175181325455859992777238860289139531|KXBOLIVIAPRES-25-AR,election|win|andr_nico_rodr_guez|bolivia_president|year:2025|2025,election,uma_risk_exposed,543259,Will Andrónico Rodríguez win the 2025 Bolivia presidential election?,0,Yes,21349083717605037525723335754807560771874175181325455859992777238860289139531,False,binary_yes_token_price,KXBOLIVIAPRES-25-AR,Who will win the Bolivian presidential election?,Andrónico Rodríguez,7326758.679552,7326758.679552,0.2699999162999841,0.24,0.02999991629998411,2025-07-11 03:57:18-07:00,2025-07-10 06:33:42.982425-07:00,0.78,deterministic_contract_key
zelensky_suit,2025-06-30,2025-07-08,2025_07_11_open_0500_PT,2025-07-11 12:00:00+00:00,2025-07-11 05:00:00-07:00,2025-07-11,11,1,election|win|branko_marinkovi|bolivia_president|year:2025|2025|543274|17849683858069937637491725401516486250615904612932801425636311554981022266375|KXBOLIVIAPRES-25-BM,election|win|branko_marinkovi|bolivia_president|year:2025|2025,election,uma_risk_exposed,543274,Will Branko Marinković win the 2025 Bolivia presidential election?,0,Yes,17849683858069937637491725401516486250615904612932801425636311554981022266375,False,binary_yes_token_price,KXBOLIVIAPRES-25-BM,Who will win the Bolivian presidential election?,Branko Marinković,337382.708581,337382.708581,0.001,0.09,-0.089,2025-07-10 09:50:00-07:00,2025-06-21 10:37:22.687062-07:00,0.78,deterministic_contract_key
zelensky_suit,2025-06-30,2025-07-08,2025_07_11_open_0500_PT,2025-07-11 12:00:00+00:00,2025-07-11 05:00:00-07:00,2025-07-11,11,1,election|win|chi_hyun_chung|bolivia_president|year:2025|2025|543263|65182144144608433456123000312637003192540674831461667961211058718188030456494|KXBOLIVIAPRES-25-CHC,election|win|chi_hyun_chung|bolivia_president|year:2025|2025,election,uma_risk_exposed,543263,Will Chi Hyun Chung win the 2025 Bolivia presidential election?,0,Yes,65182144144608433456123000312637003192540674831461667961211058718188030456494,False,binary_yes_token_price,KXBOLIVIAPRES-25-CHC,Who will win the Bolivian presidential election?,Chi Hyun Chung,119579.506818,119579.506818,0.001,0.06,-0.059,2025-07-11 01:29:24-07:00,2025-06-03 12:59:43.587279-07:00,0.78,deterministic_contract_key
zelensky_suit,2025-06-30,2025-07-08,2025_07_11_open_0500_PT,2025-07-11 12:00:00+00:00,2025-07-11 05:00:00-07:00,2025-07-11,11,1,election|win|jack_ciattarelli|new_jersey_governor|year:2025|2025|551143|53937473648188783569836457104933054364348579768036516690207399280597410899636|GOVPARTYNJ-25-R,election|win|jack_ciattarelli|new_jersey_governor|year:2025|2025,election,uma_risk_exposed,551143,Will Jack Ciattarelli win the New Jersey Governor Election in 2025,0,Yes,53937473648188783569836457104933054364348579768036516690207399280597410899636,False,binary_yes_token_price,GOVPARTYNJ-25-R,Will Jack Ciattarelli win the 2025 New Jersey gubernatorial election?,Jack Ciattarelli,6037389.579269,6037389.579269,0.15,0.19,-0.04000000000000001,2025-07-09 16:49:43-07:00,2025-07-10 22:07:52.563723-07:00,0.78,deterministic_contract_key
zelensky_suit,2025-06-30,2025-07-08,2025_07_11_open_0500_PT,2025-07-11 12:00:00+00:00,2025-07-11 05:00:00-07:00,2025-07-11,11,1,election|win|luis_arce|bolivia_president|year:2025|2025|543258|111174020960637389416810264600941186414004753111164399059354703606902594067832|KXBOLIVIAPRES-25-LA,election|win|luis_arce|bolivia_president|year:2025|2025,election,uma_risk_exposed,543258,Will Luis Arce win the 2025 Bolivia presidential election?,0,Yes,111174020960637389416810264600941186414004753111164399059354703606902594067832,False,binary_yes_token_price,KXBOLIVIAPRES-25-LA,Who will win the Bolivian presidential election?,Luis Arce,203278.343149,203278.343149,0.001,0.04,-0.039,2025-07-11 01:12:56-07:00,2025-06-19 13:55:54.437219-07:00,0.78,deterministic_contract_key
zelensky_suit,2025-06-30,2025-07-08,2025_07_11_open_0500_PT,2025-07-11 12:00:00+00:00,2025-07-11 05:00:00-07:00,2025-07-11,11,1,election|win|manfred_reyes_villa|bolivia_president|year:2025|2025|543261|6152631328921183884174711861052249809252829304303011603856221267194446351460|KXBOLIVIAPRES-25-MRV,election|win|manfred_reyes_villa|bolivia_president|year:2025|2025,election,uma_risk_exposed,543261,Will Manfred Reyes Villa win the 2025 Bolivia presidential election?,0,Yes,6152631328921183884174711861052249809252829304303011603856221267194446351460,False,binary_yes_token_price,KXBOLIVIAPRES-25-MRV,Who will win the Bolivian presidential election?,Manfred Reyes Villa,842586.658604,842586.658604,0.063,0.07,-0.007000000000000006,2025-07-11 04:07:46-07:00,2025-07-10 11:49:25.704945-07:00,0.78,deterministic_contract_key
zelensky_suit,2025-06-30,2025-07-08,2025_07_11_open_0500_PT,2025-07-11 12:00:00+00:00,2025-07-11 05:00:00-07:00,2025-07-11,11,1,election|win|mikie_sherrill|new_jersey_governor|year:2025|2025|551137|23056089932958374419797522644901592808991002026498053086166940911059008923379|GOVPARTYNJ-25-D,election|win|mikie_sherrill|new_jersey_governor|year:2025|2025,election,uma_risk_exposed,551137,Will Mikie Sherrill win the New Jersey Governor Election in 2025,0,Yes,23056089932958374419797522644901592808991002026498053086166940911059008923379,False,binary_yes_token_price,GOVPARTYNJ-25-D,Will Mikie Sherrill win the 2025 New Jersey gubernatorial election?,Mikie Sherrill,7479198.557189,7479198.557189,0.8699999980424998,0.84,0.029999998042499865,2025-07-11 02:42:30-07:00,2025-07-11 03:54:41.005762-07:00,0.78,deterministic_contract_key
zelensky_suit,2025-06-30,2025-07-08,2025_07_11_open_0500_PT,2025-07-11 12:00:00+00:00,2025-07-11 05:00:00-07:00,2025-07-11,11,1,election|win|samuel_doria_medina|bolivia_president|year:2025|2025|543260|86337476411225396782940416611040694123774553224828196996839974817619931765236|KXBOLIVIAPRES-25-SDM,election|win|samuel_doria_medina|bolivia_president|year:2025|2025,election,uma_risk_exposed,543260,Will Samuel Doria Medina win the 2025 Bolivia presidential election?,0,Yes,86337476411225396782940416611040694123774553224828196996839974817619931765236,False,binary_yes_token_price,KXBOLIVIAPRES-25-SDM,Who will win the Bolivian presidential election?,Samuel Doria Medina,1166200.271818,1166200.271818,0.45999988499997124,0.46,-1.1500002877751214e-07,2025-07-11 03:44:40-07:00,2025-07-10 06:49:02.918692-07:00,0.78,deterministic_contract_key
zelensky_suit,2025-06-30,2025-07-08,2025_07_11_open_0500_PT,2025-07-11 12:00:00+00:00,2025-07-11 05:00:00-07:00,2025-07-11,11,1,leader_contact|meet|donald_trump|vladimir_putin|year:2025|536502|38401695605203516602153122926538006647911743428951157094417724792317068872612|KXWLEADER-25-VP,leader_contact|meet|donald_trump|vladimir_putin|year:2025,leader_contact,uma_risk_exposed,536502,Will Trump meet with Vladimir Putin in 2025?,0,Yes,38401695605203516602153122926538006647911743428951157094417724792317068872612,False,binary_yes_token_price,KXWLEADER-25-VP,Will Trump meet with Vladimir Putin before 2026?,Vladimir Putin,471641.4171,471641.4171,0.31,0.29,0.020000000000000018,2025-07-10 17:38:29-07:00,2025-07-11 03:37:12.573660-07:00,0.92,deterministic_contract_key
zelensky_suit,2025-06-30,2025-07-08,2025_07_11_open_0500_PT,2025-07-11 12:00:00+00:00,2025-07-11 05:00:00-07:00,2025-07-11,11,1,leader_contact|visit|donald_trump|israel|before:2025-08-01|555433|75803083113304481871189130325120880199300493552616311390383002363547475167443|KXTRUMPVISITISRAEL-25,leader_contact|visit|donald_trump|israel|before:2025-08-01,leader_contact,uma_risk_exposed,555433,Will Trump visit Israel before August?,0,Yes,75803083113304481871189130325120880199300493552616311390383002363547475167443,False,binary_yes_token_price,KXTRUMPVISITISRAEL-25,"Will Trump visit Israel before Aug 1, 2025?","Before Aug 1, 2025",31959.539865,31959.539865,0.009,0.03,-0.020999999999999998,2025-07-10 02:46:44-07:00,2025-07-10 05:44:04.810755-07:00,0.92,deterministic_contract_key
zelensky_suit,2025-06-30,2025-07-08,2025_07_11_open_0500_PT,2025-07-11 12:00:00+00:00,2025-07-11 05:00:00-07:00,2025-07-11,11,1,office_exit|leave_office|jerome_powell|year:2025|520930|44446628319261786751896876365833910598445252343588252409740203088317210950410|LEAVEPOWELL-25-DEC31,office_exit|leave_office|jerome_powell|year:2025,office_exit,uma_risk_exposed,520930,Jerome Powell out as Fed Chair in 2025?,0,Yes,44446628319261786751896876365833910598445252343588252409740203088317210950410,False,binary_yes_token_price,LEAVEPOWELL-25-DEC31,Powell leaves before 2026?,Before 2026,11760101.336012,11760101.336012,0.14,0.13,0.010000000000000009,2025-07-11 04:50:30-07:00,2025-07-11 04:49:28.078875-07:00,0.88,deterministic_contract_key
zelensky_suit,2025-06-30,2025-07-08,2025_07_11_open_0500_PT,2025-07-11 12:00:00+00:00,2025-07-11 05:00:00-07:00,2025-07-11,11,1,office_exit|leave_office|vladimir_putin|year:2025|527807|96309695544495520203095223116782609207881514291963878378807412991184449319557|KXLEADEROUT-25-VPUT,office_exit|leave_office|vladimir_putin|year:2025,office_exit,uma_risk_exposed,527807,Will Vladimir Putin be the first leader out in 2025?,0,Yes,96309695544495520203095223116782609207881514291963878378807412991184449319557,False,binary_yes_token_price,KXLEADEROUT-25-VPUT,Vladimir Putin out this year?,Vladimir Putin,1782662.475384,1782662.475384,0.013,0.01,0.002999999999999999,2025-07-11 02:11:16-07:00,2025-07-08 02:48:12.640094-07:00,0.88,deterministic_contract_key
zelensky_suit,2025-06-30,2025-07-08,2025_07_11_open_0500_PT,2025-07-11 12:00:00+00:00,2025-07-11 05:00:00-07:00,2025-07-11,11,1,office_exit|leave_office|xi_jinping|year:2025|527808|58879554417654245921504722538657003216070105934999990003805612960977670880586|KXLEADEROUT-25-XJIN,office_exit|leave_office|xi_jinping|year:2025,office_exit,uma_risk_exposed,527808,Will Xi Jinping be the first leader out in 2025?,0,Yes,58879554417654245921504722538657003216070105934999990003805612960977670880586,False,binary_yes_token_price,KXLEADEROUT-25-XJIN,Xi Jinping out this year?,Xi Jinping,1833966.373545,1833966.373545,0.063,0.01,0.053,2025-07-11 01:22:28-07:00,2025-07-10 14:42:34.172926-07:00,0.88,deterministic_contract_key
zelensky_suit,2025-06-30,2025-07-08,2025_07_11_open_0500_PT,2025-07-11 12:00:00+00:00,2025-07-11 05:00:00-07:00,2025-07-11,11,1,office_exit|leave_office|xi_jinping|year:2025|551963|114304586861386186441621124384163963092522056897081085884483958561365015034812|KXLEADEROUT-25-XJIN,office_exit|leave_office|xi_jinping|year:2025,office_exit,uma_risk_exposed,551963,Xi Jinping out in 2025?,0,Yes,114304586861386186441621124384163963092522056897081085884483958561365015034812,False,binary_yes_token_price,KXLEADEROUT-25-XJIN,Xi Jinping out this year?,Xi Jinping,78655911.742866,78655911.742866,0.08,0.01,0.07,2025-07-11 04:58:20-07:00,2025-07-10 14:42:34.172926-07:00,0.88,deterministic_contract_key
zelensky_suit,2025-06-30,2025-07-08,2025_07_11_open_0500_PT,2025-07-11 12:00:00+00:00,2025-07-11 05:00:00-07:00,2025-07-11,11,1,office_exit|resign|volodymyr_zelenskyy|year:2025|525157|74129046843921940913413587682588886122583847748489066762857187137233978267670|KXUKRAINERESIGN-26,office_exit|resign|volodymyr_zelenskyy|year:2025,office_exit,uma_risk_exposed,525157,Zelensky resigns in 2025?,0,Yes,74129046843921940913413587682588886122583847748489066762857187137233978267670,False,binary_yes_token_price,KXUKRAINERESIGN-26,"Will Volodymyr Zelenskyy resign before Jan 1, 2026?",Before 2026,639799.279247,639799.279247,0.08,0.07,0.009999999999999995,2025-07-11 03:05:34-07:00,2025-07-11 02:39:36.913349-07:00,0.88,deterministic_contract_key
zelensky_suit,2025-06-30,2025-07-08,2025_07_11_open_0500_PT,2025-07-11 12:00:00+00:00,2025-07-11 05:00:00-07:00,2025-07-11,11,1,policy_action|create|national_bitcoin_reserve|united_states|year:2025|516937|83894672511259544049673946661753374355328822374216474995072428966535091173758|KXBTCRESERVE-26-JAN01,policy_action|create|national_bitcoin_reserve|united_states|year:2025,policy_action,uma_risk_exposed,516937,US national Bitcoin reserve in 2025?,0,Yes,83894672511259544049673946661753374355328822374216474995072428966535091173758,False,binary_yes_token_price,KXBTCRESERVE-26-JAN01,"Will Trump create a National Bitcoin Reserve before Jan 1, 2026?","Before Jan 1, 2026",5526758.797978,5526758.797978,0.32,0.34,-0.020000000000000018,2025-07-11 03:51:16-07:00,2025-07-10 16:19:52.073119-07:00,0.78,deterministic_contract_key
zelensky_suit,2025-06-30,2025-07-08,2025_07_11_open_0500_PT,2025-07-11 12:00:00+00:00,2025-07-11 05:00:00-07:00,2025-07-11,11,1,policy_action|eliminate|department_of_education|united_states|year:2025|523188|60661165588332286306443081468695135979348107944620337686282849990456442563142|KXDOED-26-JAN01,policy_action|eliminate|department_of_education|united_states|year:2025,policy_action,uma_risk_exposed,523188,Will Trump end Department of Education in 2025?,0,Yes,60661165588332286306443081468695135979348107944620337686282849990456442563142,False,binary_yes_token_price,KXDOED-26-JAN01,"Will the Department of Education be eliminated before Jan 1, 2026?","Before Jan 1, 2026",900396.416301,900396.416301,0.07,0.05,0.020000000000000004,2025-07-10 07:42:26-07:00,2025-07-10 10:56:08.341222-07:00,0.78,deterministic_contract_key
zelensky_suit,2025-06-30,2025-07-08,2025_07_11_open_0500_PT,2025-07-11 12:00:00+00:00,2025-07-11 05:00:00-07:00,2025-07-11,11,1,policy_action|start|recession|united_states|year:2025|516710|104173557214744537570424345347209544585775842950109756851652855913015295701992|RECSSNBER-25,policy_action|start|recession|united_states|year:2025,policy_action,uma_risk_exposed,516710,US recession in 2025?,0,Yes,104173557214744537570424345347209544585775842950109756851652855913015295701992,False,binary_yes_token_price,RECSSNBER-25,Will there be a recession in 2025?,Starts,11734512.428529,11734512.428529,0.2,0.2,0.0,2025-07-11 04:56:14-07:00,2025-07-11 03:54:04.301901-07:00,0.78,deterministic_contract_key
zelensky_suit,2025-06-30,2025-07-08,2025_07_11_close_1700_PT,2025-07-12 00:00:00+00:00,2025-07-11 17:00:00-07:00,2025-07-11,11,1,election|win|andr_nico_rodr_guez|bolivia_president|year:2025|2025|543259|21349083717605037525723335754807560771874175181325455859992777238860289139531|KXBOLIVIAPRES-25-AR,election|win|andr_nico_rodr_guez|bolivia_president|year:2025|2025,election,uma_risk_exposed,543259,Will Andrónico Rodríguez win the 2025 Bolivia presidential election?,0,Yes,21349083717605037525723335754807560771874175181325455859992777238860289139531,False,binary_yes_token_price,KXBOLIVIAPRES-25-AR,Who will win the Bolivian presidential election?,Andrónico Rodríguez,7326758.679552,7326758.679552,0.28,0.31,-0.02999999999999997,2025-07-11 16:02:32-07:00,2025-07-11 15:42:32.915671-07:00,0.78,deterministic_contract_key
zelensky_suit,2025-06-30,2025-07-08,2025_07_11_close_1700_PT,2025-07-12 00:00:00+00:00,2025-07-11 17:00:00-07:00,2025-07-11,11,1,election|win|branko_marinkovi|bolivia_president|year:2025|2025|543274|17849683858069937637491725401516486250615904612932801425636311554981022266375|KXBOLIVIAPRES-25-BM,election|win|branko_marinkovi|bolivia_president|year:2025|2025,election,uma_risk_exposed,543274,Will Branko Marinković win the 2025 Bolivia presidential election?,0,Yes,17849683858069937637491725401516486250615904612932801425636311554981022266375,False,binary_yes_token_price,KXBOLIVIAPRES-25-BM,Who will win the Bolivian presidential election?,Branko Marinković,337382.708581,337382.708581,0.002,0.09,-0.088,2025-07-11 14:56:16-07:00,2025-06-21 10:37:22.687062-07:00,0.78,deterministic_contract_key
zelensky_suit,2025-06-30,2025-07-08,2025_07_11_close_1700_PT,2025-07-12 00:00:00+00:00,2025-07-11 17:00:00-07:00,2025-07-11,11,1,election|win|chi_hyun_chung|bolivia_president|year:2025|2025|543263|65182144144608433456123000312637003192540674831461667961211058718188030456494|KXBOLIVIAPRES-25-CHC,election|win|chi_hyun_chung|bolivia_president|year:2025|2025,election,uma_risk_exposed,543263,Will Chi Hyun Chung win the 2025 Bolivia presidential election?,0,Yes,65182144144608433456123000312637003192540674831461667961211058718188030456494,False,binary_yes_token_price,KXBOLIVIAPRES-25-CHC,Who will win the Bolivian presidential election?,Chi Hyun Chung,119579.506818,119579.506818,0.001,0.06,-0.059,2025-07-11 12:45:46-07:00,2025-06-03 12:59:43.587279-07:00,0.78,deterministic_contract_key
zelensky_suit,2025-06-30,2025-07-08,2025_07_11_close_1700_PT,2025-07-12 00:00:00+00:00,2025-07-11 17:00:00-07:00,2025-07-11,11,1,election|win|jack_ciattarelli|new_jersey_governor|year:2025|2025|551143|53937473648188783569836457104933054364348579768036516690207399280597410899636|GOVPARTYNJ-25-R,election|win|jack_ciattarelli|new_jersey_governor|year:2025|2025,election,uma_risk_exposed,551143,Will Jack Ciattarelli win the New Jersey Governor Election in 2025,0,Yes,53937473648188783569836457104933054364348579768036516690207399280597410899636,False,binary_yes_token_price,GOVPARTYNJ-25-R,Will Jack Ciattarelli win the 2025 New Jersey gubernatorial election?,Jack Ciattarelli,6037389.579269,6037389.579269,0.15,0.18,-0.03,2025-07-09 16:49:43-07:00,2025-07-11 07:57:54.756197-07:00,0.78,deterministic_contract_key
zelensky_suit,2025-06-30,2025-07-08,2025_07_11_close_1700_PT,2025-07-12 00:00:00+00:00,2025-07-11 17:00:00-07:00,2025-07-11,11,1,election|win|luis_arce|bolivia_president|year:2025|2025|543258|111174020960637389416810264600941186414004753111164399059354703606902594067832|KXBOLIVIAPRES-25-LA,election|win|luis_arce|bolivia_president|year:2025|2025,election,uma_risk_exposed,543258,Will Luis Arce win the 2025 Bolivia presidential election?,0,Yes,111174020960637389416810264600941186414004753111164399059354703606902594067832,False,binary_yes_token_price,KXBOLIVIAPRES-25-LA,Who will win the Bolivian presidential election?,Luis Arce,203278.343149,203278.343149,0.002,0.04,-0.038,2025-07-11 15:00:50-07:00,2025-06-19 13:55:54.437219-07:00,0.78,deterministic_contract_key
zelensky_suit,2025-06-30,2025-07-08,2025_07_11_close_1700_PT,2025-07-12 00:00:00+00:00,2025-07-11 17:00:00-07:00,2025-07-11,11,1,election|win|manfred_reyes_villa|bolivia_president|year:2025|2025|543261|6152631328921183884174711861052249809252829304303011603856221267194446351460|KXBOLIVIAPRES-25-MRV,election|win|manfred_reyes_villa|bolivia_president|year:2025|2025,election,uma_risk_exposed,543261,Will Manfred Reyes Villa win the 2025 Bolivia presidential election?,0,Yes,6152631328921183884174711861052249809252829304303011603856221267194446351460,False,binary_yes_token_price,KXBOLIVIAPRES-25-MRV,Who will win the Bolivian presidential election?,Manfred Reyes Villa,842586.658604,842586.658604,0.063,0.07,-0.007000000000000006,2025-07-11 16:47:44-07:00,2025-07-10 11:49:25.704945-07:00,0.78,deterministic_contract_key
zelensky_suit,2025-06-30,2025-07-08,2025_07_11_close_1700_PT,2025-07-12 00:00:00+00:00,2025-07-11 17:00:00-07:00,2025-07-11,11,1,election|win|mikie_sherrill|new_jersey_governor|year:2025|2025|551137|23056089932958374419797522644901592808991002026498053086166940911059008923379|GOVPARTYNJ-25-D,election|win|mikie_sherrill|new_jersey_governor|year:2025|2025,election,uma_risk_exposed,551137,Will Mikie Sherrill win the New Jersey Governor Election in 2025,0,Yes,23056089932958374419797522644901592808991002026498053086166940911059008923379,False,binary_yes_token_price,GOVPARTYNJ-25-D,Will Mikie Sherrill win the 2025 New Jersey gubernatorial election?,Mikie Sherrill,7479198.557189,7479198.557189,0.8699999980424998,0.84,0.029999998042499865,2025-07-11 02:42:30-07:00,2025-07-11 10:43:40.337301-07:00,0.78,deterministic_contract_key
zelensky_suit,2025-06-30,2025-07-08,2025_07_11_close_1700_PT,2025-07-12 00:00:00+00:00,2025-07-11 17:00:00-07:00,2025-07-11,11,1,election|win|samuel_doria_medina|bolivia_president|year:2025|2025|543260|86337476411225396782940416611040694123774553224828196996839974817619931765236|KXBOLIVIAPRES-25-SDM,election|win|samuel_doria_medina|bolivia_president|year:2025|2025,election,uma_risk_exposed,543260,Will Samuel Doria Medina win the 2025 Bolivia presidential election?,0,Yes,86337476411225396782940416611040694123774553224828196996839974817619931765236,False,binary_yes_token_price,KXBOLIVIAPRES-25-SDM,Who will win the Bolivian presidential election?,Samuel Doria Medina,1166200.271818,1166200.271818,0.45,0.42,0.030000000000000027,2025-07-11 16:02:28-07:00,2025-07-11 06:22:16.251858-07:00,0.78,deterministic_contract_key
zelensky_suit,2025-06-30,2025-07-08,2025_07_11_close_1700_PT,2025-07-12 00:00:00+00:00,2025-07-11 17:00:00-07:00,2025-07-11,11,1,leader_contact|meet|donald_trump|vladimir_putin|year:2025|536502|38401695605203516602153122926538006647911743428951157094417724792317068872612|KXWLEADER-25-VP,leader_contact|meet|donald_trump|vladimir_putin|year:2025,leader_contact,uma_risk_exposed,536502,Will Trump meet with Vladimir Putin in 2025?,0,Yes,38401695605203516602153122926538006647911743428951157094417724792317068872612,False,binary_yes_token_price,KXWLEADER-25-VP,Will Trump meet with Vladimir Putin before 2026?,Vladimir Putin,471641.4171,471641.4171,0.27,0.29,-0.019999999999999962,2025-07-11 15:40:42-07:00,2025-07-11 03:37:12.573660-07:00,0.92,deterministic_contract_key
zelensky_suit,2025-06-30,2025-07-08,2025_07_11_close_1700_PT,2025-07-12 00:00:00+00:00,2025-07-11 17:00:00-07:00,2025-07-11,11,1,leader_contact|visit|donald_trump|israel|before:2025-08-01|555433|75803083113304481871189130325120880199300493552616311390383002363547475167443|KXTRUMPVISITISRAEL-25,leader_contact|visit|donald_trump|israel|before:2025-08-01,leader_contact,uma_risk_exposed,555433,Will Trump visit Israel before August?,0,Yes,75803083113304481871189130325120880199300493552616311390383002363547475167443,False,binary_yes_token_price,KXTRUMPVISITISRAEL-25,"Will Trump visit Israel before Aug 1, 2025?","Before Aug 1, 2025",31959.539865,31959.539865,0.009,0.04,-0.031,2025-07-10 02:46:44-07:00,2025-07-11 06:13:03.812218-07:00,0.92,deterministic_contract_key
zelensky_suit,2025-06-30,2025-07-08,2025_07_11_close_1700_PT,2025-07-12 00:00:00+00:00,2025-07-11 17:00:00-07:00,2025-07-11,11,1,office_exit|leave_office|jerome_powell|year:2025|520930|44446628319261786751896876365833910598445252343588252409740203088317210950410|LEAVEPOWELL-25-DEC31,office_exit|leave_office|jerome_powell|year:2025,office_exit,uma_risk_exposed,520930,Jerome Powell out as Fed Chair in 2025?,0,Yes,44446628319261786751896876365833910598445252343588252409740203088317210950410,False,binary_yes_token_price,LEAVEPOWELL-25-DEC31,Powell leaves before 2026?,Before 2026,11760101.336012,11760101.336012,0.16,0.18,-0.01999999999999999,2025-07-11 16:56:22-07:00,2025-07-11 16:05:41.465182-07:00,0.88,deterministic_contract_key
zelensky_suit,2025-06-30,2025-07-08,2025_07_11_close_1700_PT,2025-07-12 00:00:00+00:00,2025-07-11 17:00:00-07:00,2025-07-11,11,1,office_exit|leave_office|vladimir_putin|year:2025|527807|96309695544495520203095223116782609207881514291963878378807412991184449319557|KXLEADEROUT-25-VPUT,office_exit|leave_office|vladimir_putin|year:2025,office_exit,uma_risk_exposed,527807,Will Vladimir Putin be the first leader out in 2025?,0,Yes,96309695544495520203095223116782609207881514291963878378807412991184449319557,False,binary_yes_token_price,KXLEADEROUT-25-VPUT,Vladimir Putin out this year?,Vladimir Putin,1782662.475384,1782662.475384,0.012,0.02,-0.008,2025-07-11 15:46:20-07:00,2025-07-11 14:06:09.356128-07:00,0.88,deterministic_contract_key
zelensky_suit,2025-06-30,2025-07-08,2025_07_11_close_1700_PT,2025-07-12 00:00:00+00:00,2025-07-11 17:00:00-07:00,2025-07-11,11,1,office_exit|leave_office|xi_jinping|year:2025|527808|58879554417654245921504722538657003216070105934999990003805612960977670880586|KXLEADEROUT-25-XJIN,office_exit|leave_office|xi_jinping|year:2025,office_exit,uma_risk_exposed,527808,Will Xi Jinping be the first leader out in 2025?,0,Yes,58879554417654245921504722538657003216070105934999990003805612960977670880586,False,binary_yes_token_price,KXLEADEROUT-25-XJIN,Xi Jinping out this year?,Xi Jinping,1833966.373545,1833966.373545,0.06,0.01,0.049999999999999996,2025-07-11 15:18:20-07:00,2025-07-10 14:42:34.172926-07:00,0.88,deterministic_contract_key
zelensky_suit,2025-06-30,2025-07-08,2025_07_11_close_1700_PT,2025-07-12 00:00:00+00:00,2025-07-11 17:00:00-07:00,2025-07-11,11,1,office_exit|leave_office|xi_jinping|year:2025|551963|114304586861386186441621124384163963092522056897081085884483958561365015034812|KXLEADEROUT-25-XJIN,office_exit|leave_office|xi_jinping|year:2025,office_exit,uma_risk_exposed,551963,Xi Jinping out in 2025?,0,Yes,114304586861386186441621124384163963092522056897081085884483958561365015034812,False,binary_yes_token_price,KXLEADEROUT-25-XJIN,Xi Jinping out this year?,Xi Jinping,78655911.742866,78655911.742866,0.08,0.01,0.07,2025-07-11 15:45:46-07:00,2025-07-10 14:42:34.172926-07:00,0.88,deterministic_contract_key
zelensky_suit,2025-06-30,2025-07-08,2025_07_11_close_1700_PT,2025-07-12 00:00:00+00:00,2025-07-11 17:00:00-07:00,2025-07-11,11,1,office_exit|resign|volodymyr_zelenskyy|year:2025|525157|74129046843921940913413587682588886122583847748489066762857187137233978267670|KXUKRAINERESIGN-26,office_exit|resign|volodymyr_zelenskyy|year:2025,office_exit,uma_risk_exposed,525157,Zelensky resigns in 2025?,0,Yes,74129046843921940913413587682588886122583847748489066762857187137233978267670,False,binary_yes_token_price,KXUKRAINERESIGN-26,"Will Volodymyr Zelenskyy resign before Jan 1, 2026?",Before 2026,639799.279247,639799.279247,0.08,0.07,0.009999999999999995,2025-07-11 15:40:40-07:00,2025-07-11 16:49:07.081212-07:00,0.88,deterministic_contract_key
zelensky_suit,2025-06-30,2025-07-08,2025_07_11_close_1700_PT,2025-07-12 00:00:00+00:00,2025-07-11 17:00:00-07:00,2025-07-11,11,1,policy_action|create|national_bitcoin_reserve|united_states|year:2025|516937|83894672511259544049673946661753374355328822374216474995072428966535091173758|KXBTCRESERVE-26-JAN01,policy_action|create|national_bitcoin_reserve|united_states|year:2025,policy_action,uma_risk_exposed,516937,US national Bitcoin reserve in 2025?,0,Yes,83894672511259544049673946661753374355328822374216474995072428966535091173758,False,binary_yes_token_price,KXBTCRESERVE-26-JAN01,"Will Trump create a National Bitcoin Reserve before Jan 1, 2026?","Before Jan 1, 2026",5526758.797978,5526758.797978,0.32,0.32,0.0,2025-07-11 11:36:16-07:00,2025-07-11 15:11:59.989841-07:00,0.78,deterministic_contract_key
zelensky_suit,2025-06-30,2025-07-08,2025_07_11_close_1700_PT,2025-07-12 00:00:00+00:00,2025-07-11 17:00:00-07:00,2025-07-11,11,1,policy_action|eliminate|department_of_education|united_states|year:2025|523188|60661165588332286306443081468695135979348107944620337686282849990456442563142|KXDOED-26-JAN01,policy_action|eliminate|department_of_education|united_states|year:2025,policy_action,uma_risk_exposed,523188,Will Trump end Department of Education in 2025?,0,Yes,60661165588332286306443081468695135979348107944620337686282849990456442563142,False,binary_yes_token_price,KXDOED-26-JAN01,"Will the Department of Education be eliminated before Jan 1, 2026?","Before Jan 1, 2026",900396.416301,900396.416301,0.07,0.07,0.0,2025-07-11 11:59:54-07:00,2025-07-11 14:02:35.905681-07:00,0.78,deterministic_contract_key
zelensky_suit,2025-06-30,2025-07-08,2025_07_11_close_1700_PT,2025-07-12 00:00:00+00:00,2025-07-11 17:00:00-07:00,2025-07-11,11,1,policy_action|start|recession|united_states|year:2025|516710|104173557214744537570424345347209544585775842950109756851652855913015295701992|RECSSNBER-25,policy_action|start|recession|united_states|year:2025,policy_action,uma_risk_exposed,516710,US recession in 2025?,0,Yes,104173557214744537570424345347209544585775842950109756851652855913015295701992,False,binary_yes_token_price,RECSSNBER-25,Will there be a recession in 2025?,Starts,11734512.428529,11734512.428529,0.2,0.2,0.0,2025-07-11 16:07:18-07:00,2025-07-11 15:05:42.090000-07:00,0.78,deterministic_contract_key
zelensky_suit,2025-06-30,2025-07-08,2025_07_12_open_0500_PT,2025-07-12 12:00:00+00:00,2025-07-12 05:00:00-07:00,2025-07-12,12,1,election|win|andr_nico_rodr_guez|bolivia_president|year:2025|2025|543259|21349083717605037525723335754807560771874175181325455859992777238860289139531|KXBOLIVIAPRES-25-AR,election|win|andr_nico_rodr_guez|bolivia_president|year:2025|2025,election,uma_risk_exposed,543259,Will Andrónico Rodríguez win the 2025 Bolivia presidential election?,0,Yes,21349083717605037525723335754807560771874175181325455859992777238860289139531,False,binary_yes_token_price,KXBOLIVIAPRES-25-AR,Who will win the Bolivian presidential election?,Andrónico Rodríguez,7326758.679552,7326758.679552,0.3,0.31,-0.010000000000000009,2025-07-12 04:50:50-07:00,2025-07-11 15:42:32.915671-07:00,0.78,deterministic_contract_key
zelensky_suit,2025-06-30,2025-07-08,2025_07_12_open_0500_PT,2025-07-12 12:00:00+00:00,2025-07-12 05:00:00-07:00,2025-07-12,12,1,election|win|branko_marinkovi|bolivia_president|year:2025|2025|543274|17849683858069937637491725401516486250615904612932801425636311554981022266375|KXBOLIVIAPRES-25-BM,election|win|branko_marinkovi|bolivia_president|year:2025|2025,election,uma_risk_exposed,543274,Will Branko Marinković win the 2025 Bolivia presidential election?,0,Yes,17849683858069937637491725401516486250615904612932801425636311554981022266375,False,binary_yes_token_price,KXBOLIVIAPRES-25-BM,Who will win the Bolivian presidential election?,Branko Marinković,337382.708581,337382.708581,0.001,0.09,-0.089,2025-07-12 03:48:47-07:00,2025-06-21 10:37:22.687062-07:00,0.78,deterministic_contract_key
zelensky_suit,2025-06-30,2025-07-08,2025_07_12_open_0500_PT,2025-07-12 12:00:00+00:00,2025-07-12 05:00:00-07:00,2025-07-12,12,1,election|win|chi_hyun_chung|bolivia_president|year:2025|2025|543263|65182144144608433456123000312637003192540674831461667961211058718188030456494|KXBOLIVIAPRES-25-CHC,election|win|chi_hyun_chung|bolivia_president|year:2025|2025,election,uma_risk_exposed,543263,Will Chi Hyun Chung win the 2025 Bolivia presidential election?,0,Yes,65182144144608433456123000312637003192540674831461667961211058718188030456494,False,binary_yes_token_price,KXBOLIVIAPRES-25-CHC,Who will win the Bolivian presidential election?,Chi Hyun Chung,119579.506818,119579.506818,0.001,0.06,-0.059,2025-07-12 03:48:47-07:00,2025-06-03 12:59:43.587279-07:00,0.78,deterministic_contract_key
zelensky_suit,2025-06-30,2025-07-08,2025_07_12_open_0500_PT,2025-07-12 12:00:00+00:00,2025-07-12 05:00:00-07:00,2025-07-12,12,1,election|win|jack_ciattarelli|new_jersey_governor|year:2025|2025|551143|53937473648188783569836457104933054364348579768036516690207399280597410899636|GOVPARTYNJ-25-R,election|win|jack_ciattarelli|new_jersey_governor|year:2025|2025,election,uma_risk_exposed,551143,Will Jack Ciattarelli win the New Jersey Governor Election in 2025,0,Yes,53937473648188783569836457104933054364348579768036516690207399280597410899636,False,binary_yes_token_price,GOVPARTYNJ-25-R,Will Jack Ciattarelli win the 2025 New Jersey gubernatorial election?,Jack Ciattarelli,6037389.579269,6037389.579269,0.15,0.16,-0.010000000000000009,2025-07-09 16:49:43-07:00,2025-07-11 22:31:32.641403-07:00,0.78,deterministic_contract_key
zelensky_suit,2025-06-30,2025-07-08,2025_07_12_open_0500_PT,2025-07-12 12:00:00+00:00,2025-07-12 05:00:00-07:00,2025-07-12,12,1,election|win|luis_arce|bolivia_president|year:2025|2025|543258|111174020960637389416810264600941186414004753111164399059354703606902594067832|KXBOLIVIAPRES-25-LA,election|win|luis_arce|bolivia_president|year:2025|2025,election,uma_risk_exposed,543258,Will Luis Arce win the 2025 Bolivia presidential election?,0,Yes,111174020960637389416810264600941186414004753111164399059354703606902594067832,False,binary_yes_token_price,KXBOLIVIAPRES-25-LA,Who will win the Bolivian presidential election?,Luis Arce,203278.343149,203278.343149,0.001,0.04,-0.039,2025-07-12 04:40:22-07:00,2025-06-19 13:55:54.437219-07:00,0.78,deterministic_contract_key
zelensky_suit,2025-06-30,2025-07-08,2025_07_12_open_0500_PT,2025-07-12 12:00:00+00:00,2025-07-12 05:00:00-07:00,2025-07-12,12,1,election|win|manfred_reyes_villa|bolivia_president|year:2025|2025|543261|6152631328921183884174711861052249809252829304303011603856221267194446351460|KXBOLIVIAPRES-25-MRV,election|win|manfred_reyes_villa|bolivia_president|year:2025|2025,election,uma_risk_exposed,543261,Will Manfred Reyes Villa win the 2025 Bolivia presidential election?,0,Yes,6152631328921183884174711861052249809252829304303011603856221267194446351460,False,binary_yes_token_price,KXBOLIVIAPRES-25-MRV,Who will win the Bolivian presidential election?,Manfred Reyes Villa,842586.658604,842586.658604,0.059,0.07,-0.01100000000000001,2025-07-12 04:35:26-07:00,2025-07-10 11:49:25.704945-07:00,0.78,deterministic_contract_key
zelensky_suit,2025-06-30,2025-07-08,2025_07_12_open_0500_PT,2025-07-12 12:00:00+00:00,2025-07-12 05:00:00-07:00,2025-07-12,12,1,election|win|mikie_sherrill|new_jersey_governor|year:2025|2025|551137|23056089932958374419797522644901592808991002026498053086166940911059008923379|GOVPARTYNJ-25-D,election|win|mikie_sherrill|new_jersey_governor|year:2025|2025,election,uma_risk_exposed,551137,Will Mikie Sherrill win the New Jersey Governor Election in 2025,0,Yes,23056089932958374419797522644901592808991002026498053086166940911059008923379,False,binary_yes_token_price,GOVPARTYNJ-25-D,Will Mikie Sherrill win the 2025 New Jersey gubernatorial election?,Mikie Sherrill,7479198.557189,7479198.557189,0.8699999980424998,0.84,0.029999998042499865,2025-07-11 02:42:30-07:00,2025-07-12 04:25:52.280521-07:00,0.78,deterministic_contract_key
zelensky_suit,2025-06-30,2025-07-08,2025_07_12_open_0500_PT,2025-07-12 12:00:00+00:00,2025-07-12 05:00:00-07:00,2025-07-12,12,1,election|win|samuel_doria_medina|bolivia_president|year:2025|2025|543260|86337476411225396782940416611040694123774553224828196996839974817619931765236|KXBOLIVIAPRES-25-SDM,election|win|samuel_doria_medina|bolivia_president|year:2025|2025,election,uma_risk_exposed,543260,Will Samuel Doria Medina win the 2025 Bolivia presidential election?,0,Yes,86337476411225396782940416611040694123774553224828196996839974817619931765236,False,binary_yes_token_price,KXBOLIVIAPRES-25-SDM,Who will win the Bolivian presidential election?,Samuel Doria Medina,1166200.271818,1166200.271818,0.43,0.42,0.010000000000000009,2025-07-12 04:02:57-07:00,2025-07-11 06:22:16.251858-07:00,0.78,deterministic_contract_key
zelensky_suit,2025-06-30,2025-07-08,2025_07_12_open_0500_PT,2025-07-12 12:00:00+00:00,2025-07-12 05:00:00-07:00,2025-07-12,12,1,leader_contact|meet|donald_trump|vladimir_putin|year:2025|536502|38401695605203516602153122926538006647911743428951157094417724792317068872612|KXWLEADER-25-VP,leader_contact|meet|donald_trump|vladimir_putin|year:2025,leader_contact,uma_risk_exposed,536502,Will Trump meet with Vladimir Putin in 2025?,0,Yes,38401695605203516602153122926538006647911743428951157094417724792317068872612,False,binary_yes_token_price,KXWLEADER-25-VP,Will Trump meet with Vladimir Putin before 2026?,Vladimir Putin,471641.4171,471641.4171,0.2799999731199972,0.29,-0.010000026880002788,2025-07-12 02:50:51-07:00,2025-07-11 03:37:12.573660-07:00,0.92,deterministic_contract_key
zelensky_suit,2025-06-30,2025-07-08,2025_07_12_open_0500_PT,2025-07-12 12:00:00+00:00,2025-07-12 05:00:00-07:00,2025-07-12,12,1,leader_contact|visit|donald_trump|israel|before:2025-08-01|555433|75803083113304481871189130325120880199300493552616311390383002363547475167443|KXTRUMPVISITISRAEL-25,leader_contact|visit|donald_trump|israel|before:2025-08-01,leader_contact,uma_risk_exposed,555433,Will Trump visit Israel before August?,0,Yes,75803083113304481871189130325120880199300493552616311390383002363547475167443,False,binary_yes_token_price,KXTRUMPVISITISRAEL-25,"Will Trump visit Israel before Aug 1, 2025?","Before Aug 1, 2025",31959.539865,31959.539865,0.009,0.04,-0.031,2025-07-10 02:46:44-07:00,2025-07-11 06:13:03.812218-07:00,0.92,deterministic_contract_key
zelensky_suit,2025-06-30,2025-07-08,2025_07_12_open_0500_PT,2025-07-12 12:00:00+00:00,2025-07-12 05:00:00-07:00,2025-07-12,12,1,office_exit|leave_office|jerome_powell|year:2025|520930|44446628319261786751896876365833910598445252343588252409740203088317210950410|LEAVEPOWELL-25-DEC31,office_exit|leave_office|jerome_powell|year:2025,office_exit,uma_risk_exposed,520930,Jerome Powell out as Fed Chair in 2025?,0,Yes,44446628319261786751896876365833910598445252343588252409740203088317210950410,False,binary_yes_token_price,LEAVEPOWELL-25-DEC31,Powell leaves before 2026?,Before 2026,11760101.336012,11760101.336012,0.16,0.19,-0.03,2025-07-12 04:35:32-07:00,2025-07-12 04:58:43.980147-07:00,0.88,deterministic_contract_key
zelensky_suit,2025-06-30,2025-07-08,2025_07_12_open_0500_PT,2025-07-12 12:00:00+00:00,2025-07-12 05:00:00-07:00,2025-07-12,12,1,office_exit|leave_office|vladimir_putin|year:2025|527807|96309695544495520203095223116782609207881514291963878378807412991184449319557|KXLEADEROUT-25-VPUT,office_exit|leave_office|vladimir_putin|year:2025,office_exit,uma_risk_exposed,527807,Will Vladimir Putin be the first leader out in 2025?,0,Yes,96309695544495520203095223116782609207881514291963878378807412991184449319557,False,binary_yes_token_price,KXLEADEROUT-25-VPUT,Vladimir Putin out this year?,Vladimir Putin,1782662.475384,1782662.475384,0.012,0.02,-0.008,2025-07-12 03:24:45-07:00,2025-07-11 14:06:09.356128-07:00,0.88,deterministic_contract_key
zelensky_suit,2025-06-30,2025-07-08,2025_07_12_open_0500_PT,2025-07-12 12:00:00+00:00,2025-07-12 05:00:00-07:00,2025-07-12,12,1,office_exit|leave_office|xi_jinping|year:2025|527808|58879554417654245921504722538657003216070105934999990003805612960977670880586|KXLEADEROUT-25-XJIN,office_exit|leave_office|xi_jinping|year:2025,office_exit,uma_risk_exposed,527808,Will Xi Jinping be the first leader out in 2025?,0,Yes,58879554417654245921504722538657003216070105934999990003805612960977670880586,False,binary_yes_token_price,KXLEADEROUT-25-XJIN,Xi Jinping out this year?,Xi Jinping,1833966.373545,1833966.373545,0.059,0.01,0.048999999999999995,2025-07-12 04:11:35-07:00,2025-07-10 14:42:34.172926-07:00,0.88,deterministic_contract_key
zelensky_suit,2025-06-30,2025-07-08,2025_07_12_open_0500_PT,2025-07-12 12:00:00+00:00,2025-07-12 05:00:00-07:00,2025-07-12,12,1,office_exit|leave_office|xi_jinping|year:2025|551963|114304586861386186441621124384163963092522056897081085884483958561365015034812|KXLEADEROUT-25-XJIN,office_exit|leave_office|xi_jinping|year:2025,office_exit,uma_risk_exposed,551963,Xi Jinping out in 2025?,0,Yes,114304586861386186441621124384163963092522056897081085884483958561365015034812,False,binary_yes_token_price,KXLEADEROUT-25-XJIN,Xi Jinping out this year?,Xi Jinping,78655911.742866,78655911.742866,0.08999999375481876,0.01,0.07999999375481877,2025-07-12 04:41:26-07:00,2025-07-10 14:42:34.172926-07:00,0.88,deterministic_contract_key
zelensky_suit,2025-06-30,2025-07-08,2025_07_12_open_0500_PT,2025-07-12 12:00:00+00:00,2025-07-12 05:00:00-07:00,2025-07-12,12,1,office_exit|resign|volodymyr_zelenskyy|year:2025|525157|74129046843921940913413587682588886122583847748489066762857187137233978267670|KXUKRAINERESIGN-26,office_exit|resign|volodymyr_zelenskyy|year:2025,office_exit,uma_risk_exposed,525157,Zelensky resigns in 2025?,0,Yes,74129046843921940913413587682588886122583847748489066762857187137233978267670,False,binary_yes_token_price,KXUKRAINERESIGN-26,"Will Volodymyr Zelenskyy resign before Jan 1, 2026?",Before 2026,639799.279247,639799.279247,0.08,0.07,0.009999999999999995,2025-07-11 15:40:40-07:00,2025-07-11 16:49:07.081212-07:00,0.88,deterministic_contract_key
zelensky_suit,2025-06-30,2025-07-08,2025_07_12_open_0500_PT,2025-07-12 12:00:00+00:00,2025-07-12 05:00:00-07:00,2025-07-12,12,1,policy_action|create|national_bitcoin_reserve|united_states|year:2025|516937|83894672511259544049673946661753374355328822374216474995072428966535091173758|KXBTCRESERVE-26-JAN01,policy_action|create|national_bitcoin_reserve|united_states|year:2025,policy_action,uma_risk_exposed,516937,US national Bitcoin reserve in 2025?,0,Yes,83894672511259544049673946661753374355328822374216474995072428966535091173758,False,binary_yes_token_price,KXBTCRESERVE-26-JAN01,"Will Trump create a National Bitcoin Reserve before Jan 1, 2026?","Before Jan 1, 2026",5526758.797978,5526758.797978,0.32,0.3,0.020000000000000018,2025-07-12 04:11:27-07:00,2025-07-12 03:00:10.066478-07:00,0.78,deterministic_contract_key
zelensky_suit,2025-06-30,2025-07-08,2025_07_12_open_0500_PT,2025-07-12 12:00:00+00:00,2025-07-12 05:00:00-07:00,2025-07-12,12,1,policy_action|eliminate|department_of_education|united_states|year:2025|523188|60661165588332286306443081468695135979348107944620337686282849990456442563142|KXDOED-26-JAN01,policy_action|eliminate|department_of_education|united_states|year:2025,policy_action,uma_risk_exposed,523188,Will Trump end Department of Education in 2025?,0,Yes,60661165588332286306443081468695135979348107944620337686282849990456442563142,False,binary_yes_token_price,KXDOED-26-JAN01,"Will the Department of Education be eliminated before Jan 1, 2026?","Before Jan 1, 2026",900396.416301,900396.416301,0.07,0.06,0.010000000000000009,2025-07-11 11:59:54-07:00,2025-07-11 23:14:56.237703-07:00,0.78,deterministic_contract_key
zelensky_suit,2025-06-30,2025-07-08,2025_07_12_open_0500_PT,2025-07-12 12:00:00+00:00,2025-07-12 05:00:00-07:00,2025-07-12,12,1,policy_action|start|recession|united_states|year:2025|516710|104173557214744537570424345347209544585775842950109756851652855913015295701992|RECSSNBER-25,policy_action|start|recession|united_states|year:2025,policy_action,uma_risk_exposed,516710,US recession in 2025?,0,Yes,104173557214744537570424345347209544585775842950109756851652855913015295701992,False,binary_yes_token_price,RECSSNBER-25,Will there be a recession in 2025?,Starts,11734512.428529,11734512.428529,0.19000000178676477,0.19,1.786764763922477e-09,2025-07-12 04:29:28-07:00,2025-07-12 04:07:37.348631-07:00,0.78,deterministic_contract_key
zelensky_suit,2025-06-30,2025-07-08,2025_07_12_close_1700_PT,2025-07-13 00:00:00+00:00,2025-07-12 17:00:00-07:00,2025-07-12,12,1,election|win|andr_nico_rodr_guez|bolivia_president|year:2025|2025|543259|21349083717605037525723335754807560771874175181325455859992777238860289139531|KXBOLIVIAPRES-25-AR,election|win|andr_nico_rodr_guez|bolivia_president|year:2025|2025,election,uma_risk_exposed,543259,Will Andrónico Rodríguez win the 2025 Bolivia presidential election?,0,Yes,21349083717605037525723335754807560771874175181325455859992777238860289139531,False,binary_yes_token_price,KXBOLIVIAPRES-25-AR,Who will win the Bolivian presidential election?,Andrónico Rodríguez,7326758.679552,7326758.679552,0.28,0.26,0.020000000000000018,2025-07-12 15:20:34-07:00,2025-07-12 10:00:56.570585-07:00,0.78,deterministic_contract_key
zelensky_suit,2025-06-30,2025-07-08,2025_07_12_close_1700_PT,2025-07-13 00:00:00+00:00,2025-07-12 17:00:00-07:00,2025-07-12,12,1,election|win|branko_marinkovi|bolivia_president|year:2025|2025|543274|17849683858069937637491725401516486250615904612932801425636311554981022266375|KXBOLIVIAPRES-25-BM,election|win|branko_marinkovi|bolivia_president|year:2025|2025,election,uma_risk_exposed,543274,Will Branko Marinković win the 2025 Bolivia presidential election?,0,Yes,17849683858069937637491725401516486250615904612932801425636311554981022266375,False,binary_yes_token_price,KXBOLIVIAPRES-25-BM,Who will win the Bolivian presidential election?,Branko Marinković,337382.708581,337382.708581,0.001,0.09,-0.089,2025-07-12 15:20:36-07:00,2025-06-21 10:37:22.687062-07:00,0.78,deterministic_contract_key
zelensky_suit,2025-06-30,2025-07-08,2025_07_12_close_1700_PT,2025-07-13 00:00:00+00:00,2025-07-12 17:00:00-07:00,2025-07-12,12,1,election|win|chi_hyun_chung|bolivia_president|year:2025|2025|543263|65182144144608433456123000312637003192540674831461667961211058718188030456494|KXBOLIVIAPRES-25-CHC,election|win|chi_hyun_chung|bolivia_president|year:2025|2025,election,uma_risk_exposed,543263,Will Chi Hyun Chung win the 2025 Bolivia presidential election?,0,Yes,65182144144608433456123000312637003192540674831461667961211058718188030456494,False,binary_yes_token_price,KXBOLIVIAPRES-25-CHC,Who will win the Bolivian presidential election?,Chi Hyun Chung,119579.506818,119579.506818,0.001,0.06,-0.059,2025-07-12 15:20:34-07:00,2025-06-03 12:59:43.587279-07:00,0.78,deterministic_contract_key
zelensky_suit,2025-06-30,2025-07-08,2025_07_12_close_1700_PT,2025-07-13 00:00:00+00:00,2025-07-12 17:00:00-07:00,2025-07-12,12,1,election|win|jack_ciattarelli|new_jersey_governor|year:2025|2025|551143|53937473648188783569836457104933054364348579768036516690207399280597410899636|GOVPARTYNJ-25-R,election|win|jack_ciattarelli|new_jersey_governor|year:2025|2025,election,uma_risk_exposed,551143,Will Jack Ciattarelli win the New Jersey Governor Election in 2025,0,Yes,53937473648188783569836457104933054364348579768036516690207399280597410899636,False,binary_yes_token_price,GOVPARTYNJ-25-R,Will Jack Ciattarelli win the 2025 New Jersey gubernatorial election?,Jack Ciattarelli,6037389.579269,6037389.579269,0.15,0.17,-0.020000000000000018,2025-07-09 16:49:43-07:00,2025-07-12 13:46:24.421802-07:00,0.78,deterministic_contract_key
zelensky_suit,2025-06-30,2025-07-08,2025_07_12_close_1700_PT,2025-07-13 00:00:00+00:00,2025-07-12 17:00:00-07:00,2025-07-12,12,1,election|win|luis_arce|bolivia_president|year:2025|2025|543258|111174020960637389416810264600941186414004753111164399059354703606902594067832|KXBOLIVIAPRES-25-LA,election|win|luis_arce|bolivia_president|year:2025|2025,election,uma_risk_exposed,543258,Will Luis Arce win the 2025 Bolivia presidential election?,0,Yes,111174020960637389416810264600941186414004753111164399059354703606902594067832,False,binary_yes_token_price,KXBOLIVIAPRES-25-LA,Who will win the Bolivian presidential election?,Luis Arce,203278.343149,203278.343149,0.002,0.04,-0.038,2025-07-12 15:25:30-07:00,2025-06-19 13:55:54.437219-07:00,0.78,deterministic_contract_key
zelensky_suit,2025-06-30,2025-07-08,2025_07_12_close_1700_PT,2025-07-13 00:00:00+00:00,2025-07-12 17:00:00-07:00,2025-07-12,12,1,election|win|manfred_reyes_villa|bolivia_president|year:2025|2025|543261|6152631328921183884174711861052249809252829304303011603856221267194446351460|KXBOLIVIAPRES-25-MRV,election|win|manfred_reyes_villa|bolivia_president|year:2025|2025,election,uma_risk_exposed,543261,Will Manfred Reyes Villa win the 2025 Bolivia presidential election?,0,Yes,6152631328921183884174711861052249809252829304303011603856221267194446351460,False,binary_yes_token_price,KXBOLIVIAPRES-25-MRV,Who will win the Bolivian presidential election?,Manfred Reyes Villa,842586.658604,842586.658604,0.041,0.01,0.031,2025-07-12 16:52:24-07:00,2025-07-12 06:35:12.438619-07:00,0.78,deterministic_contract_key
zelensky_suit,2025-06-30,2025-07-08,2025_07_12_close_1700_PT,2025-07-13 00:00:00+00:00,2025-07-12 17:00:00-07:00,2025-07-12,12,1,election|win|mikie_sherrill|new_jersey_governor|year:2025|2025|551137|23056089932958374419797522644901592808991002026498053086166940911059008923379|GOVPARTYNJ-25-D,election|win|mikie_sherrill|new_jersey_governor|year:2025|2025,election,uma_risk_exposed,551137,Will Mikie Sherrill win the New Jersey Governor Election in 2025,0,Yes,23056089932958374419797522644901592808991002026498053086166940911059008923379,False,binary_yes_token_price,GOVPARTYNJ-25-D,Will Mikie Sherrill win the 2025 New Jersey gubernatorial election?,Mikie Sherrill,7479198.557189,7479198.557189,0.84,0.84,0.0,2025-07-12 13:14:43-07:00,2025-07-12 14:39:12.582972-07:00,0.78,deterministic_contract_key
zelensky_suit,2025-06-30,2025-07-08,2025_07_12_close_1700_PT,2025-07-13 00:00:00+00:00,2025-07-12 17:00:00-07:00,2025-07-12,12,1,election|win|samuel_doria_medina|bolivia_president|year:2025|2025|543260|86337476411225396782940416611040694123774553224828196996839974817619931765236|KXBOLIVIAPRES-25-SDM,election|win|samuel_doria_medina|bolivia_president|year:2025|2025,election,uma_risk_exposed,543260,Will Samuel Doria Medina win the 2025 Bolivia presidential election?,0,Yes,86337476411225396782940416611040694123774553224828196996839974817619931765236,False,binary_yes_token_price,KXBOLIVIAPRES-25-SDM,Who will win the Bolivian presidential election?,Samuel Doria Medina,1166200.271818,1166200.271818,0.5,0.49,0.010000000000000009,2025-07-12 15:44:50-07:00,2025-07-12 06:57:24.816136-07:00,0.78,deterministic_contract_key
zelensky_suit,2025-06-30,2025-07-08,2025_07_12_close_1700_PT,2025-07-13 00:00:00+00:00,2025-07-12 17:00:00-07:00,2025-07-12,12,1,leader_contact|meet|donald_trump|vladimir_putin|year:2025|536502|38401695605203516602153122926538006647911743428951157094417724792317068872612|KXWLEADER-25-VP,leader_contact|meet|donald_trump|vladimir_putin|year:2025,leader_contact,uma_risk_exposed,536502,Will Trump meet with Vladimir Putin in 2025?,0,Yes,38401695605203516602153122926538006647911743428951157094417724792317068872612,False,binary_yes_token_price,KXWLEADER-25-VP,Will Trump meet with Vladimir Putin before 2026?,Vladimir Putin,471641.4171,471641.4171,0.26999985419993294,0.36,-0.09000014580006704,2025-07-12 16:21:08-07:00,2025-07-12 16:08:02.988712-07:00,0.92,deterministic_contract_key
zelensky_suit,2025-06-30,2025-07-08,2025_07_12_close_1700_PT,2025-07-13 00:00:00+00:00,2025-07-12 17:00:00-07:00,2025-07-12,12,1,leader_contact|visit|donald_trump|israel|before:2025-08-01|555433|75803083113304481871189130325120880199300493552616311390383002363547475167443|KXTRUMPVISITISRAEL-25,leader_contact|visit|donald_trump|israel|before:2025-08-01,leader_contact,uma_risk_exposed,555433,Will Trump visit Israel before August?,0,Yes,75803083113304481871189130325120880199300493552616311390383002363547475167443,False,binary_yes_token_price,KXTRUMPVISITISRAEL-25,"Will Trump visit Israel before Aug 1, 2025?","Before Aug 1, 2025",31959.539865,31959.539865,0.016,0.04,-0.024,2025-07-12 12:48:55-07:00,2025-07-11 06:13:03.812218-07:00,0.92,deterministic_contract_key
zelensky_suit,2025-06-30,2025-07-08,2025_07_12_close_1700_PT,2025-07-13 00:00:00+00:00,2025-07-12 17:00:00-07:00,2025-07-12,12,1,office_exit|leave_office|jerome_powell|year:2025|520930|44446628319261786751896876365833910598445252343588252409740203088317210950410|LEAVEPOWELL-25-DEC31,office_exit|leave_office|jerome_powell|year:2025,office_exit,uma_risk_exposed,520930,Jerome Powell out as Fed Chair in 2025?,0,Yes,44446628319261786751896876365833910598445252343588252409740203088317210950410,False,binary_yes_token_price,LEAVEPOWELL-25-DEC31,Powell leaves before 2026?,Before 2026,11760101.336012,11760101.336012,0.1699999870799997,0.19,-0.02000001292000031,2025-07-12 16:44:00-07:00,2025-07-12 16:11:08.601018-07:00,0.88,deterministic_contract_key
zelensky_suit,2025-06-30,2025-07-08,2025_07_12_close_1700_PT,2025-07-13 00:00:00+00:00,2025-07-12 17:00:00-07:00,2025-07-12,12,1,office_exit|leave_office|vladimir_putin|year:2025|527807|96309695544495520203095223116782609207881514291963878378807412991184449319557|KXLEADEROUT-25-VPUT,office_exit|leave_office|vladimir_putin|year:2025,office_exit,uma_risk_exposed,527807,Will Vladimir Putin be the first leader out in 2025?,0,Yes,96309695544495520203095223116782609207881514291963878378807412991184449319557,False,binary_yes_token_price,KXLEADEROUT-25-VPUT,Vladimir Putin out this year?,Vladimir Putin,1782662.475384,1782662.475384,0.012,0.02,-0.008,2025-07-12 14:34:48-07:00,2025-07-11 14:06:09.356128-07:00,0.88,deterministic_contract_key
zelensky_suit,2025-06-30,2025-07-08,2025_07_12_close_1700_PT,2025-07-13 00:00:00+00:00,2025-07-12 17:00:00-07:00,2025-07-12,12,1,office_exit|leave_office|xi_jinping|year:2025|527808|58879554417654245921504722538657003216070105934999990003805612960977670880586|KXLEADEROUT-25-XJIN,office_exit|leave_office|xi_jinping|year:2025,office_exit,uma_risk_exposed,527808,Will Xi Jinping be the first leader out in 2025?,0,Yes,58879554417654245921504722538657003216070105934999990003805612960977670880586,False,binary_yes_token_price,KXLEADEROUT-25-XJIN,Xi Jinping out this year?,Xi Jinping,1833966.373545,1833966.373545,0.055,0.01,0.045,2025-07-12 15:34:54-07:00,2025-07-10 14:42:34.172926-07:00,0.88,deterministic_contract_key
zelensky_suit,2025-06-30,2025-07-08,2025_07_12_close_1700_PT,2025-07-13 00:00:00+00:00,2025-07-12 17:00:00-07:00,2025-07-12,12,1,office_exit|leave_office|xi_jinping|year:2025|551963|114304586861386186441621124384163963092522056897081085884483958561365015034812|KXLEADEROUT-25-XJIN,office_exit|leave_office|xi_jinping|year:2025,office_exit,uma_risk_exposed,551963,Xi Jinping out in 2025?,0,Yes,114304586861386186441621124384163963092522056897081085884483958561365015034812,False,binary_yes_token_price,KXLEADEROUT-25-XJIN,Xi Jinping out this year?,Xi Jinping,78655911.742866,78655911.742866,0.09,0.01,0.08,2025-07-12 14:04:56-07:00,2025-07-10 14:42:34.172926-07:00,0.88,deterministic_contract_key
zelensky_suit,2025-06-30,2025-07-08,2025_07_12_close_1700_PT,2025-07-13 00:00:00+00:00,2025-07-12 17:00:00-07:00,2025-07-12,12,1,office_exit|resign|volodymyr_zelenskyy|year:2025|525157|74129046843921940913413587682588886122583847748489066762857187137233978267670|KXUKRAINERESIGN-26,office_exit|resign|volodymyr_zelenskyy|year:2025,office_exit,uma_risk_exposed,525157,Zelensky resigns in 2025?,0,Yes,74129046843921940913413587682588886122583847748489066762857187137233978267670,False,binary_yes_token_price,KXUKRAINERESIGN-26,"Will Volodymyr Zelenskyy resign before Jan 1, 2026?",Before 2026,639799.279247,639799.279247,0.08,0.07,0.009999999999999995,2025-07-12 16:02:24-07:00,2025-07-11 16:49:07.081212-07:00,0.88,deterministic_contract_key
zelensky_suit,2025-06-30,2025-07-08,2025_07_12_close_1700_PT,2025-07-13 00:00:00+00:00,2025-07-12 17:00:00-07:00,2025-07-12,12,1,policy_action|create|national_bitcoin_reserve|united_states|year:2025|516937|83894672511259544049673946661753374355328822374216474995072428966535091173758|KXBTCRESERVE-26-JAN01,policy_action|create|national_bitcoin_reserve|united_states|year:2025,policy_action,uma_risk_exposed,516937,US national Bitcoin reserve in 2025?,0,Yes,83894672511259544049673946661753374355328822374216474995072428966535091173758,False,binary_yes_token_price,KXBTCRESERVE-26-JAN01,"Will Trump create a National Bitcoin Reserve before Jan 1, 2026?","Before Jan 1, 2026",5526758.797978,5526758.797978,0.31,0.31,0.0,2025-07-12 16:55:04-07:00,2025-07-12 15:20:24.138977-07:00,0.78,deterministic_contract_key
zelensky_suit,2025-06-30,2025-07-08,2025_07_12_close_1700_PT,2025-07-13 00:00:00+00:00,2025-07-12 17:00:00-07:00,2025-07-12,12,1,policy_action|eliminate|department_of_education|united_states|year:2025|523188|60661165588332286306443081468695135979348107944620337686282849990456442563142|KXDOED-26-JAN01,policy_action|eliminate|department_of_education|united_states|year:2025,policy_action,uma_risk_exposed,523188,Will Trump end Department of Education in 2025?,0,Yes,60661165588332286306443081468695135979348107944620337686282849990456442563142,False,binary_yes_token_price,KXDOED-26-JAN01,"Will the Department of Education be eliminated before Jan 1, 2026?","Before Jan 1, 2026",900396.416301,900396.416301,0.07,0.05,0.020000000000000004,2025-07-12 11:35:03-07:00,2025-07-12 05:19:34.982856-07:00,0.78,deterministic_contract_key
zelensky_suit,2025-06-30,2025-07-08,2025_07_12_close_1700_PT,2025-07-13 00:00:00+00:00,2025-07-12 17:00:00-07:00,2025-07-12,12,1,policy_action|start|recession|united_states|year:2025|516710|104173557214744537570424345347209544585775842950109756851652855913015295701992|RECSSNBER-25,policy_action|start|recession|united_states|year:2025,policy_action,uma_risk_exposed,516710,US recession in 2025?,0,Yes,104173557214744537570424345347209544585775842950109756851652855913015295701992,False,binary_yes_token_price,RECSSNBER-25,Will there be a recession in 2025?,Starts,11734512.428529,11734512.428529,0.19,0.2,-0.010000000000000009,2025-07-12 13:09:01-07:00,2025-07-12 15:02:46.900409-07:00,0.78,deterministic_contract_key
zelensky_suit,2025-06-30,2025-07-08,2025_07_13_open_0500_PT,2025-07-13 12:00:00+00:00,2025-07-13 05:00:00-07:00,2025-07-13,13,1,election|win|andr_nico_rodr_guez|bolivia_president|year:2025|2025|543259|21349083717605037525723335754807560771874175181325455859992777238860289139531|KXBOLIVIAPRES-25-AR,election|win|andr_nico_rodr_guez|bolivia_president|year:2025|2025,election,uma_risk_exposed,543259,Will Andrónico Rodríguez win the 2025 Bolivia presidential election?,0,Yes,21349083717605037525723335754807560771874175181325455859992777238860289139531,False,binary_yes_token_price,KXBOLIVIAPRES-25-AR,Who will win the Bolivian presidential election?,Andrónico Rodríguez,7326758.679552,7326758.679552,0.2600000005967742,0.26,5.967741856238717e-10,2025-07-13 04:53:17-07:00,2025-07-12 10:00:56.570585-07:00,0.78,deterministic_contract_key
zelensky_suit,2025-06-30,2025-07-08,2025_07_13_open_0500_PT,2025-07-13 12:00:00+00:00,2025-07-13 05:00:00-07:00,2025-07-13,13,1,election|win|branko_marinkovi|bolivia_president|year:2025|2025|543274|17849683858069937637491725401516486250615904612932801425636311554981022266375|KXBOLIVIAPRES-25-BM,election|win|branko_marinkovi|bolivia_president|year:2025|2025,election,uma_risk_exposed,543274,Will Branko Marinković win the 2025 Bolivia presidential election?,0,Yes,17849683858069937637491725401516486250615904612932801425636311554981022266375,False,binary_yes_token_price,KXBOLIVIAPRES-25-BM,Who will win the Bolivian presidential election?,Branko Marinković,337382.708581,337382.708581,0.001,0.09,-0.089,2025-07-12 23:14:14-07:00,2025-06-21 10:37:22.687062-07:00,0.78,deterministic_contract_key
zelensky_suit,2025-06-30,2025-07-08,2025_07_13_open_0500_PT,2025-07-13 12:00:00+00:00,2025-07-13 05:00:00-07:00,2025-07-13,13,1,election|win|chi_hyun_chung|bolivia_president|year:2025|2025|543263|65182144144608433456123000312637003192540674831461667961211058718188030456494|KXBOLIVIAPRES-25-CHC,election|win|chi_hyun_chung|bolivia_president|year:2025|2025,election,uma_risk_exposed,543263,Will Chi Hyun Chung win the 2025 Bolivia presidential election?,0,Yes,65182144144608433456123000312637003192540674831461667961211058718188030456494,False,binary_yes_token_price,KXBOLIVIAPRES-25-CHC,Who will win the Bolivian presidential election?,Chi Hyun Chung,119579.506818,119579.506818,0.001,0.06,-0.059,2025-07-12 23:14:50-07:00,2025-06-03 12:59:43.587279-07:00,0.78,deterministic_contract_key
zelensky_suit,2025-06-30,2025-07-08,2025_07_13_open_0500_PT,2025-07-13 12:00:00+00:00,2025-07-13 05:00:00-07:00,2025-07-13,13,1,election|win|jack_ciattarelli|new_jersey_governor|year:2025|2025|551143|53937473648188783569836457104933054364348579768036516690207399280597410899636|GOVPARTYNJ-25-R,election|win|jack_ciattarelli|new_jersey_governor|year:2025|2025,election,uma_risk_exposed,551143,Will Jack Ciattarelli win the New Jersey Governor Election in 2025,0,Yes,53937473648188783569836457104933054364348579768036516690207399280597410899636,False,binary_yes_token_price,GOVPARTYNJ-25-R,Will Jack Ciattarelli win the 2025 New Jersey gubernatorial election?,Jack Ciattarelli,6037389.579269,6037389.579269,0.15,0.18,-0.03,2025-07-09 16:49:43-07:00,2025-07-13 00:08:24.906131-07:00,0.78,deterministic_contract_key
zelensky_suit,2025-06-30,2025-07-08,2025_07_13_open_0500_PT,2025-07-13 12:00:00+00:00,2025-07-13 05:00:00-07:00,2025-07-13,13,1,election|win|luis_arce|bolivia_president|year:2025|2025|543258|111174020960637389416810264600941186414004753111164399059354703606902594067832|KXBOLIVIAPRES-25-LA,election|win|luis_arce|bolivia_president|year:2025|2025,election,uma_risk_exposed,543258,Will Luis Arce win the 2025 Bolivia presidential election?,0,Yes,111174020960637389416810264600941186414004753111164399059354703606902594067832,False,binary_yes_token_price,KXBOLIVIAPRES-25-LA,Who will win the Bolivian presidential election?,Luis Arce,203278.343149,203278.343149,0.002,0.04,-0.038,2025-07-13 04:58:17-07:00,2025-06-19 13:55:54.437219-07:00,0.78,deterministic_contract_key
zelensky_suit,2025-06-30,2025-07-08,2025_07_13_open_0500_PT,2025-07-13 12:00:00+00:00,2025-07-13 05:00:00-07:00,2025-07-13,13,1,election|win|manfred_reyes_villa|bolivia_president|year:2025|2025|543261|6152631328921183884174711861052249809252829304303011603856221267194446351460|KXBOLIVIAPRES-25-MRV,election|win|manfred_reyes_villa|bolivia_president|year:2025|2025,election,uma_risk_exposed,543261,Will Manfred Reyes Villa win the 2025 Bolivia presidential election?,0,Yes,6152631328921183884174711861052249809252829304303011603856221267194446351460,False,binary_yes_token_price,KXBOLIVIAPRES-25-MRV,Who will win the Bolivian presidential election?,Manfred Reyes Villa,842586.658604,842586.658604,0.032,0.01,0.022,2025-07-13 04:19:38-07:00,2025-07-12 06:35:12.438619-07:00,0.78,deterministic_contract_key
zelensky_suit,2025-06-30,2025-07-08,2025_07_13_open_0500_PT,2025-07-13 12:00:00+00:00,2025-07-13 05:00:00-07:00,2025-07-13,13,1,election|win|mikie_sherrill|new_jersey_governor|year:2025|2025|551137|23056089932958374419797522644901592808991002026498053086166940911059008923379|GOVPARTYNJ-25-D,election|win|mikie_sherrill|new_jersey_governor|year:2025|2025,election,uma_risk_exposed,551137,Will Mikie Sherrill win the New Jersey Governor Election in 2025,0,Yes,23056089932958374419797522644901592808991002026498053086166940911059008923379,False,binary_yes_token_price,GOVPARTYNJ-25-D,Will Mikie Sherrill win the 2025 New Jersey gubernatorial election?,Mikie Sherrill,7479198.557189,7479198.557189,0.86,0.83,0.030000000000000027,2025-07-12 17:46:52-07:00,2025-07-13 04:23:04.965605-07:00,0.78,deterministic_contract_key
zelensky_suit,2025-06-30,2025-07-08,2025_07_13_open_0500_PT,2025-07-13 12:00:00+00:00,2025-07-13 05:00:00-07:00,2025-07-13,13,1,election|win|samuel_doria_medina|bolivia_president|year:2025|2025|543260|86337476411225396782940416611040694123774553224828196996839974817619931765236|KXBOLIVIAPRES-25-SDM,election|win|samuel_doria_medina|bolivia_president|year:2025|2025,election,uma_risk_exposed,543260,Will Samuel Doria Medina win the 2025 Bolivia presidential election?,0,Yes,86337476411225396782940416611040694123774553224828196996839974817619931765236,False,binary_yes_token_price,KXBOLIVIAPRES-25-SDM,Who will win the Bolivian presidential election?,Samuel Doria Medina,1166200.271818,1166200.271818,0.4899999603072547,0.49,-3.9692745312791544e-08,2025-07-13 04:18:44-07:00,2025-07-12 23:41:45.565921-07:00,0.78,deterministic_contract_key
zelensky_suit,2025-06-30,2025-07-08,2025_07_13_open_0500_PT,2025-07-13 12:00:00+00:00,2025-07-13 05:00:00-07:00,2025-07-13,13,1,leader_contact|meet|donald_trump|vladimir_putin|year:2025|536502|38401695605203516602153122926538006647911743428951157094417724792317068872612|KXWLEADER-25-VP,leader_contact|meet|donald_trump|vladimir_putin|year:2025,leader_contact,uma_risk_exposed,536502,Will Trump meet with Vladimir Putin in 2025?,0,Yes,38401695605203516602153122926538006647911743428951157094417724792317068872612,False,binary_yes_token_price,KXWLEADER-25-VP,Will Trump meet with Vladimir Putin before 2026?,Vladimir Putin,471641.4171,471641.4171,0.26999985419993294,0.3,-0.030000145800067046,2025-07-12 16:21:08-07:00,2025-07-13 01:19:34.331726-07:00,0.92,deterministic_contract_key
zelensky_suit,2025-06-30,2025-07-08,2025_07_13_open_0500_PT,2025-07-13 12:00:00+00:00,2025-07-13 05:00:00-07:00,2025-07-13,13,1,leader_contact|visit|donald_trump|israel|before:2025-08-01|555433|75803083113304481871189130325120880199300493552616311390383002363547475167443|KXTRUMPVISITISRAEL-25,leader_contact|visit|donald_trump|israel|before:2025-08-01,leader_contact,uma_risk_exposed,555433,Will Trump visit Israel before August?,0,Yes,75803083113304481871189130325120880199300493552616311390383002363547475167443,False,binary_yes_token_price,KXTRUMPVISITISRAEL-25,"Will Trump visit Israel before Aug 1, 2025?","Before Aug 1, 2025",31959.539865,31959.539865,0.009,0.05,-0.041,2025-07-13 02:08:32-07:00,2025-07-13 00:47:27.831288-07:00,0.92,deterministic_contract_key
zelensky_suit,2025-06-30,2025-07-08,2025_07_13_open_0500_PT,2025-07-13 12:00:00+00:00,2025-07-13 05:00:00-07:00,2025-07-13,13,1,office_exit|leave_office|jerome_powell|year:2025|520930|44446628319261786751896876365833910598445252343588252409740203088317210950410|LEAVEPOWELL-25-DEC31,office_exit|leave_office|jerome_powell|year:2025,office_exit,uma_risk_exposed,520930,Jerome Powell out as Fed Chair in 2025?,0,Yes,44446628319261786751896876365833910598445252343588252409740203088317210950410,False,binary_yes_token_price,LEAVEPOWELL-25-DEC31,Powell leaves before 2026?,Before 2026,11760101.336012,11760101.336012,0.1699999870799997,0.19,-0.02000001292000031,2025-07-13 03:55:16-07:00,2025-07-13 04:49:44.521526-07:00,0.88,deterministic_contract_key
zelensky_suit,2025-06-30,2025-07-08,2025_07_13_open_0500_PT,2025-07-13 12:00:00+00:00,2025-07-13 05:00:00-07:00,2025-07-13,13,1,office_exit|leave_office|vladimir_putin|year:2025|527807|96309695544495520203095223116782609207881514291963878378807412991184449319557|KXLEADEROUT-25-VPUT,office_exit|leave_office|vladimir_putin|year:2025,office_exit,uma_risk_exposed,527807,Will Vladimir Putin be the first leader out in 2025?,0,Yes,96309695544495520203095223116782609207881514291963878378807412991184449319557,False,binary_yes_token_price,KXLEADEROUT-25-VPUT,Vladimir Putin out this year?,Vladimir Putin,1782662.475384,1782662.475384,0.013,0.02,-0.007000000000000001,2025-07-13 02:18:06-07:00,2025-07-11 14:06:09.356128-07:00,0.88,deterministic_contract_key
zelensky_suit,2025-06-30,2025-07-08,2025_07_13_open_0500_PT,2025-07-13 12:00:00+00:00,2025-07-13 05:00:00-07:00,2025-07-13,13,1,office_exit|leave_office|xi_jinping|year:2025|527808|58879554417654245921504722538657003216070105934999990003805612960977670880586|KXLEADEROUT-25-XJIN,office_exit|leave_office|xi_jinping|year:2025,office_exit,uma_risk_exposed,527808,Will Xi Jinping be the first leader out in 2025?,0,Yes,58879554417654245921504722538657003216070105934999990003805612960977670880586,False,binary_yes_token_price,KXLEADEROUT-25-XJIN,Xi Jinping out this year?,Xi Jinping,1833966.373545,1833966.373545,0.056,0.01,0.046,2025-07-12 23:22:14-07:00,2025-07-10 14:42:34.172926-07:00,0.88,deterministic_contract_key
zelensky_suit,2025-06-30,2025-07-08,2025_07_13_open_0500_PT,2025-07-13 12:00:00+00:00,2025-07-13 05:00:00-07:00,2025-07-13,13,1,office_exit|leave_office|xi_jinping|year:2025|551963|114304586861386186441621124384163963092522056897081085884483958561365015034812|KXLEADEROUT-25-XJIN,office_exit|leave_office|xi_jinping|year:2025,office_exit,uma_risk_exposed,551963,Xi Jinping out in 2025?,0,Yes,114304586861386186441621124384163963092522056897081085884483958561365015034812,False,binary_yes_token_price,KXLEADEROUT-25-XJIN,Xi Jinping out this year?,Xi Jinping,78655911.742866,78655911.742866,0.09,0.01,0.08,2025-07-13 04:17:24-07:00,2025-07-10 14:42:34.172926-07:00,0.88,deterministic_contract_key
zelensky_suit,2025-06-30,2025-07-08,2025_07_13_open_0500_PT,2025-07-13 12:00:00+00:00,2025-07-13 05:00:00-07:00,2025-07-13,13,1,office_exit|resign|volodymyr_zelenskyy|year:2025|525157|74129046843921940913413587682588886122583847748489066762857187137233978267670|KXUKRAINERESIGN-26,office_exit|resign|volodymyr_zelenskyy|year:2025,office_exit,uma_risk_exposed,525157,Zelensky resigns in 2025?,0,Yes,74129046843921940913413587682588886122583847748489066762857187137233978267670,False,binary_yes_token_price,KXUKRAINERESIGN-26,"Will Volodymyr Zelenskyy resign before Jan 1, 2026?",Before 2026,639799.279247,639799.279247,0.08,0.07,0.009999999999999995,2025-07-12 16:02:24-07:00,2025-07-13 04:26:22.964529-07:00,0.88,deterministic_contract_key
zelensky_suit,2025-06-30,2025-07-08,2025_07_13_open_0500_PT,2025-07-13 12:00:00+00:00,2025-07-13 05:00:00-07:00,2025-07-13,13,1,policy_action|create|national_bitcoin_reserve|united_states|year:2025|516937|83894672511259544049673946661753374355328822374216474995072428966535091173758|KXBTCRESERVE-26-JAN01,policy_action|create|national_bitcoin_reserve|united_states|year:2025,policy_action,uma_risk_exposed,516937,US national Bitcoin reserve in 2025?,0,Yes,83894672511259544049673946661753374355328822374216474995072428966535091173758,False,binary_yes_token_price,KXBTCRESERVE-26-JAN01,"Will Trump create a National Bitcoin Reserve before Jan 1, 2026?","Before Jan 1, 2026",5526758.797978,5526758.797978,0.31,0.3,0.010000000000000009,2025-07-13 04:03:42-07:00,2025-07-13 04:58:23.243952-07:00,0.78,deterministic_contract_key
zelensky_suit,2025-06-30,2025-07-08,2025_07_13_open_0500_PT,2025-07-13 12:00:00+00:00,2025-07-13 05:00:00-07:00,2025-07-13,13,1,policy_action|eliminate|department_of_education|united_states|year:2025|523188|60661165588332286306443081468695135979348107944620337686282849990456442563142|KXDOED-26-JAN01,policy_action|eliminate|department_of_education|united_states|year:2025,policy_action,uma_risk_exposed,523188,Will Trump end Department of Education in 2025?,0,Yes,60661165588332286306443081468695135979348107944620337686282849990456442563142,False,binary_yes_token_price,KXDOED-26-JAN01,"Will the Department of Education be eliminated before Jan 1, 2026?","Before Jan 1, 2026",900396.416301,900396.416301,0.07,0.05,0.020000000000000004,2025-07-12 11:35:03-07:00,2025-07-13 03:15:00.411022-07:00,0.78,deterministic_contract_key
zelensky_suit,2025-06-30,2025-07-08,2025_07_13_open_0500_PT,2025-07-13 12:00:00+00:00,2025-07-13 05:00:00-07:00,2025-07-13,13,1,policy_action|start|recession|united_states|year:2025|516710|104173557214744537570424345347209544585775842950109756851652855913015295701992|RECSSNBER-25,policy_action|start|recession|united_states|year:2025,policy_action,uma_risk_exposed,516710,US recession in 2025?,0,Yes,104173557214744537570424345347209544585775842950109756851652855913015295701992,False,binary_yes_token_price,RECSSNBER-25,Will there be a recession in 2025?,Starts,11734512.428529,11734512.428529,0.2,0.19,0.010000000000000009,2025-07-13 02:50:59-07:00,2025-07-13 03:46:04.890431-07:00,0.78,deterministic_contract_key
zelensky_suit,2025-06-30,2025-07-08,2025_07_13_close_1700_PT,2025-07-14 00:00:00+00:00,2025-07-13 17:00:00-07:00,2025-07-13,13,1,election|win|andr_nico_rodr_guez|bolivia_president|year:2025|2025|543259|21349083717605037525723335754807560771874175181325455859992777238860289139531|KXBOLIVIAPRES-25-AR,election|win|andr_nico_rodr_guez|bolivia_president|year:2025|2025,election,uma_risk_exposed,543259,Will Andrónico Rodríguez win the 2025 Bolivia presidential election?,0,Yes,21349083717605037525723335754807560771874175181325455859992777238860289139531,False,binary_yes_token_price,KXBOLIVIAPRES-25-AR,Who will win the Bolivian presidential election?,Andrónico Rodríguez,7326758.679552,7326758.679552,0.28,0.26,0.020000000000000018,2025-07-13 13:06:19-07:00,2025-07-13 16:39:29.453779-07:00,0.78,deterministic_contract_key
zelensky_suit,2025-06-30,2025-07-08,2025_07_13_close_1700_PT,2025-07-14 00:00:00+00:00,2025-07-13 17:00:00-07:00,2025-07-13,13,1,election|win|branko_marinkovi|bolivia_president|year:2025|2025|543274|17849683858069937637491725401516486250615904612932801425636311554981022266375|KXBOLIVIAPRES-25-BM,election|win|branko_marinkovi|bolivia_president|year:2025|2025,election,uma_risk_exposed,543274,Will Branko Marinković win the 2025 Bolivia presidential election?,0,Yes,17849683858069937637491725401516486250615904612932801425636311554981022266375,False,binary_yes_token_price,KXBOLIVIAPRES-25-BM,Who will win the Bolivian presidential election?,Branko Marinković,337382.708581,337382.708581,0.002,0.09,-0.088,2025-07-13 08:27:39-07:00,2025-06-21 10:37:22.687062-07:00,0.78,deterministic_contract_key
zelensky_suit,2025-06-30,2025-07-08,2025_07_13_close_1700_PT,2025-07-14 00:00:00+00:00,2025-07-13 17:00:00-07:00,2025-07-13,13,1,election|win|chi_hyun_chung|bolivia_president|year:2025|2025|543263|65182144144608433456123000312637003192540674831461667961211058718188030456494|KXBOLIVIAPRES-25-CHC,election|win|chi_hyun_chung|bolivia_president|year:2025|2025,election,uma_risk_exposed,543263,Will Chi Hyun Chung win the 2025 Bolivia presidential election?,0,Yes,65182144144608433456123000312637003192540674831461667961211058718188030456494,False,binary_yes_token_price,KXBOLIVIAPRES-25-CHC,Who will win the Bolivian presidential election?,Chi Hyun Chung,119579.506818,119579.506818,0.001,0.06,-0.059,2025-07-13 13:38:55-07:00,2025-06-03 12:59:43.587279-07:00,0.78,deterministic_contract_key
zelensky_suit,2025-06-30,2025-07-08,2025_07_13_close_1700_PT,2025-07-14 00:00:00+00:00,2025-07-13 17:00:00-07:00,2025-07-13,13,1,election|win|jack_ciattarelli|new_jersey_governor|year:2025|2025|551143|53937473648188783569836457104933054364348579768036516690207399280597410899636|GOVPARTYNJ-25-R,election|win|jack_ciattarelli|new_jersey_governor|year:2025|2025,election,uma_risk_exposed,551143,Will Jack Ciattarelli win the New Jersey Governor Election in 2025,0,Yes,53937473648188783569836457104933054364348579768036516690207399280597410899636,False,binary_yes_token_price,GOVPARTYNJ-25-R,Will Jack Ciattarelli win the 2025 New Jersey gubernatorial election?,Jack Ciattarelli,6037389.579269,6037389.579269,0.15,0.16,-0.010000000000000009,2025-07-09 16:49:43-07:00,2025-07-13 11:49:39.462284-07:00,0.78,deterministic_contract_key
zelensky_suit,2025-06-30,2025-07-08,2025_07_13_close_1700_PT,2025-07-14 00:00:00+00:00,2025-07-13 17:00:00-07:00,2025-07-13,13,1,election|win|luis_arce|bolivia_president|year:2025|2025|543258|111174020960637389416810264600941186414004753111164399059354703606902594067832|KXBOLIVIAPRES-25-LA,election|win|luis_arce|bolivia_president|year:2025|2025,election,uma_risk_exposed,543258,Will Luis Arce win the 2025 Bolivia presidential election?,0,Yes,111174020960637389416810264600941186414004753111164399059354703606902594067832,False,binary_yes_token_price,KXBOLIVIAPRES-25-LA,Who will win the Bolivian presidential election?,Luis Arce,203278.343149,203278.343149,0.002,0.04,-0.038,2025-07-13 15:09:49-07:00,2025-06-19 13:55:54.437219-07:00,0.78,deterministic_contract_key
zelensky_suit,2025-06-30,2025-07-08,2025_07_13_close_1700_PT,2025-07-14 00:00:00+00:00,2025-07-13 17:00:00-07:00,2025-07-13,13,1,election|win|manfred_reyes_villa|bolivia_president|year:2025|2025|543261|6152631328921183884174711861052249809252829304303011603856221267194446351460|KXBOLIVIAPRES-25-MRV,election|win|manfred_reyes_villa|bolivia_president|year:2025|2025,election,uma_risk_exposed,543261,Will Manfred Reyes Villa win the 2025 Bolivia presidential election?,0,Yes,6152631328921183884174711861052249809252829304303011603856221267194446351460,False,binary_yes_token_price,KXBOLIVIAPRES-25-MRV,Who will win the Bolivian presidential election?,Manfred Reyes Villa,842586.658604,842586.658604,0.03000001127925981,0.01,0.020000011279259808,2025-07-13 15:58:39-07:00,2025-07-12 06:35:12.438619-07:00,0.78,deterministic_contract_key
zelensky_suit,2025-06-30,2025-07-08,2025_07_13_close_1700_PT,2025-07-14 00:00:00+00:00,2025-07-13 17:00:00-07:00,2025-07-13,13,1,election|win|mikie_sherrill|new_jersey_governor|year:2025|2025|551137|23056089932958374419797522644901592808991002026498053086166940911059008923379|GOVPARTYNJ-25-D,election|win|mikie_sherrill|new_jersey_governor|year:2025|2025,election,uma_risk_exposed,551137,Will Mikie Sherrill win the New Jersey Governor Election in 2025,0,Yes,23056089932958374419797522644901592808991002026498053086166940911059008923379,False,binary_yes_token_price,GOVPARTYNJ-25-D,Will Mikie Sherrill win the 2025 New Jersey gubernatorial election?,Mikie Sherrill,7479198.557189,7479198.557189,0.8599999991399997,0.83,0.029999999139999733,2025-07-13 15:53:39-07:00,2025-07-13 08:13:15.391661-07:00,0.78,deterministic_contract_key
zelensky_suit,2025-06-30,2025-07-08,2025_07_13_close_1700_PT,2025-07-14 00:00:00+00:00,2025-07-13 17:00:00-07:00,2025-07-13,13,1,election|win|samuel_doria_medina|bolivia_president|year:2025|2025|543260|86337476411225396782940416611040694123774553224828196996839974817619931765236|KXBOLIVIAPRES-25-SDM,election|win|samuel_doria_medina|bolivia_president|year:2025|2025,election,uma_risk_exposed,543260,Will Samuel Doria Medina win the 2025 Bolivia presidential election?,0,Yes,86337476411225396782940416611040694123774553224828196996839974817619931765236,False,binary_yes_token_price,KXBOLIVIAPRES-25-SDM,Who will win the Bolivian presidential election?,Samuel Doria Medina,1166200.271818,1166200.271818,0.47,0.51,-0.040000000000000036,2025-07-13 16:45:31-07:00,2025-07-13 11:27:40.319612-07:00,0.78,deterministic_contract_key
zelensky_suit,2025-06-30,2025-07-08,2025_07_13_close_1700_PT,2025-07-14 00:00:00+00:00,2025-07-13 17:00:00-07:00,2025-07-13,13,1,leader_contact|meet|donald_trump|vladimir_putin|year:2025|536502|38401695605203516602153122926538006647911743428951157094417724792317068872612|KXWLEADER-25-VP,leader_contact|meet|donald_trump|vladimir_putin|year:2025,leader_contact,uma_risk_exposed,536502,Will Trump meet with Vladimir Putin in 2025?,0,Yes,38401695605203516602153122926538006647911743428951157094417724792317068872612,False,binary_yes_token_price,KXWLEADER-25-VP,Will Trump meet with Vladimir Putin before 2026?,Vladimir Putin,471641.4171,471641.4171,0.2699999369999937,0.29,-0.020000063000006285,2025-07-13 13:23:53-07:00,2025-07-13 06:52:00.491035-07:00,0.92,deterministic_contract_key
zelensky_suit,2025-06-30,2025-07-08,2025_07_13_close_1700_PT,2025-07-14 00:00:00+00:00,2025-07-13 17:00:00-07:00,2025-07-13,13,1,leader_contact|visit|donald_trump|israel|before:2025-08-01|555433|75803083113304481871189130325120880199300493552616311390383002363547475167443|KXTRUMPVISITISRAEL-25,leader_contact|visit|donald_trump|israel|before:2025-08-01,leader_contact,uma_risk_exposed,555433,Will Trump visit Israel before August?,0,Yes,75803083113304481871189130325120880199300493552616311390383002363547475167443,False,binary_yes_token_price,KXTRUMPVISITISRAEL-25,"Will Trump visit Israel before Aug 1, 2025?","Before Aug 1, 2025",31959.539865,31959.539865,0.014,0.01,0.004,2025-07-13 10:47:55-07:00,2025-07-13 09:06:26.890572-07:00,0.92,deterministic_contract_key
zelensky_suit,2025-06-30,2025-07-08,2025_07_13_close_1700_PT,2025-07-14 00:00:00+00:00,2025-07-13 17:00:00-07:00,2025-07-13,13,1,office_exit|leave_office|jerome_powell|year:2025|520930|44446628319261786751896876365833910598445252343588252409740203088317210950410|LEAVEPOWELL-25-DEC31,office_exit|leave_office|jerome_powell|year:2025,office_exit,uma_risk_exposed,520930,Jerome Powell out as Fed Chair in 2025?,0,Yes,44446628319261786751896876365833910598445252343588252409740203088317210950410,False,binary_yes_token_price,LEAVEPOWELL-25-DEC31,Powell leaves before 2026?,Before 2026,11760101.336012,11760101.336012,0.17999999928,0.19,-0.010000000720000013,2025-07-13 16:59:23-07:00,2025-07-13 16:51:28.608115-07:00,0.88,deterministic_contract_key
zelensky_suit,2025-06-30,2025-07-08,2025_07_13_close_1700_PT,2025-07-14 00:00:00+00:00,2025-07-13 17:00:00-07:00,2025-07-13,13,1,office_exit|leave_office|vladimir_putin|year:2025|527807|96309695544495520203095223116782609207881514291963878378807412991184449319557|KXLEADEROUT-25-VPUT,office_exit|leave_office|vladimir_putin|year:2025,office_exit,uma_risk_exposed,527807,Will Vladimir Putin be the first leader out in 2025?,0,Yes,96309695544495520203095223116782609207881514291963878378807412991184449319557,False,binary_yes_token_price,KXLEADEROUT-25-VPUT,Vladimir Putin out this year?,Vladimir Putin,1782662.475384,1782662.475384,0.013,0.02,-0.007000000000000001,2025-07-13 02:18:06-07:00,2025-07-11 14:06:09.356128-07:00,0.88,deterministic_contract_key
zelensky_suit,2025-06-30,2025-07-08,2025_07_13_close_1700_PT,2025-07-14 00:00:00+00:00,2025-07-13 17:00:00-07:00,2025-07-13,13,1,office_exit|leave_office|xi_jinping|year:2025|527808|58879554417654245921504722538657003216070105934999990003805612960977670880586|KXLEADEROUT-25-XJIN,office_exit|leave_office|xi_jinping|year:2025,office_exit,uma_risk_exposed,527808,Will Xi Jinping be the first leader out in 2025?,0,Yes,58879554417654245921504722538657003216070105934999990003805612960977670880586,False,binary_yes_token_price,KXLEADEROUT-25-XJIN,Xi Jinping out this year?,Xi Jinping,1833966.373545,1833966.373545,0.052,0.01,0.041999999999999996,2025-07-13 16:41:59-07:00,2025-07-13 09:01:36.961601-07:00,0.88,deterministic_contract_key
zelensky_suit,2025-06-30,2025-07-08,2025_07_13_close_1700_PT,2025-07-14 00:00:00+00:00,2025-07-13 17:00:00-07:00,2025-07-13,13,1,office_exit|leave_office|xi_jinping|year:2025|551963|114304586861386186441621124384163963092522056897081085884483958561365015034812|KXLEADEROUT-25-XJIN,office_exit|leave_office|xi_jinping|year:2025,office_exit,uma_risk_exposed,551963,Xi Jinping out in 2025?,0,Yes,114304586861386186441621124384163963092522056897081085884483958561365015034812,False,binary_yes_token_price,KXLEADEROUT-25-XJIN,Xi Jinping out this year?,Xi Jinping,78655911.742866,78655911.742866,0.08000000055089827,0.01,0.07000000055089828,2025-07-13 14:58:53-07:00,2025-07-13 09:01:36.961601-07:00,0.88,deterministic_contract_key
zelensky_suit,2025-06-30,2025-07-08,2025_07_13_close_1700_PT,2025-07-14 00:00:00+00:00,2025-07-13 17:00:00-07:00,2025-07-13,13,1,office_exit|resign|volodymyr_zelenskyy|year:2025|525157|74129046843921940913413587682588886122583847748489066762857187137233978267670|KXUKRAINERESIGN-26,office_exit|resign|volodymyr_zelenskyy|year:2025,office_exit,uma_risk_exposed,525157,Zelensky resigns in 2025?,0,Yes,74129046843921940913413587682588886122583847748489066762857187137233978267670,False,binary_yes_token_price,KXUKRAINERESIGN-26,"Will Volodymyr Zelenskyy resign before Jan 1, 2026?",Before 2026,639799.279247,639799.279247,0.08,0.07,0.009999999999999995,2025-07-12 16:02:24-07:00,2025-07-13 04:26:22.964529-07:00,0.88,deterministic_contract_key
zelensky_suit,2025-06-30,2025-07-08,2025_07_13_close_1700_PT,2025-07-14 00:00:00+00:00,2025-07-13 17:00:00-07:00,2025-07-13,13,1,policy_action|create|national_bitcoin_reserve|united_states|year:2025|516937|83894672511259544049673946661753374355328822374216474995072428966535091173758|KXBTCRESERVE-26-JAN01,policy_action|create|national_bitcoin_reserve|united_states|year:2025,policy_action,uma_risk_exposed,516937,US national Bitcoin reserve in 2025?,0,Yes,83894672511259544049673946661753374355328822374216474995072428966535091173758,False,binary_yes_token_price,KXBTCRESERVE-26-JAN01,"Will Trump create a National Bitcoin Reserve before Jan 1, 2026?","Before Jan 1, 2026",5526758.797978,5526758.797978,0.32,0.31,0.010000000000000009,2025-07-13 10:37:55-07:00,2025-07-13 15:48:27.634975-07:00,0.78,deterministic_contract_key
zelensky_suit,2025-06-30,2025-07-08,2025_07_13_close_1700_PT,2025-07-14 00:00:00+00:00,2025-07-13 17:00:00-07:00,2025-07-13,13,1,policy_action|eliminate|department_of_education|united_states|year:2025|523188|60661165588332286306443081468695135979348107944620337686282849990456442563142|KXDOED-26-JAN01,policy_action|eliminate|department_of_education|united_states|year:2025,policy_action,uma_risk_exposed,523188,Will Trump end Department of Education in 2025?,0,Yes,60661165588332286306443081468695135979348107944620337686282849990456442563142,False,binary_yes_token_price,KXDOED-26-JAN01,"Will the Department of Education be eliminated before Jan 1, 2026?","Before Jan 1, 2026",900396.416301,900396.416301,0.07,0.05,0.020000000000000004,2025-07-13 11:44:59-07:00,2025-07-13 13:37:08.618758-07:00,0.78,deterministic_contract_key
zelensky_suit,2025-06-30,2025-07-08,2025_07_13_close_1700_PT,2025-07-14 00:00:00+00:00,2025-07-13 17:00:00-07:00,2025-07-13,13,1,policy_action|start|recession|united_states|year:2025|516710|104173557214744537570424345347209544585775842950109756851652855913015295701992|RECSSNBER-25,policy_action|start|recession|united_states|year:2025,policy_action,uma_risk_exposed,516710,US recession in 2025?,0,Yes,104173557214744537570424345347209544585775842950109756851652855913015295701992,False,binary_yes_token_price,RECSSNBER-25,Will there be a recession in 2025?,Starts,11734512.428529,11734512.428529,0.19,0.21,-0.01999999999999999,2025-07-13 16:46:29-07:00,2025-07-13 15:35:10.654183-07:00,0.78,deterministic_contract_key
zelensky_suit,2025-06-30,2025-07-08,2025_07_14_open_0500_PT,2025-07-14 12:00:00+00:00,2025-07-14 05:00:00-07:00,2025-07-14,14,1,election|win|andr_nico_rodr_guez|bolivia_president|year:2025|2025|543259|21349083717605037525723335754807560771874175181325455859992777238860289139531|KXBOLIVIAPRES-25-AR,election|win|andr_nico_rodr_guez|bolivia_president|year:2025|2025,election,uma_risk_exposed,543259,Will Andrónico Rodríguez win the 2025 Bolivia presidential election?,0,Yes,21349083717605037525723335754807560771874175181325455859992777238860289139531,False,binary_yes_token_price,KXBOLIVIAPRES-25-AR,Who will win the Bolivian presidential election?,Andrónico Rodríguez,7326758.679552,7326758.679552,0.27,0.26,0.010000000000000009,2025-07-14 04:39:16-07:00,2025-07-13 16:39:29.453779-07:00,0.78,deterministic_contract_key
zelensky_suit,2025-06-30,2025-07-08,2025_07_14_open_0500_PT,2025-07-14 12:00:00+00:00,2025-07-14 05:00:00-07:00,2025-07-14,14,1,election|win|branko_marinkovi|bolivia_president|year:2025|2025|543274|17849683858069937637491725401516486250615904612932801425636311554981022266375|KXBOLIVIAPRES-25-BM,election|win|branko_marinkovi|bolivia_president|year:2025|2025,election,uma_risk_exposed,543274,Will Branko Marinković win the 2025 Bolivia presidential election?,0,Yes,17849683858069937637491725401516486250615904612932801425636311554981022266375,False,binary_yes_token_price,KXBOLIVIAPRES-25-BM,Who will win the Bolivian presidential election?,Branko Marinković,337382.708581,337382.708581,0.002,0.09,-0.088,2025-07-13 19:27:31-07:00,2025-06-21 10:37:22.687062-07:00,0.78,deterministic_contract_key
zelensky_suit,2025-06-30,2025-07-08,2025_07_14_open_0500_PT,2025-07-14 12:00:00+00:00,2025-07-14 05:00:00-07:00,2025-07-14,14,1,election|win|chi_hyun_chung|bolivia_president|year:2025|2025|543263|65182144144608433456123000312637003192540674831461667961211058718188030456494|KXBOLIVIAPRES-25-CHC,election|win|chi_hyun_chung|bolivia_president|year:2025|2025,election,uma_risk_exposed,543263,Will Chi Hyun Chung win the 2025 Bolivia presidential election?,0,Yes,65182144144608433456123000312637003192540674831461667961211058718188030456494,False,binary_yes_token_price,KXBOLIVIAPRES-25-CHC,Who will win the Bolivian presidential election?,Chi Hyun Chung,119579.506818,119579.506818,0.002,0.06,-0.057999999999999996,2025-07-14 04:01:04-07:00,2025-06-03 12:59:43.587279-07:00,0.78,deterministic_contract_key
zelensky_suit,2025-06-30,2025-07-08,2025_07_14_open_0500_PT,2025-07-14 12:00:00+00:00,2025-07-14 05:00:00-07:00,2025-07-14,14,1,election|win|jack_ciattarelli|new_jersey_governor|year:2025|2025|551143|53937473648188783569836457104933054364348579768036516690207399280597410899636|GOVPARTYNJ-25-R,election|win|jack_ciattarelli|new_jersey_governor|year:2025|2025,election,uma_risk_exposed,551143,Will Jack Ciattarelli win the New Jersey Governor Election in 2025,0,Yes,53937473648188783569836457104933054364348579768036516690207399280597410899636,False,binary_yes_token_price,GOVPARTYNJ-25-R,Will Jack Ciattarelli win the 2025 New Jersey gubernatorial election?,Jack Ciattarelli,6037389.579269,6037389.579269,0.15,0.16,-0.010000000000000009,2025-07-09 16:49:43-07:00,2025-07-14 03:24:35.380453-07:00,0.78,deterministic_contract_key
zelensky_suit,2025-06-30,2025-07-08,2025_07_14_open_0500_PT,2025-07-14 12:00:00+00:00,2025-07-14 05:00:00-07:00,2025-07-14,14,1,election|win|luis_arce|bolivia_president|year:2025|2025|543258|111174020960637389416810264600941186414004753111164399059354703606902594067832|KXBOLIVIAPRES-25-LA,election|win|luis_arce|bolivia_president|year:2025|2025,election,uma_risk_exposed,543258,Will Luis Arce win the 2025 Bolivia presidential election?,0,Yes,111174020960637389416810264600941186414004753111164399059354703606902594067832,False,binary_yes_token_price,KXBOLIVIAPRES-25-LA,Who will win the Bolivian presidential election?,Luis Arce,203278.343149,203278.343149,0.001,0.04,-0.039,2025-07-14 04:20:10-07:00,2025-06-19 13:55:54.437219-07:00,0.78,deterministic_contract_key
zelensky_suit,2025-06-30,2025-07-08,2025_07_14_open_0500_PT,2025-07-14 12:00:00+00:00,2025-07-14 05:00:00-07:00,2025-07-14,14,1,election|win|manfred_reyes_villa|bolivia_president|year:2025|2025|543261|6152631328921183884174711861052249809252829304303011603856221267194446351460|KXBOLIVIAPRES-25-MRV,election|win|manfred_reyes_villa|bolivia_president|year:2025|2025,election,uma_risk_exposed,543261,Will Manfred Reyes Villa win the 2025 Bolivia presidential election?,0,Yes,6152631328921183884174711861052249809252829304303011603856221267194446351460,False,binary_yes_token_price,KXBOLIVIAPRES-25-MRV,Who will win the Bolivian presidential election?,Manfred Reyes Villa,842586.658604,842586.658604,0.023,0.01,0.013,2025-07-14 04:56:24-07:00,2025-07-12 06:35:12.438619-07:00,0.78,deterministic_contract_key
zelensky_suit,2025-06-30,2025-07-08,2025_07_14_open_0500_PT,2025-07-14 12:00:00+00:00,2025-07-14 05:00:00-07:00,2025-07-14,14,1,election|win|mikie_sherrill|new_jersey_governor|year:2025|2025|551137|23056089932958374419797522644901592808991002026498053086166940911059008923379|GOVPARTYNJ-25-D,election|win|mikie_sherrill|new_jersey_governor|year:2025|2025,election,uma_risk_exposed,551137,Will Mikie Sherrill win the New Jersey Governor Election in 2025,0,Yes,23056089932958374419797522644901592808991002026498053086166940911059008923379,False,binary_yes_token_price,GOVPARTYNJ-25-D,Will Mikie Sherrill win the 2025 New Jersey gubernatorial election?,Mikie Sherrill,7479198.557189,7479198.557189,0.86,0.84,0.020000000000000018,2025-07-14 00:04:49-07:00,2025-07-14 03:34:00.778140-07:00,0.78,deterministic_contract_key
zelensky_suit,2025-06-30,2025-07-08,2025_07_14_open_0500_PT,2025-07-14 12:00:00+00:00,2025-07-14 05:00:00-07:00,2025-07-14,14,1,election|win|samuel_doria_medina|bolivia_president|year:2025|2025|543260|86337476411225396782940416611040694123774553224828196996839974817619931765236|KXBOLIVIAPRES-25-SDM,election|win|samuel_doria_medina|bolivia_president|year:2025|2025,election,uma_risk_exposed,543260,Will Samuel Doria Medina win the 2025 Bolivia presidential election?,0,Yes,86337476411225396782940416611040694123774553224828196996839974817619931765236,False,binary_yes_token_price,KXBOLIVIAPRES-25-SDM,Who will win the Bolivian presidential election?,Samuel Doria Medina,1166200.271818,1166200.271818,0.46999995655458937,0.46,0.009999956554589351,2025-07-14 03:40:08-07:00,2025-07-14 00:24:43.152134-07:00,0.78,deterministic_contract_key
zelensky_suit,2025-06-30,2025-07-08,2025_07_14_open_0500_PT,2025-07-14 12:00:00+00:00,2025-07-14 05:00:00-07:00,2025-07-14,14,1,leader_contact|meet|donald_trump|vladimir_putin|year:2025|536502|38401695605203516602153122926538006647911743428951157094417724792317068872612|KXWLEADER-25-VP,leader_contact|meet|donald_trump|vladimir_putin|year:2025,leader_contact,uma_risk_exposed,536502,Will Trump meet with Vladimir Putin in 2025?,0,Yes,38401695605203516602153122926538006647911743428951157094417724792317068872612,False,binary_yes_token_price,KXWLEADER-25-VP,Will Trump meet with Vladimir Putin before 2026?,Vladimir Putin,471641.4171,471641.4171,0.2699999369999937,0.3,-0.030000063000006294,2025-07-13 13:23:53-07:00,2025-07-14 03:36:38.443230-07:00,0.92,deterministic_contract_key
zelensky_suit,2025-06-30,2025-07-08,2025_07_14_open_0500_PT,2025-07-14 12:00:00+00:00,2025-07-14 05:00:00-07:00,2025-07-14,14,1,leader_contact|visit|donald_trump|israel|before:2025-08-01|555433|75803083113304481871189130325120880199300493552616311390383002363547475167443|KXTRUMPVISITISRAEL-25,leader_contact|visit|donald_trump|israel|before:2025-08-01,leader_contact,uma_risk_exposed,555433,Will Trump visit Israel before August?,0,Yes,75803083113304481871189130325120880199300493552616311390383002363547475167443,False,binary_yes_token_price,KXTRUMPVISITISRAEL-25,"Will Trump visit Israel before Aug 1, 2025?","Before Aug 1, 2025",31959.539865,31959.539865,0.014,0.06,-0.046,2025-07-13 18:15:30-07:00,2025-07-14 04:32:23.883081-07:00,0.92,deterministic_contract_key
zelensky_suit,2025-06-30,2025-07-08,2025_07_14_open_0500_PT,2025-07-14 12:00:00+00:00,2025-07-14 05:00:00-07:00,2025-07-14,14,1,office_exit|leave_office|jerome_powell|year:2025|520930|44446628319261786751896876365833910598445252343588252409740203088317210950410|LEAVEPOWELL-25-DEC31,office_exit|leave_office|jerome_powell|year:2025,office_exit,uma_risk_exposed,520930,Jerome Powell out as Fed Chair in 2025?,0,Yes,44446628319261786751896876365833910598445252343588252409740203088317210950410,False,binary_yes_token_price,LEAVEPOWELL-25-DEC31,Powell leaves before 2026?,Before 2026,11760101.336012,11760101.336012,0.18999999745399998,0.22,-0.03000000254600002,2025-07-14 04:34:14-07:00,2025-07-14 04:50:42.484983-07:00,0.88,deterministic_contract_key
zelensky_suit,2025-06-30,2025-07-08,2025_07_14_open_0500_PT,2025-07-14 12:00:00+00:00,2025-07-14 05:00:00-07:00,2025-07-14,14,1,office_exit|leave_office|vladimir_putin|year:2025|527807|96309695544495520203095223116782609207881514291963878378807412991184449319557|KXLEADEROUT-25-VPUT,office_exit|leave_office|vladimir_putin|year:2025,office_exit,uma_risk_exposed,527807,Will Vladimir Putin be the first leader out in 2025?,0,Yes,96309695544495520203095223116782609207881514291963878378807412991184449319557,False,binary_yes_token_price,KXLEADEROUT-25-VPUT,Vladimir Putin out this year?,Vladimir Putin,1782662.475384,1782662.475384,0.011,0.02,-0.009000000000000001,2025-07-14 03:24:52-07:00,2025-07-11 14:06:09.356128-07:00,0.88,deterministic_contract_key
zelensky_suit,2025-06-30,2025-07-08,2025_07_14_open_0500_PT,2025-07-14 12:00:00+00:00,2025-07-14 05:00:00-07:00,2025-07-14,14,1,office_exit|leave_office|xi_jinping|year:2025|527808|58879554417654245921504722538657003216070105934999990003805612960977670880586|KXLEADEROUT-25-XJIN,office_exit|leave_office|xi_jinping|year:2025,office_exit,uma_risk_exposed,527808,Will Xi Jinping be the first leader out in 2025?,0,Yes,58879554417654245921504722538657003216070105934999990003805612960977670880586,False,binary_yes_token_price,KXLEADEROUT-25-XJIN,Xi Jinping out this year?,Xi Jinping,1833966.373545,1833966.373545,0.06,0.01,0.049999999999999996,2025-07-14 00:56:55-07:00,2025-07-14 03:17:54.077220-07:00,0.88,deterministic_contract_key
zelensky_suit,2025-06-30,2025-07-08,2025_07_14_open_0500_PT,2025-07-14 12:00:00+00:00,2025-07-14 05:00:00-07:00,2025-07-14,14,1,office_exit|leave_office|xi_jinping|year:2025|551963|114304586861386186441621124384163963092522056897081085884483958561365015034812|KXLEADEROUT-25-XJIN,office_exit|leave_office|xi_jinping|year:2025,office_exit,uma_risk_exposed,551963,Xi Jinping out in 2025?,0,Yes,114304586861386186441621124384163963092522056897081085884483958561365015034812,False,binary_yes_token_price,KXLEADEROUT-25-XJIN,Xi Jinping out this year?,Xi Jinping,78655911.742866,78655911.742866,0.09,0.01,0.08,2025-07-14 04:59:58-07:00,2025-07-14 03:17:54.077220-07:00,0.88,deterministic_contract_key
zelensky_suit,2025-06-30,2025-07-08,2025_07_14_open_0500_PT,2025-07-14 12:00:00+00:00,2025-07-14 05:00:00-07:00,2025-07-14,14,1,office_exit|resign|volodymyr_zelenskyy|year:2025|525157|74129046843921940913413587682588886122583847748489066762857187137233978267670|KXUKRAINERESIGN-26,office_exit|resign|volodymyr_zelenskyy|year:2025,office_exit,uma_risk_exposed,525157,Zelensky resigns in 2025?,0,Yes,74129046843921940913413587682588886122583847748489066762857187137233978267670,False,binary_yes_token_price,KXUKRAINERESIGN-26,"Will Volodymyr Zelenskyy resign before Jan 1, 2026?",Before 2026,639799.279247,639799.279247,0.08,0.07,0.009999999999999995,2025-07-12 16:02:24-07:00,2025-07-13 04:26:22.964529-07:00,0.88,deterministic_contract_key
zelensky_suit,2025-06-30,2025-07-08,2025_07_14_open_0500_PT,2025-07-14 12:00:00+00:00,2025-07-14 05:00:00-07:00,2025-07-14,14,1,policy_action|create|national_bitcoin_reserve|united_states|year:2025|516937|83894672511259544049673946661753374355328822374216474995072428966535091173758|KXBTCRESERVE-26-JAN01,policy_action|create|national_bitcoin_reserve|united_states|year:2025,policy_action,uma_risk_exposed,516937,US national Bitcoin reserve in 2025?,0,Yes,83894672511259544049673946661753374355328822374216474995072428966535091173758,False,binary_yes_token_price,KXBTCRESERVE-26-JAN01,"Will Trump create a National Bitcoin Reserve before Jan 1, 2026?","Before Jan 1, 2026",5526758.797978,5526758.797978,0.32,0.31,0.010000000000000009,2025-07-14 04:27:30-07:00,2025-07-14 03:50:59.889389-07:00,0.78,deterministic_contract_key
zelensky_suit,2025-06-30,2025-07-08,2025_07_14_open_0500_PT,2025-07-14 12:00:00+00:00,2025-07-14 05:00:00-07:00,2025-07-14,14,1,policy_action|eliminate|department_of_education|united_states|year:2025|523188|60661165588332286306443081468695135979348107944620337686282849990456442563142|KXDOED-26-JAN01,policy_action|eliminate|department_of_education|united_states|year:2025,policy_action,uma_risk_exposed,523188,Will Trump end Department of Education in 2025?,0,Yes,60661165588332286306443081468695135979348107944620337686282849990456442563142,False,binary_yes_token_price,KXDOED-26-JAN01,"Will the Department of Education be eliminated before Jan 1, 2026?","Before Jan 1, 2026",900396.416301,900396.416301,0.07,0.05,0.020000000000000004,2025-07-13 11:44:59-07:00,2025-07-14 02:28:11.320996-07:00,0.78,deterministic_contract_key
zelensky_suit,2025-06-30,2025-07-08,2025_07_14_open_0500_PT,2025-07-14 12:00:00+00:00,2025-07-14 05:00:00-07:00,2025-07-14,14,1,policy_action|start|recession|united_states|year:2025|516710|104173557214744537570424345347209544585775842950109756851652855913015295701992|RECSSNBER-25,policy_action|start|recession|united_states|year:2025,policy_action,uma_risk_exposed,516710,US recession in 2025?,0,Yes,104173557214744537570424345347209544585775842950109756851652855913015295701992,False,binary_yes_token_price,RECSSNBER-25,Will there be a recession in 2025?,Starts,11734512.428529,11734512.428529,0.21,0.2,0.009999999999999981,2025-07-14 04:49:50-07:00,2025-07-14 04:59:45.406401-07:00,0.78,deterministic_contract_key
zelensky_suit,2025-06-30,2025-07-08,2025_07_14_close_1700_PT,2025-07-15 00:00:00+00:00,2025-07-14 17:00:00-07:00,2025-07-14,14,1,election|win|andr_nico_rodr_guez|bolivia_president|year:2025|2025|543259|21349083717605037525723335754807560771874175181325455859992777238860289139531|KXBOLIVIAPRES-25-AR,election|win|andr_nico_rodr_guez|bolivia_president|year:2025|2025,election,uma_risk_exposed,543259,Will Andrónico Rodríguez win the 2025 Bolivia presidential election?,0,Yes,21349083717605037525723335754807560771874175181325455859992777238860289139531,False,binary_yes_token_price,KXBOLIVIAPRES-25-AR,Who will win the Bolivian presidential election?,Andrónico Rodríguez,7326758.679552,7326758.679552,0.25,0.26,-0.010000000000000009,2025-07-14 13:24:44-07:00,2025-07-13 16:39:29.453779-07:00,0.78,deterministic_contract_key
zelensky_suit,2025-06-30,2025-07-08,2025_07_14_close_1700_PT,2025-07-15 00:00:00+00:00,2025-07-14 17:00:00-07:00,2025-07-14,14,1,election|win|branko_marinkovi|bolivia_president|year:2025|2025|543274|17849683858069937637491725401516486250615904612932801425636311554981022266375|KXBOLIVIAPRES-25-BM,election|win|branko_marinkovi|bolivia_president|year:2025|2025,election,uma_risk_exposed,543274,Will Branko Marinković win the 2025 Bolivia presidential election?,0,Yes,17849683858069937637491725401516486250615904612932801425636311554981022266375,False,binary_yes_token_price,KXBOLIVIAPRES-25-BM,Who will win the Bolivian presidential election?,Branko Marinković,337382.708581,337382.708581,0.001,0.09,-0.089,2025-07-14 14:48:47-07:00,2025-06-21 10:37:22.687062-07:00,0.78,deterministic_contract_key
zelensky_suit,2025-06-30,2025-07-08,2025_07_14_close_1700_PT,2025-07-15 00:00:00+00:00,2025-07-14 17:00:00-07:00,2025-07-14,14,1,election|win|chi_hyun_chung|bolivia_president|year:2025|2025|543263|65182144144608433456123000312637003192540674831461667961211058718188030456494|KXBOLIVIAPRES-25-CHC,election|win|chi_hyun_chung|bolivia_president|year:2025|2025,election,uma_risk_exposed,543263,Will Chi Hyun Chung win the 2025 Bolivia presidential election?,0,Yes,65182144144608433456123000312637003192540674831461667961211058718188030456494,False,binary_yes_token_price,KXBOLIVIAPRES-25-CHC,Who will win the Bolivian presidential election?,Chi Hyun Chung,119579.506818,119579.506818,0.001,0.06,-0.059,2025-07-14 14:56:17-07:00,2025-06-03 12:59:43.587279-07:00,0.78,deterministic_contract_key
zelensky_suit,2025-06-30,2025-07-08,2025_07_14_close_1700_PT,2025-07-15 00:00:00+00:00,2025-07-14 17:00:00-07:00,2025-07-14,14,1,election|win|jack_ciattarelli|new_jersey_governor|year:2025|2025|551143|53937473648188783569836457104933054364348579768036516690207399280597410899636|GOVPARTYNJ-25-R,election|win|jack_ciattarelli|new_jersey_governor|year:2025|2025,election,uma_risk_exposed,551143,Will Jack Ciattarelli win the New Jersey Governor Election in 2025,0,Yes,53937473648188783569836457104933054364348579768036516690207399280597410899636,False,binary_yes_token_price,GOVPARTYNJ-25-R,Will Jack Ciattarelli win the 2025 New Jersey gubernatorial election?,Jack Ciattarelli,6037389.579269,6037389.579269,0.15,0.17,-0.020000000000000018,2025-07-09 16:49:43-07:00,2025-07-14 08:47:28.586178-07:00,0.78,deterministic_contract_key
zelensky_suit,2025-06-30,2025-07-08,2025_07_14_close_1700_PT,2025-07-15 00:00:00+00:00,2025-07-14 17:00:00-07:00,2025-07-14,14,1,election|win|luis_arce|bolivia_president|year:2025|2025|543258|111174020960637389416810264600941186414004753111164399059354703606902594067832|KXBOLIVIAPRES-25-LA,election|win|luis_arce|bolivia_president|year:2025|2025,election,uma_risk_exposed,543258,Will Luis Arce win the 2025 Bolivia presidential election?,0,Yes,111174020960637389416810264600941186414004753111164399059354703606902594067832,False,binary_yes_token_price,KXBOLIVIAPRES-25-LA,Who will win the Bolivian presidential election?,Luis Arce,203278.343149,203278.343149,0.002,0.04,-0.038,2025-07-14 15:41:41-07:00,2025-06-19 13:55:54.437219-07:00,0.78,deterministic_contract_key
zelensky_suit,2025-06-30,2025-07-08,2025_07_14_close_1700_PT,2025-07-15 00:00:00+00:00,2025-07-14 17:00:00-07:00,2025-07-14,14,1,election|win|manfred_reyes_villa|bolivia_president|year:2025|2025|543261|6152631328921183884174711861052249809252829304303011603856221267194446351460|KXBOLIVIAPRES-25-MRV,election|win|manfred_reyes_villa|bolivia_president|year:2025|2025,election,uma_risk_exposed,543261,Will Manfred Reyes Villa win the 2025 Bolivia presidential election?,0,Yes,6152631328921183884174711861052249809252829304303011603856221267194446351460,False,binary_yes_token_price,KXBOLIVIAPRES-25-MRV,Who will win the Bolivian presidential election?,Manfred Reyes Villa,842586.658604,842586.658604,0.023,0.01,0.013,2025-07-14 15:49:41-07:00,2025-07-12 06:35:12.438619-07:00,0.78,deterministic_contract_key
zelensky_suit,2025-06-30,2025-07-08,2025_07_14_close_1700_PT,2025-07-15 00:00:00+00:00,2025-07-14 17:00:00-07:00,2025-07-14,14,1,election|win|mikie_sherrill|new_jersey_governor|year:2025|2025|551137|23056089932958374419797522644901592808991002026498053086166940911059008923379|GOVPARTYNJ-25-D,election|win|mikie_sherrill|new_jersey_governor|year:2025|2025,election,uma_risk_exposed,551137,Will Mikie Sherrill win the New Jersey Governor Election in 2025,0,Yes,23056089932958374419797522644901592808991002026498053086166940911059008923379,False,binary_yes_token_price,GOVPARTYNJ-25-D,Will Mikie Sherrill win the 2025 New Jersey gubernatorial election?,Mikie Sherrill,7479198.557189,7479198.557189,0.86,0.83,0.030000000000000027,2025-07-14 00:04:49-07:00,2025-07-14 10:21:09.590443-07:00,0.78,deterministic_contract_key
zelensky_suit,2025-06-30,2025-07-08,2025_07_14_close_1700_PT,2025-07-15 00:00:00+00:00,2025-07-14 17:00:00-07:00,2025-07-14,14,1,election|win|samuel_doria_medina|bolivia_president|year:2025|2025|543260|86337476411225396782940416611040694123774553224828196996839974817619931765236|KXBOLIVIAPRES-25-SDM,election|win|samuel_doria_medina|bolivia_president|year:2025|2025,election,uma_risk_exposed,543260,Will Samuel Doria Medina win the 2025 Bolivia presidential election?,0,Yes,86337476411225396782940416611040694123774553224828196996839974817619931765236,False,binary_yes_token_price,KXBOLIVIAPRES-25-SDM,Who will win the Bolivian presidential election?,Samuel Doria Medina,1166200.271818,1166200.271818,0.4899999997173077,0.49,-2.826923140020199e-10,2025-07-14 16:20:53-07:00,2025-07-14 12:37:08.296567-07:00,0.78,deterministic_contract_key
zelensky_suit,2025-06-30,2025-07-08,2025_07_14_close_1700_PT,2025-07-15 00:00:00+00:00,2025-07-14 17:00:00-07:00,2025-07-14,14,1,leader_contact|meet|donald_trump|vladimir_putin|year:2025|536502|38401695605203516602153122926538006647911743428951157094417724792317068872612|KXWLEADER-25-VP,leader_contact|meet|donald_trump|vladimir_putin|year:2025,leader_contact,uma_risk_exposed,536502,Will Trump meet with Vladimir Putin in 2025?,0,Yes,38401695605203516602153122926538006647911743428951157094417724792317068872612,False,binary_yes_token_price,KXWLEADER-25-VP,Will Trump meet with Vladimir Putin before 2026?,Vladimir Putin,471641.4171,471641.4171,0.27,0.3,-0.02999999999999997,2025-07-14 08:47:37-07:00,2025-07-14 13:00:58.939712-07:00,0.92,deterministic_contract_key
zelensky_suit,2025-06-30,2025-07-08,2025_07_14_close_1700_PT,2025-07-15 00:00:00+00:00,2025-07-14 17:00:00-07:00,2025-07-14,14,1,leader_contact|visit|donald_trump|israel|before:2025-08-01|555433|75803083113304481871189130325120880199300493552616311390383002363547475167443|KXTRUMPVISITISRAEL-25,leader_contact|visit|donald_trump|israel|before:2025-08-01,leader_contact,uma_risk_exposed,555433,Will Trump visit Israel before August?,0,Yes,75803083113304481871189130325120880199300493552616311390383002363547475167443,False,binary_yes_token_price,KXTRUMPVISITISRAEL-25,"Will Trump visit Israel before Aug 1, 2025?","Before Aug 1, 2025",31959.539865,31959.539865,0.013999986083999917,0.1,-0.0860000139160001,2025-07-14 09:26:06-07:00,2025-07-14 09:52:01.913914-07:00,0.92,deterministic_contract_key
zelensky_suit,2025-06-30,2025-07-08,2025_07_14_close_1700_PT,2025-07-15 00:00:00+00:00,2025-07-14 17:00:00-07:00,2025-07-14,14,1,office_exit|leave_office|jerome_powell|year:2025|520930|44446628319261786751896876365833910598445252343588252409740203088317210950410|LEAVEPOWELL-25-DEC31,office_exit|leave_office|jerome_powell|year:2025,office_exit,uma_risk_exposed,520930,Jerome Powell out as Fed Chair in 2025?,0,Yes,44446628319261786751896876365833910598445252343588252409740203088317210950410,False,binary_yes_token_price,LEAVEPOWELL-25-DEC31,Powell leaves before 2026?,Before 2026,11760101.336012,11760101.336012,0.18,0.19,-0.010000000000000009,2025-07-14 16:41:31-07:00,2025-07-14 16:28:08.855039-07:00,0.88,deterministic_contract_key
zelensky_suit,2025-06-30,2025-07-08,2025_07_14_close_1700_PT,2025-07-15 00:00:00+00:00,2025-07-14 17:00:00-07:00,2025-07-14,14,1,office_exit|leave_office|vladimir_putin|year:2025|527807|96309695544495520203095223116782609207881514291963878378807412991184449319557|KXLEADEROUT-25-VPUT,office_exit|leave_office|vladimir_putin|year:2025,office_exit,uma_risk_exposed,527807,Will Vladimir Putin be the first leader out in 2025?,0,Yes,96309695544495520203095223116782609207881514291963878378807412991184449319557,False,binary_yes_token_price,KXLEADEROUT-25-VPUT,Vladimir Putin out this year?,Vladimir Putin,1782662.475384,1782662.475384,0.009,0.02,-0.011000000000000001,2025-07-14 15:14:07-07:00,2025-07-11 14:06:09.356128-07:00,0.88,deterministic_contract_key
zelensky_suit,2025-06-30,2025-07-08,2025_07_14_close_1700_PT,2025-07-15 00:00:00+00:00,2025-07-14 17:00:00-07:00,2025-07-14,14,1,office_exit|leave_office|xi_jinping|year:2025|527808|58879554417654245921504722538657003216070105934999990003805612960977670880586|KXLEADEROUT-25-XJIN,office_exit|leave_office|xi_jinping|year:2025,office_exit,uma_risk_exposed,527808,Will Xi Jinping be the first leader out in 2025?,0,Yes,58879554417654245921504722538657003216070105934999990003805612960977670880586,False,binary_yes_token_price,KXLEADEROUT-25-XJIN,Xi Jinping out this year?,Xi Jinping,1833966.373545,1833966.373545,0.052,0.01,0.041999999999999996,2025-07-14 15:14:07-07:00,2025-07-14 14:20:54.360619-07:00,0.88,deterministic_contract_key
zelensky_suit,2025-06-30,2025-07-08,2025_07_14_close_1700_PT,2025-07-15 00:00:00+00:00,2025-07-14 17:00:00-07:00,2025-07-14,14,1,office_exit|leave_office|xi_jinping|year:2025|551963|114304586861386186441621124384163963092522056897081085884483958561365015034812|KXLEADEROUT-25-XJIN,office_exit|leave_office|xi_jinping|year:2025,office_exit,uma_risk_exposed,551963,Xi Jinping out in 2025?,0,Yes,114304586861386186441621124384163963092522056897081085884483958561365015034812,False,binary_yes_token_price,KXLEADEROUT-25-XJIN,Xi Jinping out this year?,Xi Jinping,78655911.742866,78655911.742866,0.08,0.01,0.07,2025-07-14 16:07:17-07:00,2025-07-14 14:20:54.360619-07:00,0.88,deterministic_contract_key
zelensky_suit,2025-06-30,2025-07-08,2025_07_14_close_1700_PT,2025-07-15 00:00:00+00:00,2025-07-14 17:00:00-07:00,2025-07-14,14,1,office_exit|resign|volodymyr_zelenskyy|year:2025|525157|74129046843921940913413587682588886122583847748489066762857187137233978267670|KXUKRAINERESIGN-26,office_exit|resign|volodymyr_zelenskyy|year:2025,office_exit,uma_risk_exposed,525157,Zelensky resigns in 2025?,0,Yes,74129046843921940913413587682588886122583847748489066762857187137233978267670,False,binary_yes_token_price,KXUKRAINERESIGN-26,"Will Volodymyr Zelenskyy resign before Jan 1, 2026?",Before 2026,639799.279247,639799.279247,0.08,0.07,0.009999999999999995,2025-07-14 07:35:52-07:00,2025-07-14 13:52:32.112040-07:00,0.88,deterministic_contract_key
zelensky_suit,2025-06-30,2025-07-08,2025_07_14_close_1700_PT,2025-07-15 00:00:00+00:00,2025-07-14 17:00:00-07:00,2025-07-14,14,1,policy_action|create|national_bitcoin_reserve|united_states|year:2025|516937|83894672511259544049673946661753374355328822374216474995072428966535091173758|KXBTCRESERVE-26-JAN01,policy_action|create|national_bitcoin_reserve|united_states|year:2025,policy_action,uma_risk_exposed,516937,US national Bitcoin reserve in 2025?,0,Yes,83894672511259544049673946661753374355328822374216474995072428966535091173758,False,binary_yes_token_price,KXBTCRESERVE-26-JAN01,"Will Trump create a National Bitcoin Reserve before Jan 1, 2026?","Before Jan 1, 2026",5526758.797978,5526758.797978,0.3,0.3,0.0,2025-07-14 16:38:57-07:00,2025-07-14 14:38:23.156408-07:00,0.78,deterministic_contract_key
zelensky_suit,2025-06-30,2025-07-08,2025_07_14_close_1700_PT,2025-07-15 00:00:00+00:00,2025-07-14 17:00:00-07:00,2025-07-14,14,1,policy_action|eliminate|department_of_education|united_states|year:2025|523188|60661165588332286306443081468695135979348107944620337686282849990456442563142|KXDOED-26-JAN01,policy_action|eliminate|department_of_education|united_states|year:2025,policy_action,uma_risk_exposed,523188,Will Trump end Department of Education in 2025?,0,Yes,60661165588332286306443081468695135979348107944620337686282849990456442563142,False,binary_yes_token_price,KXDOED-26-JAN01,"Will the Department of Education be eliminated before Jan 1, 2026?","Before Jan 1, 2026",900396.416301,900396.416301,0.0959997347367025,0.12,-0.0240002652632975,2025-07-14 16:51:51-07:00,2025-07-14 15:06:46.444921-07:00,0.78,deterministic_contract_key
zelensky_suit,2025-06-30,2025-07-08,2025_07_14_close_1700_PT,2025-07-15 00:00:00+00:00,2025-07-14 17:00:00-07:00,2025-07-14,14,1,policy_action|start|recession|united_states|year:2025|516710|104173557214744537570424345347209544585775842950109756851652855913015295701992|RECSSNBER-25,policy_action|start|recession|united_states|year:2025,policy_action,uma_risk_exposed,516710,US recession in 2025?,0,Yes,104173557214744537570424345347209544585775842950109756851652855913015295701992,False,binary_yes_token_price,RECSSNBER-25,Will there be a recession in 2025?,Starts,11734512.428529,11734512.428529,0.20999997696774075,0.21,-2.3032259238719988e-08,2025-07-14 16:04:51-07:00,2025-07-14 13:52:59.791591-07:00,0.78,deterministic_contract_key
zelensky_suit,2025-06-30,2025-07-08,2025_07_15_open_0500_PT,2025-07-15 12:00:00+00:00,2025-07-15 05:00:00-07:00,2025-07-15,15,1,election|win|andr_nico_rodr_guez|bolivia_president|year:2025|2025|543259|21349083717605037525723335754807560771874175181325455859992777238860289139531|KXBOLIVIAPRES-25-AR,election|win|andr_nico_rodr_guez|bolivia_president|year:2025|2025,election,uma_risk_exposed,543259,Will Andrónico Rodríguez win the 2025 Bolivia presidential election?,0,Yes,21349083717605037525723335754807560771874175181325455859992777238860289139531,False,binary_yes_token_price,KXBOLIVIAPRES-25-AR,Who will win the Bolivian presidential election?,Andrónico Rodríguez,7326758.679552,7326758.679552,0.24,0.26,-0.020000000000000018,2025-07-15 03:17:47-07:00,2025-07-13 16:39:29.453779-07:00,0.78,deterministic_contract_key
zelensky_suit,2025-06-30,2025-07-08,2025_07_15_open_0500_PT,2025-07-15 12:00:00+00:00,2025-07-15 05:00:00-07:00,2025-07-15,15,1,election|win|branko_marinkovi|bolivia_president|year:2025|2025|543274|17849683858069937637491725401516486250615904612932801425636311554981022266375|KXBOLIVIAPRES-25-BM,election|win|branko_marinkovi|bolivia_president|year:2025|2025,election,uma_risk_exposed,543274,Will Branko Marinković win the 2025 Bolivia presidential election?,0,Yes,17849683858069937637491725401516486250615904612932801425636311554981022266375,False,binary_yes_token_price,KXBOLIVIAPRES-25-BM,Who will win the Bolivian presidential election?,Branko Marinković,337382.708581,337382.708581,0.002,0.09,-0.088,2025-07-15 02:23:49-07:00,2025-06-21 10:37:22.687062-07:00,0.78,deterministic_contract_key
zelensky_suit,2025-06-30,2025-07-08,2025_07_15_open_0500_PT,2025-07-15 12:00:00+00:00,2025-07-15 05:00:00-07:00,2025-07-15,15,1,election|win|chi_hyun_chung|bolivia_president|year:2025|2025|543263|65182144144608433456123000312637003192540674831461667961211058718188030456494|KXBOLIVIAPRES-25-CHC,election|win|chi_hyun_chung|bolivia_president|year:2025|2025,election,uma_risk_exposed,543263,Will Chi Hyun Chung win the 2025 Bolivia presidential election?,0,Yes,65182144144608433456123000312637003192540674831461667961211058718188030456494,False,binary_yes_token_price,KXBOLIVIAPRES-25-CHC,Who will win the Bolivian presidential election?,Chi Hyun Chung,119579.506818,119579.506818,0.001,0.06,-0.059,2025-07-15 04:49:51-07:00,2025-06-03 12:59:43.587279-07:00,0.78,deterministic_contract_key
zelensky_suit,2025-06-30,2025-07-08,2025_07_15_open_0500_PT,2025-07-15 12:00:00+00:00,2025-07-15 05:00:00-07:00,2025-07-15,15,1,election|win|jack_ciattarelli|new_jersey_governor|year:2025|2025|551143|53937473648188783569836457104933054364348579768036516690207399280597410899636|GOVPARTYNJ-25-R,election|win|jack_ciattarelli|new_jersey_governor|year:2025|2025,election,uma_risk_exposed,551143,Will Jack Ciattarelli win the New Jersey Governor Election in 2025,0,Yes,53937473648188783569836457104933054364348579768036516690207399280597410899636,False,binary_yes_token_price,GOVPARTYNJ-25-R,Will Jack Ciattarelli win the 2025 New Jersey gubernatorial election?,Jack Ciattarelli,6037389.579269,6037389.579269,0.15,0.17,-0.020000000000000018,2025-07-09 16:49:43-07:00,2025-07-14 08:47:28.586178-07:00,0.78,deterministic_contract_key
zelensky_suit,2025-06-30,2025-07-08,2025_07_15_open_0500_PT,2025-07-15 12:00:00+00:00,2025-07-15 05:00:00-07:00,2025-07-15,15,1,election|win|luis_arce|bolivia_president|year:2025|2025|543258|111174020960637389416810264600941186414004753111164399059354703606902594067832|KXBOLIVIAPRES-25-LA,election|win|luis_arce|bolivia_president|year:2025|2025,election,uma_risk_exposed,543258,Will Luis Arce win the 2025 Bolivia presidential election?,0,Yes,111174020960637389416810264600941186414004753111164399059354703606902594067832,False,binary_yes_token_price,KXBOLIVIAPRES-25-LA,Who will win the Bolivian presidential election?,Luis Arce,203278.343149,203278.343149,0.001,0.04,-0.039,2025-07-15 04:49:39-07:00,2025-06-19 13:55:54.437219-07:00,0.78,deterministic_contract_key
zelensky_suit,2025-06-30,2025-07-08,2025_07_15_open_0500_PT,2025-07-15 12:00:00+00:00,2025-07-15 05:00:00-07:00,2025-07-15,15,1,election|win|manfred_reyes_villa|bolivia_president|year:2025|2025|543261|6152631328921183884174711861052249809252829304303011603856221267194446351460|KXBOLIVIAPRES-25-MRV,election|win|manfred_reyes_villa|bolivia_president|year:2025|2025,election,uma_risk_exposed,543261,Will Manfred Reyes Villa win the 2025 Bolivia presidential election?,0,Yes,6152631328921183884174711861052249809252829304303011603856221267194446351460,False,binary_yes_token_price,KXBOLIVIAPRES-25-MRV,Who will win the Bolivian presidential election?,Manfred Reyes Villa,842586.658604,842586.658604,0.032,0.01,0.022,2025-07-15 04:58:05-07:00,2025-07-12 06:35:12.438619-07:00,0.78,deterministic_contract_key
zelensky_suit,2025-06-30,2025-07-08,2025_07_15_open_0500_PT,2025-07-15 12:00:00+00:00,2025-07-15 05:00:00-07:00,2025-07-15,15,1,election|win|mikie_sherrill|new_jersey_governor|year:2025|2025|551137|23056089932958374419797522644901592808991002026498053086166940911059008923379|GOVPARTYNJ-25-D,election|win|mikie_sherrill|new_jersey_governor|year:2025|2025,election,uma_risk_exposed,551137,Will Mikie Sherrill win the New Jersey Governor Election in 2025,0,Yes,23056089932958374419797522644901592808991002026498053086166940911059008923379,False,binary_yes_token_price,GOVPARTYNJ-25-D,Will Mikie Sherrill win the 2025 New Jersey gubernatorial election?,Mikie Sherrill,7479198.557189,7479198.557189,0.86,0.82,0.040000000000000036,2025-07-14 00:04:49-07:00,2025-07-15 03:45:18.346893-07:00,0.78,deterministic_contract_key
zelensky_suit,2025-06-30,2025-07-08,2025_07_15_open_0500_PT,2025-07-15 12:00:00+00:00,2025-07-15 05:00:00-07:00,2025-07-15,15,1,election|win|samuel_doria_medina|bolivia_president|year:2025|2025|543260|86337476411225396782940416611040694123774553224828196996839974817619931765236|KXBOLIVIAPRES-25-SDM,election|win|samuel_doria_medina|bolivia_president|year:2025|2025,election,uma_risk_exposed,543260,Will Samuel Doria Medina win the 2025 Bolivia presidential election?,0,Yes,86337476411225396782940416611040694123774553224828196996839974817619931765236,False,binary_yes_token_price,KXBOLIVIAPRES-25-SDM,Who will win the Bolivian presidential election?,Samuel Doria Medina,1166200.271818,1166200.271818,0.5,0.51,-0.010000000000000009,2025-07-15 03:50:05-07:00,2025-07-15 02:50:59.932171-07:00,0.78,deterministic_contract_key
zelensky_suit,2025-06-30,2025-07-08,2025_07_15_open_0500_PT,2025-07-15 12:00:00+00:00,2025-07-15 05:00:00-07:00,2025-07-15,15,1,leader_contact|meet|donald_trump|vladimir_putin|year:2025|536502|38401695605203516602153122926538006647911743428951157094417724792317068872612|KXWLEADER-25-VP,leader_contact|meet|donald_trump|vladimir_putin|year:2025,leader_contact,uma_risk_exposed,536502,Will Trump meet with Vladimir Putin in 2025?,0,Yes,38401695605203516602153122926538006647911743428951157094417724792317068872612,False,binary_yes_token_price,KXWLEADER-25-VP,Will Trump meet with Vladimir Putin before 2026?,Vladimir Putin,471641.4171,471641.4171,0.27,0.29,-0.019999999999999962,2025-07-14 08:47:37-07:00,2025-07-15 00:39:47.654258-07:00,0.92,deterministic_contract_key
zelensky_suit,2025-06-30,2025-07-08,2025_07_15_open_0500_PT,2025-07-15 12:00:00+00:00,2025-07-15 05:00:00-07:00,2025-07-15,15,1,leader_contact|visit|donald_trump|israel|before:2025-08-01|555433|75803083113304481871189130325120880199300493552616311390383002363547475167443|KXTRUMPVISITISRAEL-25,leader_contact|visit|donald_trump|israel|before:2025-08-01,leader_contact,uma_risk_exposed,555433,Will Trump visit Israel before August?,0,Yes,75803083113304481871189130325120880199300493552616311390383002363547475167443,False,binary_yes_token_price,KXTRUMPVISITISRAEL-25,"Will Trump visit Israel before Aug 1, 2025?","Before Aug 1, 2025",31959.539865,31959.539865,0.015,0.04,-0.025,2025-07-14 22:59:09-07:00,2025-07-15 04:31:14.281104-07:00,0.92,deterministic_contract_key
zelensky_suit,2025-06-30,2025-07-08,2025_07_15_open_0500_PT,2025-07-15 12:00:00+00:00,2025-07-15 05:00:00-07:00,2025-07-15,15,1,office_exit|leave_office|jerome_powell|year:2025|520930|44446628319261786751896876365833910598445252343588252409740203088317210950410|LEAVEPOWELL-25-DEC31,office_exit|leave_office|jerome_powell|year:2025,office_exit,uma_risk_exposed,520930,Jerome Powell out as Fed Chair in 2025?,0,Yes,44446628319261786751896876365833910598445252343588252409740203088317210950410,False,binary_yes_token_price,LEAVEPOWELL-25-DEC31,Powell leaves before 2026?,Before 2026,11760101.336012,11760101.336012,0.16,0.21,-0.04999999999999999,2025-07-15 04:48:29-07:00,2025-07-15 04:51:23.353284-07:00,0.88,deterministic_contract_key
zelensky_suit,2025-06-30,2025-07-08,2025_07_15_open_0500_PT,2025-07-15 12:00:00+00:00,2025-07-15 05:00:00-07:00,2025-07-15,15,1,office_exit|leave_office|vladimir_putin|year:2025|527807|96309695544495520203095223116782609207881514291963878378807412991184449319557|KXLEADEROUT-25-VPUT,office_exit|leave_office|vladimir_putin|year:2025,office_exit,uma_risk_exposed,527807,Will Vladimir Putin be the first leader out in 2025?,0,Yes,96309695544495520203095223116782609207881514291963878378807412991184449319557,False,binary_yes_token_price,KXLEADEROUT-25-VPUT,Vladimir Putin out this year?,Vladimir Putin,1782662.475384,1782662.475384,0.008,0.02,-0.012,2025-07-15 04:40:45-07:00,2025-07-11 14:06:09.356128-07:00,0.88,deterministic_contract_key
zelensky_suit,2025-06-30,2025-07-08,2025_07_15_open_0500_PT,2025-07-15 12:00:00+00:00,2025-07-15 05:00:00-07:00,2025-07-15,15,1,office_exit|leave_office|xi_jinping|year:2025|527808|58879554417654245921504722538657003216070105934999990003805612960977670880586|KXLEADEROUT-25-XJIN,office_exit|leave_office|xi_jinping|year:2025,office_exit,uma_risk_exposed,527808,Will Xi Jinping be the first leader out in 2025?,0,Yes,58879554417654245921504722538657003216070105934999990003805612960977670880586,False,binary_yes_token_price,KXLEADEROUT-25-XJIN,Xi Jinping out this year?,Xi Jinping,1833966.373545,1833966.373545,0.053,0.01,0.043,2025-07-15 04:47:27-07:00,2025-07-14 14:20:54.360619-07:00,0.88,deterministic_contract_key
zelensky_suit,2025-06-30,2025-07-08,2025_07_15_open_0500_PT,2025-07-15 12:00:00+00:00,2025-07-15 05:00:00-07:00,2025-07-15,15,1,office_exit|leave_office|xi_jinping|year:2025|551963|114304586861386186441621124384163963092522056897081085884483958561365015034812|KXLEADEROUT-25-XJIN,office_exit|leave_office|xi_jinping|year:2025,office_exit,uma_risk_exposed,551963,Xi Jinping out in 2025?,0,Yes,114304586861386186441621124384163963092522056897081085884483958561365015034812,False,binary_yes_token_price,KXLEADEROUT-25-XJIN,Xi Jinping out this year?,Xi Jinping,78655911.742866,78655911.742866,0.09,0.01,0.08,2025-07-15 01:59:19-07:00,2025-07-14 14:20:54.360619-07:00,0.88,deterministic_contract_key
zelensky_suit,2025-06-30,2025-07-08,2025_07_15_open_0500_PT,2025-07-15 12:00:00+00:00,2025-07-15 05:00:00-07:00,2025-07-15,15,1,office_exit|resign|volodymyr_zelenskyy|year:2025|525157|74129046843921940913413587682588886122583847748489066762857187137233978267670|KXUKRAINERESIGN-26,office_exit|resign|volodymyr_zelenskyy|year:2025,office_exit,uma_risk_exposed,525157,Zelensky resigns in 2025?,0,Yes,74129046843921940913413587682588886122583847748489066762857187137233978267670,False,binary_yes_token_price,KXUKRAINERESIGN-26,"Will Volodymyr Zelenskyy resign before Jan 1, 2026?",Before 2026,639799.279247,639799.279247,0.07,0.07,0.0,2025-07-15 02:17:11-07:00,2025-07-14 13:52:32.112040-07:00,0.88,deterministic_contract_key
zelensky_suit,2025-06-30,2025-07-08,2025_07_15_open_0500_PT,2025-07-15 12:00:00+00:00,2025-07-15 05:00:00-07:00,2025-07-15,15,1,policy_action|create|national_bitcoin_reserve|united_states|year:2025|516937|83894672511259544049673946661753374355328822374216474995072428966535091173758|KXBTCRESERVE-26-JAN01,policy_action|create|national_bitcoin_reserve|united_states|year:2025,policy_action,uma_risk_exposed,516937,US national Bitcoin reserve in 2025?,0,Yes,83894672511259544049673946661753374355328822374216474995072428966535091173758,False,binary_yes_token_price,KXBTCRESERVE-26-JAN01,"Will Trump create a National Bitcoin Reserve before Jan 1, 2026?","Before Jan 1, 2026",5526758.797978,5526758.797978,0.31,0.32,-0.010000000000000009,2025-07-15 04:47:25-07:00,2025-07-15 03:49:35.770399-07:00,0.78,deterministic_contract_key
zelensky_suit,2025-06-30,2025-07-08,2025_07_15_open_0500_PT,2025-07-15 12:00:00+00:00,2025-07-15 05:00:00-07:00,2025-07-15,15,1,policy_action|eliminate|department_of_education|united_states|year:2025|523188|60661165588332286306443081468695135979348107944620337686282849990456442563142|KXDOED-26-JAN01,policy_action|eliminate|department_of_education|united_states|year:2025,policy_action,uma_risk_exposed,523188,Will Trump end Department of Education in 2025?,0,Yes,60661165588332286306443081468695135979348107944620337686282849990456442563142,False,binary_yes_token_price,KXDOED-26-JAN01,"Will the Department of Education be eliminated before Jan 1, 2026?","Before Jan 1, 2026",900396.416301,900396.416301,0.093,0.13,-0.037000000000000005,2025-07-14 23:09:07-07:00,2025-07-15 04:57:01.764022-07:00,0.78,deterministic_contract_key
zelensky_suit,2025-06-30,2025-07-08,2025_07_15_open_0500_PT,2025-07-15 12:00:00+00:00,2025-07-15 05:00:00-07:00,2025-07-15,15,1,policy_action|start|recession|united_states|year:2025|516710|104173557214744537570424345347209544585775842950109756851652855913015295701992|RECSSNBER-25,policy_action|start|recession|united_states|year:2025,policy_action,uma_risk_exposed,516710,US recession in 2025?,0,Yes,104173557214744537570424345347209544585775842950109756851652855913015295701992,False,binary_yes_token_price,RECSSNBER-25,Will there be a recession in 2025?,Starts,11734512.428529,11734512.428529,0.2,0.2,0.0,2025-07-15 01:38:56-07:00,2025-07-15 04:15:36.461648-07:00,0.78,deterministic_contract_key
zelensky_suit,2025-06-30,2025-07-08,2025_07_15_close_1700_PT,2025-07-16 00:00:00+00:00,2025-07-15 17:00:00-07:00,2025-07-15,15,1,election|win|andr_nico_rodr_guez|bolivia_president|year:2025|2025|543259|21349083717605037525723335754807560771874175181325455859992777238860289139531|KXBOLIVIAPRES-25-AR,election|win|andr_nico_rodr_guez|bolivia_president|year:2025|2025,election,uma_risk_exposed,543259,Will Andrónico Rodríguez win the 2025 Bolivia presidential election?,0,Yes,21349083717605037525723335754807560771874175181325455859992777238860289139531,False,binary_yes_token_price,KXBOLIVIAPRES-25-AR,Who will win the Bolivian presidential election?,Andrónico Rodríguez,7326758.679552,7326758.679552,0.2,0.26,-0.06,2025-07-15 16:44:01-07:00,2025-07-13 16:39:29.453779-07:00,0.78,deterministic_contract_key
zelensky_suit,2025-06-30,2025-07-08,2025_07_15_close_1700_PT,2025-07-16 00:00:00+00:00,2025-07-15 17:00:00-07:00,2025-07-15,15,1,election|win|branko_marinkovi|bolivia_president|year:2025|2025|543274|17849683858069937637491725401516486250615904612932801425636311554981022266375|KXBOLIVIAPRES-25-BM,election|win|branko_marinkovi|bolivia_president|year:2025|2025,election,uma_risk_exposed,543274,Will Branko Marinković win the 2025 Bolivia presidential election?,0,Yes,17849683858069937637491725401516486250615904612932801425636311554981022266375,False,binary_yes_token_price,KXBOLIVIAPRES-25-BM,Who will win the Bolivian presidential election?,Branko Marinković,337382.708581,337382.708581,0.001,0.09,-0.089,2025-07-15 15:46:45-07:00,2025-06-21 10:37:22.687062-07:00,0.78,deterministic_contract_key
zelensky_suit,2025-06-30,2025-07-08,2025_07_15_close_1700_PT,2025-07-16 00:00:00+00:00,2025-07-15 17:00:00-07:00,2025-07-15,15,1,election|win|chi_hyun_chung|bolivia_president|year:2025|2025|543263|65182144144608433456123000312637003192540674831461667961211058718188030456494|KXBOLIVIAPRES-25-CHC,election|win|chi_hyun_chung|bolivia_president|year:2025|2025,election,uma_risk_exposed,543263,Will Chi Hyun Chung win the 2025 Bolivia presidential election?,0,Yes,65182144144608433456123000312637003192540674831461667961211058718188030456494,False,binary_yes_token_price,KXBOLIVIAPRES-25-CHC,Who will win the Bolivian presidential election?,Chi Hyun Chung,119579.506818,119579.506818,0.001,0.06,-0.059,2025-07-15 15:39:11-07:00,2025-06-03 12:59:43.587279-07:00,0.78,deterministic_contract_key
zelensky_suit,2025-06-30,2025-07-08,2025_07_15_close_1700_PT,2025-07-16 00:00:00+00:00,2025-07-15 17:00:00-07:00,2025-07-15,15,1,election|win|jack_ciattarelli|new_jersey_governor|year:2025|2025|551143|53937473648188783569836457104933054364348579768036516690207399280597410899636|GOVPARTYNJ-25-R,election|win|jack_ciattarelli|new_jersey_governor|year:2025|2025,election,uma_risk_exposed,551143,Will Jack Ciattarelli win the New Jersey Governor Election in 2025,0,Yes,53937473648188783569836457104933054364348579768036516690207399280597410899636,False,binary_yes_token_price,GOVPARTYNJ-25-R,Will Jack Ciattarelli win the 2025 New Jersey gubernatorial election?,Jack Ciattarelli,6037389.579269,6037389.579269,0.15,0.17,-0.020000000000000018,2025-07-09 16:49:43-07:00,2025-07-15 10:56:01.846180-07:00,0.78,deterministic_contract_key
zelensky_suit,2025-06-30,2025-07-08,2025_07_15_close_1700_PT,2025-07-16 00:00:00+00:00,2025-07-15 17:00:00-07:00,2025-07-15,15,1,election|win|luis_arce|bolivia_president|year:2025|2025|543258|111174020960637389416810264600941186414004753111164399059354703606902594067832|KXBOLIVIAPRES-25-LA,election|win|luis_arce|bolivia_president|year:2025|2025,election,uma_risk_exposed,543258,Will Luis Arce win the 2025 Bolivia presidential election?,0,Yes,111174020960637389416810264600941186414004753111164399059354703606902594067832,False,binary_yes_token_price,KXBOLIVIAPRES-25-LA,Who will win the Bolivian presidential election?,Luis Arce,203278.343149,203278.343149,0.001,0.04,-0.039,2025-07-15 06:48:23-07:00,2025-06-19 13:55:54.437219-07:00,0.78,deterministic_contract_key
zelensky_suit,2025-06-30,2025-07-08,2025_07_15_close_1700_PT,2025-07-16 00:00:00+00:00,2025-07-15 17:00:00-07:00,2025-07-15,15,1,election|win|manfred_reyes_villa|bolivia_president|year:2025|2025|543261|6152631328921183884174711861052249809252829304303011603856221267194446351460|KXBOLIVIAPRES-25-MRV,election|win|manfred_reyes_villa|bolivia_president|year:2025|2025,election,uma_risk_exposed,543261,Will Manfred Reyes Villa win the 2025 Bolivia presidential election?,0,Yes,6152631328921183884174711861052249809252829304303011603856221267194446351460,False,binary_yes_token_price,KXBOLIVIAPRES-25-MRV,Who will win the Bolivian presidential election?,Manfred Reyes Villa,842586.658604,842586.658604,0.021,0.01,0.011000000000000001,2025-07-15 15:09:11-07:00,2025-07-12 06:35:12.438619-07:00,0.78,deterministic_contract_key
zelensky_suit,2025-06-30,2025-07-08,2025_07_15_close_1700_PT,2025-07-16 00:00:00+00:00,2025-07-15 17:00:00-07:00,2025-07-15,15,1,election|win|mikie_sherrill|new_jersey_governor|year:2025|2025|551137|23056089932958374419797522644901592808991002026498053086166940911059008923379|GOVPARTYNJ-25-D,election|win|mikie_sherrill|new_jersey_governor|year:2025|2025,election,uma_risk_exposed,551137,Will Mikie Sherrill win the New Jersey Governor Election in 2025,0,Yes,23056089932958374419797522644901592808991002026498053086166940911059008923379,False,binary_yes_token_price,GOVPARTYNJ-25-D,Will Mikie Sherrill win the 2025 New Jersey gubernatorial election?,Mikie Sherrill,7479198.557189,7479198.557189,0.86,0.82,0.040000000000000036,2025-07-15 14:30:11-07:00,2025-07-15 03:45:18.346893-07:00,0.78,deterministic_contract_key
zelensky_suit,2025-06-30,2025-07-08,2025_07_15_close_1700_PT,2025-07-16 00:00:00+00:00,2025-07-15 17:00:00-07:00,2025-07-15,15,1,election|win|samuel_doria_medina|bolivia_president|year:2025|2025|543260|86337476411225396782940416611040694123774553224828196996839974817619931765236|KXBOLIVIAPRES-25-SDM,election|win|samuel_doria_medina|bolivia_president|year:2025|2025,election,uma_risk_exposed,543260,Will Samuel Doria Medina win the 2025 Bolivia presidential election?,0,Yes,86337476411225396782940416611040694123774553224828196996839974817619931765236,False,binary_yes_token_price,KXBOLIVIAPRES-25-SDM,Who will win the Bolivian presidential election?,Samuel Doria Medina,1166200.271818,1166200.271818,0.52,0.55,-0.030000000000000027,2025-07-15 15:42:57-07:00,2025-07-15 15:05:15.557648-07:00,0.78,deterministic_contract_key
zelensky_suit,2025-06-30,2025-07-08,2025_07_15_close_1700_PT,2025-07-16 00:00:00+00:00,2025-07-15 17:00:00-07:00,2025-07-15,15,1,leader_contact|meet|donald_trump|vladimir_putin|year:2025|536502|38401695605203516602153122926538006647911743428951157094417724792317068872612|KXWLEADER-25-VP,leader_contact|meet|donald_trump|vladimir_putin|year:2025,leader_contact,uma_risk_exposed,536502,Will Trump meet with Vladimir Putin in 2025?,0,Yes,38401695605203516602153122926538006647911743428951157094417724792317068872612,False,binary_yes_token_price,KXWLEADER-25-VP,Will Trump meet with Vladimir Putin before 2026?,Vladimir Putin,471641.4171,471641.4171,0.27,0.3,-0.02999999999999997,2025-07-15 09:29:30-07:00,2025-07-15 06:41:24.609924-07:00,0.92,deterministic_contract_key
zelensky_suit,2025-06-30,2025-07-08,2025_07_15_close_1700_PT,2025-07-16 00:00:00+00:00,2025-07-15 17:00:00-07:00,2025-07-15,15,1,leader_contact|visit|donald_trump|israel|before:2025-08-01|555433|75803083113304481871189130325120880199300493552616311390383002363547475167443|KXTRUMPVISITISRAEL-25,leader_contact|visit|donald_trump|israel|before:2025-08-01,leader_contact,uma_risk_exposed,555433,Will Trump visit Israel before August?,0,Yes,75803083113304481871189130325120880199300493552616311390383002363547475167443,False,binary_yes_token_price,KXTRUMPVISITISRAEL-25,"Will Trump visit Israel before Aug 1, 2025?","Before Aug 1, 2025",31959.539865,31959.539865,0.009,0.02,-0.011000000000000001,2025-07-15 16:09:51-07:00,2025-07-15 15:01:06.078405-07:00,0.92,deterministic_contract_key
zelensky_suit,2025-06-30,2025-07-08,2025_07_15_close_1700_PT,2025-07-16 00:00:00+00:00,2025-07-15 17:00:00-07:00,2025-07-15,15,1,office_exit|leave_office|jerome_powell|year:2025|520930|44446628319261786751896876365833910598445252343588252409740203088317210950410|LEAVEPOWELL-25-DEC31,office_exit|leave_office|jerome_powell|year:2025,office_exit,uma_risk_exposed,520930,Jerome Powell out as Fed Chair in 2025?,0,Yes,44446628319261786751896876365833910598445252343588252409740203088317210950410,False,binary_yes_token_price,LEAVEPOWELL-25-DEC31,Powell leaves before 2026?,Before 2026,11760101.336012,11760101.336012,0.18999998802999957,0.25,-0.06000001197000043,2025-07-15 16:55:45-07:00,2025-07-15 16:57:08.664147-07:00,0.88,deterministic_contract_key
zelensky_suit,2025-06-30,2025-07-08,2025_07_15_close_1700_PT,2025-07-16 00:00:00+00:00,2025-07-15 17:00:00-07:00,2025-07-15,15,1,office_exit|leave_office|vladimir_putin|year:2025|527807|96309695544495520203095223116782609207881514291963878378807412991184449319557|KXLEADEROUT-25-VPUT,office_exit|leave_office|vladimir_putin|year:2025,office_exit,uma_risk_exposed,527807,Will Vladimir Putin be the first leader out in 2025?,0,Yes,96309695544495520203095223116782609207881514291963878378807412991184449319557,False,binary_yes_token_price,KXLEADEROUT-25-VPUT,Vladimir Putin out this year?,Vladimir Putin,1782662.475384,1782662.475384,0.015,0.02,-0.005000000000000001,2025-07-15 16:15:19-07:00,2025-07-11 14:06:09.356128-07:00,0.88,deterministic_contract_key
zelensky_suit,2025-06-30,2025-07-08,2025_07_15_close_1700_PT,2025-07-16 00:00:00+00:00,2025-07-15 17:00:00-07:00,2025-07-15,15,1,office_exit|leave_office|xi_jinping|year:2025|527808|58879554417654245921504722538657003216070105934999990003805612960977670880586|KXLEADEROUT-25-XJIN,office_exit|leave_office|xi_jinping|year:2025,office_exit,uma_risk_exposed,527808,Will Xi Jinping be the first leader out in 2025?,0,Yes,58879554417654245921504722538657003216070105934999990003805612960977670880586,False,binary_yes_token_price,KXLEADEROUT-25-XJIN,Xi Jinping out this year?,Xi Jinping,1833966.373545,1833966.373545,0.064,0.01,0.054,2025-07-15 16:57:53-07:00,2025-07-14 14:20:54.360619-07:00,0.88,deterministic_contract_key
zelensky_suit,2025-06-30,2025-07-08,2025_07_15_close_1700_PT,2025-07-16 00:00:00+00:00,2025-07-15 17:00:00-07:00,2025-07-15,15,1,office_exit|leave_office|xi_jinping|year:2025|551963|114304586861386186441621124384163963092522056897081085884483958561365015034812|KXLEADEROUT-25-XJIN,office_exit|leave_office|xi_jinping|year:2025,office_exit,uma_risk_exposed,551963,Xi Jinping out in 2025?,0,Yes,114304586861386186441621124384163963092522056897081085884483958561365015034812,False,binary_yes_token_price,KXLEADEROUT-25-XJIN,Xi Jinping out this year?,Xi Jinping,78655911.742866,78655911.742866,0.09,0.01,0.08,2025-07-15 13:46:07-07:00,2025-07-14 14:20:54.360619-07:00,0.88,deterministic_contract_key
zelensky_suit,2025-06-30,2025-07-08,2025_07_15_close_1700_PT,2025-07-16 00:00:00+00:00,2025-07-15 17:00:00-07:00,2025-07-15,15,1,office_exit|resign|volodymyr_zelenskyy|year:2025|525157|74129046843921940913413587682588886122583847748489066762857187137233978267670|KXUKRAINERESIGN-26,office_exit|resign|volodymyr_zelenskyy|year:2025,office_exit,uma_risk_exposed,525157,Zelensky resigns in 2025?,0,Yes,74129046843921940913413587682588886122583847748489066762857187137233978267670,False,binary_yes_token_price,KXUKRAINERESIGN-26,"Will Volodymyr Zelenskyy resign before Jan 1, 2026?",Before 2026,639799.279247,639799.279247,0.07,0.1,-0.03,2025-07-15 14:32:35-07:00,2025-07-15 07:32:29.762461-07:00,0.88,deterministic_contract_key
zelensky_suit,2025-06-30,2025-07-08,2025_07_15_close_1700_PT,2025-07-16 00:00:00+00:00,2025-07-15 17:00:00-07:00,2025-07-15,15,1,policy_action|create|national_bitcoin_reserve|united_states|year:2025|516937|83894672511259544049673946661753374355328822374216474995072428966535091173758|KXBTCRESERVE-26-JAN01,policy_action|create|national_bitcoin_reserve|united_states|year:2025,policy_action,uma_risk_exposed,516937,US national Bitcoin reserve in 2025?,0,Yes,83894672511259544049673946661753374355328822374216474995072428966535091173758,False,binary_yes_token_price,KXBTCRESERVE-26-JAN01,"Will Trump create a National Bitcoin Reserve before Jan 1, 2026?","Before Jan 1, 2026",5526758.797978,5526758.797978,0.3,0.32,-0.020000000000000018,2025-07-15 14:38:47-07:00,2025-07-15 14:22:33.992788-07:00,0.78,deterministic_contract_key
zelensky_suit,2025-06-30,2025-07-08,2025_07_15_close_1700_PT,2025-07-16 00:00:00+00:00,2025-07-15 17:00:00-07:00,2025-07-15,15,1,policy_action|eliminate|department_of_education|united_states|year:2025|523188|60661165588332286306443081468695135979348107944620337686282849990456442563142|KXDOED-26-JAN01,policy_action|eliminate|department_of_education|united_states|year:2025,policy_action,uma_risk_exposed,523188,Will Trump end Department of Education in 2025?,0,Yes,60661165588332286306443081468695135979348107944620337686282849990456442563142,False,binary_yes_token_price,KXDOED-26-JAN01,"Will the Department of Education be eliminated before Jan 1, 2026?","Before Jan 1, 2026",900396.416301,900396.416301,0.078,0.12,-0.041999999999999996,2025-07-15 15:33:25-07:00,2025-07-15 13:00:19.858589-07:00,0.78,deterministic_contract_key
zelensky_suit,2025-06-30,2025-07-08,2025_07_15_close_1700_PT,2025-07-16 00:00:00+00:00,2025-07-15 17:00:00-07:00,2025-07-15,15,1,policy_action|start|recession|united_states|year:2025|516710|104173557214744537570424345347209544585775842950109756851652855913015295701992|RECSSNBER-25,policy_action|start|recession|united_states|year:2025,policy_action,uma_risk_exposed,516710,US recession in 2025?,0,Yes,104173557214744537570424345347209544585775842950109756851652855913015295701992,False,binary_yes_token_price,RECSSNBER-25,Will there be a recession in 2025?,Starts,11734512.428529,11734512.428529,0.21,0.19,0.01999999999999999,2025-07-15 16:47:17-07:00,2025-07-15 13:32:29.514834-07:00,0.78,deterministic_contract_key
