event,block,tx,time,round_id,voter,price,block_timestamp,block_time_utc
RequestAdded,22591837,0x2bdaf6377f3e0635d292fe171e104e1eb141d067978ed90a2b3e72a86af915b6,1748542409,10120.0,,,1748563235,2025-05-30 00:00:35+00:00
VoteCommitted,22606155,0x9a81abf4774b2023f24790762c22197925bf2df18301d060802cef25e4c3cfaf,1748542409,,0xd6693c2789c69395cd4c25f638287942c05fd708,,1748736167,2025-06-01 00:02:47+00:00
VoteCommitted,22606164,0xd71c430ff0bf2e0db3d025a637008e62b88c59d8f6ad4eb4d0484936b2cf4b6e,1748542409,,0x21a745db2c52c841b4511fc55aea27156c76bce1,,1748736275,2025-06-01 00:04:35+00:00
VoteCommitted,22606165,0x337a829fd6f5b1a8cac944162282900046182080b7dbe0ccba5949380990509c,1748542409,,0x0b5ddda89a88416860254eb326b3691ffcce4832,,1748736287,2025-06-01 00:04:47+00:00
VoteCommitted,22606218,0x6762e8459abe75aed9768938bf4c2753243acedcf8ed68744ce52e06c73a3ec7,1748542409,,0xd8e492ede29fb17f9910ad12054047a4c5af9d15,,1748736923,2025-06-01 00:15:23+00:00
VoteCommitted,22606265,0xa699e9939d2b7b8f00fcf1ccf9b7ef25a181fc3421dedfbe0c8391599472ce1a,1748542409,,0x349ef0f01d64b6bb96f3d2fde895bee5ce745168,,1748737487,2025-06-01 00:24:47+00:00
VoteCommitted,22606298,0x722f93f0b1cab9c4062f12817ad7324968c0bc1ec879266567d8a9d85ffe5397,1748542409,,0x86cc5e1e8fb20102fa7a0fa4afeaf1cbe1be273d,,1748737895,2025-06-01 00:31:35+00:00
VoteCommitted,22606348,0x5c2bd0c38c305b5ffffe77a841a975544f4c5919965a3834a4ff1eb07fc06f64,1748542409,,0x9860d7309039b9a44b1df878ed4484133a881316,,1748738495,2025-06-01 00:41:35+00:00
VoteCommitted,22606397,0xadf46bd220392b3edf2a071eade703e2953065ce3bcad344ce2390e4824ad6dc,1748542409,,0xb73812cce6f5cb7ada40a134b4b16aefbdbb9472,,1748739095,2025-06-01 00:51:35+00:00
VoteCommitted,22606402,0xb82dd7a096ebf871210d9de5d9b8c9532eb48979d99ce4519886eb1305626c62,1748542409,,0x6391098e7404210be5b4b67c1bb6c1bdf4be194a,,1748739155,2025-06-01 00:52:35+00:00
VoteCommitted,22606409,0x682d65605f3959e1abd57e80aa0a91219e3dde6da600fcbe9719cb7ba51a97e9,1748542409,,0x8ce75214878e6748b58fa0771c8cde60b3050337,,1748739239,2025-06-01 00:53:59+00:00
VoteCommitted,22606441,0x8add8c83f2d25e4bbd927dfc910b9d41fdab166cbbf1e4a608a72cff675e2bdc,1748542409,,0xf8e9af3a84d29678a26f08048dd206ad10cc6fe8,,1748739635,2025-06-01 01:00:35+00:00
VoteCommitted,22606493,0x1e2e45a56f041242e8f80378d37ec6c70f9bccf867185010cfb584edac36baab,1748542409,,0x4ddd9af5f091a11438f3c4f618f1257d6d660cb2,,1748740271,2025-06-01 01:11:11+00:00
VoteCommitted,22606543,0xd2f8e1756ab5df5ff6c1a92b96e748d5597c8f1579f351ae3793355b8526385c,1748542409,,0xd2a78bb82389d30075144d17e782964918999f7f,,1748740883,2025-06-01 01:21:23+00:00
VoteCommitted,22606557,0x3b73b4a9582bc2f5e94df2e8fbd980e246e0d2ca6eba6b99c5830e5e8b4c110b,1748542409,,0x126db3213b309a8d554594e591e614425ccac78e,,1748741051,2025-06-01 01:24:11+00:00
VoteCommitted,22606583,0x4896808706fba6b0c691453f22354e936716b60e2c17f9e902790f92aea2aa5a,1748542409,,0x6c314af837367aec15505e8d0991377250877d98,,1748741363,2025-06-01 01:29:23+00:00
VoteCommitted,22606595,0x8b847cafbc55cd930ddda55897e874fc4358b9bb934807db2bdfaa7523275744,1748542409,,0xf9486539799fec4b75f57d5196e65b73b3356032,,1748741507,2025-06-01 01:31:47+00:00
VoteCommitted,22606617,0x4b476ce3760438e7bf25ea3e5641d817d5cb073f6f8343c4b189a6f044f13ae2,1748542409,,0x2488a154ca8e174bd3bb0648d19f24855d587238,,1748741771,2025-06-01 01:36:11+00:00
VoteCommitted,22606623,0x24f1be5e11754dfbd3dedf43ef5c2030751a1438b0de142846f6d0310b735b13,1748542409,,0x2bc111bd8bf402c65cd185bab460ae9ecc9aa7e7,,1748741843,2025-06-01 01:37:23+00:00
VoteCommitted,22606690,0xa153c825bdacc80d2a368d4fa7d6eb81d20f7940ce332c319b9dc7530ca29fec,1748542409,,0xb538544c0d0971dc6cdcc17a1ac50a02bc0a8b0f,,1748742647,2025-06-01 01:50:47+00:00
VoteCommitted,22606744,0x03403bd9cc399b5f51a8c93ee9e2a2a3968315f16ae2266f7e94a0ab721e3e6f,1748542409,,0x47a40a367b3298be3da3bde3994c5342e26f368b,,1748743307,2025-06-01 02:01:47+00:00
VoteCommitted,22606782,0xc3ff46a4b1276ce46ca385a36b1e3978fc13dd3eda580ce106a39e169ed61151,1748542409,,0x8548682e561668a51f99124d998db97ff326e67e,,1748743775,2025-06-01 02:09:35+00:00
VoteCommitted,22606817,0xbf5a197da508ae2f1b0dfcec2b4a65a69a23ce5bbb915d0662abda40b02f32e7,1748542409,,0x2a1bf3cd5d4a7328a37f0e82ff912ace26eaa08f,,1748744195,2025-06-01 02:16:35+00:00
VoteCommitted,22606849,0x7065fb0ca4c915159bfe96aa7428f5729475fa6a033ca6d4b7dddb9fc84f7494,1748542409,,0xccd9c5465fac5c0df86fd9b7d524a5949defcef6,,1748744579,2025-06-01 02:22:59+00:00
VoteCommitted,22606867,0x59fa4165fadf2665fec3fda44034fd90f550cf3551529a557ce531b9c59ac2e0,1748542409,,0x004537fcd9095489ebe38180a382341b962b501d,,1748744807,2025-06-01 02:26:47+00:00
VoteCommitted,22606868,0x9dc9d089d1279599f6b011c939a19a3deeaa04745347fd9864dd898534979a3c,1748542409,,0x20ec3d7739fc8ba82014a9cf0a771b427e0b56c0,,1748744819,2025-06-01 02:26:59+00:00
VoteCommitted,22606929,0xc0cdbc43b29c20468da2c974e9ba07822b46a0cb198b7ec88a0160e7fb0ec113,1748542409,,0x449ff548206132b1e0df2ed9da4f9de5c281d1c7,,1748745563,2025-06-01 02:39:23+00:00
VoteCommitted,22606938,0x426cfdc6bfe15ac5b3cfe6a33734ccbde8e51ff2edcae264a41ef51d03a4cc73,1748542409,,0x7baa3b328603535006d76d7b80af7260fd8a946a,,1748745671,2025-06-01 02:41:11+00:00
VoteCommitted,22607002,0xc55c6c6ae528ff6487a680747a4241952b12fb6b695b07d30af5719b79e8ab85,1748542409,,0x53d0755830ed64294d3e0736b744a1c8eda0d897,,1748746439,2025-06-01 02:53:59+00:00
VoteCommitted,22607009,0x8f5664a13869acb82869fe29a3786ba5978f70deb240eaaaa490a6afa9c208dc,1748542409,,0x5b7ec1ba8af4579119ae7fb4bfea36bb9b8c78a8,,1748746523,2025-06-01 02:55:23+00:00
VoteCommitted,22607028,0x0c268bcf3a3ee8f01e7257d009602483f77240176c409ad5bd0d195a58ad4902,1748542409,,0x5d547923774921d7938349c1582239d19d5ccc4b,,1748746751,2025-06-01 02:59:11+00:00
VoteCommitted,22607036,0x7831aa19e640dc7694f3776312b8fd21c80c4e0dc96d1295b06718891f4529cd,1748542409,,0x9b6f4d48fd61313204f7c8fbe9dfec6384aa4ced,,1748746859,2025-06-01 03:00:59+00:00
VoteCommitted,22607119,0x400352912ac819a853fcf97e2f8118b72d2ed129b3e2b55ce72bfaf5dd829a06,1748542409,,0xefbc103259b500ebe6408fc7c91535b0e158e22b,,1748747855,2025-06-01 03:17:35+00:00
VoteCommitted,22607128,0x8e81d2f2089ffee2ed4e0b54bbfd4e901d140b979a2ab3e0252c70bdf810124f,1748542409,,0x601f1c1df1a415965311b6841d8e8eda42697eb5,,1748747963,2025-06-01 03:19:23+00:00
VoteCommitted,22607141,0x4a7c1e3f964ae0ca7663a36a49ee6d8977c4552baf8676448c678cf03823e484,1748542409,,0xa85160a81da205ae57f6d55f16c9c43d773c7438,,1748748119,2025-06-01 03:21:59+00:00
VoteCommitted,22607199,0x38696f1d32f4f7a63db0006b7757f7debacdf031ed25bef43ef68c1f086d84fb,1748542409,,0x393950505b160607f40d11ab956c9406dbe6e4ce,,1748748815,2025-06-01 03:33:35+00:00
VoteCommitted,22607280,0xb032aa5c68e0b6f2d7e747b064ea6739e0ae9fa29faa5acde276159d45b1c499,1748542409,,0xca64e575083e0a8f9c73ffc214d78027d98fc51b,,1748749787,2025-06-01 03:49:47+00:00
VoteCommitted,22607280,0x221a7f16dbd648a61aad6bf45437346f20d6267da3ecd706ab8fff11de5d0f62,1748542409,,0xaef6a3580a365c524a5bc9aabeb2a13c2a1a7b7c,,1748749787,2025-06-01 03:49:47+00:00
VoteCommitted,22607283,0x3af1b0f124e034da2b787d19a80d9985eb7d7c135514fc72b79eb44e83ab21e8,1748542409,,0x0bb9f7c03eb9c1a31c25b3b7e61e2c503c30b81d,,1748749823,2025-06-01 03:50:23+00:00
VoteCommitted,22607288,0xdc15837bb5d12548502a4a7aa8bf3c4adec4c820ef6856f989055c339fbdff6a,1748542409,,0x430c4e68894177ae43f52b4fd643fd2d6c7d2e5f,,1748749883,2025-06-01 03:51:23+00:00
VoteCommitted,22607292,0xaa24475d4136cd3c6459398e882011f9453251f1b696c362e3ea24a2a372e6fc,1748542409,,0x92bdd46aeba9c2f4b55eddb522382261b62220ea,,1748749931,2025-06-01 03:52:11+00:00
VoteCommitted,22607300,0x0c3539e453d515d5cb6639cd6a0ef0f1bf4b85657862d44331a8b42c496373cd,1748542409,,0xbb68400daa7ae42392de56026f9b5c1e6f923e3c,,1748750027,2025-06-01 03:53:47+00:00
VoteCommitted,22607305,0x1a24d75a93121f5d78a749551b7ba47effd6558f72d6442b981f1686840fe6c6,1748542409,,0x8e5fdb6a37f2389fa638b2e144809c7d7bc21e4a,,1748750087,2025-06-01 03:54:47+00:00
VoteCommitted,22607307,0xa427a5d388d14c1cb1c2ecfb8f79c07f5b0600143e1ec5de5756306315ab67fa,1748542409,,0x4f49d938c3ad2437c52eb314f9bd7bdb7fa58da9,,1748750111,2025-06-01 03:55:11+00:00
VoteCommitted,22607311,0xf124c516ad594b4cac26f7752e4885f1c1d90bce2430d9ac3f36446ffcaa2836,1748542409,,0x63d4e757ae3aa82751094bef2ce37db0b303959e,,1748750159,2025-06-01 03:55:59+00:00
VoteCommitted,22607314,0x82d0e8452029f7f0ec80870a26cb864674026ee7786543196eef6d402c1635eb,1748542409,,0x48767f20ec0aca7f47b3da2cc32bc06549470a9b,,1748750195,2025-06-01 03:56:35+00:00
VoteCommitted,22607319,0xd541ed297ae1732e73d36d8dea51c6bfdb69004de93fe23257d9bd5d0b3f74b0,1748542409,,0xd273f87e43851fa7f0518e3b385c0d964621e3c6,,1748750255,2025-06-01 03:57:35+00:00
VoteCommitted,22607323,0xd8b4335136ba88ebcdeb8d23116d09caf6c9c399519a142b475a55fdb1890ac5,1748542409,,0x9cf0ea03c7e23f2c466d48f6bfa14a85ef7cf4c8,,1748750303,2025-06-01 03:58:23+00:00
VoteCommitted,22607327,0x1ca6af862a69e64de1506b9fdf596874fb484f8d49c7ab970ec36ddcca3fbca1,1748542409,,0x2f55877d6d8a42bd87e0325201cd15d63abf5866,,1748750351,2025-06-01 03:59:11+00:00
VoteCommitted,22607331,0x66b030e736e01db7114259110d2e8e1dfbd080a3c26e8e0c1a528478c51266ed,1748542409,,0xfec2ade141272f5271febadfca5d21ca30fc04a5,,1748750399,2025-06-01 03:59:59+00:00
VoteCommitted,22607336,0x3b16f555d45fca8ab338ec84c29bb5091b1759e170a3d5ccbcc40368e9254ca7,1748542409,,0xc0dc4010e76fbd53c82b19f8f8d7604e37289fb4,,1748750459,2025-06-01 04:00:59+00:00
VoteCommitted,22607400,0xb7396edc2adbbb6870138c79233dc4a82b2b11dcc62691ee610c2cf1cd3d52bb,1748542409,,0x4010650464cc07e447ae10d3135f8c82554b2528,,1748751239,2025-06-01 04:13:59+00:00
VoteCommitted,22607405,0x46504664c0ee0baedb4e7e3afb2568d8d741d3623c11f27be4f40d5ee8457342,1748542409,,0x40bfe49745df251fa0ac7a3f983101ff170c389b,,1748751299,2025-06-01 04:14:59+00:00
VoteCommitted,22607414,0xc13de7e74c467a12790aa9ce6dce9363c05b9403a34804add4b3948963514b24,1748542409,,0x5060020e66031c324f77ae24f14cfcea6a688cb7,,1748751407,2025-06-01 04:16:47+00:00
VoteCommitted,22607418,0x16df8a6bf8098c0f16d375f4332b67ec64b71fd40b7e532140ca7fc846667858,1748542409,,0x1edb50d83f76382480886597a3023fc318b2ca66,,1748751455,2025-06-01 04:17:35+00:00
VoteCommitted,22607426,0x5b826106849767ad1e03aabe06cfcc3c8694a805124fc370653ff773c83f7eed,1748542409,,0x415106767827a7856d826458a486a87e0e15097c,,1748751551,2025-06-01 04:19:11+00:00
VoteCommitted,22607433,0x51dc26dec4f35aa2630c9a9deed779deaa04ff18ca3de88344aac0a5a2261014,1748542409,,0x7ca4b00a3aec07f978d127e69bc16484a038619c,,1748751635,2025-06-01 04:20:35+00:00
VoteCommitted,22607435,0x53b43bf4f2b686afd68afca763b0326b9287b31142accecfdf81ae68a5bdcc76,1748542409,,0x590a8dae6861cdc2b0300096ec6e4dc6cf2143f6,,1748751671,2025-06-01 04:21:11+00:00
VoteCommitted,22607447,0xd4551f3bca047ab43f10e961f5753f33d4b821675d76a6681076021a777ba640,1748542409,,0x3b84e3ffbe845c0349e258f243b5f00ca22ba587,,1748751815,2025-06-01 04:23:35+00:00
VoteCommitted,22607452,0xe6b1a3cc5e5362fb9a536d6ac283b97679fab79fa2abdb58ca57e0b075ab978f,1748542409,,0x49135912edb24205e1b0e7b9ea71887edc59d50a,,1748751875,2025-06-01 04:24:35+00:00
VoteCommitted,22607455,0x719b73cb095c2fb7cd61597087a9279f7b3d6e7c748ca4e7ed365ccc5de28576,1748542409,,0xc590314de55b52c96eb34edbc4b55cf8fc8cd510,,1748751911,2025-06-01 04:25:11+00:00
VoteCommitted,22607464,0xd5f412a1494c6364ea4745a824f0cf609ee7cb7052375828c90ce983f12b8953,1748542409,,0xde7250d923299e1ecedc0743b159e95b945082d9,,1748752019,2025-06-01 04:26:59+00:00
VoteCommitted,22607467,0x1a044d000049cf72df1396dbfa95a3e4b5667315f58ac8a9d346dd15bbd79e4c,1748542409,,0xb4c907afda8c362b58281b5c43a2e7b79f089d09,,1748752055,2025-06-01 04:27:35+00:00
VoteCommitted,22607478,0xba07122c42a2fad01960a3424b1910679659af3ee4ec234a0cf3dc88ab670b48,1748542409,,0x6748445d83259a6709e459873323324a54072d1b,,1748752187,2025-06-01 04:29:47+00:00
VoteCommitted,22607483,0x435a9774f3dc4754d785af9918cb1489b291477d7a0f2c4d31d33d94af9c84de,1748542409,,0x3bd0cbc96186cc3eafb304111e6ad20a4ac92f8e,,1748752247,2025-06-01 04:30:47+00:00
VoteCommitted,22607485,0x3706e702f9ec4973fecca306c47f4f3739cd14f36d83a7c82ab934bd493b6e30,1748542409,,0xf548bcf569fb953bf4f9dfbb67267d5824c8da63,,1748752271,2025-06-01 04:31:11+00:00
VoteCommitted,22607493,0x21300a9a254386eb7e6f2b690e2680ae52b6c0090b1d9caae4ba953706373b6e,1748542409,,0x630a63523a4f079201fb548114695d8da1d742f5,,1748752367,2025-06-01 04:32:47+00:00
VoteCommitted,22607501,0x61997760635af6149aa23e726f19a9843727613b49d8a766798c63cb14f58624,1748542409,,0x26fd27a26a6c1ede36214512ee4e56440a0cebf5,,1748752463,2025-06-01 04:34:23+00:00
VoteCommitted,22607505,0x9395d81972a6a7b4f18a02e746596f0f4db50290f1cc840823c79ea49f958157,1748542409,,0xd1cd2fd35c63e27a33f0b5ecf9c92ba1ab9c6df1,,1748752511,2025-06-01 04:35:11+00:00
VoteCommitted,22607516,0xd7799930a770a57f8c122f78cd5db263c400e7bcf2eff81a60e674a65052b684,1748542409,,0xd8c3cd1a7576efc723357b7158318f0cee0e30f6,,1748752643,2025-06-01 04:37:23+00:00
VoteCommitted,22607520,0xb1e92f2cbe33bb5ef6f2dcbec1bb07d68ae340875e8fa53ed5066e4ac773870f,1748542409,,0x216bf62b05246bf4a1694061e8769464a6bfd812,,1748752691,2025-06-01 04:38:11+00:00
VoteCommitted,22607525,0x9dea3d2abb032f536712d3f29de8370b3c5c3928d81c7eee761398076921233f,1748542409,,0x28ccfb369fb97929068cd30a390d37fee0037c61,,1748752751,2025-06-01 04:39:11+00:00
VoteCommitted,22607530,0x0349dd331a3a8d5890cefce1de4b546c407d17b7875f135399932519b0202e47,1748542409,,0x5d2150e5d88a30d5793c6c49959b8f7d350a36a5,,1748752811,2025-06-01 04:40:11+00:00
VoteCommitted,22607534,0xba3703005821f7da0dd940ee66050d1cd6591c5d648543c3bb2e1fb12740c895,1748542409,,0xc4e70e97a54bbf4f9796099282fa47397da4b4d9,,1748752859,2025-06-01 04:40:59+00:00
VoteCommitted,22607539,0xd5386f0ef344a8b47080091414d100e1082ef2e1680e9113a4cc66b2d794f060,1748542409,,0xe7ff7ad54492a38afb99bb5d8b897c5f93a66f47,,1748752919,2025-06-01 04:41:59+00:00
VoteCommitted,22607546,0xd3bfa9081286ae7714a0836b59fc25b3366f92ff5735a77f3c84622d14dbb719,1748542409,,0x6573e30ee0ad46bc9afa0c2adb0d3f147d658efe,,1748753003,2025-06-01 04:43:23+00:00
VoteCommitted,22607556,0xcb2fe0a4256bd4132b392f93a1ef9a0984cafb99ed328d508896be05cdbe164c,1748542409,,0x9a4773eeee73e34e1ee0e9a64e4b7453b0b04246,,1748753135,2025-06-01 04:45:35+00:00
VoteCommitted,22607597,0xd039f943d8607fb93691623d7aa6d5429fb4581bca14373ff041ca1ed6e565aa,1748542409,,0x1f12254be217cf9e9be46960c36970390b07f16e,,1748753627,2025-06-01 04:53:47+00:00
VoteCommitted,22607601,0xc968761eab9d11416ddad2505973849b92fbb968687ccff4525bdb9e8a730457,1748542409,,0xc42851d834037ca1f82668596233dca69654867c,,1748753675,2025-06-01 04:54:35+00:00
VoteCommitted,22607606,0xee2119b5e2bf255210932db55efdef9a3dc0c4d0e983f7231669d30985333f00,1748542409,,0xec2bae309d0a18d7ddfd4ea0f17a2f60817f4e9c,,1748753735,2025-06-01 04:55:35+00:00
VoteCommitted,22607608,0x5e36864b544edb436d49c91dc2b9b6a497fbbdc22f54fa121c2ad1bf0a46eb7c,1748542409,,0x6137a7c745ce7ed7a6ec8ca4aa5b635ff17d5467,,1748753771,2025-06-01 04:56:11+00:00
VoteCommitted,22607613,0x7e0edf04c88e7a2e6db0c36b7a687632329e7b03c499fa8261c6d49719b33fc6,1748542409,,0xfa8ce8d44271201e9ce37838ccb75ba482d597f6,,1748753831,2025-06-01 04:57:11+00:00
VoteCommitted,22607616,0x1377fecdab23a8842c57eabb453ab936f8ce2bcfffb2641ea8dd6123953709ef,1748542409,,0x4289c656b76b20ebf1b5fa4363da812346919bdc,,1748753867,2025-06-01 04:57:47+00:00
VoteCommitted,22607620,0x736709645baa2cd74486225b38c43e86768b487fed1c3f5d987852d0733ce201,1748542409,,0x4af80e6414efed0b91fa19c0d19b46c381becb7c,,1748753915,2025-06-01 04:58:35+00:00
VoteCommitted,22607625,0xd5c13d82d63dd399093fd9fbefa26bf547a0e25cafa63627af45676605dd5c0f,1748542409,,0x54d6390e19ce818209bd3b53a5d0d2e0c6faae04,,1748753975,2025-06-01 04:59:35+00:00
VoteCommitted,22607632,0x497957ec61a299eb5e2ebd07e0e7282262c37689f8dbb97fa4465f1057d3d96a,1748542409,,0x4241b7a1b190f97213cc092237833305af62f563,,1748754059,2025-06-01 05:00:59+00:00
VoteCommitted,22607637,0xab45a2455f550ccd0e2582de6f449038285a462c6794c1986e7f36a4d1a0d1b6,1748542409,,0x2f966072f36109f27539e5edefa741912206e491,,1748754119,2025-06-01 05:01:59+00:00
VoteCommitted,22607639,0xba8e54b5c4169111f9081ada428e2a67245c5bf7f2bb71e846c70fc441156577,1748542409,,0x08bba63a49be5f7ee6dd58f30a757f5137d52be1,,1748754143,2025-06-01 05:02:23+00:00
VoteCommitted,22607643,0x04b57b8374d2a21f5ba105634d97f4e0f6c4a91a41a683da7b5274623ace00da,1748542409,,0xa4635d0d583f6a5335aa3ce39ca7d7c2e7a7d01c,,1748754191,2025-06-01 05:03:11+00:00
VoteCommitted,22607646,0x828f962ce0dbac5d9208c8790dc19dab09d05517da16f5816545006eaa9da2c6,1748542409,,0x58cfc8ee2132847afcdc67cdefa92b2d21eb5ba9,,1748754227,2025-06-01 05:03:47+00:00
VoteCommitted,22607656,0xd0cf5c2440a0ed904795e970e663867dd886af34e0aac2586c323c181f634a5a,1748542409,,0xcb8c77837f470053f91e1e288cac223118c69937,,1748754347,2025-06-01 05:05:47+00:00
VoteCommitted,22607679,0x259866f2cd764877267e34e9bbf69571bf734207ecd30b3ba56ff8151c7247c6,1748542409,,0xf3c162c189341d024ee753223101612abf6fcf9c,,1748754635,2025-06-01 05:10:35+00:00
VoteCommitted,22607684,0x669c32194be382a29531a6288e97e40c5a9b088de2b9c648503dcdff34ba96fb,1748542409,,0x09a10823b87aed0a3c348c0a20d69d3276192913,,1748754695,2025-06-01 05:11:35+00:00
VoteCommitted,22607688,0x7b8b03b08064bb9aea325d1cd94438ddfe4c17bda900fa19e4a89cb5e57af0c9,1748542409,,0x336701bab9ee6a829a5d610a301e978aced202c4,,1748754743,2025-06-01 05:12:23+00:00
VoteCommitted,22607692,0x7e4861486821c1282ebc291c153d4abad6dfd4787f7772c65c37fb75b61b2c86,1748542409,,0x3895799b03759423c728eed3aa0c0414f5179f79,,1748754791,2025-06-01 05:13:11+00:00
VoteCommitted,22607696,0xc33f6002415b97fce4967ab29b4fdfbc29d513fd56a1a9350434284b37b956e2,1748542409,,0x5bc3d8339754b5d4455355b3c5cf2639fb943942,,1748754839,2025-06-01 05:13:59+00:00
VoteCommitted,22607702,0xf1a23a55993d40496a5c8fda4919e57c88a3048861b459b151ed5a033d4c826f,1748542409,,0xdb6d77a78b4da7286e3c1a6828eb83d9f0cca527,,1748754911,2025-06-01 05:15:11+00:00
VoteCommitted,22607705,0x3bada1a038c78c22db2b08d922d84c81e6c6cf27736e967aa0a69fc1a89b6019,1748542409,,0xab0ea94509caa5703362eaafd8087d205f97a340,,1748754947,2025-06-01 05:15:47+00:00
VoteCommitted,22607709,0x092efb899a3263e9c028cf92b42779b0bee6d184cbd77726e44c45b91f595ce2,1748542409,,0x3b59d6b33e8f8ddf9734917a40056d07548a4444,,1748754995,2025-06-01 05:16:35+00:00
VoteCommitted,22607780,0x9e43628db354f8627c9d88ab2573d0525395d9d3a6842459c32a24623dc9b39a,1748542409,,0x95cd0e455cf41e9f8cca8eee488432f3f10f29b8,,1748755859,2025-06-01 05:30:59+00:00
VoteCommitted,22607799,0x0f39616c8c2600af37fee42f841da4f586e0fca41b084ccf66604e81eb314924,1748542409,,0xc573ddc59824f248d3688df0474805f35c2c09c1,,1748756087,2025-06-01 05:34:47+00:00
VoteCommitted,22607807,0x3e04633d44cd43f7354537b9b6bc3e322b5ffe70bc95a05803f1cb07c67ea246,1748542409,,0x8b64673c9a482913a6e2c1298637532947cd96ee,,1748756183,2025-06-01 05:36:23+00:00
VoteCommitted,22607843,0x4d6f461c69997d3c6e047cf51c364255dbdc0d8bd7e4d2ef51c6cf3f82185b11,1748542409,,0xbd4b2b116ef87967f8d682195023313a00c7287d,,1748756627,2025-06-01 05:43:47+00:00
VoteCommitted,22607883,0xd39f85836c2f044569d66e405b08383a35b7fe12e658953bf202a4c22e3e7304,1748542409,,0x5ebc1d2809f4dfca9cb518efd2307fdffc36d55d,,1748757107,2025-06-01 05:51:47+00:00
VoteCommitted,22607965,0xdecf6dac84607e92f2411b08cfc47398451cbad3e324a106dea75a795e7ce024,1748542409,,0xe6b5a31d8bb53d2c769864ac137fe25f4989f1fd,,1748758091,2025-06-01 06:08:11+00:00
VoteCommitted,22608002,0x06728eedf130dd0ac6f1972e7801fb8ac234820f1f38de2fc6b73d9121760e53,1748542409,,0x73cde0e4f0480ea6b98bfa292ea936685716af4d,,1748758547,2025-06-01 06:15:47+00:00
VoteCommitted,22608089,0x285b7cb91851e2d6530bd75cafa26fafcf3bbc203c89b12491fe4829984484db,1748542409,,0x48c7e0db3dad3fe4eb0513b86fe5c38ebb4e0f91,,1748759603,2025-06-01 06:33:23+00:00
VoteCommitted,22608096,0x0bf94fa5cd96aa427f4fcef804b361ec8ca839cd2097f51a4f552d147fcfd83b,1748542409,,0x9fdb970aef60007fee4ea132b5f4ebc376740aea,,1748759687,2025-06-01 06:34:47+00:00
VoteCommitted,22608193,0x97b3c117278b0523e819ed5feb4bfdb7e7b66a2105c130d418c7a91bb45ffa87,1748542409,,0xc3ac3355b2686fa503246a92e34d0b7261b39d6b,,1748760851,2025-06-01 06:54:11+00:00
VoteCommitted,22608199,0x30c5c907ccbd44421e3654ef7b175626dc5c1b70e88db8fe90c53a6c308b8648,1748542409,,0x99bcea6bb0403927fb3c038163478d5b42082fd9,,1748760923,2025-06-01 06:55:23+00:00
VoteCommitted,22608252,0x684ff6c2bec5d159846f6212a59dd594ff38b10f5f93221cfe0d37ea5ef58504,1748542409,,0x69d0341d380a1229f4751a0a721345dbc716586c,,1748761559,2025-06-01 07:05:59+00:00
VoteCommitted,22608310,0xde9a9a2b04d5d7d958d1f4d77095cd673ff5024e48ab0fccb84abec247e472ba,1748542409,,0x3e1b1a4a8fba26e80f4678d3ea3ac1daca78523e,,1748762255,2025-06-01 07:17:35+00:00
VoteCommitted,22608388,0xec2bb084ba199d27579f82d8fdc3997400babeaacf6002f9358f615970df93f6,1748542409,,0x1921902db1b0967762f3ae86ae0675b2b3ddefa9,,1748763215,2025-06-01 07:33:35+00:00
VoteCommitted,22608391,0x766e44f74765b08da58e358c78b7f94123027d8f745de4cc3e38bca2dae49f56,1748542409,,0x8e561b9823d9bf7067f5f64980ae26b6b9969e77,,1748763251,2025-06-01 07:34:11+00:00
VoteCommitted,22608411,0x722580703db9bad5da45f1b1ec1cf9b6dea9bb568cd3202d4302d7f0a6286d04,1748542409,,0xb67a6e67072025c1db86e552dc17f7bf9c296122,,1748763491,2025-06-01 07:38:11+00:00
VoteCommitted,22608483,0x8c0c8391f9b2ad04301737cd04932b647f4c6d9c7d02ce7387abaf0969b718f0,1748542409,,0x36ce63c738971b948cf0afb842b7617254c15bc0,,1748764355,2025-06-01 07:52:35+00:00
VoteCommitted,22608503,0x4697052723afa325e859d8979654615ab51242ca864f4db369a670fb1721f952,1748542409,,0x90daea825e9d43043c05725a4196382b881b1a73,,1748764595,2025-06-01 07:56:35+00:00
VoteCommitted,22608503,0xfe09f8e5a4ceaeeca4df02b90db56921f0640b96ab80645080f7f77a2cea8c39,1748542409,,0xf0dc67c35b934a47704f5bcc1851398f57c7fe78,,1748764595,2025-06-01 07:56:35+00:00
VoteCommitted,22608518,0x27664dae9cfa426eb465d39a260e459ff88a3dee7981ee854b90aae169cdd32c,1748542409,,0x9baf193cbca6267a4d1f76be78a49b52ef960a44,,1748764775,2025-06-01 07:59:35+00:00
VoteCommitted,22608518,0x4b124516faa3ef91156314c1aaf8687f89ef429fe90664d66817d981c6ad61be,1748542409,,0xcfb331ade6d66ad1cb6765a2dd51ad3aa9a1400e,,1748764775,2025-06-01 07:59:35+00:00
VoteCommitted,22608520,0x8305133b06706514fe412c4696ca800b24fba8ecf041e3faa9082012604ebfff,1748542409,,0x3abebe2bfd423dbb6357674476d44e9bd178817d,,1748764799,2025-06-01 07:59:59+00:00
VoteCommitted,22608530,0xe2cbd116472c36f81e8910579e72c375e694e7f0fb11a97a691e53174f7578ad,1748542409,,0x5071e6d385f584b5875166563c1670460905ad7b,,1748764919,2025-06-01 08:01:59+00:00
VoteCommitted,22608532,0x5a315a76a76bbc09aae3e4eb07f293701fe429d6bd8fb9f92a0e327150e4a375,1748542409,,0x2b379bfb86e900fe8f3a1434ee79097aa5b883dc,,1748764943,2025-06-01 08:02:23+00:00
VoteCommitted,22608549,0x6cd8a8d41153227da96f1c93f3409485e6385bcbef373fd2df054585a87d7298,1748542409,,0xdf67cba8261c6d8c15c735009f61e2cc9f852de3,,1748765147,2025-06-01 08:05:47+00:00
VoteCommitted,22608608,0x761407ba454860ef63d54173b1f85ed5c7b98ce82e72fd70261c2efd8ab756ea,1748542409,,0xa8b8f0b17ed13a3663a8e3f169c42464adddb984,,1748765855,2025-06-01 08:17:35+00:00
VoteCommitted,22608640,0xff1cf2ff82e3b06b2e5787e05ea66db490a91787d4168797967d9ffe47d35149,1748542409,,0x7b51bfb030e888f047a29de664940035a47ef56b,,1748766239,2025-06-01 08:23:59+00:00
VoteCommitted,22608706,0x2c86ece53bf9812abedaedca64f3aa148985856f55f1e5847a4c88135be9fa35,1748542409,,0xd431b7c1433fba9a5aa5330e5211f4773b95e9d9,,1748767031,2025-06-01 08:37:11+00:00
VoteCommitted,22608726,0xdf8ab6d16aba433d1511063fbdc382320b1dd800f3a451ea504dfa95e1235a50,1748542409,,0xfe9309c9f3d4f5a6e514cab5f4f5a36838b59c9d,,1748767271,2025-06-01 08:41:11+00:00
VoteCommitted,22608807,0x29ed1757aef4cedbcf1f888900e2b92da451615cf982324fee013e77aa4f28f0,1748542409,,0xa2e5dbd496e25a194a11fc3e4ad5ada199e827f4,,1748768255,2025-06-01 08:57:35+00:00
VoteCommitted,22609006,0x0a5459ecf476d1dfdb85004d75d0988400878e00c45ebfab74ced30d37d15ef6,1748542409,,0xdb2808ed6cf0b8b9686222689cf4f6e88e42b80a,,1748770667,2025-06-01 09:37:47+00:00
VoteCommitted,22609081,0x9a32afa0d030a31e4f18f9cb377f9cb53bc83c40f7978af6110babdbd720eae3,1748542409,,0x7c45fb10a18f834a47cc3f470e97140a399b6af8,,1748771579,2025-06-01 09:52:59+00:00
VoteCommitted,22609123,0x1026692cabea622fa1747accbf22aeba08e9825bc91ec5be0b5285f02c947747,1748542409,,0x4431211df49f9a51cbba89467a524985cc809080,,1748772095,2025-06-01 10:01:35+00:00
VoteCommitted,22609392,0x54afbc697c7c682f20f27a3620d52044e5f0f208668012cf374f05d1d96c5a48,1748542409,,0x9e43052ffb31e82b13a57079bdcf2c731d6cb563,,1748775323,2025-06-01 10:55:23+00:00
VoteCommitted,22609417,0xecd3c9093a140dc2ee6b6c203e7595bc24f4c9d442a51774fb24b922c9a72e04,1748542409,,0xf3b699d889361868d7b82c8bf41126b18ddf99bf,,1748775623,2025-06-01 11:00:23+00:00
VoteCommitted,22609443,0xa8f247713e3d9158e41f4c71b6451f49f8f36ae841b671d1db4c0e2cca7acb68,1748542409,,0x09397d66b46a796ddb4cd7d340e3b063ab89befb,,1748775935,2025-06-01 11:05:35+00:00
VoteCommitted,22609473,0x6152079672c65c2f46f2e67e4e3ee41c9eda7148b12c26c34b0291742cc85cd0,1748542409,,0x7a409cffa9257d9de043a98a2034254eff7cbe8a,,1748776295,2025-06-01 11:11:35+00:00
VoteCommitted,22609504,0x3435a2e679949d99178f4c27f32218978c7b9b0b2362a92f0590259628268833,1748542409,,0x840bf8f06b175aa001b85cdb68b3378e8b14946f,,1748776679,2025-06-01 11:17:59+00:00
VoteCommitted,22609536,0xfbd107c3897c8a31075437b774f9ba1965cf02e4261c2d6383b6cd92d18fbb66,1748542409,,0xbd9d10d381abec81d8c35b6032f44b7abc7a98eb,,1748777063,2025-06-01 11:24:23+00:00
VoteCommitted,22609624,0x19727a6b4935fdce49edabe7a7eb6e0af75932548082b83f94eb7c1aa9d07530,1748542409,,0xf0180d4561dbaeaac3b96b7491bfafc94cea4069,,1748778119,2025-06-01 11:41:59+00:00
VoteCommitted,22609624,0x686c99d70335a75dfd14497e5b8bf2033aeb6b5175554734e8e28a3cc090171d,1748542409,,0x10494f35fc94cfb34e4dfebd99e6d665c8dfc8e5,,1748778119,2025-06-01 11:41:59+00:00
VoteCommitted,22609681,0xf2b86d66a2a26a1a34ba5e88546583896a4728b02771ee7a081f5ce6a93a33c5,1748542409,,0x80cc06036fb903f0dbddb5a14d595f8fc79aca98,,1748778815,2025-06-01 11:53:35+00:00
VoteCommitted,22609709,0xc254d34dbb13ae14012dd0d52f93ec41e166def1c4b6ea8ead4f45286679aa07,1748542409,,0x65afe015bd9850b3374ab67753e8d641d4742482,,1748779163,2025-06-01 11:59:23+00:00
VoteCommitted,22609715,0xcb82e4510c163d186360dd1e9748539ebcb26b3bc9725ae0a6238b003a3148a7,1748542409,,0x89bebc6265fa32861e38ae26e112aa4694b9103a,,1748779235,2025-06-01 12:00:35+00:00
VoteCommitted,22609717,0x2d9f3426438758467ae68ade16debddcae5e759f26e2dda2c6971c5c9ab8130b,1748542409,,0xdc8614557d2fb159a8b1c1f69256bc522d74821a,,1748779259,2025-06-01 12:00:59+00:00
VoteCommitted,22609751,0xb29660b683517d1e8d6c511b1a65344fc3dad6b23f00c81e7b3fd1189bc4d0ec,1748542409,,0x16d12711626310b5894783ca187bdafe7aa4597a,,1748779667,2025-06-01 12:07:47+00:00
VoteCommitted,22609766,0xab3938e63ff489bca1916a7bebbe5b69abb8b28f39cc18e73f7a3e3ec0951456,1748542409,,0xcb4bb9d616f27dc84a256b768b4c393fa8010caa,,1748779847,2025-06-01 12:10:47+00:00
VoteCommitted,22609775,0x2edf2fe7f357b737a935031fa694bea3e45b5673bf979719b65607562ec7d51d,1748542409,,0x4c0dee7fa0f6e3693abe2937111cde4b5a00ff1d,,1748779955,2025-06-01 12:12:35+00:00
VoteCommitted,22609776,0x91af1a46a85e7690d9051b538d5512f4b84cdd9b5c5eb01e049e8f5ac285269c,1748542409,,0x7595a3964a77df4858648bbe4c6ca4a3c69d8027,,1748779967,2025-06-01 12:12:47+00:00
VoteCommitted,22609777,0x89be59438c4a3fea8b352709fefe87d7d2caaf90108d4c4f723a28576da57065,1748542409,,0xea8d60baf7088c0c46242dd46237eca2f403558a,,1748779979,2025-06-01 12:12:59+00:00
VoteCommitted,22609779,0x1e15d4ec26cec957cb74cdd38161379d3efdfaa8511a5060d998374dd84043a8,1748542409,,0xde26619c377f3be82eec1ef59aad46a20681dad7,,1748780003,2025-06-01 12:13:23+00:00
VoteCommitted,22609782,0x1a41366e3799f3ea64d6c64220f6cd236c2e1f07c9c72e97122969741ed4a432,1748542409,,0x1cc972ff969689873f8010bdd0cf3dc30618397e,,1748780039,2025-06-01 12:13:59+00:00
VoteCommitted,22609783,0x74a040a50f23fe074f6e0436716d9a83b2c5254a77f66a7340db4bfd6baa686c,1748542409,,0x465c19bee117a1709745223bcbe14c5416b0d022,,1748780051,2025-06-01 12:14:11+00:00
VoteCommitted,22609784,0xc7f0c6966979b3cc1890b1eed11d39ed361f815c616bc978dfe0e7486ea59020,1748542409,,0x628023f53587a03eac809478bafe9898779a57bb,,1748780063,2025-06-01 12:14:23+00:00
VoteCommitted,22609785,0x2a9a8fae28057b6225636ebc9ed563dadf04cc67ad21a263f1842c9793921202,1748542409,,0xa31c2232842e631ccb2d2e4110b356bab21e6020,,1748780075,2025-06-01 12:14:35+00:00
VoteCommitted,22609786,0xad435e2bb22c4a31f2e74d2959b96c4b1a3c7b0edf6d89eb1b79cd6f2fbd23c3,1748542409,,0x1ab83bc391b0bdbc34ab69d02bf34f4b643c64f4,,1748780087,2025-06-01 12:14:47+00:00
VoteCommitted,22609787,0x8109c5dfe3a1977d58229564ae2f16dc949c3947306c348b3968d353673c0a04,1748542409,,0xe7488e7f5c60bfa81d38965c02b4cc5aa6249a11,,1748780099,2025-06-01 12:14:59+00:00
VoteCommitted,22609788,0xe5b5c9c6745f1be3bfa743b77792fd1e8dfc40a8e94b7867afea09c906341bb2,1748542409,,0xde0aef70a7ae324045b7722c903aaaec2ac175f5,,1748780111,2025-06-01 12:15:11+00:00
VoteCommitted,22609790,0x95a8cdf0d20c6116a6e1287b6c83f8a96223873124335f893040a55b60f006f7,1748542409,,0x2a82c67a5acc3332721b0af2739497bd893ec9d8,,1748780135,2025-06-01 12:15:35+00:00
VoteCommitted,22609791,0xa32225985ab43507a4c3e06776f28cbae49e55fe19e55c6751008787b70ee2d7,1748542409,,0xb48369eeba3cbca5957398a618446fb6a53128ab,,1748780147,2025-06-01 12:15:47+00:00
VoteCommitted,22609792,0xdefa3b43e0047c7880f07a307fe04db736c897863cb75dff8bf5906a2e657d5e,1748542409,,0x1306ae61242615df58260ef0219aac87ac31bc55,,1748780159,2025-06-01 12:15:59+00:00
VoteCommitted,22609793,0xd5c9c1a37ba38f19f2b0b9fb9e508ac67f1b93701059ed6ca86b04969b5303e6,1748542409,,0x55e026d5c5cf81094ed8e8a6bc8191d28802c952,,1748780171,2025-06-01 12:16:11+00:00
VoteCommitted,22609794,0x803bc34d49beec32fbe42f6beea455dc02e6ef5633e618f75a59386004c76dee,1748542409,,0x1c80ad40014cf912545cc56fc626faf2206dd09a,,1748780183,2025-06-01 12:16:23+00:00
VoteCommitted,22609795,0x95b77bd1417c9c7923fbabe14f0668a13d493c57251b14b4298ca73f70fd3db9,1748542409,,0x1a463c02cb1b6f1ea7273f41f7fa46aeec43cbc4,,1748780195,2025-06-01 12:16:35+00:00
VoteCommitted,22609797,0xd4c5da02ce5b080b1951ffd121602b0722d15e786dd9385717a39052e387b111,1748542409,,0x8c4809d3ad6b05ee765b36807d7c6c6b3782b938,,1748780219,2025-06-01 12:16:59+00:00
VoteCommitted,22609798,0x53d7af20aa04a708facd3891ffc7b1a4071e2850e900d7b5913fb68fd49a88dc,1748542409,,0xdc20465fc7d1fad0c1432ebc1c7a5f12a4a7021d,,1748780231,2025-06-01 12:17:11+00:00
VoteCommitted,22609799,0x285fa5f29de8f68d9b6c0b12fdefbbbb2c6c28f094bed8f1b925e1e173229356,1748542409,,0x0293cdbe2b126df9ccce4eee24ffe1a58cbaf77e,,1748780243,2025-06-01 12:17:23+00:00
VoteCommitted,22609801,0xe19228dde9cc36d2d9c9cda3f78760f4f41f683ac369cae89294339efe2e74a5,1748542409,,0xe3b03d4dba836e2457007e7a6e78aefdffb11d12,,1748780267,2025-06-01 12:17:47+00:00
VoteCommitted,22609803,0x22d90b6121c43049c441c78364856196e6401081bcb5770c66646e8381667c83,1748542409,,0x57cbb4ca7776349ad24f2dbae8dfed2989a30f3e,,1748780291,2025-06-01 12:18:11+00:00
VoteCommitted,22609804,0x15de508324abaf5666ca357fdb41f40d0811bd564e176152f11ab3336bb729c7,1748542409,,0xbb1ff00e5af0f3b81e2f464a329ae4ee7c1dfba5,,1748780303,2025-06-01 12:18:23+00:00
VoteCommitted,22609806,0x6d1793403259fd40554a9358881df3d19f969d05ed02889a1721bdf6c3a53335,1748542409,,0x4821eaeb37061e3c26b2264838e788f8de06bdcf,,1748780327,2025-06-01 12:18:47+00:00
VoteCommitted,22609808,0x57b9025c6d23e028a258341abaa2a522bd5b38685623321f1820bda058a2e1bf,1748542409,,0x87a726a806f48a435d8bf627678c85f26b46c1b6,,1748780351,2025-06-01 12:19:11+00:00
VoteCommitted,22609809,0x563d86a850ab495bcab7c763cedd62608ce9134674f6c4327717f73fb271acca,1748542409,,0x5a7c58176c6f210365d017ff360fa806c532ee4c,,1748780363,2025-06-01 12:19:23+00:00
VoteCommitted,22609810,0xfe1697741f066628ed50eb243fa2286bf9ab4f21cef31e58e32d9e4fde6c4340,1748542409,,0xc4eb54c0e23f47c3a062e74d91f9e61d59b99946,,1748780387,2025-06-01 12:19:47+00:00
VoteCommitted,22609813,0x0444133773c6ef479ef5eaff12a2078db72dee2b75eb6757a4022953c032e9b7,1748542409,,0x110f0b1faa1cb6eed49883f960808c95f609f6fd,,1748780423,2025-06-01 12:20:23+00:00
VoteCommitted,22609814,0xff93e5c5eff76b596653ea920010035ae24a8ff5ebf3b2ce2c340b58e1860c35,1748542409,,0x949758647d0390cf44a0f244615b019c2429f769,,1748780435,2025-06-01 12:20:35+00:00
VoteCommitted,22609816,0x8c08c0e91ad190f46968783037c4d65de5ff10473ba377e27f62f6dec10e8195,1748542409,,0xf33e833707e9303d00dc045af440ed19b9dbdb10,,1748780471,2025-06-01 12:21:11+00:00
VoteCommitted,22609817,0x33a229b05e24a8546162f7562cf3d5b85a7d68ea9e3be8fa18396b33148a0acb,1748542409,,0x578403fbd9198742cbe068d04f11e206f692a1ee,,1748780483,2025-06-01 12:21:23+00:00
VoteCommitted,22609818,0x48d1fcab1c6dc27006d2c8d2695fb1e22d6b0b9f823a90e1bf9a8adc33c87be3,1748542409,,0x858f09336b4eb24076d4cc46fa932832dd8fc13c,,1748780495,2025-06-01 12:21:35+00:00
VoteCommitted,22609820,0xc63be4204689d653fe89a3333abf646f07e45a151f85429f66815b14f32817f2,1748542409,,0x4ebd4720113312e6721206f7a3b6255f358069f4,,1748780519,2025-06-01 12:21:59+00:00
VoteCommitted,22609821,0xab7dfde59d8f41091af8c9d44b17cadd2c71fde53c3d00ebf97ddd3cddfec703,1748542409,,0x6e86d1f305e43dbd3d39df7c736653236fd42587,,1748780531,2025-06-01 12:22:11+00:00
VoteCommitted,22609823,0xb42290ea74a42a3ab364c11cf741a953cc0b8d3a7088c2d3a16109df567e49e3,1748542409,,0x6fc5b81c6c117015fdd36fdea25a9c1ec243daf1,,1748780555,2025-06-01 12:22:35+00:00
VoteCommitted,22609824,0x928ab39656c1f5a451a0c81791925523ccae2dd0928271803fe54a9b64136007,1748542409,,0x91ad835a8dc56eb5c7e6f46bf437b7400c17cf4f,,1748780567,2025-06-01 12:22:47+00:00
VoteCommitted,22609846,0x50a89790a4d71dc5dccb6301aa80b03d92d5a071ac1aade20d34427055c5fe19,1748542409,,0xfb1f7ed82c240c0515bb4670ec8837701313a12c,,1748780831,2025-06-01 12:27:11+00:00
VoteCommitted,22609852,0x35e89f2b55bd8cb68603bfd1c74a7e9829ef79c62a37f56efa26777ef214d6ae,1748542409,,0x2a6dc98558a7482cfbd2f7c75be5d59e62e27e59,,1748780915,2025-06-01 12:28:35+00:00
VoteCommitted,22609890,0xf940f5d541dd6512ba98269b2cbe19ffd264a3d387e54a567b4d81689aab3362,1748542409,,0xfb043bbaf380a06c01750ce0a6324e38ed11110c,,1748781371,2025-06-01 12:36:11+00:00
VoteCommitted,22609937,0x55449e1066f715c0bb1465692af91f945fb5661ab4c39bb60f67bc214218bd8e,1748542409,,0x9b8f31d4a132cfd3425eef49076e56e60dc1ed2f,,1748781947,2025-06-01 12:45:47+00:00
VoteCommitted,22609946,0x65ff7ff1d37773baa9200f3c83c4ae56fa298ece329b2c0e0af67dd554e44178,1748542409,,0x487a5bbdc6091be0e27c0e8ea283047d94862538,,1748782055,2025-06-01 12:47:35+00:00
VoteCommitted,22609954,0xc554a3cfd28cc3221f3615b68f1fa73624d9b622b973ae995c8ae1310c4a0787,1748542409,,0xc6c323b8b7f644897e32192c75342a1131a3d292,,1748782151,2025-06-01 12:49:11+00:00
VoteCommitted,22609963,0xfbf395d087f3cb08d569ad74aebe507e6dd564c6515ac11731f5d3b0277309d8,1748542409,,0x18fee6e511646b8ea2e4964277574f637bc03f3b,,1748782259,2025-06-01 12:50:59+00:00
VoteCommitted,22610043,0x16d693aea239b8797b51bca1b706afc3efd6d122012802dff83ed3b00830051f,1748542409,,0xf0027afb0cfbaae582e21d96e2761b0b07bfbfb2,,1748783219,2025-06-01 13:06:59+00:00
VoteCommitted,22610070,0x3cd4def6e67e4fc478c37ba998d99802c72386e973540748eaac68d361de3f16,1748542409,,0xea1e010e379f1fa9d74022c6655ebe7ed5f64f9a,,1748783555,2025-06-01 13:12:35+00:00
VoteCommitted,22610104,0x321348db8d267c767e76fe0c002741fb366441811d2215b9b3e9426aaeb3ded9,1748542409,,0xdb4d5a3e683df965ce509ef191d979e77543bb4d,,1748783999,2025-06-01 13:19:59+00:00
VoteCommitted,22610116,0xac3f87a0c2b1fee519572dcded417b3343e1e9ba233272f6b9f87105894d0619,1748542409,,0x37c5db6f455f1cb3274ebe67582c92d04c4f6545,,1748784143,2025-06-01 13:22:23+00:00
VoteCommitted,22610190,0xdb4e24748daebdec64683b9741019943cfe995974c556e1626a514f41bdb8dee,1748542409,,0x519ebedcb61498e2ebabe8d8b9ff8b168fa5fb3b,,1748785031,2025-06-01 13:37:11+00:00
VoteCommitted,22610199,0x6ca94cb4b790adc0e5ae559e51fdcd777443b44e6c42becd0b0176c6730b1d5a,1748542409,,0x104d86705c46e9422b803af522b43809f1c8e4e9,,1748785139,2025-06-01 13:38:59+00:00
VoteCommitted,22610206,0x1d3a81974af01bc456e615335cef3467bfd16811167c6718633d0419b4a00aef,1748542409,,0x7dba7270548f1596ffcbaf046dddd3c1bb44f167,,1748785223,2025-06-01 13:40:23+00:00
VoteCommitted,22610282,0x93119454b9192e07d2cd70c2c09cf2c58f920e6e1f28a1457676eea5e55d17f5,1748542409,,0xb524735356985d2f267fa010d681f061dff03715,,1748786147,2025-06-01 13:55:47+00:00
VoteCommitted,22610349,0xc208e70d69aefdc80316bbc797be4033bd08c51d8c96b358f4bddcf936f47b6f,1748542409,,0xf3c12244c9b1c56f8f5f44b8466c2c14fed02329,,1748786951,2025-06-01 14:09:11+00:00
VoteCommitted,22610403,0xd63a960b65c66b5426f1f6aaaf7a30c29d180d8aa8fe73793a51425a7e0c801c,1748542409,,0x68c1363a6d70ae1b37bb92099764f4cb06ad859a,,1748787599,2025-06-01 14:19:59+00:00
VoteCommitted,22610466,0xe6d769d3596f3c4089a2e0f75381ff7c8dd7253298614ce00e6c5243240ef06c,1748542409,,0x72b583cce10f64d9307a70d3877db05bacc13236,,1748788367,2025-06-01 14:32:47+00:00
VoteCommitted,22610511,0x71173fd9dd57c7a5fe30a33a41b3049eed933a9421082415f274f5a4c2beb9aa,1748542409,,0x56d769f02e20c6c416d6583879403181e0f37226,,1748788907,2025-06-01 14:41:47+00:00
VoteCommitted,22610536,0x49d6aa517f41ec40f694faa820e32e328fb9d8a3ac10f6b9955c938b6a9989eb,1748542409,,0x568967ab58e2da9536b8a8102f453788c7e982b0,,1748789207,2025-06-01 14:46:47+00:00
VoteCommitted,22610577,0x3f1f40389f29b581e01cce2637af5d5d8a3389e3ca327402585fdaca090081d6,1748542409,,0x101ae23d3cf1efc40383697a657e9d9ef873b9e5,,1748789711,2025-06-01 14:55:11+00:00
VoteCommitted,22610690,0x80be815c07dbb85495f150a6c004a04ba19ee96d86e2cb5f2d35c987216b1b8a,1748542409,,0xaa9ef398f6fbcc765617a9c451b2a4e749ddd624,,1748791067,2025-06-01 15:17:47+00:00
VoteCommitted,22610865,0xa6a0290b28535845e4c1b951a9537db1857d1657bf9c0bc5a9ae1a487583d146,1748542409,,0xa9b0d5c5e012cb47dd473fe3cea272b5f716c344,,1748793179,2025-06-01 15:52:59+00:00
VoteCommitted,22610873,0xea9b9135c4320e4ef8bef33c9ba6f9219536c7ac4800a053f7ecbe2d3622e171,1748542409,,0xa7b9d5fc54eb3ffe1985a10e28d045a9b89487d0,,1748793275,2025-06-01 15:54:35+00:00
VoteCommitted,22610924,0xdda2051fccfa75d308a021b2f1fb96c4d5de21beb19b2194e0950cd3ee87fbee,1748542409,,0xdf505b8811c4cd09c40e1c02e908d6fe36c2ffda,,1748793887,2025-06-01 16:04:47+00:00
VoteCommitted,22610967,0xc81bb031dcb031c8aca77f10d5814d8208a5130d8c608a1afb822a188ed3faf8,1748542409,,0x6564c6c44ef87e3bb32d7987317869817380340c,,1748794403,2025-06-01 16:13:23+00:00
VoteCommitted,22610992,0x4bcb594ee09b282c475739fb7122c473ef300775f92d0189faaf56f7ffc895f0,1748542409,,0xfee5be290d4a1a50caff611389ba2120a4095d78,,1748794703,2025-06-01 16:18:23+00:00
VoteCommitted,22611025,0x4ab0b22ca7e9d6a450d2f264f5a13c2d838ab1933f1b4b921a28a9b008c0be9b,1748542409,,0x05d184b066d72cd42a1fe0fb880c3d4a0adbf8c4,,1748795099,2025-06-01 16:24:59+00:00
VoteCommitted,22611038,0x9dafc4500b5220fe816f01f736ebf6fa5d3625dbc6801649cb2db7a3b456090a,1748542409,,0x3b45e837ce844cf6c25459aba5b9c2d6ea023008,,1748795267,2025-06-01 16:27:47+00:00
VoteCommitted,22611068,0x04af208f1fe31dc6e913e5e84aa9e99fb144fe6b81e5f5af48e60e8cdd5464bb,1748542409,,0x336b9de28d67d692c31df93a9b8630b2fa50d88f,,1748795639,2025-06-01 16:33:59+00:00
VoteCommitted,22611079,0x9a30ed170c0e490d5ba83cc1434071d7865ae0083e3a7dea1ae91792896095b5,1748542409,,0xbd9e1684f8ce34c9652bd4d0dcec3d82e4e8baa7,,1748795771,2025-06-01 16:36:11+00:00
VoteCommitted,22611084,0x65f00d8a61cb189678a0d8a6647c72672df24a3663b442addd48d7f22d61379f,1748542409,,0xf659a672600f7c9f6fac317f884f8c76357fd48b,,1748795831,2025-06-01 16:37:11+00:00
VoteCommitted,22611178,0x93596a26f4024c8974b19d467035b713adfd933d2f967bbd3885fd7b08be9996,1748542409,,0x8d61d0bbe21f6f3c81cc6b0d4ba6164b911f27bc,,1748796983,2025-06-01 16:56:23+00:00
VoteCommitted,22611281,0x5edf389291b632136003781badac1728022eb50cb2569b792892c14dc9413a8d,1748542409,,0xed3aa99bb1c5215f619d01030ba89166997d54fa,,1748798231,2025-06-01 17:17:11+00:00
VoteCommitted,22611311,0x3b42ce40cd5472fe748ee28c6d778039be3ee19b9df686fe391507c96396d8ff,1748542409,,0x69d0a6ccb76f3f7ef96dada03b01b555e76fa819,,1748798591,2025-06-01 17:23:11+00:00
VoteCommitted,22611315,0x3d78a5ea917fb59da77a03bd45df24d603fffd109facf7a026f712f9e38e8e9b,1748542409,,0x004f839564cb617812584feab5d6d6c44ed09dab,,1748798639,2025-06-01 17:23:59+00:00
VoteCommitted,22611432,0xe7a399db98ae4ee70d3cf8afa0147117b7dd73e26b72d6a7afe77fe5104e8db8,1748542409,,0xd9f9f15e1dcda849a48ee048892c9b31287c7598,,1748800055,2025-06-01 17:47:35+00:00
VoteCommitted,22611492,0x4858e41f451cf7a50fec0b3a637da8784cf79d267b15d57d9f7466eaa5f1a262,1748542409,,0x23e330d014ea09b285462487c2fac43e46a7bda4,,1748800787,2025-06-01 17:59:47+00:00
VoteCommitted,22611515,0x255b7ba757ce507695341727df1381945f651f2e778d0a2bb8ead529926c0b84,1748542409,,0x5c2e7b98288be54c8c468b331a5b0dcb57b9d55e,,1748801063,2025-06-01 18:04:23+00:00
VoteCommitted,22611520,0x42dc2f7a0e6abb0001e59c72f0b98e10fb59093431915a92a825c5068d00dbd0,1748542409,,0x66ca133ec691ca210251fcd4c963ba220515225a,,1748801123,2025-06-01 18:05:23+00:00
VoteCommitted,22611539,0xe4dc186c158156b58cc291f0f8697cf39d6d2c4bf0e02474bf3600dd64ae9ef0,1748542409,,0x216ac9372dc1f80e189a3d4b92f266a3599b92ba,,1748801351,2025-06-01 18:09:11+00:00
VoteCommitted,22611585,0x58ed9d92a2dddef9b53effb5905a8ba35dfd9f6d9420621c154cebfb085e92a2,1748542409,,0xc337dffa52de796e86b640debb0c9f2b88930459,,1748801903,2025-06-01 18:18:23+00:00
VoteCommitted,22611756,0x4d85d050a0a22cbbd9df7efb620f38157c65c8f810f54649c335d460232b642c,1748542409,,0x89f91453030f415b238d57ec209749e1b8da2a45,,1748804003,2025-06-01 18:53:23+00:00
VoteCommitted,22611845,0x919f986696cda34ac88b87de73d0794b0e4ce29b13083623eab86bbae4086a85,1748542409,,0xa61b950ac1f186a65c17c0ec447b5f4b05c288a5,,1748805083,2025-06-01 19:11:23+00:00
VoteCommitted,22611863,0x9fc494afd093523dd27a950c0017dec25138284e65d9fb821479fa6530ebd0b9,1748542409,,0xf445567e961c533e26430005c142dee831a6376e,,1748805311,2025-06-01 19:15:11+00:00
VoteCommitted,22611965,0xce28c1fb9dcea3cf8eab968c3d58e1442b477027ec4123c456f27dcaff76c1d3,1748542409,,0xd32e46eb8f5f7e2d89da68ac7abf96ab186ebd3f,,1748806535,2025-06-01 19:35:35+00:00
VoteCommitted,22611970,0x094dfc2745f7cb041a73088986bae9ec11fbb021edf09cc73a4dc711e30de838,1748542409,,0x35041bcf4455468d1de0bfa0ffd9ebe9ec6cec2b,,1748806595,2025-06-01 19:36:35+00:00
VoteCommitted,22612031,0x951ca9a65b114ae5e6dd7e147e905efd3a5a0cdf01477d2983d44a8f3d7b1007,1748542409,,0xa4effcaa060edd222eb86d33beb4df518805a5ea,,1748807327,2025-06-01 19:48:47+00:00
VoteCommitted,22612072,0xef7915cffdfc4063ad822f44cbf4fc3465107824f61466b78890d900a44ac3eb,1748542409,,0x4863fe62d4cd3718bc0c104ec0cb45052d41e44f,,1748807819,2025-06-01 19:56:59+00:00
VoteCommitted,22612080,0xd4b15024d3561fefa4cc5a78e393c9b89044e975f3d914ba807530fd88dbcab5,1748542409,,0x1515f9d20a8df64c72f0d35baf5a5ec079c4490a,,1748807915,2025-06-01 19:58:35+00:00
VoteCommitted,22612094,0xab087df87292bc4015f5339cfa77328dc7009b445e85b547fd78be8863f523cf,1748542409,,0x7e367235ef80109531113d8284a5593ba6a40c22,,1748808083,2025-06-01 20:01:23+00:00
VoteCommitted,22612284,0x9ee958e4a4511fd3812c209938edb784da63930eab13c687f8ec2e518bed3b9d,1748542409,,0x18f7f5243263e84ee8de50ca6c704b3415669222,,1748810363,2025-06-01 20:39:23+00:00
VoteCommitted,22612289,0x8622585298c55f6390e67fe829720dcf2ea1b1253fb5b2a2ba2ac1e5159bc9ee,1748542409,,0xc12fa1c74c5d97c8eae9c16ab9df28837d9d39ee,,1748810423,2025-06-01 20:40:23+00:00
VoteCommitted,22612328,0x5abc80551f62a89663d1b7b6d1ad09ce91901342c965b826108a1f18faa716c2,1748542409,,0x74e4aac1ff7105ee7c23f240e78e9820ec3d9053,,1748810891,2025-06-01 20:48:11+00:00
VoteCommitted,22612435,0x7219c0d2ef970318648fe5d10f182236123537c5da2d753c35c02aed32fa378f,1748542409,,0xc9e8233c2c5476cda4f96595bbb3a9d117168df5,,1748812175,2025-06-01 21:09:35+00:00
VoteCommitted,22612458,0x888c2329baa36b6c21d830d542adf2400b905f746a36d920e22f1199890c85b7,1748542409,,0xd4c1a8c6b38aa15945023ab28a53838f29286e2e,,1748812451,2025-06-01 21:14:11+00:00
VoteCommitted,22612482,0x612cf32ecc8b0c0d645876640c658baf713d7c98a740da7ae5a93b47c199dd79,1748542409,,0x4be80a823e619ef57a61cc19b6bfb72974df0604,,1748812739,2025-06-01 21:18:59+00:00
VoteCommitted,22612493,0xc8d91fc1b07b5dc678d96301e29e3b563bc431f9d8184447e56e1085420d86b8,1748542409,,0x92d76b5d5ee767a4a90719a9a910936dc4006fc6,,1748812871,2025-06-01 21:21:11+00:00
VoteCommitted,22612498,0x36ffda4d2269377d2f28b0bd7f579b2c02e27a9144a0585d2fa57be35301744d,1748542409,,0xb731ccc5f62e99ea25220bfd73c3867bb5205790,,1748812931,2025-06-01 21:22:11+00:00
VoteCommitted,22612508,0x90c064b258dabe4d1db1027ff89ac1843777efa4be41550b7055684e3f06543a,1748542409,,0x30b2daeb3757b6c7462cd0d776828f8d7398be50,,1748813051,2025-06-01 21:24:11+00:00
VoteCommitted,22612678,0x91d69ad6403df2c3f4d09077ce9c34d7f1653c741ea4f49bc9df7c4f8e3a7a2d,1748542409,,0x326c819380b8842e3a55e5f97f6011ee91844205,,1748815091,2025-06-01 21:58:11+00:00
VoteCommitted,22612685,0xca6a202f995c6c39232fb8cc0dd87c6b1d21fc10b6eb425cef3873516f265b13,1748542409,,0x003a3b5669b288b29687c66d678aa06cb8d80577,,1748815175,2025-06-01 21:59:35+00:00
VoteCommitted,22612718,0x5360cb58b99bc23d0388ca01e6f7366adeeefa3c9d0f1874b627ffb0c41ee1bd,1748542409,,0x2d51f7645dd96bcac85a62a3affd70a419776f52,,1748815571,2025-06-01 22:06:11+00:00
VoteCommitted,22612735,0xa4bdff6bd16e21ea1b5f8bc4ff920f648d7d0549ab921bc1d014551eb00e8ad7,1748542409,,0x24eb1c355c05439819a23dd0842d5d038d1ca05a,,1748815775,2025-06-01 22:09:35+00:00
VoteCommitted,22612866,0xc824f447fb7027ddae6e24d7f419ea9593211af696d16a4aab2be773baabc67e,1748542409,,0x0afc9a935960948ed35e50ac7639cbb38e840b38,,1748817347,2025-06-01 22:35:47+00:00
VoteCommitted,22612879,0x112f99696fcb8a5395d860899cd486bcdcc99c5ae60437ab2f5689b9289969ea,1748542409,,0x996d5138843993cebc554c20d82310a43802aff1,,1748817503,2025-06-01 22:38:23+00:00
VoteCommitted,22612959,0xb6d7ede2fbe6aea75fed8b4fcae89db5beeb20969d6b7ab15a2beecdd90e3b4b,1748542409,,0xe63757e3cd485c9b35b3a972fffa2d91b8649483,,1748818463,2025-06-01 22:54:23+00:00
VoteCommitted,22613032,0x2ee42c9891c73b65ce0f2b019e1f6b8f9ad5f5f4b08b957499ef9175da40bfc5,1748542409,,0x6c8735e11e3016f8aaf66bbc5ed5938d129dca76,,1748819339,2025-06-01 23:08:59+00:00
VoteCommitted,22613054,0xbe897c9e29da9e0e40af8f684d83923de1a87be81a0c5fc2854504aec0d5329f,1748542409,,0x8d4c39b6a9c7cec94cffef12f4ec019765b4128e,,1748819603,2025-06-01 23:13:23+00:00
VoteCommitted,22613190,0x177ccc4753892f1020b97f0abdfb2a363de08b7e8badddf074e9a27eeff75f59,1748542409,,0xfc204fcfd2a579157898a212ea25ac98de2b1e1c,,1748821259,2025-06-01 23:40:59+00:00
VoteCommitted,22613194,0x230ad3a2a8a03a0469c9bcc83377581476abb76141845cc4b06d60dd6c083ee9,1748542409,,0x8e349da0c6ec06e496f145e421424d2fdfe9c97a,,1748821307,2025-06-01 23:41:47+00:00
VoteCommitted,22613197,0xa4a2abee0a26e7320c6f80c301c77d90c91b558a8e8e75fb431b58ded737d4a6,1748542409,,0xc60aa5a87d580b3181aef33a402d88bfe705fea0,,1748821343,2025-06-01 23:42:23+00:00
VoteCommitted,22613224,0x49c91195f98db01824c812a8b950e68725dc753eea0de332d8b8c3261cb099d1,1748542409,,0x2c492138498165c3f6ff94ab7d0b7ab6dd546ada,,1748821667,2025-06-01 23:47:47+00:00
VoteCommitted,22613229,0xaf27dbb269983c83fd1c63544aee1aefae7d8dfad86c93eba50db192ee582b60,1748542409,,0xbd73cf5baf12f120ee3f6c4ad82df9a12649e578,,1748821727,2025-06-01 23:48:47+00:00
VoteCommitted,22613229,0xfd23685d99902d735711e3ffadee87aba2186286108457f3edca3b969d695131,1748542409,,0xd7c737a195f75ccb819a1ce7474892e4ab6bff8f,,1748821727,2025-06-01 23:48:47+00:00
VoteCommitted,22613236,0x39325c7769ed08adf529fcd73663a74a0f553dc2fc91b2fe73f692d97a460ee2,1748542409,,0xf08c6cbc8bcd68d5a6ec8498f911d45a9c8035f9,,1748821811,2025-06-01 23:50:11+00:00
VoteCommitted,22613236,0x2fd70d4edfd8fedc5d860c4cf593bca70858ddf24db2c3b9fa3e2bbfaa1d4255,1748542409,,0xb56846d84b5f1ad032290ac1c527d93bd11ef97e,,1748821811,2025-06-01 23:50:11+00:00
VoteCommitted,22613263,0x5189f592ea111968853eaf088adcd7453e5dc6d8c44538936cb724790fb16d5a,1748542409,,0x04b81d0480d5899b7d1460fa5036b66415ecdb57,,1748822135,2025-06-01 23:55:35+00:00
VoteCommitted,22613269,0x6b2f54611030326fa7ec859244395f27024c7cfa79cef4c228b2e0da4f75f77f,1748542409,,0xd17eb770e4e209c186ceda0d7e09bfc03d792b36,,1748822207,2025-06-01 23:56:47+00:00
VoteCommitted,22613273,0xf0e8611fcba5b8abcbc9d44bacc52ec700022fda1b885f277672adf1437846b7,1748542409,,0x566f617e5d9da90fe3adf5e1bd1e829cb6a7d9f0,,1748822255,2025-06-01 23:57:35+00:00
VoteRevealed,22613298,0xa11de596d5fda8538fb12035d6646c32a8e04acc6b2a8416f0d52323997c52bb,1748542409,,0xb56846d84b5f1ad032290ac1c527d93bd11ef97e,-57896044618658097711785492504343953926634992332820282019728792003956564819968,1748822555,2025-06-02 00:02:35+00:00
VoteRevealed,22613299,0x9eb25061c3aebf053babd0f8f959d4d2a340874e97cd88180b11c0851fa66b54,1748542409,,0x9860d7309039b9a44b1df878ed4484133a881316,-57896044618658097711785492504343953926634992332820282019728792003956564819968,1748822567,2025-06-02 00:02:47+00:00
VoteRevealed,22613304,0x5ac4cfca926f2f4232ae589cfb1ad19de08c9cf729b2d5e93352469cc105c8ce,1748542409,,0x5c2e7b98288be54c8c468b331a5b0dcb57b9d55e,-57896044618658097711785492504343953926634992332820282019728792003956564819968,1748822627,2025-06-02 00:03:47+00:00
VoteRevealed,22613305,0x4b7dbdd84a438ecbfc6262308916fbbe488296ee5a7f87dabed3d474f9a8cc4b,1748542409,,0x2c492138498165c3f6ff94ab7d0b7ab6dd546ada,-57896044618658097711785492504343953926634992332820282019728792003956564819968,1748822639,2025-06-02 00:03:59+00:00
VoteRevealed,22613305,0x7cd5758b8c6fa25490e5ab6c2bd20a24203f2cdcd2ea28c976a58f32fad6fa44,1748542409,,0xf08c6cbc8bcd68d5a6ec8498f911d45a9c8035f9,-57896044618658097711785492504343953926634992332820282019728792003956564819968,1748822639,2025-06-02 00:03:59+00:00
VoteRevealed,22613305,0xe0a87c7c17dcf0af6dc6b9fef1a666fe69e26d58d1d468fb249859a316b7a40e,1748542409,,0x9baf193cbca6267a4d1f76be78a49b52ef960a44,-57896044618658097711785492504343953926634992332820282019728792003956564819968,1748822639,2025-06-02 00:03:59+00:00
VoteRevealed,22613305,0x1e330008c8c18e7df9f53e2f42250f853cf1ee5b508f01da47f57f46a1155247,1748542409,,0x66ca133ec691ca210251fcd4c963ba220515225a,-57896044618658097711785492504343953926634992332820282019728792003956564819968,1748822639,2025-06-02 00:03:59+00:00
VoteRevealed,22613305,0x41be7cd09ae243fa6a9e116e1b3b0dc8b1112d840b367de2035c2cc91f7da956,1748542409,,0xbd73cf5baf12f120ee3f6c4ad82df9a12649e578,-57896044618658097711785492504343953926634992332820282019728792003956564819968,1748822639,2025-06-02 00:03:59+00:00
VoteRevealed,22613305,0x7063844779868f0e9be68b62fd056891de34172618e1e7f39d17531ee4d3bd9b,1748542409,,0xd7c737a195f75ccb819a1ce7474892e4ab6bff8f,-57896044618658097711785492504343953926634992332820282019728792003956564819968,1748822639,2025-06-02 00:03:59+00:00
VoteRevealed,22613319,0xcbf29423ffbcac06a73235e60aff63db5e53e140375b927f50bd46b34929e603,1748542409,,0xf9486539799fec4b75f57d5196e65b73b3356032,-57896044618658097711785492504343953926634992332820282019728792003956564819968,1748822807,2025-06-02 00:06:47+00:00
VoteRevealed,22613322,0xa8ee5af4cf2a608c3f04d581455e043ead1ad33ec2256e349717304fa39174da,1748542409,,0xdc8614557d2fb159a8b1c1f69256bc522d74821a,-57896044618658097711785492504343953926634992332820282019728792003956564819968,1748822843,2025-06-02 00:07:23+00:00
VoteRevealed,22613329,0xe271bb1661550dfc187b9a0a503056ca9f4b0d69e8985d50d27bd5f15406aac6,1748542409,,0xd2a78bb82389d30075144d17e782964918999f7f,-57896044618658097711785492504343953926634992332820282019728792003956564819968,1748822927,2025-06-02 00:08:47+00:00
VoteRevealed,22613343,0xff6a4e5ed534637ac04a659ed963b41f46d41b47b0fd192ea090ca78696e82bc,1748542409,,0xefbc103259b500ebe6408fc7c91535b0e158e22b,-57896044618658097711785492504343953926634992332820282019728792003956564819968,1748823095,2025-06-02 00:11:35+00:00
VoteRevealed,22613345,0x7998487b4827c11f75791cfa020085896a15f6720171d74ee3942f2de665427e,1748542409,,0x601f1c1df1a415965311b6841d8e8eda42697eb5,-57896044618658097711785492504343953926634992332820282019728792003956564819968,1748823119,2025-06-02 00:11:59+00:00
VoteRevealed,22613372,0xbaca1b17e379d77f8f9a4adf435b25239b9577e5699cdb0f5c669e87907abf9b,1748542409,,0x24eb1c355c05439819a23dd0842d5d038d1ca05a,-57896044618658097711785492504343953926634992332820282019728792003956564819968,1748823455,2025-06-02 00:17:35+00:00
VoteRevealed,22613372,0x7ba276dea0f339bea06ec73b02c8777a3f4c42e28cbb87ff07ec647e3f94bb6b,1748542409,,0x2a6dc98558a7482cfbd2f7c75be5d59e62e27e59,-57896044618658097711785492504343953926634992332820282019728792003956564819968,1748823455,2025-06-02 00:17:35+00:00
VoteRevealed,22613397,0x337e4830c321ed8f9075c45d7bed6e316d4b6e942049c13635f16e8c64c84e1f,1748542409,,0x4863fe62d4cd3718bc0c104ec0cb45052d41e44f,-57896044618658097711785492504343953926634992332820282019728792003956564819968,1748823755,2025-06-02 00:22:35+00:00
VoteRevealed,22613405,0x250f0cc79b8f37266e61488f930c9aabcbe61f50a9f2c5e4b51113475ddf66fa,1748542409,,0x86cc5e1e8fb20102fa7a0fa4afeaf1cbe1be273d,-57896044618658097711785492504343953926634992332820282019728792003956564819968,1748823851,2025-06-02 00:24:11+00:00
VoteRevealed,22613413,0xb56843f5a0819aaebfc90ec5cea5c4f9071632b775528217ad2beef2e57ec0b2,1748542409,,0x6c8735e11e3016f8aaf66bbc5ed5938d129dca76,-57896044618658097711785492504343953926634992332820282019728792003956564819968,1748823947,2025-06-02 00:25:47+00:00
VoteRevealed,22613432,0x73a53f77671ab7b2a915094b98b1632e0f56ae7acfe38a6c715f3195b4e5109d,1748542409,,0x20ec3d7739fc8ba82014a9cf0a771b427e0b56c0,-57896044618658097711785492504343953926634992332820282019728792003956564819968,1748824187,2025-06-02 00:29:47+00:00
VoteRevealed,22613451,0x11a44d23977ccd91c2186b9fe851fa942614f0166c347d30c9a737c30a62df57,1748542409,,0xea1e010e379f1fa9d74022c6655ebe7ed5f64f9a,-57896044618658097711785492504343953926634992332820282019728792003956564819968,1748824427,2025-06-02 00:33:47+00:00
VoteRevealed,22613453,0xf10c4b5376af4837e663a49baa0119c976efbbe29b3f2feea6781cf577878257,1748542409,,0x2bc111bd8bf402c65cd185bab460ae9ecc9aa7e7,-57896044618658097711785492504343953926634992332820282019728792003956564819968,1748824451,2025-06-02 00:34:11+00:00
VoteRevealed,22613458,0xcc25d8642df00f2fd4a860a2b103b5c459948f2dfb1ae08be203a424c78c84aa,1748542409,,0x2488a154ca8e174bd3bb0648d19f24855d587238,-57896044618658097711785492504343953926634992332820282019728792003956564819968,1748824511,2025-06-02 00:35:11+00:00
VoteRevealed,22613467,0xb822aad992dda19b931096a47cf82b70a7b5c03acdb20a00a035cff44aebffb1,1748542409,,0x393950505b160607f40d11ab956c9406dbe6e4ce,-57896044618658097711785492504343953926634992332820282019728792003956564819968,1748824619,2025-06-02 00:36:59+00:00
VoteRevealed,22613500,0x8768c3a9569a83509afbf3ad41d5317b3347ec6b9d4dd13bdb4daf4fc8d90772,1748542409,,0x0b5ddda89a88416860254eb326b3691ffcce4832,-57896044618658097711785492504343953926634992332820282019728792003956564819968,1748825027,2025-06-02 00:43:47+00:00
VoteRevealed,22613523,0x1a4ad36c528f45079ea5b94c7f388071ec07220ecfb7e5b3b3fa84d1563e03f9,1748542409,,0x35041bcf4455468d1de0bfa0ffd9ebe9ec6cec2b,-57896044618658097711785492504343953926634992332820282019728792003956564819968,1748825303,2025-06-02 00:48:23+00:00
VoteRevealed,22613537,0x4d42fce0ccbc7d645541af61076afe0e6ef673c95b65e1256d30e386179a55c5,1748542409,,0x126db3213b309a8d554594e591e614425ccac78e,-57896044618658097711785492504343953926634992332820282019728792003956564819968,1748825483,2025-06-02 00:51:23+00:00
VoteRevealed,22613561,0x8b30f1e62860861666d5a05e1b04289c124b3044df874828d84384d4b33d1cd0,1748542409,,0x74e4aac1ff7105ee7c23f240e78e9820ec3d9053,-57896044618658097711785492504343953926634992332820282019728792003956564819968,1748825771,2025-06-02 00:56:11+00:00
VoteRevealed,22613586,0x0ccb6d729d5d6d45ad2e678131a9c68df2c84b12fd3dc4c129dae776bcfa7e49,1748542409,,0x349ef0f01d64b6bb96f3d2fde895bee5ce745168,-57896044618658097711785492504343953926634992332820282019728792003956564819968,1748826071,2025-06-02 01:01:11+00:00
VoteRevealed,22613594,0x081f7e64e508a651a4b26c96997ae8bfed67b7f83b5b66fbf1cdff1b0ae77790,1748542409,,0x5d547923774921d7938349c1582239d19d5ccc4b,-57896044618658097711785492504343953926634992332820282019728792003956564819968,1748826167,2025-06-02 01:02:47+00:00
VoteRevealed,22613594,0x883fe83429d7fd630fd382c9fa3c37ba22703271d13c86ffe077b060b99662b9,1748542409,,0x0afc9a935960948ed35e50ac7639cbb38e840b38,-57896044618658097711785492504343953926634992332820282019728792003956564819968,1748826167,2025-06-02 01:02:47+00:00
VoteRevealed,22613617,0x7a67c99d87f33aa8e717a12d053dc812d1720f5ebc848f96ea9dddba79d350fa,1748542409,,0xdf505b8811c4cd09c40e1c02e908d6fe36c2ffda,-57896044618658097711785492504343953926634992332820282019728792003956564819968,1748826443,2025-06-02 01:07:23+00:00
VoteRevealed,22613658,0x6c5994c764370b14cad30baba0bf866dd27eb39fa3d9e486d4e587e789e6d028,1748542409,,0xfee5be290d4a1a50caff611389ba2120a4095d78,-57896044618658097711785492504343953926634992332820282019728792003956564819968,1748826947,2025-06-02 01:15:47+00:00
VoteRevealed,22613685,0x02367a6b53a3a0d8ea0dc27c39899a4b697e9ba2da30462f10ecd666dbb3d172,1748542409,,0x4ddd9af5f091a11438f3c4f618f1257d6d660cb2,-57896044618658097711785492504343953926634992332820282019728792003956564819968,1748827271,2025-06-02 01:21:11+00:00
VoteRevealed,22613727,0x1dd077d9b122e9338a781d5267bcde26f738c505d6f484beb498e6384b03fcfc,1748542409,,0x336b9de28d67d692c31df93a9b8630b2fa50d88f,-57896044618658097711785492504343953926634992332820282019728792003956564819968,1748827775,2025-06-02 01:29:35+00:00
VoteRevealed,22613742,0xf00c0a7057b676f6e4b9f87a263d278caf1ac2de50bde1291c058e61500b1df1,1748542409,,0xd8e492ede29fb17f9910ad12054047a4c5af9d15,-57896044618658097711785492504343953926634992332820282019728792003956564819968,1748827955,2025-06-02 01:32:35+00:00
VoteRevealed,22613766,0x186979a7acdfec91aadc99bf4eb56bfba7e708cdf8d9f0acee282c385600f661,1748542409,,0x4c0dee7fa0f6e3693abe2937111cde4b5a00ff1d,-57896044618658097711785492504343953926634992332820282019728792003956564819968,1748828243,2025-06-02 01:37:23+00:00
VoteRevealed,22613768,0x874aeca3f0650da5707994ff246b2de6d2f16937d36c3e59c7948efe7f0ddeac,1748542409,,0x7595a3964a77df4858648bbe4c6ca4a3c69d8027,-57896044618658097711785492504343953926634992332820282019728792003956564819968,1748828267,2025-06-02 01:37:47+00:00
VoteRevealed,22613770,0x9ed2cd7980fe52e97aa43f77cd515cee1c4c301fe0745107dbecfa8696b2fe41,1748542409,,0xea8d60baf7088c0c46242dd46237eca2f403558a,-57896044618658097711785492504343953926634992332820282019728792003956564819968,1748828291,2025-06-02 01:38:11+00:00
VoteRevealed,22613772,0xde7378fae2c659d11ffa0a245050f7b4974031ef323835939d723d2fdfec3694,1748542409,,0xde26619c377f3be82eec1ef59aad46a20681dad7,-57896044618658097711785492504343953926634992332820282019728792003956564819968,1748828315,2025-06-02 01:38:35+00:00
VoteRevealed,22613774,0x74552e5949df35e43e31a0323c05eddd44d2f799b37f8c44ec2f602c51d151e2,1748542409,,0x1cc972ff969689873f8010bdd0cf3dc30618397e,-57896044618658097711785492504343953926634992332820282019728792003956564819968,1748828339,2025-06-02 01:38:59+00:00
VoteRevealed,22613775,0x420eed9adc2d0c929f9694f1bde620b63ad2c5c98f9aa31e4051ccc65bd24cde,1748542409,,0x465c19bee117a1709745223bcbe14c5416b0d022,-57896044618658097711785492504343953926634992332820282019728792003956564819968,1748828351,2025-06-02 01:39:11+00:00
VoteRevealed,22613776,0x0a8c2b19d2e8af2ddeee5253edcb2a107fc6ec351c0b63c810cf925e6d160af5,1748542409,,0x628023f53587a03eac809478bafe9898779a57bb,-57896044618658097711785492504343953926634992332820282019728792003956564819968,1748828363,2025-06-02 01:39:23+00:00
VoteRevealed,22613777,0x0a76d927c1a869ad8d9decca4cd9f7235c030228a631604d3897767bb8ef6c25,1748542409,,0xa31c2232842e631ccb2d2e4110b356bab21e6020,-57896044618658097711785492504343953926634992332820282019728792003956564819968,1748828375,2025-06-02 01:39:35+00:00
VoteRevealed,22613778,0xdc6f978af54e7ee045bc1175343956e0c9497b5cb50b0f4d7441a7b90b48ed86,1748542409,,0x1ab83bc391b0bdbc34ab69d02bf34f4b643c64f4,-57896044618658097711785492504343953926634992332820282019728792003956564819968,1748828387,2025-06-02 01:39:47+00:00
VoteRevealed,22613779,0xee9e610490c84fd6a6661cf1ef344a4050a12ac68ab07d426dfd5a59379c5c1c,1748542409,,0xe7488e7f5c60bfa81d38965c02b4cc5aa6249a11,-57896044618658097711785492504343953926634992332820282019728792003956564819968,1748828399,2025-06-02 01:39:59+00:00
VoteRevealed,22613780,0xbf449cd9f5835ad25f3f52dfc15aa7431f7a81e4f45a73a74f4b09cb7dd1f50d,1748542409,,0xde0aef70a7ae324045b7722c903aaaec2ac175f5,-57896044618658097711785492504343953926634992332820282019728792003956564819968,1748828411,2025-06-02 01:40:11+00:00
VoteRevealed,22613781,0x05a15fa46d3e85f83fb8a795b3456e5ae5159384d21936b6d5d905001a86cc70,1748542409,,0x2a82c67a5acc3332721b0af2739497bd893ec9d8,-57896044618658097711785492504343953926634992332820282019728792003956564819968,1748828423,2025-06-02 01:40:23+00:00
VoteRevealed,22613786,0x28fde5951947090a2a3006b8ad1feed97f6e65cb39d538f8331a20f6a9023382,1748542409,,0xb48369eeba3cbca5957398a618446fb6a53128ab,-57896044618658097711785492504343953926634992332820282019728792003956564819968,1748828483,2025-06-02 01:41:23+00:00
VoteRevealed,22613790,0x00e2f4334581cf0e345754a433c978609f32ade21bf9f065decb60b62fcafe78,1748542409,,0x1306ae61242615df58260ef0219aac87ac31bc55,-57896044618658097711785492504343953926634992332820282019728792003956564819968,1748828531,2025-06-02 01:42:11+00:00
VoteRevealed,22613792,0x656d4a3004a28c9a91c76904603cc60bb3cf34d5d3b1afee7f8f67ea722a4c39,1748542409,,0x55e026d5c5cf81094ed8e8a6bc8191d28802c952,-57896044618658097711785492504343953926634992332820282019728792003956564819968,1748828555,2025-06-02 01:42:35+00:00
VoteRevealed,22613795,0x5930c25608f4015c619a53055d402c9a0abdc50b0eb07453c87a4f264d97df75,1748542409,,0x1c80ad40014cf912545cc56fc626faf2206dd09a,-57896044618658097711785492504343953926634992332820282019728792003956564819968,1748828591,2025-06-02 01:43:11+00:00
VoteRevealed,22613798,0xdaa8f5bc1307a3acfc8201d13447116198b68c122c0b468e230c6faf88da78d4,1748542409,,0x1a463c02cb1b6f1ea7273f41f7fa46aeec43cbc4,-57896044618658097711785492504343953926634992332820282019728792003956564819968,1748828627,2025-06-02 01:43:47+00:00
VoteRevealed,22613799,0xae1738093e7876a450f2460d1a238870aaa83f8c9869c3a6c7a0346acddbeb3b,1748542409,,0x8c4809d3ad6b05ee765b36807d7c6c6b3782b938,-57896044618658097711785492504343953926634992332820282019728792003956564819968,1748828639,2025-06-02 01:43:59+00:00
VoteRevealed,22613800,0x652b1bb78b83986eca92b588929e8bfb012eb30202458c969d5e4fc3e7db13a8,1748542409,,0xdc20465fc7d1fad0c1432ebc1c7a5f12a4a7021d,-57896044618658097711785492504343953926634992332820282019728792003956564819968,1748828651,2025-06-02 01:44:11+00:00
VoteRevealed,22613804,0xeae4c71e9aa302340802973799268320caa7f3860a94be9c0467aff3a3f88542,1748542409,,0x0293cdbe2b126df9ccce4eee24ffe1a58cbaf77e,-57896044618658097711785492504343953926634992332820282019728792003956564819968,1748828699,2025-06-02 01:44:59+00:00
VoteRevealed,22613804,0xf97e02772cb04aba95ab5190d1393f9fb4e5fbe76a24e0b89016b935293880ae,1748542409,,0xca64e575083e0a8f9c73ffc214d78027d98fc51b,-57896044618658097711785492504343953926634992332820282019728792003956564819968,1748828699,2025-06-02 01:44:59+00:00
VoteRevealed,22613806,0x6eedcaa32833b8443c9d799307506a5b23628af2c4280e2ade91e88421e93399,1748542409,,0xe3b03d4dba836e2457007e7a6e78aefdffb11d12,-57896044618658097711785492504343953926634992332820282019728792003956564819968,1748828723,2025-06-02 01:45:23+00:00
VoteRevealed,22613808,0xbfa451a932d7a6f7ddb8b83e0eea276c663d6e2f0835c087b2ee0f32e3c0bbef,1748542409,,0x57cbb4ca7776349ad24f2dbae8dfed2989a30f3e,-57896044618658097711785492504343953926634992332820282019728792003956564819968,1748828747,2025-06-02 01:45:47+00:00
VoteRevealed,22613808,0xf97dbb23707acca6028cbcd712874e585c39670ae6c21c96a7ab189714c06eb0,1748542409,,0xf8e9af3a84d29678a26f08048dd206ad10cc6fe8,-57896044618658097711785492504343953926634992332820282019728792003956564819968,1748828747,2025-06-02 01:45:47+00:00
VoteRevealed,22613809,0x522979e60f30839128ab73646270854173afd229dab57e692ce7cccbc7d9e4b3,1748542409,,0xbb1ff00e5af0f3b81e2f464a329ae4ee7c1dfba5,-57896044618658097711785492504343953926634992332820282019728792003956564819968,1748828759,2025-06-02 01:45:59+00:00
VoteRevealed,22613811,0x5066bea16d5775a9ed5787284ceda756bcc22b5bedba52bc6698e6aa4250bcbc,1748542409,,0x4821eaeb37061e3c26b2264838e788f8de06bdcf,-57896044618658097711785492504343953926634992332820282019728792003956564819968,1748828783,2025-06-02 01:46:23+00:00
VoteRevealed,22613812,0x5c88b9eef38d75a81df7af54c19858d96f1e6a2b24217ebe01e3f777bfce737a,1748542409,,0x87a726a806f48a435d8bf627678c85f26b46c1b6,-57896044618658097711785492504343953926634992332820282019728792003956564819968,1748828795,2025-06-02 01:46:35+00:00
VoteRevealed,22613813,0xf97cc56c9c671ba16a71625fbfed2779f40d9ce8026bdcaa9dbda2df2b97705c,1748542409,,0x5a7c58176c6f210365d017ff360fa806c532ee4c,-57896044618658097711785492504343953926634992332820282019728792003956564819968,1748828807,2025-06-02 01:46:47+00:00
VoteRevealed,22613814,0x9b15cd6aada16694a5b90d7ed3b39c1848122cbff03e36a7fd728a55c0cfcbed,1748542409,,0xc4eb54c0e23f47c3a062e74d91f9e61d59b99946,-57896044618658097711785492504343953926634992332820282019728792003956564819968,1748828819,2025-06-02 01:46:59+00:00
VoteRevealed,22613815,0x9be457e399538a105233ea39a860f328a479230d126acda3f3edcd55efab10b9,1748542409,,0x0bb9f7c03eb9c1a31c25b3b7e61e2c503c30b81d,-57896044618658097711785492504343953926634992332820282019728792003956564819968,1748828831,2025-06-02 01:47:11+00:00
VoteRevealed,22613815,0x4e08e7e262c4ecb6698fe908049f72446a920ca72af705f7c1c2a6edcaff6427,1748542409,,0x110f0b1faa1cb6eed49883f960808c95f609f6fd,-57896044618658097711785492504343953926634992332820282019728792003956564819968,1748828831,2025-06-02 01:47:11+00:00
VoteRevealed,22613816,0x358ec13e979fb46997e53c16b922458e627771c87169b9a978c9195c5a176884,1748542409,,0x949758647d0390cf44a0f244615b019c2429f769,-57896044618658097711785492504343953926634992332820282019728792003956564819968,1748828843,2025-06-02 01:47:23+00:00
VoteRevealed,22613817,0x7969be05af56d8d48614a1afc387c346759d30a103144a9c61485d31ad5b90ef,1748542409,,0x430c4e68894177ae43f52b4fd643fd2d6c7d2e5f,-57896044618658097711785492504343953926634992332820282019728792003956564819968,1748828855,2025-06-02 01:47:35+00:00
VoteRevealed,22613817,0xa8f4fbb9f0a40c17833f7b3341751494478d2d24beff9ab18c412f4f6bcd9dc9,1748542409,,0xf33e833707e9303d00dc045af440ed19b9dbdb10,-57896044618658097711785492504343953926634992332820282019728792003956564819968,1748828855,2025-06-02 01:47:35+00:00
VoteRevealed,22613819,0x633341c51092ac9a84f5c8cc879a7ae105fdaaea76f26b09b030f26529e48ae3,1748542409,,0x578403fbd9198742cbe068d04f11e206f692a1ee,-57896044618658097711785492504343953926634992332820282019728792003956564819968,1748828879,2025-06-02 01:47:59+00:00
VoteRevealed,22613819,0x223b6990ae91be6a9f14b4fc8789c364d703d5652a7db0199a1bc2aa70128455,1748542409,,0x95cd0e455cf41e9f8cca8eee488432f3f10f29b8,-57896044618658097711785492504343953926634992332820282019728792003956564819968,1748828879,2025-06-02 01:47:59+00:00
VoteRevealed,22613821,0x89c754cf696043fb28f998c692e83f10606d81af81eec044d0f3a36bea10bdd8,1748542409,,0x858f09336b4eb24076d4cc46fa932832dd8fc13c,-57896044618658097711785492504343953926634992332820282019728792003956564819968,1748828903,2025-06-02 01:48:23+00:00
VoteRevealed,22613822,0x6c811bc978a4cfc7d633142696adaf4ac2f6448d580ae214b7f4526c423746c5,1748542409,,0x4ebd4720113312e6721206f7a3b6255f358069f4,-57896044618658097711785492504343953926634992332820282019728792003956564819968,1748828915,2025-06-02 01:48:35+00:00
VoteRevealed,22613823,0x8ee8458d2ac67518213f70e4b782d68424443d24f0a50a178c5aad01a48e71a1,1748542409,,0x6e86d1f305e43dbd3d39df7c736653236fd42587,-57896044618658097711785492504343953926634992332820282019728792003956564819968,1748828927,2025-06-02 01:48:47+00:00
VoteRevealed,22613824,0x045c3c2134c772eaf78d100dd50779fa50ed44900e89f9dc715865cc570b8397,1748542409,,0x92bdd46aeba9c2f4b55eddb522382261b62220ea,-57896044618658097711785492504343953926634992332820282019728792003956564819968,1748828939,2025-06-02 01:48:59+00:00
VoteRevealed,22613824,0xbda8d5ddc965dfdd4bd721c96e3a82e690558d58ea6abc537195bb633aee6c4c,1748542409,,0x6fc5b81c6c117015fdd36fdea25a9c1ec243daf1,-57896044618658097711785492504343953926634992332820282019728792003956564819968,1748828939,2025-06-02 01:48:59+00:00
VoteRevealed,22613825,0x5a2ab0386e14c39cd19f7b8b7823b7490ed93df5ba14044deecaba1999a5d396,1748542409,,0x91ad835a8dc56eb5c7e6f46bf437b7400c17cf4f,-57896044618658097711785492504343953926634992332820282019728792003956564819968,1748828951,2025-06-02 01:49:11+00:00
VoteRevealed,22613827,0x11d3020de9dd164090eee02e764138451b47fd504f1726021ca7fccfece0dd70,1748542409,,0xbb68400daa7ae42392de56026f9b5c1e6f923e3c,-57896044618658097711785492504343953926634992332820282019728792003956564819968,1748828975,2025-06-02 01:49:35+00:00
VoteRevealed,22613829,0xabc46047a999db1d57d392cf6e48e10711ca369f28d77beceabe94caa37a91b7,1748542409,,0xa85160a81da205ae57f6d55f16c9c43d773c7438,-57896044618658097711785492504343953926634992332820282019728792003956564819968,1748828999,2025-06-02 01:49:59+00:00
VoteRevealed,22613832,0xc7373f2d968b0e46cb9c804fc8beee979be79a8d1f45de4289fec5c4590b597d,1748542409,,0x8e5fdb6a37f2389fa638b2e144809c7d7bc21e4a,-57896044618658097711785492504343953926634992332820282019728792003956564819968,1748829035,2025-06-02 01:50:35+00:00
VoteRevealed,22613840,0xccf443bd55f20885928703adfdc2e86e0149629c884c1e6978bb0d4d2a0e8da6,1748542409,,0x63d4e757ae3aa82751094bef2ce37db0b303959e,-57896044618658097711785492504343953926634992332820282019728792003956564819968,1748829131,2025-06-02 01:52:11+00:00
VoteRevealed,22613845,0x004058276621dc8e0ae6255e33cf39ff15cfafcde9a94c0263af982408e5ec82,1748542409,,0x48767f20ec0aca7f47b3da2cc32bc06549470a9b,-57896044618658097711785492504343953926634992332820282019728792003956564819968,1748829191,2025-06-02 01:53:11+00:00
VoteRevealed,22613849,0x63fa628efbaafb1a0b8d07d45c6149b0c9f1d0e3b6078672a952c484c872dcf3,1748542409,,0xd273f87e43851fa7f0518e3b385c0d964621e3c6,-57896044618658097711785492504343953926634992332820282019728792003956564819968,1748829239,2025-06-02 01:53:59+00:00
VoteRevealed,22613851,0xeb81755a66605d7a0a31c8feaa819a14dd50099bf0c3955fd3aebf46b6a42ea7,1748542409,,0x7c45fb10a18f834a47cc3f470e97140a399b6af8,-57896044618658097711785492504343953926634992332820282019728792003956564819968,1748829263,2025-06-02 01:54:23+00:00
VoteRevealed,22613857,0x3e10bcd82db2837d2e6a2d779dbf4389141a8d03445895e9eeb4e05ccf3b39c1,1748542409,,0x9cf0ea03c7e23f2c466d48f6bfa14a85ef7cf4c8,-57896044618658097711785492504343953926634992332820282019728792003956564819968,1748829335,2025-06-02 01:55:35+00:00
VoteRevealed,22613859,0x69d920ff5b56a2fa1d22d0b9a0927bf2a1337ac3db57f6818be859ad4a7e91d5,1748542409,,0x2f55877d6d8a42bd87e0325201cd15d63abf5866,-57896044618658097711785492504343953926634992332820282019728792003956564819968,1748829359,2025-06-02 01:55:59+00:00
VoteRevealed,22613864,0x7f18493d7b67d22617a1b667e67a2aaf7e4f40d3bd4446ecaa79cf823e879ab8,1748542409,,0xc0dc4010e76fbd53c82b19f8f8d7604e37289fb4,-57896044618658097711785492504343953926634992332820282019728792003956564819968,1748829431,2025-06-02 01:57:11+00:00
VoteRevealed,22613868,0x15ef3b24a3359c2922badb9ce738fb6916289eedb32f475e3ae2ecc9d8a6cfbe,1748542409,,0x4010650464cc07e447ae10d3135f8c82554b2528,-57896044618658097711785492504343953926634992332820282019728792003956564819968,1748829479,2025-06-02 01:57:59+00:00
VoteRevealed,22613870,0x6f981b788a86079a15101e22eb4f7abeb1db7ff94bbe6b3fb73623d0dc31c840,1748542409,,0xd4c1a8c6b38aa15945023ab28a53838f29286e2e,-57896044618658097711785492504343953926634992332820282019728792003956564819968,1748829503,2025-06-02 01:58:23+00:00
VoteRevealed,22613876,0x59620601fba7cecfee3c328919762138686e215f70274e93f161b651dd18dad8,1748542409,,0x40bfe49745df251fa0ac7a3f983101ff170c389b,-57896044618658097711785492504343953926634992332820282019728792003956564819968,1748829575,2025-06-02 01:59:35+00:00
VoteRevealed,22613882,0x1c3538bbdc8c9ed56887ed1c704b33557e0eaa01501e46a779504cba3db436d4,1748542409,,0x5060020e66031c324f77ae24f14cfcea6a688cb7,-57896044618658097711785492504343953926634992332820282019728792003956564819968,1748829647,2025-06-02 02:00:47+00:00
VoteRevealed,22613884,0xba9c1dbadb25f040ebe1fdf122582dc964d72e6a84dfd941ebfacac28e7cc59a,1748542409,,0x1edb50d83f76382480886597a3023fc318b2ca66,-57896044618658097711785492504343953926634992332820282019728792003956564819968,1748829671,2025-06-02 02:01:11+00:00
VoteRevealed,22613887,0x43cb6f88e4377ba1a2450b48bca2680a72220b447c8c5e3b95dbc8dfeb9804f8,1748542409,,0x415106767827a7856d826458a486a87e0e15097c,-57896044618658097711785492504343953926634992332820282019728792003956564819968,1748829707,2025-06-02 02:01:47+00:00
VoteRevealed,22613889,0x1faacd89a9e5eb3962eeffd541cd7226bebb807925472c95231c6056aa5055ce,1748542409,,0x7ca4b00a3aec07f978d127e69bc16484a038619c,-57896044618658097711785492504343953926634992332820282019728792003956564819968,1748829731,2025-06-02 02:02:11+00:00
VoteRevealed,22613893,0x9fde8e80333c5539a7ea034cfe1e39300cc53db60feb9081194e2c0d78f31f83,1748542409,,0x590a8dae6861cdc2b0300096ec6e4dc6cf2143f6,-57896044618658097711785492504343953926634992332820282019728792003956564819968,1748829779,2025-06-02 02:02:59+00:00
VoteRevealed,22613903,0xb777ce7adf51e5d23369520c9e94312e989236364749dfd298e9e44d5126bce8,1748542409,,0x3b84e3ffbe845c0349e258f243b5f00ca22ba587,-57896044618658097711785492504343953926634992332820282019728792003956564819968,1748829899,2025-06-02 02:04:59+00:00
VoteRevealed,22613907,0xf5efa101d621f077f4b8d2b50849aa04bdffb5c0aefce4d3074db74d02e11b61,1748542409,,0x49135912edb24205e1b0e7b9ea71887edc59d50a,-57896044618658097711785492504343953926634992332820282019728792003956564819968,1748829947,2025-06-02 02:05:47+00:00
VoteRevealed,22613910,0x19f42f4cb6a44c230e4a70046eb805755b5b29f5d64343d82a6e2d039edc458f,1748542409,,0xc590314de55b52c96eb34edbc4b55cf8fc8cd510,-57896044618658097711785492504343953926634992332820282019728792003956564819968,1748829983,2025-06-02 02:06:23+00:00
VoteRevealed,22613913,0xb235492f0cd74d2c0b274d0dba8d9abbc5029bf182513f6db3329d8345ea6d22,1748542409,,0xde7250d923299e1ecedc0743b159e95b945082d9,-57896044618658097711785492504343953926634992332820282019728792003956564819968,1748830019,2025-06-02 02:06:59+00:00
VoteRevealed,22613920,0xefbbb186d13c35781a3d7efd48e32c28163f4f7aaa7dda49b982bc9ee384d0a0,1748542409,,0xb4c907afda8c362b58281b5c43a2e7b79f089d09,-57896044618658097711785492504343953926634992332820282019728792003956564819968,1748830103,2025-06-02 02:08:23+00:00
VoteRevealed,22613934,0x6858449b4e0ffe8053f96f1aa2a1cb51aa2722f7ad2389c07a6a3c1bf32ef6f9,1748542409,,0x6748445d83259a6709e459873323324a54072d1b,-57896044618658097711785492504343953926634992332820282019728792003956564819968,1748830283,2025-06-02 02:11:23+00:00
VoteRevealed,22613938,0xdab18a8b81335b3c2d5dc5cdde613ad522fb8995f9d73880bc66e4c708565883,1748542409,,0x21a745db2c52c841b4511fc55aea27156c76bce1,-57896044618658097711785492504343953926634992332820282019728792003956564819968,1748830331,2025-06-02 02:12:11+00:00
VoteRevealed,22613943,0x645ee7d892f7a5a2510cf6092c9becfa1d83186bdccb36be2f78228cc06f8649,1748542409,,0x8e561b9823d9bf7067f5f64980ae26b6b9969e77,-57896044618658097711785492504343953926634992332820282019728792003956564819968,1748830403,2025-06-02 02:13:23+00:00
VoteRevealed,22613943,0x1e08c51c0ff597b1b4ba61430e51ff1946f2ca57389c74355a4c51f9026ae01d,1748542409,,0x3bd0cbc96186cc3eafb304111e6ad20a4ac92f8e,-57896044618658097711785492504343953926634992332820282019728792003956564819968,1748830403,2025-06-02 02:13:23+00:00
VoteRevealed,22613949,0x6ce74993800547534f5c424f0ebb2c16e704834d736a6079422b24fa263e72b9,1748542409,,0x630a63523a4f079201fb548114695d8da1d742f5,-57896044618658097711785492504343953926634992332820282019728792003956564819968,1748830475,2025-06-02 02:14:35+00:00
VoteRevealed,22613961,0x09808ae4d6995c0d0b79032776e28b30c31a123b2371f11b04c758fe9b0ef809,1748542409,,0x26fd27a26a6c1ede36214512ee4e56440a0cebf5,-57896044618658097711785492504343953926634992332820282019728792003956564819968,1748830619,2025-06-02 02:16:59+00:00
VoteRevealed,22613964,0xe08f6eecf7deed2f1bffdaeba24715cf3058033464f41ceaf323d7f93f5303dd,1748542409,,0xd1cd2fd35c63e27a33f0b5ecf9c92ba1ab9c6df1,-57896044618658097711785492504343953926634992332820282019728792003956564819968,1748830655,2025-06-02 02:17:35+00:00
VoteRevealed,22613967,0x67b0ed111a3e1baefb89301a1c55e07cc3648b8625adc316817cef85e4ebcc13,1748542409,,0xd8c3cd1a7576efc723357b7158318f0cee0e30f6,-57896044618658097711785492504343953926634992332820282019728792003956564819968,1748830691,2025-06-02 02:18:11+00:00
VoteRevealed,22613970,0x5fff3137ca031a6822b8b05594c326d1d86a1a1a4fae093348c378ff6a745072,1748542409,,0x216bf62b05246bf4a1694061e8769464a6bfd812,-57896044618658097711785492504343953926634992332820282019728792003956564819968,1748830727,2025-06-02 02:18:47+00:00
VoteRevealed,22613974,0x3475905c3dac64b5412e1301266db89df5a4b42de8b22f4d3587f2b1b1e97979,1748542409,,0x28ccfb369fb97929068cd30a390d37fee0037c61,-57896044618658097711785492504343953926634992332820282019728792003956564819968,1748830775,2025-06-02 02:19:35+00:00
VoteRevealed,22613977,0x2ea510616e0220a6b65542e55629b8818d35b04fba77fe7cd34528be064f0378,1748542409,,0x5d2150e5d88a30d5793c6c49959b8f7d350a36a5,-57896044618658097711785492504343953926634992332820282019728792003956564819968,1748830811,2025-06-02 02:20:11+00:00
VoteRevealed,22613982,0xa82d5a8035a885ceb6f2957cedb7fcfc93fda9c85eabf41e6a1f2e6f1c4ad2f7,1748542409,,0xc4e70e97a54bbf4f9796099282fa47397da4b4d9,-57896044618658097711785492504343953926634992332820282019728792003956564819968,1748830871,2025-06-02 02:21:11+00:00
VoteRevealed,22613987,0xa0d8f407c101ff913068d7cab5ad4ff16d9e399ed3f7aa1df76166b514b55b14,1748542409,,0xe7ff7ad54492a38afb99bb5d8b897c5f93a66f47,-57896044618658097711785492504343953926634992332820282019728792003956564819968,1748830931,2025-06-02 02:22:11+00:00
VoteRevealed,22613992,0xe0aed46d7d71365338f45b5d65d3a256d72bbf7950d2d9b6919fc19c07156799,1748542409,,0x1f12254be217cf9e9be46960c36970390b07f16e,-57896044618658097711785492504343953926634992332820282019728792003956564819968,1748830991,2025-06-02 02:23:11+00:00
VoteRevealed,22614001,0x389f05b7f5f9d4df4a89d11cdf022bb41e0294c5a4729e49dd5a63a1108a260f,1748542409,,0xc42851d834037ca1f82668596233dca69654867c,-57896044618658097711785492504343953926634992332820282019728792003956564819968,1748831099,2025-06-02 02:24:59+00:00
VoteRevealed,22614004,0x33c08deecda130f4da2d0039b4a93f5d25288653e2d097a37bea408cfb5d9d59,1748542409,,0xec2bae309d0a18d7ddfd4ea0f17a2f60817f4e9c,-57896044618658097711785492504343953926634992332820282019728792003956564819968,1748831135,2025-06-02 02:25:35+00:00
VoteRevealed,22614007,0xe24f9fe3ba3fc5b665f883a9cf7ed30b30328385d5d675c655a96d48ac78ce47,1748542409,,0x6137a7c745ce7ed7a6ec8ca4aa5b635ff17d5467,-57896044618658097711785492504343953926634992332820282019728792003956564819968,1748831171,2025-06-02 02:26:11+00:00
VoteRevealed,22614013,0x2173b4882d9274ac75bd7c7b6f91993e0d26049fac92e7e815a140362ec1e47e,1748542409,,0xfa8ce8d44271201e9ce37838ccb75ba482d597f6,-57896044618658097711785492504343953926634992332820282019728792003956564819968,1748831243,2025-06-02 02:27:23+00:00
VoteRevealed,22614017,0xee11dfd9c44679c8e089a6749653d0b7abf45e603f902cac61ee0555252624f6,1748542409,,0x4289c656b76b20ebf1b5fa4363da812346919bdc,-57896044618658097711785492504343953926634992332820282019728792003956564819968,1748831291,2025-06-02 02:28:11+00:00
VoteRevealed,22614020,0x412cd314ac3a81607559fcd154bd2543af2a52f972f57e25d4d7bc2e849d6dc8,1748542409,,0x4af80e6414efed0b91fa19c0d19b46c381becb7c,-57896044618658097711785492504343953926634992332820282019728792003956564819968,1748831327,2025-06-02 02:28:47+00:00
VoteRevealed,22614039,0xcf2f40cdd9b14650cba6047ef2114cb999585234b436ceb0cb524fdf2d3d1f5b,1748542409,,0x54d6390e19ce818209bd3b53a5d0d2e0c6faae04,-57896044618658097711785492504343953926634992332820282019728792003956564819968,1748831555,2025-06-02 02:32:35+00:00
VoteRevealed,22614042,0x3525f914ebf4707de8f0426fa4e0dd3889c3dc6223c6602d903ab1ac71a29850,1748542409,,0x4241b7a1b190f97213cc092237833305af62f563,-57896044618658097711785492504343953926634992332820282019728792003956564819968,1748831591,2025-06-02 02:33:11+00:00
VoteRevealed,22614050,0xf1c09bff7add167f3a7456f0a3e4a11d92471500edb528d54d439c403f9a772b,1748542409,,0x2f966072f36109f27539e5edefa741912206e491,-57896044618658097711785492504343953926634992332820282019728792003956564819968,1748831687,2025-06-02 02:34:47+00:00
VoteRevealed,22614053,0xb05b7c34c7738a50ca37d869e0d2844fa21dbfde3466d3192dcae5dc9ddaf2ad,1748542409,,0xa4635d0d583f6a5335aa3ce39ca7d7c2e7a7d01c,-57896044618658097711785492504343953926634992332820282019728792003956564819968,1748831723,2025-06-02 02:35:23+00:00
VoteRevealed,22614062,0xcad70459c4dbca03112b2685164a8190a09185e5fcdb72c712d5b82706d033d7,1748542409,,0x58cfc8ee2132847afcdc67cdefa92b2d21eb5ba9,-57896044618658097711785492504343953926634992332820282019728792003956564819968,1748831831,2025-06-02 02:37:11+00:00
VoteRevealed,22614066,0x80ce893fc00d7f82b96edd6f07d377bbb72357b5339e9f201078d0fea44ba729,1748542409,,0xf3c162c189341d024ee753223101612abf6fcf9c,-57896044618658097711785492504343953926634992332820282019728792003956564819968,1748831879,2025-06-02 02:37:59+00:00
VoteRevealed,22614070,0xaf7b403a29205ce544846eb1edc5561806093da35ab0c981b14a76323d1401c0,1748542409,,0x09a10823b87aed0a3c348c0a20d69d3276192913,-57896044618658097711785492504343953926634992332820282019728792003956564819968,1748831927,2025-06-02 02:38:47+00:00
VoteRevealed,22614074,0xd052b29cad700f46154ff3f4e85f0d2f3068446b0bf61d154eb6cfb7e6a1a400,1748542409,,0x336701bab9ee6a829a5d610a301e978aced202c4,-57896044618658097711785492504343953926634992332820282019728792003956564819968,1748831975,2025-06-02 02:39:35+00:00
VoteRevealed,22614079,0x85fa62ce4ed036125bc705dcc3bfd373a050c7cf07821c4f6581aa9c8ad336dc,1748542409,,0x3895799b03759423c728eed3aa0c0414f5179f79,-57896044618658097711785492504343953926634992332820282019728792003956564819968,1748832035,2025-06-02 02:40:35+00:00
VoteRevealed,22614093,0x608ec1502d11d06cdd0652b31dfffaf21eb38de81866f38851fa167943e0e449,1748542409,,0x5bc3d8339754b5d4455355b3c5cf2639fb943942,-57896044618658097711785492504343953926634992332820282019728792003956564819968,1748832203,2025-06-02 02:43:23+00:00
VoteRevealed,22614095,0xf385b3ec4865d9073968b0244342f997c79a3a1524434001285fb0d23143ee69,1748542409,,0xdb6d77a78b4da7286e3c1a6828eb83d9f0cca527,-57896044618658097711785492504343953926634992332820282019728792003956564819968,1748832227,2025-06-02 02:43:47+00:00
VoteRevealed,22614100,0x7cc913209e9f09000351135b67afbe6ca242c366f391aa81303533590f3a7be4,1748542409,,0xab0ea94509caa5703362eaafd8087d205f97a340,-57896044618658097711785492504343953926634992332820282019728792003956564819968,1748832287,2025-06-02 02:44:47+00:00
VoteRevealed,22614103,0xec2bbeda5963ca5b175f16a1db881e9264e599526463503abebd65a7f4e33f52,1748542409,,0x3b59d6b33e8f8ddf9734917a40056d07548a4444,-57896044618658097711785492504343953926634992332820282019728792003956564819968,1748832323,2025-06-02 02:45:23+00:00
VoteRevealed,22614110,0x82b0778f02535fd6126022e24f0c78e1afcc5abaf438b77ad0a49a94d827d521,1748542409,,0x47a40a367b3298be3da3bde3994c5342e26f368b,-57896044618658097711785492504343953926634992332820282019728792003956564819968,1748832407,2025-06-02 02:46:47+00:00
VoteRevealed,22614118,0x1943e7fc5b7a75a6ec7768af887a9eb028b4386733efe7f2a7b947f657a83d5e,1748542409,,0xa61b950ac1f186a65c17c0ec447b5f4b05c288a5,-57896044618658097711785492504343953926634992332820282019728792003956564819968,1748832503,2025-06-02 02:48:23+00:00
VoteRevealed,22614298,0x9f6036af6eca87e3ba768544a7c0ef125ab01905182242db34e1995107c776d1,1748542409,,0x1515f9d20a8df64c72f0d35baf5a5ec079c4490a,-57896044618658097711785492504343953926634992332820282019728792003956564819968,1748834675,2025-06-02 03:24:35+00:00
VoteRevealed,22614303,0x724bd7af05f9ffe92566d0b8374adc054b50ec47fb20cf7146818be16ef6395b,1748542409,,0x7e367235ef80109531113d8284a5593ba6a40c22,-57896044618658097711785492504343953926634992332820282019728792003956564819968,1748834735,2025-06-02 03:25:35+00:00
VoteRevealed,22614318,0x8083a16128a53125231b1d0d1913eba53c9fb98f2813640c3ea8e3b0652984b8,1748542409,,0x7baa3b328603535006d76d7b80af7260fd8a946a,500000000000000000,1748834915,2025-06-02 03:28:35+00:00
VoteRevealed,22614331,0x67188aaf6b347404e8ae7d37ef4d84f82b653830516d5919cc69f8c20f029d93,1748542409,,0xa8b8f0b17ed13a3663a8e3f169c42464adddb984,-57896044618658097711785492504343953926634992332820282019728792003956564819968,1748835071,2025-06-02 03:31:11+00:00
VoteRevealed,22614416,0xb878f45676af3ea279419ba554bbdbe5f363ad6b88eb626c43d79da370fb6e4e,1748542409,,0x5071e6d385f584b5875166563c1670460905ad7b,-57896044618658097711785492504343953926634992332820282019728792003956564819968,1748836091,2025-06-02 03:48:11+00:00
VoteRevealed,22614436,0x85c3637c712f13edf39cbe4c6ca467805cc6d4d96d403b46d55cae57e3d1abe1,1748542409,,0x7b51bfb030e888f047a29de664940035a47ef56b,-57896044618658097711785492504343953926634992332820282019728792003956564819968,1748836331,2025-06-02 03:52:11+00:00
VoteRevealed,22614474,0x4ae3bedf754460bcff7366092ddff88a7abad9bc93e6288078563fd55f12f223,1748542409,,0x9b6f4d48fd61313204f7c8fbe9dfec6384aa4ced,-57896044618658097711785492504343953926634992332820282019728792003956564819968,1748836787,2025-06-02 03:59:47+00:00
VoteRevealed,22614532,0xd0e0abf95580f9b361c6a26c84799263aaf9963a93d6afcafcf1a78daef90462,1748542409,,0x3abebe2bfd423dbb6357674476d44e9bd178817d,-57896044618658097711785492504343953926634992332820282019728792003956564819968,1748837483,2025-06-02 04:11:23+00:00
VoteRevealed,22614550,0xced673a9ac3028a99cf82233588d5d340d38449035c6f2be41107561799a3332,1748542409,,0xdb4d5a3e683df965ce509ef191d979e77543bb4d,-57896044618658097711785492504343953926634992332820282019728792003956564819968,1748837699,2025-06-02 04:14:59+00:00
VoteRevealed,22614555,0xf3608eff641e8c000d92012df53056f06b0e7aaf646da420a404cac26798cedf,1748542409,,0x37c5db6f455f1cb3274ebe67582c92d04c4f6545,-57896044618658097711785492504343953926634992332820282019728792003956564819968,1748837759,2025-06-02 04:15:59+00:00
VoteRevealed,22614555,0x680cdba61f13666bfee72fd656e23bf16b99230f1f7e3ef95f6c4a0283a5a570,1748542409,,0x2b379bfb86e900fe8f3a1434ee79097aa5b883dc,-57896044618658097711785492504343953926634992332820282019728792003956564819968,1748837759,2025-06-02 04:15:59+00:00
VoteRevealed,22614566,0x8dd07ed15acdee1ff510eb1abe8ef8ac0923394554d493e36a9d8a82a49e6d85,1748542409,,0xc3ac3355b2686fa503246a92e34d0b7261b39d6b,-57896044618658097711785492504343953926634992332820282019728792003956564819968,1748837891,2025-06-02 04:18:11+00:00
VoteRevealed,22614664,0x1b090fb439c8f679ccd71ac9fc0bec660dc7b0e1aea10a893af61a3b90e8b478,1748542409,,0xb538544c0d0971dc6cdcc17a1ac50a02bc0a8b0f,-57896044618658097711785492504343953926634992332820282019728792003956564819968,1748839067,2025-06-02 04:37:47+00:00
VoteRevealed,22614670,0x69a14e366fba8a8739572602a5fcadd1e45f337a3e4ebfac2e5d0389a8678954,1748542409,,0x05d184b066d72cd42a1fe0fb880c3d4a0adbf8c4,-57896044618658097711785492504343953926634992332820282019728792003956564819968,1748839139,2025-06-02 04:38:59+00:00
VoteRevealed,22614682,0x8f489e71811fd94adddff745da65edcb1745d06e7e5a4fe0b31e2b441292978a,1748542409,,0x08bba63a49be5f7ee6dd58f30a757f5137d52be1,-57896044618658097711785492504343953926634992332820282019728792003956564819968,1748839283,2025-06-02 04:41:23+00:00
VoteRevealed,22614783,0x4a3c781b946b3b866a717465a6e0a058bfc9589cb8f72ef521ae551007213252,1748542409,,0xdf67cba8261c6d8c15c735009f61e2cc9f852de3,-57896044618658097711785492504343953926634992332820282019728792003956564819968,1748840495,2025-06-02 05:01:35+00:00
VoteRevealed,22614837,0xed47cf02c259ac60cb755af82b140148a61668e565b18309604a32c11bf755cd,1748542409,,0x3e1b1a4a8fba26e80f4678d3ea3ac1daca78523e,-57896044618658097711785492504343953926634992332820282019728792003956564819968,1748841155,2025-06-02 05:12:35+00:00
VoteRevealed,22614837,0x934844bb1e786b2e18b4fbaa7620fb1b8e604ce0fe2919a12285bc72236cae8b,1748542409,,0x2d51f7645dd96bcac85a62a3affd70a419776f52,-57896044618658097711785492504343953926634992332820282019728792003956564819968,1748841155,2025-06-02 05:12:35+00:00
VoteRevealed,22614842,0xd6fb131ca6dabd008e61e8a4ddd4bad3204ff8a3128e2ab8b3374a6891eff7fb,1748542409,,0xbd4b2b116ef87967f8d682195023313a00c7287d,-57896044618658097711785492504343953926634992332820282019728792003956564819968,1748841215,2025-06-02 05:13:35+00:00
VoteRevealed,22614887,0xd4e0c3b4cf2f838ad7063aa1c0644ebf72f68f61bff2f88ebd341027af2c8260,1748542409,,0xb67a6e67072025c1db86e552dc17f7bf9c296122,-57896044618658097711785492504343953926634992332820282019728792003956564819968,1748841755,2025-06-02 05:22:35+00:00
VoteRevealed,22614900,0x7ebd0d88cd8d9445436da7f6435b8dc82ef54e1cef691d454662d2d04bb537bc,1748542409,,0x36ce63c738971b948cf0afb842b7617254c15bc0,-57896044618658097711785492504343953926634992332820282019728792003956564819968,1748841911,2025-06-02 05:25:11+00:00
RequestAdded,22614901,0x81af3cd498ead141bbd80aafa3cc6c8adecac50dfe00b45e35b3d8d2125437d3,1748837483,10121.0,,,1748841923,2025-06-02 05:25:23+00:00
VoteRevealed,22614983,0x3827a0a11222cfeae882a2df9c95a0e13cd4708410de48d8cf74af071ac8517c,1748542409,,0xa2e5dbd496e25a194a11fc3e4ad5ada199e827f4,-57896044618658097711785492504343953926634992332820282019728792003956564819968,1748842919,2025-06-02 05:41:59+00:00
VoteRevealed,22615012,0x76d3756afbdaaf498640c3cfbaa38ec29fba17130ca4f8e9685f6ad66b2094b7,1748542409,,0xc9e8233c2c5476cda4f96595bbb3a9d117168df5,-57896044618658097711785492504343953926634992332820282019728792003956564819968,1748843279,2025-06-02 05:47:59+00:00
VoteRevealed,22615062,0x9165deba78c66eb102d392384587f2c0e227f521b911db0cb6273385eb783f9d,1748542409,,0x9a4773eeee73e34e1ee0e9a64e4b7453b0b04246,-57896044618658097711785492504343953926634992332820282019728792003956564819968,1748843879,2025-06-02 05:57:59+00:00
VoteRevealed,22615100,0x958800fecb8d65e4710e3d9adf2b77b22899da7d98dd83ae304cf0191b67367f,1748542409,,0x8b64673c9a482913a6e2c1298637532947cd96ee,-57896044618658097711785492504343953926634992332820282019728792003956564819968,1748844335,2025-06-02 06:05:35+00:00
VoteRevealed,22615185,0x6fa2d8ff81020c95d7fc843c151d2f597ad64e3a24d0db6a9d2b9871311c813a,1748542409,,0x69d0341d380a1229f4751a0a721345dbc716586c,-57896044618658097711785492504343953926634992332820282019728792003956564819968,1748845355,2025-06-02 06:22:35+00:00
VoteRevealed,22615199,0xc1dbecc326e9fad30a645db14ab83b50c0a04ad2f5eaed409477d0c443afdb1e,1748542409,,0x449ff548206132b1e0df2ed9da4f9de5c281d1c7,-57896044618658097711785492504343953926634992332820282019728792003956564819968,1748845523,2025-06-02 06:25:23+00:00
VoteRevealed,22615232,0x69479504c97ef20f76bb35d1ec5d0b187a63fe5e2f84157afe55b486f4053fe7,1748542409,,0x6564c6c44ef87e3bb32d7987317869817380340c,-57896044618658097711785492504343953926634992332820282019728792003956564819968,1748845919,2025-06-02 06:31:59+00:00
VoteRevealed,22615236,0x4215503f269a8b2705d2e74a9a0de0aac51001dc9ddc9dbe0e4ce28da894595c,1748542409,,0x4f49d938c3ad2437c52eb314f9bd7bdb7fa58da9,-57896044618658097711785492504343953926634992332820282019728792003956564819968,1748845967,2025-06-02 06:32:47+00:00
VoteRevealed,22615254,0x75f88dd97b61ded27034e6505e509ec83bd7ad350d130e01fd9d525c864b7761,1748542409,,0x840bf8f06b175aa001b85cdb68b3378e8b14946f,-57896044618658097711785492504343953926634992332820282019728792003956564819968,1748846183,2025-06-02 06:36:23+00:00
VoteRevealed,22615279,0x01f57eb216c8f62d2cf79816b3f8c7d6828322d7480a92a56a8be9449eab5856,1748542409,,0xcfb331ade6d66ad1cb6765a2dd51ad3aa9a1400e,-57896044618658097711785492504343953926634992332820282019728792003956564819968,1748846483,2025-06-02 06:41:23+00:00
VoteRevealed,22615306,0x4c22c660fa45b4d64e8e4d28d1ac1c7a924879e637bb10c10a10051f656c75f7,1748542409,,0x9fdb970aef60007fee4ea132b5f4ebc376740aea,-57896044618658097711785492504343953926634992332820282019728792003956564819968,1748846807,2025-06-02 06:46:47+00:00
VoteRevealed,22615308,0x62508c0ba39736ef0ec0dabcb9c21e6504d93a76f85e628e6231eb3312bfd774,1748542409,,0xaef6a3580a365c524a5bc9aabeb2a13c2a1a7b7c,-57896044618658097711785492504343953926634992332820282019728792003956564819968,1748846831,2025-06-02 06:47:11+00:00
VoteRevealed,22615333,0xf99d71e3155f27759c23c319c51fc8476a63905b7d8f497f85643c4e128965d0,1748542409,,0x99bcea6bb0403927fb3c038163478d5b42082fd9,-57896044618658097711785492504343953926634992332820282019728792003956564819968,1748847131,2025-06-02 06:52:11+00:00
VoteRevealed,22615372,0x800141cb2361317632f78bbc7100abf6b87afc1a995e94f83a5e75e220f18cfd,1748542409,,0xe6b5a31d8bb53d2c769864ac137fe25f4989f1fd,-57896044618658097711785492504343953926634992332820282019728792003956564819968,1748847611,2025-06-02 07:00:11+00:00
VoteRevealed,22615381,0x589406ae641bf689d521626714817a68122cd450e68afca5fb15273a95044b14,1748542409,,0xc573ddc59824f248d3688df0474805f35c2c09c1,-57896044618658097711785492504343953926634992332820282019728792003956564819968,1748847731,2025-06-02 07:02:11+00:00
VoteRevealed,22615397,0x75c62cf358c92d26d4a77daff95f606997ad8b2d4892ad137d40cc0982bcf4c8,1748542409,,0x73cde0e4f0480ea6b98bfa292ea936685716af4d,-57896044618658097711785492504343953926634992332820282019728792003956564819968,1748847923,2025-06-02 07:05:23+00:00
VoteRevealed,22615446,0x8ff84769f710f31d81102f81701fd97bea9e741051d3e3785e8f53bfcd820090,1748542409,,0xa7b9d5fc54eb3ffe1985a10e28d045a9b89487d0,-57896044618658097711785492504343953926634992332820282019728792003956564819968,1748848511,2025-06-02 07:15:11+00:00
VoteRevealed,22615540,0x061db2f4f11240c4848453950132c73320f6ec46121006f4c8603d2888da84f2,1748542409,,0x16d12711626310b5894783ca187bdafe7aa4597a,-57896044618658097711785492504343953926634992332820282019728792003956564819968,1748849651,2025-06-02 07:34:11+00:00
VoteRevealed,22615622,0xc30133fc8be56f367c040a2c978591e9b6a3e63b0d9606e65b8a587475a4a264,1748542409,,0x1921902db1b0967762f3ae86ae0675b2b3ddefa9,-57896044618658097711785492504343953926634992332820282019728792003956564819968,1748850647,2025-06-02 07:50:47+00:00
VoteRevealed,22615696,0x9ee4e771577d63944167e458417bcff4b18d4e2b88463700397d9d8bdf8b86c3,1748542409,,0xf0dc67c35b934a47704f5bcc1851398f57c7fe78,-57896044618658097711785492504343953926634992332820282019728792003956564819968,1748851535,2025-06-02 08:05:35+00:00
VoteRevealed,22615706,0xadd3e2785f7bd836552dba2b190c216c6f28affc33ab8a0ec37e9f55d925d2f4,1748542409,,0x90daea825e9d43043c05725a4196382b881b1a73,-57896044618658097711785492504343953926634992332820282019728792003956564819968,1748851655,2025-06-02 08:07:35+00:00
VoteRevealed,22615734,0x1ce28a29d9198d231cf1c6ee5dfae576ffda10a965e36c18c5673d080dc0b307,1748542409,,0xd431b7c1433fba9a5aa5330e5211f4773b95e9d9,-57896044618658097711785492504343953926634992332820282019728792003956564819968,1748851991,2025-06-02 08:13:11+00:00
VoteRevealed,22615841,0x1eb5d51ca4e9ce968cf712bc36202baf47b526f8b57d22a1f1a6e1a59aa6dbcc,1748542409,,0x30b2daeb3757b6c7462cd0d776828f8d7398be50,-57896044618658097711785492504343953926634992332820282019728792003956564819968,1748853287,2025-06-02 08:34:47+00:00
VoteRevealed,22615845,0x7cee6fd31685db0b22aa5929092e87812e2dbb4667de5f8e9a76cf51ecb69f7c,1748542409,,0xb731ccc5f62e99ea25220bfd73c3867bb5205790,-57896044618658097711785492504343953926634992332820282019728792003956564819968,1748853335,2025-06-02 08:35:35+00:00
VoteRevealed,22615849,0x71fc44c087d8039e5ce5a77628b61cd86d6d99376c9f6a81a950c3adbdd2ddef,1748542409,,0xdb2808ed6cf0b8b9686222689cf4f6e88e42b80a,-57896044618658097711785492504343953926634992332820282019728792003956564819968,1748853383,2025-06-02 08:36:23+00:00
VoteRevealed,22615966,0x08ca0564b00c3c9197908987bedf1f5cb464d64efbaedabe56a090e697d6cc4c,1748542409,,0x92d76b5d5ee767a4a90719a9a910936dc4006fc6,-57896044618658097711785492504343953926634992332820282019728792003956564819968,1748854811,2025-06-02 09:00:11+00:00
VoteRevealed,22616021,0x41d4584370f26fb725e944686d5ddf63bc7bf7f9a26addc1cb17f24e45883cb3,1748542409,,0xb73812cce6f5cb7ada40a134b4b16aefbdbb9472,-57896044618658097711785492504343953926634992332820282019728792003956564819968,1748855471,2025-06-02 09:11:11+00:00
VoteRevealed,22616082,0x324b48851f004574376c13170c184fa6e39e305a97f8eb615b574870146c982b,1748542409,,0x568967ab58e2da9536b8a8102f453788c7e982b0,-57896044618658097711785492504343953926634992332820282019728792003956564819968,1748856239,2025-06-02 09:23:59+00:00
VoteRevealed,22616089,0xef3475f6912d4f6bc82ae48a1ee70c9dae5530101a1b0c587d6fa57cfdf2b091,1748542409,,0x09397d66b46a796ddb4cd7d340e3b063ab89befb,-57896044618658097711785492504343953926634992332820282019728792003956564819968,1748856323,2025-06-02 09:25:23+00:00
VoteRevealed,22616159,0xd14e28282161b867889ec12486cf4d31df00bf6c301016ed81e84d5101ce47c6,1748542409,,0x68c1363a6d70ae1b37bb92099764f4cb06ad859a,-57896044618658097711785492504343953926634992332820282019728792003956564819968,1748857175,2025-06-02 09:39:35+00:00
VoteRevealed,22616266,0xb4f3f58d7169d7da5691f6dff4a8fc0233e7f09407e8f563bed61bb5ace92392,1748542409,,0x48c7e0db3dad3fe4eb0513b86fe5c38ebb4e0f91,-57896044618658097711785492504343953926634992332820282019728792003956564819968,1748858471,2025-06-02 10:01:11+00:00
VoteRevealed,22616274,0x1675aedd147a4a0a36ddf56575ba277b6821942af45baaeba606ac0cf3ff8480,1748542409,,0xf3c12244c9b1c56f8f5f44b8466c2c14fed02329,-57896044618658097711785492504343953926634992332820282019728792003956564819968,1748858579,2025-06-02 10:02:59+00:00
VoteRevealed,22616422,0xa6010111457a33b08849a43404c0afedd5a5e5b3a1533b99d25b54348a7d0d49,1748542409,,0x003a3b5669b288b29687c66d678aa06cb8d80577,-57896044618658097711785492504343953926634992332820282019728792003956564819968,1748860403,2025-06-02 10:33:23+00:00
VoteRevealed,22616432,0xc1cf658a948e761c6900b73ac3e2e3b488a825d4e4385eb41c5015b567c018be,1748542409,,0x326c819380b8842e3a55e5f97f6011ee91844205,-57896044618658097711785492504343953926634992332820282019728792003956564819968,1748860523,2025-06-02 10:35:23+00:00
VoteRevealed,22616449,0x6029e4e20e63f3f9ba8cf26ad3b7b57a838a2204ee68f048035e1a683ab01076,1748542409,,0xfb1f7ed82c240c0515bb4670ec8837701313a12c,-57896044618658097711785492504343953926634992332820282019728792003956564819968,1748860727,2025-06-02 10:38:47+00:00
VoteRevealed,22616491,0x9647c2ed293352f99b4c71b81adaf4e30827018b10fa963c66421f01d6bf65e0,1748542409,,0xbd9d10d381abec81d8c35b6032f44b7abc7a98eb,-57896044618658097711785492504343953926634992332820282019728792003956564819968,1748861231,2025-06-02 10:47:11+00:00
VoteRevealed,22616552,0xf7ee46ea0e75a403dca9c8ac79034c240d3179b716fc748d79fb716d3b45850d,1748542409,,0xcb4bb9d616f27dc84a256b768b4c393fa8010caa,-57896044618658097711785492504343953926634992332820282019728792003956564819968,1748861963,2025-06-02 10:59:23+00:00
VoteRevealed,22616617,0x78857310299ec240bfbe4a8d278e6c235cb245f9b97fe6325b0a25ba99ba6bdd,1748542409,,0x10494f35fc94cfb34e4dfebd99e6d665c8dfc8e5,-57896044618658097711785492504343953926634992332820282019728792003956564819968,1748862743,2025-06-02 11:12:23+00:00
VoteRevealed,22616671,0xb0f84bded12f0886ece23d9366223788b011033f8ec09d9dbb475704fe579bd6,1748542409,,0x72b583cce10f64d9307a70d3877db05bacc13236,-57896044618658097711785492504343953926634992332820282019728792003956564819968,1748863391,2025-06-02 11:23:11+00:00
VoteRevealed,22616730,0xf6b73c889cc2dee2395cb70e50482785a129531d5a2755c55ffcecb8c7a8255d,1748542409,,0x8548682e561668a51f99124d998db97ff326e67e,-57896044618658097711785492504343953926634992332820282019728792003956564819968,1748864111,2025-06-02 11:35:11+00:00
VoteRevealed,22616755,0xbaa2d2c94b60316f82a003b625ef5aa5829a0be65403c16f0555df5c6db7f11f,1748542409,,0xc6c323b8b7f644897e32192c75342a1131a3d292,-57896044618658097711785492504343953926634992332820282019728792003956564819968,1748864423,2025-06-02 11:40:23+00:00
VoteRevealed,22616767,0xcfebe031d884618d611901b89f248944796c040d1f30119c884c84c1d01bd33b,1748542409,,0x5b7ec1ba8af4579119ae7fb4bfea36bb9b8c78a8,-57896044618658097711785492504343953926634992332820282019728792003956564819968,1748864579,2025-06-02 11:42:59+00:00
VoteRevealed,22616770,0x1d25a0ee38f9e8648150820988a8ee4e70c111ee52f429bfdbf264c7d3aee707,1748542409,,0x53d0755830ed64294d3e0736b744a1c8eda0d897,-57896044618658097711785492504343953926634992332820282019728792003956564819968,1748864615,2025-06-02 11:43:35+00:00
VoteRevealed,22616777,0xb52cc751568dc915681257dcf91949aa27ab98e2408d41cc70e2e24cc88855d9,1748542409,,0xed3aa99bb1c5215f619d01030ba89166997d54fa,-57896044618658097711785492504343953926634992332820282019728792003956564819968,1748864699,2025-06-02 11:44:59+00:00
VoteRevealed,22616793,0x6eabee776a772c7a30fb3ed3c742e01681dab3bc400b765932a4148d5b4216fc,1748542409,,0xfb043bbaf380a06c01750ce0a6324e38ed11110c,-57896044618658097711785492504343953926634992332820282019728792003956564819968,1748864903,2025-06-02 11:48:23+00:00
VoteRevealed,22616842,0x56a788af7604da66861c3603bffd061bebc05245d7a96cefc9bbaa25e5eb01d4,1748542409,,0x9e43052ffb31e82b13a57079bdcf2c731d6cb563,-57896044618658097711785492504343953926634992332820282019728792003956564819968,1748865515,2025-06-02 11:58:35+00:00
VoteRevealed,22616873,0x20bfaef367e7f872ea7d0d1da5ee16d60775ad1121a454305d09710c543d7ce4,1748542409,,0x7a409cffa9257d9de043a98a2034254eff7cbe8a,-57896044618658097711785492504343953926634992332820282019728792003956564819968,1748865899,2025-06-02 12:04:59+00:00
VoteRevealed,22616948,0x09df76d71c1ca81da5132ec099d51a5a601a543bb49b7e2549137855ee238f72,1748542409,,0xf3b699d889361868d7b82c8bf41126b18ddf99bf,-57896044618658097711785492504343953926634992332820282019728792003956564819968,1748866811,2025-06-02 12:20:11+00:00
VoteRevealed,22617008,0x268d308141e573de733e0116d14dda9ea5d094b95562b441d58c4cde706beef9,1748542409,,0xfe9309c9f3d4f5a6e514cab5f4f5a36838b59c9d,-57896044618658097711785492504343953926634992332820282019728792003956564819968,1748867531,2025-06-02 12:32:11+00:00
VoteRevealed,22617009,0x183b265f5890735a11049afa9ad60c0e91588345de93c845c556e67e4e15036a,1748542409,,0x101ae23d3cf1efc40383697a657e9d9ef873b9e5,-57896044618658097711785492504343953926634992332820282019728792003956564819968,1748867543,2025-06-02 12:32:23+00:00
VoteRevealed,22617012,0x4a17dc5f57399ff7b7ba48e56bd922144442b621d3996a75faeeabfc92c24bc5,1748542409,,0xf0180d4561dbaeaac3b96b7491bfafc94cea4069,-57896044618658097711785492504343953926634992332820282019728792003956564819968,1748867579,2025-06-02 12:32:59+00:00
VoteRevealed,22617038,0x0353728476c7db8092e812951d58f9350dc4e95f0a530e93e7daf4657fa861e3,1748542409,,0x56d769f02e20c6c416d6583879403181e0f37226,-57896044618658097711785492504343953926634992332820282019728792003956564819968,1748867903,2025-06-02 12:38:23+00:00
VoteRevealed,22617067,0x7a04ca1208779f8571c54bf7f078ece13b81c4a453215a4095e40e13fb964531,1748542409,,0x80cc06036fb903f0dbddb5a14d595f8fc79aca98,-57896044618658097711785492504343953926634992332820282019728792003956564819968,1748868251,2025-06-02 12:44:11+00:00
VoteRevealed,22617090,0xe596349a0708751b732a7fa5f9c3ebcd948440de889950d512c2510d82b215a7,1748542409,,0xb524735356985d2f267fa010d681f061dff03715,-57896044618658097711785492504343953926634992332820282019728792003956564819968,1748868539,2025-06-02 12:48:59+00:00
VoteRevealed,22617135,0x1a0f89b1f7d17555d5f35e25bf19e28b156a1052bd443fe4c9af52dcd614edf2,1748542409,,0xf0027afb0cfbaae582e21d96e2761b0b07bfbfb2,-57896044618658097711785492504343953926634992332820282019728792003956564819968,1748869079,2025-06-02 12:57:59+00:00
VoteRevealed,22617157,0xfb43361cf462ccad12c0ad5cc6333d4f7b541a51808b43c6289679a7ce58d10d,1748542409,,0x89f91453030f415b238d57ec209749e1b8da2a45,-57896044618658097711785492504343953926634992332820282019728792003956564819968,1748869343,2025-06-02 13:02:23+00:00
VoteRevealed,22617160,0xb3fd2c73605ad9698598e21b491f4782af14709188f9c4d8b6ee39e90d4cc9e4,1748542409,,0xc337dffa52de796e86b640debb0c9f2b88930459,-57896044618658097711785492504343953926634992332820282019728792003956564819968,1748869379,2025-06-02 13:02:59+00:00
VoteRevealed,22617207,0x710c648f52832328bbb1ce7b73f71d294d821c5d7509bb96eb7d370703019057,1748542409,,0x18fee6e511646b8ea2e4964277574f637bc03f3b,-57896044618658097711785492504343953926634992332820282019728792003956564819968,1748869943,2025-06-02 13:12:23+00:00
VoteRevealed,22617225,0x7c04aba18f1e8ecc23d0b41a1a949c47291c6e5caafeee90c2d3e76ec618e3d4,1748542409,,0xaa9ef398f6fbcc765617a9c451b2a4e749ddd624,-57896044618658097711785492504343953926634992332820282019728792003956564819968,1748870159,2025-06-02 13:15:59+00:00
VoteRevealed,22617245,0x82988d70a6a90957bb0d1635b15422dbba9e015e1d9cb301b6995b347297f509,1748542409,,0x004537fcd9095489ebe38180a382341b962b501d,-57896044618658097711785492504343953926634992332820282019728792003956564819968,1748870399,2025-06-02 13:19:59+00:00
VoteRevealed,22617254,0x94ff79d2d0bcea13a3452dd6af7bd6e8a3698ee2cd06304e07744f8a598942a2,1748542409,,0xccd9c5465fac5c0df86fd9b7d524a5949defcef6,-57896044618658097711785492504343953926634992332820282019728792003956564819968,1748870507,2025-06-02 13:21:47+00:00
VoteRevealed,22617338,0x7fbe95cf0d3db2c938abc9d3d2ae4dedeed1d7c10c6b4159b7a24c87669ab2a7,1748542409,,0x6573e30ee0ad46bc9afa0c2adb0d3f147d658efe,-57896044618658097711785492504343953926634992332820282019728792003956564819968,1748871515,2025-06-02 13:38:35+00:00
VoteRevealed,22617482,0x1ca6695ff3962dbab893d168d3035755999451f207ac8349ef7ac7da2c02290d,1748542409,,0x7dba7270548f1596ffcbaf046dddd3c1bb44f167,-57896044618658097711785492504343953926634992332820282019728792003956564819968,1748873267,2025-06-02 14:07:47+00:00
VoteRevealed,22617571,0xdecfd09361da5ee222918372ea8abd4ff4bd48554ef4d2bbe6d95af537ef56ed,1748542409,,0x996d5138843993cebc554c20d82310a43802aff1,-57896044618658097711785492504343953926634992332820282019728792003956564819968,1748874347,2025-06-02 14:25:47+00:00
VoteRevealed,22617786,0x54c4fbe2bad02e1b62ac3a72b884e55501253dce6d6b45a5ff70f43715155770,1748542409,,0x6c314af837367aec15505e8d0991377250877d98,-57896044618658097711785492504343953926634992332820282019728792003956564819968,1748876975,2025-06-02 15:09:35+00:00
VoteRevealed,22617911,0x9070c40a86238eea955a1698130afdca178d0f25d293999de33be884d33aa1da,1748542409,,0x216ac9372dc1f80e189a3d4b92f266a3599b92ba,1000000000000000000,1748878487,2025-06-02 15:34:47+00:00
VoteRevealed,22617977,0x8c69cd4aa12783879679a9f9d5f0fb9bbb772bddaf6ca61833bde47350ef9206,1748542409,,0x04b81d0480d5899b7d1460fa5036b66415ecdb57,-57896044618658097711785492504343953926634992332820282019728792003956564819968,1748879279,2025-06-02 15:47:59+00:00
VoteRevealed,22617981,0xe95f73714e228bc6556732caef6c99faffc51141b63b2299772acf0e045fdd80,1748542409,,0xd17eb770e4e209c186ceda0d7e09bfc03d792b36,-57896044618658097711785492504343953926634992332820282019728792003956564819968,1748879327,2025-06-02 15:48:47+00:00
VoteRevealed,22617984,0x3c635b7a69acbcb49fd4dd85de23802c79e7675338a2abce396c35d44fdf22ff,1748542409,,0x566f617e5d9da90fe3adf5e1bd1e829cb6a7d9f0,-57896044618658097711785492504343953926634992332820282019728792003956564819968,1748879363,2025-06-02 15:49:23+00:00
VoteRevealed,22618016,0x53d01baf1694b8b3b7dc2a48107631fbe11f8cbd2669d072c8ec248f83ef3f0c,1748542409,,0x6391098e7404210be5b4b67c1bb6c1bdf4be194a,-57896044618658097711785492504343953926634992332820282019728792003956564819968,1748879747,2025-06-02 15:55:47+00:00
VoteRevealed,22618019,0x1280970c96314333c90887cf465c9526bf0867d0236a805c260bd0a057e65f17,1748542409,,0x8ce75214878e6748b58fa0771c8cde60b3050337,-57896044618658097711785492504343953926634992332820282019728792003956564819968,1748879783,2025-06-02 15:56:23+00:00
VoteRevealed,22618036,0xb19e323e7c47f210a6154c1f4232e46cfe7a40a32f3de027b9db14a972c5168b,1748542409,,0x004f839564cb617812584feab5d6d6c44ed09dab,-57896044618658097711785492504343953926634992332820282019728792003956564819968,1748879987,2025-06-02 15:59:47+00:00
VoteRevealed,22618113,0xbb8fad0fc9b408c117135f499cc951db93dc0d2e53a3c43f2bbe7dc389366788,1748542409,,0xc12fa1c74c5d97c8eae9c16ab9df28837d9d39ee,-57896044618658097711785492504343953926634992332820282019728792003956564819968,1748880923,2025-06-02 16:15:23+00:00
VoteRevealed,22618116,0xe4b9842091631b4ef0863131647759cc3224d0ca02cdbdccadd57ddce1516fad,1748542409,,0x18f7f5243263e84ee8de50ca6c704b3415669222,-57896044618658097711785492504343953926634992332820282019728792003956564819968,1748880959,2025-06-02 16:15:59+00:00
VoteRevealed,22618275,0x30db831c470eed8deb630d95a4f8507d7b9a55fd874958875bae6f43e7b91d41,1748542409,,0x8d61d0bbe21f6f3c81cc6b0d4ba6164b911f27bc,-57896044618658097711785492504343953926634992332820282019728792003956564819968,1748882867,2025-06-02 16:47:47+00:00
VoteRevealed,22618451,0x6404247e7e757761686bfdc404ed49d3cdbd56a05842751717a77c769444b5aa,1748542409,,0xbd9e1684f8ce34c9652bd4d0dcec3d82e4e8baa7,-57896044618658097711785492504343953926634992332820282019728792003956564819968,1748885003,2025-06-02 17:23:23+00:00
VoteRevealed,22618454,0x5d18c2cd19c7b994baa6458823087148d30021eed199d6fee4e0908ec5600582,1748542409,,0xf659a672600f7c9f6fac317f884f8c76357fd48b,-57896044618658097711785492504343953926634992332820282019728792003956564819968,1748885039,2025-06-02 17:23:59+00:00
VoteRevealed,22618511,0x628929a3a8dd9e1373922fe4277ac3ff6c0fba3ecb3cc74a29978a6671d1e201,1748542409,,0xf445567e961c533e26430005c142dee831a6376e,-57896044618658097711785492504343953926634992332820282019728792003956564819968,1748885723,2025-06-02 17:35:23+00:00
VoteRevealed,22618534,0xf7c154c991bbb85ea06b1ca341cc98a16eaccbca167f00dcf7daaa8940b3b88c,1748542409,,0x9b8f31d4a132cfd3425eef49076e56e60dc1ed2f,-57896044618658097711785492504343953926634992332820282019728792003956564819968,1748886011,2025-06-02 17:40:11+00:00
VoteRevealed,22618535,0x82affb925ad90a466196b8a2dfba470836024ca996b7eecde36cdc152de8ee18,1748542409,,0x487a5bbdc6091be0e27c0e8ea283047d94862538,-57896044618658097711785492504343953926634992332820282019728792003956564819968,1748886023,2025-06-02 17:40:23+00:00
VoteRevealed,22618558,0xcaa66733a9c28464ceff500f5139bbeb2bc76173289d46d66b2aa00d0e2f5736,1748542409,,0x2a1bf3cd5d4a7328a37f0e82ff912ace26eaa08f,-57896044618658097711785492504343953926634992332820282019728792003956564819968,1748886299,2025-06-02 17:44:59+00:00
VoteRevealed,22618639,0xaf1f80d40cb6b17333211fff0ca299dde7e7bb968219890d57854c67b4cf61db,1748542409,,0xfec2ade141272f5271febadfca5d21ca30fc04a5,-57896044618658097711785492504343953926634992332820282019728792003956564819968,1748887271,2025-06-02 18:01:11+00:00
VoteRevealed,22618662,0xc3ca0a86728d402a6bb187ae61dde8515541b116e2a97ddb74798820570578ac,1748542409,,0x69d0a6ccb76f3f7ef96dada03b01b555e76fa819,-57896044618658097711785492504343953926634992332820282019728792003956564819968,1748887547,2025-06-02 18:05:47+00:00
VoteRevealed,22618918,0x70b4afb6fcf0de78b8f0eb8fbea98dbc1ea6193805081b455f66c79c730c59ad,1748542409,,0xa4effcaa060edd222eb86d33beb4df518805a5ea,-57896044618658097711785492504343953926634992332820282019728792003956564819968,1748890691,2025-06-02 18:58:11+00:00
VoteRevealed,22619506,0x21dde70bc07292120e854d274e97360d0c4afbdefeb0cd1f4e922c28291dbeb1,1748542409,,0xe63757e3cd485c9b35b3a972fffa2d91b8649483,-57896044618658097711785492504343953926634992332820282019728792003956564819968,1748897807,2025-06-02 20:56:47+00:00
VoteRevealed,22619636,0xccff10ee92567388083303caab35a023673919dc34fb964684de4055a1b5c36f,1748542409,,0xd9f9f15e1dcda849a48ee048892c9b31287c7598,-57896044618658097711785492504343953926634992332820282019728792003956564819968,1748899391,2025-06-02 21:23:11+00:00
VoteRevealed,22619690,0x652431ee2f62f7404cfa265dc80e70ab52ed73360cd9088bbde877f2244de8d7,1748542409,,0x4be80a823e619ef57a61cc19b6bfb72974df0604,-57896044618658097711785492504343953926634992332820282019728792003956564819968,1748900039,2025-06-02 21:33:59+00:00
VoteRevealed,22619757,0x4d99bf48697331dce0b018beb749420d9c396bd47ebac0db8334090ed4d554e0,1748542409,,0xd6693c2789c69395cd4c25f638287942c05fd708,-57896044618658097711785492504343953926634992332820282019728792003956564819968,1748900843,2025-06-02 21:47:23+00:00
VoteRevealed,22619789,0xc753fdb9ba4eb7d90d92346042b192ed195ce0705e9bfd40475d6755bc597785,1748542409,,0x8d4c39b6a9c7cec94cffef12f4ec019765b4128e,-57896044618658097711785492504343953926634992332820282019728792003956564819968,1748901227,2025-06-02 21:53:47+00:00
VoteRevealed,22619789,0x967da4c9ec20a4b0080ccb2f5fa2bedcfa84bfd267dabf640012fcc0517fc81f,1748542409,,0x104d86705c46e9422b803af522b43809f1c8e4e9,-57896044618658097711785492504343953926634992332820282019728792003956564819968,1748901227,2025-06-02 21:53:47+00:00
VoteRevealed,22619844,0xa361a78aeb95ece6a8330bf2d72b7a07998bdec4076fb1a1daf59425d6a0718b,1748542409,,0x89bebc6265fa32861e38ae26e112aa4694b9103a,-57896044618658097711785492504343953926634992332820282019728792003956564819968,1748901899,2025-06-02 22:04:59+00:00
VoteRevealed,22619854,0x7676ca89006f4e37a87855bcf9ac60b8a4e3dfd38b113918b509285cfa6ce402,1748542409,,0x65afe015bd9850b3374ab67753e8d641d4742482,-57896044618658097711785492504343953926634992332820282019728792003956564819968,1748902019,2025-06-02 22:06:59+00:00
VoteRevealed,22620133,0x36bfd44811477534dc82a86aeaf7ef39c5fd94682d2f14be01d8cc330e841d14,1748542409,,0x5ebc1d2809f4dfca9cb518efd2307fdffc36d55d,-57896044618658097711785492504343953926634992332820282019728792003956564819968,1748905403,2025-06-02 23:03:23+00:00
VoteRevealed,22620152,0x9bbe1b6acd0942ac175bb15989d702e84dfa807b4165b083483d50ccea6e4c88,1748542409,,0xc60aa5a87d580b3181aef33a402d88bfe705fea0,-57896044618658097711785492504343953926634992332820282019728792003956564819968,1748905631,2025-06-02 23:07:11+00:00
VoteRevealed,22620153,0x0b43c4511dcc5036837b5988374b2081d291a460ed25aef16abe7c40f5bb7dc9,1748542409,,0x8e349da0c6ec06e496f145e421424d2fdfe9c97a,-57896044618658097711785492504343953926634992332820282019728792003956564819968,1748905655,2025-06-02 23:07:35+00:00
VoteRevealed,22620156,0x7e996b9005b508b24e014c4ba835c645885b633e60c3622005333be48a33f3c3,1748542409,,0xfc204fcfd2a579157898a212ea25ac98de2b1e1c,-57896044618658097711785492504343953926634992332820282019728792003956564819968,1748905691,2025-06-02 23:08:11+00:00
VoteRevealed,22620169,0xe5f250da0ec051558a1488eaf8edf39a6d93a6c8c42d03af052334ec7d9f44f7,1748542409,,0xcb8c77837f470053f91e1e288cac223118c69937,-57896044618658097711785492504343953926634992332820282019728792003956564819968,1748905847,2025-06-02 23:10:47+00:00
VoteRevealed,22620171,0x726073ac4045e9ea658c9aa89b526a790ed0e2f6984dab0827634799f939094c,1748542409,,0x4431211df49f9a51cbba89467a524985cc809080,-57896044618658097711785492504343953926634992332820282019728792003956564819968,1748905871,2025-06-02 23:11:11+00:00
VoteRevealed,22620373,0x8ed544ff01975191609059d3b6390a64c7d70d96fbedf90a8c131ba9a44623c7,1748542409,,0x519ebedcb61498e2ebabe8d8b9ff8b168fa5fb3b,-57896044618658097711785492504343953926634992332820282019728792003956564819968,1748908307,2025-06-02 23:51:47+00:00
RequestResolved,22620416,0x45f4e1e0e09c4c106e4a1b3277bfcaae0747cf2cb6642681dc2a5b09bccef891,1748542409,10120.0,,-57896044618658097711785492504343953926634992332820282019728792003956564819968,1748908823,2025-06-03 00:00:23+00:00
VoteCommitted,22620673,0x0bbe2cdb16921e9646dd9447f85aedd14bccea3aaa422161737a9554fac51f51,1748837483,,0x9860d7309039b9a44b1df878ed4484133a881316,,1748911907,2025-06-03 00:51:47+00:00
VoteCommitted,22620681,0x6d0d87d376b20cf98ed9e65f7cfafbee7ffb508d599dd6e854b3cd1810751c1f,1748837483,,0xefbc103259b500ebe6408fc7c91535b0e158e22b,,1748912003,2025-06-03 00:53:23+00:00
VoteCommitted,22620716,0xaa3dfde24c5d60963f5ee6eeb877774685b444cfdf5906bafd38371ec3293f6e,1748837483,,0xf548bcf569fb953bf4f9dfbb67267d5824c8da63,,1748912459,2025-06-03 01:00:59+00:00
VoteCommitted,22620720,0xcf3ce440404b812731690971966d22b0b48d7c15e6ea3adccb569616eea6d257,1748837483,,0x0b5ddda89a88416860254eb326b3691ffcce4832,,1748912507,2025-06-03 01:01:47+00:00
VoteCommitted,22620733,0x2498b2c0a359147bca3d60fc50fbb5ab9cfe8f31f570a2e13aa6b779434668ee,1748837483,,0xb538544c0d0971dc6cdcc17a1ac50a02bc0a8b0f,,1748912663,2025-06-03 01:04:23+00:00
VoteCommitted,22620748,0xe37b44aec4bf65d16f2b5eebe0ae4d70c812a56d4501ed697a106d4923fdb087,1748837483,,0x47a40a367b3298be3da3bde3994c5342e26f368b,,1748912843,2025-06-03 01:07:23+00:00
VoteCommitted,22620751,0xf1fc3c7921e129fef3c7936d974e8edd6429eb3a3671b470297e8c6cd29e1788,1748837483,,0x601f1c1df1a415965311b6841d8e8eda42697eb5,,1748912879,2025-06-03 01:07:59+00:00
VoteCommitted,22620758,0xe37fb46280566533f1af76f96d19fa1ece5df07f8d934225412eca89e525eed2,1748837483,,0x2a1bf3cd5d4a7328a37f0e82ff912ace26eaa08f,,1748912963,2025-06-03 01:09:23+00:00
VoteCommitted,22620778,0xf328ecf7412e93469ddac24999c3eaa85d4c3e40f2b9042b010593adcb36b023,1748837483,,0xea1e010e379f1fa9d74022c6655ebe7ed5f64f9a,,1748913203,2025-06-03 01:13:23+00:00
VoteCommitted,22620799,0xb4fe23748c34cb2575eb55e8d99e4b1d4612b38e160ce3934c9ad709a419af89,1748837483,,0x2488a154ca8e174bd3bb0648d19f24855d587238,,1748913455,2025-06-03 01:17:35+00:00
VoteCommitted,22620802,0x856319377696acfccf10c2cf98b18bacb36408e8202c69241ae4346336930680,1748837483,,0x393950505b160607f40d11ab956c9406dbe6e4ce,,1748913491,2025-06-03 01:18:11+00:00
VoteCommitted,22620805,0x1a21c10365f5db39a3bf464dc8914c471f1fb3d09c20a8385506437cfe49ee3f,1748837483,,0x2bc111bd8bf402c65cd185bab460ae9ecc9aa7e7,,1748913527,2025-06-03 01:18:47+00:00
VoteCommitted,22620807,0x1c7526cb3ab79ddef536ef7905b2a95f1399dcb52722fdf7471e167b1d6d6d0f,1748837483,,0xfee5be290d4a1a50caff611389ba2120a4095d78,,1748913551,2025-06-03 01:19:11+00:00
VoteCommitted,22620824,0x9c3e28f636edfa542cb29cb06fb7468fdbd01cc58300f257ebdcd68f56f2a6fd,1748837483,,0x5d547923774921d7938349c1582239d19d5ccc4b,,1748913755,2025-06-03 01:22:35+00:00
VoteCommitted,22620828,0x26900ed8d8cf98253e4ee6a3b9154dd0d8130c34ee421d60c53d704a3120d8bd,1748837483,,0xd8e492ede29fb17f9910ad12054047a4c5af9d15,,1748913803,2025-06-03 01:23:23+00:00
VoteCommitted,22620850,0x99377a1bd9e9a0e1347068f749e7480e06d2d8bbcfa9bc469df359f7b3b05131,1748837483,,0xf8e9af3a84d29678a26f08048dd206ad10cc6fe8,,1748914067,2025-06-03 01:27:47+00:00
VoteCommitted,22620858,0x70c3815a137d9c983ffc68e30f44fe2a4b6d20dcc90be6dd7c63725b7dacb369,1748837483,,0xdf505b8811c4cd09c40e1c02e908d6fe36c2ffda,,1748914163,2025-06-03 01:29:23+00:00
VoteCommitted,22620864,0x0f2892cf9c8a9b5d0a9603a5034bd22c2aaac577848793b0468b9350a548365e,1748837483,,0x349ef0f01d64b6bb96f3d2fde895bee5ce745168,,1748914235,2025-06-03 01:30:35+00:00
VoteCommitted,22621006,0x2d9dbe0b3a174ac409c186b247e56aeb7ccca2d3f29ae02bb9dea27da3826587,1748837483,,0x449ff548206132b1e0df2ed9da4f9de5c281d1c7,,1748915951,2025-06-03 01:59:11+00:00
VoteCommitted,22621054,0x68ec47d017b18b4833be2538dd720c72dc0d6bfc120a5e3ad9c2f5c5c253f416,1748837483,,0xa85160a81da205ae57f6d55f16c9c43d773c7438,,1748916527,2025-06-03 02:08:47+00:00
VoteCommitted,22621079,0xa555850a512fdd9a494e156ffdafbca17280d0a7f56ad4901c4a27ba1b74d283,1748837483,,0x8548682e561668a51f99124d998db97ff326e67e,,1748916827,2025-06-03 02:13:47+00:00
VoteCommitted,22621088,0x64c996c12661fb5493f62be6de5d0ec273f94411dc052f5aac51de7e0e5c039c,1748837483,,0x126db3213b309a8d554594e591e614425ccac78e,,1748916935,2025-06-03 02:15:35+00:00
VoteCommitted,22621145,0x2834ca8b18a98259990712ecdac0593c196b840a97ee01b8618624d16f948405,1748837483,,0x336b9de28d67d692c31df93a9b8630b2fa50d88f,,1748917643,2025-06-03 02:27:23+00:00
VoteCommitted,22621244,0x9977aca15fa47d4f52f9c0c5d7e99aeba7ed3b9e413c7eb10220839cfbd3a9ab,1748837483,,0x20ec3d7739fc8ba82014a9cf0a771b427e0b56c0,,1748918843,2025-06-03 02:47:23+00:00
VoteCommitted,22621250,0x462a71c3029606a9f25a8bacc05edc530370ec064d4582819d4088b30ffde44b,1748837483,,0xd4c1a8c6b38aa15945023ab28a53838f29286e2e,,1748918915,2025-06-03 02:48:35+00:00
VoteCommitted,22621253,0x2b71fea367a9b61e2deca96ba648b26cd59f11fb31dcb637245fe9cfc8f06fce,1748837483,,0xdb4d5a3e683df965ce509ef191d979e77543bb4d,,1748918951,2025-06-03 02:49:11+00:00
VoteCommitted,22621256,0xf16ab1003fd7f32d92a40b01747fb41921c9508304d6e5ef6a92bcbf72fecc10,1748837483,,0x37c5db6f455f1cb3274ebe67582c92d04c4f6545,,1748918987,2025-06-03 02:49:47+00:00
VoteCommitted,22621272,0x829bf354b89b61979f531dcd2b7fb17db0c40532b199a43ea18cf11fad383c95,1748837483,,0xd2a78bb82389d30075144d17e782964918999f7f,,1748919179,2025-06-03 02:52:59+00:00
VoteCommitted,22621328,0xeca42322dbd21d605779f023f921d2b80def4219e3f08932fe36c6a59c884372,1748837483,,0x6391098e7404210be5b4b67c1bb6c1bdf4be194a,,1748919851,2025-06-03 03:04:11+00:00
VoteCommitted,22621353,0x9b8a7ac1992dabfe4077dfdad890e7da4a1c95058997b9c05decef29d5cc52b6,1748837483,,0x8ce75214878e6748b58fa0771c8cde60b3050337,,1748920151,2025-06-03 03:09:11+00:00
VoteCommitted,22621387,0x8d4246a67fb739e7c57ed51b5e6b0933179ebbc7670d5c29bb494515c4adea78,1748837483,,0xcb8c77837f470053f91e1e288cac223118c69937,,1748920559,2025-06-03 03:15:59+00:00
VoteCommitted,22621434,0xc93c13fe05bce5a59dc2ec2cfb731d37bc29f48520e1c49f8dba6e3299d0e88f,1748837483,,0x8e561b9823d9bf7067f5f64980ae26b6b9969e77,,1748921135,2025-06-03 03:25:35+00:00
VoteCommitted,22621463,0xf2ddd4265cd1d854d7038acdaf54d3f2d0ae937fc9263899e0c3a80b1f4fbeef,1748837483,,0x9a4773eeee73e34e1ee0e9a64e4b7453b0b04246,,1748921483,2025-06-03 03:31:23+00:00
VoteCommitted,22621508,0x72aca7f72c3e5fb55a9c0e798e5638a341dd2187a577118fc87b60d8e0d1a2f3,1748837483,,0x4b56fe61ca7af8dac0cac73570d9699bd9a9bc81,,1748922023,2025-06-03 03:40:23+00:00
VoteCommitted,22621512,0x821d1cac670950ef18e4dce0054307cf9f06bde10802a5d12dcdf9058630f1bf,1748837483,,0xa7b9d5fc54eb3ffe1985a10e28d045a9b89487d0,,1748922071,2025-06-03 03:41:11+00:00
VoteCommitted,22621544,0x0903511efef3c22ca0ed23b25351060ab942c32b8ca517cd7cd7d1b3f7ebe8f3,1748837483,,0x2a6dc98558a7482cfbd2f7c75be5d59e62e27e59,,1748922455,2025-06-03 03:47:35+00:00
VoteCommitted,22621570,0xb6b936636e6383a1d71a77ee145b6149b9a4a4b7398226cb91172214b4abee11,1748837483,,0x9b6f4d48fd61313204f7c8fbe9dfec6384aa4ced,,1748922767,2025-06-03 03:52:47+00:00
VoteCommitted,22621573,0x2a984399de3032f5c80fa168aa01747c87a6e5639fc9198ee7a285a5f87baaba,1748837483,,0x4ddd9af5f091a11438f3c4f618f1257d6d660cb2,,1748922803,2025-06-03 03:53:23+00:00
VoteCommitted,22621703,0x8c12938a8dc5fd4968c31048a04e344e5ad6ed2285c2c64992a03169aff4e2b8,1748837483,,0xe6b5a31d8bb53d2c769864ac137fe25f4989f1fd,,1748924375,2025-06-03 04:19:35+00:00
VoteCommitted,22621720,0xe90fd4c18b092fad43b470d72019649f65a353f2fb42fe27c7af7dce1750a0ee,1748837483,,0x4ddd9af5f091a11438f3c4f618f1257d6d660cb2,,1748924579,2025-06-03 04:22:59+00:00
VoteCommitted,22621862,0xd3cd13818cf857d07f790a8ab729a1986779d37fadf5168249997fcd599ba8cb,1748837483,,0x3abebe2bfd423dbb6357674476d44e9bd178817d,,1748926283,2025-06-03 04:51:23+00:00
VoteCommitted,22621882,0xb69555c77b9b29e549f33a6f202c683f113990bc6f248ba7b7547bf29d250473,1748837483,,0x7b51bfb030e888f047a29de664940035a47ef56b,,1748926523,2025-06-03 04:55:23+00:00
VoteCommitted,22621893,0x63f61dc1b1150540caa909000f0c9a3ea941d44d4f8be70e54520b4becae6960,1748837483,,0xa8b8f0b17ed13a3663a8e3f169c42464adddb984,,1748926655,2025-06-03 04:57:35+00:00
VoteCommitted,22621936,0x170224d8f180c010635d7d7fd4f7d35d9db9cc961fa1ee6bf18792945c7b4f64,1748837483,,0xbd4b2b116ef87967f8d682195023313a00c7287d,,1748927171,2025-06-03 05:06:11+00:00
VoteCommitted,22621986,0x2c1fea3190c3a0825c7445feb7edcd32cfe5dc06ca1ef7cef3b3a0808bb50b10,1748837483,,0x5071e6d385f584b5875166563c1670460905ad7b,,1748927771,2025-06-03 05:16:11+00:00
VoteCommitted,22622027,0xe1dfde81fff248f915070f93ccd7aec3f6c4927a1a9ebc02c0af03051934e25d,1748837483,,0x86cc5e1e8fb20102fa7a0fa4afeaf1cbe1be273d,,1748928263,2025-06-03 05:24:23+00:00
VoteCommitted,22622037,0x0a0b371456fb5f9e5d42e1d1265afe6e28eeb29a61848dc0d5d9c998aba21dbe,1748837483,,0xc9e8233c2c5476cda4f96595bbb3a9d117168df5,,1748928383,2025-06-03 05:26:23+00:00
VoteCommitted,22622104,0xa166329e8e64b9dcddc08c402f00b67b03930a16390e0112cb5ff9e10bf0832f,1748837483,,0xc3ac3355b2686fa503246a92e34d0b7261b39d6b,,1748929187,2025-06-03 05:39:47+00:00
VoteCommitted,22622129,0x8bcb4b0469f71d59c290a47d07d9875557737c06fde2e5ca0a6fe5586d576f84,1748837483,,0x16d12711626310b5894783ca187bdafe7aa4597a,,1748929487,2025-06-03 05:44:47+00:00
VoteCommitted,22622136,0xf116303e5a28831e169c04785490853d333f569e93b8f075f731a7bdf8e15877,1748837483,,0xfe9309c9f3d4f5a6e514cab5f4f5a36838b59c9d,,1748929571,2025-06-03 05:46:11+00:00
VoteCommitted,22622148,0x57455ac86b096ae4b01bca88d12ec39c5e187b9cd317ee67816788ff5b095184,1748837483,,0x9baf193cbca6267a4d1f76be78a49b52ef960a44,,1748929727,2025-06-03 05:48:47+00:00
VoteCommitted,22622179,0x950e068fd48a751c7fa59ea852c0c7e62784aa1b4e7ec060bfc10b04a9a04e6c,1748837483,,0x1921902db1b0967762f3ae86ae0675b2b3ddefa9,,1748930099,2025-06-03 05:54:59+00:00
VoteCommitted,22622285,0x6d3d2e58f16a3b31ecda9c3db5faa8522e1c10a415d433266cc9492c6df212bc,1748837483,,0x4f49d938c3ad2437c52eb314f9bd7bdb7fa58da9,,1748931383,2025-06-03 06:16:23+00:00
VoteCommitted,22622362,0x36da4297c6ac42c3157a00206cc7867d15db223a302d13dba0d59401bf5fbdd1,1748837483,,0x3e1b1a4a8fba26e80f4678d3ea3ac1daca78523e,,1748932307,2025-06-03 06:31:47+00:00
VoteCommitted,22622404,0x203070aca3b307fee0132f7f9efdccf843afb9f1fdf6560abd1c97432b4b548b,1748837483,,0xd6693c2789c69395cd4c25f638287942c05fd708,,1748932811,2025-06-03 06:40:11+00:00
VoteCommitted,22622426,0xcfb9d06de894da0ca8cb652781ce3bdf24ad6dc58d6d395ffb213bd9822e5783,1748837483,,0xa2e5dbd496e25a194a11fc3e4ad5ada199e827f4,,1748933087,2025-06-03 06:44:47+00:00
VoteCommitted,22622454,0x967506590671cbb47acd0ddb135743a9fbe233c4c41441b89f87d13a507b0045,1748837483,,0x69d0341d380a1229f4751a0a721345dbc716586c,,1748933423,2025-06-03 06:50:23+00:00
VoteCommitted,22622475,0x455af4bfdb439c4ce9b555d3a4892aaefe0814219ba3acbe93b45dd8db551c4c,1748837483,,0xcfb331ade6d66ad1cb6765a2dd51ad3aa9a1400e,,1748933675,2025-06-03 06:54:35+00:00
VoteCommitted,22622589,0x3c41e6cb23aca5dd4e93038ec5d4884dd1b4155f50650c0c3135702e92220981,1748837483,,0x840bf8f06b175aa001b85cdb68b3378e8b14946f,,1748935055,2025-06-03 07:17:35+00:00
VoteCommitted,22622632,0x18e73b057023ad6d6884640a5d06323ab1965f1feaca4445283e339ea1753aa1,1748837483,,0x99bcea6bb0403927fb3c038163478d5b42082fd9,,1748935571,2025-06-03 07:26:11+00:00
VoteCommitted,22622770,0xce951a08d4efe81e209467a3e8d9a2e7fd053b2a1ff54a144d1b9b98615c441c,1748837483,,0x90daea825e9d43043c05725a4196382b881b1a73,,1748937239,2025-06-03 07:53:59+00:00
VoteCommitted,22622773,0xb346637c4383611f44a1ac3e62c2cb3d2d30f9e0b7cb88830ad655fdb0dfa94e,1748837483,,0xf0dc67c35b934a47704f5bcc1851398f57c7fe78,,1748937275,2025-06-03 07:54:35+00:00
VoteCommitted,22622780,0x4a71f576a17c94b425f698c56be3c7103fc7f9ad400aeb36c290276bcf76e58a,1748837483,,0xdf67cba8261c6d8c15c735009f61e2cc9f852de3,,1748937359,2025-06-03 07:55:59+00:00
VoteCommitted,22622841,0xa8b3ef678ffd47754a4494e6edfbf43155e746c66870f25139a5ba1569d95bac,1748837483,,0xdb2808ed6cf0b8b9686222689cf4f6e88e42b80a,,1748938103,2025-06-03 08:08:23+00:00
VoteCommitted,22622920,0x45d5d22ce174eccba570dbd754d3dc95ceda281f94040cfc4e1d5343e26d5b47,1748837483,,0xb73812cce6f5cb7ada40a134b4b16aefbdbb9472,,1748939063,2025-06-03 08:24:23+00:00
VoteCommitted,22622970,0xdc32818958fecf9909cf5d1b3ecbf6742bdc5f5474159c9da7098714502e6833,1748837483,,0xd27820b61868f0a039664aefcf789acb5c2c5a26,,1748939675,2025-06-03 08:34:35+00:00
VoteCommitted,22623013,0x078f4c95f85a43481c05f0306dfdae1e6697db699ee5872ebd84a3b259888da1,1748837483,,0xed3aa99bb1c5215f619d01030ba89166997d54fa,,1748940215,2025-06-03 08:43:35+00:00
VoteCommitted,22623069,0x71bfcb23079505ba0359611b492f8ea7c4400401289ac95662853f6c3e2390d1,1748837483,,0x80cc06036fb903f0dbddb5a14d595f8fc79aca98,,1748940911,2025-06-03 08:55:11+00:00
VoteCommitted,22623078,0x701ba7f226a6ad8b133741a62bcd1137687cbcba9280d31cedf0ebdcdd1b33a5,1748837483,,0x9e43052ffb31e82b13a57079bdcf2c731d6cb563,,1748941019,2025-06-03 08:56:59+00:00
VoteCommitted,22623094,0x116bc44c8a9d4db4dfbae558c58b24c4b3f97b1882d3281c7c5c9b7a93cc78aa,1748837483,,0xd431b7c1433fba9a5aa5330e5211f4773b95e9d9,,1748941211,2025-06-03 09:00:11+00:00
VoteCommitted,22623112,0x224e1d80b6898f5a94c1307650fddf61c48e88afa655630a0d48c3a3c97b78d4,1748837483,,0x92d76b5d5ee767a4a90719a9a910936dc4006fc6,,1748941427,2025-06-03 09:03:47+00:00
VoteCommitted,22623244,0xe08fdbac3834243ede2fcc38fd8720c2ab749ec222b7ae74aa8c1de77de0fc3c,1748837483,,0x08bba63a49be5f7ee6dd58f30a757f5137d52be1,,1748943023,2025-06-03 09:30:23+00:00
VoteCommitted,22623261,0xfd1f85c2e8754bc37d4e473213ad0fbf45ac0cc75fc48b82b576918e4bd70758,1748837483,,0x7a409cffa9257d9de043a98a2034254eff7cbe8a,,1748943251,2025-06-03 09:34:11+00:00
VoteCommitted,22623307,0x8ef419849b4c958a0ba76d47e8ec66a8e0ded4d94215fefaf01c63c47d11ae51,1748837483,,0x09397d66b46a796ddb4cd7d340e3b063ab89befb,,1748943803,2025-06-03 09:43:23+00:00
VoteCommitted,22623336,0x6bbc147a9e3af4c462631a59d7607680a491247bad0123face2dee53640de0de,1748837483,,0xfb043bbaf380a06c01750ce0a6324e38ed11110c,,1748944151,2025-06-03 09:49:11+00:00
VoteCommitted,22623379,0xef5ae528581312d50f4f5eed3e801d65bdbd6a509ca247306b48b6fcf5af92f8,1748837483,,0x10494f35fc94cfb34e4dfebd99e6d665c8dfc8e5,,1748944667,2025-06-03 09:57:47+00:00
VoteCommitted,22623403,0x34fab747b949888589228a91dd47f47074cf6739857c7adf8b5fb5e3c6fb7f14,1748837483,,0x72b583cce10f64d9307a70d3877db05bacc13236,,1748944955,2025-06-03 10:02:35+00:00
VoteCommitted,22623408,0xb5a8b4b026d2b393413d99a3220cf283f6dcb3ba4c135b5e8f30828ff8fada8e,1748837483,,0x7baa3b328603535006d76d7b80af7260fd8a946a,,1748945015,2025-06-03 10:03:35+00:00
VoteCommitted,22623432,0x39a1abc0d27e278e218a37a9a98d9e906a605359a5ae352484c2f5ba6226c086,1748837483,,0xbd9d10d381abec81d8c35b6032f44b7abc7a98eb,,1748945327,2025-06-03 10:08:47+00:00
VoteCommitted,22623461,0x41396ccd7efc7668b7bf8e9750c1cc6daa2364818e85e22e5163bd8867987c3b,1748837483,,0x48c7e0db3dad3fe4eb0513b86fe5c38ebb4e0f91,,1748945675,2025-06-03 10:14:35+00:00
VoteCommitted,22623467,0x4ef5d6a5b98775bfc3728eac49443eda17f23a00d248b8a50bb5b1c2b5249ea4,1748837483,,0xf3b699d889361868d7b82c8bf41126b18ddf99bf,,1748945747,2025-06-03 10:15:47+00:00
VoteCommitted,22623492,0x1ebc603ff0f5002b5190a04295aa92af36a33866847865c9dd88602dcf1f6114,1748837483,,0xc6c323b8b7f644897e32192c75342a1131a3d292,,1748946047,2025-06-03 10:20:47+00:00
VoteCommitted,22623525,0x1e172da4980540092d1fa6fe19191fb5304efebe938642055764659e09611e52,1748837483,,0x101ae23d3cf1efc40383697a657e9d9ef873b9e5,,1748946443,2025-06-03 10:27:23+00:00
VoteCommitted,22623525,0x81494bff73606b89390ca4548762470fa5432dc35fe6616da55bc1250537f295,1748837483,,0x0afc9a935960948ed35e50ac7639cbb38e840b38,,1748946443,2025-06-03 10:27:23+00:00
VoteCommitted,22623563,0x657dfe9d3a9d781b3d3c1c636949ec82d0999e76bae716bf51981775624b396c,1748837483,,0x68c1363a6d70ae1b37bb92099764f4cb06ad859a,,1748946899,2025-06-03 10:34:59+00:00
VoteCommitted,22623586,0xf8234b8ca78a1b5ee6413f252df0eb4ba1a30f3c8ae43a2e0aeb1b424101d247,1748837483,,0x104d86705c46e9422b803af522b43809f1c8e4e9,,1748947187,2025-06-03 10:39:47+00:00
VoteCommitted,22623620,0xfe84a9eac6e962faaf9b06540a51e5b1cc0cbb10812d50c6cd89f60a94a7df82,1748837483,,0xfb1f7ed82c240c0515bb4670ec8837701313a12c,,1748947595,2025-06-03 10:46:35+00:00
VoteCommitted,22623897,0x9ded8ca2948f7b8be9fd5b43443d16253647225b881f9611a530abd4e9a96411,1748837483,,0x519ebedcb61498e2ebabe8d8b9ff8b168fa5fb3b,,1748950919,2025-06-03 11:41:59+00:00
VoteCommitted,22623998,0x0ba2c3c245bbbc3f62fc9ac1fc148a25a099da1970f5d95a98a1bed11fd2fac0,1748837483,,0xf9486539799fec4b75f57d5196e65b73b3356032,,1748952131,2025-06-03 12:02:11+00:00
VoteCommitted,22624058,0xfbddca7de0989ef2c1f5fccfecd8e667338c266d48969632fcc49a338b8fd532,1748837483,,0x4c0dee7fa0f6e3693abe2937111cde4b5a00ff1d,,1748952851,2025-06-03 12:14:11+00:00
VoteCommitted,22624060,0xdd0be7c311cb5add00e7483b35a821b830ffea3dc2aec6892ca497e0685502cd,1748837483,,0x7595a3964a77df4858648bbe4c6ca4a3c69d8027,,1748952875,2025-06-03 12:14:35+00:00
VoteCommitted,22624061,0x12c8f083f351a84a4cd91d2791350a4aa58f3dd96d17fb61c4e81422b8fc91da,1748837483,,0xea8d60baf7088c0c46242dd46237eca2f403558a,,1748952887,2025-06-03 12:14:47+00:00
VoteCommitted,22624064,0xc125b612d56801e3b04e9807e572e5ce484375d325a0b5a5c736018683d8ce36,1748837483,,0xde26619c377f3be82eec1ef59aad46a20681dad7,,1748952923,2025-06-03 12:15:23+00:00
VoteCommitted,22624065,0x4d0ab5c6bb781efbfe455111052e3953b26f1edb9d57bb4bd06ca724d1c37861,1748837483,,0x1cc972ff969689873f8010bdd0cf3dc30618397e,,1748952935,2025-06-03 12:15:35+00:00
VoteCommitted,22624066,0x01757bf4b85556bca6136b9a241e8bb5cfd253068442c312863d92841ba16544,1748837483,,0x465c19bee117a1709745223bcbe14c5416b0d022,,1748952947,2025-06-03 12:15:47+00:00
VoteCommitted,22624068,0x652035c992e6de7d745d1c3ae3afd0c544ec836b8bd4a0143f4c6bd6449fb3ee,1748837483,,0x628023f53587a03eac809478bafe9898779a57bb,,1748952971,2025-06-03 12:16:11+00:00
VoteCommitted,22624069,0x22fe7479fd24938cb752419fc29f3c72d348dfcdbd8ee6bc5b769c36f67f9c1f,1748837483,,0xa31c2232842e631ccb2d2e4110b356bab21e6020,,1748952983,2025-06-03 12:16:23+00:00
VoteCommitted,22624070,0xd5101cc3b774bd94812674e041e32e4afadfa22024c921591b5a10c3cf4e1784,1748837483,,0xe7488e7f5c60bfa81d38965c02b4cc5aa6249a11,,1748952995,2025-06-03 12:16:35+00:00
VoteCommitted,22624071,0x9030e54415ef2ab3691ef79ca76ff67bb0dd31432d60c7e2acfed1582d19feb7,1748837483,,0xde0aef70a7ae324045b7722c903aaaec2ac175f5,,1748953007,2025-06-03 12:16:47+00:00
VoteCommitted,22624072,0x7a46737221f9dfb8f9161295dba9617c841f20a54c8af816b6cd6fc884799773,1748837483,,0x216ac9372dc1f80e189a3d4b92f266a3599b92ba,,1748953019,2025-06-03 12:16:59+00:00
VoteCommitted,22624072,0xb0e496906b6531b0923e5665b08fba73d7f373dc4875f24b130db494b18ff041,1748837483,,0x2a82c67a5acc3332721b0af2739497bd893ec9d8,,1748953019,2025-06-03 12:16:59+00:00
VoteCommitted,22624073,0xa85fbf4f4d3dc4f0f964860ef7a1ac6b4ce4ddeda420417db2122fa13f4d3efc,1748837483,,0xb48369eeba3cbca5957398a618446fb6a53128ab,,1748953031,2025-06-03 12:17:11+00:00
VoteCommitted,22624076,0xca00757acd32894ac78eb1545dba7d5d3b60c7fcd0ff5e39899e3d84e25d85e1,1748837483,,0x1306ae61242615df58260ef0219aac87ac31bc55,,1748953067,2025-06-03 12:17:47+00:00
VoteCommitted,22624077,0x880332cb0c5d6b2f754c62bd53c568fec9f5a2f26f7ba2eddf19be3ffdf9084e,1748837483,,0x55e026d5c5cf81094ed8e8a6bc8191d28802c952,,1748953079,2025-06-03 12:17:59+00:00
VoteCommitted,22624079,0x808d8df5bf1b3ef3927c2ed63e916d64337fa2929e428a58ef222c4082ba2e2f,1748837483,,0x1c80ad40014cf912545cc56fc626faf2206dd09a,,1748953103,2025-06-03 12:18:23+00:00
VoteCommitted,22624080,0x9fa92c947e86659abb0a86315b9ce7264ea32f591fd7298a84df13901770fe2f,1748837483,,0x1a463c02cb1b6f1ea7273f41f7fa46aeec43cbc4,,1748953115,2025-06-03 12:18:35+00:00
VoteCommitted,22624082,0x5090cf09ca7a7dda9dd48ef06bf4cba0ea3d804fed00c043b8ffa3a5342cb78f,1748837483,,0x8c4809d3ad6b05ee765b36807d7c6c6b3782b938,,1748953139,2025-06-03 12:18:59+00:00
VoteCommitted,22624083,0xb6959f376fd7f5e4001dde8d99d03ccfe977dba937b63b8c3407ef277bdae771,1748837483,,0xdc20465fc7d1fad0c1432ebc1c7a5f12a4a7021d,,1748953151,2025-06-03 12:19:11+00:00
VoteCommitted,22624084,0xcd053a9d02e8fe3c65cae8a167970fbe5a324d76d9af3b539fb7192bda54e204,1748837483,,0x0293cdbe2b126df9ccce4eee24ffe1a58cbaf77e,,1748953163,2025-06-03 12:19:23+00:00
VoteCommitted,22624086,0x5a3ea0d5378b72a7c6238b0e42d5d4951a66dd341b7e104b99cad1e865da968c,1748837483,,0xe3b03d4dba836e2457007e7a6e78aefdffb11d12,,1748953187,2025-06-03 12:19:47+00:00
VoteCommitted,22624088,0xc2755f1833c393d8a3bb75ff28463d9a7cc9959205e4b50a4378a5eab9fd1e12,1748837483,,0x57cbb4ca7776349ad24f2dbae8dfed2989a30f3e,,1748953211,2025-06-03 12:20:11+00:00
VoteCommitted,22624090,0x4b3ea01882d0d51b6bfae67b9d780fa9f35705d34f61e44dd9abf99c18fa9856,1748837483,,0xbb1ff00e5af0f3b81e2f464a329ae4ee7c1dfba5,,1748953235,2025-06-03 12:20:35+00:00
VoteCommitted,22624091,0x1c76652626f64a480fc9f5b3930859e1036c840d5a1accbb997c452b8981deed,1748837483,,0x4821eaeb37061e3c26b2264838e788f8de06bdcf,,1748953247,2025-06-03 12:20:47+00:00
VoteCommitted,22624093,0x0240ab717d039d54572db2bc76b98a82130e18ecc5eeb20ec4678dd7156f3629,1748837483,,0x87a726a806f48a435d8bf627678c85f26b46c1b6,,1748953271,2025-06-03 12:21:11+00:00
VoteCommitted,22624095,0x57dad6f877b54c9f50afdb0f014302857d680e58d13edcbf54211a8516efea9f,1748837483,,0x5a7c58176c6f210365d017ff360fa806c532ee4c,,1748953295,2025-06-03 12:21:35+00:00
VoteCommitted,22624096,0xcc5042f75dcdd42a53d68970fc545f558857cafe9515f17cbb15b288c540405e,1748837483,,0xc4eb54c0e23f47c3a062e74d91f9e61d59b99946,,1748953307,2025-06-03 12:21:47+00:00
VoteCommitted,22624097,0x6f44ed2455d53ebdcdbc4b7ddb8e74de07ea8632c3942761fae0222ad122cb68,1748837483,,0x110f0b1faa1cb6eed49883f960808c95f609f6fd,,1748953319,2025-06-03 12:21:59+00:00
VoteCommitted,22624098,0x17d5f44509b7ba345bde31f24e76912a4f2adbd1df54b33f61d5afe35c331870,1748837483,,0x949758647d0390cf44a0f244615b019c2429f769,,1748953331,2025-06-03 12:22:11+00:00
VoteCommitted,22624099,0x50e4f075ebd4cc13101c77f5654a4186c4e2aa76d0948c48da447477883799e0,1748837483,,0xf33e833707e9303d00dc045af440ed19b9dbdb10,,1748953343,2025-06-03 12:22:23+00:00
VoteCommitted,22624100,0xf3a396a67c93573adbdf8c6f2a2799c8e829a31a72175e998b5f1cc38fa4a1c5,1748837483,,0x578403fbd9198742cbe068d04f11e206f692a1ee,,1748953355,2025-06-03 12:22:35+00:00
VoteCommitted,22624101,0x87c0802d8a90f93b6a3e67a7d50e5117416062e4943231edadeca8495f675a5a,1748837483,,0x858f09336b4eb24076d4cc46fa932832dd8fc13c,,1748953367,2025-06-03 12:22:47+00:00
VoteCommitted,22624102,0xd113dd9502d1a3e112bf32a1102d6f2ee3c4727368b114fc7251f667e29c07a5,1748837483,,0x4ebd4720113312e6721206f7a3b6255f358069f4,,1748953379,2025-06-03 12:22:59+00:00
VoteCommitted,22624103,0x29bdf4a7190c0ea9d01322f3f3b8bf7ede1790b061d011ac06715dfa1a9feb48,1748837483,,0x6e86d1f305e43dbd3d39df7c736653236fd42587,,1748953391,2025-06-03 12:23:11+00:00
VoteCommitted,22624106,0x6ccdfcbdb31898c5f68f3773e73aa08d506bd57c75276a97098ac62a5a142d6e,1748837483,,0x6fc5b81c6c117015fdd36fdea25a9c1ec243daf1,,1748953427,2025-06-03 12:23:47+00:00
VoteCommitted,22624106,0x34b8601fb90b0d46a2175de39f09de269955e55201ff3455710183c3b2f0f564,1748837483,,0x3b45e837ce844cf6c25459aba5b9c2d6ea023008,,1748953427,2025-06-03 12:23:47+00:00
VoteCommitted,22624107,0xdcf15c647fb79011ede089140061b8baf3960a94720120181e2e194683900711,1748837483,,0x91ad835a8dc56eb5c7e6f46bf437b7400c17cf4f,,1748953439,2025-06-03 12:23:59+00:00
VoteCommitted,22624108,0xc7eaafc710c0f25169d13691e04c8bedba5a600f6f2f3b318a709608625f50b5,1748837483,,0x8782ad397185d119e44a44c8138036386fd932db,,1748953451,2025-06-03 12:24:11+00:00
VoteCommitted,22624167,0xe88ec411d111c11e8b8f402b18805375e397a8b19d956dd0bb0af43eb073160f,1748837483,,0xb524735356985d2f267fa010d681f061dff03715,,1748954159,2025-06-03 12:35:59+00:00
VoteCommitted,22624342,0x53da521c3ccdd4fa93e28d5ba1458ae2a6bd9ff20719795b1d8215afc7adc667,1748837483,,0x24eb1c355c05439819a23dd0842d5d038d1ca05a,,1748956283,2025-06-03 13:11:23+00:00
VoteCommitted,22624446,0x37bef76387968d033647c1c8edbe44f5f3e8750f6b5f0f40b4a98f29023ef4ee,1748837483,,0x18fee6e511646b8ea2e4964277574f637bc03f3b,,1748957531,2025-06-03 13:32:11+00:00
VoteCommitted,22624588,0x4995925e80993311198107172db665e276ef6495c5b73c226178c635d096b3aa,1748837483,,0xf0027afb0cfbaae582e21d96e2761b0b07bfbfb2,,1748959271,2025-06-03 14:01:11+00:00
VoteCommitted,22624732,0xfbf0cf328d6e359f9bca08bafd03ce8ca3cfad6998295da01e49d4abf00e4404,1748837483,,0x2b379bfb86e900fe8f3a1434ee79097aa5b883dc,,1748961023,2025-06-03 14:30:23+00:00
VoteCommitted,22624752,0x6fa9eb5bd4e010e84ecb0c57f564e9aca30ab41a673ffdccf81711ac8238de07,1748837483,,0xf3c12244c9b1c56f8f5f44b8466c2c14fed02329,,1748961263,2025-06-03 14:34:23+00:00
VoteCommitted,22624761,0xf6e46ff3cfbdb5130adec7457defce51b5bf4c9a9eef0146542c88dadfef4ec2,1748837483,,0x9f9a6867d9ed4630dac6d3f9c125248600df03be,,1748961371,2025-06-03 14:36:11+00:00
VoteCommitted,22624774,0x867bc063c30a410641af44db8dc21a4c36d8d91be77d47aa21d1f6fd0a4b7065,1748837483,,0x8d4c39b6a9c7cec94cffef12f4ec019765b4128e,,1748961551,2025-06-03 14:39:11+00:00
VoteCommitted,22624799,0x7ce4cf2a5cf26c8094e331331e287757ac62632fa850ff65e467cb03c015db6c,1748837483,,0xcb4bb9d616f27dc84a256b768b4c393fa8010caa,,1748961851,2025-06-03 14:44:11+00:00
VoteCommitted,22624822,0x747ddae9a41ed6dd6c4583c2e22a6a98b7ee6a2a0330913e571176bb36f17839,1748837483,,0x7dba7270548f1596ffcbaf046dddd3c1bb44f167,,1748962127,2025-06-03 14:48:47+00:00
VoteCommitted,22624836,0xc326610c1b3dc9d77f495b4e8c1d977205fbbbab883afa8e2b322cdc96679ee3,1748837483,,0x6573e30ee0ad46bc9afa0c2adb0d3f147d658efe,,1748962295,2025-06-03 14:51:35+00:00
VoteCommitted,22624845,0x954fcc162df9e29710e8f6a67e8a7e4c88c452f4c2207d4b2df701c15f76f88e,1748837483,,0x9fdb970aef60007fee4ea132b5f4ebc376740aea,,1748962403,2025-06-03 14:53:23+00:00
VoteCommitted,22624856,0x7dc10bcccf42b3435f34d23b354c7f8beddb522efa4c2043ff094cae7d804ddd,1748837483,,0x56d769f02e20c6c416d6583879403181e0f37226,,1748962535,2025-06-03 14:55:35+00:00
VoteCommitted,22624868,0xc00d243b352ded7178b9d19cc48331331820a2dd4153241dc53144ce1eb9ca03,1748837483,,0x4431211df49f9a51cbba89467a524985cc809080,,1748962679,2025-06-03 14:57:59+00:00
VoteCommitted,22624892,0x7e75552d62e53b6aaade83fc23c43b1adb0302519e1d3ea8bd92b74d7221bc83,1748837483,,0x568967ab58e2da9536b8a8102f453788c7e982b0,,1748962967,2025-06-03 15:02:47+00:00
VoteCommitted,22625169,0x223d08c10e1828d41aae34722561af955b12cc02dea6452d56bb5ffe7c00d20d,1748837483,,0x8b64673c9a482913a6e2c1298637532947cd96ee,,1748966303,2025-06-03 15:58:23+00:00
VoteCommitted,22625205,0x32ec8394336beebdaf008f62259ce1509daf815ef6d47cdd346964e57ec068d7,1748837483,,0x6c314af837367aec15505e8d0991377250877d98,,1748966735,2025-06-03 16:05:35+00:00
VoteCommitted,22625563,0x53b4af9d326045f42cbb786d8dc5bee3d5b7a858f2d2f337b67ea22a32a7a528,1748837483,,0x004f839564cb617812584feab5d6d6c44ed09dab,,1748971043,2025-06-03 17:17:23+00:00
VoteCommitted,22625725,0x2a52c8e04a5177810c43a52d16f843fa4be55810952b5823c11b6d3b0936d112,1748837483,,0xdc8614557d2fb159a8b1c1f69256bc522d74821a,,1748972999,2025-06-03 17:49:59+00:00
VoteCommitted,22625738,0x521a68f1b15dab0356fec63f919752cef551bf5826571bd5decdf1629fb4a468,1748837483,,0x6564c6c44ef87e3bb32d7987317869817380340c,,1748973155,2025-06-03 17:52:35+00:00
VoteCommitted,22625773,0x76afb5486c9f8c9b26efdc4a32d8d70a861fdcc9a79cd693c97d8febc0dfb54f,1748837483,,0xc337dffa52de796e86b640debb0c9f2b88930459,,1748973575,2025-06-03 17:59:35+00:00
VoteCommitted,22625784,0x4675de245899988715aa6bbeba03bfd5823036442aa5d624c71835ced6a7521b,1748837483,,0x89f91453030f415b238d57ec209749e1b8da2a45,,1748973707,2025-06-03 18:01:47+00:00
VoteCommitted,22625796,0x6e0a0232ff1287396e7976a40bbd332534460dd32bd9534c0a1e9dd6075f7f41,1748837483,,0x5c2e7b98288be54c8c468b331a5b0dcb57b9d55e,,1748973851,2025-06-03 18:04:11+00:00
VoteCommitted,22625800,0xcccbb1754dd3c276138e4fd991a6faf0ca8781361c8cb9178316874ee614a658,1748837483,,0x66ca133ec691ca210251fcd4c963ba220515225a,,1748973899,2025-06-03 18:04:59+00:00
VoteCommitted,22625803,0xa5ead45d009d1ab53dfd88d6e4f2e859b72b2df4fb5e9755b3c5b05e993891b0,1748837483,,0xc5aff99f08027db6e39ee53048b6509e9d66a671,,1748973935,2025-06-03 18:05:35+00:00
VoteCommitted,22625831,0xa8ced6e174f29df57a4ee6f62a41d9f4fa3fdf7a65a47ab6c5438bfd3350c80c,1748837483,,0x2d51f7645dd96bcac85a62a3affd70a419776f52,,1748974271,2025-06-03 18:11:11+00:00
VoteCommitted,22625876,0x1aa012da21403b17a567cb08c84dca54372b5a3a28a77abdb5d934ce25aeac36,1748837483,,0xfec2ade141272f5271febadfca5d21ca30fc04a5,,1748974811,2025-06-03 18:20:11+00:00
VoteCommitted,22625879,0xad42e8dade129c01d7144a9c6eeeec3bd09aa8e288713cdbb5d993d314fbb7df,1748837483,,0x8d61d0bbe21f6f3c81cc6b0d4ba6164b911f27bc,,1748974847,2025-06-03 18:20:47+00:00
VoteCommitted,22625955,0x182b7057b590f4062922ea960f4beb2675591fb1d2b306ea63aa7003ab990f92,1748837483,,0x69d0a6ccb76f3f7ef96dada03b01b555e76fa819,,1748975759,2025-06-03 18:35:59+00:00
VoteCommitted,22626016,0xbd9718664f077da4d96a75ee63559713ca0c136e89ff4863b4547e0b85a27d94,1748837483,,0xd32e46eb8f5f7e2d89da68ac7abf96ab186ebd3f,,1748976491,2025-06-03 18:48:11+00:00
VoteCommitted,22626036,0x5c7b74733fa12a33088b470f05c3527c93e42ef86d72aba0b448c5adb534d3d8,1748837483,,0x35041bcf4455468d1de0bfa0ffd9ebe9ec6cec2b,,1748976731,2025-06-03 18:52:11+00:00
VoteCommitted,22626081,0xf29c1099428dd2d4d347ccd31b630edd59d58ec34d07c394adcff8218f032193,1748837483,,0x1515f9d20a8df64c72f0d35baf5a5ec079c4490a,,1748977271,2025-06-03 19:01:11+00:00
VoteCommitted,22626090,0x09e404e2716d1dde30495cb6f3faaef18cf0d63abab5a76f57392a13c9d46ce4,1748837483,,0x7e367235ef80109531113d8284a5593ba6a40c22,,1748977379,2025-06-03 19:02:59+00:00
VoteCommitted,22626185,0x50cad9c56b10de0eacaa4416fc9e9c9b617d002eab619c254f69a33948ff5b61,1748837483,,0x6c8735e11e3016f8aaf66bbc5ed5938d129dca76,,1748978519,2025-06-03 19:21:59+00:00
VoteCommitted,22626231,0x58054042b41d58e20ed9fe46da6643969be7ff7e244141eb95371362d3096885,1748837483,,0x65afe015bd9850b3374ab67753e8d641d4742482,,1748979083,2025-06-03 19:31:23+00:00
VoteCommitted,22626231,0x63ee7beb2f75ee57c3ebd5c158c3cf04da620666e6b9266dcdb60e426c889c33,1748837483,,0x89bebc6265fa32861e38ae26e112aa4694b9103a,,1748979083,2025-06-03 19:31:23+00:00
VoteCommitted,22626280,0x69d4f4f1137f4a4033e77ed784cb14b7cd1557f0c197dc1c5864400cabb73e11,1748837483,,0xa4effcaa060edd222eb86d33beb4df518805a5ea,,1748979695,2025-06-03 19:41:35+00:00
VoteCommitted,22626302,0xd50ca3b1809ed5a381ac26f203c87d4b24273e550a6756b79210af9308d2ff06,1748837483,,0xbd9e1684f8ce34c9652bd4d0dcec3d82e4e8baa7,,1748979959,2025-06-03 19:45:59+00:00
VoteCommitted,22626306,0xe73d7554f81978ea6094a405d7a3a1857ce63825d19f68d976e30dddc9064139,1748837483,,0xf659a672600f7c9f6fac317f884f8c76357fd48b,,1748980007,2025-06-03 19:46:47+00:00
VoteCommitted,22626331,0xb7779db212d237cc712afd03eb7362ffe5de98891a0e9419176d6b731cb57d6f,1748837483,,0xd9f9f15e1dcda849a48ee048892c9b31287c7598,,1748980307,2025-06-03 19:51:47+00:00
VoteCommitted,22626402,0x586b5727ab616cd78bac563c7ef70bc6e595250851cb8f85e56e775d73ad2c36,1748837483,,0x36ce63c738971b948cf0afb842b7617254c15bc0,,1748981171,2025-06-03 20:06:11+00:00
VoteCommitted,22626420,0x4ce608927620fbf51efcdc504113619cad5de6d00edd58da72b3f95692bf7bec,1748837483,,0xc573ddc59824f248d3688df0474805f35c2c09c1,,1748981387,2025-06-03 20:09:47+00:00
VoteCommitted,22626423,0x6141132b25a211427d45aeac8672d283b91610b2bc480a702f3eddad62b0f352,1748837483,,0xb67a6e67072025c1db86e552dc17f7bf9c296122,,1748981423,2025-06-03 20:10:23+00:00
VoteCommitted,22626425,0xed53dc7ff67a2fbb317338ee498b4f1560f78221ddf6e313d290bc2e7c234b05,1748837483,,0x5ebc1d2809f4dfca9cb518efd2307fdffc36d55d,,1748981447,2025-06-03 20:10:47+00:00
VoteCommitted,22626428,0x0a9c22659c89f9dcc805c897d3d419d7c9d7345d547587357c08aefa945640b5,1748837483,,0x73cde0e4f0480ea6b98bfa292ea936685716af4d,,1748981483,2025-06-03 20:11:23+00:00
VoteCommitted,22626541,0x3b3c92f3e19f02a824c71c17f02623c5bad3101d756a21ff79f442d4f7e5ec5e,1748837483,,0xa61b950ac1f186a65c17c0ec447b5f4b05c288a5,,1748982839,2025-06-03 20:33:59+00:00
VoteCommitted,22626694,0x255a45a8544c072ebb15b3d5120da66da0d4788075150c52b76cc57aa7a7c0c3,1748837483,,0xe63757e3cd485c9b35b3a972fffa2d91b8649483,,1748984675,2025-06-03 21:04:35+00:00
VoteCommitted,22626694,0x2f9adf83f30f91aee726a48d7a7ed612b05b51fcc39dcca04c099d3814a41603,1748837483,,0x30b2daeb3757b6c7462cd0d776828f8d7398be50,,1748984675,2025-06-03 21:04:35+00:00
VoteCommitted,22626720,0x14cba00c8da180feb1fd7ffb60db9c316f21a23c3fc4117b124515d7a936756a,1748837483,,0xb731ccc5f62e99ea25220bfd73c3867bb5205790,,1748984987,2025-06-03 21:09:47+00:00
VoteCommitted,22626735,0xdf87d1e9851eac44fc0d2ab5e07a3ebcee2e90250f78352485cbe1b34f104c7b,1748837483,,0xf0180d4561dbaeaac3b96b7491bfafc94cea4069,,1748985167,2025-06-03 21:12:47+00:00
VoteCommitted,22626741,0xa146388528badc9128a7d74fbe8fb49fda7de6c957c57e3c4dd76ce407ffef9f,1748837483,,0xaa9ef398f6fbcc765617a9c451b2a4e749ddd624,,1748985239,2025-06-03 21:13:59+00:00
VoteCommitted,22626771,0x980f03efb1e533e4d59359b51f4d8bd45f13d0409b3554680644b9ab5a0b23e0,1748837483,,0x9b8f31d4a132cfd3425eef49076e56e60dc1ed2f,,1748985599,2025-06-03 21:19:59+00:00
VoteCommitted,22626892,0x721f1605ed2ead4de7c06eeb679734329df48643ae9c89030a78a0acbb5b15d6,1748837483,,0xaef6a3580a365c524a5bc9aabeb2a13c2a1a7b7c,,1748987087,2025-06-03 21:44:47+00:00
VoteCommitted,22626954,0x51471367a3d5d1f9bc8d5bbf9b091e6633e8fda1a14b1a32c0e44d12db3aaabe,1748837483,,0x4be80a823e619ef57a61cc19b6bfb72974df0604,,1748987843,2025-06-03 21:57:23+00:00
VoteCommitted,22626992,0x970043cdbc2e5b9862f39dc2484c2c7144f982833bdf760e43fea5bb77fedbff,1748837483,,0x4863fe62d4cd3718bc0c104ec0cb45052d41e44f,,1748988299,2025-06-03 22:04:59+00:00
VoteCommitted,22627003,0xbd71fbcc57d532043f72519aa8d28a3490f822894efad8bc3b677d60885f1f47,1748837483,,0x7c45fb10a18f834a47cc3f470e97140a399b6af8,,1748988431,2025-06-03 22:07:11+00:00
VoteCommitted,22627006,0x1ef48bfc8fc0f700eba7e3aeb13b99c062f66de56063f3101d516b1dd22eb88e,1748837483,,0x18f7f5243263e84ee8de50ca6c704b3415669222,,1748988467,2025-06-03 22:07:47+00:00
VoteCommitted,22627011,0xe52f0daa37dc6860322781e6ac31ff0a4308051cce3ab79679a8c513f8041bc6,1748837483,,0xc12fa1c74c5d97c8eae9c16ab9df28837d9d39ee,,1748988539,2025-06-03 22:08:59+00:00
VoteCommitted,22627106,0xefb62d76be39713bd50ab831abd389a7946f558dc9b132f375a514ad7ae3267b,1748837483,,0x996d5138843993cebc554c20d82310a43802aff1,,1748989691,2025-06-03 22:28:11+00:00
VoteCommitted,22627181,0x21c6b04c3786b1ec3d6a0746b4f4afbbf97abc11fc324f1334369d756f95d39c,1748837483,,0x53d0755830ed64294d3e0736b744a1c8eda0d897,,1748990591,2025-06-03 22:43:11+00:00
VoteCommitted,22627181,0xaa047e51ed1d69805953fd4842a7ea28fd49113a7e86abfdb3317c00fb35df0e,1748837483,,0x5b7ec1ba8af4579119ae7fb4bfea36bb9b8c78a8,,1748990591,2025-06-03 22:43:11+00:00
VoteCommitted,22627200,0xb1ca1d9bd6865a6f6f036a5c0b7a816c96945ae5cf82bd788426fe9032f9348f,1748837483,,0x21a745db2c52c841b4511fc55aea27156c76bce1,,1748990819,2025-06-03 22:46:59+00:00
VoteCommitted,22627212,0x2882466b1cb782e60594ff2be507d9bf1a92ce8534c106bb07d2442f0e2db760,1748837483,,0x95cd0e455cf41e9f8cca8eee488432f3f10f29b8,,1748990963,2025-06-03 22:49:23+00:00
VoteCommitted,22627251,0x46451d6c10eca034c092ec3aa655f945b93db63162f17087905b74f8e9d2d44f,1748837483,,0x05d184b066d72cd42a1fe0fb880c3d4a0adbf8c4,,1748991431,2025-06-03 22:57:11+00:00
VoteCommitted,22627258,0x36ca534f1f0fc2c870460e93d4edb5bcbc02d554c878b4be6ab026b220d8537f,1748837483,,0xf445567e961c533e26430005c142dee831a6376e,,1748991515,2025-06-03 22:58:35+00:00
VoteCommitted,22627279,0x2fbd27fd94b6c8a4e24f46eca768dfdeabf8d68e581bd81676347745bb2f7172,1748837483,,0x2c492138498165c3f6ff94ab7d0b7ab6dd546ada,,1748991779,2025-06-03 23:02:59+00:00
VoteCommitted,22627280,0x582858cf7ceb59df54a850f5db595e3dac3dd74391488ae756d42ab3be4c6faa,1748837483,,0xd7c737a195f75ccb819a1ce7474892e4ab6bff8f,,1748991791,2025-06-03 23:03:11+00:00
VoteCommitted,22627282,0x65b7ca0a65a50d0611621200e2a89676ca5ee63c1fb218949721e9b38372ca11,1748837483,,0xbd73cf5baf12f120ee3f6c4ad82df9a12649e578,,1748991815,2025-06-03 23:03:35+00:00
VoteCommitted,22627284,0xfa41f8fdfa03497225fdd598d8bfb29629951c177b7c2e14865cd54c275db24f,1748837483,,0xf08c6cbc8bcd68d5a6ec8498f911d45a9c8035f9,,1748991839,2025-06-03 23:03:59+00:00
VoteCommitted,22627286,0xa036f26cf02f41fc067a9403b1596cbe6f3afd755359e2e1d5a110ab7e866872,1748837483,,0xb56846d84b5f1ad032290ac1c527d93bd11ef97e,,1748991863,2025-06-03 23:04:23+00:00
VoteCommitted,22627308,0x3f25ab4fb7377ba6a8f1406aa0c49232dc3f496249ff69fb5c05fa61c8baaa16,1748837483,,0xfc204fcfd2a579157898a212ea25ac98de2b1e1c,,1748992127,2025-06-03 23:08:47+00:00
VoteCommitted,22627429,0x56f438a7288e80dc5952b2fdfc23be1b6bb499ce1d8da315c7b1a8e5369e8d0f,1748837483,,0x003a3b5669b288b29687c66d678aa06cb8d80577,,1748993579,2025-06-03 23:32:59+00:00
VoteCommitted,22627434,0x01c76d8002524b28be1a57e9139129bd4a6234b601fedfbdbdaf85d403b07ff3,1748837483,,0x326c819380b8842e3a55e5f97f6011ee91844205,,1748993639,2025-06-03 23:33:59+00:00
VoteCommitted,22627508,0x633d2e991b8846ac35fe2515cf337f93767a44714cb358e5a46744224e6a5565,1748837483,,0x8e349da0c6ec06e496f145e421424d2fdfe9c97a,,1748994527,2025-06-03 23:48:47+00:00
VoteCommitted,22627514,0xf08678f8be81e2d60faba4d69f86bac43800cc17bdd75ccaafd09ce99380e098,1748837483,,0xc60aa5a87d580b3181aef33a402d88bfe705fea0,,1748994599,2025-06-03 23:49:59+00:00
VoteCommitted,22627551,0x33c5b8bedd2cd2621b4fdd53f7ac1cbc464a1bb67cd2df972cdea116eb60f4a3,1748837483,,0x74e4aac1ff7105ee7c23f240e78e9820ec3d9053,,1748995043,2025-06-03 23:57:23+00:00
VoteRevealed,22627567,0xc074e7b9b8860d398f5885213de5953f23461b07ea3b0b76ac719b0afd301f60,1748837483,,0x4b56fe61ca7af8dac0cac73570d9699bd9a9bc81,-57896044618658097711785492504343953926634992332820282019728792003956564819968,1748995235,2025-06-04 00:00:35+00:00
VoteRevealed,22627576,0x2c0b613eb27782a8d6751448f254edce7f10027be81e5128eabac1b4f38e8d1f,1748837483,,0x2bc111bd8bf402c65cd185bab460ae9ecc9aa7e7,-57896044618658097711785492504343953926634992332820282019728792003956564819968,1748995343,2025-06-04 00:02:23+00:00
VoteRevealed,22627582,0x39e84744304cfd8d9776b39facb7ce7c3af7ea0d956f6fca657d00e9dc710562,1748837483,,0x5c2e7b98288be54c8c468b331a5b0dcb57b9d55e,-57896044618658097711785492504343953926634992332820282019728792003956564819968,1748995415,2025-06-04 00:03:35+00:00
VoteRevealed,22627583,0x1622ee99667b498a2fab104fc4f872ae9bae23389e6883365125ba5616a6bddb,1748837483,,0x66ca133ec691ca210251fcd4c963ba220515225a,-57896044618658097711785492504343953926634992332820282019728792003956564819968,1748995427,2025-06-04 00:03:47+00:00
VoteRevealed,22627584,0xec15f25bf9cb8f0bc6bcfa87f1bdb12f1da4fac3f4e1e884a1c7fe89554062f3,1748837483,,0x74e4aac1ff7105ee7c23f240e78e9820ec3d9053,-57896044618658097711785492504343953926634992332820282019728792003956564819968,1748995439,2025-06-04 00:03:59+00:00
VoteRevealed,22627602,0x35c5e7207fb002cc4da4093baa0d10be72c20dee4dfdfb35ee40d5c2a7ba1ced,1748837483,,0x2c492138498165c3f6ff94ab7d0b7ab6dd546ada,-57896044618658097711785492504343953926634992332820282019728792003956564819968,1748995655,2025-06-04 00:07:35+00:00
VoteRevealed,22627604,0x1f32a154948e780668b5ff8f5255a349ccdfdffdc836822dfe282ce6ed1929fa,1748837483,,0xd7c737a195f75ccb819a1ce7474892e4ab6bff8f,-57896044618658097711785492504343953926634992332820282019728792003956564819968,1748995679,2025-06-04 00:07:59+00:00
VoteRevealed,22627608,0x9d618103cc078bf7634f6d7aa2b3b9a652d626bdff4dfc24d17676cd0f804997,1748837483,,0xbd73cf5baf12f120ee3f6c4ad82df9a12649e578,-57896044618658097711785492504343953926634992332820282019728792003956564819968,1748995727,2025-06-04 00:08:47+00:00
VoteRevealed,22627615,0xbe4c58e8c33426d9ee81f19d5a0b7a88556d02ce037ec22c9950f1bf60736e71,1748837483,,0xf08c6cbc8bcd68d5a6ec8498f911d45a9c8035f9,-57896044618658097711785492504343953926634992332820282019728792003956564819968,1748995811,2025-06-04 00:10:11+00:00
VoteRevealed,22627621,0x75b41bbcebb23cc9b243b8ee351293ff982d16f940b381a4e5a435d7d034ad62,1748837483,,0xb56846d84b5f1ad032290ac1c527d93bd11ef97e,-57896044618658097711785492504343953926634992332820282019728792003956564819968,1748995883,2025-06-04 00:11:23+00:00
VoteRevealed,22627670,0x92ff16b2896398024c2522b2bf3dc08d0988b9e52736eaa83d0b022442fe5aef,1748837483,,0xf9486539799fec4b75f57d5196e65b73b3356032,-57896044618658097711785492504343953926634992332820282019728792003956564819968,1748996471,2025-06-04 00:21:11+00:00
VoteRevealed,22627728,0x842ca0c7c6896df67cfbcbcefabc190a8b8297d091a508e2e9db4e3a6e9819d8,1748837483,,0x9b6f4d48fd61313204f7c8fbe9dfec6384aa4ced,-57896044618658097711785492504343953926634992332820282019728792003956564819968,1748997179,2025-06-04 00:32:59+00:00
VoteRevealed,22627731,0x16efe9e92498e2c2a9d183760063498bc53c85e2e5dd4bbbe2b787acc055b972,1748837483,,0xf0027afb0cfbaae582e21d96e2761b0b07bfbfb2,-57896044618658097711785492504343953926634992332820282019728792003956564819968,1748997215,2025-06-04 00:33:35+00:00
VoteRevealed,22627741,0xce17099dfbce1ad48c8ad53eb137fa42cf1e91b297d7a1ce0c32b66b99eddefd,1748837483,,0x9860d7309039b9a44b1df878ed4484133a881316,1000000000000000000,1748997335,2025-06-04 00:35:35+00:00
VoteRevealed,22627759,0x00a04ae2e619ea01bd7971e0dfe685b2a4d29f1c8f180c44d017ae1ebcdd7654,1748837483,,0xf548bcf569fb953bf4f9dfbb67267d5824c8da63,-57896044618658097711785492504343953926634992332820282019728792003956564819968,1748997551,2025-06-04 00:39:11+00:00
VoteRevealed,22627766,0x1cb82834b9cd6cec08085f3e8e2963114628e6096c14e072b491b5d1622bc4a4,1748837483,,0x0afc9a935960948ed35e50ac7639cbb38e840b38,-57896044618658097711785492504343953926634992332820282019728792003956564819968,1748997635,2025-06-04 00:40:35+00:00
VoteRevealed,22627781,0xe441325b51c9f0e22ecb2a43c7a89c977ab215d9210d1d3cb91ce201420dc913,1748837483,,0xb73812cce6f5cb7ada40a134b4b16aefbdbb9472,-57896044618658097711785492504343953926634992332820282019728792003956564819968,1748997815,2025-06-04 00:43:35+00:00
VoteRevealed,22627793,0xd00380b1136215ea65ef766bf4db93ebf93894a75604888518fd7ea1a78cc590,1748837483,,0x6c314af837367aec15505e8d0991377250877d98,-57896044618658097711785492504343953926634992332820282019728792003956564819968,1748997959,2025-06-04 00:45:59+00:00
VoteRevealed,22627819,0x90c86bf8a6dc6250b2ca3916250a6be841204afc7ec962b9b2e68285554ee7f4,1748837483,,0x16d12711626310b5894783ca187bdafe7aa4597a,-57896044618658097711785492504343953926634992332820282019728792003956564819968,1748998283,2025-06-04 00:51:23+00:00
VoteRevealed,22627874,0xcf8eebb372759e888d2449cea062909b6cb82277864c4d2c3a5fbce7c7e908b1,1748837483,,0x5d547923774921d7938349c1582239d19d5ccc4b,-57896044618658097711785492504343953926634992332820282019728792003956564819968,1748998943,2025-06-04 01:02:23+00:00
VoteRevealed,22627884,0x8101b556a272c69bb75d8ba375968ee120a15889d2bf45eec28cff689267879b,1748837483,,0x126db3213b309a8d554594e591e614425ccac78e,-57896044618658097711785492504343953926634992332820282019728792003956564819968,1748999063,2025-06-04 01:04:23+00:00
VoteRevealed,22627887,0x6468a9ed92d1269ed01984ea0561a1642e1d7ee79d01971e6f8b31e2086c13bb,1748837483,,0x6c8735e11e3016f8aaf66bbc5ed5938d129dca76,-57896044618658097711785492504343953926634992332820282019728792003956564819968,1748999099,2025-06-04 01:04:59+00:00
VoteRevealed,22627905,0xa16866f94ccd7d412ddef351f70c40925fe9551636906c3879e722c11beed56e,1748837483,,0x47a40a367b3298be3da3bde3994c5342e26f368b,-57896044618658097711785492504343953926634992332820282019728792003956564819968,1748999315,2025-06-04 01:08:35+00:00
VoteRevealed,22627905,0x10b73ab0211fe4b14b4ce66c5e9162e2a72c880f96d37ccd534ab00731c0289d,1748837483,,0x0b5ddda89a88416860254eb326b3691ffcce4832,-57896044618658097711785492504343953926634992332820282019728792003956564819968,1748999315,2025-06-04 01:08:35+00:00
VoteRevealed,22627947,0x5b62740d4e78f55ee69699c55b8b47ed3c4c098ccffec9a79817a36b5885097c,1748837483,,0xb538544c0d0971dc6cdcc17a1ac50a02bc0a8b0f,-57896044618658097711785492504343953926634992332820282019728792003956564819968,1748999819,2025-06-04 01:16:59+00:00
VoteRevealed,22627960,0xc1721d6d65512b942a58feac81ed932da13b08722be1dd80f1405b77dc9b11ea,1748837483,,0x7baa3b328603535006d76d7b80af7260fd8a946a,-57896044618658097711785492504343953926634992332820282019728792003956564819968,1748999975,2025-06-04 01:19:35+00:00
VoteRevealed,22627962,0x4c79efbb48a8b3c409dd47123bb429085021f6c74661911d5b00ddd891a48b4e,1748837483,,0xea1e010e379f1fa9d74022c6655ebe7ed5f64f9a,-57896044618658097711785492504343953926634992332820282019728792003956564819968,1748999999,2025-06-04 01:19:59+00:00
VoteRevealed,22627982,0x26d3013e6aa794d8b3be7adce3b48b860a7fcf9e45e0f2adfc8b2872df6b4719,1748837483,,0x349ef0f01d64b6bb96f3d2fde895bee5ce745168,-57896044618658097711785492504343953926634992332820282019728792003956564819968,1749000251,2025-06-04 01:24:11+00:00
VoteRevealed,22628015,0xdc1280d8f809ddb496ede4a18669d3974f85d0a4b2a9e6e96a68609c4f833b0d,1748837483,,0x393950505b160607f40d11ab956c9406dbe6e4ce,-57896044618658097711785492504343953926634992332820282019728792003956564819968,1749000647,2025-06-04 01:30:47+00:00
VoteRevealed,22628022,0x924ceb1b9a35adc401067ebfa8e0e906b59795b3d16415d85fa774ad6a1cee41,1748837483,,0x2488a154ca8e174bd3bb0648d19f24855d587238,-57896044618658097711785492504343953926634992332820282019728792003956564819968,1749000731,2025-06-04 01:32:11+00:00
VoteRevealed,22628038,0x85f40e3d3abf6dcebb18c3271f4913406a1c54eb32c1d21549447fb7bdf52a98,1748837483,,0x4ddd9af5f091a11438f3c4f618f1257d6d660cb2,-57896044618658097711785492504343953926634992332820282019728792003956564819968,1749000923,2025-06-04 01:35:23+00:00
VoteRevealed,22628045,0x68da92bf53eb5f7b899d29c2b0dd499b1c88bad6969caa46cddac711a98d0c01,1748837483,,0x4c0dee7fa0f6e3693abe2937111cde4b5a00ff1d,-57896044618658097711785492504343953926634992332820282019728792003956564819968,1749001007,2025-06-04 01:36:47+00:00
VoteRevealed,22628046,0x6a9c8ad8b02af1508f65699af9be7d19295c24b9998fd6b652ec6351ad6f8d1f,1748837483,,0x7595a3964a77df4858648bbe4c6ca4a3c69d8027,-57896044618658097711785492504343953926634992332820282019728792003956564819968,1749001019,2025-06-04 01:36:59+00:00
VoteRevealed,22628048,0x7dab45a9af61ea00f73315dc0aba19a34b64cbc3f23c9ff39857a59ad0377d5a,1748837483,,0xea8d60baf7088c0c46242dd46237eca2f403558a,-57896044618658097711785492504343953926634992332820282019728792003956564819968,1749001043,2025-06-04 01:37:23+00:00
VoteRevealed,22628049,0xee27c3d441fd70b3d182e7ad7819d68f79814ab62f825cd07d656e2346c872c7,1748837483,,0xde26619c377f3be82eec1ef59aad46a20681dad7,-57896044618658097711785492504343953926634992332820282019728792003956564819968,1749001055,2025-06-04 01:37:35+00:00
VoteRevealed,22628050,0x95861e3bca43cdf2c116b5f486353be34e4d12911902184fe192d13c9233b19e,1748837483,,0x1cc972ff969689873f8010bdd0cf3dc30618397e,-57896044618658097711785492504343953926634992332820282019728792003956564819968,1749001067,2025-06-04 01:37:47+00:00
VoteRevealed,22628051,0x49e4fca731f2bd243b53f64c8b1648d9e9354c155710191a36c42559c57643bc,1748837483,,0x465c19bee117a1709745223bcbe14c5416b0d022,-57896044618658097711785492504343953926634992332820282019728792003956564819968,1749001079,2025-06-04 01:37:59+00:00
VoteRevealed,22628053,0x6f45f34b38f44bc37d1a8ccc243a60cdac3db91da5c95815b1fdc25ada0d6232,1748837483,,0x628023f53587a03eac809478bafe9898779a57bb,-57896044618658097711785492504343953926634992332820282019728792003956564819968,1749001103,2025-06-04 01:38:23+00:00
VoteRevealed,22628056,0x7711353b8ad52504a329e20d7d50ee57f97e432f4db5c42438ff54479310f4e5,1748837483,,0xa31c2232842e631ccb2d2e4110b356bab21e6020,-57896044618658097711785492504343953926634992332820282019728792003956564819968,1749001139,2025-06-04 01:38:59+00:00
VoteRevealed,22628057,0xf6020f6c1a3c2a1f222026fee42f81aa38ea089d59573efde0c2c1e8335f0cc7,1748837483,,0xe7488e7f5c60bfa81d38965c02b4cc5aa6249a11,-57896044618658097711785492504343953926634992332820282019728792003956564819968,1749001151,2025-06-04 01:39:11+00:00
VoteRevealed,22628058,0x6d0c7a5584d8bbabe0c4ad607598c042eec9cc1e054a8fe88c93e08c7a5c3927,1748837483,,0xde0aef70a7ae324045b7722c903aaaec2ac175f5,-57896044618658097711785492504343953926634992332820282019728792003956564819968,1749001163,2025-06-04 01:39:23+00:00
VoteRevealed,22628060,0xbe24b2002cdc7811092c4d3128e5b16262617121b4e8b23c7098a394b543c384,1748837483,,0x2a82c67a5acc3332721b0af2739497bd893ec9d8,-57896044618658097711785492504343953926634992332820282019728792003956564819968,1749001187,2025-06-04 01:39:47+00:00
VoteRevealed,22628062,0xf3749bba7daf5d0d10b6fc945a1d978c33ef8ac75bee25e69090e0310252f16c,1748837483,,0xb48369eeba3cbca5957398a618446fb6a53128ab,-57896044618658097711785492504343953926634992332820282019728792003956564819968,1749001211,2025-06-04 01:40:11+00:00
VoteRevealed,22628064,0xd3dfb5a054feda8cb37d024387581137f3e3f604ff696843fa65f6abe0a9a18e,1748837483,,0x1306ae61242615df58260ef0219aac87ac31bc55,-57896044618658097711785492504343953926634992332820282019728792003956564819968,1749001235,2025-06-04 01:40:35+00:00
VoteRevealed,22628065,0x977382b15b89a691e06b7538fe38821fd2aa348f3f75d688ff707994d6d0c7d5,1748837483,,0x55e026d5c5cf81094ed8e8a6bc8191d28802c952,-57896044618658097711785492504343953926634992332820282019728792003956564819968,1749001247,2025-06-04 01:40:47+00:00
VoteRevealed,22628068,0xe0cd57bd55761213c314b4a227c54357c169e41b59eef14e37de21ab01ed3239,1748837483,,0x1c80ad40014cf912545cc56fc626faf2206dd09a,-57896044618658097711785492504343953926634992332820282019728792003956564819968,1749001283,2025-06-04 01:41:23+00:00
VoteRevealed,22628070,0x7a92bc85c5ce187641a3c652ef7a7c3ec5ebb74769984c5f01797ba28d08fa93,1748837483,,0x1a463c02cb1b6f1ea7273f41f7fa46aeec43cbc4,-57896044618658097711785492504343953926634992332820282019728792003956564819968,1749001307,2025-06-04 01:41:47+00:00
VoteRevealed,22628072,0xcc45598f663ff32511a2849283bfece3bc6c58bd39565460bdebec7328c9d624,1748837483,,0x8c4809d3ad6b05ee765b36807d7c6c6b3782b938,-57896044618658097711785492504343953926634992332820282019728792003956564819968,1749001331,2025-06-04 01:42:11+00:00
VoteRevealed,22628073,0xc70689d069c37758a0c3c0a216b6734fca67e3688df4fd3e088bcde52d860aee,1748837483,,0xdc20465fc7d1fad0c1432ebc1c7a5f12a4a7021d,-57896044618658097711785492504343953926634992332820282019728792003956564819968,1749001343,2025-06-04 01:42:23+00:00
VoteRevealed,22628075,0xa4048586697fb89853523fb85018fd400602c86d1e8573611ef2128459ca8451,1748837483,,0x0293cdbe2b126df9ccce4eee24ffe1a58cbaf77e,-57896044618658097711785492504343953926634992332820282019728792003956564819968,1749001367,2025-06-04 01:42:47+00:00
VoteRevealed,22628077,0xb4a27df656562d5b16265cade4a1606268d740d0b5310079e61f61260806b4c6,1748837483,,0xe3b03d4dba836e2457007e7a6e78aefdffb11d12,-57896044618658097711785492504343953926634992332820282019728792003956564819968,1749001391,2025-06-04 01:43:11+00:00
VoteRevealed,22628079,0x32c5cf104d80806afe845e1159a8ad601c1efafb138b077b3e924111f9e9b6af,1748837483,,0x57cbb4ca7776349ad24f2dbae8dfed2989a30f3e,-57896044618658097711785492504343953926634992332820282019728792003956564819968,1749001427,2025-06-04 01:43:47+00:00
VoteRevealed,22628080,0xa0a20bb22dadc7468b9712e74cc3e75ca27011478b061f0782f0747a743dc957,1748837483,,0xbb1ff00e5af0f3b81e2f464a329ae4ee7c1dfba5,-57896044618658097711785492504343953926634992332820282019728792003956564819968,1749001439,2025-06-04 01:43:59+00:00
VoteRevealed,22628082,0x99f441046c6aa6aff6f1d9807d2c7e07673594d26ecddc43b666455f2674d67a,1748837483,,0x4821eaeb37061e3c26b2264838e788f8de06bdcf,-57896044618658097711785492504343953926634992332820282019728792003956564819968,1749001463,2025-06-04 01:44:23+00:00
VoteRevealed,22628083,0xd745912521e0d656ff5a382a50fc6dfff98a7b06214087d9481543b5d50d274c,1748837483,,0x87a726a806f48a435d8bf627678c85f26b46c1b6,-57896044618658097711785492504343953926634992332820282019728792003956564819968,1749001475,2025-06-04 01:44:35+00:00
VoteRevealed,22628084,0xa5a64677412c4d3cbf8051947636c92a4689382e6e6f46a81a8e238125c90d16,1748837483,,0x5a7c58176c6f210365d017ff360fa806c532ee4c,-57896044618658097711785492504343953926634992332820282019728792003956564819968,1749001487,2025-06-04 01:44:47+00:00
VoteRevealed,22628085,0x080c079f1447bb7d41b2cd1b4ff90261e2c0e26bb882a1af1de5c05a055a4283,1748837483,,0xc4eb54c0e23f47c3a062e74d91f9e61d59b99946,-57896044618658097711785492504343953926634992332820282019728792003956564819968,1749001499,2025-06-04 01:44:59+00:00
VoteRevealed,22628088,0x7a987fe6bd0cacb0f3d0630983cd2bca7b6058a8ac76116b9b00efa6c9fc009a,1748837483,,0x110f0b1faa1cb6eed49883f960808c95f609f6fd,-57896044618658097711785492504343953926634992332820282019728792003956564819968,1749001535,2025-06-04 01:45:35+00:00
VoteRevealed,22628090,0x26235c9daaef76cd73039f51fa96be3e6e4dfa87bc45f546da8adff208d2e5bf,1748837483,,0x949758647d0390cf44a0f244615b019c2429f769,-57896044618658097711785492504343953926634992332820282019728792003956564819968,1749001559,2025-06-04 01:45:59+00:00
VoteRevealed,22628092,0x4bc8b0bb6dd8b78cfb97551ca80625e6bca0545b9c8fc6ad4c62842bffa5cbc7,1748837483,,0xf33e833707e9303d00dc045af440ed19b9dbdb10,-57896044618658097711785492504343953926634992332820282019728792003956564819968,1749001583,2025-06-04 01:46:23+00:00
VoteRevealed,22628093,0xb124785866e48a1c349421ec103b5ea09ab496463e0eece2dd31d7a96fe7955d,1748837483,,0x578403fbd9198742cbe068d04f11e206f692a1ee,-57896044618658097711785492504343953926634992332820282019728792003956564819968,1749001595,2025-06-04 01:46:35+00:00
VoteRevealed,22628094,0xfc5e232a594d4ad012b0ed12a4d23b1023554545ca5f7a886f36253a4d0dcd0f,1748837483,,0x858f09336b4eb24076d4cc46fa932832dd8fc13c,-57896044618658097711785492504343953926634992332820282019728792003956564819968,1749001607,2025-06-04 01:46:47+00:00
VoteRevealed,22628095,0xb3e5c4ecd695cd22671f3387d50ef51b54e6e970868e13f6f10df728f8a4a6b7,1748837483,,0x4ebd4720113312e6721206f7a3b6255f358069f4,-57896044618658097711785492504343953926634992332820282019728792003956564819968,1749001619,2025-06-04 01:46:59+00:00
VoteRevealed,22628096,0x448bb7e1bbc6f7bf9e685d349728ecee3ebb6038d8c47fa6fc6b9ab2fb300635,1748837483,,0x6e86d1f305e43dbd3d39df7c736653236fd42587,-57896044618658097711785492504343953926634992332820282019728792003956564819968,1749001631,2025-06-04 01:47:11+00:00
VoteRevealed,22628097,0xdd909b7301f7ab6d9a95dd902171cb0ef6f04e7c6b3ae71f9d14a467ec2ff3c1,1748837483,,0x6fc5b81c6c117015fdd36fdea25a9c1ec243daf1,-57896044618658097711785492504343953926634992332820282019728792003956564819968,1749001643,2025-06-04 01:47:23+00:00
VoteRevealed,22628100,0xfead8a18868f63b0f5da7571d00c116080c6b34bed1dca88747ce4c24c749f33,1748837483,,0x91ad835a8dc56eb5c7e6f46bf437b7400c17cf4f,-57896044618658097711785492504343953926634992332820282019728792003956564819968,1749001679,2025-06-04 01:47:59+00:00
VoteRevealed,22628101,0x89a6828e837f3ac99856423d9a600709eca78b5d890006147d307ebdbc169f2e,1748837483,,0x8782ad397185d119e44a44c8138036386fd932db,-57896044618658097711785492504343953926634992332820282019728792003956564819968,1749001691,2025-06-04 01:48:11+00:00
VoteRevealed,22628146,0x2843901028d69254c8ba10428c39641a87454375b751b05b90b71b13c02f40ee,1748837483,,0x8d4c39b6a9c7cec94cffef12f4ec019765b4128e,1000000000000000000,1749002231,2025-06-04 01:57:11+00:00
VoteRevealed,22628147,0xc04a6153f6091f71ca80ddda153ecdde31d786a0c7ed39614a0779f24e208559,1748837483,,0x20ec3d7739fc8ba82014a9cf0a771b427e0b56c0,-57896044618658097711785492504343953926634992332820282019728792003956564819968,1749002243,2025-06-04 01:57:23+00:00
VoteRevealed,22628154,0x035eb86eb8e221e035c279881f5ea4a65e45b5a3781242bb29464848beaf1dc7,1748837483,,0xd6693c2789c69395cd4c25f638287942c05fd708,-57896044618658097711785492504343953926634992332820282019728792003956564819968,1749002327,2025-06-04 01:58:47+00:00
VoteRevealed,22628190,0x59e52c43f3b897b7b6e5a46f1a3973c49bb6dda17de2c1e69b85c6551b9aecc2,1748837483,,0x8548682e561668a51f99124d998db97ff326e67e,-57896044618658097711785492504343953926634992332820282019728792003956564819968,1749002759,2025-06-04 02:05:59+00:00
VoteRevealed,22628216,0xde6bc38c940de31090f9baa1c9b8942a04492899e6cc2d9dba5f9613834e0f83,1748837483,,0xf8e9af3a84d29678a26f08048dd206ad10cc6fe8,-57896044618658097711785492504343953926634992332820282019728792003956564819968,1749003071,2025-06-04 02:11:11+00:00
VoteRevealed,22628248,0x91604a76682ccf558dbde3e1cfad8d47a26a78ac9402271cc00d66aeb1b64a69,1748837483,,0xdf67cba8261c6d8c15c735009f61e2cc9f852de3,-57896044618658097711785492504343953926634992332820282019728792003956564819968,1749003467,2025-06-04 02:17:47+00:00
VoteRevealed,22628278,0x229d0dec4c7a4e42a25ce6701dcd4fda9d4afd619dbbb24a19c17f547a895a4b,1748837483,,0x216ac9372dc1f80e189a3d4b92f266a3599b92ba,-57896044618658097711785492504343953926634992332820282019728792003956564819968,1749003827,2025-06-04 02:23:47+00:00
VoteRevealed,22628311,0xae6bfb5e5264512ce1800dc99dbe0e30b6a65d3c383d71ae8f0a173f03c9dbd8,1748837483,,0x2d51f7645dd96bcac85a62a3affd70a419776f52,-57896044618658097711785492504343953926634992332820282019728792003956564819968,1749004223,2025-06-04 02:30:23+00:00
VoteRevealed,22628312,0x4c80c2c4410db140fd8d433940dc02fec2dfe18f9463ad6224d8feaa9c4f1dc6,1748837483,,0xdc8614557d2fb159a8b1c1f69256bc522d74821a,-57896044618658097711785492504343953926634992332820282019728792003956564819968,1749004235,2025-06-04 02:30:35+00:00
VoteRevealed,22628334,0x2321cddf30c966b1561502a79c10cbc0621463f1aa24fd5177ea71d09e9112d1,1748837483,,0x1515f9d20a8df64c72f0d35baf5a5ec079c4490a,-57896044618658097711785492504343953926634992332820282019728792003956564819968,1749004499,2025-06-04 02:34:59+00:00
VoteRevealed,22628334,0x8316305b2d8d781252e4999fb0bd843911fd6cd78830d5099c6824497745b8c0,1748837483,,0xfe9309c9f3d4f5a6e514cab5f4f5a36838b59c9d,-57896044618658097711785492504343953926634992332820282019728792003956564819968,1749004499,2025-06-04 02:34:59+00:00
VoteRevealed,22628339,0x92b66f0b150da5aba025056e5f33e5406d955e4512e8edd3e751e12f7e739b95,1748837483,,0x7e367235ef80109531113d8284a5593ba6a40c22,-57896044618658097711785492504343953926634992332820282019728792003956564819968,1749004559,2025-06-04 02:35:59+00:00
VoteRevealed,22628407,0x935c131549baffce7d181ff046b53fecf368ab24cf1eb92b125d02c511458687,1748837483,,0x336b9de28d67d692c31df93a9b8630b2fa50d88f,-57896044618658097711785492504343953926634992332820282019728792003956564819968,1749005375,2025-06-04 02:49:35+00:00
VoteRevealed,22628427,0xcf71760e44d3c82cfb19d8d4eac6bab6a3512863ae1d20a2414a00c7dcfcd042,1748837483,,0x37c5db6f455f1cb3274ebe67582c92d04c4f6545,-57896044618658097711785492504343953926634992332820282019728792003956564819968,1749005627,2025-06-04 02:53:47+00:00
VoteRevealed,22628431,0xe7f710851db6bf1e0f88398df487a8ce9c8b5bf7a1b3dbbeaae8e7f6495e922e,1748837483,,0xdb4d5a3e683df965ce509ef191d979e77543bb4d,-57896044618658097711785492504343953926634992332820282019728792003956564819968,1749005687,2025-06-04 02:54:47+00:00
VoteRevealed,22628446,0x52b2893d7e4590a8372f90ceb9262eec60e3e01bda73b30c8dfa13a2793826c9,1748837483,,0xd8e492ede29fb17f9910ad12054047a4c5af9d15,-57896044618658097711785492504343953926634992332820282019728792003956564819968,1749005879,2025-06-04 02:57:59+00:00
VoteRevealed,22628508,0x5b93f07ff255dced691109d33f9c4033712cf59f99d9bae8bd4627e7607a4ef1,1748837483,,0xd2a78bb82389d30075144d17e782964918999f7f,-57896044618658097711785492504343953926634992332820282019728792003956564819968,1749006635,2025-06-04 03:10:35+00:00
VoteRevealed,22628557,0x32ea96c5fefa8715a8b9c9da7a89a243bde4f361461877f46cae53b89012232a,1748837483,,0x6564c6c44ef87e3bb32d7987317869817380340c,-57896044618658097711785492504343953926634992332820282019728792003956564819968,1749007223,2025-06-04 03:20:23+00:00
VoteRevealed,22628618,0x60f9a16079dca85aafaff9ae33796eafc9a0086256d748a31e903d90552dc811,1748837483,,0x18fee6e511646b8ea2e4964277574f637bc03f3b,-57896044618658097711785492504343953926634992332820282019728792003956564819968,1749007955,2025-06-04 03:32:35+00:00
VoteRevealed,22628681,0xb86e822cd74de957a512674bc94b20cbae20712e668b073239fb7052f3ee5890,1748837483,,0x8b64673c9a482913a6e2c1298637532947cd96ee,-57896044618658097711785492504343953926634992332820282019728792003956564819968,1749008711,2025-06-04 03:45:11+00:00
VoteRevealed,22628692,0x9a9170a77ef506e15cfa9f8d23011d2fcf93af51f4997c9eb3b4add0c25843cb,1748837483,,0xa85160a81da205ae57f6d55f16c9c43d773c7438,-57896044618658097711785492504343953926634992332820282019728792003956564819968,1749008843,2025-06-04 03:47:23+00:00
VoteRevealed,22628700,0x1c777e9ece622f7a5b3a69a83a16df06db8c327e85b4e292b2b9a00244bcea6f,1748837483,,0x2b379bfb86e900fe8f3a1434ee79097aa5b883dc,-57896044618658097711785492504343953926634992332820282019728792003956564819968,1749008939,2025-06-04 03:48:59+00:00
VoteRevealed,22628761,0x8de22c23ba410220a5115125d98ea467aaacc32ca4f9c29648265af0db4571f2,1748837483,,0x449ff548206132b1e0df2ed9da4f9de5c281d1c7,-57896044618658097711785492504343953926634992332820282019728792003956564819968,1749009671,2025-06-04 04:01:11+00:00
VoteRevealed,22628781,0x70bd478b51ef0d6e12169f869d4aed3544673008bb280f354cf04efc8d638452,1748837483,,0x4f49d938c3ad2437c52eb314f9bd7bdb7fa58da9,-57896044618658097711785492504343953926634992332820282019728792003956564819968,1749009911,2025-06-04 04:05:11+00:00
VoteRevealed,22628824,0x85ed2a755c5b2346cf417402ee1eb86da37960584fc1daebfa1c5c79eadbb38c,1748837483,,0xc3ac3355b2686fa503246a92e34d0b7261b39d6b,-57896044618658097711785492504343953926634992332820282019728792003956564819968,1749010427,2025-06-04 04:13:47+00:00
VoteRevealed,22628885,0x492bd5d543c7fa3061db60963acc9c583ad9a4e6dc69f2e18abb253fe9462675,1748837483,,0x95cd0e455cf41e9f8cca8eee488432f3f10f29b8,-57896044618658097711785492504343953926634992332820282019728792003956564819968,1749011159,2025-06-04 04:25:59+00:00
VoteRevealed,22628908,0x678c19e1e8431236e2e87f7ad0659d0075381368ef6dda9655ba9ab8dbb5f169,1748837483,,0x7c45fb10a18f834a47cc3f470e97140a399b6af8,1000000000000000000,1749011435,2025-06-04 04:30:35+00:00
VoteRevealed,22628919,0xbc49d69fddeb2765c78a2aca5bd18851dcce5ebc8e9e0e2080a942f084a6a7fb,1748837483,,0x7b51bfb030e888f047a29de664940035a47ef56b,-57896044618658097711785492504343953926634992332820282019728792003956564819968,1749011567,2025-06-04 04:32:47+00:00
VoteRevealed,22628950,0x0b58408ba51d9062f39941222ade4bcd57e62be3e6a7f2be4e40b09dc1cfe40b,1748837483,,0xcb8c77837f470053f91e1e288cac223118c69937,-57896044618658097711785492504343953926634992332820282019728792003956564819968,1749011951,2025-06-04 04:39:11+00:00
VoteRevealed,22628967,0xd14e7777c0f9690c41adbb93ed1e399bfcde318963bffbe90c7a1c416e73696b,1748837483,,0xdf505b8811c4cd09c40e1c02e908d6fe36c2ffda,-57896044618658097711785492504343953926634992332820282019728792003956564819968,1749012155,2025-06-04 04:42:35+00:00
VoteRevealed,22628983,0x065fc0f144786006df94c8cbb3ec662a675de1290eab6a28ecbee83b67b02889,1748837483,,0xd4c1a8c6b38aa15945023ab28a53838f29286e2e,-57896044618658097711785492504343953926634992332820282019728792003956564819968,1749012347,2025-06-04 04:45:47+00:00
VoteRevealed,22628992,0x0dcfc2dcc880ac7f32b99f09cd4f5c4ef2c179d582c71d952c8c5505c38c6f00,1748837483,,0xbd4b2b116ef87967f8d682195023313a00c7287d,-57896044618658097711785492504343953926634992332820282019728792003956564819968,1749012455,2025-06-04 04:47:35+00:00
VoteRevealed,22629073,0xd428af050b75871d9ab73a98a4a8b5f913146db484ddad362dc53e4ec8d93d29,1748837483,,0xc9e8233c2c5476cda4f96595bbb3a9d117168df5,-57896044618658097711785492504343953926634992332820282019728792003956564819968,1749013427,2025-06-04 05:03:47+00:00
VoteRevealed,22629087,0x94829681e9b7dfab672304ed90a289c7d42d956d968318b9b4cbc297f456c932,1748837483,,0x3e1b1a4a8fba26e80f4678d3ea3ac1daca78523e,-57896044618658097711785492504343953926634992332820282019728792003956564819968,1749013595,2025-06-04 05:06:35+00:00
VoteRevealed,22629091,0x2cf4d38923685f538203034352ef2bb376622e74ffca720b99fd94d0d18aba36,1748837483,,0x9fdb970aef60007fee4ea132b5f4ebc376740aea,-57896044618658097711785492504343953926634992332820282019728792003956564819968,1749013655,2025-06-04 05:07:35+00:00
VoteRevealed,22629160,0x92a5707d8b1d2233e33fa8120980e09f9a8057abb2671c2ba79aa2dd3bfcfbe8,1748837483,,0xa2e5dbd496e25a194a11fc3e4ad5ada199e827f4,-57896044618658097711785492504343953926634992332820282019728792003956564819968,1749014483,2025-06-04 05:21:23+00:00
VoteRevealed,22629197,0x697b6c9ae9c0170977c3f7fe1ee760c1d010cac8d01d371d78edd61065e9ca71,1748837483,,0xb67a6e67072025c1db86e552dc17f7bf9c296122,-57896044618658097711785492504343953926634992332820282019728792003956564819968,1749014927,2025-06-04 05:28:47+00:00
VoteRevealed,22629245,0x1d03b3f7f61a52c03a7db3a2cc5fd117f4c3dce9a53c1138844886e8b01a32b0,1748837483,,0x9baf193cbca6267a4d1f76be78a49b52ef960a44,-57896044618658097711785492504343953926634992332820282019728792003956564819968,1749015503,2025-06-04 05:38:23+00:00
VoteRevealed,22629418,0x5ea0de77902ce076dd0f06e313bdbca0106c701ca16ccd36f03120f76799f3f5,1748837483,,0x840bf8f06b175aa001b85cdb68b3378e8b14946f,-57896044618658097711785492504343953926634992332820282019728792003956564819968,1749017591,2025-06-04 06:13:11+00:00
VoteRevealed,22629581,0x2ac0b5b5f60225f5e8ec2e918c65633dc1415b5ee4ef1d7cefff1559bb36732c,1748837483,,0x69d0341d380a1229f4751a0a721345dbc716586c,-57896044618658097711785492504343953926634992332820282019728792003956564819968,1749019559,2025-06-04 06:45:59+00:00
VoteRevealed,22629617,0x0b28287c8647ffa0322e7eba8172bab9d2098ce48ac998421cb71ac93e8f1891,1748837483,,0x99bcea6bb0403927fb3c038163478d5b42082fd9,-57896044618658097711785492504343953926634992332820282019728792003956564819968,1749019991,2025-06-04 06:53:11+00:00
VoteRevealed,22629628,0x7c56d7498b24cda0b0b4cc611e01a16e128d0b561d1ef40415ce5065646de613,1748837483,,0x92d76b5d5ee767a4a90719a9a910936dc4006fc6,-57896044618658097711785492504343953926634992332820282019728792003956564819968,1749020123,2025-06-04 06:55:23+00:00
VoteRevealed,22629633,0x7a5515be7cd390e70d04ea23874efed07eb00ff677d88af39f8104e981caf382,1748837483,,0xe6b5a31d8bb53d2c769864ac137fe25f4989f1fd,-57896044618658097711785492504343953926634992332820282019728792003956564819968,1749020183,2025-06-04 06:56:23+00:00
VoteRevealed,22629703,0x20a99061d28ab0007ba171a05f6b00b2a46d5dfccec4a0e572a96ee25b2979f8,1748837483,,0x36ce63c738971b948cf0afb842b7617254c15bc0,-57896044618658097711785492504343953926634992332820282019728792003956564819968,1749021047,2025-06-04 07:10:47+00:00
VoteRevealed,22629742,0x5a70c6958a6491eea00cdf9179881d10bfd62cf796c31249675201c474679303,1748837483,,0x8e561b9823d9bf7067f5f64980ae26b6b9969e77,-57896044618658097711785492504343953926634992332820282019728792003956564819968,1749021527,2025-06-04 07:18:47+00:00
VoteRevealed,22629744,0xc738ab922152f295884ef879bbb2a17d9bbc49ff0e4bd047bd1b181811b959b5,1748837483,,0x73cde0e4f0480ea6b98bfa292ea936685716af4d,-57896044618658097711785492504343953926634992332820282019728792003956564819968,1749021551,2025-06-04 07:19:11+00:00
VoteRevealed,22629787,0x2678f8d2e3a485d5e421178f7eb58fda371eaf7230130e3c3d8ef4e737061056,1748837483,,0xcfb331ade6d66ad1cb6765a2dd51ad3aa9a1400e,-57896044618658097711785492504343953926634992332820282019728792003956564819968,1749022079,2025-06-04 07:27:59+00:00
VoteRevealed,22629855,0x991e5c62ac0e8150c08f2d8816247a2f0b5997948b758ddcf9920eae3d0028f3,1748837483,,0xdb2808ed6cf0b8b9686222689cf4f6e88e42b80a,-57896044618658097711785492504343953926634992332820282019728792003956564819968,1749022895,2025-06-04 07:41:35+00:00
VoteRevealed,22629882,0xc65cd5caa675ba4bc573b963ea6cec77628fa353261d8c6fb58d8ae18a0d550a,1748837483,,0xd27820b61868f0a039664aefcf789acb5c2c5a26,1000000000000000000,1749023219,2025-06-04 07:46:59+00:00
VoteRevealed,22629910,0x15a236126b3ea3f9a8c890b6623a37b8f5a4a53c1357e1ef7efa4931415c53ba,1748837483,,0x5ebc1d2809f4dfca9cb518efd2307fdffc36d55d,-57896044618658097711785492504343953926634992332820282019728792003956564819968,1749023555,2025-06-04 07:52:35+00:00
VoteRevealed,22629911,0xd2f26bcacb580e8679ff09f4bed8f35196401724f8fce5c5c8f59012e4b6021b,1748837483,,0xa8b8f0b17ed13a3663a8e3f169c42464adddb984,-57896044618658097711785492504343953926634992332820282019728792003956564819968,1749023567,2025-06-04 07:52:47+00:00
VoteRevealed,22629974,0x48e1bffbc2af9eb56a158c0f08dd710e7e43addac4f474bad3403af35e1859a5,1748837483,,0xa7b9d5fc54eb3ffe1985a10e28d045a9b89487d0,-57896044618658097711785492504343953926634992332820282019728792003956564819968,1749024347,2025-06-04 08:05:47+00:00
VoteRevealed,22630001,0x9adee3be153442b61bdbaf83e446ffb5354379700175e21c46161aaa41fbc39b,1748837483,,0xc573ddc59824f248d3688df0474805f35c2c09c1,-57896044618658097711785492504343953926634992332820282019728792003956564819968,1749024683,2025-06-04 08:11:23+00:00
VoteRevealed,22630039,0xdcec714786dd4691b2eaf6aa739dda33ade7b3095f6ddb8460c17478a3857a42,1748837483,,0x5071e6d385f584b5875166563c1670460905ad7b,-57896044618658097711785492504343953926634992332820282019728792003956564819968,1749025139,2025-06-04 08:18:59+00:00
VoteRevealed,22630088,0x77ddb8a492241df3c90f5ee8f90be7e65cb31109d23a5d754f87f232d52754af,1748837483,,0x90daea825e9d43043c05725a4196382b881b1a73,1000000000000000000,1749025751,2025-06-04 08:29:11+00:00
VoteRevealed,22630090,0x625913271f6de4452ee1c92e2e23909649e2106feb30fc9e12512b8fc2effcaa,1748837483,,0xf0dc67c35b934a47704f5bcc1851398f57c7fe78,1000000000000000000,1749025775,2025-06-04 08:29:35+00:00
VoteRevealed,22630172,0x9c684435f34d410069c65bb9bc739165f693868bd75626430c7a9e1ced89b096,1748837483,,0x3abebe2bfd423dbb6357674476d44e9bd178817d,-57896044618658097711785492504343953926634992332820282019728792003956564819968,1749026771,2025-06-04 08:46:11+00:00
VoteRevealed,22630299,0xa7e2a12d09a669bf84e035cc6a779bb36af467d4728a7804331da2082c49476b,1748837483,,0xd431b7c1433fba9a5aa5330e5211f4773b95e9d9,-57896044618658097711785492504343953926634992332820282019728792003956564819968,1749028295,2025-06-04 09:11:35+00:00
VoteRevealed,22630367,0x96fb4d2cf0e8cdc32c704ff2db0802e4c33fa1527620ff7ce37b17ee0227f6bd,1748837483,,0xbd9d10d381abec81d8c35b6032f44b7abc7a98eb,-57896044618658097711785492504343953926634992332820282019728792003956564819968,1749029111,2025-06-04 09:25:11+00:00
VoteRevealed,22630371,0x8aa68d17035a685df0809867031eb7cbb5254803f3543dc4814fdbca2bfee161,1748837483,,0xb731ccc5f62e99ea25220bfd73c3867bb5205790,-57896044618658097711785492504343953926634992332820282019728792003956564819968,1749029159,2025-06-04 09:25:59+00:00
VoteRevealed,22630374,0x799cb2af0b599fbe4702f4cd3b04125aae256a562ffc5179b6144f0d3ec36c66,1748837483,,0x30b2daeb3757b6c7462cd0d776828f8d7398be50,-57896044618658097711785492504343953926634992332820282019728792003956564819968,1749029195,2025-06-04 09:26:35+00:00
VoteRevealed,22630408,0x3841ecb9f939032fdf606a68e48ddc666beb800f5a18f202a02692620c7b2f5f,1748837483,,0x568967ab58e2da9536b8a8102f453788c7e982b0,-57896044618658097711785492504343953926634992332820282019728792003956564819968,1749029603,2025-06-04 09:33:23+00:00
VoteRevealed,22630438,0x795370f704e48eb4add32f83f959706cde8c89657b7606da35aa44df9f18f34a,1748837483,,0x9e43052ffb31e82b13a57079bdcf2c731d6cb563,-57896044618658097711785492504343953926634992332820282019728792003956564819968,1749029963,2025-06-04 09:39:23+00:00
VoteRevealed,22630454,0x5bd3eeec52f9f0f0759cf1a810fb75b4fe3a9b1102065fba3278ca972b69090a,1748837483,,0xb524735356985d2f267fa010d681f061dff03715,-57896044618658097711785492504343953926634992332820282019728792003956564819968,1749030155,2025-06-04 09:42:35+00:00
VoteRevealed,22630474,0x27753d0b843ff6aa72ae9927a6db219da8448491717e92590ed117896a883d3a,1748837483,,0xcb4bb9d616f27dc84a256b768b4c393fa8010caa,-57896044618658097711785492504343953926634992332820282019728792003956564819968,1749030395,2025-06-04 09:46:35+00:00
VoteRevealed,22630528,0xeeb8ae4f99d13e358bca1488d73866eded18b024ea4a64ae0f86a58b007ac9f0,1748837483,,0x09397d66b46a796ddb4cd7d340e3b063ab89befb,-57896044618658097711785492504343953926634992332820282019728792003956564819968,1749031043,2025-06-04 09:57:23+00:00
VoteRevealed,22630539,0xe6ea480fb22d39f7736b35aab0cf9962131bf047b6c320357145eb2107b0b805,1748837483,,0x48c7e0db3dad3fe4eb0513b86fe5c38ebb4e0f91,1000000000000000000,1749031175,2025-06-04 09:59:35+00:00
VoteRevealed,22630605,0xe5b664f73247700bae361fef8830d73d3849153a568d7b6841e4ab3e5f0e9b0b,1748837483,,0x68c1363a6d70ae1b37bb92099764f4cb06ad859a,-57896044618658097711785492504343953926634992332820282019728792003956564819968,1749031979,2025-06-04 10:12:59+00:00
VoteRevealed,22630652,0x58a5f03231923ef76c82cfb6fa17233d4a2b97d8d2520da61a098f7cfaf5ea2f,1748837483,,0x56d769f02e20c6c416d6583879403181e0f37226,-57896044618658097711785492504343953926634992332820282019728792003956564819968,1749032543,2025-06-04 10:22:23+00:00
VoteRevealed,22630657,0xc590a34f47bf64703a3fb54c33e428d69058af06ed074cf6e5a551a12ffb53e9,1748837483,,0x3b45e837ce844cf6c25459aba5b9c2d6ea023008,1000000000000000000,1749032603,2025-06-04 10:23:23+00:00
VoteRevealed,22630696,0x77f69c64835a0042496b406b132c9c51907d5c2a6a2c785eae6cc1c3018e28fa,1748837483,,0xfb1f7ed82c240c0515bb4670ec8837701313a12c,-57896044618658097711785492504343953926634992332820282019728792003956564819968,1749033071,2025-06-04 10:31:11+00:00
VoteRevealed,22630736,0xe99be4bdb196f47294a5036e6852ad4cc67ff379ea60ab2e510eb1fd464d3445,1748837483,,0xfb043bbaf380a06c01750ce0a6324e38ed11110c,-57896044618658097711785492504343953926634992332820282019728792003956564819968,1749033551,2025-06-04 10:39:11+00:00
VoteRevealed,22630793,0xc9afdd3aea0ab296929d55d84904772860c477d082d9e1667d9b9593a27e144d,1748837483,,0xc6c323b8b7f644897e32192c75342a1131a3d292,-57896044618658097711785492504343953926634992332820282019728792003956564819968,1749034259,2025-06-04 10:50:59+00:00
VoteRevealed,22630837,0xbda974e5035b531a006732a80f5af8bb81f34e7c0bc4261ea2024e8ecbb1db7b,1748837483,,0x9f9a6867d9ed4630dac6d3f9c125248600df03be,-57896044618658097711785492504343953926634992332820282019728792003956564819968,1749034787,2025-06-04 10:59:47+00:00
VoteRevealed,22630845,0x305093e1289df3d6d17512e9dfc94052685730514e2ba03c5ca7b915ab91a28f,1748837483,,0x1921902db1b0967762f3ae86ae0675b2b3ddefa9,-57896044618658097711785492504343953926634992332820282019728792003956564819968,1749034895,2025-06-04 11:01:35+00:00
VoteRevealed,22630893,0xefe02a6b6cf4b04903800d3e8bcdb6fea5edddbe41186e3e77cff150482b25fc,1748837483,,0x10494f35fc94cfb34e4dfebd99e6d665c8dfc8e5,-57896044618658097711785492504343953926634992332820282019728792003956564819968,1749035495,2025-06-04 11:11:35+00:00
VoteRevealed,22630995,0x78a37c5ce43d4c52c956c621d8815b39f23cbd348a7a4d207b16ba29da1e0b53,1748837483,,0x101ae23d3cf1efc40383697a657e9d9ef873b9e5,-57896044618658097711785492504343953926634992332820282019728792003956564819968,1749036719,2025-06-04 11:31:59+00:00
VoteRevealed,22631095,0x731499ee2e69beb8749b0cb0aebc9b453ffb952339e5cd684fda535e5b5aa70f,1748837483,,0x72b583cce10f64d9307a70d3877db05bacc13236,-57896044618658097711785492504343953926634992332820282019728792003956564819968,1749037919,2025-06-04 11:51:59+00:00
VoteRevealed,22631123,0xf17a784d8e454f30cf048cb5cd98ab70532176946270c0140780814c8ea83cb8,1748837483,,0xf3c12244c9b1c56f8f5f44b8466c2c14fed02329,-57896044618658097711785492504343953926634992332820282019728792003956564819968,1749038255,2025-06-04 11:57:35+00:00
VoteRevealed,22631134,0x59bf2f6551f75aba42517d3b5b3482d560087493109d3650287c12489e91ba0a,1748837483,,0x4863fe62d4cd3718bc0c104ec0cb45052d41e44f,-57896044618658097711785492504343953926634992332820282019728792003956564819968,1749038387,2025-06-04 11:59:47+00:00
VoteRevealed,22631157,0x3ccd2c8095e14289687ccaf6fe123db5c0716b1ec86dd925366079937d7c3d47,1748837483,,0x7a409cffa9257d9de043a98a2034254eff7cbe8a,-57896044618658097711785492504343953926634992332820282019728792003956564819968,1749038663,2025-06-04 12:04:23+00:00
VoteRevealed,22631192,0x612cbb9e4bef7e49f4a6eba325aab6278ec60bbaf3b49b678bb4638e2be11f04,1748837483,,0x86cc5e1e8fb20102fa7a0fa4afeaf1cbe1be273d,-57896044618658097711785492504343953926634992332820282019728792003956564819968,1749039095,2025-06-04 12:11:35+00:00
VoteRevealed,22631198,0x33f20ca1ee4386bb0c9b1805e36068450c0e57d844044889b9f2e4b9c48fc7cc,1748837483,,0xf3b699d889361868d7b82c8bf41126b18ddf99bf,-57896044618658097711785492504343953926634992332820282019728792003956564819968,1749039167,2025-06-04 12:12:47+00:00
VoteRevealed,22631236,0xce94b8806122203d0b49e958a6f6994d860feae77906fcee31f1002261d0610e,1748837483,,0x80cc06036fb903f0dbddb5a14d595f8fc79aca98,-57896044618658097711785492504343953926634992332820282019728792003956564819968,1749039647,2025-06-04 12:20:47+00:00
VoteRevealed,22631352,0x378afb75e87be2074fb8d190e101bcff7c950dfba77883a78e46734b12d5220f,1748837483,,0x6573e30ee0ad46bc9afa0c2adb0d3f147d658efe,-57896044618658097711785492504343953926634992332820282019728792003956564819968,1749041051,2025-06-04 12:44:11+00:00
VoteRevealed,22631358,0xeed6416858a87069638ffb2011ceb01a5b270f446c09d475b02a4169bf735887,1748837483,,0xed3aa99bb1c5215f619d01030ba89166997d54fa,-57896044618658097711785492504343953926634992332820282019728792003956564819968,1749041135,2025-06-04 12:45:35+00:00
VoteRevealed,22631360,0x3a1c673f4e68ac456925a3e333d6fd491279adff0b731d00dea6bde246d606ce,1748837483,,0xd32e46eb8f5f7e2d89da68ac7abf96ab186ebd3f,-57896044618658097711785492504343953926634992332820282019728792003956564819968,1749041159,2025-06-04 12:45:59+00:00
VoteRevealed,22631404,0xd98aece77b3c0b827be941689a0191364f9110495d7e1db0c4744f904b156b8c,1748837483,,0x004f839564cb617812584feab5d6d6c44ed09dab,-57896044618658097711785492504343953926634992332820282019728792003956564819968,1749041699,2025-06-04 12:54:59+00:00
VoteRevealed,22631593,0xc2d9fdb9ceff1cf56ea4d7efbb91c5e4e945475b12d0ae85c9a13b2966ed8280,1748837483,,0x24eb1c355c05439819a23dd0842d5d038d1ca05a,-57896044618658097711785492504343953926634992332820282019728792003956564819968,1749043979,2025-06-04 13:32:59+00:00
VoteRevealed,22631803,0x9cf2c66b472da913930cfdc074984a6c7a7f7bd0b4cbc1af08251a5a58273ec3,1748837483,,0xa61b950ac1f186a65c17c0ec447b5f4b05c288a5,-57896044618658097711785492504343953926634992332820282019728792003956564819968,1749046535,2025-06-04 14:15:35+00:00
VoteRevealed,22631827,0x705906cee147c0514fcfb9ee3e760d24f4486d9d1b2c86b58e38c60651e12833,1748837483,,0xf445567e961c533e26430005c142dee831a6376e,-57896044618658097711785492504343953926634992332820282019728792003956564819968,1749046823,2025-06-04 14:20:23+00:00
VoteRevealed,22631951,0xc8cfa8131afb1d7b694c5a4fa6a3bdcd59a008117dbe125f86625a1bdbc999b5,1748837483,,0x8d61d0bbe21f6f3c81cc6b0d4ba6164b911f27bc,-57896044618658097711785492504343953926634992332820282019728792003956564819968,1749048311,2025-06-04 14:45:11+00:00
VoteRevealed,22631981,0x289449ac67b4baf5c063060589877e60284f1e12566754dc7b602df7fadabf62,1748837483,,0x08bba63a49be5f7ee6dd58f30a757f5137d52be1,-57896044618658097711785492504343953926634992332820282019728792003956564819968,1749048695,2025-06-04 14:51:35+00:00
VoteRevealed,22631990,0x0b52658209938047155cdc57f500d60bd72e17ff1a8523cb30895972ea50f2e3,1748837483,,0x9a4773eeee73e34e1ee0e9a64e4b7453b0b04246,-57896044618658097711785492504343953926634992332820282019728792003956564819968,1749048803,2025-06-04 14:53:23+00:00
VoteRevealed,22632117,0xe319b39a761325659f7f99961d181b7652cdd7b54ef43c9a2899ead97e7334c0,1748837483,,0xc5aff99f08027db6e39ee53048b6509e9d66a671,-57896044618658097711785492504343953926634992332820282019728792003956564819968,1749050327,2025-06-04 15:18:47+00:00
VoteRevealed,22632213,0x630f2c11ab27449c0cd0ebd5eb1e9f1d58aa982fb749444a194a796982087ae5,1748837483,,0xfee5be290d4a1a50caff611389ba2120a4095d78,1000000000000000000,1749051479,2025-06-04 15:37:59+00:00
VoteRevealed,22632337,0xdaf49319dd2a67c3494f5b87b280cb2197d46cc251d3b68345ccbf16ad4b009a,1748837483,,0x53d0755830ed64294d3e0736b744a1c8eda0d897,-57896044618658097711785492504343953926634992332820282019728792003956564819968,1749052967,2025-06-04 16:02:47+00:00
VoteRevealed,22632337,0x8e032b5d56464c43fc118955812c3e57a72045daecd23a59999420abbeaca6c4,1748837483,,0x5b7ec1ba8af4579119ae7fb4bfea36bb9b8c78a8,-57896044618658097711785492504343953926634992332820282019728792003956564819968,1749052967,2025-06-04 16:02:47+00:00
VoteRevealed,22632388,0xf3a94757442472ffb8c41722f5f1e1e1ef03135aebe293bcbf9f33048fa1d4c0,1748837483,,0x104d86705c46e9422b803af522b43809f1c8e4e9,-57896044618658097711785492504343953926634992332820282019728792003956564819968,1749053579,2025-06-04 16:12:59+00:00
VoteRevealed,22632421,0x6e69fb2e5023d48c8906bb222bdaa99c3b678a0533232d69b470f3905d265f1f,1748837483,,0x6391098e7404210be5b4b67c1bb6c1bdf4be194a,-57896044618658097711785492504343953926634992332820282019728792003956564819968,1749053975,2025-06-04 16:19:35+00:00
VoteRevealed,22632421,0xbbdbee0d712c641f139ecc5ea431fbd1c568f46ed397169f91839d30d0307333,1748837483,,0x8ce75214878e6748b58fa0771c8cde60b3050337,-57896044618658097711785492504343953926634992332820282019728792003956564819968,1749053975,2025-06-04 16:19:35+00:00
VoteRevealed,22632434,0xc8042e583d0fafec85c86ad585d1699c07142e46c8d8ba0dee200a4626cfe596,1748837483,,0xbd9e1684f8ce34c9652bd4d0dcec3d82e4e8baa7,-57896044618658097711785492504343953926634992332820282019728792003956564819968,1749054131,2025-06-04 16:22:11+00:00
VoteRevealed,22632442,0x7087f138eba3bd78632605b91b784188bcd00f54bb1d51e003e9bf461c98f7ee,1748837483,,0xf659a672600f7c9f6fac317f884f8c76357fd48b,-57896044618658097711785492504343953926634992332820282019728792003956564819968,1749054227,2025-06-04 16:23:47+00:00
VoteRevealed,22632448,0x2d5113b81b766ef51f90900f3732fb36d45f16eedadd54c493345b8027d05ad9,1748837483,,0x35041bcf4455468d1de0bfa0ffd9ebe9ec6cec2b,-57896044618658097711785492504343953926634992332820282019728792003956564819968,1749054299,2025-06-04 16:24:59+00:00
VoteRevealed,22632465,0xdad1fd127f80fe99d8aebc7d7db02fd6f4bfabdf0dcf83b6b0e7ec6d57e5ae80,1748837483,,0x2a6dc98558a7482cfbd2f7c75be5d59e62e27e59,-57896044618658097711785492504343953926634992332820282019728792003956564819968,1749054503,2025-06-04 16:28:23+00:00
VoteRevealed,22632470,0xa8ab0df29a2b8d5908ed625c5ef5a27598a94876e295f97f13fded1d089b86a4,1748837483,,0x003a3b5669b288b29687c66d678aa06cb8d80577,-57896044618658097711785492504343953926634992332820282019728792003956564819968,1749054575,2025-06-04 16:29:35+00:00
VoteRevealed,22632477,0x650903b4ef8dfab7cbad88da238c34e63fc456b189e4d8a5d51d7a7c39ab7e0e,1748837483,,0x326c819380b8842e3a55e5f97f6011ee91844205,-57896044618658097711785492504343953926634992332820282019728792003956564819968,1749054659,2025-06-04 16:30:59+00:00
VoteRevealed,22632719,0xe577609b287ffd03cd87eef76ea7693df1ca45114b92c2f432742cddf331de5e,1748837483,,0xe63757e3cd485c9b35b3a972fffa2d91b8649483,-57896044618658097711785492504343953926634992332820282019728792003956564819968,1749057563,2025-06-04 17:19:23+00:00
VoteRevealed,22633216,0x0db55652060bd04c4144877ea9b9da2bfcbdc54b4aa77eb98293c384e6587dc7,1748837483,,0xc337dffa52de796e86b640debb0c9f2b88930459,-57896044618658097711785492504343953926634992332820282019728792003956564819968,1749063599,2025-06-04 18:59:59+00:00
VoteRevealed,22633219,0xbd85e8af358956da1a1534a15fbc004865e9e62fce03c93d646a77af3a265e47,1748837483,,0x89f91453030f415b238d57ec209749e1b8da2a45,-57896044618658097711785492504343953926634992332820282019728792003956564819968,1749063635,2025-06-04 19:00:35+00:00
VoteRevealed,22633219,0xaf4b57921ed1d8542460eabfb599e1d7305263b192f53e6f6e549ca3f3475341,1748837483,,0x69d0a6ccb76f3f7ef96dada03b01b555e76fa819,-57896044618658097711785492504343953926634992332820282019728792003956564819968,1749063635,2025-06-04 19:00:35+00:00
VoteRevealed,22633451,0x9615881ba753ba0b36e25ec4a4f8b1f302391c74a9fc046b14bf366bdd9d3136,1748837483,,0xa4effcaa060edd222eb86d33beb4df518805a5ea,-57896044618658097711785492504343953926634992332820282019728792003956564819968,1749066443,2025-06-04 19:47:23+00:00
VoteRevealed,22633452,0x3c471bf5587fe455f2dc246c9fc11b302eba60b6e4eafc1b36c647e9218666d0,1748837483,,0xaa9ef398f6fbcc765617a9c451b2a4e749ddd624,-57896044618658097711785492504343953926634992332820282019728792003956564819968,1749066455,2025-06-04 19:47:35+00:00
VoteRevealed,22633523,0xd46985fd5e379e7690b826da8ba34ffcbf2a445d9f4c8891836319879ab136be,1748837483,,0xd9f9f15e1dcda849a48ee048892c9b31287c7598,-57896044618658097711785492504343953926634992332820282019728792003956564819968,1749067307,2025-06-04 20:01:47+00:00
VoteRevealed,22633984,0xc1dcafe10ae37f79e879c12c7b6d2c17052605833200cc605941a832b41b6507,1748837483,,0x4be80a823e619ef57a61cc19b6bfb72974df0604,-57896044618658097711785492504343953926634992332820282019728792003956564819968,1749072863,2025-06-04 21:34:23+00:00
VoteRevealed,22634046,0x7747682185c7513d645e701a4f01e653ae0b2a75edda781c6d1f45e9a4067732,1748837483,,0x21a745db2c52c841b4511fc55aea27156c76bce1,-57896044618658097711785492504343953926634992332820282019728792003956564819968,1749073619,2025-06-04 21:46:59+00:00
VoteRevealed,22634113,0xb13ef79453d45b35ae745d4c2570756bb55a26c22830d712cb381e02880c8e14,1748837483,,0xc12fa1c74c5d97c8eae9c16ab9df28837d9d39ee,-57896044618658097711785492504343953926634992332820282019728792003956564819968,1749074435,2025-06-04 22:00:35+00:00
VoteRevealed,22634118,0x428f35871bec0d5f331a93119964f3315354a7f7828e4c289b8e71d628e7933e,1748837483,,0x18f7f5243263e84ee8de50ca6c704b3415669222,-57896044618658097711785492504343953926634992332820282019728792003956564819968,1749074495,2025-06-04 22:01:35+00:00
VoteRevealed,22634134,0x1b3c8ef4f0e772e5085f6a756c50981de82bbc9cbcd0de36b2b9865241166794,1748837483,,0x9b8f31d4a132cfd3425eef49076e56e60dc1ed2f,-57896044618658097711785492504343953926634992332820282019728792003956564819968,1749074711,2025-06-04 22:05:11+00:00
VoteRevealed,22634335,0xbfb5bfe3fce393d4489402cce792d2b4d75be6eee715528423cb6bf72fef0bec,1748837483,,0xfec2ade141272f5271febadfca5d21ca30fc04a5,1000000000000000000,1749077171,2025-06-04 22:46:11+00:00
VoteRevealed,22634409,0xd9fbfec412e7ac62b3cc1453fa43c6f525982cd55204a64aeab1ddee1fed0029,1748837483,,0xf0180d4561dbaeaac3b96b7491bfafc94cea4069,1000000000000000000,1749078071,2025-06-04 23:01:11+00:00
VoteRevealed,22634412,0x3dcb54869e1d6199091beeb43cca2ed4190717b6df1584411c2f1dcd98110b17,1748837483,,0x2a1bf3cd5d4a7328a37f0e82ff912ace26eaa08f,-57896044618658097711785492504343953926634992332820282019728792003956564819968,1749078107,2025-06-04 23:01:47+00:00
VoteRevealed,22634551,0x946608d6f6bcf1f51ed6b31dedf603c2eaf491f33ba5d16f6e7646b1c21e02ae,1748837483,,0x8e349da0c6ec06e496f145e421424d2fdfe9c97a,-57896044618658097711785492504343953926634992332820282019728792003956564819968,1749079775,2025-06-04 23:29:35+00:00
VoteRevealed,22634554,0xeb1e5bf03773c02cdadf7c9fce06bc49f52058910982b09e4f8dfb85ea67acf3,1748837483,,0xc60aa5a87d580b3181aef33a402d88bfe705fea0,-57896044618658097711785492504343953926634992332820282019728792003956564819968,1749079811,2025-06-04 23:30:11+00:00
VoteRevealed,22634557,0xda59054017def4f169d3b004de5c5ff407bca3130e3cca9e10ad174421efa6bc,1748837483,,0xfc204fcfd2a579157898a212ea25ac98de2b1e1c,-57896044618658097711785492504343953926634992332820282019728792003956564819968,1749079847,2025-06-04 23:30:47+00:00
VoteRevealed,22634672,0x920722c3ba19523f13e75e32f396bc57575473701755816da1b039e3482389f1,1748837483,,0x7dba7270548f1596ffcbaf046dddd3c1bb44f167,-57896044618658097711785492504343953926634992332820282019728792003956564819968,1749081227,2025-06-04 23:53:47+00:00
RequestResolved,22634705,0xf704daac25ba3b1530035761aa21a05ad19cdc341ad697f9af266cdc7e263b07,1748837483,10121.0,,-57896044618658097711785492504343953926634992332820282019728792003956564819968,1749081623,2025-06-05 00:00:23+00:00
RequestAdded,22787857,0x7faa3f514728cc9f0f35a5062d985ed556dbabf31312ea02d06a1840ec92ed47,1750927670,10133.0,,,1750931735,2025-06-26 09:55:35+00:00
VoteCommitted,22792237,0xbf43b7634ce7a89b4235ac0478930ab9e997e4fea2c9788a61ffb9e9e198adc1,1750927670,,0xd2a78bb82389d30075144d17e782964918999f7f,,1750984607,2025-06-27 00:36:47+00:00
VoteCommitted,22792241,0x35001d2dc31c3f9e09baf29be330519474dd72d7b69d7ae494a2324a99b222cd,1750927670,,0xc5aff99f08027db6e39ee53048b6509e9d66a671,,1750984655,2025-06-27 00:37:35+00:00
VoteCommitted,22792294,0xa2b11571b6a277e957ebd71cf4078692d7cf97db4e713a2a7d19316391294395,1750927670,,0x0b5ddda89a88416860254eb326b3691ffcce4832,,1750985303,2025-06-27 00:48:23+00:00
VoteCommitted,22792357,0xd9ab144430f8c6c0e97dba463e24c89298bf521e579fb42fe5e3a2c3e082c501,1750927670,,0x9860d7309039b9a44b1df878ed4484133a881316,,1750986071,2025-06-27 01:01:11+00:00
VoteCommitted,22792360,0xa49b0e5f32b7154a09f82ff341fcba47eff62a530590c75d630163c6b6299ffa,1750927670,,0xe3213b7382b5b0ff61cfacfefabef72982a4d544,,1750986119,2025-06-27 01:01:59+00:00
VoteCommitted,22792362,0x62c3eff4156fe5a25c9e3d2ae092d9e3eb012b741639c683722574d28c38b178,1750927670,,0xe3213b7382b5b0ff61cfacfefabef72982a4d544,,1750986143,2025-06-27 01:02:23+00:00
VoteCommitted,22792435,0x6f2be8b364ae8269bba3c34c9c8b82bf6b868ef802f0671ea08ff9c54129e420,1750927670,,0xd8e492ede29fb17f9910ad12054047a4c5af9d15,,1750987019,2025-06-27 01:16:59+00:00
VoteCommitted,22792454,0x0676be85bdd21a1ca26d2d9912e163fa693ff751e1a9eb6a75ab36e25350fc7b,1750927670,,0x2bc111bd8bf402c65cd185bab460ae9ecc9aa7e7,,1750987247,2025-06-27 01:20:47+00:00
VoteCommitted,22792496,0x63fa4a5e1833068359e9385f29bb7572909a4a4c3424606610c98ad5ada7431c,1750927670,,0x126db3213b309a8d554594e591e614425ccac78e,,1750987751,2025-06-27 01:29:11+00:00
VoteCommitted,22792525,0x4877c469e827e3914ba8ec82d389a76cefb5eb6c1cd214d41cb1ac071fe49ffb,1750927670,,0xca64e575083e0a8f9c73ffc214d78027d98fc51b,,1750988099,2025-06-27 01:34:59+00:00
VoteCommitted,22792550,0x7ee9e007254910810624285419ece6af334c21e8e42592cde8901ef3dc5d8a76,1750927670,,0x6391098e7404210be5b4b67c1bb6c1bdf4be194a,,1750988399,2025-06-27 01:39:59+00:00
VoteCommitted,22792576,0x040e54651ec6b126a7b7684db7665c543c703e189183ace26057d647c324fe33,1750927670,,0x0bb9f7c03eb9c1a31c25b3b7e61e2c503c30b81d,,1750988711,2025-06-27 01:45:11+00:00
VoteCommitted,22792583,0xfa8cb552a9c37f585c6f1424006f5caa64a9dd13b2b1d047947a76b8b0cd49b5,1750927670,,0x430c4e68894177ae43f52b4fd643fd2d6c7d2e5f,,1750988795,2025-06-27 01:46:35+00:00
VoteCommitted,22792589,0x946e1a6f2269b1c527054a25230782035eac8ece31bbf3c852b27e537575e4b8,1750927670,,0x92bdd46aeba9c2f4b55eddb522382261b62220ea,,1750988879,2025-06-27 01:47:59+00:00
VoteCommitted,22792596,0x92a137c7f658fc25f4b07849e80c6d3a96b474af3861fa85586ed426ff15231e,1750927670,,0xbb68400daa7ae42392de56026f9b5c1e6f923e3c,,1750988963,2025-06-27 01:49:23+00:00
VoteCommitted,22792602,0x6b60e164f7eabdd6cfb33515b20fba6930a51812dc5263a119801d900cf690c8,1750927670,,0x8e5fdb6a37f2389fa638b2e144809c7d7bc21e4a,,1750989035,2025-06-27 01:50:35+00:00
VoteCommitted,22792608,0xaeaf06244a8398b0435d4b6e4f41ad097289ee889c7b91b25541084352c23162,1750927670,,0x63d4e757ae3aa82751094bef2ce37db0b303959e,,1750989107,2025-06-27 01:51:47+00:00
VoteCommitted,22792614,0xcfc837e07b61e4dbc61ebcf85fd70973197a4137274d928619391aca6724cae0,1750927670,,0x48767f20ec0aca7f47b3da2cc32bc06549470a9b,,1750989179,2025-06-27 01:52:59+00:00
VoteCommitted,22792619,0x80b575832c1c2bbc1edef67d6772842130b9da665a667d71c5f269ccc50d1659,1750927670,,0xd273f87e43851fa7f0518e3b385c0d964621e3c6,,1750989239,2025-06-27 01:53:59+00:00
VoteCommitted,22792628,0x32f1bf5b00f8d471b0782e25611178cd33916a2979ae95a32357e612ca576a53,1750927670,,0x9cf0ea03c7e23f2c466d48f6bfa14a85ef7cf4c8,,1750989347,2025-06-27 01:55:47+00:00
VoteCommitted,22792632,0xc226bbbd307827af57bdb8cc70e5dffefa5d6e0c7e926fadb9f893809be05e77,1750927670,,0x93a692fe5477902c3cf5f6997c1cf59a3712ced4,,1750989395,2025-06-27 01:56:35+00:00
VoteCommitted,22792638,0x3ada50085e6344bef888e006c72c880d7d6e10d3b3efad8a626c4aa3b1f0b5b7,1750927670,,0x349ef0f01d64b6bb96f3d2fde895bee5ce745168,,1750989467,2025-06-27 01:57:47+00:00
VoteCommitted,22792645,0xf5f746c11e9b749a0fa478a9286986b81639871c54271e7abf727d4a91252f7f,1750927670,,0x2f55877d6d8a42bd87e0325201cd15d63abf5866,,1750989551,2025-06-27 01:59:11+00:00
VoteCommitted,22792651,0x27d46230c168eeb3fa4f24d528b54b5ec1cc9f02a97ccce0a4797072c576471a,1750927670,,0x5f4f59301e46bf6f6603a8c4cf826bdac70339d1,,1750989623,2025-06-27 02:00:23+00:00
VoteCommitted,22792653,0x79619146539d68eccba81328d80415bf81fed57123a0ff14f0649409492eddae,1750927670,,0xc0dc4010e76fbd53c82b19f8f8d7604e37289fb4,,1750989647,2025-06-27 02:00:47+00:00
VoteCommitted,22792659,0x7cbdfa3ec37a363ea7857eb6aac2373ede53f74598506c65c7d927b65cd0e4dd,1750927670,,0x4010650464cc07e447ae10d3135f8c82554b2528,,1750989719,2025-06-27 02:01:59+00:00
VoteCommitted,22792664,0x24c722f0d842fc298dda6dee50267df1cb0b0adb36988deaf1b603b6d309c05d,1750927670,,0x40bfe49745df251fa0ac7a3f983101ff170c389b,,1750989779,2025-06-27 02:02:59+00:00
VoteCommitted,22792687,0xcd0298f4e2a371fcd239602e75733e3d415297bef0aae93c1a403b22929dafb4,1750927670,,0x5060020e66031c324f77ae24f14cfcea6a688cb7,,1750990055,2025-06-27 02:07:35+00:00
VoteCommitted,22792696,0x3fa5e141e860acc87ed3c2bf95e732c8a5eb6516f3a071f0208257c030a16b8f,1750927670,,0x86cc5e1e8fb20102fa7a0fa4afeaf1cbe1be273d,,1750990163,2025-06-27 02:09:23+00:00
VoteCommitted,22792704,0x8de5b68480cc83a1b8f014638f68c46f0300a4ff3b0b48b41ccb389b82d98c26,1750927670,,0x1edb50d83f76382480886597a3023fc318b2ca66,,1750990259,2025-06-27 02:10:59+00:00
VoteCommitted,22792710,0x95ce75aef0f26e5d8434ee561ea41a44ae7352fd4dd18b85e349edc08c9794fc,1750927670,,0x415106767827a7856d826458a486a87e0e15097c,,1750990331,2025-06-27 02:12:11+00:00
VoteCommitted,22792724,0x510f1da85110ab48a17e22a4f5e7002c5faf645153b5b66785ed4ce94051cd4b,1750927670,,0x7ca4b00a3aec07f978d127e69bc16484a038619c,,1750990499,2025-06-27 02:14:59+00:00
VoteCommitted,22792733,0x616a5ab5e06ca77d19a6c27eaa99a7e3bf2725805cd17c938f7e7b0bdd2bb325,1750927670,,0x590a8dae6861cdc2b0300096ec6e4dc6cf2143f6,,1750990607,2025-06-27 02:16:47+00:00
VoteCommitted,22792738,0xaa72b5465f214885f319b9893af161eccd8c84e514d03aa4f285a70f45c95757,1750927670,,0x3b84e3ffbe845c0349e258f243b5f00ca22ba587,,1750990667,2025-06-27 02:17:47+00:00
VoteCommitted,22792750,0x3f06b793592c048d6787fe087d3dc5b9fcbc50537b00a2b90cf241a610aa4932,1750927670,,0x49135912edb24205e1b0e7b9ea71887edc59d50a,,1750990811,2025-06-27 02:20:11+00:00
VoteCommitted,22792755,0xeb149f7b8e00a14b697c1251cd7a1d212358df78fc26d86c57aabde8696f9afb,1750927670,,0xc590314de55b52c96eb34edbc4b55cf8fc8cd510,,1750990871,2025-06-27 02:21:11+00:00
VoteCommitted,22792761,0x4afc07a21506745974e2c431605da43e701a07744c0098978dccab2b571f6a1f,1750927670,,0x7baa3b328603535006d76d7b80af7260fd8a946a,,1750990943,2025-06-27 02:22:23+00:00
VoteCommitted,22792769,0xa3dc01f45d76123e7c032f2009a015b9a09c3e81bf17e4151f068196eaf27738,1750927670,,0xde7250d923299e1ecedc0743b159e95b945082d9,,1750991039,2025-06-27 02:23:59+00:00
VoteCommitted,22792777,0x4309baa0ab4ec9414b3ca0803d01ac1486d3d0db5ee17f362a9ab1a958c8da85,1750927670,,0xb4c907afda8c362b58281b5c43a2e7b79f089d09,,1750991135,2025-06-27 02:25:35+00:00
VoteCommitted,22792784,0x26f8fd90921bcfd03cfbd201349c2aa81a7cd0f1ad3af2437563288313011610,1750927670,,0x6748445d83259a6709e459873323324a54072d1b,,1750991219,2025-06-27 02:26:59+00:00
VoteCommitted,22792789,0xe8978144b4357fec6f02a6f67bfdb009c14d4c7f985b48a0c657cece838c5274,1750927670,,0x3bd0cbc96186cc3eafb304111e6ad20a4ac92f8e,,1750991279,2025-06-27 02:27:59+00:00
VoteCommitted,22792794,0x999534353c5d08c8b49c16597b3bf4669ff953567796ce9b6c322124d20bbd4b,1750927670,,0x630a63523a4f079201fb548114695d8da1d742f5,,1750991339,2025-06-27 02:28:59+00:00
VoteCommitted,22792802,0x1399c9532ae91b53d84762ab55af02bc7972bf1cb7ab5d688fbaebf92de73491,1750927670,,0x26fd27a26a6c1ede36214512ee4e56440a0cebf5,,1750991435,2025-06-27 02:30:35+00:00
VoteCommitted,22792804,0xc25c7b5348b368a257e10201e459d6845ed87c37f292c2a74a598e9f76719123,1750927670,,0x374585bfd5e03868ceb23aa159c4f63f0c2f650e,,1750991459,2025-06-27 02:30:59+00:00
VoteCommitted,22792814,0x2b8a9fd6315cfd20f303d1db58693aea603a43d43a0b1e06c7b19f2ca6dcae31,1750927670,,0xd1cd2fd35c63e27a33f0b5ecf9c92ba1ab9c6df1,,1750991579,2025-06-27 02:32:59+00:00
VoteCommitted,22792820,0xdbe5ee730890967880f1ccde582a3c2534effdf06f78ed69659e180e3cf91c8b,1750927670,,0xd8c3cd1a7576efc723357b7158318f0cee0e30f6,,1750991651,2025-06-27 02:34:11+00:00
VoteCommitted,22792835,0xd65a63e0d7ae6f9ac21d0140ad5bac59ce87965fd9d3a30bd7b2a3c2d435e6cb,1750927670,,0x216bf62b05246bf4a1694061e8769464a6bfd812,,1750991831,2025-06-27 02:37:11+00:00
VoteCommitted,22792840,0x87c6c16c0f1004f81012ddcaca240baffa21073033e8f5db5214f53414852f9d,1750927670,,0x28ccfb369fb97929068cd30a390d37fee0037c61,,1750991891,2025-06-27 02:38:11+00:00
VoteCommitted,22792845,0x108047e160575945db694e092787bbd7a890b5fa645e3e3d597edfab14883448,1750927670,,0x5d2150e5d88a30d5793c6c49959b8f7d350a36a5,,1750991951,2025-06-27 02:39:11+00:00
VoteCommitted,22792852,0x90802ce9727bb98835edf742ed2d50e3f50fad62cd4d8532155e4e11bd55b8bc,1750927670,,0xc4e70e97a54bbf4f9796099282fa47397da4b4d9,,1750992035,2025-06-27 02:40:35+00:00
VoteCommitted,22792856,0x238de2b1fb9af45a763b19d1ccc5f327c71aae085d0875c8b363b9b64ffc9d08,1750927670,,0x2a6dc98558a7482cfbd2f7c75be5d59e62e27e59,,1750992083,2025-06-27 02:41:23+00:00
VoteCommitted,22792866,0xac0f3a940626dc0bb10bb43b46576ea0b8601ce65d0352e200918b3af19a07de,1750927670,,0xe7ff7ad54492a38afb99bb5d8b897c5f93a66f47,,1750992203,2025-06-27 02:43:23+00:00
VoteCommitted,22792872,0x9733d7d79234bda40cb2148b63bdad83e300c9787721266bbd87686ed7b7b5ea,1750927670,,0x1f12254be217cf9e9be46960c36970390b07f16e,,1750992275,2025-06-27 02:44:35+00:00
VoteCommitted,22792878,0xee1b322f1434c93fd179d0d64386e57d30b2b56dc31d06280aa15c8264ef8221,1750927670,,0xc42851d834037ca1f82668596233dca69654867c,,1750992347,2025-06-27 02:45:47+00:00
VoteCommitted,22792889,0x981f58572d3b2fe5c9b5f62a660f41078214df747e0f97694c3291207ad82733,1750927670,,0xec2bae309d0a18d7ddfd4ea0f17a2f60817f4e9c,,1750992479,2025-06-27 02:47:59+00:00
VoteCommitted,22792895,0x2966bac7095db7b63dddf1830b532957b88e95e177da0b3e8287509c8d9e14b6,1750927670,,0x6137a7c745ce7ed7a6ec8ca4aa5b635ff17d5467,,1750992551,2025-06-27 02:49:11+00:00
VoteCommitted,22792902,0x61925a969daa8911c0e0de6c3a7734297c233c142c3ce7d7d03fe722576ea0e7,1750927670,,0xfa8ce8d44271201e9ce37838ccb75ba482d597f6,,1750992635,2025-06-27 02:50:35+00:00
VoteCommitted,22792908,0xdf1c5eb8284060393c7f5d61d8ac48715124bc242b01836c752dada9dd4f4ded,1750927670,,0x4289c656b76b20ebf1b5fa4363da812346919bdc,,1750992707,2025-06-27 02:51:47+00:00
VoteCommitted,22792917,0xe2becf3cfc9e2f54418b98cae8fb55ba6b720c56dd8b2b74a88d977741b35bbc,1750927670,,0x4af80e6414efed0b91fa19c0d19b46c381becb7c,,1750992815,2025-06-27 02:53:35+00:00
VoteCommitted,22792922,0x9587afa067aa527ecb51d572661abc8ca71d24173a5bafd84b76f2927ab4a00b,1750927670,,0x54d6390e19ce818209bd3b53a5d0d2e0c6faae04,,1750992875,2025-06-27 02:54:35+00:00
VoteCommitted,22792929,0x98df140b3c0b57b7a94992c5dfe2dc1bb24600b67c668680871847b0101cc2fb,1750927670,,0x4241b7a1b190f97213cc092237833305af62f563,,1750992959,2025-06-27 02:55:59+00:00
VoteCommitted,22792937,0xb2deb67c28067c35d6070c88df72f152a7cdc24a8f049a3cb51d99afbcef4505,1750927670,,0x2f966072f36109f27539e5edefa741912206e491,,1750993055,2025-06-27 02:57:35+00:00
VoteCommitted,22792951,0x9d1c5d1f3470522bbd0c39e7e6460224d7ca62d1a9c775417e9d2e850e329694,1750927670,,0xa4635d0d583f6a5335aa3ce39ca7d7c2e7a7d01c,,1750993223,2025-06-27 03:00:23+00:00
VoteCommitted,22792956,0x750fc78954128ad625c89ecedbd91672a4347660795dcbf206834f7deab2f309,1750927670,,0x58cfc8ee2132847afcdc67cdefa92b2d21eb5ba9,,1750993283,2025-06-27 03:01:23+00:00
VoteCommitted,22792963,0xbc26704b6ba778339058553726188882d2dbf3054aae6df4e8634e8ce84c0e81,1750927670,,0xf3c162c189341d024ee753223101612abf6fcf9c,,1750993367,2025-06-27 03:02:47+00:00
VoteCommitted,22792970,0x737e23e864034908edb1b318e5ffbaeb60ee23f8a6d70d4d16dc069b6a9edb0d,1750927670,,0x09a10823b87aed0a3c348c0a20d69d3276192913,,1750993451,2025-06-27 03:04:11+00:00
VoteCommitted,22792972,0x59d0a6a7b9aa99835de1808b5ef8ea1a9df9c44da82fa741c9824ab5c74418db,1750927670,,0x3b45e837ce844cf6c25459aba5b9c2d6ea023008,,1750993475,2025-06-27 03:04:35+00:00
VoteCommitted,22792981,0xfa33ea49ba90fa4af52f4164d7fea99e408efd58f958c9ffda0756b05861cc0c,1750927670,,0x336701bab9ee6a829a5d610a301e978aced202c4,,1750993583,2025-06-27 03:06:23+00:00
VoteCommitted,22792981,0x53231a6c9f921c3ee90bb049e40270f627ea635015aff9160769005a437ee03e,1750927670,,0x223ae49e7a1dba195a3a304833275ac09e9324d5,,1750993583,2025-06-27 03:06:23+00:00
VoteCommitted,22792986,0xd9704720b5f2d2fd625614cfdf3c18aef3fcc887baf16ff84ed6325856e38ab8,1750927670,,0x3895799b03759423c728eed3aa0c0414f5179f79,,1750993643,2025-06-27 03:07:23+00:00
VoteCommitted,22792999,0x49c4b8d650eb34f097005383df60f6d55eb7dfb2ffc3fa753bdef653101a8eef,1750927670,,0x5bc3d8339754b5d4455355b3c5cf2639fb943942,,1750993799,2025-06-27 03:09:59+00:00
VoteCommitted,22793010,0xff091b1448fcdc67cea2887804d94add053a5c16a0fc4d97b55ef006bc7b26e5,1750927670,,0xdb6d77a78b4da7286e3c1a6828eb83d9f0cca527,,1750993931,2025-06-27 03:12:11+00:00
VoteCommitted,22793015,0x23bcee9bd28ef6ef437df1968709e27acc07ee51fb1a196e27a93cb735b86077,1750927670,,0xab0ea94509caa5703362eaafd8087d205f97a340,,1750993991,2025-06-27 03:13:11+00:00
VoteCommitted,22793022,0x2d36c23417e6ac17f787d9b6212daacc974c7d22eefe54382f1067830c8f41cd,1750927670,,0x3b59d6b33e8f8ddf9734917a40056d07548a4444,,1750994075,2025-06-27 03:14:35+00:00
VoteCommitted,22793115,0x75d9a9cdb93aae34fca424e9a8e1490aea9a9be79f29684494ff834888eb490a,1750927670,,0x05d184b066d72cd42a1fe0fb880c3d4a0adbf8c4,,1750995203,2025-06-27 03:33:23+00:00
VoteCommitted,22793117,0xb8161fa17262c3742d2693521b0a472150c1cc81502c2f2578a92f343553e48d,1750927670,,0x4ddd9af5f091a11438f3c4f618f1257d6d660cb2,,1750995227,2025-06-27 03:33:47+00:00
VoteCommitted,22793258,0xb630a87bb47223733d8ef853855776c3873c811653b1451c5fd17ca34697709c,1750927670,,0x996d5138843993cebc554c20d82310a43802aff1,,1750996919,2025-06-27 04:01:59+00:00
VoteCommitted,22793278,0x148cdcb569df83ef5091d37ec045af43b1cefa37cdcba072862d98422e0bc5e3,1750927670,,0xcb8c77837f470053f91e1e288cac223118c69937,,1750997159,2025-06-27 04:05:59+00:00
VoteCommitted,22793311,0x065e2cf9b8340bbcef71f02af54bfcb720a3da12ae34846c7e3ceb48c44c0a0b,1750927670,,0x0afc9a935960948ed35e50ac7639cbb38e840b38,,1750997555,2025-06-27 04:12:35+00:00
VoteCommitted,22793324,0x4f3050d60d5901c88237e3a6f432678fe54e20a4299a28a1cad55432e0281ba9,1750927670,,0xdfb300cbad35618bdc6b6d392d0373682035c585,,1750997711,2025-06-27 04:15:11+00:00
VoteCommitted,22793355,0x0901ae5def8e9fd0ea4e1b9e1b4329abe99804435d80afcf45e7126410c1ded0,1750927670,,0x5d547923774921d7938349c1582239d19d5ccc4b,,1750998083,2025-06-27 04:21:23+00:00
VoteCommitted,22793423,0xaa35dd2c0a6b430c48bbd79e8a02b4aa1a17cc32ce9e371af390c26603e7c75d,1750927670,,0x34d4dfcf6e0b23a891bd9f076a6ef7dc3acf6ab2,,1750998899,2025-06-27 04:34:59+00:00
VoteCommitted,22793459,0x42700500ee4684e1bb96729a8704c0fa0891d54b0f5ec78fa8625f8fcf0bc45b,1750927670,,0xf8e9af3a84d29678a26f08048dd206ad10cc6fe8,,1750999331,2025-06-27 04:42:11+00:00
VoteCommitted,22793461,0xef04e59e2a8d32f1ee7a8d45ea552f9c643a268ec9f54106bdedc1ea5569d7a7,1750927670,,0xa2e5dbd496e25a194a11fc3e4ad5ada199e827f4,,1750999367,2025-06-27 04:42:47+00:00
VoteCommitted,22793465,0xcd300a22d4f235cdcce6114ec8db82f064b485e18c780990e2f5184944d1b2b6,1750927670,,0xd521cd4f0205f0afbf427610cdc4a15736e57329,,1750999415,2025-06-27 04:43:35+00:00
VoteCommitted,22793470,0xb3fccd275ed16272af72613a34f581c35339fc27907cecdffd3db85c3f28f1e0,1750927670,,0x222116c32b0b8ea2e1af7b289f1ff3438b282194,,1750999475,2025-06-27 04:44:35+00:00
VoteCommitted,22793478,0x9f5a2449f1c7bbf342702517973475878b236aa3b562efaa2bef89cd6c616c6c,1750927670,,0xbd266449e485163c5c6257c895e3e529a3c03728,,1750999571,2025-06-27 04:46:11+00:00
VoteCommitted,22793480,0xa1023d436172aabdc6ec39129a699fde58b4e927615b7fd2fed1e9ce385a7cca,1750927670,,0x785c24d44e9246fbd2980f1cbecbf24e9e4b2de9,,1750999595,2025-06-27 04:46:35+00:00
VoteCommitted,22793484,0x83150d7f0bd80dc01e6d3c05d4b23830c4c4ed299c51ede9a9ee008057deb935,1750927670,,0x5395511bf2379674042a4d4fd5177b1d3dcbf7b2,,1750999643,2025-06-27 04:47:23+00:00
VoteCommitted,22793492,0x2ff8c86e50335f593b5b9efc3bb01393fa363b2d277fc2c86925b560e4549588,1750927670,,0x7dc1f845414ad2a698f74c9437adc8b3ac4d4ce2,,1750999739,2025-06-27 04:48:59+00:00
VoteCommitted,22793497,0x2c8374f7a9784c60718cced639803fd1ef5233496e8edaec928e2835d6bec7e9,1750927670,,0x8129f005cac3af1d0f3276b29a6c1767e7707147,,1750999799,2025-06-27 04:49:59+00:00
VoteCommitted,22793597,0x89415320479d1da0c47d5537d7b2511dbabdde3afdaf89596077a1c2247c3f44,1750927670,,0xbd4b2b116ef87967f8d682195023313a00c7287d,,1751001011,2025-06-27 05:10:11+00:00
VoteCommitted,22793678,0x349e2ceefa6013bae96d61ec80640bff96095ae2cfa3d63120342c85312eecf6,1750927670,,0x21a745db2c52c841b4511fc55aea27156c76bce1,,1751001983,2025-06-27 05:26:23+00:00
VoteCommitted,22793783,0xa1986d166820a886bec37beb36de97987213890d208a7d179482153c2d9500a9,1750927670,,0x9a4773eeee73e34e1ee0e9a64e4b7453b0b04246,,1751003255,2025-06-27 05:47:35+00:00
VoteCommitted,22793791,0x65e5a372256353a937ec55331bb7c6efbc962d8951b538d66aee09b0fc824b6b,1750927670,,0xb538544c0d0971dc6cdcc17a1ac50a02bc0a8b0f,,1751003351,2025-06-27 05:49:11+00:00
VoteCommitted,22793800,0x4ec7ea5161321a411cfd42fc1ca0482c01b361f57096ab8dd172b9299b7aaf39,1750927670,,0xfe9309c9f3d4f5a6e514cab5f4f5a36838b59c9d,,1751003459,2025-06-27 05:50:59+00:00
VoteCommitted,22793896,0x906b5b554809dd2c23da80d46e6e725757b9c3c2fda53e1085a36935c5996754,1750927670,,0x4f49d938c3ad2437c52eb314f9bd7bdb7fa58da9,,1751004611,2025-06-27 06:10:11+00:00
VoteCommitted,22793921,0x3e90ee8f94dfe293305840e1aebdf95de6a13b16d5a785fa75da5e09e2ba17a7,1750927670,,0x20ec3d7739fc8ba82014a9cf0a771b427e0b56c0,,1751004911,2025-06-27 06:15:11+00:00
VoteCommitted,22793993,0x3e8de7879e316258f5a2a2fdbcc424d7241c219175ed02d2bf688200c636c549,1750927670,,0x0df26d830fe63c42868af9453a073dfb901b1fc8,,1751005775,2025-06-27 06:29:35+00:00
VoteCommitted,22794074,0xcc117b191f24a934081f40cef4fd6894bdb1e845cd08c299cc3533399487bab5,1750927670,,0xcfb331ade6d66ad1cb6765a2dd51ad3aa9a1400e,,1751006747,2025-06-27 06:45:47+00:00
VoteCommitted,22794133,0x095a956584f035c4a6c6f33f27650a9671b013b8bda907db1d24c19538ace436,1750927670,,0x5a4bc68eaeb448d822b1e163fd2ee0a6d27a584c,,1751007455,2025-06-27 06:57:35+00:00
VoteCommitted,22794155,0xb51558df2ed35f6f56a63fd2d9bb01f590106e8672543b43bb8daec6ba1f3907,1750927670,,0x98f44c3cf91b32853607da1bbbd3795a3e192a8f,,1751007719,2025-06-27 07:01:59+00:00
VoteCommitted,22794160,0x8ef83e064a31feffc372e2f07c7018037a3a44df78dc7855389c915acbc523f4,1750927670,,0xa21cc0de85e8c75bb10519872dd3965cec351e3a,,1751007779,2025-06-27 07:02:59+00:00
VoteCommitted,22794219,0x57ac7940b1687139b8d9e521e7134e6f7fe4fe67726114fc49436fce9723723a,1750927670,,0xc9e8233c2c5476cda4f96595bbb3a9d117168df5,,1751008499,2025-06-27 07:14:59+00:00
VoteCommitted,22794230,0x87b18eb1eaa2e94ee1a1a45fe94011db9ca1938c75ea0127b7fd35cbe4798057,1750927670,,0x9b6f4d48fd61313204f7c8fbe9dfec6384aa4ced,,1751008631,2025-06-27 07:17:11+00:00
VoteCommitted,22794259,0x4a2d8ca6858b21ae9cd0b9f914f4ff02caf7c06a4c93d815cc1a1ce8497287e3,1750927670,,0xa89ffd4063866481f3da231bc2ccf88def15b642,,1751008979,2025-06-27 07:22:59+00:00
VoteCommitted,22794271,0xe70d30098d346d60b35957f770a0a98b328300a88337f3f14f879c91b53e911a,1750927670,,0xf5df7a18df35da5ecfff6d55bcf920e3d8f6d5ae,,1751009123,2025-06-27 07:25:23+00:00
VoteCommitted,22794283,0x9975f2e4789f86d150aa3c17085f8d14638a1e569c8d9be1138ed951630b136e,1750927670,,0x90b979c9e90ec5d5246dae6be32acc451edd2464,,1751009267,2025-06-27 07:27:47+00:00
VoteCommitted,22794297,0x904dc6c323bce2e21876948f4452772e3e5ba6a77bcef2254f850422489c5bb8,1750927670,,0x50d26fcb38a279043ba075b86df912cd523931ef,,1751009435,2025-06-27 07:30:35+00:00
VoteCommitted,22794310,0x9baf357f87c8f00b96f86bcd70d3e38f53ec22c61c99c1b3a7580bf3d214a5b9,1750927670,,0xc84fac7d2f80d70b21a536fdc1fde5cb404d747b,,1751009591,2025-06-27 07:33:11+00:00
VoteCommitted,22794322,0xb641677ae58e753ecfb988457b0b28f1c43319e0472c687f9f9b9e9a5552755e,1750927670,,0xb36268588ed030b4d8fbb22a0b4ecbad1194e683,,1751009735,2025-06-27 07:35:35+00:00
VoteCommitted,22794324,0x448b47ab8cc3a103b4456dce512ecbc24f804978d6ed8ba1709b9aa8b2a57a75,1750927670,,0xed3aa99bb1c5215f619d01030ba89166997d54fa,,1751009759,2025-06-27 07:35:59+00:00
VoteCommitted,22794329,0xad22a1cc1e1551e22ffb6860f34b402440e9228f7a813a22ca59a53c26a4ae73,1750927670,,0x196f239229aae65883802b5bb512e17084147ff6,,1751009819,2025-06-27 07:36:59+00:00
VoteCommitted,22794340,0x96d25f626bfdc45baeb3b8ca977b590082260966ec2ff16a4ad123929034d356,1750927670,,0x7c9c7bb3d6880f0d720feb4fa6164bd3e49f76ed,,1751009951,2025-06-27 07:39:11+00:00
VoteCommitted,22794351,0x2928bb955f84eeb88ea91d1b203a21b70cea68bd249e58f8540312ca3a7b1582,1750927670,,0xac880a2568c6f5719ad59c8ea3bc11a910775757,,1751010083,2025-06-27 07:41:23+00:00
VoteCommitted,22794353,0x6ca820295f2f67a224c67098878dd719b902dea89603dea29a422113d4a5be2a,1750927670,,0x69d0341d380a1229f4751a0a721345dbc716586c,,1751010107,2025-06-27 07:41:47+00:00
VoteCommitted,22794360,0x34b38596a206fdf71dd4c3c8a980755fd1d36c10b4d7f05c30b3efe2e2ff10e1,1750927670,,0x06ce05db7d0a4539b3ec2fa6b81dfe11a32120ea,,1751010191,2025-06-27 07:43:11+00:00
VoteCommitted,22794369,0xa7e79b37c43c7ca044b5bd317abb1725b43436f2ef197a8a5245b1917cf44d7a,1750927670,,0x7d8aee804bbad88d0081115adc917f5d9bf6388c,,1751010299,2025-06-27 07:44:59+00:00
VoteCommitted,22794379,0xe849adb9155e0694e0b82dac0839336a3aa88e856f051c7acde75334f59bfa96,1750927670,,0x0fad7fcb19f3ebe9402bf0623d7ed0fc4f1def15,,1751010419,2025-06-27 07:46:59+00:00
VoteCommitted,22794385,0x31e7e7c2e1d770b39691bf1c0798ad8916d19a1d3cc0d946afe03c37bf645070,1750927670,,0x5b01ce79d8b3b793da3be5e27de3a767f1a02ed2,,1751010503,2025-06-27 07:48:23+00:00
VoteCommitted,22794393,0x7ff4549c1e7822a9998386d1b64fb6ce0446ab2ad68fb349955f6976805d4519,1750927670,,0x76cc3f2fb3f451bbeed11bf9f64bb35f43438829,,1751010599,2025-06-27 07:49:59+00:00
VoteCommitted,22794398,0x3f74210f46f64a2327347787774e647784844aed1ea2eecaa1da17f2f8204c9a,1750927670,,0xacb4fa704c4a7092b3373d5c57443ed3261fdd18,,1751010659,2025-06-27 07:50:59+00:00
VoteCommitted,22794401,0xb29b826f426910046635e388c80bfc3fc5dbe5dcdfb896adbb33e7d807888dbd,1750927670,,0x074f2ccfb2716fc8b6ac579173f1aaeb1f759d52,,1751010695,2025-06-27 07:51:35+00:00
VoteCommitted,22794413,0x934a307e1ef769de73af934da37623807493cf4c3d0352130c06e269b1d91d7b,1750927670,,0xcc50808a98ab15312361ab4837f412b2d9cdda38,,1751010839,2025-06-27 07:53:59+00:00
VoteCommitted,22794423,0x71079ab00bac758d91baea467c39e6639ce2ce08c2cf8015eae0ddc0bb1ebe0f,1750927670,,0xb73812cce6f5cb7ada40a134b4b16aefbdbb9472,,1751010959,2025-06-27 07:55:59+00:00
VoteCommitted,22794423,0x73882a1bacc18ba2a0b9917d7c2ca421fb5d67310d5a42cf7418ca203de55573,1750927670,,0x20271ec8650e0990201ec5c785a5f3e8b51850ff,,1751010959,2025-06-27 07:55:59+00:00
VoteCommitted,22794430,0xecbab5f40e222fe0676265d76c20dce3964bd561e52c2ed8d1e361e0b9f90e75,1750927670,,0xf1de794ecf521ed64bdd4dd55308361511f87990,,1751011043,2025-06-27 07:57:23+00:00
VoteCommitted,22794442,0x3180faeefb8ca777737b13805b73ee0d9f90019ef4a8b0b5975255f66b1df3ea,1750927670,,0x910144b369ed067f8a2ea470ebcc2fdb31c0dd9f,,1751011187,2025-06-27 07:59:47+00:00
VoteCommitted,22794450,0x5d03106960124bbd8b5bf663da25d50f874a61a21e2c2c7fb1c927e245e3fe53,1750927670,,0x0b0221d279026ac38eec4e13408ba7966afb9fee,,1751011283,2025-06-27 08:01:23+00:00
VoteCommitted,22794458,0x5776baac7aad3c057a2951ff7093bc634abf0b05d334821e8442eb8bc2f931d6,1750927670,,0x8a74781b294238d74f86b0cdfd4ee7b1dbe55d7d,,1751011379,2025-06-27 08:02:59+00:00
VoteCommitted,22794460,0x59841fa72d53079decdd379921559cbc455fa750744270d208828bcd94a29a40,1750927670,,0x393950505b160607f40d11ab956c9406dbe6e4ce,,1751011403,2025-06-27 08:03:23+00:00
VoteCommitted,22794463,0x39cfc7e5940ea882f5f70977dd38ce4683d24f32ebbfa7b41864953a401ef94d,1750927670,,0x1921902db1b0967762f3ae86ae0675b2b3ddefa9,,1751011439,2025-06-27 08:03:59+00:00
VoteCommitted,22794492,0xd5e010ea1d0abd59a2946beed9aaeb29e82ab414aa924fc36d548f4e9f34cdd8,1750927670,,0x08bba63a49be5f7ee6dd58f30a757f5137d52be1,,1751011787,2025-06-27 08:09:47+00:00
VoteCommitted,22794503,0xa31e4acdf473cb6889b51f17bc0ae230999894134cf5e9dcf79a1447c39a6b6a,1750927670,,0xf0dc67c35b934a47704f5bcc1851398f57c7fe78,,1751011919,2025-06-27 08:11:59+00:00
VoteCommitted,22794516,0x35a5bde692f8a8b16e9aa74c5d86ce6e366e86da4e384765c957bca0085a602d,1750927670,,0x90daea825e9d43043c05725a4196382b881b1a73,,1751012075,2025-06-27 08:14:35+00:00
VoteCommitted,22794611,0x7faab2dc1aebf39151b7f5bdfd446773997d4f6b46c4b31bd465ec07f558415c,1750927670,,0x16d12711626310b5894783ca187bdafe7aa4597a,,1751013227,2025-06-27 08:33:47+00:00
VoteCommitted,22794645,0xee6db6ccc2291ed4436800145fc47d58543738598d56d05ffd2bdfcc366fd109,1750927670,,0x840bf8f06b175aa001b85cdb68b3378e8b14946f,,1751013635,2025-06-27 08:40:35+00:00
VoteCommitted,22794672,0xd1a8f84d203f5c1d4bbedd24cfb505df4407ab0be06e6428b29e54b97c3e7052,1750927670,,0x449ff548206132b1e0df2ed9da4f9de5c281d1c7,,1751013959,2025-06-27 08:45:59+00:00
VoteCommitted,22794684,0x1880456ca2dd6defa2050949f2a32b2a8f600021d570ea98bff38a7dd4e01a6b,1750927670,,0x8548682e561668a51f99124d998db97ff326e67e,,1751014103,2025-06-27 08:48:23+00:00
VoteCommitted,22794749,0xc395f758ef13386fb4e6b885a85b7457d825a1d5aa1009d51c9609f44fbfce4f,1750927670,,0x3dd78bf06fdfa3aaaa87b25635a8404b15551345,,1751014883,2025-06-27 09:01:23+00:00
VoteCommitted,22794762,0xce7a7970b3fe22c2c64a7112bf0fdf8cf8557fff1ddf6fa454b8486f607f7a7c,1750927670,,0x28ec3b46262c614df6d5a3ff2726c9746f1d1675,,1751015039,2025-06-27 09:03:59+00:00
VoteCommitted,22794771,0xde670702c25fea844920a45ce251a8b33d15e2e8266ecabde7620f57a6f77fbc,1750927670,,0xf0180d4561dbaeaac3b96b7491bfafc94cea4069,,1751015147,2025-06-27 09:05:47+00:00
VoteCommitted,22794773,0x33c586bd0d53869fcad23e4b8e4c7fa3fea7b2c0d89d96d4c5aed0224456b2de,1750927670,,0x95afe39b111176629ba6ee5f2c1c86ef973226fc,,1751015171,2025-06-27 09:06:11+00:00
VoteCommitted,22794783,0xf4e868a93faf32036480cbcb29f1fa754b81c40e360c23b1d70d56bdfe683808,1750927670,,0x8b64673c9a482913a6e2c1298637532947cd96ee,,1751015291,2025-06-27 09:08:11+00:00
VoteCommitted,22794900,0xa25f292efd8e7983997438c5a59ee54cfebd08d60c653bfd75ccd324d09df314,1750927670,,0x1a0d30c0d36ec7fbd1082ce54443acb68ddaf351,,1751016695,2025-06-27 09:31:35+00:00
VoteCommitted,22794948,0x638f2ae2cdc43cb15d49df8fddf82761ff3d4c7eb129637fc4ef8c3b516b569f,1750927670,,0xa7b9d5fc54eb3ffe1985a10e28d045a9b89487d0,,1751017295,2025-06-27 09:41:35+00:00
VoteCommitted,22794955,0xae7c1557a5abbc59f407c3df3d0a1a4acc1df01301c649ce939460ddba92b60d,1750927670,,0xdb2808ed6cf0b8b9686222689cf4f6e88e42b80a,,1751017379,2025-06-27 09:42:59+00:00
VoteCommitted,22794977,0x61e3b184a93232281d447e2679799825fc402d9c41ec39d631afdbc83a6f584c,1750927670,,0xd27820b61868f0a039664aefcf789acb5c2c5a26,,1751017643,2025-06-27 09:47:23+00:00
VoteCommitted,22795027,0x0187c0ce075138ccf2b7e298fabc9d5051248d474881d670f95765da6aae0259,1750927670,,0x65afe015bd9850b3374ab67753e8d641d4742482,,1751018243,2025-06-27 09:57:23+00:00
VoteCommitted,22795036,0x42b205a58c26372224b5cafc013c5ae6b3c7fc87d2f124f374eb1487b4070697,1750927670,,0x6564c6c44ef87e3bb32d7987317869817380340c,,1751018351,2025-06-27 09:59:11+00:00
VoteCommitted,22795039,0xb6336297d443a47e9afa68507e65498bb961b810034e55cbad649565607e67c5,1750927670,,0xfb1f7ed82c240c0515bb4670ec8837701313a12c,,1751018387,2025-06-27 09:59:47+00:00
VoteCommitted,22795056,0x5b38b66e90f9033f9431556208c5aadf870a8b35c385343eeffb39d28a53db53,1750927670,,0x104d86705c46e9422b803af522b43809f1c8e4e9,,1751018591,2025-06-27 10:03:11+00:00
VoteCommitted,22795070,0xfb7675c612b69600360625fe7548557e1114cce90dc343cd5daffa1450ae2d10,1750927670,,0x09397d66b46a796ddb4cd7d340e3b063ab89befb,,1751018759,2025-06-27 10:05:59+00:00
VoteCommitted,22795153,0x1fb2c660c8d3fe4f58d633c432365218db992245b3b2da17298144b4e5171a4a,1750927670,,0x7a409cffa9257d9de043a98a2034254eff7cbe8a,,1751019767,2025-06-27 10:22:47+00:00
VoteCommitted,22795196,0x27a0b4e15ddcfff8dbd04d1712b59ca73f832c1c90817c0363b7e7321ecfee9c,1750927670,,0xf3b699d889361868d7b82c8bf41126b18ddf99bf,,1751020283,2025-06-27 10:31:23+00:00
VoteCommitted,22795224,0x9ef50907f1dd3a235d6edf2b97d7391d1b563374f5db7fb4426aa72153d9a825,1750927670,,0xfb043bbaf380a06c01750ce0a6324e38ed11110c,,1751020619,2025-06-27 10:36:59+00:00
VoteCommitted,22795270,0x15e0bc35ec14e8d0466db463726b7e8e21efc42e7236777390d6d9bc715bb480,1750927670,,0x2b379bfb86e900fe8f3a1434ee79097aa5b883dc,,1751021171,2025-06-27 10:46:11+00:00
VoteCommitted,22795273,0x2d08e2d8893756404dcf427bee4d79b105fdd57ebc40aa3ee4b86eeafcef9ff2,1750927670,,0x10494f35fc94cfb34e4dfebd99e6d665c8dfc8e5,,1751021207,2025-06-27 10:46:47+00:00
VoteCommitted,22795283,0x8787a335c6b466dea715837f8bb7e141ff7ba6b88b40cfc30830849dc7282646,1750927670,,0x2947a935212f877fdfe65598254d5ce4164132a5,,1751021339,2025-06-27 10:48:59+00:00
VoteCommitted,22795292,0x093c0366291ca10f2c31dd6c262db6617e576db89d1bf66f153fe5752c35151b,1750927670,,0x3b9ffd4ceffd768df16d79e7492a1bffd087c44f,,1751021447,2025-06-27 10:50:47+00:00
VoteCommitted,22795303,0x990131cd16ff481e8015578c0844ce839fa30a9cd341cc57b4089bb73b146936,1750927670,,0xbd9d10d381abec81d8c35b6032f44b7abc7a98eb,,1751021579,2025-06-27 10:52:59+00:00
VoteCommitted,22795304,0x5f88e93d586b9df74d45cbba45bae03ff95f0b3c26cc747ac3991f7bcd767e14,1750927670,,0xc573ddc59824f248d3688df0474805f35c2c09c1,,1751021591,2025-06-27 10:53:11+00:00
VoteCommitted,22795319,0x55018168c89ab1fb2b63c6b5eaddc4fc5bb8a047155c9ba53891cde004d9aff9,1750927670,,0x89bebc6265fa32861e38ae26e112aa4694b9103a,,1751021771,2025-06-27 10:56:11+00:00
VoteCommitted,22795329,0xeb22762fa1c87a2d77e20f9fae291bba0d33e70ac64f04cdaddb6b2e97132e14,1750927670,,0xa8b8f0b17ed13a3663a8e3f169c42464adddb984,,1751021891,2025-06-27 10:58:11+00:00
VoteCommitted,22795332,0xb79ec1be84ee63f99d205ccb271927988b3e1794c36968531a0eae8a2d448d46,1750927670,,0xf0259b01bf6dc0aa12b8d4483fdd7f6290fcc7b1,,1751021927,2025-06-27 10:58:47+00:00
VoteCommitted,22795342,0x93e410a2b5741f9a396303cad200a966dea313f30c8e8ccb7ae79a28ec6c7a76,1750927670,,0x8e561b9823d9bf7067f5f64980ae26b6b9969e77,,1751022047,2025-06-27 11:00:47+00:00
VoteCommitted,22795347,0x0365e1765648ad225086f398b38e3f31b8499a9294bfd959e2f23f4c7a33125b,1750927670,,0x568967ab58e2da9536b8a8102f453788c7e982b0,,1751022107,2025-06-27 11:01:47+00:00
VoteCommitted,22795352,0xd77c7b753a6cfaf4ff1a9047f2adde49e30ba08912c904eb6d0d4339f9624929,1750927670,,0xb67a6e67072025c1db86e552dc17f7bf9c296122,,1751022167,2025-06-27 11:02:47+00:00
VoteCommitted,22795382,0xf1b3c6106d10722abcc3f335aaeae71e7e361446e7a7831068961ca627af8225,1750927670,,0x9f9a6867d9ed4630dac6d3f9c125248600df03be,,1751022527,2025-06-27 11:08:47+00:00
VoteCommitted,22795440,0x30b6e138b2f4cf715a15d1fc950255d99727fa61e4cd79e84463f4bf51798bf1,1750927670,,0x101ae23d3cf1efc40383697a657e9d9ef873b9e5,,1751023235,2025-06-27 11:20:35+00:00
VoteCommitted,22795478,0x3e214a65c2b78c0a641535bbe03db8fe65dcf1264628a1e18e8a48cce240a6e2,1750927670,,0x8bc1f33e91f19e0d27051819d8d8f88e29444230,,1751023703,2025-06-27 11:28:23+00:00
VoteCommitted,22795493,0xc7c9f47118fcc019ca5845c023403829ead1c02ae6b74d7ec990c6ebe1fb9649,1750927670,,0xc6c323b8b7f644897e32192c75342a1131a3d292,,1751023883,2025-06-27 11:31:23+00:00
VoteCommitted,22795493,0x5e552385442dd3adb7f939e7f2c3f64e9ba034d7c218eeb6f664bc387c131b28,1750927670,,0x5071e6d385f584b5875166563c1670460905ad7b,,1751023883,2025-06-27 11:31:23+00:00
VoteCommitted,22795500,0x9faff438fd32a668d81e46650b6be9990711f31c6c521050e3e8dd799f7cb885,1750927670,,0x3e1b1a4a8fba26e80f4678d3ea3ac1daca78523e,,1751023967,2025-06-27 11:32:47+00:00
VoteCommitted,22795512,0xf4b7ae06d1451e032a8fad5e0b37307b1c00a598d554d72ab109298037f66f9a,1750927670,,0x9fdb970aef60007fee4ea132b5f4ebc376740aea,,1751024111,2025-06-27 11:35:11+00:00
VoteCommitted,22795548,0xc79fa61c9b246ba2a50b4fc22f6a059bb83e33bb5c7690195ea098d22465494d,1750927670,,0x74e4aac1ff7105ee7c23f240e78e9820ec3d9053,,1751024543,2025-06-27 11:42:23+00:00
VoteCommitted,22795553,0xfc9801e29a768fb94a32f108465a32080916d451c4804b70c4833103412f63c2,1750927670,,0x68c1363a6d70ae1b37bb92099764f4cb06ad859a,,1751024603,2025-06-27 11:43:23+00:00
VoteCommitted,22795596,0xacb8ab8b52362aebec7ec220de024390f4198f78ee0ffa51ae335ae14b9535cc,1750927670,,0x80cc06036fb903f0dbddb5a14d595f8fc79aca98,,1751025131,2025-06-27 11:52:11+00:00
VoteCommitted,22795637,0xe84a4ee49cdfe11d4299399a460724269f9a0d19acb9336f7e88b37413d50542,1750927670,,0x72b583cce10f64d9307a70d3877db05bacc13236,,1751025623,2025-06-27 12:00:23+00:00
VoteCommitted,22795671,0xbc9246a46a7db31ce51e1c3e17ca9aa12b38758840168716642d74335297f6f7,1750927670,,0x4c0dee7fa0f6e3693abe2937111cde4b5a00ff1d,,1751026031,2025-06-27 12:07:11+00:00
VoteCommitted,22795672,0xa7d2feefcda49087c259dc90fb45458f360aa085e32860ab0be06d02b5d88a61,1750927670,,0x7595a3964a77df4858648bbe4c6ca4a3c69d8027,,1751026043,2025-06-27 12:07:23+00:00
VoteCommitted,22795673,0xc729fbf6ec71b6188022e182d3a87d162504747c92ae066fc25bc52983564478,1750927670,,0xea8d60baf7088c0c46242dd46237eca2f403558a,,1751026055,2025-06-27 12:07:35+00:00
VoteCommitted,22795675,0x0c12b6b92eae5ee6e4b3b5dcaf26249f36e5798195b1f599bf666a55e44d1a51,1750927670,,0xde26619c377f3be82eec1ef59aad46a20681dad7,,1751026079,2025-06-27 12:07:59+00:00
VoteCommitted,22795676,0x14a5ba992d428817f0d73987255a1e24a3247bdba0f478e0a30fe155db9530b1,1750927670,,0x1cc972ff969689873f8010bdd0cf3dc30618397e,,1751026091,2025-06-27 12:08:11+00:00
VoteCommitted,22795678,0x56b6f2349aa55b68ff18099e515fe213248b9c7ded27a6a22f26f3c293d25378,1750927670,,0x465c19bee117a1709745223bcbe14c5416b0d022,,1751026115,2025-06-27 12:08:35+00:00
VoteCommitted,22795679,0x97cabdff4a54de4d4bc90b92a2b31efca1eb54f80585efa86fcbee9707a751b1,1750927670,,0x628023f53587a03eac809478bafe9898779a57bb,,1751026127,2025-06-27 12:08:47+00:00
VoteCommitted,22795681,0x668ff718525b03011e8be9d9d679a19a6f22b4d81439b5769cd852e4a3886e26,1750927670,,0xa31c2232842e631ccb2d2e4110b356bab21e6020,,1751026151,2025-06-27 12:09:11+00:00
VoteCommitted,22795683,0x8091be1d93ce1ab3bd639a7034693fe34a879a095a20463a0af54798fb77e7a7,1750927670,,0xe7488e7f5c60bfa81d38965c02b4cc5aa6249a11,,1751026175,2025-06-27 12:09:35+00:00
VoteCommitted,22795684,0x968f869c9405c5b7b8d5cb28c58fbbd8529aaa5523afbde9d039a15dce7c40f9,1750927670,,0xde0aef70a7ae324045b7722c903aaaec2ac175f5,,1751026187,2025-06-27 12:09:47+00:00
VoteCommitted,22795686,0xdc1baa7d216a7d7dad6a986d82c7ff8e27aeb2774bbc0ab332ed8a40ce143b5a,1750927670,,0x2a82c67a5acc3332721b0af2739497bd893ec9d8,,1751026211,2025-06-27 12:10:11+00:00
VoteCommitted,22795688,0xf62008cbea2dba2ed6859406361a7bcc88f5074c3c5648dc060fbbc5ecef4e1d,1750927670,,0xb48369eeba3cbca5957398a618446fb6a53128ab,,1751026235,2025-06-27 12:10:35+00:00
VoteCommitted,22795689,0x1e380719ddadfbee286bcdb923ebeb5347fda09a9ab56e8547af8d72fafa71c7,1750927670,,0x1306ae61242615df58260ef0219aac87ac31bc55,,1751026247,2025-06-27 12:10:47+00:00
VoteCommitted,22795691,0x400f28aff0e40eff3e91f8fa3bf8b535bdbb6e8a1a6f36b6522dd9a1945ec4a5,1750927670,,0x55e026d5c5cf81094ed8e8a6bc8191d28802c952,,1751026271,2025-06-27 12:11:11+00:00
VoteCommitted,22795693,0xb8e64fbe33eab72e81352c3016f926580d30de9845522f0918ba6bb292d743b6,1750927670,,0x1c80ad40014cf912545cc56fc626faf2206dd09a,,1751026295,2025-06-27 12:11:35+00:00
VoteCommitted,22795695,0xe2f882a87f07001ae9ab59f32fa9e233a830f6167ae00b645c6190b4c8674b7a,1750927670,,0x1a463c02cb1b6f1ea7273f41f7fa46aeec43cbc4,,1751026319,2025-06-27 12:11:59+00:00
VoteCommitted,22795695,0xb06881333e604c8ad02286a9ffe3c6c5d9446b35c3bbf90a804e0866780ab915,1750927670,,0x9e43052ffb31e82b13a57079bdcf2c731d6cb563,,1751026319,2025-06-27 12:11:59+00:00
VoteCommitted,22795697,0xa27a483867863e5a968e60da988b5bc54f0fac216b98ecc1443bdf9e9aa322c7,1750927670,,0x8c4809d3ad6b05ee765b36807d7c6c6b3782b938,,1751026343,2025-06-27 12:12:23+00:00
VoteCommitted,22795699,0xaf650eb95c6b311fd3e7252c4f24606ff03220d6905c9ca118b29305de2c92dc,1750927670,,0x0293cdbe2b126df9ccce4eee24ffe1a58cbaf77e,,1751026367,2025-06-27 12:12:47+00:00
VoteCommitted,22795700,0x3f6999a3504e5fb331531b03d88cb6b8e297df490fa7738dba7991d99aa318e1,1750927670,,0xe3b03d4dba836e2457007e7a6e78aefdffb11d12,,1751026379,2025-06-27 12:12:59+00:00
VoteCommitted,22795702,0xeb0f4e4a7aa09c5a995c9af086b9ccf5f8462ac437ab70d20a3a4295ffc87d40,1750927670,,0x57cbb4ca7776349ad24f2dbae8dfed2989a30f3e,,1751026403,2025-06-27 12:13:23+00:00
VoteCommitted,22795704,0x734379a77b72a8142b3303a86fc43dd77c0c1aab0427e49dc95220ae77e920b6,1750927670,,0xbb1ff00e5af0f3b81e2f464a329ae4ee7c1dfba5,,1751026427,2025-06-27 12:13:47+00:00
VoteCommitted,22795706,0x42acd8d5bc6c21e2a0c8a03adad0bbdec3e3a8466e14462e8ffdbc8a164c9e7d,1750927670,,0x4821eaeb37061e3c26b2264838e788f8de06bdcf,,1751026451,2025-06-27 12:14:11+00:00
VoteCommitted,22795707,0x8fd93361adf906982e8606d5e710c51bb590427db25e27f5b85c8592db699eea,1750927670,,0x87a726a806f48a435d8bf627678c85f26b46c1b6,,1751026463,2025-06-27 12:14:23+00:00
VoteCommitted,22795709,0x8c0dd269e2a4b76ac1af6dae223c263aceeb9bf827ded8b4d77cee4f04fff8ec,1750927670,,0x5a7c58176c6f210365d017ff360fa806c532ee4c,,1751026487,2025-06-27 12:14:47+00:00
VoteCommitted,22795710,0x5394bade055e6127e7125bc1849a65ce66556bddc70d018bc590dcc7666dabe7,1750927670,,0xc4eb54c0e23f47c3a062e74d91f9e61d59b99946,,1751026499,2025-06-27 12:14:59+00:00
VoteCommitted,22795711,0x13cd43a0aeda0b2e6032c52f1ca6c341602bf184afee0f8b7e477eddbbbd12f2,1750927670,,0x110f0b1faa1cb6eed49883f960808c95f609f6fd,,1751026511,2025-06-27 12:15:11+00:00
VoteCommitted,22795713,0xe991d1a4b9b3fb4be1013be41e62f381e0cebdcabfc5099c7f5694f094309f0f,1750927670,,0x949758647d0390cf44a0f244615b019c2429f769,,1751026535,2025-06-27 12:15:35+00:00
VoteCommitted,22795714,0x0ac204ec7f5288fb8be5d00415b80fd531c63cf8d1abde394ae4a2142bcbd7ed,1750927670,,0x24eb1c355c05439819a23dd0842d5d038d1ca05a,,1751026547,2025-06-27 12:15:47+00:00
VoteCommitted,22795715,0x4b9adb78ace771874f362627f484f2cc74901813c9919315719b13666f4f3f02,1750927670,,0xf33e833707e9303d00dc045af440ed19b9dbdb10,,1751026559,2025-06-27 12:15:59+00:00
VoteCommitted,22795716,0x89945905027d96e29ef4196894366dd58e0f91b482291da8f83aee21952210d1,1750927670,,0x578403fbd9198742cbe068d04f11e206f692a1ee,,1751026571,2025-06-27 12:16:11+00:00
VoteCommitted,22795717,0xa7afaa16220887bfd195337ccef01c3e3e4ae48d984c120689fc65171623e8ce,1750927670,,0x6e86d1f305e43dbd3d39df7c736653236fd42587,,1751026583,2025-06-27 12:16:23+00:00
VoteCommitted,22795719,0x45a5856d95339ded0de5b271904b1ca9f54263bf3450fbe32c2b606682e14526,1750927670,,0x6fc5b81c6c117015fdd36fdea25a9c1ec243daf1,,1751026607,2025-06-27 12:16:47+00:00
VoteCommitted,22795721,0x001e36e874889dff6dcecc70f002afec2e218dd04baf3245d522ad05ff857caa,1750927670,,0x8782ad397185d119e44a44c8138036386fd932db,,1751026631,2025-06-27 12:17:11+00:00
VoteCommitted,22795724,0xb9b6bbb321055ffdcd4935849757aa9077a1e0e171dd99ed9e772b917dbd1054,1750927670,,0x519ebedcb61498e2ebabe8d8b9ff8b168fa5fb3b,,1751026667,2025-06-27 12:17:47+00:00
VoteCommitted,22795726,0x2f51b29d2fb06ee6720d2d9fe3005534675db5750e0d6a3989feb78a9b7d73e5,1750927670,,0xe5e7eb7b5e89866a6d852f55bfe363efd50d2f19,,1751026691,2025-06-27 12:18:11+00:00
VoteCommitted,22795744,0xfdbcd66360bc4ce8d361b7cf3355dfb01608d3e93184de4c7e06223f39324a95,1750927670,,0x36ce63c738971b948cf0afb842b7617254c15bc0,,1751026907,2025-06-27 12:21:47+00:00
VoteCommitted,22795748,0x788cdf06a76f62a188f0b7064591d3c67ee7ca4e0d4154bc09b81335f14d7d71,1750927670,,0xaef6a3580a365c524a5bc9aabeb2a13c2a1a7b7c,,1751026955,2025-06-27 12:22:35+00:00
VoteCommitted,22795756,0x91e0a0c4a53a1aa23a1e02dff21889a47beea0f42941a0a8574a1dde3bec8967,1750927670,,0xcb4bb9d616f27dc84a256b768b4c393fa8010caa,,1751027051,2025-06-27 12:24:11+00:00
VoteCommitted,22795807,0xa1b7903948efe6d65b9e089b5fa437b86f2efb6cadee7d5829abd561a7e2fb4d,1750927670,,0x3abebe2bfd423dbb6357674476d44e9bd178817d,,1751027663,2025-06-27 12:34:23+00:00
VoteCommitted,22795833,0xdef13163c899da370770f0e0253a129316e0d4b6dad88ae60469b375ccc7ed57,1750927670,,0xa85160a81da205ae57f6d55f16c9c43d773c7438,,1751027975,2025-06-27 12:39:35+00:00
VoteCommitted,22795845,0x494ed87ad401336169b56c40d3bf2aecc834abdcb40b351e54993bfaa981390f,1750927670,,0xc3ac3355b2686fa503246a92e34d0b7261b39d6b,,1751028119,2025-06-27 12:41:59+00:00
VoteCommitted,22795852,0xd4be199bcdf3013e8e343051391cb4dda402ea5cfb998a2abbfee85f080a1584,1750927670,,0x5ebc1d2809f4dfca9cb518efd2307fdffc36d55d,,1751028203,2025-06-27 12:43:23+00:00
VoteCommitted,22795854,0x1b0cb4ada08caa4e7b7adb0f75f9e818279c36ae0ffb779549e73931c25c2dd6,1750927670,,0x2488a154ca8e174bd3bb0648d19f24855d587238,,1751028227,2025-06-27 12:43:47+00:00
VoteCommitted,22795855,0xee9602664de879b2a6410b83ccda6c7c99838abc17b5e9b347506f9165b3d2c7,1750927670,,0x56d769f02e20c6c416d6583879403181e0f37226,,1751028239,2025-06-27 12:43:59+00:00
VoteCommitted,22795859,0x99bbbc1a7a6d4eb41512a367b4ac7955c22cc61cbe29f6862253f7b309e2f64c,1750927670,,0x73cde0e4f0480ea6b98bfa292ea936685716af4d,,1751028287,2025-06-27 12:44:47+00:00
VoteCommitted,22795898,0x9304c308706b40ba49299ee902e4543e17561e3f7f7b3c72f265b22f41154802,1750927670,,0xf3c12244c9b1c56f8f5f44b8466c2c14fed02329,,1751028755,2025-06-27 12:52:35+00:00
VoteCommitted,22795904,0xa9687d2e3ee5d4d368588eb88a0159322c34e6470fefa6dcae449aae14b41c9f,1750927670,,0x8030d8a67b9cf4db66919dfced572ea9db451ab5,,1751028827,2025-06-27 12:53:47+00:00
VoteCommitted,22795923,0x097b15cb6c88f79edff2ea03df2633bda2deef721ce339b4b9ce1ab701ffadfe,1750927670,,0xdb4d5a3e683df965ce509ef191d979e77543bb4d,,1751029055,2025-06-27 12:57:35+00:00
VoteCommitted,22795925,0x7c4098f894edaeb346aae24ae089b7268b31649c383e589cba5b102f2cb30d11,1750927670,,0x37c5db6f455f1cb3274ebe67582c92d04c4f6545,,1751029079,2025-06-27 12:57:59+00:00
VoteCommitted,22795943,0xef86c7a02825d2660da70fee6e80c32dd173b3f2baf39c42c3c33793cefdd93b,1750927670,,0xea1e010e379f1fa9d74022c6655ebe7ed5f64f9a,,1751029295,2025-06-27 13:01:35+00:00
VoteCommitted,22795991,0x2fd6be394c92933dc0714877075e757b31a915402fc6950c9efd46e32484112a,1750927670,,0x4431211df49f9a51cbba89467a524985cc809080,,1751029871,2025-06-27 13:11:11+00:00
VoteCommitted,22796031,0xa8b9bf22e75e2fcf994a1bd84b57fd88df126226b9c9feec9c182ab54c668d2f,1750927670,,0xa9b0d5c5e012cb47dd473fe3cea272b5f716c344,,1751030363,2025-06-27 13:19:23+00:00
VoteCommitted,22796058,0x2ef7918cd98707dc9ff01558c87c0fd3efe9b1120ae63a65f641b1156f351ab9,1750927670,,0x9363f12775feaaee32d48ba6e21ddd6464635adb,,1751030687,2025-06-27 13:24:47+00:00
VoteCommitted,22796064,0x59bae79127e04e04d8cd868e4387a8ab9c9856487395badf3fa9fda3a4ee3ca0,1750927670,,0x92d76b5d5ee767a4a90719a9a910936dc4006fc6,,1751030759,2025-06-27 13:25:59+00:00
VoteCommitted,22796120,0xfc24dcfe3bf4774b93469bb8979e7b87288ef16ccd1bcffa4f0e78875791de19,1750927670,,0xf548bcf569fb953bf4f9dfbb67267d5824c8da63,,1751031431,2025-06-27 13:37:11+00:00
VoteCommitted,22796329,0x4f4d6da54817d51b3c0902dc8d07748fad5d58540ffa3c183c4f8931788f2b44,1750927670,,0x53d0755830ed64294d3e0736b744a1c8eda0d897,,1751033963,2025-06-27 14:19:23+00:00
VoteCommitted,22796341,0xd55ed3ac6666693e06d4b2967a2a2e92d0ad51b897cd3487ec9451f827382e55,1750927670,,0x5b7ec1ba8af4579119ae7fb4bfea36bb9b8c78a8,,1751034119,2025-06-27 14:21:59+00:00
VoteCommitted,22796434,0xd249ce426ef5632178c66d3787128a80b56b3fa4226278a23bef050ca4a739c0,1750927670,,0x35041bcf4455468d1de0bfa0ffd9ebe9ec6cec2b,,1751035247,2025-06-27 14:40:47+00:00
VoteCommitted,22796448,0xbab25b5ad33e24554078ed961f965228569942be310057ea4eddbf9aca4ec8c8,1750927670,,0x3d59beb57234581028c4285a0b215c08bc53baa2,,1751035415,2025-06-27 14:43:35+00:00
VoteCommitted,22796593,0x19d9d1576a6921e78523b6257701e231ce3b0815beb7bcb9489c1c323119fb25,1750927670,,0xdf67cba8261c6d8c15c735009f61e2cc9f852de3,,1751037179,2025-06-27 15:12:59+00:00
VoteCommitted,22796604,0x96ff8ccae71dc54e862b33a10691003694ddd6c1c123aa798e0ec957cbc04ac3,1750927670,,0xdc20465fc7d1fad0c1432ebc1c7a5f12a4a7021d,,1751037311,2025-06-27 15:15:11+00:00
VoteCommitted,22796667,0xdbf6e9e0ed454be779a9864d1101ef279e20a672f3b9d0ca0a15f11a87170064,1750927670,,0xd431b7c1433fba9a5aa5330e5211f4773b95e9d9,,1751038079,2025-06-27 15:27:59+00:00
VoteCommitted,22796833,0x352c2c9508acb49160179a3eed98fea4cdb00ed67f0c9dc69fcc3d61f9bf895c,1750927670,,0x7b51bfb030e888f047a29de664940035a47ef56b,,1751040107,2025-06-27 16:01:47+00:00
VoteCommitted,22796853,0x09afabb5033ee108273b7f1f0d85adea4fd197cd47bf472117822836f1ed30b2,1750927670,,0xe6b5a31d8bb53d2c769864ac137fe25f4989f1fd,,1751040347,2025-06-27 16:05:47+00:00
VoteCommitted,22796902,0x0f5e04518e1f2e6ac136005c874e26f5dd85885386d5e94b408367a76cd64e4b,1750927670,,0x2021c62c6abd6274e09549adea5c368d2cc8646e,,1751040935,2025-06-27 16:15:35+00:00
VoteCommitted,22796996,0x718eaa82baf8666f42299690fc6ea6b6a95b2ca3cd07d0137591050fde87079f,1750927670,,0x336b9de28d67d692c31df93a9b8630b2fa50d88f,,1751042063,2025-06-27 16:34:23+00:00
VoteCommitted,22797062,0x8ddcd5688d9d70c73701dbbfaa88215c71994cacb7690ce59717e796998e1f7d,1750927670,,0xaa9ef398f6fbcc765617a9c451b2a4e749ddd624,,1751042855,2025-06-27 16:47:35+00:00
VoteCommitted,22797064,0x1a2c94bd06454e3701009ef29927ecedddc210d10e10aabac68abb549a3e9d9c,1750927670,,0x88d13fcb82de0d2950245a2db68a0d8bc235f1e1,,1751042879,2025-06-27 16:47:59+00:00
VoteCommitted,22797154,0x502fe467425c0cb66ff9b66fa49d5761cc05fa05a49db5e80748bdb8f2f0bd9c,1750927670,,0x9baf193cbca6267a4d1f76be78a49b52ef960a44,,1751043959,2025-06-27 17:05:59+00:00
VoteCommitted,22797228,0xe15d78b52cf3bf400e6363928d6c65f4135f6ab3792a2a23ef22ad6ab53e3855,1750927670,,0x18fee6e511646b8ea2e4964277574f637bc03f3b,,1751044847,2025-06-27 17:20:47+00:00
VoteCommitted,22797465,0x414a76ed51b5cf2be4cba12fa30db3d53e126b883ac3b2adec700e0b0c56509a,1750927670,,0x5c2e7b98288be54c8c468b331a5b0dcb57b9d55e,,1751047751,2025-06-27 18:09:11+00:00
VoteCommitted,22797488,0x727fc5a94a7fce77cff12aa58ae505f2186840dc0e7e8462cbf37a09d85b8ba8,1750927670,,0x66ca133ec691ca210251fcd4c963ba220515225a,,1751048027,2025-06-27 18:13:47+00:00
VoteCommitted,22797499,0xb56026a5d89a2229104112dadedbc3a443df600c6a076269181b1a133c63cef0,1750927670,,0x69d0a6ccb76f3f7ef96dada03b01b555e76fa819,,1751048159,2025-06-27 18:15:59+00:00
VoteCommitted,22797499,0x6ffc902b49d98b36dee4e692383e06023288768fd8841a45311723f4ee8e3f13,1750927670,,0x8d61d0bbe21f6f3c81cc6b0d4ba6164b911f27bc,,1751048159,2025-06-27 18:15:59+00:00
VoteCommitted,22797512,0x9f0c1cb716136048da4047e4e2f962f9bc7c7b5c755a8f2c737ef7f69169987e,1750927670,,0x66ca133ec691ca210251fcd4c963ba220515225a,,1751048315,2025-06-27 18:18:35+00:00
VoteCommitted,22797544,0x6fcb75ba3e5da296fd7399cfec575e4680c16b637f646440d1bdd70673375fcf,1750927670,,0xfec2ade141272f5271febadfca5d21ca30fc04a5,,1751048699,2025-06-27 18:24:59+00:00
VoteCommitted,22797677,0xab9d750005163f4bd66216889c6b9c526952ac6970cfd68707ac69ca4f3cf55f,1750927670,,0x2d51f7645dd96bcac85a62a3affd70a419776f52,,1751050307,2025-06-27 18:51:47+00:00
VoteCommitted,22797716,0x4a81319263514dff6a9a4f220bb55ddabf6516eb3ee3a455e54b02b1d97a4016,1750927670,,0xe63757e3cd485c9b35b3a972fffa2d91b8649483,,1751050775,2025-06-27 18:59:35+00:00
VoteCommitted,22797726,0x70f68b3499dfce5dcb7ad4a66be152424938ec39ef55362ac9853130eaa35c11,1750927670,,0xb731ccc5f62e99ea25220bfd73c3867bb5205790,,1751050895,2025-06-27 19:01:35+00:00
VoteCommitted,22797746,0xda7b65433f76a2641b2ededeccb4c918367a69a7aa90c1937ee0824eda594a82,1750927670,,0x30b2daeb3757b6c7462cd0d776828f8d7398be50,,1751051135,2025-06-27 19:05:35+00:00
VoteCommitted,22797794,0x743e4026410644ecfb66c56bec5a5d4e96c0122ea830b4fc795f150e3229dc0b,1750927670,,0xdf505b8811c4cd09c40e1c02e908d6fe36c2ffda,,1751051711,2025-06-27 19:15:11+00:00
VoteCommitted,22797810,0xf94ffaf1deca9b8956009ef13946495759bc7660e78e266ddaf6b876ba695cf0,1750927670,,0x75648bc6eec955cfebf93b25f6874aa2c2b7ab8e,,1751051903,2025-06-27 19:18:23+00:00
VoteCommitted,22797851,0x7d01c627dfb24b2be2d566f1ff208eb0daf59949ffcdc0881b51e26c56c4af5e,1750927670,,0x9b8f31d4a132cfd3425eef49076e56e60dc1ed2f,,1751052395,2025-06-27 19:26:35+00:00
VoteCommitted,22797859,0xa97428e494c4a56412e8c0a7f4d5cbb9f15d2c5156ebe0d6a9779ae2a4c5101f,1750927670,,0x487a5bbdc6091be0e27c0e8ea283047d94862538,,1751052491,2025-06-27 19:28:11+00:00
VoteCommitted,22797874,0x02106ddb26eee97016d26c327025e6bc0120e7556b178ca5686d70052d5a7173,1750927670,,0x8030d8a67b9cf4db66919dfced572ea9db451ab5,,1751052671,2025-06-27 19:31:11+00:00
VoteCommitted,22797903,0x64f8586afa4a229f8cd693b0525223396368979ccac24c39f725015f921c80a5,1750927670,,0xfee5be290d4a1a50caff611389ba2120a4095d78,,1751053031,2025-06-27 19:37:11+00:00
VoteCommitted,22797951,0x833d52e648659d61a80e6cfae7bacae51daff6a6317e049540886103b2a976b6,1750927670,,0xd9f9f15e1dcda849a48ee048892c9b31287c7598,,1751053607,2025-06-27 19:46:47+00:00
VoteCommitted,22797957,0xa0019ce639785ad40b4d8e36c74eea8384fab4e3b67efd5bdde263eb7d5833b4,1750927670,,0x48c7e0db3dad3fe4eb0513b86fe5c38ebb4e0f91,,1751053679,2025-06-27 19:47:59+00:00
VoteCommitted,22798006,0x8f26a473254f89042fed9d68e2261ec0c4ed1799b8c6e150df58474c628b6e32,1750927670,,0xbd9e1684f8ce34c9652bd4d0dcec3d82e4e8baa7,,1751054267,2025-06-27 19:57:47+00:00
VoteCommitted,22798027,0xb1f1938d3f92552890fa8a3aca83ff562a8e25dd26dd9036e9799b7702df1d1f,1750927670,,0xf659a672600f7c9f6fac317f884f8c76357fd48b,,1751054519,2025-06-27 20:01:59+00:00
VoteCommitted,22798183,0x3fbfc610be14d92f2140cb5c85cac7864883a46bac52abd8a1eb08214b9db81f,1750927670,,0x4863fe62d4cd3718bc0c104ec0cb45052d41e44f,,1751056391,2025-06-27 20:33:11+00:00
VoteCommitted,22798265,0x3ac91b2828c84704b39acdfab8f03ec59d28a8e54eb7c5d2a20aab1cc28c6dc7,1750927670,,0xb524735356985d2f267fa010d681f061dff03715,,1751057375,2025-06-27 20:49:35+00:00
VoteCommitted,22798286,0xefbecb80b2ec9feac95c46fd39ab6c5fef67748d48744feda3c11f9238062188,1750927670,,0xa4effcaa060edd222eb86d33beb4df518805a5ea,,1751057627,2025-06-27 20:53:47+00:00
VoteCommitted,22798307,0x0e93178169552f49fbec93551158061e28788b4f1a6d6330b89dfcf14bae8c13,1750927670,,0xc12fa1c74c5d97c8eae9c16ab9df28837d9d39ee,,1751057879,2025-06-27 20:57:59+00:00
VoteCommitted,22798321,0x5e3d2104c8f07ccda979ad2a634ede6d3088cb5cb3cf9a283b82477e8d28ea76,1750927670,,0x18f7f5243263e84ee8de50ca6c704b3415669222,,1751058047,2025-06-27 21:00:47+00:00
VoteCommitted,22798442,0x492cc48e774319732c6e8755a44999f896aaecabdcffc59b14eb8a8a0069217f,1750927670,,0x6573e30ee0ad46bc9afa0c2adb0d3f147d658efe,,1751059511,2025-06-27 21:25:11+00:00
VoteCommitted,22798475,0xacdf9a7979f772a0c4c2860422bb5d398f5a0d97e86e6f215a899bb16a621a27,1750927670,,0x1515f9d20a8df64c72f0d35baf5a5ec079c4490a,,1751059907,2025-06-27 21:31:47+00:00
VoteCommitted,22798489,0xe2cd3771339b31fe9bf0c38683a509d9ab159f4c5c50f3daf45aa12688fb8e67,1750927670,,0xf0027afb0cfbaae582e21d96e2761b0b07bfbfb2,,1751060075,2025-06-27 21:34:35+00:00
VoteCommitted,22798499,0x57e451d173eda85818420fc0837c1f1c711d1e896e5ef4f96f876d23d35ebb53,1750927670,,0xd32e46eb8f5f7e2d89da68ac7abf96ab186ebd3f,,1751060195,2025-06-27 21:36:35+00:00
VoteCommitted,22798509,0xbbbef3f8c0b67e79bc7937298d48e11d6a847f6f9913e8cdda157cf1874aa4e4,1750927670,,0x7e367235ef80109531113d8284a5593ba6a40c22,,1751060327,2025-06-27 21:38:47+00:00
VoteCommitted,22798595,0xe7feb27c6c1d17e2e3318acf8ce8ac7cf5722be6e8ec86bc702ecbadf31e9b91,1750927670,,0x4be80a823e619ef57a61cc19b6bfb72974df0604,,1751061359,2025-06-27 21:55:59+00:00
VoteCommitted,22798618,0xb57f870c965a4348305b9ea991e94ae462c00a88e7a7f2ef6cd5c53bee65c65f,1750927670,,0x2a1bf3cd5d4a7328a37f0e82ff912ace26eaa08f,,1751061635,2025-06-27 22:00:35+00:00
VoteCommitted,22798909,0xeeb6e561787c386f3fb29f116f29e014ac7ff19b664a715b304eadaaf798dafd,1750927670,,0x003a3b5669b288b29687c66d678aa06cb8d80577,,1751065187,2025-06-27 22:59:47+00:00
VoteCommitted,22798945,0x3db26ed06d3673c21b3e2e2b0f3695971e24a88ad59134f2c1388ca9be023a13,1750927670,,0x326c819380b8842e3a55e5f97f6011ee91844205,,1751065619,2025-06-27 23:06:59+00:00
VoteCommitted,22798961,0x496bee27da1b5c1b9bf689c1a8e6bbacbb5ef3b2ad7d5cc438d49875220201d9,1750927670,,0x95cd0e455cf41e9f8cca8eee488432f3f10f29b8,,1751065811,2025-06-27 23:10:11+00:00
VoteCommitted,22798962,0x75907b686d3234ef81c46039829789b34e8e488098ea853aef1e09a004105f87,1750927670,,0xc60aa5a87d580b3181aef33a402d88bfe705fea0,,1751065823,2025-06-27 23:10:23+00:00
VoteCommitted,22798972,0xb22e9b3009ee585fbab176521be95aaa615e3a3b85b2fd8b20bf525fdd9bc060,1750927670,,0x8e349da0c6ec06e496f145e421424d2fdfe9c97a,,1751065943,2025-06-27 23:12:23+00:00
VoteCommitted,22798982,0x6e73aae01ad34d65269bb98ee38378b4e46ebbee191e99016b33102a594b4c72,1750927670,,0xfc204fcfd2a579157898a212ea25ac98de2b1e1c,,1751066063,2025-06-27 23:14:23+00:00
VoteCommitted,22799062,0x3745910cbea2bee13dea65c5ea38ba6b655a86ec45d1fa5dd1e30748f4da7205,1750927670,,0x8d4c39b6a9c7cec94cffef12f4ec019765b4128e,,1751067023,2025-06-27 23:30:23+00:00
VoteCommitted,22799069,0xcc9ae887c4cdee57be661a11d7b6aebc0cb3edc98a0c220877231c0e65bd4b4e,1750927670,,0xff0778459d97530592d001230686e9206341b8cd,,1751067107,2025-06-27 23:31:47+00:00
VoteCommitted,22799099,0x2e715c04419800082992cce07ac558f78ed94a06a4dbfa5be2d1435f26f28f59,1750927670,,0x9c1f9b97cd995a9c0cf0ffe20f4d2f5e9c830c09,,1751067467,2025-06-27 23:37:47+00:00
VoteCommitted,22799122,0x95acc1248e607f446e6694b0a73b9c2b268ebca0fef222a5754d77bbc10fd3ab,1750927670,,0x04b81d0480d5899b7d1460fa5036b66415ecdb57,,1751067743,2025-06-27 23:42:23+00:00
VoteCommitted,22799126,0x319eae6fcef3e8c24213580f43b6a929b2ad48d753105ce80b700c979b0f4425,1750927670,,0x2c492138498165c3f6ff94ab7d0b7ab6dd546ada,,1751067791,2025-06-27 23:43:11+00:00
VoteCommitted,22799136,0xf6fc4eca22ea0f0cbf0860422f297fca5110267debf09b8d572bf524235cc9ff,1750927670,,0xd7c737a195f75ccb819a1ce7474892e4ab6bff8f,,1751067911,2025-06-27 23:45:11+00:00
VoteCommitted,22799145,0x4b5d4637db9cbeb9beda57d8485d9c95c3f314471ce25d1689272e0d042dd501,1750927670,,0xbd73cf5baf12f120ee3f6c4ad82df9a12649e578,,1751068019,2025-06-27 23:46:59+00:00
VoteCommitted,22799152,0x356c9f03df84c0161aae7a37cf7eb3ca6f1970b1cc6b920cc04f1888c4f0b28f,1750927670,,0xf08c6cbc8bcd68d5a6ec8498f911d45a9c8035f9,,1751068103,2025-06-27 23:48:23+00:00
VoteCommitted,22799153,0x665188bc1b2d9fe55d2ea4af258b8d4989061e196ccff8c494bd48e6f33f6868,1750927670,,0xd17eb770e4e209c186ceda0d7e09bfc03d792b36,,1751068115,2025-06-27 23:48:35+00:00
VoteCommitted,22799159,0x31b1f8e4939e8dfd2669f675beac50cfc95e7999445f3915dd2dafdd46c4d664,1750927670,,0xb56846d84b5f1ad032290ac1c527d93bd11ef97e,,1751068187,2025-06-27 23:49:47+00:00
VoteCommitted,22799174,0x247523838b0bb23f53cdd9e314767d70d20e97c53bf042a6589aecf809950167,1750927670,,0x566f617e5d9da90fe3adf5e1bd1e829cb6a7d9f0,,1751068367,2025-06-27 23:52:47+00:00
VoteCommitted,22799210,0xf388c4035b4a14f2ad0edc91d3352034998b629e878273fc995f7d8917177376,1750927670,,0xdc8614557d2fb159a8b1c1f69256bc522d74821a,,1751068799,2025-06-27 23:59:59+00:00
VoteRevealed,22799212,0xe1c0d587841ad99676d3c50627c06712bd2697872aea3301de4875de00a18fca,1750927670,,0xdc8614557d2fb159a8b1c1f69256bc522d74821a,-57896044618658097711785492504343953926634992332820282019728792003956564819968,1751068823,2025-06-28 00:00:23+00:00
VoteRevealed,22799214,0x9274fba6ee5ba34a6a0f72002674456958a3ca901682d9d6ca8a4ddc0d87231b,1750927670,,0x9c1f9b97cd995a9c0cf0ffe20f4d2f5e9c830c09,-57896044618658097711785492504343953926634992332820282019728792003956564819968,1751068847,2025-06-28 00:00:47+00:00
VoteRevealed,22799214,0xa060a52da0d8ce0dfbed1e1c3e008cd4e13c4f7be66b1425ca243046900ed182,1750927670,,0x9363f12775feaaee32d48ba6e21ddd6464635adb,-57896044618658097711785492504343953926634992332820282019728792003956564819968,1751068847,2025-06-28 00:00:47+00:00
VoteRevealed,22799216,0xfe0893b59946d81d740ef2bf1e485173f57ee9139e557dfc62abcf83a1e5f952,1750927670,,0x196f239229aae65883802b5bb512e17084147ff6,1000000000000000000,1751068871,2025-06-28 00:01:11+00:00
VoteRevealed,22799222,0x26a3160da7e4070ce68599655c29146806dc352d9ebd2301016e958954eaeef8,1750927670,,0xf3c12244c9b1c56f8f5f44b8466c2c14fed02329,-57896044618658097711785492504343953926634992332820282019728792003956564819968,1751068943,2025-06-28 00:02:23+00:00
VoteRevealed,22799224,0x425f888ba35d55aef273da08ea0169759c0194fff58ddde56b17dae8e94f9c10,1750927670,,0x3b9ffd4ceffd768df16d79e7492a1bffd087c44f,-57896044618658097711785492504343953926634992332820282019728792003956564819968,1751068967,2025-06-28 00:02:47+00:00
VoteRevealed,22799227,0x8d312288e6aa11dade23cb4b3aa5241b351d0b8198e5f8311a623d9950f4d759,1750927670,,0x9860d7309039b9a44b1df878ed4484133a881316,-57896044618658097711785492504343953926634992332820282019728792003956564819968,1751069003,2025-06-28 00:03:23+00:00
VoteRevealed,22799229,0xbbc1ca99560aa17472aa4acae30117b058e465f8522b5d7a3381c2806b5dcae5,1750927670,,0x5c2e7b98288be54c8c468b331a5b0dcb57b9d55e,-57896044618658097711785492504343953926634992332820282019728792003956564819968,1751069027,2025-06-28 00:03:47+00:00
VoteRevealed,22799239,0x497c84df5041e7027e6fe5ab368a17a82ec948f15b05faa70aae6c3a3d6aa79d,1750927670,,0x0b5ddda89a88416860254eb326b3691ffcce4832,-57896044618658097711785492504343953926634992332820282019728792003956564819968,1751069147,2025-06-28 00:05:47+00:00
VoteRevealed,22799243,0x50f87983a8bf71cd4f2aed6a789002f1352793ec9356e4345efadcfec4cd28d6,1750927670,,0x2d51f7645dd96bcac85a62a3affd70a419776f52,-57896044618658097711785492504343953926634992332820282019728792003956564819968,1751069195,2025-06-28 00:06:35+00:00
VoteRevealed,22799245,0xa79207c1cf9c43a6a513df0c1dafd54aba4c2beda6e070525b1d39a154361094,1750927670,,0xfb1f7ed82c240c0515bb4670ec8837701313a12c,-57896044618658097711785492504343953926634992332820282019728792003956564819968,1751069219,2025-06-28 00:06:59+00:00
VoteRevealed,22799248,0x2118a4260749c649e73fb4e96a7da85ce12a75506b0fd72d97d51edbb97b6493,1750927670,,0x2b379bfb86e900fe8f3a1434ee79097aa5b883dc,-57896044618658097711785492504343953926634992332820282019728792003956564819968,1751069255,2025-06-28 00:07:35+00:00
VoteRevealed,22799250,0x42652eb4da8ef483078a810f8f58a1086a8bb20b1430b92927d7c45bf02802ed,1750927670,,0x5ebc1d2809f4dfca9cb518efd2307fdffc36d55d,-57896044618658097711785492504343953926634992332820282019728792003956564819968,1751069279,2025-06-28 00:07:59+00:00
VoteRevealed,22799264,0xd11f087ae510025b5181e35d64c6c27f9983ec40e44be746021f0b8abdca7b1c,1750927670,,0xff0778459d97530592d001230686e9206341b8cd,1000000000000000000,1751069447,2025-06-28 00:10:47+00:00
VoteRevealed,22799279,0x872bbd86497a1d37406e220c7c445c31a8bf83413c6a29ff55f691274f75007c,1750927670,,0x66ca133ec691ca210251fcd4c963ba220515225a,-57896044618658097711785492504343953926634992332820282019728792003956564819968,1751069627,2025-06-28 00:13:47+00:00
VoteRevealed,22799307,0x267d60d7862c20cb544cac9c287dd3825bf6a39a8f966af37636e661da44b3a5,1750927670,,0x4431211df49f9a51cbba89467a524985cc809080,-57896044618658097711785492504343953926634992332820282019728792003956564819968,1751069963,2025-06-28 00:19:23+00:00
VoteRevealed,22799311,0x4b3129bc7876975b5028b4332f456a2f3895000c55fd448b589a8d4a1745dfed,1750927670,,0x6391098e7404210be5b4b67c1bb6c1bdf4be194a,-57896044618658097711785492504343953926634992332820282019728792003956564819968,1751070011,2025-06-28 00:20:11+00:00
VoteRevealed,22799322,0xa6d3bfcf0a28a8c1e34f7ccae66f7de363f9d813f37f86cc166f76bcfcdb3568,1750927670,,0xe3213b7382b5b0ff61cfacfefabef72982a4d544,-57896044618658097711785492504343953926634992332820282019728792003956564819968,1751070155,2025-06-28 00:22:35+00:00
VoteRevealed,22799324,0x49598c8e19717ca9cf933d5a701b986a1f04f3820fa4b5d675044fbed50ccd2b,1750927670,,0xb73812cce6f5cb7ada40a134b4b16aefbdbb9472,-57896044618658097711785492504343953926634992332820282019728792003956564819968,1751070179,2025-06-28 00:22:59+00:00
VoteRevealed,22799326,0x68f0c4958916dd7eb2e39e23838752902f65b1667828199b55ada572dadaa9e9,1750927670,,0xa85160a81da205ae57f6d55f16c9c43d773c7438,-57896044618658097711785492504343953926634992332820282019728792003956564819968,1751070203,2025-06-28 00:23:23+00:00
VoteRevealed,22799343,0x906a92aa7d5ba42982bdf263549ae5ee6f10a1e7123972535d7222a09ea475ee,1750927670,,0x74e4aac1ff7105ee7c23f240e78e9820ec3d9053,-57896044618658097711785492504343953926634992332820282019728792003956564819968,1751070419,2025-06-28 00:26:59+00:00
VoteRevealed,22799355,0x3fbd8eaa698004804081870a05874ebef897a0daa741c8177b39c323b157dd2d,1750927670,,0x3e1b1a4a8fba26e80f4678d3ea3ac1daca78523e,-57896044618658097711785492504343953926634992332820282019728792003956564819968,1751070563,2025-06-28 00:29:23+00:00
VoteRevealed,22799360,0xb24f6e46e6e0645f7c726706f82ef35cb44aa77407195bdc357af4794facebf0,1750927670,,0x73cde0e4f0480ea6b98bfa292ea936685716af4d,-57896044618658097711785492504343953926634992332820282019728792003956564819968,1751070623,2025-06-28 00:30:23+00:00
VoteRevealed,22799366,0x5f9eb9755d48a7ce2ef961680369b8e1986e5cd9c2e327eb95cfdcf3032aa717,1750927670,,0x86cc5e1e8fb20102fa7a0fa4afeaf1cbe1be273d,-57896044618658097711785492504343953926634992332820282019728792003956564819968,1751070695,2025-06-28 00:31:35+00:00
VoteRevealed,22799377,0x72a546bcbbdbd839605a38007eb551bdfc93d13c98e63427c0ba651034eac495,1750927670,,0x93a692fe5477902c3cf5f6997c1cf59a3712ced4,-57896044618658097711785492504343953926634992332820282019728792003956564819968,1751070827,2025-06-28 00:33:47+00:00
VoteRevealed,22799405,0x3ab7311a4a8f3c78c0ae116e459975f34f0e084b7f0c00000fda85bcecb53321,1750927670,,0xf548bcf569fb953bf4f9dfbb67267d5824c8da63,-57896044618658097711785492504343953926634992332820282019728792003956564819968,1751071163,2025-06-28 00:39:23+00:00
VoteRevealed,22799413,0x4efbb112eba5cf9e60f6bc7cdfa4e289009840e0dbfb064fe10e51b3ed744d98,1750927670,,0x21a745db2c52c841b4511fc55aea27156c76bce1,-57896044618658097711785492504343953926634992332820282019728792003956564819968,1751071259,2025-06-28 00:40:59+00:00
VoteRevealed,22799436,0x8c8681fa83f90ce5d6ecf1e9a7222555e124483b737d3a793f55c56e25c880be,1750927670,,0x4ddd9af5f091a11438f3c4f618f1257d6d660cb2,-57896044618658097711785492504343953926634992332820282019728792003956564819968,1751071535,2025-06-28 00:45:35+00:00
VoteRevealed,22799476,0xa49a410860e5128d541f56edcf66da4e8d4991753c047a2e7f527481f89abc9c,1750927670,,0x16d12711626310b5894783ca187bdafe7aa4597a,-57896044618658097711785492504343953926634992332820282019728792003956564819968,1751072015,2025-06-28 00:53:35+00:00
VoteRevealed,22799532,0x8f7e6f81fefed757f74c691e8d70355e5a5277cb25ce466da5132fb434316f02,1750927670,,0xcb8c77837f470053f91e1e288cac223118c69937,-57896044618658097711785492504343953926634992332820282019728792003956564819968,1751072687,2025-06-28 01:04:47+00:00
VoteRevealed,22799533,0xd8f0caffc9a9649dcf8d141110d3c6a7df8ba88c0999930997d49f4047a6aa98,1750927670,,0x4f49d938c3ad2437c52eb314f9bd7bdb7fa58da9,-57896044618658097711785492504343953926634992332820282019728792003956564819968,1751072699,2025-06-28 01:04:59+00:00
VoteRevealed,22799555,0x1148dac976fa7c33fd9d14652b60fea75eac601c7cac841789825060bab30bf0,1750927670,,0xe5e7eb7b5e89866a6d852f55bfe363efd50d2f19,-57896044618658097711785492504343953926634992332820282019728792003956564819968,1751072963,2025-06-28 01:09:23+00:00
VoteRevealed,22799555,0xc4281ab0cdfcb2fe450dcea488e4a124cecfce6c844bb32c96e7f7e3f81132db,1750927670,,0x8548682e561668a51f99124d998db97ff326e67e,-57896044618658097711785492504343953926634992332820282019728792003956564819968,1751072963,2025-06-28 01:09:23+00:00
VoteRevealed,22799609,0x72e4a832c039ba8fbcc11cbfabf0fe4bf3fdb4056b90162cb85096aa9d6ccb6a,1750927670,,0x3b45e837ce844cf6c25459aba5b9c2d6ea023008,-57896044618658097711785492504343953926634992332820282019728792003956564819968,1751073611,2025-06-28 01:20:11+00:00
VoteRevealed,22799625,0x2b3f55a76aa2936d03c7b718c87d0166ed883079d0abd6429173842a7ccfc4bc,1750927670,,0x2a1bf3cd5d4a7328a37f0e82ff912ace26eaa08f,-57896044618658097711785492504343953926634992332820282019728792003956564819968,1751073803,2025-06-28 01:23:23+00:00
VoteRevealed,22799639,0x38a17c2b913ab8aec1d386e8260c11062e5ff4de5d7c548427c33d388a1890a7,1750927670,,0xaef6a3580a365c524a5bc9aabeb2a13c2a1a7b7c,-57896044618658097711785492504343953926634992332820282019728792003956564819968,1751073971,2025-06-28 01:26:11+00:00
VoteRevealed,22799660,0x760542e4ef2bdd863d3895e63b1c0b131c69b0a1fe02c8b5859e606c8a410bd3,1750927670,,0x4c0dee7fa0f6e3693abe2937111cde4b5a00ff1d,-57896044618658097711785492504343953926634992332820282019728792003956564819968,1751074223,2025-06-28 01:30:23+00:00
VoteRevealed,22799662,0x8d3aa762f050b6943db7abf236ca2bf665ece947583588a99e7c64cbb305ecca,1750927670,,0x7595a3964a77df4858648bbe4c6ca4a3c69d8027,-57896044618658097711785492504343953926634992332820282019728792003956564819968,1751074247,2025-06-28 01:30:47+00:00
VoteRevealed,22799664,0xe56380686823638d2b0cbb39da215f0b5039a65231fa3b0d043fe1262754e97b,1750927670,,0xea8d60baf7088c0c46242dd46237eca2f403558a,-57896044618658097711785492504343953926634992332820282019728792003956564819968,1751074271,2025-06-28 01:31:11+00:00
VoteRevealed,22799665,0x2eabf71c1c7b1490723860bf19f7b68c1ad4b3a7e34c5aedf81904a9b57baca1,1750927670,,0xde26619c377f3be82eec1ef59aad46a20681dad7,-57896044618658097711785492504343953926634992332820282019728792003956564819968,1751074283,2025-06-28 01:31:23+00:00
VoteRevealed,22799669,0xf42187dc938fee88634da9861265c5819d5f590a8ad998f6af8e3925556b2fdd,1750927670,,0x1cc972ff969689873f8010bdd0cf3dc30618397e,-57896044618658097711785492504343953926634992332820282019728792003956564819968,1751074331,2025-06-28 01:32:11+00:00
VoteRevealed,22799670,0xf05df2a61fdcd3e58a36b20ca2cddcce8fd8dc1ee9b77cc2b22bc16efc1ae946,1750927670,,0x465c19bee117a1709745223bcbe14c5416b0d022,-57896044618658097711785492504343953926634992332820282019728792003956564819968,1751074343,2025-06-28 01:32:23+00:00
VoteRevealed,22799672,0xfbb9a3d1dc21deabaec43df918e2ed614ab6439400d43de1ff93272014000779,1750927670,,0x628023f53587a03eac809478bafe9898779a57bb,-57896044618658097711785492504343953926634992332820282019728792003956564819968,1751074367,2025-06-28 01:32:47+00:00
VoteRevealed,22799672,0x5651834e0ba9fa85980f74122aacabe9f24bffe39091a28056ebc8b0955e6dbe,1750927670,,0x28ec3b46262c614df6d5a3ff2726c9746f1d1675,1000000000000000000,1751074367,2025-06-28 01:32:47+00:00
VoteRevealed,22799674,0x1c3b6a0ceb5c4bae6bdd0a7de71e3d29baff35d286f70b280207990a21eb9676,1750927670,,0xa31c2232842e631ccb2d2e4110b356bab21e6020,-57896044618658097711785492504343953926634992332820282019728792003956564819968,1751074391,2025-06-28 01:33:11+00:00
VoteRevealed,22799676,0xc041fc07dde31b5c6d8fc10a900e8d5e489a25b1026fd83b5daf3b59bbb23aee,1750927670,,0x4863fe62d4cd3718bc0c104ec0cb45052d41e44f,-57896044618658097711785492504343953926634992332820282019728792003956564819968,1751074427,2025-06-28 01:33:47+00:00
VoteRevealed,22799677,0x099cdb68f7b33ad145b64909151eb4a3bb0a5751770877c42f2a4ac3b5160525,1750927670,,0xe7488e7f5c60bfa81d38965c02b4cc5aa6249a11,-57896044618658097711785492504343953926634992332820282019728792003956564819968,1751074439,2025-06-28 01:33:59+00:00
VoteRevealed,22799679,0xf3c7bcbf5b959504b520cefa60c3b8968e39ddcce90a09fb134d1cac1243d456,1750927670,,0xde0aef70a7ae324045b7722c903aaaec2ac175f5,-57896044618658097711785492504343953926634992332820282019728792003956564819968,1751074463,2025-06-28 01:34:23+00:00
VoteRevealed,22799681,0xc86e38ddd45773c1a284528770ac5b9cef5029ed9c828c64755bfd1e74cb8c86,1750927670,,0x349ef0f01d64b6bb96f3d2fde895bee5ce745168,-57896044618658097711785492504343953926634992332820282019728792003956564819968,1751074487,2025-06-28 01:34:47+00:00
VoteRevealed,22799681,0x84d9c365e57e5801e574a68b32c60d584c0f8d8f7c09d19e0612a9a5c505409d,1750927670,,0x2a82c67a5acc3332721b0af2739497bd893ec9d8,-57896044618658097711785492504343953926634992332820282019728792003956564819968,1751074487,2025-06-28 01:34:47+00:00
VoteRevealed,22799683,0x7ad8d5b939dabb416167aa2fa02eef0a7909bd87fadfb8ce54d4d70498f80474,1750927670,,0xb48369eeba3cbca5957398a618446fb6a53128ab,-57896044618658097711785492504343953926634992332820282019728792003956564819968,1751074511,2025-06-28 01:35:11+00:00
VoteRevealed,22799685,0x91a9fcbb5d321095e557f62c5131bafcb7de2975af9cf6e6d95d1e902bc1d6bb,1750927670,,0x1306ae61242615df58260ef0219aac87ac31bc55,-57896044618658097711785492504343953926634992332820282019728792003956564819968,1751074535,2025-06-28 01:35:35+00:00
VoteRevealed,22799687,0xc6ea760492d74dc731407a0daea8e35132d2344db24dfa0081bd36f50d8f3550,1750927670,,0x55e026d5c5cf81094ed8e8a6bc8191d28802c952,-57896044618658097711785492504343953926634992332820282019728792003956564819968,1751074559,2025-06-28 01:35:59+00:00
VoteRevealed,22799690,0xa2f623258ffdeccec366bf22546daa3168abbc738b4830cdc6b96361e261f91d,1750927670,,0x1c80ad40014cf912545cc56fc626faf2206dd09a,-57896044618658097711785492504343953926634992332820282019728792003956564819968,1751074595,2025-06-28 01:36:35+00:00
VoteRevealed,22799691,0xce0af0f0a2fd1ac79713168fa535222055253a2659110b65662bb06435c7c63d,1750927670,,0x1a463c02cb1b6f1ea7273f41f7fa46aeec43cbc4,-57896044618658097711785492504343953926634992332820282019728792003956564819968,1751074607,2025-06-28 01:36:47+00:00
VoteRevealed,22799695,0x657e0fb9ed34c0a2ea2f641c0bc07a5d844837c7e88d506fdbc9fe9c42f55e7a,1750927670,,0x8c4809d3ad6b05ee765b36807d7c6c6b3782b938,-57896044618658097711785492504343953926634992332820282019728792003956564819968,1751074655,2025-06-28 01:37:35+00:00
VoteRevealed,22799697,0x1063dc3e0c87abc72ee7f22332ce411fb8647a5631f21c615bcc22ffad82e418,1750927670,,0xdc20465fc7d1fad0c1432ebc1c7a5f12a4a7021d,-57896044618658097711785492504343953926634992332820282019728792003956564819968,1751074679,2025-06-28 01:37:59+00:00
VoteRevealed,22799698,0xb0395800a1f593569d0ef59028e017d5303324ae6311e6e240dc6e9e68d30f43,1750927670,,0x0293cdbe2b126df9ccce4eee24ffe1a58cbaf77e,-57896044618658097711785492504343953926634992332820282019728792003956564819968,1751074691,2025-06-28 01:38:11+00:00
VoteRevealed,22799699,0xfb507e8278b0785a52bcc80ed05d67e896407937799b08cd772c1119d7964256,1750927670,,0xe3b03d4dba836e2457007e7a6e78aefdffb11d12,-57896044618658097711785492504343953926634992332820282019728792003956564819968,1751074703,2025-06-28 01:38:23+00:00
VoteRevealed,22799700,0xdd237f20cb3d227b8922a5b68c733934d79c06f37dc71cc32dd0c447ef69418d,1750927670,,0x57cbb4ca7776349ad24f2dbae8dfed2989a30f3e,-57896044618658097711785492504343953926634992332820282019728792003956564819968,1751074715,2025-06-28 01:38:35+00:00
VoteRevealed,22799702,0x5816dabcb38818d6aecebd6baf96db1b2dee4b292b6c6f907db2706cd870ee39,1750927670,,0xbb1ff00e5af0f3b81e2f464a329ae4ee7c1dfba5,-57896044618658097711785492504343953926634992332820282019728792003956564819968,1751074739,2025-06-28 01:38:59+00:00
VoteRevealed,22799703,0x4d48c4f2e12ae721bde913a85c29fdc109f1a29b1582494be2ac8e1da35a326a,1750927670,,0x4821eaeb37061e3c26b2264838e788f8de06bdcf,-57896044618658097711785492504343953926634992332820282019728792003956564819968,1751074751,2025-06-28 01:39:11+00:00
VoteRevealed,22799705,0x33d5e79b596d18f69563d6e1ead0de29475b4d97d39072d724895f6f23856df4,1750927670,,0x87a726a806f48a435d8bf627678c85f26b46c1b6,-57896044618658097711785492504343953926634992332820282019728792003956564819968,1751074775,2025-06-28 01:39:35+00:00
VoteRevealed,22799709,0x243bb6c591881ae8091196e79b200c6ed16390ef63436cc9cee3192aa6bbc1a6,1750927670,,0x5a7c58176c6f210365d017ff360fa806c532ee4c,-57896044618658097711785492504343953926634992332820282019728792003956564819968,1751074823,2025-06-28 01:40:23+00:00
VoteRevealed,22799712,0x107152aa2546eeaeedaba9f7b4dc0c1412d1cf729505fbdd532e24d7850cb5d2,1750927670,,0xc4eb54c0e23f47c3a062e74d91f9e61d59b99946,-57896044618658097711785492504343953926634992332820282019728792003956564819968,1751074859,2025-06-28 01:40:59+00:00
VoteRevealed,22799714,0x1c9513edb806bdb20f05076d4136622180a0a3b1838ea8b751c4f8d792ff8aa3,1750927670,,0x110f0b1faa1cb6eed49883f960808c95f609f6fd,-57896044618658097711785492504343953926634992332820282019728792003956564819968,1751074883,2025-06-28 01:41:23+00:00
VoteRevealed,22799716,0x11dbf284825f1f0fec9174b88fefbf280c2238c96506538347f509eeabf4d84f,1750927670,,0x949758647d0390cf44a0f244615b019c2429f769,-57896044618658097711785492504343953926634992332820282019728792003956564819968,1751074907,2025-06-28 01:41:47+00:00
VoteRevealed,22799718,0x1a9a12322fb65d2bf7127e4cab4cec63b94c08150af772e59ab0187a059c997d,1750927670,,0xf33e833707e9303d00dc045af440ed19b9dbdb10,-57896044618658097711785492504343953926634992332820282019728792003956564819968,1751074931,2025-06-28 01:42:11+00:00
VoteRevealed,22799719,0x9309c3d14f63a38ed9c11191046e05bc5b72175aecbc2b7f1d24f39b0ac087b8,1750927670,,0x578403fbd9198742cbe068d04f11e206f692a1ee,-57896044618658097711785492504343953926634992332820282019728792003956564819968,1751074943,2025-06-28 01:42:23+00:00
VoteRevealed,22799721,0x4e9b5f81a3f9e26643652aaa1d330588b30f9e267475e3b284f625e711cb0940,1750927670,,0x6e86d1f305e43dbd3d39df7c736653236fd42587,-57896044618658097711785492504343953926634992332820282019728792003956564819968,1751074967,2025-06-28 01:42:47+00:00
VoteRevealed,22799722,0x97a8c78e6ae3c45adb6008ac368391855469d80f0885ba6fc5d29f30b8473a27,1750927670,,0x6fc5b81c6c117015fdd36fdea25a9c1ec243daf1,-57896044618658097711785492504343953926634992332820282019728792003956564819968,1751074979,2025-06-28 01:42:59+00:00
VoteRevealed,22799724,0x717c783e5c7e48c9e1742ab572630e5e9549bb81c85f9f80be53d3160efdff82,1750927670,,0x8782ad397185d119e44a44c8138036386fd932db,-57896044618658097711785492504343953926634992332820282019728792003956564819968,1751075003,2025-06-28 01:43:23+00:00
VoteRevealed,22799726,0x0c7756237e832c602ebc8a798b6ce4b84d7f759339cecfef6568ff5adfbdf0f8,1750927670,,0x519ebedcb61498e2ebabe8d8b9ff8b168fa5fb3b,-57896044618658097711785492504343953926634992332820282019728792003956564819968,1751075027,2025-06-28 01:43:47+00:00
VoteRevealed,22799748,0x64b7903628632c2f2560dce796b2807e3ab318e2dd2f5260f5c7f30e1a4ac90f,1750927670,,0x126db3213b309a8d554594e591e614425ccac78e,-57896044618658097711785492504343953926634992332820282019728792003956564819968,1751075291,2025-06-28 01:48:11+00:00
VoteRevealed,22799755,0xf18d6b0c66a30dbbaa1901acec9b5ec1bfc84b939619566f696725b852cde0a4,1750927670,,0x2bc111bd8bf402c65cd185bab460ae9ecc9aa7e7,-57896044618658097711785492504343953926634992332820282019728792003956564819968,1751075375,2025-06-28 01:49:35+00:00
VoteRevealed,22799796,0xf814b45a5cb81311a8305ee9e9fb41f0726417d214e992d01f0c57bb8931daa7,1750927670,,0x95cd0e455cf41e9f8cca8eee488432f3f10f29b8,-57896044618658097711785492504343953926634992332820282019728792003956564819968,1751075867,2025-06-28 01:57:47+00:00
VoteRevealed,22799839,0xd7cb1be7ff9825185509ed2306f284eef5c049bffa3d3680f84aa13b8bf12929,1750927670,,0xd8e492ede29fb17f9910ad12054047a4c5af9d15,-57896044618658097711785492504343953926634992332820282019728792003956564819968,1751076395,2025-06-28 02:06:35+00:00
VoteRevealed,22799840,0x9cfdc0b990073bc789617733518fefe342749d3f304b7040341c2d3bd794d5a6,1750927670,,0x2488a154ca8e174bd3bb0648d19f24855d587238,-57896044618658097711785492504343953926634992332820282019728792003956564819968,1751076407,2025-06-28 02:06:47+00:00
VoteRevealed,22799936,0xf88004a8e899c8a497388300e712a3e0a0d5d25d1820dfcc1b644bf631bd3ff2,1750927670,,0xc12fa1c74c5d97c8eae9c16ab9df28837d9d39ee,-57896044618658097711785492504343953926634992332820282019728792003956564819968,1751077559,2025-06-28 02:25:59+00:00
VoteRevealed,22799936,0x9a9e7695c6fc8226f5ba256b637091bb234dbf2bc6dc60d3df4b6499101b29e4,1750927670,,0xc3ac3355b2686fa503246a92e34d0b7261b39d6b,-57896044618658097711785492504343953926634992332820282019728792003956564819968,1751077559,2025-06-28 02:25:59+00:00
VoteRevealed,22799939,0x4460a8138c2933b33d009671a29d22c1586db8d306887b3513fa7050d7d4c685,1750927670,,0x9fdb970aef60007fee4ea132b5f4ebc376740aea,-57896044618658097711785492504343953926634992332820282019728792003956564819968,1751077595,2025-06-28 02:26:35+00:00
VoteRevealed,22799942,0xd0e02752a21be62ab82895ecc70baf4168f7815ff23272a203ff3f070afa9100,1750927670,,0x18f7f5243263e84ee8de50ca6c704b3415669222,-57896044618658097711785492504343953926634992332820282019728792003956564819968,1751077631,2025-06-28 02:27:11+00:00
VoteRevealed,22799952,0x66607dd43072621414e9da1944b37a4d4270584309e4d8bacccb9bbb10bac4f2,1750927670,,0x5071e6d385f584b5875166563c1670460905ad7b,-57896044618658097711785492504343953926634992332820282019728792003956564819968,1751077751,2025-06-28 02:29:11+00:00
VoteRevealed,22799958,0x3d7221c26ff2392996c686baca4ea13154c8a7365b09b8202274ee6666d1c5e6,1750927670,,0x34d4dfcf6e0b23a891bd9f076a6ef7dc3acf6ab2,-57896044618658097711785492504343953926634992332820282019728792003956564819968,1751077823,2025-06-28 02:30:23+00:00
VoteRevealed,22799966,0x237e16f58c47fc5ecab353d6a96e14d1a29616653ff58fc34f1ee874a83851d8,1750927670,,0xd521cd4f0205f0afbf427610cdc4a15736e57329,-57896044618658097711785492504343953926634992332820282019728792003956564819968,1751077919,2025-06-28 02:31:59+00:00
VoteRevealed,22799972,0x814c26bafb8811a57d70759dcd2714ba149c555b8abc2601523a06e41c763f9f,1750927670,,0x785c24d44e9246fbd2980f1cbecbf24e9e4b2de9,-57896044618658097711785492504343953926634992332820282019728792003956564819968,1751077991,2025-06-28 02:33:11+00:00
VoteRevealed,22800023,0x93f371a95d59a65eb62d547124489408678492930d48fcbfbeee9c285853c73c,1750927670,,0x8d4c39b6a9c7cec94cffef12f4ec019765b4128e,-57896044618658097711785492504343953926634992332820282019728792003956564819968,1751078603,2025-06-28 02:43:23+00:00
VoteRevealed,22800067,0x322a0b86fddba11b8ff3474356b3254d580af1e7155e06e832d114e173eaadca,1750927670,,0xca64e575083e0a8f9c73ffc214d78027d98fc51b,-57896044618658097711785492504343953926634992332820282019728792003956564819968,1751079131,2025-06-28 02:52:11+00:00
VoteRevealed,22800083,0x6b5d0333776528138034513ab143e80867e4551b11325d5adf5eabae558fe092,1750927670,,0x0bb9f7c03eb9c1a31c25b3b7e61e2c503c30b81d,-57896044618658097711785492504343953926634992332820282019728792003956564819968,1751079323,2025-06-28 02:55:23+00:00
VoteRevealed,22800091,0x866af21bb86fe2105b7f70189fb694819d4a0fe0a17680361351666fe7f95f82,1750927670,,0x430c4e68894177ae43f52b4fd643fd2d6c7d2e5f,-57896044618658097711785492504343953926634992332820282019728792003956564819968,1751079419,2025-06-28 02:56:59+00:00
VoteRevealed,22800099,0x4095adacd18f1a244d8899a3a4b5d894445c928ecd726a8f3cddae2ba65fb118,1750927670,,0x92bdd46aeba9c2f4b55eddb522382261b62220ea,-57896044618658097711785492504343953926634992332820282019728792003956564819968,1751079515,2025-06-28 02:58:35+00:00
VoteRevealed,22800103,0x5fc0c4f301d522317d590cf51fede6cea1f1af06ba7946a0938b7741ee76c1be,1750927670,,0xbb68400daa7ae42392de56026f9b5c1e6f923e3c,-57896044618658097711785492504343953926634992332820282019728792003956564819968,1751079563,2025-06-28 02:59:23+00:00
VoteRevealed,22800108,0x2893a920526f55cdb330a110b2b6bfd21eb6161835374760a4ab49c2fcd06e20,1750927670,,0x8e5fdb6a37f2389fa638b2e144809c7d7bc21e4a,-57896044618658097711785492504343953926634992332820282019728792003956564819968,1751079623,2025-06-28 03:00:23+00:00
VoteRevealed,22800112,0xaa0e80145e44c5d8acdf4d4ace66cff2419c1e09f9a93ae5006dcdd300df7470,1750927670,,0x63d4e757ae3aa82751094bef2ce37db0b303959e,-57896044618658097711785492504343953926634992332820282019728792003956564819968,1751079671,2025-06-28 03:01:11+00:00
VoteRevealed,22800114,0x5affe5e95c0af84145490ea06c31daf641590c7f0543ff2f200bdda06b9af536,1750927670,,0x0afc9a935960948ed35e50ac7639cbb38e840b38,-57896044618658097711785492504343953926634992332820282019728792003956564819968,1751079695,2025-06-28 03:01:35+00:00
VoteRevealed,22800116,0x4e7cb83fdfcd7c2fdf815bb973f22810bafea7d48fee506966eeb7b33cbe7a00,1750927670,,0x48767f20ec0aca7f47b3da2cc32bc06549470a9b,-57896044618658097711785492504343953926634992332820282019728792003956564819968,1751079719,2025-06-28 03:01:59+00:00
VoteRevealed,22800119,0x05e205b6319ed1e7ace6d13e527da436ed46eb735ba48ce4c448c632d079ba81,1750927670,,0xd273f87e43851fa7f0518e3b385c0d964621e3c6,-57896044618658097711785492504343953926634992332820282019728792003956564819968,1751079755,2025-06-28 03:02:35+00:00
VoteRevealed,22800122,0xfa186d33f639310acd8fb98d73cc977ab32ad1a7765132fb15f62d3b8368860a,1750927670,,0x9cf0ea03c7e23f2c466d48f6bfa14a85ef7cf4c8,-57896044618658097711785492504343953926634992332820282019728792003956564819968,1751079791,2025-06-28 03:03:11+00:00
VoteRevealed,22800126,0x22b51801801aa583cb452d638ffc577779978ac35aaf94614e0852cd7dd24786,1750927670,,0x2f55877d6d8a42bd87e0325201cd15d63abf5866,-57896044618658097711785492504343953926634992332820282019728792003956564819968,1751079839,2025-06-28 03:03:59+00:00
VoteRevealed,22800130,0xa9879dc7eaf0ef52167d4c9a97a3ea05c91128f2bfd1380860157f11e0b55423,1750927670,,0xc0dc4010e76fbd53c82b19f8f8d7604e37289fb4,-57896044618658097711785492504343953926634992332820282019728792003956564819968,1751079887,2025-06-28 03:04:47+00:00
VoteRevealed,22800132,0xb0ceb47d6e3092413ec7ca3dea0e1425b843f9298e06136c76c9babcb07d39e6,1750927670,,0x4010650464cc07e447ae10d3135f8c82554b2528,-57896044618658097711785492504343953926634992332820282019728792003956564819968,1751079911,2025-06-28 03:05:11+00:00
VoteRevealed,22800134,0xc3876df269a5e89a022b8b3d74e3e4edb333f69368beace45cc0f9b991d55bbd,1750927670,,0x40bfe49745df251fa0ac7a3f983101ff170c389b,-57896044618658097711785492504343953926634992332820282019728792003956564819968,1751079935,2025-06-28 03:05:35+00:00
VoteRevealed,22800137,0x94d84fc228f575be644fed1a911d6da91393b8024b00e55f470391e38a086316,1750927670,,0x5060020e66031c324f77ae24f14cfcea6a688cb7,-57896044618658097711785492504343953926634992332820282019728792003956564819968,1751079971,2025-06-28 03:06:11+00:00
VoteRevealed,22800140,0x90cb5f15d39a834b3eac534b820082a4bc0d2015ae5e0c7be9604ffd14969d63,1750927670,,0x1edb50d83f76382480886597a3023fc318b2ca66,-57896044618658097711785492504343953926634992332820282019728792003956564819968,1751080007,2025-06-28 03:06:47+00:00
VoteRevealed,22800142,0x3c56805665c7c9060844e4f6d16459f29e9333cef2fe6148126204b615a92415,1750927670,,0x24eb1c355c05439819a23dd0842d5d038d1ca05a,-57896044618658097711785492504343953926634992332820282019728792003956564819968,1751080031,2025-06-28 03:07:11+00:00
VoteRevealed,22800144,0x77ccfd71482fd457a424a30b9eaf36193ef20d3770b8af1c6dd1718e6e80dbd0,1750927670,,0x415106767827a7856d826458a486a87e0e15097c,-57896044618658097711785492504343953926634992332820282019728792003956564819968,1751080055,2025-06-28 03:07:35+00:00
VoteRevealed,22800148,0x4043936118e6b7f10fe9495fd2ee9c31428104feba524c2c328d419f691e7455,1750927670,,0x7ca4b00a3aec07f978d127e69bc16484a038619c,-57896044618658097711785492504343953926634992332820282019728792003956564819968,1751080103,2025-06-28 03:08:23+00:00
VoteRevealed,22800150,0xa9e0a5684bc043f69a710a04ec204e3c56ca6bf6572b373fa686f1ddf8b6e0ec,1750927670,,0x590a8dae6861cdc2b0300096ec6e4dc6cf2143f6,-57896044618658097711785492504343953926634992332820282019728792003956564819968,1751080127,2025-06-28 03:08:47+00:00
VoteRevealed,22800154,0xc8f67ae3381d30c4cd0f44c3a29dc462065a6ca7f7d2b6fd81052b198fb89518,1750927670,,0x3b84e3ffbe845c0349e258f243b5f00ca22ba587,-57896044618658097711785492504343953926634992332820282019728792003956564819968,1751080175,2025-06-28 03:09:35+00:00
VoteRevealed,22800158,0xe20a9399dbc6ec7e0bf8a72a4b7396b5c5b86cc1c00e81688cd8b313e0ffb7b3,1750927670,,0x49135912edb24205e1b0e7b9ea71887edc59d50a,-57896044618658097711785492504343953926634992332820282019728792003956564819968,1751080223,2025-06-28 03:10:23+00:00
VoteRevealed,22800162,0x5f86dc63a355b0d7427db1bd4c4c237910927cc21e3eb61d03fd1fcad1d1279b,1750927670,,0xf8e9af3a84d29678a26f08048dd206ad10cc6fe8,-57896044618658097711785492504343953926634992332820282019728792003956564819968,1751080271,2025-06-28 03:11:11+00:00
VoteRevealed,22800162,0x11b660235909104630a7e075a3995544528ed0f25fc7c25de7609305da7cfa42,1750927670,,0xc590314de55b52c96eb34edbc4b55cf8fc8cd510,-57896044618658097711785492504343953926634992332820282019728792003956564819968,1751080271,2025-06-28 03:11:11+00:00
VoteRevealed,22800165,0xa85f484bfbeee3f45ee86535e27e53b71d146f6a922c329b293ee7272d52a33c,1750927670,,0xde7250d923299e1ecedc0743b159e95b945082d9,-57896044618658097711785492504343953926634992332820282019728792003956564819968,1751080307,2025-06-28 03:11:47+00:00
VoteRevealed,22800168,0x3a99c9ce652f23b6958380be8ebbaaabfc02618a225c7edbb574b0632f00bb17,1750927670,,0xb4c907afda8c362b58281b5c43a2e7b79f089d09,-57896044618658097711785492504343953926634992332820282019728792003956564819968,1751080343,2025-06-28 03:12:23+00:00
VoteRevealed,22800170,0x21f0f7ac64d790503d14afb335e586b796d679c1b1a0194854898738fd7cc1e2,1750927670,,0x6748445d83259a6709e459873323324a54072d1b,-57896044618658097711785492504343953926634992332820282019728792003956564819968,1751080379,2025-06-28 03:12:59+00:00
VoteRevealed,22800173,0x4ded6f048cdb5073584b6a1159be6f270f7e38d4ba38c8ca0ce53806e1e9ab51,1750927670,,0x3bd0cbc96186cc3eafb304111e6ad20a4ac92f8e,-57896044618658097711785492504343953926634992332820282019728792003956564819968,1751080415,2025-06-28 03:13:35+00:00
VoteRevealed,22800175,0x5b2ccfb77fb12884c8db90db306e4d5ce3a607e3036e748f25b20c4293833bdc,1750927670,,0x630a63523a4f079201fb548114695d8da1d742f5,-57896044618658097711785492504343953926634992332820282019728792003956564819968,1751080439,2025-06-28 03:13:59+00:00
VoteRevealed,22800178,0xfceff9b494912075b757d7a8241d400d38647b6443cfdf9da34f48a48d461d74,1750927670,,0x26fd27a26a6c1ede36214512ee4e56440a0cebf5,-57896044618658097711785492504343953926634992332820282019728792003956564819968,1751080475,2025-06-28 03:14:35+00:00
VoteRevealed,22800181,0x34634406ae9693d1e2ed554737fd35367bf224d4eac82d4eca1095f5cf9e9a96,1750927670,,0xd1cd2fd35c63e27a33f0b5ecf9c92ba1ab9c6df1,-57896044618658097711785492504343953926634992332820282019728792003956564819968,1751080511,2025-06-28 03:15:11+00:00
VoteRevealed,22800185,0x4e34f285ed79325114bd5f9d30aac549819ecd0b25518ddd773d6ebd64dc4112,1750927670,,0xd8c3cd1a7576efc723357b7158318f0cee0e30f6,-57896044618658097711785492504343953926634992332820282019728792003956564819968,1751080559,2025-06-28 03:15:59+00:00
VoteRevealed,22800187,0x9d0ef858efa7147297af7482bf4846da01e982da5e85069082915eb100585786,1750927670,,0xa9b0d5c5e012cb47dd473fe3cea272b5f716c344,-57896044618658097711785492504343953926634992332820282019728792003956564819968,1751080583,2025-06-28 03:16:23+00:00
VoteRevealed,22800187,0xe578b9a029efda819b4872e8474635ba3329ad3dbd29bccc842615472563b14a,1750927670,,0x216bf62b05246bf4a1694061e8769464a6bfd812,-57896044618658097711785492504343953926634992332820282019728792003956564819968,1751080583,2025-06-28 03:16:23+00:00
VoteRevealed,22800192,0xf7f559b8bdd1f1ef559a98d0a21435ea3121911d87ac56f3ae4b0f3270e3aae2,1750927670,,0x28ccfb369fb97929068cd30a390d37fee0037c61,-57896044618658097711785492504343953926634992332820282019728792003956564819968,1751080643,2025-06-28 03:17:23+00:00
VoteRevealed,22800193,0x8f1280f67d74009b9241ef277132b3ffa4ee267bc386d0d8b40b3a568491612e,1750927670,,0xb538544c0d0971dc6cdcc17a1ac50a02bc0a8b0f,-57896044618658097711785492504343953926634992332820282019728792003956564819968,1751080655,2025-06-28 03:17:35+00:00
VoteRevealed,22800195,0x29a8d3296feed82aad0eea09dfc4199dd15d09307a4a65e0aa56d00e9851c752,1750927670,,0x5d2150e5d88a30d5793c6c49959b8f7d350a36a5,-57896044618658097711785492504343953926634992332820282019728792003956564819968,1751080679,2025-06-28 03:17:59+00:00
VoteRevealed,22800198,0xfd6086b8429de7661d98ee4aa13bded2e3b1cc208b7399a5157fa3930c794c0d,1750927670,,0xc4e70e97a54bbf4f9796099282fa47397da4b4d9,-57896044618658097711785492504343953926634992332820282019728792003956564819968,1751080715,2025-06-28 03:18:35+00:00
VoteRevealed,22800202,0xdc44b0f72cab1ca0c8c256cedd6e341bdc82ad7d7f3d88840f5fb9e87f5928e1,1750927670,,0xe7ff7ad54492a38afb99bb5d8b897c5f93a66f47,-57896044618658097711785492504343953926634992332820282019728792003956564819968,1751080763,2025-06-28 03:19:23+00:00
VoteRevealed,22800204,0xbaa2a33e9375b487058dd60efc431de2a05311a842eb4e2e5241aaa867b20ea6,1750927670,,0x1f12254be217cf9e9be46960c36970390b07f16e,-57896044618658097711785492504343953926634992332820282019728792003956564819968,1751080787,2025-06-28 03:19:47+00:00
VoteRevealed,22800207,0x8fad81ca63a2e13ab4f23bbcf44eeabaf37a7fc25265bac26db9d6bcb2fdc623,1750927670,,0xc42851d834037ca1f82668596233dca69654867c,-57896044618658097711785492504343953926634992332820282019728792003956564819968,1751080823,2025-06-28 03:20:23+00:00
VoteRevealed,22800209,0x3f24ab05ef0f9a298216524b216cbf9b1df896bd387e22dc4584c4847ce79f27,1750927670,,0xec2bae309d0a18d7ddfd4ea0f17a2f60817f4e9c,-57896044618658097711785492504343953926634992332820282019728792003956564819968,1751080847,2025-06-28 03:20:47+00:00
VoteRevealed,22800211,0x545652110025b90f81ce650dd35e9f98c5dde430500a01ce36300fcd3ac85f72,1750927670,,0x6137a7c745ce7ed7a6ec8ca4aa5b635ff17d5467,-57896044618658097711785492504343953926634992332820282019728792003956564819968,1751080871,2025-06-28 03:21:11+00:00
VoteRevealed,22800237,0x53f8ad01d2d59ee07f06b03d239a1319730a668888717c12d01d941e71f47948,1750927670,,0xfa8ce8d44271201e9ce37838ccb75ba482d597f6,-57896044618658097711785492504343953926634992332820282019728792003956564819968,1751081183,2025-06-28 03:26:23+00:00
VoteRevealed,22800240,0xd5a401bfd90329271a5844dce4071ce1c7bb4ffdc839542aa193b72b1a496611,1750927670,,0x4289c656b76b20ebf1b5fa4363da812346919bdc,-57896044618658097711785492504343953926634992332820282019728792003956564819968,1751081219,2025-06-28 03:26:59+00:00
VoteRevealed,22800241,0x1620c673be18367851b54d0d728c3be8578350fdec2f7fe488c3d6f6b1f94a2b,1750927670,,0x374585bfd5e03868ceb23aa159c4f63f0c2f650e,-57896044618658097711785492504343953926634992332820282019728792003956564819968,1751081231,2025-06-28 03:27:11+00:00
VoteRevealed,22800243,0x12f23067cc78afaa2243b398ead2959d3b85a0cbf45d417e869ef24e29423f30,1750927670,,0x4af80e6414efed0b91fa19c0d19b46c381becb7c,-57896044618658097711785492504343953926634992332820282019728792003956564819968,1751081255,2025-06-28 03:27:35+00:00
VoteRevealed,22800245,0x3ab19138cfce94345d7ce8504e28ab7b971a938058c1ae06c2d4a36d9ce32bc5,1750927670,,0x54d6390e19ce818209bd3b53a5d0d2e0c6faae04,-57896044618658097711785492504343953926634992332820282019728792003956564819968,1751081279,2025-06-28 03:27:59+00:00
VoteRevealed,22800249,0xd7c6633fddef06b67d5228797ac826223d58cf574856cf381373450cacabf88e,1750927670,,0x4241b7a1b190f97213cc092237833305af62f563,-57896044618658097711785492504343953926634992332820282019728792003956564819968,1751081327,2025-06-28 03:28:47+00:00
VoteRevealed,22800252,0xce4345c9d80c35edc42931173eeaca9493886c72b814eca25e6c9b027b983bd9,1750927670,,0x2f966072f36109f27539e5edefa741912206e491,-57896044618658097711785492504343953926634992332820282019728792003956564819968,1751081363,2025-06-28 03:29:23+00:00
VoteRevealed,22800254,0x696207d20e4a1716fb0a742641821a5a853c4d2e4d71abb6ab2688aafa2fa686,1750927670,,0xa4635d0d583f6a5335aa3ce39ca7d7c2e7a7d01c,-57896044618658097711785492504343953926634992332820282019728792003956564819968,1751081387,2025-06-28 03:29:47+00:00
VoteRevealed,22800255,0xbe26ac1c75397d42af63f8bcbfbbf54fdc8b28f10e4b954e5efd499b8be9167f,1750927670,,0xc573ddc59824f248d3688df0474805f35c2c09c1,-57896044618658097711785492504343953926634992332820282019728792003956564819968,1751081399,2025-06-28 03:29:59+00:00
VoteRevealed,22800258,0x375b252aea8d80fb97b2d29490ddc05d99ef75b03c7a2319d5ee37098ef3b54a,1750927670,,0x58cfc8ee2132847afcdc67cdefa92b2d21eb5ba9,-57896044618658097711785492504343953926634992332820282019728792003956564819968,1751081435,2025-06-28 03:30:35+00:00
VoteRevealed,22800261,0x28e5d627eef08a0d8f4c38c0bbdb3f4f23b74494b6269aff02ffc0b24e8c360a,1750927670,,0xf3c162c189341d024ee753223101612abf6fcf9c,-57896044618658097711785492504343953926634992332820282019728792003956564819968,1751081471,2025-06-28 03:31:11+00:00
VoteRevealed,22800265,0x6439ad30e2ac0fbdfd198d1c1b1ac002f1eeaf2736ed8171d4e7ee2371329d62,1750927670,,0x09a10823b87aed0a3c348c0a20d69d3276192913,-57896044618658097711785492504343953926634992332820282019728792003956564819968,1751081519,2025-06-28 03:31:59+00:00
VoteRevealed,22800268,0x8d92dc5c3f396267a69ee0f1302f0df4532699d8da996f3a2e8ecd57e6f19ed1,1750927670,,0x336701bab9ee6a829a5d610a301e978aced202c4,-57896044618658097711785492504343953926634992332820282019728792003956564819968,1751081555,2025-06-28 03:32:35+00:00
VoteRevealed,22800270,0xe528a2d27b4a4bfd12d9b3e00e953a80bdc0666e25eabfbadde9d2827a68c24c,1750927670,,0x3895799b03759423c728eed3aa0c0414f5179f79,-57896044618658097711785492504343953926634992332820282019728792003956564819968,1751081579,2025-06-28 03:32:59+00:00
VoteRevealed,22800272,0xea21848e5c29303e500b34da9580f2796a40438be29c6470de63092018abb5ba,1750927670,,0xc5aff99f08027db6e39ee53048b6509e9d66a671,-57896044618658097711785492504343953926634992332820282019728792003956564819968,1751081603,2025-06-28 03:33:23+00:00
VoteRevealed,22800273,0x0bd92ce51fca8c8ab4d2014b9cb2aef0b6ea722f673855debcdc81c2f7b93bfd,1750927670,,0x5bc3d8339754b5d4455355b3c5cf2639fb943942,-57896044618658097711785492504343953926634992332820282019728792003956564819968,1751081615,2025-06-28 03:33:35+00:00
VoteRevealed,22800277,0x93a52dd64ca5a082a911a6151a6ed97be3c66266ecee57f232e8ccb88d127501,1750927670,,0xdb6d77a78b4da7286e3c1a6828eb83d9f0cca527,-57896044618658097711785492504343953926634992332820282019728792003956564819968,1751081663,2025-06-28 03:34:23+00:00
VoteRevealed,22800279,0x857028329adc7a188e7ef3d9110b593f4367aba5c3a893b04c109c85809a9f30,1750927670,,0xab0ea94509caa5703362eaafd8087d205f97a340,-57896044618658097711785492504343953926634992332820282019728792003956564819968,1751081687,2025-06-28 03:34:47+00:00
VoteRevealed,22800281,0x8164dafdacc746e877c1f5bd98910227a2d940fd6d1114dd62ed14f18ec68166,1750927670,,0x3b59d6b33e8f8ddf9734917a40056d07548a4444,-57896044618658097711785492504343953926634992332820282019728792003956564819968,1751081711,2025-06-28 03:35:11+00:00
VoteRevealed,22800285,0xe48d617fa350a36b6cb13033d796838cc62a657b1646ceadea2c4b827e0925cb,1750927670,,0x8e561b9823d9bf7067f5f64980ae26b6b9969e77,-57896044618658097711785492504343953926634992332820282019728792003956564819968,1751081759,2025-06-28 03:35:59+00:00
VoteRevealed,22800307,0xd88cd93ad0eb021469200abca63a295801f89c92f56d69cb44cb15ff5156ef7b,1750927670,,0x08bba63a49be5f7ee6dd58f30a757f5137d52be1,-57896044618658097711785492504343953926634992332820282019728792003956564819968,1751082023,2025-06-28 03:40:23+00:00
VoteRevealed,22800356,0x67d45999e792b6f2b87e3d5df0c3caa6e9ea2ec2429e857d5309e6af73b4667a,1750927670,,0x5b7ec1ba8af4579119ae7fb4bfea36bb9b8c78a8,-57896044618658097711785492504343953926634992332820282019728792003956564819968,1751082611,2025-06-28 03:50:11+00:00
VoteRevealed,22800360,0x6377ff9be3c6c96140510ca2ec26424cf8ded52563e43678a557728ac91bc21e,1750927670,,0x53d0755830ed64294d3e0736b744a1c8eda0d897,-57896044618658097711785492504343953926634992332820282019728792003956564819968,1751082659,2025-06-28 03:50:59+00:00
VoteRevealed,22800381,0x1a19928092ca2338646f481ad136a85588b8dfde4125f1da378fb017e3b7725f,1750927670,,0xdfb300cbad35618bdc6b6d392d0373682035c585,1000000000000000000,1751082911,2025-06-28 03:55:11+00:00
VoteRevealed,22800405,0xb435598596ce38a5d407274896379a5dd8fb69f7913a09ce2381a73e7cd3335c,1750927670,,0x449ff548206132b1e0df2ed9da4f9de5c281d1c7,-57896044618658097711785492504343953926634992332820282019728792003956564819968,1751083199,2025-06-28 03:59:59+00:00
VoteRevealed,22800418,0x88c82b8fa4af7986c650a279979569dda51f7fd93fc5cc107d23a650e27cca80,1750927670,,0x05d184b066d72cd42a1fe0fb880c3d4a0adbf8c4,-57896044618658097711785492504343953926634992332820282019728792003956564819968,1751083367,2025-06-28 04:02:47+00:00
VoteRevealed,22800469,0xda49f619c6b5de9732b380ecffb2b2523c5d1f32055ae96c7970ae22917cdc9c,1750927670,,0xd431b7c1433fba9a5aa5330e5211f4773b95e9d9,-57896044618658097711785492504343953926634992332820282019728792003956564819968,1751083991,2025-06-28 04:13:11+00:00
VoteRevealed,22800525,0x766aaab17842c09bef67dac4ca069f75d49bd2f384be56cd56c2a10fec350890,1750927670,,0xdb4d5a3e683df965ce509ef191d979e77543bb4d,-57896044618658097711785492504343953926634992332820282019728792003956564819968,1751084663,2025-06-28 04:24:23+00:00
VoteRevealed,22800527,0x073dbc159eb4b1a127454c47301ca4be114c790d30e314fe2a5b6ac4580192fe,1750927670,,0x37c5db6f455f1cb3274ebe67582c92d04c4f6545,-57896044618658097711785492504343953926634992332820282019728792003956564819968,1751084687,2025-06-28 04:24:47+00:00
VoteRevealed,22800625,0xbba66fa15d9b190a53f987b5b6e3ae6a44fedc8868c98fdfa40c21d486f655af,1750927670,,0x6564c6c44ef87e3bb32d7987317869817380340c,-57896044618658097711785492504343953926634992332820282019728792003956564819968,1751085863,2025-06-28 04:44:23+00:00
VoteRevealed,22800659,0xa50014929bff6391175cc51405c4ab6f49784a9dee5213c27ac0be4982685a37,1750927670,,0x336b9de28d67d692c31df93a9b8630b2fa50d88f,-57896044618658097711785492504343953926634992332820282019728792003956564819968,1751086271,2025-06-28 04:51:11+00:00
VoteRevealed,22800679,0xcda8f41b364d8743cf03fa5e17aae8311f91374986f83901f3735f8e74aeeb67,1750927670,,0xbd4b2b116ef87967f8d682195023313a00c7287d,1000000000000000000,1751086523,2025-06-28 04:55:23+00:00
VoteRevealed,22800681,0x6b4f2995d46957ec32c59380e84d605a34c67dc154172f8ed2d76de4a434ccc2,1750927670,,0xa8b8f0b17ed13a3663a8e3f169c42464adddb984,-57896044618658097711785492504343953926634992332820282019728792003956564819968,1751086547,2025-06-28 04:55:47+00:00
VoteRevealed,22800751,0xbff56336b46835669ada65533f48dea9a31677ad0632a05e83e20bfca2c083a2,1750927670,,0x7b51bfb030e888f047a29de664940035a47ef56b,-57896044618658097711785492504343953926634992332820282019728792003956564819968,1751087387,2025-06-28 05:09:47+00:00
VoteRevealed,22800798,0x25d13736a71b5ed1ec2374b7cb076c045df6551893e95402fd2989fbe0df1f3f,1750927670,,0x9b6f4d48fd61313204f7c8fbe9dfec6384aa4ced,-57896044618658097711785492504343953926634992332820282019728792003956564819968,1751087951,2025-06-28 05:19:11+00:00
VoteRevealed,22800809,0x764cbbdcd1c7813dac50b0be8156e038f68b976674d49f0819fce63c7fdb3982,1750927670,,0x20ec3d7739fc8ba82014a9cf0a771b427e0b56c0,-57896044618658097711785492504343953926634992332820282019728792003956564819968,1751088083,2025-06-28 05:21:23+00:00
VoteRevealed,22800865,0x0988c9e914261d93213535723f737b5260f961416902cf3d3040613d9e98cc2c,1750927670,,0x9baf193cbca6267a4d1f76be78a49b52ef960a44,-57896044618658097711785492504343953926634992332820282019728792003956564819968,1751088755,2025-06-28 05:32:35+00:00
VoteRevealed,22800882,0xe8bc6d5cbea9924a5e336179882ced162e884acd81b17074717e71ade42d756d,1750927670,,0xf0180d4561dbaeaac3b96b7491bfafc94cea4069,-57896044618658097711785492504343953926634992332820282019728792003956564819968,1751088959,2025-06-28 05:35:59+00:00
VoteRevealed,22800930,0x44d401f0dff565ec97b18e814f1b3d8545bec89ae34eedbb608681f7b912d8de,1750927670,,0x48c7e0db3dad3fe4eb0513b86fe5c38ebb4e0f91,-57896044618658097711785492504343953926634992332820282019728792003956564819968,1751089535,2025-06-28 05:45:35+00:00
VoteRevealed,22800934,0xd7e35b5bf0ba5199ba42dc157c4692da677cde5aa87006d00c7b0ea9bc9bae10,1750927670,,0xc9e8233c2c5476cda4f96595bbb3a9d117168df5,1000000000000000000,1751089583,2025-06-28 05:46:23+00:00
VoteRevealed,22800979,0xdbbd048714297e72e821dda3ec8b31ad54fb652b1795c924ee70b71fd6280f89,1750927670,,0xb67a6e67072025c1db86e552dc17f7bf9c296122,-57896044618658097711785492504343953926634992332820282019728792003956564819968,1751090123,2025-06-28 05:55:23+00:00
VoteRevealed,22801007,0x1692085c80f18609b0f05acf3cd30b39941580d9e8b025cd24d0d71d69f49952,1750927670,,0x3abebe2bfd423dbb6357674476d44e9bd178817d,-57896044618658097711785492504343953926634992332820282019728792003956564819968,1751090459,2025-06-28 06:00:59+00:00
VoteRevealed,22801010,0x4bc098b210a8d03722ec865ed9e85d5dff6c7ad208dbc808b821566c9ac77759,1750927670,,0x36ce63c738971b948cf0afb842b7617254c15bc0,-57896044618658097711785492504343953926634992332820282019728792003956564819968,1751090495,2025-06-28 06:01:35+00:00
VoteRevealed,22801032,0x2d0debd5cc4a779656a51d537584ead1ca71a4a11b1942740b4cc2e97b54e79b,1750927670,,0x003a3b5669b288b29687c66d678aa06cb8d80577,-57896044618658097711785492504343953926634992332820282019728792003956564819968,1751090759,2025-06-28 06:05:59+00:00
VoteRevealed,22801034,0x0a3ce79a1aa4524bfc86f369ba76cc286ee72223eedf48d2871b0ad0ca61e6f5,1750927670,,0xa2e5dbd496e25a194a11fc3e4ad5ada199e827f4,-57896044618658097711785492504343953926634992332820282019728792003956564819968,1751090783,2025-06-28 06:06:23+00:00
VoteRevealed,22801037,0x70c28c5030ab503e6cb29e76e6c0b9e1d8bb52be36857816994d3efe543b041d,1750927670,,0x326c819380b8842e3a55e5f97f6011ee91844205,-57896044618658097711785492504343953926634992332820282019728792003956564819968,1751090819,2025-06-28 06:06:59+00:00
VoteRevealed,22801057,0x7179cf3780847d3d24c5b5e72e0244f96e8470a84944bdd35a4bec3f790840c0,1750927670,,0x5d547923774921d7938349c1582239d19d5ccc4b,-57896044618658097711785492504343953926634992332820282019728792003956564819968,1751091059,2025-06-28 06:10:59+00:00
VoteRevealed,22801175,0xe9d6be4686cfe21e0667b67ec5f6738c6617b1af3a3295190e0090e0441d8d3a,1750927670,,0x222116c32b0b8ea2e1af7b289f1ff3438b282194,-57896044618658097711785492504343953926634992332820282019728792003956564819968,1751092475,2025-06-28 06:34:35+00:00
VoteRevealed,22801178,0x3111c8b422243ea54df7b07c9553e38393ed96b41be38a5107d7409489f4a4b8,1750927670,,0xbd266449e485163c5c6257c895e3e529a3c03728,-57896044618658097711785492504343953926634992332820282019728792003956564819968,1751092511,2025-06-28 06:35:11+00:00
VoteRevealed,22801179,0x29bd40189b89b0c0f67fa36d1265cdb60339bf3952a78e84b164a012043a4164,1750927670,,0x8b64673c9a482913a6e2c1298637532947cd96ee,-57896044618658097711785492504343953926634992332820282019728792003956564819968,1751092523,2025-06-28 06:35:23+00:00
VoteRevealed,22801180,0x488bdeaece99ab1ec4301bc0afb7e0f24f662074875302b56d68c57e7678f91d,1750927670,,0x5395511bf2379674042a4d4fd5177b1d3dcbf7b2,-57896044618658097711785492504343953926634992332820282019728792003956564819968,1751092535,2025-06-28 06:35:35+00:00
VoteRevealed,22801181,0xf7b450909e2f69e0edd437c2fe48ccb3c70cd080d9b841588e70a81c46944153,1750927670,,0x7dc1f845414ad2a698f74c9437adc8b3ac4d4ce2,-57896044618658097711785492504343953926634992332820282019728792003956564819968,1751092547,2025-06-28 06:35:47+00:00
VoteRevealed,22801183,0x24179dba0f9c9242d3cfba58f502e8a3561b2e2e28f3eb98d77ff72adc796404,1750927670,,0x8129f005cac3af1d0f3276b29a6c1767e7707147,-57896044618658097711785492504343953926634992332820282019728792003956564819968,1751092571,2025-06-28 06:36:11+00:00
VoteRevealed,22801214,0x2e962a194b807c19235b566a2911f78dda1f5143f14d20ffeed9e7b952a8d93f,1750927670,,0x69d0341d380a1229f4751a0a721345dbc716586c,-57896044618658097711785492504343953926634992332820282019728792003956564819968,1751092943,2025-06-28 06:42:23+00:00
VoteRevealed,22801238,0x2ef4f1450f68f113c69fe2a04fcffec7262adcdf018569fae1498fd408616f7e,1750927670,,0xdf67cba8261c6d8c15c735009f61e2cc9f852de3,-57896044618658097711785492504343953926634992332820282019728792003956564819968,1751093231,2025-06-28 06:47:11+00:00
VoteRevealed,22801328,0x0427298e42538fe28731ce4429075ce6b3312c8f0cb0a367b24e4492b193ac44,1750927670,,0xdb2808ed6cf0b8b9686222689cf4f6e88e42b80a,-57896044618658097711785492504343953926634992332820282019728792003956564819968,1751094311,2025-06-28 07:05:11+00:00
VoteRevealed,22801368,0x550cb7a7cac4ca49317f0e0eed3d41d5bdbc3b9e0d3b63bf07560b92746bd631,1750927670,,0x90daea825e9d43043c05725a4196382b881b1a73,-57896044618658097711785492504343953926634992332820282019728792003956564819968,1751094791,2025-06-28 07:13:11+00:00
VoteRevealed,22801378,0x2fabf46fad93a09ca798e86ebcde4406752bb05cda82b10387536715d131a22f,1750927670,,0x3dd78bf06fdfa3aaaa87b25635a8404b15551345,-57896044618658097711785492504343953926634992332820282019728792003956564819968,1751094911,2025-06-28 07:15:11+00:00
VoteRevealed,22801379,0x75c3f91b9d97be99ade0272ce7487b5ccaffdf546096015b94b2fcf2a682376d,1750927670,,0xf0dc67c35b934a47704f5bcc1851398f57c7fe78,-57896044618658097711785492504343953926634992332820282019728792003956564819968,1751094923,2025-06-28 07:15:23+00:00
VoteRevealed,22801388,0xf2585cb8d2ed8f5318ec5a1c12a3ce043ab79e9b36ff77fa3bf4dfa4d706ecb9,1750927670,,0xacb4fa704c4a7092b3373d5c57443ed3261fdd18,-57896044618658097711785492504343953926634992332820282019728792003956564819968,1751095031,2025-06-28 07:17:11+00:00
VoteRevealed,22801401,0x2bbd883d0dc49802b811238112e3aeb999dd302b0d00f12a1c7762bd914b63fe,1750927670,,0x1921902db1b0967762f3ae86ae0675b2b3ddefa9,-57896044618658097711785492504343953926634992332820282019728792003956564819968,1751095187,2025-06-28 07:19:47+00:00
VoteRevealed,22801421,0x3298fde2db3536ef6f920f3ba45f02def9dfc78b161eb92c5b8270f8afb235ce,1750927670,,0xf0259b01bf6dc0aa12b8d4483fdd7f6290fcc7b1,-57896044618658097711785492504343953926634992332820282019728792003956564819968,1751095427,2025-06-28 07:23:47+00:00
VoteRevealed,22801441,0x7508e64613e13dafc3110a76dd630148ee52f2af0b6a03d18fbea767575165be,1750927670,,0xd27820b61868f0a039664aefcf789acb5c2c5a26,-57896044618658097711785492504343953926634992332820282019728792003956564819968,1751095667,2025-06-28 07:27:47+00:00
VoteRevealed,22801447,0x4351a5a9ca4b7472cf159e26a387580c8662b1fb22a4fad4e612464ae9c763ff,1750927670,,0x8bc1f33e91f19e0d27051819d8d8f88e29444230,-57896044618658097711785492504343953926634992332820282019728792003956564819968,1751095739,2025-06-28 07:28:59+00:00
VoteRevealed,22801478,0x2d0dd27db73958cc286808e10bea953bc59068d469950d2409149ed71e8e61f5,1750927670,,0x4be80a823e619ef57a61cc19b6bfb72974df0604,-57896044618658097711785492504343953926634992332820282019728792003956564819968,1751096123,2025-06-28 07:35:23+00:00
VoteRevealed,22801488,0xb91833a462504aab7c39e196cc17eff54b0907a14e746702a18b6f485f194311,1750927670,,0x2947a935212f877fdfe65598254d5ce4164132a5,-57896044618658097711785492504343953926634992332820282019728792003956564819968,1751096243,2025-06-28 07:37:23+00:00
VoteRevealed,22801525,0x518470efb5fea22bfda92f470603bd0c8e6ad1ad1325fb6c7255da3555651744,1750927670,,0x2c492138498165c3f6ff94ab7d0b7ab6dd546ada,-57896044618658097711785492504343953926634992332820282019728792003956564819968,1751096687,2025-06-28 07:44:47+00:00
VoteRevealed,22801529,0x0787fa8f824b4640d05b8dd0c5a5e7f253f7f13093278fd8feddfdd2a22e5424,1750927670,,0xd7c737a195f75ccb819a1ce7474892e4ab6bff8f,-57896044618658097711785492504343953926634992332820282019728792003956564819968,1751096735,2025-06-28 07:45:35+00:00
VoteRevealed,22801530,0x8049781cca10841977d00fb7ba5ccf5e7e24796d6c77d4a9024fb3d589ea2e71,1750927670,,0xbd73cf5baf12f120ee3f6c4ad82df9a12649e578,-57896044618658097711785492504343953926634992332820282019728792003956564819968,1751096747,2025-06-28 07:45:47+00:00
VoteRevealed,22801532,0xd89c5322b2e53593273ebcdcbc39c09f7334ccf6fe41ac3a351ea656e6a964d0,1750927670,,0xf08c6cbc8bcd68d5a6ec8498f911d45a9c8035f9,-57896044618658097711785492504343953926634992332820282019728792003956564819968,1751096771,2025-06-28 07:46:11+00:00
VoteRevealed,22801534,0xe7b8bcde50b73f7a145f6dbe36cb3836fda9936bdd137af525ff078befb9c3ff,1750927670,,0xb56846d84b5f1ad032290ac1c527d93bd11ef97e,-57896044618658097711785492504343953926634992332820282019728792003956564819968,1751096795,2025-06-28 07:46:35+00:00
VoteRevealed,22801543,0xdd3bf76348e66b040d3a15ec09ee5fd6c9a3f1fc4614923eab7e19108765a58e,1750927670,,0xcfb331ade6d66ad1cb6765a2dd51ad3aa9a1400e,-57896044618658097711785492504343953926634992332820282019728792003956564819968,1751096903,2025-06-28 07:48:23+00:00
VoteRevealed,22801732,0x4d9d0aa1446f68185a09d837fcf313367600bf1e2aa3fc846391b0faef3ea974,1750927670,,0x9a4773eeee73e34e1ee0e9a64e4b7453b0b04246,0,1751099183,2025-06-28 08:26:23+00:00
VoteRevealed,22801864,0x70c137176956b0ea503fc5fb48b4e447afda96a45fe7409c2168b41386a6b0aa,1750927670,,0x8a74781b294238d74f86b0cdfd4ee7b1dbe55d7d,-57896044618658097711785492504343953926634992332820282019728792003956564819968,1751100767,2025-06-28 08:52:47+00:00
VoteRevealed,22801871,0x264daf44bdd7d2d4c27a07db1a3b9a7aee7ea53260f160b30f40ebab58757e5b,1750927670,,0x76cc3f2fb3f451bbeed11bf9f64bb35f43438829,-57896044618658097711785492504343953926634992332820282019728792003956564819968,1751100851,2025-06-28 08:54:11+00:00
VoteRevealed,22801874,0xc1bc54c7225601f76b3a112f9c33bff794d63ca9ae87e9749f0fda01fcedae25,1750927670,,0xa7b9d5fc54eb3ffe1985a10e28d045a9b89487d0,-57896044618658097711785492504343953926634992332820282019728792003956564819968,1751100887,2025-06-28 08:54:47+00:00
VoteRevealed,22801876,0xf2b1452d2cdfb98c3e642a24949217ce26fd5c9469afb6e626b155ff44250b66,1750927670,,0x0b0221d279026ac38eec4e13408ba7966afb9fee,-57896044618658097711785492504343953926634992332820282019728792003956564819968,1751100911,2025-06-28 08:55:11+00:00
VoteRevealed,22801888,0x57fcf40af3b0750002446db8c3773b05a2ded42167326501b9a78791d5deaa57,1750927670,,0xf5df7a18df35da5ecfff6d55bcf920e3d8f6d5ae,-57896044618658097711785492504343953926634992332820282019728792003956564819968,1751101055,2025-06-28 08:57:35+00:00
VoteRevealed,22801895,0x774f7f33fcc72be04f2fa4594b256f9c681a4ebc41444e89bcf2bc3dc7c6c570,1750927670,,0xc84fac7d2f80d70b21a536fdc1fde5cb404d747b,-57896044618658097711785492504343953926634992332820282019728792003956564819968,1751101139,2025-06-28 08:58:59+00:00
VoteRevealed,22801902,0xe4dc80b5d5ffcae312abdf15994bad0e8ebe1dfe82e70dff26dc6f1ac4cf9276,1750927670,,0x50d26fcb38a279043ba075b86df912cd523931ef,-57896044618658097711785492504343953926634992332820282019728792003956564819968,1751101223,2025-06-28 09:00:23+00:00
VoteRevealed,22801907,0x86f153087e07bcc1992f729b3e734c6fdb03071993d226eec35305fe46b6edc4,1750927670,,0x30b2daeb3757b6c7462cd0d776828f8d7398be50,-57896044618658097711785492504343953926634992332820282019728792003956564819968,1751101283,2025-06-28 09:01:23+00:00
VoteRevealed,22801911,0xb86b49f2953ed9ded8e39c456d6746dc4af356d46190ce29182bb6cfd4108888,1750927670,,0xb731ccc5f62e99ea25220bfd73c3867bb5205790,-57896044618658097711785492504343953926634992332820282019728792003956564819968,1751101331,2025-06-28 09:02:11+00:00
VoteRevealed,22801958,0x7b78fa43f16c6268562d6627eee8b494cfbf03097a2fab7201659909440b366e,1750927670,,0xfe9309c9f3d4f5a6e514cab5f4f5a36838b59c9d,-57896044618658097711785492504343953926634992332820282019728792003956564819968,1751101895,2025-06-28 09:11:35+00:00
VoteRevealed,22801990,0x5d0f9a6b109675892bd0d35768f232a952850b478bd37400177e0e7fac1eb415,1750927670,,0xcc50808a98ab15312361ab4837f412b2d9cdda38,-57896044618658097711785492504343953926634992332820282019728792003956564819968,1751102279,2025-06-28 09:17:59+00:00
VoteRevealed,22802001,0x392d0abd52996a50117cb85eada1c0d11c7963d68af68da96e36f44f93863264,1750927670,,0x7c9c7bb3d6880f0d720feb4fa6164bd3e49f76ed,-57896044618658097711785492504343953926634992332820282019728792003956564819968,1751102411,2025-06-28 09:20:11+00:00
VoteRevealed,22802015,0xca0976fb8c5b0172cd8c1f2a22869e6405ad9fbe82c8e0840c2a31faf89aee18,1750927670,,0xf1de794ecf521ed64bdd4dd55308361511f87990,-57896044618658097711785492504343953926634992332820282019728792003956564819968,1751102591,2025-06-28 09:23:11+00:00
VoteRevealed,22802022,0x240fc90173cb3635dd1849ad97989c13064e048a336f02818aa3c12f26d697e7,1750927670,,0x910144b369ed067f8a2ea470ebcc2fdb31c0dd9f,-57896044618658097711785492504343953926634992332820282019728792003956564819968,1751102675,2025-06-28 09:24:35+00:00
VoteRevealed,22802030,0x75f99b461da140146a5c82872d97bcf4cb7a9bae2a3552f40ae334d204a4f638,1750927670,,0x074f2ccfb2716fc8b6ac579173f1aaeb1f759d52,-57896044618658097711785492504343953926634992332820282019728792003956564819968,1751102771,2025-06-28 09:26:11+00:00
VoteRevealed,22802038,0x3dd91dbdf5fbd85eefacca5fc3c428c37d792121964cc4951f6f17f9a203126e,1750927670,,0x7d8aee804bbad88d0081115adc917f5d9bf6388c,-57896044618658097711785492504343953926634992332820282019728792003956564819968,1751102867,2025-06-28 09:27:47+00:00
VoteRevealed,22802045,0x4edef1f26a724c380a6343ff9cc6764212a8fd7ea2c94470afb4f54bdcc99334,1750927670,,0x0fad7fcb19f3ebe9402bf0623d7ed0fc4f1def15,-57896044618658097711785492504343953926634992332820282019728792003956564819968,1751102951,2025-06-28 09:29:11+00:00
VoteRevealed,22802052,0xb9028cf078eaa340e11390a77b525ec3ce1abe8c7b9a5ae6f35754200e9935e4,1750927670,,0x20271ec8650e0990201ec5c785a5f3e8b51850ff,-57896044618658097711785492504343953926634992332820282019728792003956564819968,1751103035,2025-06-28 09:30:35+00:00
VoteRevealed,22802058,0x8e791dd009f8b2e09d859774fb3e7d3dc55d0a885589aabfe495fb787627c69b,1750927670,,0xac880a2568c6f5719ad59c8ea3bc11a910775757,-57896044618658097711785492504343953926634992332820282019728792003956564819968,1751103107,2025-06-28 09:31:47+00:00
VoteRevealed,22802064,0x90d38e013e15cfc3173c1717452b2c5e06f9880f5714efb516ce275953ec3ba3,1750927670,,0x06ce05db7d0a4539b3ec2fa6b81dfe11a32120ea,-57896044618658097711785492504343953926634992332820282019728792003956564819968,1751103179,2025-06-28 09:32:59+00:00
VoteRevealed,22802068,0xba74cddf0fd1db6c7185517349fefb2fe506377f1d1faa0918ef6af2c847b598,1750927670,,0xb36268588ed030b4d8fbb22a0b4ecbad1194e683,-57896044618658097711785492504343953926634992332820282019728792003956564819968,1751103227,2025-06-28 09:33:47+00:00
VoteRevealed,22802072,0xc4651176e43e3093c1849e4ba4e1b68089881b595dc60a19d8f385c3154e175e,1750927670,,0x5b01ce79d8b3b793da3be5e27de3a767f1a02ed2,-57896044618658097711785492504343953926634992332820282019728792003956564819968,1751103275,2025-06-28 09:34:35+00:00
VoteRevealed,22802078,0x1e8a0151653bd7c8ae8804102385ad0c3d94dca88a8e66a1ffb7889cbd00adcb,1750927670,,0xa89ffd4063866481f3da231bc2ccf88def15b642,-57896044618658097711785492504343953926634992332820282019728792003956564819968,1751103347,2025-06-28 09:35:47+00:00
VoteRevealed,22802084,0xa6ee23b0191f7ae9a2384853391d976caafcef8ab6b7242be323f400e0f2a37f,1750927670,,0x90b979c9e90ec5d5246dae6be32acc451edd2464,-57896044618658097711785492504343953926634992332820282019728792003956564819968,1751103419,2025-06-28 09:36:59+00:00
VoteRevealed,22802090,0xf93219e72ab21e7d61d19766f06f3cafd58e7faad9907c92c9ef0b981e60529b,1750927670,,0xa21cc0de85e8c75bb10519872dd3965cec351e3a,-57896044618658097711785492504343953926634992332820282019728792003956564819968,1751103491,2025-06-28 09:38:11+00:00
VoteRevealed,22802140,0x8d5b61b906f61ed1752b04fff30bc6079d4c934f32d42a1bcd0bfc78bf0def0f,1750927670,,0x840bf8f06b175aa001b85cdb68b3378e8b14946f,-57896044618658097711785492504343953926634992332820282019728792003956564819968,1751104091,2025-06-28 09:48:11+00:00
VoteRevealed,22802515,0x23511f5d289dbd36ee24ec67536ab18d49b6696e8d67de69e757d2ded8d0cd92,1750927670,,0x1a0d30c0d36ec7fbd1082ce54443acb68ddaf351,1000000000000000000,1751108603,2025-06-28 11:03:23+00:00
VoteRevealed,22802583,0xee29910edacc3b6bbf08e0132684ebb9678a93582ad9abc11cf6fa71be0c1651,1750927670,,0xcb4bb9d616f27dc84a256b768b4c393fa8010caa,-57896044618658097711785492504343953926634992332820282019728792003956564819968,1751109419,2025-06-28 11:16:59+00:00
VoteRevealed,22802626,0x274d1be97dced417288a2deb788511d16c62e0b1c28879c9e14b6071ed14f04b,1750927670,,0x09397d66b46a796ddb4cd7d340e3b063ab89befb,-57896044618658097711785492504343953926634992332820282019728792003956564819968,1751109935,2025-06-28 11:25:35+00:00
VoteRevealed,22802651,0xa715ac39875238c8698e03cd1a804122191e6c1e6c3cf1d6974d049856129caa,1750927670,,0x2a6dc98558a7482cfbd2f7c75be5d59e62e27e59,-57896044618658097711785492504343953926634992332820282019728792003956564819968,1751110235,2025-06-28 11:30:35+00:00
VoteRevealed,22802655,0x0668cf568ef3804ff9d7dbca9ad40f828484ab36a305e41bdaba68c0ad6957d4,1750927670,,0x7a409cffa9257d9de043a98a2034254eff7cbe8a,-57896044618658097711785492504343953926634992332820282019728792003956564819968,1751110283,2025-06-28 11:31:23+00:00
VoteRevealed,22802666,0x5d8e1021336952eb86970468fc3b8a60767c790c4fc7b47dc58ac22fa6f02109,1750927670,,0xe63757e3cd485c9b35b3a972fffa2d91b8649483,-57896044618658097711785492504343953926634992332820282019728792003956564819968,1751110415,2025-06-28 11:33:35+00:00
VoteRevealed,22802690,0xb4b3f35ec1c3baa9cc09feb546bff86d8978d23d1f1391286416c63093935fc4,1750927670,,0x10494f35fc94cfb34e4dfebd99e6d665c8dfc8e5,-57896044618658097711785492504343953926634992332820282019728792003956564819968,1751110703,2025-06-28 11:38:23+00:00
VoteRevealed,22802717,0x3a5b069ea0164ab9f2be84b452de32078003bf80f27c504b47daa7ba6f742e48,1750927670,,0xbd9d10d381abec81d8c35b6032f44b7abc7a98eb,-57896044618658097711785492504343953926634992332820282019728792003956564819968,1751111039,2025-06-28 11:43:59+00:00
VoteRevealed,22802762,0xa26487879262acdd3594f700f6322942299dedcc9d8feff89cc2f86b43a4f2ed,1750927670,,0x101ae23d3cf1efc40383697a657e9d9ef873b9e5,-57896044618658097711785492504343953926634992332820282019728792003956564819968,1751111579,2025-06-28 11:52:59+00:00
VoteRevealed,22802800,0xf4c59bb2a3a9c0eb6bcfc0008a98601a8b0fe69f9bd4923299fdfcdd431a6393,1750927670,,0xc6c323b8b7f644897e32192c75342a1131a3d292,-57896044618658097711785492504343953926634992332820282019728792003956564819968,1751112035,2025-06-28 12:00:35+00:00
VoteRevealed,22802834,0x24cc85eba08b28919bd6e3885d9e11e03ec1f1a2b5af42c5c144878e9eb19d53,1750927670,,0x9f9a6867d9ed4630dac6d3f9c125248600df03be,-57896044618658097711785492504343953926634992332820282019728792003956564819968,1751112455,2025-06-28 12:07:35+00:00
VoteRevealed,22802855,0x5c9c8011294f64d9f6532996421b17a2d6aa0989d6eda3beba34a10b45fc4a10,1750927670,,0xfc204fcfd2a579157898a212ea25ac98de2b1e1c,-57896044618658097711785492504343953926634992332820282019728792003956564819968,1751112707,2025-06-28 12:11:47+00:00
VoteRevealed,22802857,0x56c1f60e4e23f377c311666cec7c94bae6022fcfb6a55c679f772cae2d2d8678,1750927670,,0x8e349da0c6ec06e496f145e421424d2fdfe9c97a,-57896044618658097711785492504343953926634992332820282019728792003956564819968,1751112731,2025-06-28 12:12:11+00:00
VoteRevealed,22802861,0x5d381020c7ea3c4f7a5a74df2087aacacf1bd52c2ed87f389dfc1099b171c4ab,1750927670,,0xc60aa5a87d580b3181aef33a402d88bfe705fea0,-57896044618658097711785492504343953926634992332820282019728792003956564819968,1751112779,2025-06-28 12:12:59+00:00
VoteRevealed,22802879,0xfc31e80d800aef12f7f50c9a25e7dfeb8206a11f888cd5c88b7d2ca1a740d22c,1750927670,,0x9e43052ffb31e82b13a57079bdcf2c731d6cb563,-57896044618658097711785492504343953926634992332820282019728792003956564819968,1751112995,2025-06-28 12:16:35+00:00
VoteRevealed,22802910,0xe63bf84ae7fd738ae3998942769d882d08a20c8f7f1893b9827054568b97ed42,1750927670,,0xaa9ef398f6fbcc765617a9c451b2a4e749ddd624,-57896044618658097711785492504343953926634992332820282019728792003956564819968,1751113367,2025-06-28 12:22:47+00:00
VoteRevealed,22802947,0xb5a6889a4dfd6f3aaf42ed4e7f354b1d1421aebd40f3c2fa5215fe3090f9aace,1750927670,,0xf3b699d889361868d7b82c8bf41126b18ddf99bf,-57896044618658097711785492504343953926634992332820282019728792003956564819968,1751113823,2025-06-28 12:30:23+00:00
VoteRevealed,22803037,0x571f8955ef6877ebc9934cf2b00b6df3df78b8e8b18e96c2cb53e085af789c3f,1750927670,,0xfb043bbaf380a06c01750ce0a6324e38ed11110c,-57896044618658097711785492504343953926634992332820282019728792003956564819968,1751114903,2025-06-28 12:48:23+00:00
VoteRevealed,22803098,0x3006eb33aa2dfc7b21917dfa2b6c6da9d4f70e85961b4be89a7b16f7cf213fab,1750927670,,0x72b583cce10f64d9307a70d3877db05bacc13236,-57896044618658097711785492504343953926634992332820282019728792003956564819968,1751115635,2025-06-28 13:00:35+00:00
VoteRevealed,22803114,0xdb484b2535ca64a0cf65047e655bc0c058916dc1fbb0d14ebc108c5a84ae265a,1750927670,,0xf0027afb0cfbaae582e21d96e2761b0b07bfbfb2,-57896044618658097711785492504343953926634992332820282019728792003956564819968,1751115827,2025-06-28 13:03:47+00:00
VoteRevealed,22803134,0x769edddc4a93c9d1000a712580ca4b5bc83c9835fa974a8c5331f2d44896edf3,1750927670,,0x56d769f02e20c6c416d6583879403181e0f37226,-57896044618658097711785492504343953926634992332820282019728792003956564819968,1751116067,2025-06-28 13:07:47+00:00
VoteRevealed,22803166,0xcb7ab8aad862f62fca1be87b97f60a49fc32244234a6d28de9b71cdc6bbcdf7f,1750927670,,0x393950505b160607f40d11ab956c9406dbe6e4ce,-57896044618658097711785492504343953926634992332820282019728792003956564819968,1751116451,2025-06-28 13:14:11+00:00
VoteRevealed,22803182,0xaf202ad3d74c9179bbaf2fe0e5927bd0d1b8b235fbb3724c13d790fdc3b1ca84,1750927670,,0x68c1363a6d70ae1b37bb92099764f4cb06ad859a,-57896044618658097711785492504343953926634992332820282019728792003956564819968,1751116643,2025-06-28 13:17:23+00:00
VoteRevealed,22803188,0xe4a6e737560bb6e43e4ece400ecf9c240c2756372b89546117476dd6f126fcd1,1750927670,,0xed3aa99bb1c5215f619d01030ba89166997d54fa,-57896044618658097711785492504343953926634992332820282019728792003956564819968,1751116715,2025-06-28 13:18:35+00:00
VoteRevealed,22803311,0x3f431c4dfad3a2b83a0c1cf9c3d5432aed28e9377cce17cfde50c4e5935ad618,1750927670,,0x80cc06036fb903f0dbddb5a14d595f8fc79aca98,-57896044618658097711785492504343953926634992332820282019728792003956564819968,1751118191,2025-06-28 13:43:11+00:00
VoteRevealed,22803343,0xbb7c08652337296677d2783259d1f9d9c6d3cdd4a04fa3be3435f30f1ed00127,1750927670,,0xb524735356985d2f267fa010d681f061dff03715,-57896044618658097711785492504343953926634992332820282019728792003956564819968,1751118575,2025-06-28 13:49:35+00:00
VoteRevealed,22803343,0xd3835da1528fc52e5c8cbdc4cbce450fde14109946eb46c547b6cd0614badfd8,1750927670,,0xbd9e1684f8ce34c9652bd4d0dcec3d82e4e8baa7,-57896044618658097711785492504343953926634992332820282019728792003956564819968,1751118575,2025-06-28 13:49:35+00:00
VoteRevealed,22803348,0x1e3b20c4c7fb6f1f1f1382946cb3ed5e5140b32c64fbb21b4576c63a51204747,1750927670,,0xf659a672600f7c9f6fac317f884f8c76357fd48b,-57896044618658097711785492504343953926634992332820282019728792003956564819968,1751118635,2025-06-28 13:50:35+00:00
VoteRevealed,22803403,0xa64b9a4822b038d488117aed3c3e53494f6f285c1dbe1f8ef7046d079a57b187,1750927670,,0x568967ab58e2da9536b8a8102f453788c7e982b0,-57896044618658097711785492504343953926634992332820282019728792003956564819968,1751119307,2025-06-28 14:01:47+00:00
VoteRevealed,22803598,0x67390b7c8d8cbccf0f57272e0613b0616de70bf28e48162639426ff88c010d47,1750927670,,0x3d59beb57234581028c4285a0b215c08bc53baa2,-57896044618658097711785492504343953926634992332820282019728792003956564819968,1751121695,2025-06-28 14:41:35+00:00
VoteRevealed,22803657,0x45fa68fc3cca99db6ea7971ce20075675ee4a36b934f03b0e145f6aa4549a7f7,1750927670,,0xea1e010e379f1fa9d74022c6655ebe7ed5f64f9a,-57896044618658097711785492504343953926634992332820282019728792003956564819968,1751122403,2025-06-28 14:53:23+00:00
VoteRevealed,22803734,0xe1f3cad8e7cf6563ce5ba2a1a96a5b8c17b424ee0161155169f14869de32a9fc,1750927670,,0xd17eb770e4e209c186ceda0d7e09bfc03d792b36,-57896044618658097711785492504343953926634992332820282019728792003956564819968,1751123327,2025-06-28 15:08:47+00:00
VoteRevealed,22803738,0xa086eb296f7422dbfdb7ecee687c61fc609dacccb94ecda00ba1c18f319c83a8,1750927670,,0x04b81d0480d5899b7d1460fa5036b66415ecdb57,-57896044618658097711785492504343953926634992332820282019728792003956564819968,1751123375,2025-06-28 15:09:35+00:00
VoteRevealed,22803742,0x10f08314e852b12ace07978f8b192b324f735c1986a9a9f547f3867d5ce3e9bd,1750927670,,0x566f617e5d9da90fe3adf5e1bd1e829cb6a7d9f0,1000000000000000000,1751123423,2025-06-28 15:10:23+00:00
VoteRevealed,22803951,0x52f92c218d47193a3d6e256b5fff06a404bc8680fea10e1f796ab6e790ed8449,1750927670,,0xfec2ade141272f5271febadfca5d21ca30fc04a5,-57896044618658097711785492504343953926634992332820282019728792003956564819968,1751125931,2025-06-28 15:52:11+00:00
VoteRevealed,22804163,0x8bf18fd9990701c95113eec6281ae4bd85b5e31abf44d70c579a390aa5fdc539,1750927670,,0xdf505b8811c4cd09c40e1c02e908d6fe36c2ffda,-57896044618658097711785492504343953926634992332820282019728792003956564819968,1751128511,2025-06-28 16:35:11+00:00
VoteRevealed,22804208,0x244ee2751115777b1d073be44c07cba8c913213a4a1cea422f70a244118ecf41,1750927670,,0x7baa3b328603535006d76d7b80af7260fd8a946a,-57896044618658097711785492504343953926634992332820282019728792003956564819968,1751129051,2025-06-28 16:44:11+00:00
VoteRevealed,22804353,0x887e7b14a971bddf4e61075bcf4e1898c67a3222d6c175a22b802cd8061e4f0a,1750927670,,0xfee5be290d4a1a50caff611389ba2120a4095d78,-57896044618658097711785492504343953926634992332820282019728792003956564819968,1751130791,2025-06-28 17:13:11+00:00
VoteRevealed,22804402,0xc97a95d8427839808301814db7fc5f968558e7a27e7c4235269a9aed9e0d74ca,1750927670,,0x98f44c3cf91b32853607da1bbbd3795a3e192a8f,-57896044618658097711785492504343953926634992332820282019728792003956564819968,1751131403,2025-06-28 17:23:23+00:00
VoteRevealed,22804409,0xc39ba4142d89a1fa9eb7c50083478ff7abef67521ec3c4d87749d9251a902309,1750927670,,0x69d0a6ccb76f3f7ef96dada03b01b555e76fa819,-57896044618658097711785492504343953926634992332820282019728792003956564819968,1751131487,2025-06-28 17:24:47+00:00
VoteRevealed,22804519,0x027b7779866f2bd0d6b26b15e2334ea00a8505aecbe6b7f748759b510cbfc79d,1750927670,,0xd9f9f15e1dcda849a48ee048892c9b31287c7598,-57896044618658097711785492504343953926634992332820282019728792003956564819968,1751132831,2025-06-28 17:47:11+00:00
VoteRevealed,22804627,0x07ccee9bf1401a6047e7627e7779b0032b1eedb376154f316ab98089bc5bdc13,1750927670,,0x65afe015bd9850b3374ab67753e8d641d4742482,-57896044618658097711785492504343953926634992332820282019728792003956564819968,1751134127,2025-06-28 18:08:47+00:00
VoteRevealed,22804639,0x48af7a951a8da5deabca75a77516b4d419a8e96b7a2117fdae7c074887262b8a,1750927670,,0x487a5bbdc6091be0e27c0e8ea283047d94862538,1000000000000000000,1751134271,2025-06-28 18:11:11+00:00
VoteRevealed,22804641,0xfb08326f46d8d3f498d3ca5e64a6f50fde75e07939591f9e134f9482feb82a2a,1750927670,,0x9b8f31d4a132cfd3425eef49076e56e60dc1ed2f,1000000000000000000,1751134295,2025-06-28 18:11:35+00:00
VoteRevealed,22804642,0xb0866e37558f1fc43edd89027982e6a0bc6f33e78e81200d3ff73487e80ac44a,1750927670,,0x89bebc6265fa32861e38ae26e112aa4694b9103a,-57896044618658097711785492504343953926634992332820282019728792003956564819968,1751134319,2025-06-28 18:11:59+00:00
VoteRevealed,22804761,0x55013aed39aaa709c39d9def8b96e35994e68cf10ab16b4020cb1a3ec0102a67,1750927670,,0x104d86705c46e9422b803af522b43809f1c8e4e9,-57896044618658097711785492504343953926634992332820282019728792003956564819968,1751135759,2025-06-28 18:35:59+00:00
VoteRevealed,22804874,0x7ba54e19f617db0439a9d0cca855fd4e0b040d9d50971a72c5e19f4e85753f3f,1750927670,,0x92d76b5d5ee767a4a90719a9a910936dc4006fc6,-57896044618658097711785492504343953926634992332820282019728792003956564819968,1751137127,2025-06-28 18:58:47+00:00
VoteRevealed,22804918,0x34fb3f678f07c1691c91775190c794dacd82746ac1d87a433d25901b1098b8ce,1750927670,,0x1515f9d20a8df64c72f0d35baf5a5ec079c4490a,-57896044618658097711785492504343953926634992332820282019728792003956564819968,1751137655,2025-06-28 19:07:35+00:00
VoteRevealed,22804930,0x9a1366ba557fd2750bd5d359f391a5796a1d877e2cdcb113b3bbfdf65242da99,1750927670,,0x7e367235ef80109531113d8284a5593ba6a40c22,-57896044618658097711785492504343953926634992332820282019728792003956564819968,1751137799,2025-06-28 19:09:59+00:00
VoteRevealed,22805084,0x2a39f6f47851a3ed61ebd7217dedd1e489cdb33bd2ffb19c948d49de036a9f0c,1750927670,,0xe6b5a31d8bb53d2c769864ac137fe25f4989f1fd,-57896044618658097711785492504343953926634992332820282019728792003956564819968,1751139647,2025-06-28 19:40:47+00:00
VoteRevealed,22805286,0xcc098a8f837cfe8a8cb9dc16f311d88d044b400861da0dcf0942d32cfb5bf189,1750927670,,0x8d61d0bbe21f6f3c81cc6b0d4ba6164b911f27bc,-57896044618658097711785492504343953926634992332820282019728792003956564819968,1751142107,2025-06-28 20:21:47+00:00
VoteRevealed,22805390,0x54e211780c7d762cd0d180cd3c6ab01e4dd64f679294de6b293836a023816107,1750927670,,0xd2a78bb82389d30075144d17e782964918999f7f,-57896044618658097711785492504343953926634992332820282019728792003956564819968,1751143367,2025-06-28 20:42:47+00:00
VoteRevealed,22805511,0x2d9869ae9d48b1dbe96090186848530c58c05ff2fa50212215067ceff1535e7e,1750927670,,0x6573e30ee0ad46bc9afa0c2adb0d3f147d658efe,1000000000000000000,1751144819,2025-06-28 21:06:59+00:00
VoteRevealed,22805577,0x98b83cecba08bf7da9e492bc2235ceb1311c32d76015c4a60fa6f254a991ddac,1750927670,,0x996d5138843993cebc554c20d82310a43802aff1,-57896044618658097711785492504343953926634992332820282019728792003956564819968,1751145623,2025-06-28 21:20:23+00:00
VoteRevealed,22805782,0x411e8d35cba2880db869f629dc335e77f99fe69b48ffd051658428f64a02a3a4,1750927670,,0xa4effcaa060edd222eb86d33beb4df518805a5ea,-57896044618658097711785492504343953926634992332820282019728792003956564819968,1751148107,2025-06-28 22:01:47+00:00
VoteRevealed,22805801,0x9160bd99cdb741e50351a28626bc1e29932ead82693b4fefaa8acd8c61215540,1750927670,,0x35041bcf4455468d1de0bfa0ffd9ebe9ec6cec2b,-57896044618658097711785492504343953926634992332820282019728792003956564819968,1751148335,2025-06-28 22:05:35+00:00
RequestResolved,22806374,0x1c0282dd9118600f0c73e53ab093ccacad2b8efbffd9f994f8442507e9d93392,1750927670,10133.0,,-57896044618658097711785492504343953926634992332820282019728792003956564819968,1751155235,2025-06-29 00:00:35+00:00
RequestAdded,22822042,0xe892a9216691da324d6f150ccdaa37096c70d9e727aefe3c13c609e43e5207d2,1751341891,10136.0,,,1751344535,2025-07-01 04:35:35+00:00
VoteCommitted,22835017,0x8c132e790cd48010f150d1c08ba97c84208d95cba58c7414c650ec5aab2fd59a,1751341891,,0xb73812cce6f5cb7ada40a134b4b16aefbdbb9472,,1751501255,2025-07-03 00:07:35+00:00
VoteCommitted,22835017,0x734d295c6d53f58618af2477b74312d2fdcc1124e23d10bf121b30b73c4f98a6,1751341891,,0x9860d7309039b9a44b1df878ed4484133a881316,,1751501255,2025-07-03 00:07:35+00:00
VoteCommitted,22835020,0xb261a6bff1acde536725facb2a2dcd5a5d7c5332d4677b4d6c438ff66e2f4cd1,1751341891,,0x6c314af837367aec15505e8d0991377250877d98,,1751501291,2025-07-03 00:08:11+00:00
VoteCommitted,22835023,0xb2c9fbf3804eb80b6abe7e6fc4dc03a337b32658de4450c6128acc52d322638a,1751341891,,0xf8e9af3a84d29678a26f08048dd206ad10cc6fe8,,1751501327,2025-07-03 00:08:47+00:00
VoteCommitted,22835028,0x01226e9a7797937044f5c7ca5ad7a02bd38e2e889f05997b719429cb246babb6,1751341891,,0x098b4f3068bd1e5e114c648c1c6b582bbe9a666c,,1751501387,2025-07-03 00:09:47+00:00
VoteCommitted,22835041,0xb616eff6d7ffdf74216458de5f07a81abaf796afa1e4a2d39b5d64285af87a42,1751341891,,0x93a692fe5477902c3cf5f6997c1cf59a3712ced4,,1751501543,2025-07-03 00:12:23+00:00
VoteCommitted,22835069,0x99eff1dca13c54ca430377871695af34ea58e99bc8b0bf4bceac37169fb93f29,1751341891,,0xea1e010e379f1fa9d74022c6655ebe7ed5f64f9a,,1751501891,2025-07-03 00:18:11+00:00
VoteCommitted,22835077,0x3e64c31d2cb9ca136f8deac6504b9dd540c89e7df010af67ed18f0893d282f5c,1751341891,,0xca64e575083e0a8f9c73ffc214d78027d98fc51b,,1751501987,2025-07-03 00:19:47+00:00
VoteCommitted,22835095,0xc4422e0812c7c81c48b77a0d47324949d3fb8e6dfe6b19eadd5031304601fad8,1751341891,,0x0bb9f7c03eb9c1a31c25b3b7e61e2c503c30b81d,,1751502203,2025-07-03 00:23:23+00:00
VoteCommitted,22835106,0xc08cd3c88550e5646dc26c0d3342d0430e2a505d6320c592beac2035a44d54d3,1751341891,,0x430c4e68894177ae43f52b4fd643fd2d6c7d2e5f,,1751502335,2025-07-03 00:25:35+00:00
VoteCommitted,22835111,0xbeaca90c26479773b50a166d606d9939113664dac34fb67ed3450453cb7d7577,1751341891,,0x92bdd46aeba9c2f4b55eddb522382261b62220ea,,1751502395,2025-07-03 00:26:35+00:00
VoteCommitted,22835119,0x73cc48027f59d4cc589431beff49eefc1c245fbbbf6e55c241640832f3f43c61,1751341891,,0xbb68400daa7ae42392de56026f9b5c1e6f923e3c,,1751502491,2025-07-03 00:28:11+00:00
VoteCommitted,22835125,0xea20f60ee4a73e54fb1380b7dc431f088966b7b3502ad2fda7df9a8c5d269ebe,1751341891,,0x8e5fdb6a37f2389fa638b2e144809c7d7bc21e4a,,1751502563,2025-07-03 00:29:23+00:00
VoteCommitted,22835130,0xb7ad8db98788bdbcd0c630c68f5fd419baa138f8c4774f89131c23806a800c3d,1751341891,,0x63d4e757ae3aa82751094bef2ce37db0b303959e,,1751502623,2025-07-03 00:30:23+00:00
VoteCommitted,22835135,0x2cdcadc02e9399ace6a9b8c0704e2729477363512908fe644374ad36ca3c3e4b,1751341891,,0x48767f20ec0aca7f47b3da2cc32bc06549470a9b,,1751502683,2025-07-03 00:31:23+00:00
VoteCommitted,22835143,0x2fce0b4d63ef762a43b085502818b2b2cf325f3d5435469ea4c0de88fa803c5b,1751341891,,0xd273f87e43851fa7f0518e3b385c0d964621e3c6,,1751502779,2025-07-03 00:32:59+00:00
VoteCommitted,22835154,0xcdbf3a7957db9dd5a2d263e238efeaa5da731df358bed29ec7e0d56ae731e367,1751341891,,0x5a9496b8341329fc1fdd7103a8e98d8ca5df97ee,,1751502911,2025-07-03 00:35:11+00:00
VoteCommitted,22835162,0x5f9cf334736d29e1a27beb5dfd45866212e5a226137ed603344bd19ba74ceeb7,1751341891,,0x9cf0ea03c7e23f2c466d48f6bfa14a85ef7cf4c8,,1751503007,2025-07-03 00:36:47+00:00
VoteCommitted,22835167,0xa446d5342b5ffa39b5b5675335c2ab75c7571b0c8cc6c596ede1967931d22f2e,1751341891,,0x977909d7dabd665d2ec8af815f3438f67d13e7e8,,1751503067,2025-07-03 00:37:47+00:00
VoteCommitted,22835173,0x42715df6239c07da5ede00ac26a6380116cd0a17ec6fdb764782228f3ef05db7,1751341891,,0x2f55877d6d8a42bd87e0325201cd15d63abf5866,,1751503139,2025-07-03 00:38:59+00:00
VoteCommitted,22835177,0x9ee46193c204bbbd2b02c4eb366a65b8f2a92ef3cc383350cf383e01829e99dc,1751341891,,0xc0dc4010e76fbd53c82b19f8f8d7604e37289fb4,,1751503187,2025-07-03 00:39:47+00:00
VoteCommitted,22835181,0x98bb8b3542d190a7ddc5fc5e902acdd83ebbb6a9e0aee2dd70ab30994bc4c6ec,1751341891,,0x4010650464cc07e447ae10d3135f8c82554b2528,,1751503235,2025-07-03 00:40:35+00:00
VoteCommitted,22835189,0x53cacfcbfec33dba8c954208821e80546bb11b6954db3221502153f7eaed19ca,1751341891,,0x40bfe49745df251fa0ac7a3f983101ff170c389b,,1751503331,2025-07-03 00:42:11+00:00
VoteCommitted,22835194,0xadf539e7265f0f952ec6125b1e80ab9c54ec7b5beae0c49de7e0059b0c8fbd4b,1751341891,,0x126db3213b309a8d554594e591e614425ccac78e,,1751503391,2025-07-03 00:43:11+00:00
VoteCommitted,22835194,0x1f460fe256cbc81ca00a24b38eb8f186f91f1179db696ed63b31755b4b228ee0,1751341891,,0x5060020e66031c324f77ae24f14cfcea6a688cb7,,1751503391,2025-07-03 00:43:11+00:00
VoteCommitted,22835199,0xe945abbe84c4a464b2dd309f6ceec925f990471864076c4eeae0c995afc702fd,1751341891,,0x1edb50d83f76382480886597a3023fc318b2ca66,,1751503451,2025-07-03 00:44:11+00:00
VoteCommitted,22835211,0xbf8b4e2ab06163a52a88a27dea892c9c882d613184a097244bae2a82447c09e4,1751341891,,0xf37e6dca8d54f044049e0b2431e7f8fb25b70cae,,1751503595,2025-07-03 00:46:35+00:00
VoteCommitted,22835220,0xa7856a3c730e4e8b91696b947f7a01e42faface4fbf2a65ff7be9c1ff3ce8f90,1751341891,,0x415106767827a7856d826458a486a87e0e15097c,,1751503703,2025-07-03 00:48:23+00:00
VoteCommitted,22835226,0x17e577322c2ea27f18ed0c9c048226586ce918ade23a20cde92531c2efc74ee2,1751341891,,0x7ca4b00a3aec07f978d127e69bc16484a038619c,,1751503775,2025-07-03 00:49:35+00:00
VoteCommitted,22835233,0xc827351d745a0bb6c94482f30de49ec64b72bd63fa2434a8bc9a8604cc37023e,1751341891,,0x590a8dae6861cdc2b0300096ec6e4dc6cf2143f6,,1751503859,2025-07-03 00:50:59+00:00
VoteCommitted,22835239,0x32e32289b6a23a6e6a187b0dc085b60211b4cd4c84a2554ad487c32b2da78b67,1751341891,,0x3b84e3ffbe845c0349e258f243b5f00ca22ba587,,1751503931,2025-07-03 00:52:11+00:00
VoteCommitted,22835248,0x683d0821811a64f1a9400d18b42a581f4a525628dfe4160586a0e3b67e85edc8,1751341891,,0x49135912edb24205e1b0e7b9ea71887edc59d50a,,1751504051,2025-07-03 00:54:11+00:00
VoteCommitted,22835256,0xa3d03e9401e30479f256502215ef528c23dfb6c26be765f7848a990f90de9dab,1751341891,,0xc590314de55b52c96eb34edbc4b55cf8fc8cd510,,1751504159,2025-07-03 00:55:59+00:00
VoteCommitted,22835262,0xca1b6f44f8422f70fc05116688fea83d9638f85f3ae6864fabbcb13cd6b5ce96,1751341891,,0xde7250d923299e1ecedc0743b159e95b945082d9,,1751504231,2025-07-03 00:57:11+00:00
VoteCommitted,22835269,0x4934f5ac8f7e58b66a5bb42fcbba2da71475e1232a247d51c832e95815244c10,1751341891,,0xb4c907afda8c362b58281b5c43a2e7b79f089d09,,1751504315,2025-07-03 00:58:35+00:00
VoteCommitted,22835274,0xdf38df1c954a76562366452d0323c200c1241c7e95dd38cb93c44213ec6e4509,1751341891,,0x6748445d83259a6709e459873323324a54072d1b,,1751504375,2025-07-03 00:59:35+00:00
VoteCommitted,22835279,0x173b44db723eb0f7e1f4a9004875f3feb4b02eb619a93237f518f6c3f5b26dc8,1751341891,,0x3bd0cbc96186cc3eafb304111e6ad20a4ac92f8e,,1751504435,2025-07-03 01:00:35+00:00
VoteCommitted,22835292,0xa817c042ccb2a79ea99a000b70ade3d0ab3cc4478f3a524fb36ade60618b631b,1751341891,,0x630a63523a4f079201fb548114695d8da1d742f5,,1751504591,2025-07-03 01:03:11+00:00
VoteCommitted,22835300,0x31f9ba3842f391c68bd3a60e0218d13d2e3f179c1caf2a8a3ff566829deb4a62,1751341891,,0x26fd27a26a6c1ede36214512ee4e56440a0cebf5,,1751504687,2025-07-03 01:04:47+00:00
VoteCommitted,22835304,0x13f377dba08a53e7899500f49436c003bbc3ff70a5d191c6cadcab3fa21b42e7,1751341891,,0xd1cd2fd35c63e27a33f0b5ecf9c92ba1ab9c6df1,,1751504735,2025-07-03 01:05:35+00:00
VoteCommitted,22835308,0xcc0cf9ab47506e118b6ec9b66d80d2701e1594ba546da40471c76c55e353cf7c,1751341891,,0xd8c3cd1a7576efc723357b7158318f0cee0e30f6,,1751504783,2025-07-03 01:06:23+00:00
VoteCommitted,22835316,0x7eb8aec2c26537fe10bfd2b20ea21cd14eaad2fd3a11fcda040f17f4b1df1a1e,1751341891,,0xb538544c0d0971dc6cdcc17a1ac50a02bc0a8b0f,,1751504879,2025-07-03 01:07:59+00:00
VoteCommitted,22835335,0x32bfdde574aca547edee80a30847bde8229e1ec68d9dee7c7058b515e9168943,1751341891,,0x216bf62b05246bf4a1694061e8769464a6bfd812,,1751505107,2025-07-03 01:11:47+00:00
VoteCommitted,22835339,0x9bbc1e0ebc531d625ef74f871a5ff0e658ad57629b3fefaf386b1ab91aa18524,1751341891,,0x28ccfb369fb97929068cd30a390d37fee0037c61,,1751505155,2025-07-03 01:12:35+00:00
VoteCommitted,22835344,0xda1580112a820e7f693837d8a58c701cee755052e3128936ea8225eee90ba213,1751341891,,0x5d2150e5d88a30d5793c6c49959b8f7d350a36a5,,1751505227,2025-07-03 01:13:47+00:00
VoteCommitted,22835347,0xee956cb6a103de373fccff2aa3f3e8bc0abb7343cbf9f0b89900c2e8040cfef7,1751341891,,0xc4e70e97a54bbf4f9796099282fa47397da4b4d9,,1751505263,2025-07-03 01:14:23+00:00
VoteCommitted,22835350,0xdf0bc7b40a7b6cb48d1378305ef2f73b934811f1b03ffc3f91c3b49b5b12218c,1751341891,,0xe7ff7ad54492a38afb99bb5d8b897c5f93a66f47,,1751505299,2025-07-03 01:14:59+00:00
VoteCommitted,22835357,0x5f2a499bd5f586991afcf3f2b73f3ef2a7c5416a9a853227ab20a1fd6c51caff,1751341891,,0x1f12254be217cf9e9be46960c36970390b07f16e,,1751505383,2025-07-03 01:16:23+00:00
VoteCommitted,22835362,0xfcd391528972c789359681a9727455ab96d46dd11a420e089486fd45665f5eb1,1751341891,,0xc42851d834037ca1f82668596233dca69654867c,,1751505443,2025-07-03 01:17:23+00:00
VoteCommitted,22835365,0xcb25e744f1bd31ea06711a20d4226dfb3fa94fc4c80696625ac0c931eecc38f9,1751341891,,0x8548682e561668a51f99124d998db97ff326e67e,,1751505479,2025-07-03 01:17:59+00:00
VoteCommitted,22835369,0x540921ffabfbd410dd2e9eb60820228bbfad65c835a5842a28a07079a5dee165,1751341891,,0xec2bae309d0a18d7ddfd4ea0f17a2f60817f4e9c,,1751505527,2025-07-03 01:18:47+00:00
VoteCommitted,22835373,0x1cca065a08ae000abe136409d3676e7467e095047023e93efabab85579a460df,1751341891,,0x6137a7c745ce7ed7a6ec8ca4aa5b635ff17d5467,,1751505575,2025-07-03 01:19:35+00:00
VoteCommitted,22835383,0x1281ac33af6dde683e5813bf0796648957000e4f79d7253353991b26064cda1f,1751341891,,0xfa8ce8d44271201e9ce37838ccb75ba482d597f6,,1751505695,2025-07-03 01:21:35+00:00
VoteCommitted,22835393,0x4eedf046e9050480df63abe1660a9c6d1a59ecfade954dbf97aeddfe0991db03,1751341891,,0x4289c656b76b20ebf1b5fa4363da812346919bdc,,1751505815,2025-07-03 01:23:35+00:00
VoteCommitted,22835398,0xf96020f7fe3fd2251700104404b22b40a02bea34551f7996fb0754399e2f06ae,1751341891,,0x4af80e6414efed0b91fa19c0d19b46c381becb7c,,1751505875,2025-07-03 01:24:35+00:00
VoteCommitted,22835408,0x1caf47efd1262fd8da9dda3f8a69bf9c6badccd92c68ca873bac6f5c57bd8ac2,1751341891,,0x54d6390e19ce818209bd3b53a5d0d2e0c6faae04,,1751505995,2025-07-03 01:26:35+00:00
VoteCommitted,22835412,0x0e3fc55ee692f6c0fa0deb132fdd819e4d42f1ce527ec3cef892aeab7af3b47a,1751341891,,0x4241b7a1b190f97213cc092237833305af62f563,,1751506043,2025-07-03 01:27:23+00:00
VoteCommitted,22835419,0xe3d9b7c9d55969f7266df6edb5c4837b76591d3faca9858bcbf7fe395be34e5a,1751341891,,0x54aa33917df81b0156cb432c0d4b8cd97cf1232a,,1751506127,2025-07-03 01:28:47+00:00
VoteCommitted,22835421,0x91cb2418caba38764af056917a8899c432b5a60430a0efb2b4d9e83ab09a1dfa,1751341891,,0x2f966072f36109f27539e5edefa741912206e491,,1751506151,2025-07-03 01:29:11+00:00
VoteCommitted,22835425,0x88454ac82831a9d14ca0259398fed4abb18dd3021146eea727e98577e7ddf200,1751341891,,0xa4635d0d583f6a5335aa3ce39ca7d7c2e7a7d01c,,1751506199,2025-07-03 01:29:59+00:00
VoteCommitted,22835426,0x276524d78a4adb0a39b057ac4057911f4d37c7b9ced3bbd7a11e7b55c86adeee,1751341891,,0x349ef0f01d64b6bb96f3d2fde895bee5ce745168,,1751506211,2025-07-03 01:30:11+00:00
VoteCommitted,22835434,0xbf49cfedcaab14a679bac35c6fefef457ec2a3a97409debf79664bcf3b7ec05e,1751341891,,0x58cfc8ee2132847afcdc67cdefa92b2d21eb5ba9,,1751506307,2025-07-03 01:31:47+00:00
VoteCommitted,22835450,0x4eb53d314b16ef84d576cb29fefb87cae35e4f435db196a9d069b5d1981cd0a2,1751341891,,0xf3c162c189341d024ee753223101612abf6fcf9c,,1751506499,2025-07-03 01:34:59+00:00
VoteCommitted,22835454,0xede01b19269745a3684d8f987fd8d98637a02574a29e298f20f78a95887cf086,1751341891,,0x09a10823b87aed0a3c348c0a20d69d3276192913,,1751506559,2025-07-03 01:35:59+00:00
VoteCommitted,22835459,0xd781698c13e71d08f9fa7a4335b5e1d5ee75d96e10de4c65142ac52ae21d9e95,1751341891,,0x336701bab9ee6a829a5d610a301e978aced202c4,,1751506619,2025-07-03 01:36:59+00:00
VoteCommitted,22835464,0xb32eab859740c4febd3c2b1b7a3038d6019774a7485363966676b9db9575cb9e,1751341891,,0x3895799b03759423c728eed3aa0c0414f5179f79,,1751506679,2025-07-03 01:37:59+00:00
VoteCommitted,22835469,0x0deb96e4d9828137cb348d9f846f8a0d55e440b2e3255b910173f7230475aab8,1751341891,,0x5bc3d8339754b5d4455355b3c5cf2639fb943942,,1751506739,2025-07-03 01:38:59+00:00
VoteCommitted,22835473,0xa764754ca6b90805c5e795af6be0262d1292f68fb3b1e86fc92f47a3beb3663d,1751341891,,0xdb6d77a78b4da7286e3c1a6828eb83d9f0cca527,,1751506787,2025-07-03 01:39:47+00:00
VoteCommitted,22835479,0xc9c1c325a8af72465a705a48b494d0afd75b8f8558e6cf2c741c9c33238dffc5,1751341891,,0xab0ea94509caa5703362eaafd8087d205f97a340,,1751506859,2025-07-03 01:40:59+00:00
VoteCommitted,22835485,0xeda9069acbe4c2aedad174ec2670b025c4120ee796489a907251da051a0d94a4,1751341891,,0x3b59d6b33e8f8ddf9734917a40056d07548a4444,,1751506931,2025-07-03 01:42:11+00:00
VoteCommitted,22835506,0x3afd56a54cf8cac3f6f3258617622e36684259ba57a59d5adc63f2c5b47a4770,1751341891,,0xd8e492ede29fb17f9910ad12054047a4c5af9d15,,1751507183,2025-07-03 01:46:23+00:00
VoteCommitted,22835553,0x1c473b25d7e92d9001ce25fcfa27522bfcadd65e5c71a15548ffe385fb5f0253,1751341891,,0x21a745db2c52c841b4511fc55aea27156c76bce1,,1751507747,2025-07-03 01:55:47+00:00
VoteCommitted,22835588,0x24494f57464f7f427879997d29732e19cbc704fa3c3e2f30919ae254cfd4bc64,1751341891,,0x0b5ddda89a88416860254eb326b3691ffcce4832,,1751508167,2025-07-03 02:02:47+00:00
VoteCommitted,22835616,0x4f33cb07ece7e7a818672d898ff2f7d83d5985945be66624d8a5a34a4dafb401,1751341891,,0x40ae09fade887c0e6e804b7ae8efac77aa6ad35a,,1751508503,2025-07-03 02:08:23+00:00
VoteCommitted,22835631,0x497e52e6e50b49415cbf0593646b577dd4cde1727e7a84f172bbb227577c1cca,1751341891,,0xe3213b7382b5b0ff61cfacfefabef72982a4d544,,1751508683,2025-07-03 02:11:23+00:00
VoteCommitted,22835792,0x0ee257d3c4abe7f7d922a567cdd7765bcd0a59107d4ddb210224f80961765d98,1751341891,,0xbd4b2b116ef87967f8d682195023313a00c7287d,,1751510615,2025-07-03 02:43:35+00:00
VoteCommitted,22835842,0x8f4c2f113b0261cc84ae5a5eda0f3dedb49f44e53226c31e960b00b2086e7445,1751341891,,0xdfb300cbad35618bdc6b6d392d0373682035c585,,1751511215,2025-07-03 02:53:35+00:00
VoteCommitted,22835873,0x58a9710ba5e3b621a0f610d1b9c81d06c1351868bd56070bd87a49ac9c95ac61,1751341891,,0x47a40a367b3298be3da3bde3994c5342e26f368b,,1751511587,2025-07-03 02:59:47+00:00
VoteCommitted,22835901,0xbbac13a3003c7aa799679f56db2c36b32d6f7ca2d014d8ba6b4615f267a5ea79,1751341891,,0x223ae49e7a1dba195a3a304833275ac09e9324d5,,1751511935,2025-07-03 03:05:35+00:00
VoteCommitted,22835913,0x80a8e8f61b303443677bf3266807e552101035a0923db2a55782a44798d98534,1751341891,,0x49b3fb1b5e6c6ae2a0f15de68f73f9e5cf99bd78,,1751512079,2025-07-03 03:07:59+00:00
VoteCommitted,22835951,0xc400ba8c836c676c8241a3de9f0b2e41f9dcbb852a6c0fb6972a8aa8d7abe2e4,1751341891,,0x5d547923774921d7938349c1582239d19d5ccc4b,,1751512535,2025-07-03 03:15:35+00:00
VoteCommitted,22835976,0xbf99c734917ced696fb4586f5f4ff3a3101b446e2a2001847fd5c14d788f640f,1751341891,,0xff0778459d97530592d001230686e9206341b8cd,,1751512847,2025-07-03 03:20:47+00:00
VoteCommitted,22836059,0x355785a56cc29c031f9c4e744758be52f21a9c817a7b2d3e2d7b9216fdd02ddd,1751341891,,0x0f442ba0a429e358ba4e17de1b0b4fa6181760dc,,1751513843,2025-07-03 03:37:23+00:00
VoteCommitted,22836071,0x13b5a67c158891b9cfc44597a961a9192964f53d21990cdc53adadba55c16936,1751341891,,0xd2a78bb82389d30075144d17e782964918999f7f,,1751513987,2025-07-03 03:39:47+00:00
VoteCommitted,22836138,0x7c426171befb4f40118cc01ac49ae80976ce0be02606458bd725f20547e6f12a,1751341891,,0x7baa3b328603535006d76d7b80af7260fd8a946a,,1751514791,2025-07-03 03:53:11+00:00
VoteCommitted,22836243,0xc8e58b207c2a3257543ad4c3d916dfc28a31976073cbb35a4d0637c8672fc4f2,1751341891,,0xf548bcf569fb953bf4f9dfbb67267d5824c8da63,,1751516051,2025-07-03 04:14:11+00:00
VoteCommitted,22836343,0x52629dd5267be44550195bea3e98cff101fb1c662a2f5bfbceacb361fd93cfc8,1751341891,,0x374585bfd5e03868ceb23aa159c4f63f0c2f650e,,1751517263,2025-07-03 04:34:23+00:00
VoteCommitted,22836365,0xf9580c25c4a12d1e31592329b699dd8bbdcb6ff14956871fa320239992bce124,1751341891,,0xa2e5dbd496e25a194a11fc3e4ad5ada199e827f4,,1751517527,2025-07-03 04:38:47+00:00
VoteCommitted,22836378,0xdecc0bafc8c0179cd431ebb5b1339eda3615ba18b6f8d2f6a86cc89cd1255eee,1751341891,,0x2a6dc98558a7482cfbd2f7c75be5d59e62e27e59,,1751517683,2025-07-03 04:41:23+00:00
VoteCommitted,22836420,0x940485a865d42c06b2fa7681daa6450beae9e30078aa8f7889aea6f42ff5db2e,1751341891,,0x95cd0e455cf41e9f8cca8eee488432f3f10f29b8,,1751518187,2025-07-03 04:49:47+00:00
VoteCommitted,22836428,0x3cf9f5f8e402ed8f75a3702d79373d246f52ff0a88b1873daa7de7ab2e322829,1751341891,,0x8c4809d3ad6b05ee765b36807d7c6c6b3782b938,,1751518283,2025-07-03 04:51:23+00:00
VoteCommitted,22836508,0xe1c59d439be4768a6e94d62bae122cce7b62f394dce8f776f677ac499d02a78b,1751341891,,0x6391098e7404210be5b4b67c1bb6c1bdf4be194a,,1751519243,2025-07-03 05:07:23+00:00
VoteCommitted,22836513,0xc200576e62bade4ce299a82b2214ec90bf3ddcef6be3beca09816118689e65bf,1751341891,,0x8ce75214878e6748b58fa0771c8cde60b3050337,,1751519303,2025-07-03 05:08:23+00:00
VoteCommitted,22836623,0x4f67573d1da8d2ab4d6a4e1a415353bf09f40974c724f21c9f114ea0bd5bdf03,1751341891,,0xe6b5a31d8bb53d2c769864ac137fe25f4989f1fd,,1751520623,2025-07-03 05:30:23+00:00
VoteCommitted,22836641,0x374866d5c5224395219a94b5833de3c612af5883f8497bceb0f40a334db060ff,1751341891,,0x27b0fc6c4a5a0cf213a570097279a5bde61214d2,,1751520839,2025-07-03 05:33:59+00:00
VoteCommitted,22836643,0xc2ccc5b8e3c4f5ddaf789a8c9e3eba4cef60a79805767c32f47185c78eafd4da,1751341891,,0xcb8c77837f470053f91e1e288cac223118c69937,,1751520863,2025-07-03 05:34:23+00:00
VoteCommitted,22836738,0x5962dc414d0b8beb2a7d5ddafb70a83ba551bb744ed3b1bd910596d79b3655c5,1751341891,,0x196f239229aae65883802b5bb512e17084147ff6,,1751522003,2025-07-03 05:53:23+00:00
VoteCommitted,22836746,0xafd102e051bc5938826bc0eaaf5adcc6ac4113447519ed4e773d646d04a0a0b3,1751341891,,0x9b6f4d48fd61313204f7c8fbe9dfec6384aa4ced,,1751522099,2025-07-03 05:54:59+00:00
VoteCommitted,22836762,0x890cf98d61b9fa93a97eebb32c60a23931235e90ea97734525a18a228e287878,1751341891,,0x4ddd9af5f091a11438f3c4f618f1257d6d660cb2,,1751522291,2025-07-03 05:58:11+00:00
VoteCommitted,22836776,0xedd74ac480e8d636b5b9764d8c69dd0e46fe556f91da9d6ba6aab1b7bd92d8e7,1751341891,,0xab0ca0d1238f6f21f725f26473e06d99bdb58b3b,,1751522471,2025-07-03 06:01:11+00:00
VoteCommitted,22836799,0x09bdcc5d65fb6fc19658f9a47eaae50ce53eddc9bb613d83dcf3e03f1ec483c7,1751341891,,0x8b64673c9a482913a6e2c1298637532947cd96ee,,1751522747,2025-07-03 06:05:47+00:00
VoteCommitted,22836801,0x4c50473bfcb7d485790c3f57f642554ce234d88b9fa98ba0381250f2b06127be,1751341891,,0x48acc4a909ddb127787a7d1d63b47e98f66174f6,,1751522771,2025-07-03 06:06:11+00:00
VoteCommitted,22836927,0x4a13bce13d306a62d1d376db703d10b1b899b224d4d9b74c6c0d0c3278ff2248,1751341891,,0xab0ca0d1238f6f21f725f26473e06d99bdb58b3b,,1751524283,2025-07-03 06:31:23+00:00
VoteCommitted,22836948,0xbb45900d797c2b8f0e34a552129a0bf400ccfaa7ad04853475a8612bc17dc9e6,1751341891,,0xab0ca0d1238f6f21f725f26473e06d99bdb58b3b,,1751524535,2025-07-03 06:35:35+00:00
VoteCommitted,22836951,0x0c926477eb34f4a36705dcb6eba5f894ce063a21791533a7e0f21854ff905c74,1751341891,,0x69d0341d380a1229f4751a0a721345dbc716586c,,1751524571,2025-07-03 06:36:11+00:00
VoteCommitted,22836969,0x4dec7ad86aaeb4b43b87fc21bd47a77ae850593fc9b61cef98258c5eb3023f58,1751341891,,0x34d4dfcf6e0b23a891bd9f076a6ef7dc3acf6ab2,,1751524787,2025-07-03 06:39:47+00:00
VoteCommitted,22836997,0xdd6714f1bfcc42df6e78ddd4eeadf220833c857b2b2ccf08aeb4bab756b04699,1751341891,,0xd521cd4f0205f0afbf427610cdc4a15736e57329,,1751525123,2025-07-03 06:45:23+00:00
VoteCommitted,22837008,0x13e962c26b1c9f13e098c746fcc0a665fba50010f421fdec3fd5f7d1aca675f8,1751341891,,0x785c24d44e9246fbd2980f1cbecbf24e9e4b2de9,,1751525255,2025-07-03 06:47:35+00:00
VoteCommitted,22837023,0xf723df0d1c5c620b1196ea9b49ba3cdbf30992048541718b8661677a8328f64f,1751341891,,0xab0ca0d1238f6f21f725f26473e06d99bdb58b3b,,1751525435,2025-07-03 06:50:35+00:00
VoteCommitted,22837050,0xe47a5a9641aec57e9b103464241b327a3b6e2ba89181eb587ab1ba2c75dc0fe9,1751341891,,0xab0ca0d1238f6f21f725f26473e06d99bdb58b3b,,1751525759,2025-07-03 06:55:59+00:00
VoteCommitted,22837074,0x35b7e6a86d3c834c9c5f917571f8a901c944cd65411ef83854df1e6bcd260467,1751341891,,0xab0ca0d1238f6f21f725f26473e06d99bdb58b3b,,1751526047,2025-07-03 07:00:47+00:00
VoteCommitted,22837080,0x0c916279fa97e9be21058b05f404ee94341f18fdab7f8a4006a063dd671dc07f,1751341891,,0x99bcea6bb0403927fb3c038163478d5b42082fd9,,1751526119,2025-07-03 07:01:59+00:00
VoteCommitted,22837140,0x0456a34e31edbe75a7711e1242e675d8893182730a87dedc5e354a35fce0ab81,1751341891,,0x449ff548206132b1e0df2ed9da4f9de5c281d1c7,,1751526851,2025-07-03 07:14:11+00:00
VoteCommitted,22837143,0xfa4f214b5e285665d338852aefe53db0cfc898de20372ab0c66f9ae59464344d,1751341891,,0xf7665c8ff099c5ff87245615ea4ed5374bdb392f,,1751526887,2025-07-03 07:14:47+00:00
VoteCommitted,22837146,0xd9b5f676527963d472d927497b18c02a956d1f777ce0992516891b054af9d9a8,1751341891,,0xa85160a81da205ae57f6d55f16c9c43d773c7438,,1751526923,2025-07-03 07:15:23+00:00
VoteCommitted,22837151,0xc2a5a34541b7a8c998eccc84b2f76b58cf69939d2d3c6712e7e9f4f5370d93e4,1751341891,,0x7d8aee804bbad88d0081115adc917f5d9bf6388c,,1751526983,2025-07-03 07:16:23+00:00
VoteCommitted,22837174,0xc73b72bed8d049b9453c2040df9ca9fb5728e71f45ad267348fadb6f79aabb81,1751341891,,0x50d26fcb38a279043ba075b86df912cd523931ef,,1751527259,2025-07-03 07:20:59+00:00
VoteCommitted,22837178,0x41d4bfe89790b85236cd33bd99afffa90d831ed1d375f447c09d5a7b84f28f57,1751341891,,0xc3ac3355b2686fa503246a92e34d0b7261b39d6b,,1751527307,2025-07-03 07:21:47+00:00
VoteCommitted,22837187,0x071bcbefbc84d60e9b165b2a45718fa1bdd2d8f8e7935bd20e59f5f2ba0adec5,1751341891,,0x73cde0e4f0480ea6b98bfa292ea936685716af4d,,1751527415,2025-07-03 07:23:35+00:00
VoteCommitted,22837191,0xe979505220d518079c6ad7d0fc2dfbc2e4e5138dd4fe17b4b82369d430a7f190,1751341891,,0xc84fac7d2f80d70b21a536fdc1fde5cb404d747b,,1751527463,2025-07-03 07:24:23+00:00
VoteCommitted,22837204,0xd8e9e45a56dc8ae9986ecf02ffff513eca045a41ba183e90660311d0d212c824,1751341891,,0x1921902db1b0967762f3ae86ae0675b2b3ddefa9,,1751527619,2025-07-03 07:26:59+00:00
VoteCommitted,22837210,0x6630764fa3511d51c0b89c90e5d6a7fbccc16a7dec130e68c1b3f03c086b09ca,1751341891,,0x0fad7fcb19f3ebe9402bf0623d7ed0fc4f1def15,,1751527691,2025-07-03 07:28:11+00:00
VoteCommitted,22837232,0x8459471c215201ae33f22ab4803034fdc594877e9a4b95787ec736017100c38d,1751341891,,0x074f2ccfb2716fc8b6ac579173f1aaeb1f759d52,,1751527955,2025-07-03 07:32:35+00:00
VoteCommitted,22837241,0x11f02ff0af8d35c8aaa5aca5c15b34be2b5e87ad81cba7ad939e718d04e18267,1751341891,,0x5cbcf31708d71e3cb4c98e93dffc50a4eec7ae1b,,1751528063,2025-07-03 07:34:23+00:00
VoteCommitted,22837244,0x44ee03fbac35ff49c3d9485276e10f99264202f5c43fa81add97e50e755030e4,1751341891,,0xcfb331ade6d66ad1cb6765a2dd51ad3aa9a1400e,,1751528099,2025-07-03 07:34:59+00:00
VoteCommitted,22837252,0x28373688957446bb371fdeb1f146c6210fc9d5ec84b540b7e69b93ecb179fe1a,1751341891,,0x20271ec8650e0990201ec5c785a5f3e8b51850ff,,1751528195,2025-07-03 07:36:35+00:00
VoteCommitted,22837260,0x679695f2b14235e2164effdc5b57ea667a3e4b519d886a95550acdee2e1906f0,1751341891,,0xa89ffd4063866481f3da231bc2ccf88def15b642,,1751528291,2025-07-03 07:38:11+00:00
VoteCommitted,22837266,0xef95175ced1019c7d37166478c9de0bfd0897330ae76a715f961f1b4c27ed506,1751341891,,0xcc50808a98ab15312361ab4837f412b2d9cdda38,,1751528363,2025-07-03 07:39:23+00:00
VoteCommitted,22837274,0x66c98dd2d5202292e5ebdef524c67ee487205a9035229e8d6de480863bdde766,1751341891,,0x7c9c7bb3d6880f0d720feb4fa6164bd3e49f76ed,,1751528459,2025-07-03 07:40:59+00:00
VoteCommitted,22837277,0x49ac5e386ea1f402f9f2971d0bdbf5c0ba1b68b403258ef6585bb59b34b10bcd,1751341891,,0xc9e8233c2c5476cda4f96595bbb3a9d117168df5,,1751528495,2025-07-03 07:41:35+00:00
VoteCommitted,22837280,0xb4a139b7bf857d7c38c5ee9e9952b76bc0b42ebe0ddb5d541b8c3be4ac0cf19f,1751341891,,0x90b979c9e90ec5d5246dae6be32acc451edd2464,,1751528531,2025-07-03 07:42:11+00:00
VoteCommitted,22837318,0xd26f96dd3847c23f7f9a4d52bb41b7d7836de01b1021e161a15c85b25b9da1f0,1751341891,,0xd431b7c1433fba9a5aa5330e5211f4773b95e9d9,,1751528987,2025-07-03 07:49:47+00:00
VoteCommitted,22837329,0x5a410f12539b8ff98a22fdc68c2d08674c7ce948e53e777aa94a2db5cb7b9f17,1751341891,,0xf1de794ecf521ed64bdd4dd55308361511f87990,,1751529119,2025-07-03 07:51:59+00:00
VoteCommitted,22837329,0xc8867b8a69fa82730013d7c4d0599ee2349b4ad8726a21aa07021b8327ca687d,1751341891,,0xe3b03d4dba836e2457007e7a6e78aefdffb11d12,,1751529119,2025-07-03 07:51:59+00:00
VoteCommitted,22837337,0x77c75dc34ccf0fe17bba3814fbc61ae7521d6664966d5314fff8e3c7e0e84ac0,1751341891,,0x0b0221d279026ac38eec4e13408ba7966afb9fee,,1751529215,2025-07-03 07:53:35+00:00
VoteCommitted,22837337,0xee493ba56e0ad6cad467d78651d7c94fc26db12037f506a1c3df353dfc619969,1751341891,,0xf0dc67c35b934a47704f5bcc1851398f57c7fe78,,1751529215,2025-07-03 07:53:35+00:00
VoteCommitted,22837347,0xcb9b807ccf1275f5ccb7880bce5997ca01edcc19d11d223aabbefde0b324f700,1751341891,,0x90daea825e9d43043c05725a4196382b881b1a73,,1751529335,2025-07-03 07:55:35+00:00
VoteCommitted,22837355,0x2fc8c46934c307532509bd934ead044fac495a73a2a4034e384a13c95d741f4e,1751341891,,0x8a74781b294238d74f86b0cdfd4ee7b1dbe55d7d,,1751529431,2025-07-03 07:57:11+00:00
VoteCommitted,22837362,0x613030a5082a0c27bf45f8d563d94d7a52093ad06c5f7aabc9ef09e966a5db93,1751341891,,0x4be80a823e619ef57a61cc19b6bfb72974df0604,,1751529515,2025-07-03 07:58:35+00:00
VoteCommitted,22837368,0x535fbce95638a5ac00c17b430c0d58a8ad0caf1b83d6cb2f0ec833d44766127b,1751341891,,0x76cc3f2fb3f451bbeed11bf9f64bb35f43438829,,1751529587,2025-07-03 07:59:47+00:00
VoteCommitted,22837405,0x2edde07ed00b2cc2651f6a88f27b59c8fe9c2c0c2aa4e1b463d8a8b467fb312d,1751341891,,0xf5df7a18df35da5ecfff6d55bcf920e3d8f6d5ae,,1751530043,2025-07-03 08:07:23+00:00
VoteCommitted,22837420,0x90d577abbc7094fbcd070e28bafddf328e6150b88722c54086be2e58abd56668,1751341891,,0xa21cc0de85e8c75bb10519872dd3965cec351e3a,,1751530223,2025-07-03 08:10:23+00:00
VoteCommitted,22837427,0xa0d17937ebf614fa06814642ca0842e90f385179b271b2469498e17e39da0f27,1751341891,,0x910144b369ed067f8a2ea470ebcc2fdb31c0dd9f,,1751530307,2025-07-03 08:11:47+00:00
VoteCommitted,22837433,0x00638b9104ca7a3851846ce3d7ba641ca8d5c9fd317ce88f7b0e9431c323d645,1751341891,,0x5b01ce79d8b3b793da3be5e27de3a767f1a02ed2,,1751530379,2025-07-03 08:12:59+00:00
VoteCommitted,22837440,0x0e6fe33929d15732bd2d90e6dd2af512291c78dfde8657b0c4dbcd0162450f81,1751341891,,0x06ce05db7d0a4539b3ec2fa6b81dfe11a32120ea,,1751530463,2025-07-03 08:14:23+00:00
VoteCommitted,22837451,0xc30e43889d5e67c70a1aca5b77ceeac7634a9c04591b104a7266539400539f32,1751341891,,0xb36268588ed030b4d8fbb22a0b4ecbad1194e683,,1751530595,2025-07-03 08:16:35+00:00
VoteCommitted,22837457,0x3368128d3e0ff0ed1b13ca3c8d6ac22e26779823e101aa01eaedf022a7b195f6,1751341891,,0xac880a2568c6f5719ad59c8ea3bc11a910775757,,1751530679,2025-07-03 08:17:59+00:00
VoteCommitted,22837459,0x3d7485e9ee57e461ffa5ee915fbae9f9eb66c6488022dee478743f0582825033,1751341891,,0x003a3b5669b288b29687c66d678aa06cb8d80577,,1751530703,2025-07-03 08:18:23+00:00
VoteCommitted,22837547,0x68f763eaff0578a045600a25b54ffc486d49cb9f139674c157194d7f87943c3e,1751341891,,0x3dd78bf06fdfa3aaaa87b25635a8404b15551345,,1751531771,2025-07-03 08:36:11+00:00
VoteCommitted,22837565,0xaa79c11f73eb3c118983a1ffb8ac6eca44795803d71ae0654417771afd0ecef3,1751341891,,0xed3aa99bb1c5215f619d01030ba89166997d54fa,,1751531987,2025-07-03 08:39:47+00:00
VoteCommitted,22837578,0x8d243890da4a33eafa876cacfafcd2384cd915fa3ce3c78715e1f91ded1aeaa0,1751341891,,0x8d61d0bbe21f6f3c81cc6b0d4ba6164b911f27bc,,1751532143,2025-07-03 08:42:23+00:00
VoteCommitted,22837598,0x52bacac7253b7a8bbf8e51f7aa181e62d61060a1e2686218ced69844c5e50948,1751341891,,0x3b9ffd4ceffd768df16d79e7492a1bffd087c44f,,1751532383,2025-07-03 08:46:23+00:00
VoteCommitted,22837637,0x2604a7e77a1525080a7d811b6d855279eb15715847a2f37150d20513152ef378,1751341891,,0x3e1b1a4a8fba26e80f4678d3ea3ac1daca78523e,,1751532851,2025-07-03 08:54:11+00:00
VoteCommitted,22837640,0x83bc4c61c0b11e18af3ce72cf0bbc0401f65bec89e04d2117581b3cffa2cb73d,1751341891,,0x9fdb970aef60007fee4ea132b5f4ebc376740aea,,1751532887,2025-07-03 08:54:47+00:00
VoteCommitted,22837646,0x69161e0d4b0468b00210be2f0ea3ba4d686d60fc7a7c41efefb4a5a802694d13,1751341891,,0xe5e7eb7b5e89866a6d852f55bfe363efd50d2f19,,1751532959,2025-07-03 08:55:59+00:00
VoteCommitted,22837661,0x3c80c9f8318072a198b5555ab1b653abdc706b7c90f0c19ef630fb86819c046f,1751341891,,0x326c819380b8842e3a55e5f97f6011ee91844205,,1751533139,2025-07-03 08:58:59+00:00
VoteCommitted,22837669,0xce696b880941800d285a530b17bf54f9caba8b300d7edd08475ac3e5160ac199,1751341891,,0x8e561b9823d9bf7067f5f64980ae26b6b9969e77,,1751533235,2025-07-03 09:00:35+00:00
VoteCommitted,22837676,0x5be5aa9e9b7c68ad9db11d5f698b5d279c74a14386ed9b8681b585f7d1f8e7a6,1751341891,,0xa7b9d5fc54eb3ffe1985a10e28d045a9b89487d0,,1751533319,2025-07-03 09:01:59+00:00
VoteCommitted,22837693,0x978fcfb667bc8ac9545760ed2584fefda3cd6933c8dd4e1437a167edf23a0bb2,1751341891,,0x5071e6d385f584b5875166563c1670460905ad7b,,1751533523,2025-07-03 09:05:23+00:00
VoteCommitted,22837697,0xc799cf7a356ff607b78f2936a37e4616200176b173bd8b192b119c698a986c7a,1751341891,,0xdb2808ed6cf0b8b9686222689cf4f6e88e42b80a,,1751533571,2025-07-03 09:06:11+00:00
VoteCommitted,22837798,0xaac52c0d507651b08c102416a6884a435ce6eaa93b643a24e52658e3b75b7d2a,1751341891,,0x52b88b1f9e4b0e8b3738c2f4ad0eca5b73ab31f9,,1751534783,2025-07-03 09:26:23+00:00
VoteCommitted,22837914,0x8136274f0cf47287a30d3c6820575c6f342f2ec1e7c5b11adc5af7f25534e0d6,1751341891,,0x1a0d30c0d36ec7fbd1082ce54443acb68ddaf351,,1751536187,2025-07-03 09:49:47+00:00
VoteCommitted,22837950,0x9c686be45152aa013858f2c35ee3669ee102b8d0e05c61399607bff60de36eae,1751341891,,0x2b379bfb86e900fe8f3a1434ee79097aa5b883dc,,1751536631,2025-07-03 09:57:11+00:00
VoteCommitted,22837980,0xca0e14d7595986807749bc95b701f7abdc6811bb3c0f12219fd403b8404ce82a,1751341891,,0xa8b8f0b17ed13a3663a8e3f169c42464adddb984,,1751536991,2025-07-03 10:03:11+00:00
VoteCommitted,22837992,0xe258cffb18af4a265fd89d8a78089ff3db2dfc10a83413ab3d71b977b43cb4b3,1751341891,,0xfb1f7ed82c240c0515bb4670ec8837701313a12c,,1751537135,2025-07-03 10:05:35+00:00
VoteCommitted,22838028,0xb176ee34247b40677a2518d337c816a9950e32e1204120a1b6f37fb415a9f59c,1751341891,,0x09397d66b46a796ddb4cd7d340e3b063ab89befb,,1751537567,2025-07-03 10:12:47+00:00
VoteCommitted,22838040,0x15c55d3ee6b2a5e3800ee3dc2e15dfe515c8a1871f8a5a18c0506521eea67a0c,1751341891,,0x403dd0dc0423cbd9dc34ab679e8d9125cc2e4490,,1751537711,2025-07-03 10:15:11+00:00
VoteCommitted,22838066,0xb7014269b0519723d519c08e217347342cba1ea2732e917ca7d9abb878482b7f,1751341891,,0xb731ccc5f62e99ea25220bfd73c3867bb5205790,,1751538023,2025-07-03 10:20:23+00:00
VoteCommitted,22838085,0xcbfb260401353094a943028ea85a3b6b39c3d6dc3e50e62b9fa39255a48ec197,1751341891,,0x30b2daeb3757b6c7462cd0d776828f8d7398be50,,1751538251,2025-07-03 10:24:11+00:00
VoteCommitted,22838098,0x973524ea0a899bca46c6dc3a78fd11c086edec463432b7084b319dc4aeca99a0,1751341891,,0x7a409cffa9257d9de043a98a2034254eff7cbe8a,,1751538407,2025-07-03 10:26:47+00:00
VoteCommitted,22838142,0xefa31c8ae6b87dec94d0191ac2cf1de1ba2a4adc4ee28ae241459937c608b43d,1751341891,,0xbd9d10d381abec81d8c35b6032f44b7abc7a98eb,,1751538935,2025-07-03 10:35:35+00:00
VoteCommitted,22838179,0x5c3eee9c3203918064f52f78db3e0c76a24af79792d8143d194a77a4ad5b3ba9,1751341891,,0x2947a935212f877fdfe65598254d5ce4164132a5,,1751539379,2025-07-03 10:42:59+00:00
VoteCommitted,22838182,0x4d11ab3ee0c5f188d188bd064b31c92cf98891f0d11f0fab06d4119cc030035d,1751341891,,0x2dcc90b75e0569e9e33e4c40e526d572fb25f94b,,1751539415,2025-07-03 10:43:35+00:00
VoteCommitted,22838195,0xbf065294b6b6c3518af85ee5c378c45740e4be879b4669607d3f5ecf71fcd00e,1751341891,,0x9a4773eeee73e34e1ee0e9a64e4b7453b0b04246,,1751539571,2025-07-03 10:46:11+00:00
VoteCommitted,22838213,0xbacfa727b417f276eff27073a62658b8ea463c74b0a98899c3e19e7f9affd4a0,1751341891,,0x80cc06036fb903f0dbddb5a14d595f8fc79aca98,,1751539787,2025-07-03 10:49:47+00:00
VoteCommitted,22838262,0xd6b315eef2ecb53502a480e79c413fd77c505b1edd6e844c9c180f22cc67b5b5,1751341891,,0x8bc1f33e91f19e0d27051819d8d8f88e29444230,,1751540399,2025-07-03 10:59:59+00:00
VoteCommitted,22838268,0x2e8cbca41892850a84f13b234a2765e14d4bc03bfada45ab1e3f3af3ec8a5686,1751341891,,0xc6c323b8b7f644897e32192c75342a1131a3d292,,1751540471,2025-07-03 11:01:11+00:00
VoteCommitted,22838287,0x8f9290c90bd452ff354fa52e90d88d416a4a107f973e35cc389f5cd5de8454d5,1751341891,,0xf0180d4561dbaeaac3b96b7491bfafc94cea4069,,1751540711,2025-07-03 11:05:11+00:00
VoteCommitted,22838333,0x0dca85568c34b83bb1af3cdd072cdd744ca6d584fb4cee48ac043d5ad563f5b7,1751341891,,0x72b583cce10f64d9307a70d3877db05bacc13236,,1751541275,2025-07-03 11:14:35+00:00
VoteCommitted,22838371,0x3546f1ec125cca6d19fccf16ff3561c1cda5acd484ead962cbed220dcce92f0d,1751341891,,0x9f9a6867d9ed4630dac6d3f9c125248600df03be,,1751541731,2025-07-03 11:22:11+00:00
VoteCommitted,22838381,0x866a8284c245ac401b2a6c1507eff926c501928fb0ee7e99cfc8ba1c0331dab3,1751341891,,0xf0259b01bf6dc0aa12b8d4483fdd7f6290fcc7b1,,1751541851,2025-07-03 11:24:11+00:00
VoteCommitted,22838395,0x39d36b640cc6cae3dc23ee4867309298c8cdde4e0ed31dee9226f4ae9a755da0,1751341891,,0x7b51bfb030e888f047a29de664940035a47ef56b,,1751542019,2025-07-03 11:26:59+00:00
VoteCommitted,22838446,0x75ad42d2283ece29f6a4ed3cc306935807015007f43173b3c0323e90f2b794be,1751341891,,0x18fee6e511646b8ea2e4964277574f637bc03f3b,,1751542631,2025-07-03 11:37:11+00:00
VoteCommitted,22838449,0x6953461ed1c5c3886960c0d20971c162984e5c543b501365c699cf679d77fc9f,1751341891,,0x864df81ed4a0b5a3d74f9e930a64fb9aaa1d7017,,1751542667,2025-07-03 11:37:47+00:00
VoteCommitted,22838465,0xc853400de163b7b38a6416a0353d4c1c9c961424f3421296c9c3ca6f1651200d,1751341891,,0x86cc5e1e8fb20102fa7a0fa4afeaf1cbe1be273d,,1751542859,2025-07-03 11:40:59+00:00
VoteCommitted,22838470,0x586193b32b027f4f9c92a7771582cc4db0d91623bb2eea08eec4976fa81f607c,1751341891,,0xf3b699d889361868d7b82c8bf41126b18ddf99bf,,1751542919,2025-07-03 11:41:59+00:00
VoteCommitted,22838535,0xda43dac94aa83ac450b896fb0f49e3d6f5c040cf17cd2b0328a4d34c8411c5da,1751341891,,0xfb043bbaf380a06c01750ce0a6324e38ed11110c,,1751543699,2025-07-03 11:54:59+00:00
VoteCommitted,22838547,0x558da523c6ba1d0150052dcd0b87a3d98509684544c165130231be5852ac0e26,1751341891,,0xbd9e1684f8ce34c9652bd4d0dcec3d82e4e8baa7,,1751543843,2025-07-03 11:57:23+00:00
VoteCommitted,22838556,0xab4a664f09e8d9ae4b2ff5fbf86493da31b1ff2342f494b8616d446404721cd6,1751341891,,0xf659a672600f7c9f6fac317f884f8c76357fd48b,,1751543951,2025-07-03 11:59:11+00:00
VoteCommitted,22838581,0xf1f9ec5091a9054e5097116cb7aaa9f32b5a483a96ddfc11af4e447adbb2d0a5,1751341891,,0x568967ab58e2da9536b8a8102f453788c7e982b0,,1751544263,2025-07-03 12:04:23+00:00
VoteCommitted,22838589,0xc89815b43e61dad2df00d6c19ca732fab63625c1ce185c9bebd8538fa6452a99,1751341891,,0x393950505b160607f40d11ab956c9406dbe6e4ce,,1751544359,2025-07-03 12:05:59+00:00
VoteCommitted,22838593,0xe20d8b2da1f4a5d93ae3a2fad76cb30686673c2a7cc8f15c06e321d4ae895dde,1751341891,,0x840bf8f06b175aa001b85cdb68b3378e8b14946f,,1751544407,2025-07-03 12:06:47+00:00
VoteCommitted,22838616,0xca0cb38afe4791f61478eb9fbd6618796da28ad867ef4f434f7b8d2af92dc9fe,1751341891,,0xdf505b8811c4cd09c40e1c02e908d6fe36c2ffda,,1751544683,2025-07-03 12:11:23+00:00
VoteCommitted,22838706,0x25f6d85271df9da46690fca13a8634ff068373bb25d802c93c4decebd8fec028,1751341891,,0x10494f35fc94cfb34e4dfebd99e6d665c8dfc8e5,,1751545775,2025-07-03 12:29:35+00:00
VoteCommitted,22838732,0xcd7b05c8deac8a3f7e296368bca9ecfed15e1972f0f530fe39c34480eb4fcfdb,1751341891,,0x3d59beb57234581028c4285a0b215c08bc53baa2,,1751546099,2025-07-03 12:34:59+00:00
VoteCommitted,22838753,0xa5f13ba7aeb6f1c1d420b6cf8c3885dd6514f6a39bcfe4f3b7f2989a0dd1cf15,1751341891,,0xcb4bb9d616f27dc84a256b768b4c393fa8010caa,,1751546351,2025-07-03 12:39:11+00:00
VoteCommitted,22838809,0x95bc1d02109da6d6daf9a9a38c40c4a32c9d57acc6554eb8063b694ddab2ac61,1751341891,,0xfe9309c9f3d4f5a6e514cab5f4f5a36838b59c9d,,1751547023,2025-07-03 12:50:23+00:00
VoteCommitted,22838898,0x31c98cde592f3c3e3061156ac5057e334407f8b1e4609dd54c0eead5bdd5354e,1751341891,,0x16d12711626310b5894783ca187bdafe7aa4597a,,1751548103,2025-07-03 13:08:23+00:00
VoteCommitted,22838947,0xb9ff9e3f70595e448b2bcd18e643548be3aa0c6a583a6fbe6080e75f1ce731c5,1751341891,,0x4c0dee7fa0f6e3693abe2937111cde4b5a00ff1d,,1751548703,2025-07-03 13:18:23+00:00
VoteCommitted,22838948,0xb6d12898b8fdd9b670a293619926b8861fe1fbbbb7e5404ba932446b4af336c8,1751341891,,0x7595a3964a77df4858648bbe4c6ca4a3c69d8027,,1751548715,2025-07-03 13:18:35+00:00
VoteCommitted,22838950,0x86d2105d1fee0c21bf9d00637a3921a8dc9c0da5d7fb57b192ce33d74a2b2a22,1751341891,,0xea8d60baf7088c0c46242dd46237eca2f403558a,,1751548739,2025-07-03 13:18:59+00:00
VoteCommitted,22838951,0x91c9e135f2b3f8820ba98efd0c9195ecb79d844199817129182538b2a937ee47,1751341891,,0xde26619c377f3be82eec1ef59aad46a20681dad7,,1751548751,2025-07-03 13:19:11+00:00
VoteCommitted,22838952,0xd7857f3efc1b405588167dbea900b4b50307d6ab319395de77cd08b738132955,1751341891,,0x1cc972ff969689873f8010bdd0cf3dc30618397e,,1751548763,2025-07-03 13:19:23+00:00
VoteCommitted,22838953,0x3ad5016abfc3287bd3a79d78cdfbc519b2d8fe96a34642932e50a01f48724c16,1751341891,,0x465c19bee117a1709745223bcbe14c5416b0d022,,1751548775,2025-07-03 13:19:35+00:00
VoteCommitted,22838954,0xb6be143f65061eb1565d139c2c30d231ddf6dfa50a1b843ac4e99ff554f9ca7a,1751341891,,0x628023f53587a03eac809478bafe9898779a57bb,,1751548787,2025-07-03 13:19:47+00:00
VoteCommitted,22838955,0x2294236803e4166522beced7269a716ebea9d133b7c126987b272c65e7431864,1751341891,,0xa31c2232842e631ccb2d2e4110b356bab21e6020,,1751548799,2025-07-03 13:19:59+00:00
VoteCommitted,22838956,0x169521c34583e3ad615a88b79f0fc797b3834ade5a2854e59393e04f74446ba6,1751341891,,0xe7488e7f5c60bfa81d38965c02b4cc5aa6249a11,,1751548811,2025-07-03 13:20:11+00:00
VoteCommitted,22838957,0x5eaba1f939ab91af768ee7cbf337856eb76fc5412b829fa052b2fecc4dc28070,1751341891,,0xde0aef70a7ae324045b7722c903aaaec2ac175f5,,1751548823,2025-07-03 13:20:23+00:00
VoteCommitted,22838959,0x23ae6e6a00e2bec676b2a61f399d02f12fc1e467d9f29ac830b79dcc7f80a185,1751341891,,0x2a82c67a5acc3332721b0af2739497bd893ec9d8,,1751548847,2025-07-03 13:20:47+00:00
VoteCommitted,22838963,0x334b9dee613171de688103821340b15c7a2434d5f33615f2d24e6af1d92735e6,1751341891,,0xb48369eeba3cbca5957398a618446fb6a53128ab,,1751548895,2025-07-03 13:21:35+00:00
VoteCommitted,22838964,0xc5cd77ad7e185ac4c66a655d18bb86bcc071dc92f96367b2641293e3a2463cf6,1751341891,,0x1306ae61242615df58260ef0219aac87ac31bc55,,1751548907,2025-07-03 13:21:47+00:00
VoteCommitted,22838965,0x2641e27264a3f349645ba998f890ad78fa058e8c311c95541250aef2dc121ffd,1751341891,,0x55e026d5c5cf81094ed8e8a6bc8191d28802c952,,1751548919,2025-07-03 13:21:59+00:00
VoteCommitted,22838966,0xc62caead5a561cfe8694c7495120346c3daaf748815a6ca32fe9f85f828b6f1f,1751341891,,0x1c80ad40014cf912545cc56fc626faf2206dd09a,,1751548931,2025-07-03 13:22:11+00:00
VoteCommitted,22838967,0x102b8f555eaca59d2a8adb84e51b758df4d10b892bd605912cbf794cd116cce5,1751341891,,0x1a463c02cb1b6f1ea7273f41f7fa46aeec43cbc4,,1751548943,2025-07-03 13:22:23+00:00
VoteCommitted,22838969,0x8ba6c4c53a77cb5746a9ea4d6aab4cec81d4e61aedad78341fd7880b332b8bfd,1751341891,,0xdc20465fc7d1fad0c1432ebc1c7a5f12a4a7021d,,1751548967,2025-07-03 13:22:47+00:00
VoteCommitted,22838970,0xdc8b7182aa44b8447094d3f28ed2288a425a1e0b9602840143412e947ac755be,1751341891,,0x0293cdbe2b126df9ccce4eee24ffe1a58cbaf77e,,1751548979,2025-07-03 13:22:59+00:00
VoteCommitted,22838971,0x2e657e8309a5d3d11039ebe774d05f98d46db9f28d42e107b0d4e12607284690,1751341891,,0x57cbb4ca7776349ad24f2dbae8dfed2989a30f3e,,1751548991,2025-07-03 13:23:11+00:00
VoteCommitted,22838972,0x94451593b79d69fb2eaad13e6a0c8b290291acb34acd28947617d6999e9e1011,1751341891,,0xbb1ff00e5af0f3b81e2f464a329ae4ee7c1dfba5,,1751549003,2025-07-03 13:23:23+00:00
VoteCommitted,22838973,0xb4126cc1cd9e323ca70f3fe4862d8d23dc445bc140f80cf2ff6c6e25a58c1b80,1751341891,,0x4821eaeb37061e3c26b2264838e788f8de06bdcf,,1751549015,2025-07-03 13:23:35+00:00
VoteCommitted,22838975,0xde67915e21a9a43f8bfb68e5dda83033138f483ec94b9b74820c75e94f922813,1751341891,,0x87a726a806f48a435d8bf627678c85f26b46c1b6,,1751549039,2025-07-03 13:23:59+00:00
VoteCommitted,22838976,0xb518f8948cc13c804b8d067febd300c1b4d58d2747030426be7ea598ce113be4,1751341891,,0x5a7c58176c6f210365d017ff360fa806c532ee4c,,1751549051,2025-07-03 13:24:11+00:00
VoteCommitted,22838977,0x4ed15b8d7846a0ad807121d6daeda93c698c889959f78b049ddd00228a2cb8a1,1751341891,,0xc4eb54c0e23f47c3a062e74d91f9e61d59b99946,,1751549063,2025-07-03 13:24:23+00:00
VoteCommitted,22838980,0xf1a8352ad7f5f475462d09b89c5b00e1c808a094283eff41f0126c846eb8b58f,1751341891,,0x110f0b1faa1cb6eed49883f960808c95f609f6fd,,1751549099,2025-07-03 13:24:59+00:00
VoteCommitted,22838981,0xe67074aa009eb1f700f5305442f65a18ae60bef7e80b6a32c8ed581faaff7a0e,1751341891,,0x949758647d0390cf44a0f244615b019c2429f769,,1751549111,2025-07-03 13:25:11+00:00
VoteCommitted,22838983,0xb65d55419ce2017177c73ea8e84eeb8cac8ea3b4ecca0c68c607792091fe207a,1751341891,,0xf33e833707e9303d00dc045af440ed19b9dbdb10,,1751549135,2025-07-03 13:25:35+00:00
VoteCommitted,22838984,0x45cf6dd8f550c6cb3aef2a60f5d9d69faae4cec32c52ad7d84309aee3f6264bd,1751341891,,0x578403fbd9198742cbe068d04f11e206f692a1ee,,1751549147,2025-07-03 13:25:47+00:00
VoteCommitted,22838985,0x3a399d6272445443a6f2bb283501450ecaa86e4c92512493b571fceb4658ec14,1751341891,,0x6e86d1f305e43dbd3d39df7c736653236fd42587,,1751549159,2025-07-03 13:25:59+00:00
VoteCommitted,22838986,0x5e587476067470d6c7cd358c11dba1d60fb1446ec2d50c5b4053861b91c85322,1751341891,,0x6fc5b81c6c117015fdd36fdea25a9c1ec243daf1,,1751549171,2025-07-03 13:26:11+00:00
VoteCommitted,22838987,0x369b5afa8ce36c3b1dca50514ab1ddc7a4a78c88242b50fdd042edb7cfe9af3d,1751341891,,0x8782ad397185d119e44a44c8138036386fd932db,,1751549183,2025-07-03 13:26:23+00:00
VoteCommitted,22838988,0x9c3f5903d724c3a1b23d37d79057849f07ca4eeb1b12037865f2be0054fa5832,1751341891,,0x519ebedcb61498e2ebabe8d8b9ff8b168fa5fb3b,,1751549195,2025-07-03 13:26:35+00:00
VoteCommitted,22838989,0xf27e263878799a328b4c67647a9c5f8ecc82ba212fbc362961451c8005cb4301,1751341891,,0x992837530c9980e3db3d5ef9baf9fc3390408cee,,1751549207,2025-07-03 13:26:47+00:00
VoteCommitted,22838995,0x466229caf8652c5dc686e48844db6c0c9821a28eaa396a7a79a71dcf0d56d668,1751341891,,0x104d86705c46e9422b803af522b43809f1c8e4e9,,1751549279,2025-07-03 13:27:59+00:00
VoteCommitted,22839014,0xc2e8f9965aaec207c11ff69b1f25af168e860b69bc87ffdb30a8e30de539e643,1751341891,,0xa9b0d5c5e012cb47dd473fe3cea272b5f716c344,,1751549507,2025-07-03 13:31:47+00:00
VoteCommitted,22839022,0x8e3d7dff00703caa3a24fd5b8a640d8e29c6a86fafd58204177d7a1fd1d9a4ff,1751341891,,0x9e43052ffb31e82b13a57079bdcf2c731d6cb563,,1751549603,2025-07-03 13:33:23+00:00
VoteCommitted,22839059,0x6be5f470184a09d51f837045e4f11fdaad0a4fc845c5bc919e3da731e7a6cced,1751341891,,0xb67a6e67072025c1db86e552dc17f7bf9c296122,,1751550047,2025-07-03 13:40:47+00:00
VoteCommitted,22839070,0x2acd6920f5da34226f6f2929b7833cb3d8fcc79ecdfc4ca122730dfc1e217f7c,1751341891,,0xaef6a3580a365c524a5bc9aabeb2a13c2a1a7b7c,,1751550191,2025-07-03 13:43:11+00:00
VoteCommitted,22839070,0x285a77113237763d8c20b14c8d89ce3fcef71fa0fc95e44f84a0e52e600b79b5,1751341891,,0x36ce63c738971b948cf0afb842b7617254c15bc0,,1751550191,2025-07-03 13:43:11+00:00
VoteCommitted,22839072,0x5530f1cc74d204e744be04133f1f6dc15538924fda43a954c9928ca6865ff8c1,1751341891,,0x68c1363a6d70ae1b37bb92099764f4cb06ad859a,,1751550215,2025-07-03 13:43:35+00:00
VoteCommitted,22839088,0x74ee4ffd0270127d99fe59d2b649a59c2c17fe1ef21dfef69de65a52e741fd61,1751341891,,0xc573ddc59824f248d3688df0474805f35c2c09c1,,1751550407,2025-07-03 13:46:47+00:00
VoteCommitted,22839096,0x9f5b4500c9bb2254e36a882c084911860ae942c699cb021cbd2b8033c8bad764,1751341891,,0x5ebc1d2809f4dfca9cb518efd2307fdffc36d55d,,1751550503,2025-07-03 13:48:23+00:00
VoteCommitted,22839119,0xc0488c68aa5671cc3ba1e393ed2fbcc6e0d5730fd511054e3aa64167e9785abc,1751341891,,0x8548682e561668a51f99124d998db97ff326e67e,,1751550791,2025-07-03 13:53:11+00:00
VoteCommitted,22839191,0x2cc3d9f0ecf95c7d57e7cd486e661752e087a405342628532c2e212f7b299866,1751341891,,0x216ac9372dc1f80e189a3d4b92f266a3599b92ba,,1751551655,2025-07-03 14:07:35+00:00
VoteCommitted,22839243,0xbfc24b61c768e4b45d0ecc9a5b5c1ea854f0beca077f2fd2bdd06ff8a231b4d1,1751341891,,0xc9e8233c2c5476cda4f96595bbb3a9d117168df5,,1751552303,2025-07-03 14:18:23+00:00
VoteCommitted,22839308,0xc1ed462eed1647539a8689706c722a056acd06d99e64f583ab55ba833c03a488,1751341891,,0x2488a154ca8e174bd3bb0648d19f24855d587238,,1751553083,2025-07-03 14:31:23+00:00
VoteCommitted,22839340,0xb7d5e0535dddf3be4bf7c878ee0738db0815f959ea1efae2fb5e7ec743b072fd,1751341891,,0x24eb1c355c05439819a23dd0842d5d038d1ca05a,,1751553479,2025-07-03 14:37:59+00:00
VoteCommitted,22839443,0x1be5f50b34c4e46b4ebe05ac338af1ca1c41e784ebeba7b20d46099d729378cb,1751341891,,0x3abebe2bfd423dbb6357674476d44e9bd178817d,,1751554727,2025-07-03 14:58:47+00:00
VoteCommitted,22839581,0x2e33eb4207c3d6c9b0e85312cbdf7abad1d730b64bcb91fe18685622a1e08ebd,1751341891,,0x05d184b066d72cd42a1fe0fb880c3d4a0adbf8c4,,1751556383,2025-07-03 15:26:23+00:00
VoteCommitted,22839632,0x241bb27eb547a6dd35ce98c0096d4d1bfbf8369e171aa97e703d7aaa158eef79,1751341891,,0xdb4d5a3e683df965ce509ef191d979e77543bb4d,,1751557007,2025-07-03 15:36:47+00:00
VoteCommitted,22839634,0xa67f9be53fa331370ab0a4ec9c7bf93968aa1ceff7ccc237009f0020db1687c5,1751341891,,0x9c1f9b97cd995a9c0cf0ffe20f4d2f5e9c830c09,,1751557031,2025-07-03 15:37:11+00:00
VoteCommitted,22839641,0xe10a0f9e06aa0c049c4ce6d633d063df79d12ed049ca5315903fe741a8d7d7ce,1751341891,,0x37c5db6f455f1cb3274ebe67582c92d04c4f6545,,1751557115,2025-07-03 15:38:35+00:00
VoteCommitted,22839664,0x96d95b4f00c6d659000208206c07d01a1c1145c3e158f785d508b392b835e63f,1751341891,,0xdf67cba8261c6d8c15c735009f61e2cc9f852de3,,1751557391,2025-07-03 15:43:11+00:00
VoteCommitted,22839680,0xaf7d09ec95caee2869cb48a9e25d78cfe0cc6390ce7e34780b486639234e3df1,1751341891,,0x996d5138843993cebc554c20d82310a43802aff1,,1751557583,2025-07-03 15:46:23+00:00
VoteCommitted,22839716,0xd2558c40f1bc88e4f0cb061858d0ffd8972ee93125447337b0ab6744fdfe8316,1751341891,,0x2bc111bd8bf402c65cd185bab460ae9ecc9aa7e7,,1751558027,2025-07-03 15:53:47+00:00
VoteCommitted,22839775,0xa184fea760e9e2e687ed794123a58cad39b06c59b0a222d2508bdc4a4df853e4,1751341891,,0x20ec3d7739fc8ba82014a9cf0a771b427e0b56c0,,1751558735,2025-07-03 16:05:35+00:00
VoteCommitted,22839817,0x687144747d0b630dc8036e9363b937eae29f6accbf75d67dc12979c1867dca5b,1751341891,,0x35041bcf4455468d1de0bfa0ffd9ebe9ec6cec2b,,1751559239,2025-07-03 16:13:59+00:00
VoteCommitted,22839839,0x26c3cf497c32de342613d9a682c40495d7f0ac9c163ec09056afabf2cb13160e,1751341891,,0x2d51f7645dd96bcac85a62a3affd70a419776f52,,1751559503,2025-07-03 16:18:23+00:00
VoteCommitted,22839842,0x7918b6cb13f87f626e0d88de00c3a23c4e9ff5d5cdd812706189b532777ef5a2,1751341891,,0x4431211df49f9a51cbba89467a524985cc809080,,1751559539,2025-07-03 16:18:59+00:00
VoteCommitted,22839861,0x06a52d5d7adec1d5f8e24d89d459f92e71c5f3cdc395753f5a37afdf9cfa5084,1751341891,,0x3b45e837ce844cf6c25459aba5b9c2d6ea023008,,1751559779,2025-07-03 16:22:59+00:00
VoteCommitted,22839864,0x92f747410a3b44329eb93456deb763795d09e188ace7cb4267c50210b05fc2ce,1751341891,,0xa61b950ac1f186a65c17c0ec447b5f4b05c288a5,,1751559815,2025-07-03 16:23:35+00:00
VoteCommitted,22839887,0x8f70b1dad8768488a9e9058af531284cd7b807585b3df0f14dae404fd6207a7c,1751341891,,0xf3c12244c9b1c56f8f5f44b8466c2c14fed02329,,1751560091,2025-07-03 16:28:11+00:00
VoteCommitted,22839908,0x8b0f1117701aece140bb1c4eda240692dcd7b0b6a927de999a21f7685e0b4d12,1751341891,,0xacb4fa704c4a7092b3373d5c57443ed3261fdd18,,1751560343,2025-07-03 16:32:23+00:00
VoteCommitted,22839913,0x002223ea66ad9d164da569d120497f2b65a94d8304ecb6e0e93ca4c6047b139c,1751341891,,0x336b9de28d67d692c31df93a9b8630b2fa50d88f,,1751560403,2025-07-03 16:33:23+00:00
VoteCommitted,22839940,0xf231d930a5b67e31a574030fc4bbfbc4adfe7e33d82f64d4e6007d9af43840b0,1751341891,,0x101ae23d3cf1efc40383697a657e9d9ef873b9e5,,1751560727,2025-07-03 16:38:47+00:00
VoteCommitted,22839995,0xa397ae7a6a36626b62b1c188a4c3a6511a26d8c00cf6f211730d6e84b14c49e9,1751341891,,0x74e4aac1ff7105ee7c23f240e78e9820ec3d9053,,1751561411,2025-07-03 16:50:11+00:00
VoteCommitted,22840005,0xb8c5e7d818ae2433c8f4f2baa47340cd34132bd27d127e1d92e25f1f35bda4db,1751341891,,0x56d769f02e20c6c416d6583879403181e0f37226,,1751561531,2025-07-03 16:52:11+00:00
VoteCommitted,22840044,0x402279eabf6fe36562342b2b4b278b0e4bdad70a42fc9b72caecaad3be0e8f75,1751341891,,0xf0027afb0cfbaae582e21d96e2761b0b07bfbfb2,,1751562023,2025-07-03 17:00:23+00:00
VoteCommitted,22840092,0x435a6196f16bcb5aab153d3a4c7cb849b0dd3b71c1603d905efc2adaa5f2d163,1751341891,,0x3172aee5e0b47bb23e87db93327f58e06e6a73b6,,1751562599,2025-07-03 17:09:59+00:00
VoteCommitted,22840110,0xbdb6206a15e79ee4d7e87bbf74a7722c7f1e51dca1952a5458d24bbf8f09218f,1751341891,,0xfee5be290d4a1a50caff611389ba2120a4095d78,,1751562815,2025-07-03 17:13:35+00:00
VoteCommitted,22840212,0x52456c3f5739529d0be907ff6d287031eaa0e281a0312ccfd7ff68550dcc2a1f,1751341891,,0x69d0a6ccb76f3f7ef96dada03b01b555e76fa819,,1751564039,2025-07-03 17:33:59+00:00
VoteCommitted,22840243,0x007658e91843ee185facb578d4c4f89dd0d3d45dda2b2db23b78384828906353,1751341891,,0xd9f9f15e1dcda849a48ee048892c9b31287c7598,,1751564423,2025-07-03 17:40:23+00:00
VoteCommitted,22840277,0x42e215d415cff8e3885692fb06da83461034567e81659824d7920cdac3ad3e18,1751341891,,0x2a1bf3cd5d4a7328a37f0e82ff912ace26eaa08f,,1751564831,2025-07-03 17:47:11+00:00
VoteCommitted,22840292,0xd97394d308e83deef1728f30e19b985afa0111502bedb9b5b6f6449bf6212390,1751341891,,0x8a201ce886655ebae964857814e52222f0fd4be2,,1751565011,2025-07-03 17:50:11+00:00
VoteCommitted,22840351,0x8dddc4fd38c1d8b4b2b29173908d712de250f9a79d9b226c05732689d1dc9664,1751341891,,0x9baf193cbca6267a4d1f76be78a49b52ef960a44,,1751565719,2025-07-03 18:01:59+00:00
VoteCommitted,22840373,0x232e760e07110343fe4645f850e9f0c70afd714f0a5fedba542e32a09302c539,1751341891,,0x5c2e7b98288be54c8c468b331a5b0dcb57b9d55e,,1751565983,2025-07-03 18:06:23+00:00
VoteCommitted,22840385,0xbea75661efbd4e5935aa282521dea1d3c3e12f37339b7847cdf71347f9b2ef81,1751341891,,0x66ca133ec691ca210251fcd4c963ba220515225a,,1751566127,2025-07-03 18:08:47+00:00
VoteCommitted,22840393,0x52905b9e3131e9d9858d0f16752cfde001f4ba8d7a1d19bb5db2fe80a4fc495b,1751341891,,0x53d0755830ed64294d3e0736b744a1c8eda0d897,,1751566223,2025-07-03 18:10:23+00:00
VoteCommitted,22840403,0x7ccd56dd8b1f4d6a8c8b19ba728a18451391b2f92cc1520a05368e2673003769,1751341891,,0x5b7ec1ba8af4579119ae7fb4bfea36bb9b8c78a8,,1751566355,2025-07-03 18:12:35+00:00
VoteCommitted,22840468,0x2baa537664421cc3ec49487be5acbadfc240df17b4c95f112a72a67d2b13f320,1751341891,,0xc5aff99f08027db6e39ee53048b6509e9d66a671,,1751567135,2025-07-03 18:25:35+00:00
VoteCommitted,22840536,0xed159dc29d7a311ed408a4f6ea10ca820cf4233f7fc1d28bdc9e284aef62555d,1751341891,,0x88f859f01a347e4fb9c95a00feba619c2140369f,,1751567951,2025-07-03 18:39:11+00:00
VoteCommitted,22840542,0x9733f3d4959da2ae4e9acf0540dfada9535c36c927d2a6fe3fb7f25b31e34d81,1751341891,,0xdc8614557d2fb159a8b1c1f69256bc522d74821a,,1751568023,2025-07-03 18:40:23+00:00
VoteCommitted,22840608,0x9697c74014242552fd430557e4d696690ec356d6f2643176d02550f9c75a7a8b,1751341891,,0xfec2ade141272f5271febadfca5d21ca30fc04a5,,1751568815,2025-07-03 18:53:35+00:00
VoteCommitted,22840809,0x5cd3ab9c226b61f0e30f9275c53b4118ac33ebe3eb22063887915914384c7dfd,1751341891,,0xa4effcaa060edd222eb86d33beb4df518805a5ea,,1751571227,2025-07-03 19:33:47+00:00
VoteCommitted,22840848,0xfc9e7cabe1b2bd1229b3e2a3c833da7077d7447567248b46ec876f0e607b024a,1751341891,,0xd8d7bec7225b074f11ffc11ba47f56e96a35d24e,,1751571695,2025-07-03 19:41:35+00:00
VoteCommitted,22840875,0xdd4d22dc0e68b4df7815932ac19a2975c75acc9f318e10f096e403245bd66d48,1751341891,,0x18f7f5243263e84ee8de50ca6c704b3415669222,,1751572019,2025-07-03 19:46:59+00:00
VoteCommitted,22840895,0xa0e6e90e6ca55ec9a30d9624519ce1828973ff73069c67d100774d3b95cfe866,1751341891,,0x20d9065d276c303a68bbd38cd42ea4c2df49dd50,,1751572259,2025-07-03 19:50:59+00:00
VoteCommitted,22840899,0x3b70ca4c337f88d6cb5dc3e28cd1733bdd8637747e8a04b2a892d105507d512a,1751341891,,0xc12fa1c74c5d97c8eae9c16ab9df28837d9d39ee,,1751572307,2025-07-03 19:51:47+00:00
VoteCommitted,22841005,0x8459dd7148ceeff4b4418d2703b431db3bb01da6634dfaae0ecd07dfae2ea26a,1751341891,,0xb524735356985d2f267fa010d681f061dff03715,,1751573579,2025-07-03 20:12:59+00:00
VoteCommitted,22841106,0xb3be3aad6d152fe1c8140614e7af8f54068e88b8b272211c75d1519d420a1f23,1751341891,,0x5f97cf9dd2cb7b53c47f6b1c26ab4bd143325d45,,1751574803,2025-07-03 20:33:23+00:00
VoteCommitted,22841178,0x0d0eda19c6169ae570b9c50359cccc408b14ebf48a2644581a3b0b754b435521,1751341891,,0x64b539f2be4944f17706a5b8717b2db7dcedb818,,1751575667,2025-07-03 20:47:47+00:00
VoteCommitted,22841255,0x2e4bc567f4ba611790a314a42f7dfaf737f2ccc7586029445acce05d3a3dc31c,1751341891,,0x92d76b5d5ee767a4a90719a9a910936dc4006fc6,,1751576615,2025-07-03 21:03:35+00:00
VoteCommitted,22841286,0x7b3daa38b3578f2fd223499b1bcb57e3a085b5745b6d7de4e66f3181f535238a,1751341891,,0x4863fe62d4cd3718bc0c104ec0cb45052d41e44f,,1751576999,2025-07-03 21:09:59+00:00
VoteCommitted,22841294,0x3657b91a2af0bf3acc4357f4579555bc94be26a4ac54d24de0a9441df020fa77,1751341891,,0x6573e30ee0ad46bc9afa0c2adb0d3f147d658efe,,1751577107,2025-07-03 21:11:47+00:00
VoteCommitted,22841450,0xefa89637a44dd757cb21ed6eed696547ce1a4a08e2868f2f725180d11923b251,1751341891,,0xe63757e3cd485c9b35b3a972fffa2d91b8649483,,1751578979,2025-07-03 21:42:59+00:00
VoteCommitted,22841580,0xf63cbd5d345ee8bb4aa049a1ccb52dbfe1718932e5dfe529169ac04a00f6eec0,1751341891,,0x1515f9d20a8df64c72f0d35baf5a5ec079c4490a,,1751580551,2025-07-03 22:09:11+00:00
VoteCommitted,22841602,0x57dd92cca638ad7ab9fcc79682ea6d2a1a430495b97d2ce93ce9e5f138ce9ae5,1751341891,,0x7e367235ef80109531113d8284a5593ba6a40c22,,1751580815,2025-07-03 22:13:35+00:00
VoteCommitted,22841607,0xa6bfd50b3972a3fd3517182adbbb51c6dac8773be80e66894183ac51a5aee66a,1751341891,,0x7c45fb10a18f834a47cc3f470e97140a399b6af8,,1751580875,2025-07-03 22:14:35+00:00
VoteCommitted,22841611,0x014c2b6b44a9287364e4a2dab71d34aa2259b3416de095bc1d88a7b4b55e7066,1751341891,,0xd4c1a8c6b38aa15945023ab28a53838f29286e2e,,1751580923,2025-07-03 22:15:23+00:00
VoteCommitted,22841698,0x4768f7e94f3a0ad8f4784ee9dc31be6b3ff72546d2ef47a2d944f8ba2eda39e4,1751341891,,0x9b8f31d4a132cfd3425eef49076e56e60dc1ed2f,,1751581967,2025-07-03 22:32:47+00:00
VoteCommitted,22841705,0xc078d5da87b5ac4441a673978e56304d424508bf39565e139ceddf25b148272a,1751341891,,0x487a5bbdc6091be0e27c0e8ea283047d94862538,,1751582051,2025-07-03 22:34:11+00:00
VoteCommitted,22841753,0x159e5a531e1d751df5309a414e932203a220b0df95e6fd201aa0773f5db161ea,1751341891,,0x5f4f59301e46bf6f6603a8c4cf826bdac70339d1,,1751582627,2025-07-03 22:43:47+00:00
VoteCommitted,22841857,0x3c0b6d46f0de65bbf6893cba951f13c94215f88cd65a5afe397f09c78fc857d8,1751341891,,0x0afc9a935960948ed35e50ac7639cbb38e840b38,,1751583875,2025-07-03 23:04:35+00:00
VoteCommitted,22841891,0x18fa3cfe88cececa1ed6d78be61cc2af6f682c7f6e4443df0955b81eeaa98afc,1751341891,,0x08bba63a49be5f7ee6dd58f30a757f5137d52be1,,1751584283,2025-07-03 23:11:23+00:00
VoteCommitted,22842032,0x228d01a2f9b2ec5d18dc45b01537060e6b5ecb275fb0dc3ef4e933728526eaac,1751341891,,0xc337dffa52de796e86b640debb0c9f2b88930459,,1751585999,2025-07-03 23:39:59+00:00
VoteCommitted,22842036,0x76b2f0209f0220a323749386abffcb14dd703ba01c0795c3a0d36b47dec16a91,1751341891,,0xc60aa5a87d580b3181aef33a402d88bfe705fea0,,1751586047,2025-07-03 23:40:47+00:00
VoteCommitted,22842038,0x3df591de246fc716ef093f9caf681e880a8cb33524bf6df68ab035c2f8234b28,1751341891,,0x89f91453030f415b238d57ec209749e1b8da2a45,,1751586071,2025-07-03 23:41:11+00:00
VoteCommitted,22842051,0xb826d8bad60b10f63e8178186a55e8041e0bad239c0ecb43bcd39579cfbce972,1751341891,,0x8e349da0c6ec06e496f145e421424d2fdfe9c97a,,1751586227,2025-07-03 23:43:47+00:00
VoteCommitted,22842067,0xdfff7f89bbc5722345b575a8cee84d188e0d78249425e914e7a145fff32edd84,1751341891,,0xfc204fcfd2a579157898a212ea25ac98de2b1e1c,,1751586419,2025-07-03 23:46:59+00:00
VoteRevealed,22842134,0x4db2eac64ceb1405f45e7389f0ec979955fb84a6c64db5210241ec561c5eaf1e,1751341891,,0xab0ca0d1238f6f21f725f26473e06d99bdb58b3b,-57896044618658097711785492504343953926634992332820282019728792003956564819968,1751587235,2025-07-04 00:00:35+00:00
VoteRevealed,22842134,0x78e282febb0a4a345aeaad178667490c341fa7bf189e4ad38974e2c23bd3e43f,1751341891,,0x9c1f9b97cd995a9c0cf0ffe20f4d2f5e9c830c09,-57896044618658097711785492504343953926634992332820282019728792003956564819968,1751587235,2025-07-04 00:00:35+00:00
VoteRevealed,22842134,0x4b3049121db361e0954be1de5c52831e2bddd6ae162802ccc564ff7c708c05dd,1751341891,,0x40ae09fade887c0e6e804b7ae8efac77aa6ad35a,1000000000000000000,1751587235,2025-07-04 00:00:35+00:00
VoteRevealed,22842139,0xa08c6238586c18895ecd32ce4babd66d435227b68e55f217869ec774fe209ee9,1751341891,,0x54aa33917df81b0156cb432c0d4b8cd97cf1232a,1000000000000000000,1751587295,2025-07-04 00:01:35+00:00
VoteRevealed,22842139,0x5f925d8e2ea390734759d5ee42943905dc119def6cac18f1829872d9fc44e939,1751341891,,0x977909d7dabd665d2ec8af815f3438f67d13e7e8,1000000000000000000,1751587295,2025-07-04 00:01:35+00:00
VoteRevealed,22842143,0x87a99647cc7e0833b646516c83698532fe73c594886db0e52bba4e16adb2282e,1751341891,,0x5a9496b8341329fc1fdd7103a8e98d8ca5df97ee,0,1751587343,2025-07-04 00:02:23+00:00
VoteRevealed,22842145,0x6e121b3e82046f5372b426db3247abe0b57820ff7cc8f5c78363b3a26fb56d99,1751341891,,0xf8e9af3a84d29678a26f08048dd206ad10cc6fe8,-57896044618658097711785492504343953926634992332820282019728792003956564819968,1751587367,2025-07-04 00:02:47+00:00
VoteRevealed,22842146,0xd3e1ae311817c5710839c1f3fb220d5526dac2c055955e2b2537e08e09f9f69f,1751341891,,0x5f97cf9dd2cb7b53c47f6b1c26ab4bd143325d45,-57896044618658097711785492504343953926634992332820282019728792003956564819968,1751587379,2025-07-04 00:02:59+00:00
VoteRevealed,22842149,0xab0dd3dbef64fde6b79f06ef7bfde28e3c1b562d097776437aa3a9cd6740edc6,1751341891,,0x21a745db2c52c841b4511fc55aea27156c76bce1,-57896044618658097711785492504343953926634992332820282019728792003956564819968,1751587415,2025-07-04 00:03:35+00:00
VoteRevealed,22842150,0x25e2eda3a87b9744a0040f66051412d48b3794e9290c84d6a89b3f8cf557992c,1751341891,,0x49b3fb1b5e6c6ae2a0f15de68f73f9e5cf99bd78,0,1751587427,2025-07-04 00:03:47+00:00
VoteRevealed,22842151,0x3740b5934aa0448df00ac154f2b2115beb709d362b8cdf7ff9e582b18fabec9d,1751341891,,0x5c2e7b98288be54c8c468b331a5b0dcb57b9d55e,-57896044618658097711785492504343953926634992332820282019728792003956564819968,1751587439,2025-07-04 00:03:59+00:00
VoteRevealed,22842157,0x879d98be55d93e28637f1afde1a6b2e02ae348a3e576b5adaeeea4a4b2b69caa,1751341891,,0xe3213b7382b5b0ff61cfacfefabef72982a4d544,-57896044618658097711785492504343953926634992332820282019728792003956564819968,1751587511,2025-07-04 00:05:11+00:00
VoteRevealed,22842164,0x5e1223052d8f712ee6e30ebdb04f81baec8f56a85795fb3c987abeb4f5193272,1751341891,,0xdf505b8811c4cd09c40e1c02e908d6fe36c2ffda,-57896044618658097711785492504343953926634992332820282019728792003956564819968,1751587595,2025-07-04 00:06:35+00:00
VoteRevealed,22842173,0x59667ca9f8230562957638aa64d5bc376ba23b229739cdabc931a7a5ca7eed6b,1751341891,,0x5f4f59301e46bf6f6603a8c4cf826bdac70339d1,-57896044618658097711785492504343953926634992332820282019728792003956564819968,1751587703,2025-07-04 00:08:23+00:00
VoteRevealed,22842175,0xb0918521c27f87ca40dcab9eec65aac9afd3617618c08ae039a4b2ba828458aa,1751341891,,0x7c45fb10a18f834a47cc3f470e97140a399b6af8,1000000000000000000,1751587727,2025-07-04 00:08:47+00:00
VoteRevealed,22842203,0xffeefc0e585c6924e09eb4d7902d9385567ca1150ab90be4351a674e65866d22,1751341891,,0x66ca133ec691ca210251fcd4c963ba220515225a,-57896044618658097711785492504343953926634992332820282019728792003956564819968,1751588063,2025-07-04 00:14:23+00:00
VoteRevealed,22842205,0x1597834ea4f397be0a489456a851b3573c72995f6eb446afabfc8b757eff0d85,1751341891,,0x93a692fe5477902c3cf5f6997c1cf59a3712ced4,-57896044618658097711785492504343953926634992332820282019728792003956564819968,1751588087,2025-07-04 00:14:47+00:00
VoteRevealed,22842208,0x953cfca05f1afd9cc0541bf423323b89cb3ba31e472f1efff689e0e11f42a11b,1751341891,,0x0b5ddda89a88416860254eb326b3691ffcce4832,-57896044618658097711785492504343953926634992332820282019728792003956564819968,1751588123,2025-07-04 00:15:23+00:00
VoteRevealed,22842225,0x288b08901244d9078f34e18e3731cf36a8fa777a57ab64a78dd58f2d07fb61c4,1751341891,,0xfe9309c9f3d4f5a6e514cab5f4f5a36838b59c9d,-57896044618658097711785492504343953926634992332820282019728792003956564819968,1751588327,2025-07-04 00:18:47+00:00
VoteRevealed,22842258,0xfd4b5c60d77291d3e6903a76ff16027c80499de4e4d33db900f434d2ac19d4b0,1751341891,,0x6c314af837367aec15505e8d0991377250877d98,-57896044618658097711785492504343953926634992332820282019728792003956564819968,1751588723,2025-07-04 00:25:23+00:00
VoteRevealed,22842266,0xab3e02e3f281c874be797bf39dd2db4298a45111e011098062f8be32afd96de2,1751341891,,0x403dd0dc0423cbd9dc34ab679e8d9125cc2e4490,1000000000000000000,1751588819,2025-07-04 00:26:59+00:00
VoteRevealed,22842305,0x3bbce441d05dd974afe6e9616d5f2dcc07258f2230a5fbbd405dab1ff7cd0d6a,1751341891,,0x098b4f3068bd1e5e114c648c1c6b582bbe9a666c,1000000000000000000,1751589287,2025-07-04 00:34:47+00:00
VoteRevealed,22842318,0x892f1ebfa87167d07a04221ed78e9733d04e984db52526aef9130ff0684ebf34,1751341891,,0x24eb1c355c05439819a23dd0842d5d038d1ca05a,-57896044618658097711785492504343953926634992332820282019728792003956564819968,1751589443,2025-07-04 00:37:23+00:00
VoteRevealed,22842343,0x5e6db1ea0301ded01cc19c8254d12af6aad0da12cd6718d270f1c26a51e13750,1751341891,,0x2d51f7645dd96bcac85a62a3affd70a419776f52,-57896044618658097711785492504343953926634992332820282019728792003956564819968,1751589755,2025-07-04 00:42:35+00:00
VoteRevealed,22842352,0x8a5e2ca4e10f57327ca7f7d87ca14498c083ac83e31a4689d0f10d5d2c081fdc,1751341891,,0x9860d7309039b9a44b1df878ed4484133a881316,-57896044618658097711785492504343953926634992332820282019728792003956564819968,1751589863,2025-07-04 00:44:23+00:00
VoteRevealed,22842355,0xdc7b95c3c292b8b8d8a280503dd1cfe69f5506cb60206890db3dacc7997872bc,1751341891,,0x5d547923774921d7938349c1582239d19d5ccc4b,-57896044618658097711785492504343953926634992332820282019728792003956564819968,1751589899,2025-07-04 00:44:59+00:00
VoteRevealed,22842367,0x8ec59ac14d962c03cf8740f5a938423de0fb7f6affae3489fcaf97892de2bec7,1751341891,,0x52b88b1f9e4b0e8b3738c2f4ad0eca5b73ab31f9,0,1751590043,2025-07-04 00:47:23+00:00
VoteRevealed,22842380,0x910ab9e36e8caff941f58a2d8ce8071611f35ba7003203ce6e4d4f82d035f131,1751341891,,0x8548682e561668a51f99124d998db97ff326e67e,-57896044618658097711785492504343953926634992332820282019728792003956564819968,1751590199,2025-07-04 00:49:59+00:00
VoteRevealed,22842412,0xa8bbcf240bc13b720ddd6ae50143683b653d72675540b53301f329a51fa1c6a3,1751341891,,0xd8e492ede29fb17f9910ad12054047a4c5af9d15,-57896044618658097711785492504343953926634992332820282019728792003956564819968,1751590595,2025-07-04 00:56:35+00:00
VoteRevealed,22842423,0xc7a005c46883dc3be125eff2b87097b59170920998799ca3caf2bd333b7e4a84,1751341891,,0xf7665c8ff099c5ff87245615ea4ed5374bdb392f,0,1751590727,2025-07-04 00:58:47+00:00
VoteRevealed,22842445,0x8a466dddace3c58d4f47125fe86931be58030c3bd0ee98b442784d8217cdc70e,1751341891,,0x336b9de28d67d692c31df93a9b8630b2fa50d88f,-57896044618658097711785492504343953926634992332820282019728792003956564819968,1751590991,2025-07-04 01:03:11+00:00
VoteRevealed,22842446,0x604d1e212087d0caf5756f3092e99177cc72f27bde7a3e6e1ecc0a6fb73c3154,1751341891,,0x3172aee5e0b47bb23e87db93327f58e06e6a73b6,1000000000000000000,1751591003,2025-07-04 01:03:23+00:00
VoteRevealed,22842481,0xecba23239200e4f18e08243dcf311e1a509a983103136d177d514e08098b9f5f,1751341891,,0xd8d7bec7225b074f11ffc11ba47f56e96a35d24e,1000000000000000000,1751591423,2025-07-04 01:10:23+00:00
VoteRevealed,22842506,0xc7cd37d6b6cf571f2888913edc9786149423d859c8a7bf13687d16e1074f4dd7,1751341891,,0x0afc9a935960948ed35e50ac7639cbb38e840b38,-57896044618658097711785492504343953926634992332820282019728792003956564819968,1751591723,2025-07-04 01:15:23+00:00
VoteRevealed,22842508,0x03dbc303a794af8c7e1c21450c90de451f42ed38ff5c98e3b6ff0f053f1950c4,1751341891,,0xd2a78bb82389d30075144d17e782964918999f7f,-57896044618658097711785492504343953926634992332820282019728792003956564819968,1751591747,2025-07-04 01:15:47+00:00
VoteRevealed,22842594,0x1f4298838ec4a90e2c64c1c5e2697d25fd0f487555b9bf78f52bc46dcd01d616,1751341891,,0x349ef0f01d64b6bb96f3d2fde895bee5ce745168,-57896044618658097711785492504343953926634992332820282019728792003956564819968,1751592791,2025-07-04 01:33:11+00:00
VoteRevealed,22842596,0xf1be65b2589d686b8a16d782f46bb24b894a246376193d299532b1e803b4920e,1751341891,,0x4c0dee7fa0f6e3693abe2937111cde4b5a00ff1d,-57896044618658097711785492504343953926634992332820282019728792003956564819968,1751592815,2025-07-04 01:33:35+00:00
VoteRevealed,22842597,0xab89323bad33d264665ff311ed2009a64430c2be9186342159430c6dbafe9e2d,1751341891,,0x7595a3964a77df4858648bbe4c6ca4a3c69d8027,-57896044618658097711785492504343953926634992332820282019728792003956564819968,1751592827,2025-07-04 01:33:47+00:00
VoteRevealed,22842598,0xb4268c36c7e504effd0e3387095f463eb320e02be3649c85a775177f0d1f1431,1751341891,,0xea8d60baf7088c0c46242dd46237eca2f403558a,-57896044618658097711785492504343953926634992332820282019728792003956564819968,1751592839,2025-07-04 01:33:59+00:00
VoteRevealed,22842599,0x2917358d759d461ab4eb2826a8c906f6a72cdc6c1c76ee4d27f856a13e24330f,1751341891,,0xde26619c377f3be82eec1ef59aad46a20681dad7,-57896044618658097711785492504343953926634992332820282019728792003956564819968,1751592851,2025-07-04 01:34:11+00:00
VoteRevealed,22842600,0xafdc2ef879ae12f3da9e33e0ae483be2d28454538d9c0a24f62cc016894849c4,1751341891,,0x1cc972ff969689873f8010bdd0cf3dc30618397e,-57896044618658097711785492504343953926634992332820282019728792003956564819968,1751592863,2025-07-04 01:34:23+00:00
VoteRevealed,22842601,0xb1a0322cf3993620942572c979233486a58959ebd7e8b83a7421fe997fe62ab4,1751341891,,0x465c19bee117a1709745223bcbe14c5416b0d022,-57896044618658097711785492504343953926634992332820282019728792003956564819968,1751592875,2025-07-04 01:34:35+00:00
VoteRevealed,22842602,0x674616e7a732fd55c66dedd957a32051075f95f95cbec0b3cf98ce0b4127b87d,1751341891,,0x628023f53587a03eac809478bafe9898779a57bb,-57896044618658097711785492504343953926634992332820282019728792003956564819968,1751592887,2025-07-04 01:34:47+00:00
VoteRevealed,22842603,0x4fddaad59a7e7c287c906420dcd913c58d9311918ecabf7fe5d090ecbaff2865,1751341891,,0xa31c2232842e631ccb2d2e4110b356bab21e6020,-57896044618658097711785492504343953926634992332820282019728792003956564819968,1751592899,2025-07-04 01:34:59+00:00
VoteRevealed,22842604,0xc52cecafe28f9ac388754cd80b4ca544bc22aded5dfb0cce7129392be05f82be,1751341891,,0xe7488e7f5c60bfa81d38965c02b4cc5aa6249a11,-57896044618658097711785492504343953926634992332820282019728792003956564819968,1751592911,2025-07-04 01:35:11+00:00
VoteRevealed,22842605,0x450af37c8edf00226cd08dc65773cf0738128d5bfe3a3d70af15f8540e88823f,1751341891,,0xde0aef70a7ae324045b7722c903aaaec2ac175f5,-57896044618658097711785492504343953926634992332820282019728792003956564819968,1751592923,2025-07-04 01:35:23+00:00
VoteRevealed,22842608,0x356edb99facadae9a2a6c671b7c5cdfe167e63db9186dc20aeff02ec2430ce2c,1751341891,,0x2a82c67a5acc3332721b0af2739497bd893ec9d8,-57896044618658097711785492504343953926634992332820282019728792003956564819968,1751592959,2025-07-04 01:35:59+00:00
VoteRevealed,22842609,0x0cd34d6908c6a76c3f686eabddf6307577bf2a8e2d44d9cbb764edb301d111a1,1751341891,,0xb48369eeba3cbca5957398a618446fb6a53128ab,-57896044618658097711785492504343953926634992332820282019728792003956564819968,1751592971,2025-07-04 01:36:11+00:00
VoteRevealed,22842610,0x0a8862aef806e70acc0ac750dc32bee77614a47fe6ed51789e16be7d9791ef17,1751341891,,0x1306ae61242615df58260ef0219aac87ac31bc55,-57896044618658097711785492504343953926634992332820282019728792003956564819968,1751592983,2025-07-04 01:36:23+00:00
VoteRevealed,22842611,0x8c7159e8d56e194adf940fcb998b29a431a98dbd87b479c58a74d7f8fde49247,1751341891,,0x55e026d5c5cf81094ed8e8a6bc8191d28802c952,-57896044618658097711785492504343953926634992332820282019728792003956564819968,1751592995,2025-07-04 01:36:35+00:00
VoteRevealed,22842613,0xa236439e06470317753ec6626e2203833720e659849adf22abc3709565f530a2,1751341891,,0x1c80ad40014cf912545cc56fc626faf2206dd09a,-57896044618658097711785492504343953926634992332820282019728792003956564819968,1751593019,2025-07-04 01:36:59+00:00
VoteRevealed,22842614,0x12bdeeb184d6967975a83204bba433701f2b207e5cf5c1b29ef3714fc11bf22a,1751341891,,0x1a463c02cb1b6f1ea7273f41f7fa46aeec43cbc4,-57896044618658097711785492504343953926634992332820282019728792003956564819968,1751593031,2025-07-04 01:37:11+00:00
VoteRevealed,22842615,0x70ca36d0ff2cb98aee076d662f08a1719230a74f34ea8d21475a714a76603d14,1751341891,,0xdc20465fc7d1fad0c1432ebc1c7a5f12a4a7021d,-57896044618658097711785492504343953926634992332820282019728792003956564819968,1751593043,2025-07-04 01:37:23+00:00
VoteRevealed,22842616,0x1c3fbfef177d7b31e32423d2a5d9ae3111ee054dd0cb20d0aee18bfa34266570,1751341891,,0x0293cdbe2b126df9ccce4eee24ffe1a58cbaf77e,-57896044618658097711785492504343953926634992332820282019728792003956564819968,1751593055,2025-07-04 01:37:35+00:00
VoteRevealed,22842617,0x2d7ceaebb436595d7a1b640ca3d98c491f728060ba5d71b25fd9665c2e00942f,1751341891,,0x57cbb4ca7776349ad24f2dbae8dfed2989a30f3e,-57896044618658097711785492504343953926634992332820282019728792003956564819968,1751593067,2025-07-04 01:37:47+00:00
VoteRevealed,22842619,0x0f69301ac3f4861e600661775adbdf6dd5c858245bb12dbd161f7c192d9b7072,1751341891,,0xbb1ff00e5af0f3b81e2f464a329ae4ee7c1dfba5,-57896044618658097711785492504343953926634992332820282019728792003956564819968,1751593091,2025-07-04 01:38:11+00:00
VoteRevealed,22842620,0x3a25ca1d761ed3636f1e4d2cfa4235b02b6189e8e295aa2a3ee7e58d64dd0b82,1751341891,,0x4821eaeb37061e3c26b2264838e788f8de06bdcf,-57896044618658097711785492504343953926634992332820282019728792003956564819968,1751593103,2025-07-04 01:38:23+00:00
VoteRevealed,22842622,0x2a1cb7e2c312699dbc0ce21684c4a0cb9b23d8d5c5993593d2af53c6180aaefa,1751341891,,0x87a726a806f48a435d8bf627678c85f26b46c1b6,-57896044618658097711785492504343953926634992332820282019728792003956564819968,1751593127,2025-07-04 01:38:47+00:00
VoteRevealed,22842623,0x7e62fb381913f8d0495712cb29be0053291f397ca9007a860c0b8fa28f8c5073,1751341891,,0x5a7c58176c6f210365d017ff360fa806c532ee4c,-57896044618658097711785492504343953926634992332820282019728792003956564819968,1751593139,2025-07-04 01:38:59+00:00
VoteRevealed,22842625,0x2e11cdc08728e9d2eb17bf9a4322ab3b31dd12c35ab8d0fe6325bef0240eecd2,1751341891,,0xc4eb54c0e23f47c3a062e74d91f9e61d59b99946,-57896044618658097711785492504343953926634992332820282019728792003956564819968,1751593163,2025-07-04 01:39:23+00:00
VoteRevealed,22842626,0xe6e439712bf76684a01df674cf6b439fb548754bd567760a620c4ae7d131573e,1751341891,,0x110f0b1faa1cb6eed49883f960808c95f609f6fd,-57896044618658097711785492504343953926634992332820282019728792003956564819968,1751593175,2025-07-04 01:39:35+00:00
VoteRevealed,22842627,0xc88c3e240dffa70f8c36b8dacfb2a2429edca52c12a6f99304d74cf9b630f94d,1751341891,,0x949758647d0390cf44a0f244615b019c2429f769,-57896044618658097711785492504343953926634992332820282019728792003956564819968,1751593187,2025-07-04 01:39:47+00:00
VoteRevealed,22842628,0xa69046f4c7f9371dde67ec4ca66ba8e9b96f75c1c503a13021ee06fe6de4889f,1751341891,,0xf33e833707e9303d00dc045af440ed19b9dbdb10,-57896044618658097711785492504343953926634992332820282019728792003956564819968,1751593199,2025-07-04 01:39:59+00:00
VoteRevealed,22842629,0xff2c8089fa59ab4f439812d66721e5beda25f8fe97bf294ec816dc3642852c4f,1751341891,,0x578403fbd9198742cbe068d04f11e206f692a1ee,-57896044618658097711785492504343953926634992332820282019728792003956564819968,1751593211,2025-07-04 01:40:11+00:00
VoteRevealed,22842630,0x0efd3624f092e1901101960ac53cbef11d72718f1997e783c4453fd7616c8c95,1751341891,,0x6e86d1f305e43dbd3d39df7c736653236fd42587,-57896044618658097711785492504343953926634992332820282019728792003956564819968,1751593223,2025-07-04 01:40:23+00:00
VoteRevealed,22842631,0x4956831519bc12bf517c5454382651a9d8c58424cb9eec83036eab711a7fc067,1751341891,,0x6fc5b81c6c117015fdd36fdea25a9c1ec243daf1,-57896044618658097711785492504343953926634992332820282019728792003956564819968,1751593235,2025-07-04 01:40:35+00:00
VoteRevealed,22842632,0x2bc070a5f7f226175ce523aa3dafacce51f079f4b4c6b4eb362e2a4cf3f43ab4,1751341891,,0x8782ad397185d119e44a44c8138036386fd932db,-57896044618658097711785492504343953926634992332820282019728792003956564819968,1751593247,2025-07-04 01:40:47+00:00
VoteRevealed,22842633,0xc1d03e4a0defe92189685b537a7ef5f28214c37fb8cfb89db335c56e7ad422e2,1751341891,,0x519ebedcb61498e2ebabe8d8b9ff8b168fa5fb3b,-57896044618658097711785492504343953926634992332820282019728792003956564819968,1751593259,2025-07-04 01:40:59+00:00
VoteRevealed,22842634,0xcf5d42cb77401f2d7f88ee8ba80aac6c3292ab16c1e76b3d540952424d5c3a84,1751341891,,0x992837530c9980e3db3d5ef9baf9fc3390408cee,-57896044618658097711785492504343953926634992332820282019728792003956564819968,1751593271,2025-07-04 01:41:11+00:00
VoteRevealed,22842636,0x51898cad2c4ee6bcc402881c32df9b940788a7e75595ffcb84773cde883bbbe4,1751341891,,0x4863fe62d4cd3718bc0c104ec0cb45052d41e44f,-57896044618658097711785492504343953926634992332820282019728792003956564819968,1751593295,2025-07-04 01:41:35+00:00
VoteRevealed,22842646,0x6bda1778a498ed1f0d862254ed162ab6894441b7aaaa82ee64cafe94be557a9b,1751341891,,0x86cc5e1e8fb20102fa7a0fa4afeaf1cbe1be273d,-57896044618658097711785492504343953926634992332820282019728792003956564819968,1751593427,2025-07-04 01:43:47+00:00
VoteRevealed,22842685,0xb093afd7f7401239c28b37d59b84d20d0e244f0dc009b8555e4144a2355b430d,1751341891,,0xe3b03d4dba836e2457007e7a6e78aefdffb11d12,-57896044618658097711785492504343953926634992332820282019728792003956564819968,1751593895,2025-07-04 01:51:35+00:00
VoteRevealed,22842701,0xfbb0a48bf5530a00de28d3eaf23ac58427d87f055897abf728f70ba2631023cd,1751341891,,0x996d5138843993cebc554c20d82310a43802aff1,1000000000000000000,1751594087,2025-07-04 01:54:47+00:00
VoteRevealed,22842717,0x20c30d49b51fb1a2db7b4a27dfd2440bcc4d55435e601eeee605c73285c0b8df,1751341891,,0x47a40a367b3298be3da3bde3994c5342e26f368b,-57896044618658097711785492504343953926634992332820282019728792003956564819968,1751594279,2025-07-04 01:57:59+00:00
VoteRevealed,22842722,0x3847658e829fd3ae9027200d8b89a56fec58f23cc3477e322e5e9d33190b5f7a,1751341891,,0x05d184b066d72cd42a1fe0fb880c3d4a0adbf8c4,-57896044618658097711785492504343953926634992332820282019728792003956564819968,1751594339,2025-07-04 01:58:59+00:00
VoteRevealed,22842722,0x925834d2aaae654fe2aa793c7b909c3189b6122b9375c2d8f19efd35a06d04af,1751341891,,0x20ec3d7739fc8ba82014a9cf0a771b427e0b56c0,-57896044618658097711785492504343953926634992332820282019728792003956564819968,1751594339,2025-07-04 01:58:59+00:00
VoteRevealed,22842736,0xc89dacdec8b09f6d32e72fcf0c4bb4abc57dbaba9c0d11ed483962b19b4061e7,1751341891,,0xca64e575083e0a8f9c73ffc214d78027d98fc51b,-57896044618658097711785492504343953926634992332820282019728792003956564819968,1751594507,2025-07-04 02:01:47+00:00
VoteRevealed,22842738,0x5150a16c5d9250afc30331410e1d6cf37f3876eac05c65e5b3eedbe31e42adc1,1751341891,,0x0bb9f7c03eb9c1a31c25b3b7e61e2c503c30b81d,-57896044618658097711785492504343953926634992332820282019728792003956564819968,1751594531,2025-07-04 02:02:11+00:00
VoteRevealed,22842741,0x37f1c4927295cce9c11027b5e64e07def8974decc7563e07996da750165bac85,1751341891,,0x430c4e68894177ae43f52b4fd643fd2d6c7d2e5f,-57896044618658097711785492504343953926634992332820282019728792003956564819968,1751594567,2025-07-04 02:02:47+00:00
VoteRevealed,22842743,0x1a04aa9720f63bd33af1377df92b63a27f2c07eea01f068c824e117b07db2b9f,1751341891,,0x92bdd46aeba9c2f4b55eddb522382261b62220ea,-57896044618658097711785492504343953926634992332820282019728792003956564819968,1751594591,2025-07-04 02:03:11+00:00
VoteRevealed,22842745,0x116e6daa3068039650a92b2c389c1bf932d35dab32c64b1cee88d49c489ed84c,1751341891,,0xbb68400daa7ae42392de56026f9b5c1e6f923e3c,-57896044618658097711785492504343953926634992332820282019728792003956564819968,1751594615,2025-07-04 02:03:35+00:00
VoteRevealed,22842748,0xa38de1f45e63b032a1f64b5dec2a67ed121cc01ef45dbd6c7a2d0caf22fc627e,1751341891,,0x8e5fdb6a37f2389fa638b2e144809c7d7bc21e4a,-57896044618658097711785492504343953926634992332820282019728792003956564819968,1751594651,2025-07-04 02:04:11+00:00
VoteRevealed,22842750,0xd5ea3c085683457acb00f60a37b23bd975b525f37f20d7133495bd32d4504c58,1751341891,,0x63d4e757ae3aa82751094bef2ce37db0b303959e,-57896044618658097711785492504343953926634992332820282019728792003956564819968,1751594675,2025-07-04 02:04:35+00:00
VoteRevealed,22842753,0xb42180f135e90fddc9bb0a4ed61635d428b307c5715c66dee919b35f8d35740c,1751341891,,0x48767f20ec0aca7f47b3da2cc32bc06549470a9b,-57896044618658097711785492504343953926634992332820282019728792003956564819968,1751594711,2025-07-04 02:05:11+00:00
VoteRevealed,22842755,0xe7bd99990648df5f820e1b924233baeb23678953924b80315d03bc811365fa76,1751341891,,0xd273f87e43851fa7f0518e3b385c0d964621e3c6,-57896044618658097711785492504343953926634992332820282019728792003956564819968,1751594735,2025-07-04 02:05:35+00:00
VoteRevealed,22842763,0xfeee5ba54bbfa6197a55180bdb5a3bdbe43abdf6126e59386ef07d4d194ce971,1751341891,,0x9cf0ea03c7e23f2c466d48f6bfa14a85ef7cf4c8,-57896044618658097711785492504343953926634992332820282019728792003956564819968,1751594831,2025-07-04 02:07:11+00:00
VoteRevealed,22842791,0x5efc78f7863fdfcd6282b5d9d2a398e90092a4398ae2ecc4a6824286baa56104,1751341891,,0x2bc111bd8bf402c65cd185bab460ae9ecc9aa7e7,-57896044618658097711785492504343953926634992332820282019728792003956564819968,1751595167,2025-07-04 02:12:47+00:00
VoteRevealed,22842804,0x17ea0ddf019d1fddf1e0b138ac54bc1188e3278a79e440a7fb3bf3729f017131,1751341891,,0x2488a154ca8e174bd3bb0648d19f24855d587238,-57896044618658097711785492504343953926634992332820282019728792003956564819968,1751595335,2025-07-04 02:15:35+00:00
VoteRevealed,22842814,0x1bc4c154cccf7149224d0c6ebe424a321f27bd2abb9ea24cc1ccc9e7bf5f705a,1751341891,,0x2f55877d6d8a42bd87e0325201cd15d63abf5866,-57896044618658097711785492504343953926634992332820282019728792003956564819968,1751595455,2025-07-04 02:17:35+00:00
VoteRevealed,22842815,0xf0d87424c106145a2e4e0d68c678e87be2d6718324faba849945781c1ad0a025,1751341891,,0x126db3213b309a8d554594e591e614425ccac78e,-57896044618658097711785492504343953926634992332820282019728792003956564819968,1751595467,2025-07-04 02:17:47+00:00
VoteRevealed,22842818,0x0163684372b8746d130482255f16c23753e70aa75d05945c866c24ac77a894ff,1751341891,,0xc0dc4010e76fbd53c82b19f8f8d7604e37289fb4,-57896044618658097711785492504343953926634992332820282019728792003956564819968,1751595503,2025-07-04 02:18:23+00:00
VoteRevealed,22842822,0x0458ad4ef27923fd93918414df503de58c45bba3768b025dcf7a7ec3e1007610,1751341891,,0x4010650464cc07e447ae10d3135f8c82554b2528,-57896044618658097711785492504343953926634992332820282019728792003956564819968,1751595551,2025-07-04 02:19:11+00:00
VoteRevealed,22842825,0x1df885ec94d65714f23a11e59496d5cbc39cc4d3b1b3d031636ef63aec2b89db,1751341891,,0x40bfe49745df251fa0ac7a3f983101ff170c389b,-57896044618658097711785492504343953926634992332820282019728792003956564819968,1751595587,2025-07-04 02:19:47+00:00
VoteRevealed,22842829,0x66d4db01f4f119b4c77fa1abf71675a162e36468056d5fd5690c8ee119ff9424,1751341891,,0x5060020e66031c324f77ae24f14cfcea6a688cb7,-57896044618658097711785492504343953926634992332820282019728792003956564819968,1751595635,2025-07-04 02:20:35+00:00
VoteRevealed,22842832,0x071a76d2d046fce4f99d3aa5879deabc02699a80a3e4aab9c28a4f310639d100,1751341891,,0x1edb50d83f76382480886597a3023fc318b2ca66,-57896044618658097711785492504343953926634992332820282019728792003956564819968,1751595671,2025-07-04 02:21:11+00:00
VoteRevealed,22842837,0x33ffe98392fbca06a13da13323e37fd4a652bbecfd78dad050a3a7c51ceb627e,1751341891,,0x415106767827a7856d826458a486a87e0e15097c,-57896044618658097711785492504343953926634992332820282019728792003956564819968,1751595731,2025-07-04 02:22:11+00:00
VoteRevealed,22842841,0xac68f7c577cc5cc474c80c3a4837f8773a4181b6a6c1e7a6bc5a7645fe573843,1751341891,,0x7ca4b00a3aec07f978d127e69bc16484a038619c,-57896044618658097711785492504343953926634992332820282019728792003956564819968,1751595779,2025-07-04 02:22:59+00:00
VoteRevealed,22842842,0x3b41acc528f1a245e4de35c4287c2dfae0b9ba55a9e5b1739a2e3c1ce7b316ca,1751341891,,0x9baf193cbca6267a4d1f76be78a49b52ef960a44,-57896044618658097711785492504343953926634992332820282019728792003956564819968,1751595791,2025-07-04 02:23:11+00:00
VoteRevealed,22842843,0x542ec1d5d2122280c3f4eea375085ed34f0f08086c336eb6ee28e68db09d0d3d,1751341891,,0x590a8dae6861cdc2b0300096ec6e4dc6cf2143f6,-57896044618658097711785492504343953926634992332820282019728792003956564819968,1751595803,2025-07-04 02:23:23+00:00
VoteRevealed,22842845,0x91309fca9e71468fea8f26b5a56314a48b664b5e5cf22864a6e49a21d2918f40,1751341891,,0x3b84e3ffbe845c0349e258f243b5f00ca22ba587,-57896044618658097711785492504343953926634992332820282019728792003956564819968,1751595827,2025-07-04 02:23:47+00:00
VoteRevealed,22842849,0xa79be6ba91e9d94be951d3e741490a15cceff5ef20a05a536903e4c9477ddf3b,1751341891,,0x49135912edb24205e1b0e7b9ea71887edc59d50a,-57896044618658097711785492504343953926634992332820282019728792003956564819968,1751595875,2025-07-04 02:24:35+00:00
VoteRevealed,22842854,0xa832ff9d75e9b1b7584f03d959da3a4364fa41879d14d294fa4dbc810fe915c8,1751341891,,0x5cbcf31708d71e3cb4c98e93dffc50a4eec7ae1b,-57896044618658097711785492504343953926634992332820282019728792003956564819968,1751595935,2025-07-04 02:25:35+00:00
VoteRevealed,22842857,0xeddee1363f5cad0e9a87cbb3cb7099aef56f70d06c1b44bb3d22f80fe27c3cc9,1751341891,,0xc590314de55b52c96eb34edbc4b55cf8fc8cd510,-57896044618658097711785492504343953926634992332820282019728792003956564819968,1751595971,2025-07-04 02:26:11+00:00
VoteRevealed,22842864,0x0a8631c919d569ab2a84e2dda64c5c41608a983e0260527489c53e610118efbf,1751341891,,0xde7250d923299e1ecedc0743b159e95b945082d9,-57896044618658097711785492504343953926634992332820282019728792003956564819968,1751596055,2025-07-04 02:27:35+00:00
VoteRevealed,22842866,0x867dbbd52cc06998df09970da5adb66174ee3f5d6e4cf0b006f19d6354a0d2b2,1751341891,,0xb4c907afda8c362b58281b5c43a2e7b79f089d09,-57896044618658097711785492504343953926634992332820282019728792003956564819968,1751596079,2025-07-04 02:27:59+00:00
VoteRevealed,22842869,0xdb71eb17b424b3a164ceb231ffd172a42172f2b453f811dcf168f6479ba90500,1751341891,,0x6748445d83259a6709e459873323324a54072d1b,-57896044618658097711785492504343953926634992332820282019728792003956564819968,1751596115,2025-07-04 02:28:35+00:00
VoteRevealed,22842872,0xbb25e9b07d7793efe4428f516cac803465f7084a9d00a7f827fd17e371e0f266,1751341891,,0x3bd0cbc96186cc3eafb304111e6ad20a4ac92f8e,-57896044618658097711785492504343953926634992332820282019728792003956564819968,1751596151,2025-07-04 02:29:11+00:00
VoteRevealed,22842872,0xf420fec8389561834ce26541dfc6eefc68152afa61062cf3ed8ebdbfa4e9866b,1751341891,,0xa85160a81da205ae57f6d55f16c9c43d773c7438,-57896044618658097711785492504343953926634992332820282019728792003956564819968,1751596151,2025-07-04 02:29:11+00:00
VoteRevealed,22842875,0x1763648043d613375a4be842db02e03ade52b35dd37314fd2a63188c4305fe16,1751341891,,0x630a63523a4f079201fb548114695d8da1d742f5,-57896044618658097711785492504343953926634992332820282019728792003956564819968,1751596187,2025-07-04 02:29:47+00:00
VoteRevealed,22842877,0xbd2d37af644f243819fa63381b40e4b2b827a88905e02f8ee23eedb7fe485d92,1751341891,,0x26fd27a26a6c1ede36214512ee4e56440a0cebf5,-57896044618658097711785492504343953926634992332820282019728792003956564819968,1751596211,2025-07-04 02:30:11+00:00
VoteRevealed,22842885,0x710e4f654722c1253ee638d86843187f717ee3fe584b1e72ca48ae8f4fbcb2bd,1751341891,,0xd8c3cd1a7576efc723357b7158318f0cee0e30f6,-57896044618658097711785492504343953926634992332820282019728792003956564819968,1751596307,2025-07-04 02:31:47+00:00
VoteRevealed,22842888,0x4610a7fc0e47ee5c729d3711f7e7485117a6122a329099641fae69bffe381d7f,1751341891,,0x216bf62b05246bf4a1694061e8769464a6bfd812,-57896044618658097711785492504343953926634992332820282019728792003956564819968,1751596343,2025-07-04 02:32:23+00:00
VoteRevealed,22842888,0x02e811936ed0bab6fd97c05b06698d7c3d0e40f5c00e3acee4695a3491176dc4,1751341891,,0x16d12711626310b5894783ca187bdafe7aa4597a,-57896044618658097711785492504343953926634992332820282019728792003956564819968,1751596343,2025-07-04 02:32:23+00:00
VoteRevealed,22842891,0x863f5cd2b7196a21845fc23624d10841b6c274f4ffec8c79dfc334044ddcf0cc,1751341891,,0x28ccfb369fb97929068cd30a390d37fee0037c61,-57896044618658097711785492504343953926634992332820282019728792003956564819968,1751596379,2025-07-04 02:32:59+00:00
VoteRevealed,22842895,0x54dc8b51c3afaa364ec0dcf6649c7b1992e0c6ea6ce7d198362cd9a884c8eed4,1751341891,,0x5d2150e5d88a30d5793c6c49959b8f7d350a36a5,-57896044618658097711785492504343953926634992332820282019728792003956564819968,1751596427,2025-07-04 02:33:47+00:00
VoteRevealed,22842897,0xfe1c30eb95a4cd8f32e1694e662035806911c7a7ff39f0128d31428e52f6740e,1751341891,,0xc4e70e97a54bbf4f9796099282fa47397da4b4d9,-57896044618658097711785492504343953926634992332820282019728792003956564819968,1751596451,2025-07-04 02:34:11+00:00
VoteRevealed,22842900,0x052032ea0edd6de462bb28463d78f0d1b73b430de6247a171c8ba75578dc6abf,1751341891,,0xe7ff7ad54492a38afb99bb5d8b897c5f93a66f47,-57896044618658097711785492504343953926634992332820282019728792003956564819968,1751596487,2025-07-04 02:34:47+00:00
VoteRevealed,22842912,0xc91e12d9d458e5edb01e3105fc15f0605c1db1bd2cc12181d71c2bfd4ee8b566,1751341891,,0x1f12254be217cf9e9be46960c36970390b07f16e,-57896044618658097711785492504343953926634992332820282019728792003956564819968,1751596631,2025-07-04 02:37:11+00:00
VoteRevealed,22842915,0x95f6f8215991fadff594e3742146c6faada1704cc00b6edf524282c4586dafc2,1751341891,,0xc42851d834037ca1f82668596233dca69654867c,-57896044618658097711785492504343953926634992332820282019728792003956564819968,1751596667,2025-07-04 02:37:47+00:00
VoteRevealed,22842917,0x88af4adef13fe786ff2dbc40de7fd5344a0aa7dc5f5abb9d2faf6c138239a2bb,1751341891,,0xec2bae309d0a18d7ddfd4ea0f17a2f60817f4e9c,-57896044618658097711785492504343953926634992332820282019728792003956564819968,1751596691,2025-07-04 02:38:11+00:00
VoteRevealed,22842920,0xa6afcbdde84f594d6d2e58b8d536d60f1e1f01ffcb962f01ebd9ac01edabc020,1751341891,,0x6137a7c745ce7ed7a6ec8ca4aa5b635ff17d5467,-57896044618658097711785492504343953926634992332820282019728792003956564819968,1751596727,2025-07-04 02:38:47+00:00
VoteRevealed,22842922,0x41e8bb59573abc073805805d4038bba453420bef0bb17c51e5d482361c54336e,1751341891,,0xfa8ce8d44271201e9ce37838ccb75ba482d597f6,-57896044618658097711785492504343953926634992332820282019728792003956564819968,1751596751,2025-07-04 02:39:11+00:00
VoteRevealed,22842924,0xcedda0d88673bf90d5f5a6f32d354011813bdc74a5b7486ff361b0a88c02b07e,1751341891,,0x4289c656b76b20ebf1b5fa4363da812346919bdc,-57896044618658097711785492504343953926634992332820282019728792003956564819968,1751596775,2025-07-04 02:39:35+00:00
VoteRevealed,22842932,0xdee8a535920ef8f8d46bbb16684bc35771fa95fb5daa47e77573dd1308836974,1751341891,,0x36ce63c738971b948cf0afb842b7617254c15bc0,-57896044618658097711785492504343953926634992332820282019728792003956564819968,1751596871,2025-07-04 02:41:11+00:00
VoteRevealed,22842932,0x3b6e4760605e913777377a7696692470ddc2be29e67fca36f129db59b12c935c,1751341891,,0x4af80e6414efed0b91fa19c0d19b46c381becb7c,-57896044618658097711785492504343953926634992332820282019728792003956564819968,1751596871,2025-07-04 02:41:11+00:00
VoteRevealed,22842942,0x873fb04f051943190996b3adcdea9b03b20508476b806330f4c0f28bf2e418f1,1751341891,,0x54d6390e19ce818209bd3b53a5d0d2e0c6faae04,-57896044618658097711785492504343953926634992332820282019728792003956564819968,1751596991,2025-07-04 02:43:11+00:00
VoteRevealed,22842944,0x58551456555e0abd303d4a4d1d09d91e3b57b29f4559c7200b477cd5a9371d44,1751341891,,0x4241b7a1b190f97213cc092237833305af62f563,-57896044618658097711785492504343953926634992332820282019728792003956564819968,1751597015,2025-07-04 02:43:35+00:00
VoteRevealed,22842949,0x30c6f398343401782135acf3288abd1e4ce936e2fb096b8f7ee5e33c7e691046,1751341891,,0x2f966072f36109f27539e5edefa741912206e491,-57896044618658097711785492504343953926634992332820282019728792003956564819968,1751597075,2025-07-04 02:44:35+00:00
VoteRevealed,22842953,0xaf51f193a5cb362c28c22edadfabc4e7ab5a907c71005adb38446d46b62b08e5,1751341891,,0xa4635d0d583f6a5335aa3ce39ca7d7c2e7a7d01c,-57896044618658097711785492504343953926634992332820282019728792003956564819968,1751597123,2025-07-04 02:45:23+00:00
VoteRevealed,22842956,0x21533d78f6ad8e682d6c1814ca622db757d443d9c2c44bf992ef9113f79d8dd7,1751341891,,0x58cfc8ee2132847afcdc67cdefa92b2d21eb5ba9,-57896044618658097711785492504343953926634992332820282019728792003956564819968,1751597159,2025-07-04 02:45:59+00:00
VoteRevealed,22842962,0x493a34760d553cf68922abbeb83c093522c1e8f7a46c08dc5df20834c8515d41,1751341891,,0xf3c162c189341d024ee753223101612abf6fcf9c,-57896044618658097711785492504343953926634992332820282019728792003956564819968,1751597231,2025-07-04 02:47:11+00:00
VoteRevealed,22842967,0x15f63e671b91671ae1eb5957efdf6937f3dce3d538515f0b606dee8a0da1e4a8,1751341891,,0x09a10823b87aed0a3c348c0a20d69d3276192913,-57896044618658097711785492504343953926634992332820282019728792003956564819968,1751597291,2025-07-04 02:48:11+00:00
VoteRevealed,22842970,0xcefa26174405e42be8ace8a4429a591380cd5779f8cd33e7c52aae7551554bee,1751341891,,0x336701bab9ee6a829a5d610a301e978aced202c4,-57896044618658097711785492504343953926634992332820282019728792003956564819968,1751597327,2025-07-04 02:48:47+00:00
VoteRevealed,22842975,0xce40dcb26bf6fdc00f89afc54e98a9dbff8de392cfcd42411c374952a45bf2c4,1751341891,,0x3895799b03759423c728eed3aa0c0414f5179f79,-57896044618658097711785492504343953926634992332820282019728792003956564819968,1751597387,2025-07-04 02:49:47+00:00
VoteRevealed,22842980,0x5a1765f7f03a616344f4cf7772facde3a857888a8931ab1ca7c6b449d9bc1eb9,1751341891,,0x5bc3d8339754b5d4455355b3c5cf2639fb943942,-57896044618658097711785492504343953926634992332820282019728792003956564819968,1751597447,2025-07-04 02:50:47+00:00
VoteRevealed,22842984,0x0ea2bec5afa840284d433286349a36cb982ade7f06e11f0d36db477ec658153b,1751341891,,0xdb6d77a78b4da7286e3c1a6828eb83d9f0cca527,-57896044618658097711785492504343953926634992332820282019728792003956564819968,1751597495,2025-07-04 02:51:35+00:00
VoteRevealed,22842987,0xb3112858f2a894e8c96e04d6548c50805949ccc4675d5316bff56b6226a43818,1751341891,,0xab0ea94509caa5703362eaafd8087d205f97a340,-57896044618658097711785492504343953926634992332820282019728792003956564819968,1751597531,2025-07-04 02:52:11+00:00
VoteRevealed,22842990,0xcdfc0df8302d5dc69955b8141cfdbea1771b9c3cb79f349f52c120065a5bf91c,1751341891,,0x3b59d6b33e8f8ddf9734917a40056d07548a4444,-57896044618658097711785492504343953926634992332820282019728792003956564819968,1751597567,2025-07-04 02:52:47+00:00
VoteRevealed,22843084,0x65eaf3a836f8152a6dda2adb8bc794f65b60f3cf26ac1d4bc0da8ad60ae68845,1751341891,,0x393950505b160607f40d11ab956c9406dbe6e4ce,-57896044618658097711785492504343953926634992332820282019728792003956564819968,1751598707,2025-07-04 03:11:47+00:00
VoteRevealed,22843104,0x94f5e8eff69b4a8f7a7699df47f7d2524cdaed6cba5bf28490de65e9e52f6db1,1751341891,,0x8c4809d3ad6b05ee765b36807d7c6c6b3782b938,-57896044618658097711785492504343953926634992332820282019728792003956564819968,1751598947,2025-07-04 03:15:47+00:00
VoteRevealed,22843286,0xe6b6f9b3db76eca316a1dd5145c7652a1a556368ffa58298c73ca9ac0d8ab120,1751341891,,0x95cd0e455cf41e9f8cca8eee488432f3f10f29b8,-57896044618658097711785492504343953926634992332820282019728792003956564819968,1751601143,2025-07-04 03:52:23+00:00
VoteRevealed,22843320,0xb70775d9eb225c56abc3f23bec83ae118f98c6d2f0b0a4574859974e44ebcb42,1751341891,,0x5ebc1d2809f4dfca9cb518efd2307fdffc36d55d,-57896044618658097711785492504343953926634992332820282019728792003956564819968,1751601551,2025-07-04 03:59:11+00:00
VoteRevealed,22843321,0x71c0f2fb75dd62c18786948b26605d1e826a4a332276a0f370e391853dd609e4,1751341891,,0x9b6f4d48fd61313204f7c8fbe9dfec6384aa4ced,-57896044618658097711785492504343953926634992332820282019728792003956564819968,1751601563,2025-07-04 03:59:23+00:00
VoteRevealed,22843330,0xefd8c6aa173d0013295efd1d877f03cd39f0fc8bf8a5b4cf9bd19eaf9dc99df4,1751341891,,0xacb4fa704c4a7092b3373d5c57443ed3261fdd18,-57896044618658097711785492504343953926634992332820282019728792003956564819968,1751601671,2025-07-04 04:01:11+00:00
VoteRevealed,22843342,0xcaa2d5f77b427cf7ec2b746824bb882e8350263c7a7223a35d2d47ef0686e1ff,1751341891,,0xa8b8f0b17ed13a3663a8e3f169c42464adddb984,-57896044618658097711785492504343953926634992332820282019728792003956564819968,1751601815,2025-07-04 04:03:35+00:00
VoteRevealed,22843387,0x67f8072856055339e7d47d45e0a5ec87b14eced9835424d856aad028e52066ef,1751341891,,0x3b9ffd4ceffd768df16d79e7492a1bffd087c44f,-57896044618658097711785492504343953926634992332820282019728792003956564819968,1751602355,2025-07-04 04:12:35+00:00
VoteRevealed,22843405,0xbaa21c184307faaa7c4412ba87bbfaf77924d1ce8a737d1b2ae733ebc709a3c4,1751341891,,0xdc8614557d2fb159a8b1c1f69256bc522d74821a,-57896044618658097711785492504343953926634992332820282019728792003956564819968,1751602571,2025-07-04 04:16:11+00:00
VoteRevealed,22843409,0x05ae5296b2dabfdac8ded88f99be8e2819ade7da1fb1ca60ef5f88902ece3827,1751341891,,0xcb8c77837f470053f91e1e288cac223118c69937,-57896044618658097711785492504343953926634992332820282019728792003956564819968,1751602619,2025-07-04 04:16:59+00:00
VoteRevealed,22843442,0x0587d6029524166877de30816acaf96b6973f741f455b005287457ea7eab77a4,1751341891,,0x3b45e837ce844cf6c25459aba5b9c2d6ea023008,1000000000000000000,1751603015,2025-07-04 04:23:35+00:00
VoteRevealed,22843479,0x21569967cc1b6c1a90d62f817181e458f53b0cffa0aef1f2b6c3613adb17b149,1751341891,,0x374585bfd5e03868ceb23aa159c4f63f0c2f650e,-57896044618658097711785492504343953926634992332820282019728792003956564819968,1751603459,2025-07-04 04:30:59+00:00
VoteRevealed,22843547,0x7da2f1e928ce62b68956c7bcaaaf7a5b72137d62a58dd316ab8275d384a56b3e,1751341891,,0x53d0755830ed64294d3e0736b744a1c8eda0d897,-57896044618658097711785492504343953926634992332820282019728792003956564819968,1751604275,2025-07-04 04:44:35+00:00
VoteRevealed,22843548,0xd34dc4aaefb90eea6acb114fbabaebc1206615e0ee5785928d2e36983a824b1e,1751341891,,0x5b7ec1ba8af4579119ae7fb4bfea36bb9b8c78a8,-57896044618658097711785492504343953926634992332820282019728792003956564819968,1751604287,2025-07-04 04:44:47+00:00
VoteRevealed,22843569,0x8075fde48335045ae48b56c4d7e9e452d11b10377e12e3cc99430ebaa9139b0e,1751341891,,0x4ddd9af5f091a11438f3c4f618f1257d6d660cb2,-57896044618658097711785492504343953926634992332820282019728792003956564819968,1751604539,2025-07-04 04:48:59+00:00
VoteRevealed,22843607,0x120e4851815198802972abc56901395c871920cb87a24ced5096fad7b075d2f5,1751341891,,0xa2e5dbd496e25a194a11fc3e4ad5ada199e827f4,-57896044618658097711785492504343953926634992332820282019728792003956564819968,1751604995,2025-07-04 04:56:35+00:00
VoteRevealed,22843612,0x10b424145d0876c6e9b5afbfb42781e4d2bce2e8868c448e17198db6abe23c46,1751341891,,0x7b51bfb030e888f047a29de664940035a47ef56b,-57896044618658097711785492504343953926634992332820282019728792003956564819968,1751605055,2025-07-04 04:57:35+00:00
VoteRevealed,22843618,0xd2d5b4fd2bb11d428b8cdba39641162a74f5cfb008cff9c8e4cb2ad57d4354fe,1751341891,,0x35041bcf4455468d1de0bfa0ffd9ebe9ec6cec2b,1000000000000000000,1751605127,2025-07-04 04:58:47+00:00
VoteRevealed,22843619,0xff290465ea1dc0df91227c1169bd4d563389893790758e513f02d0be63778ab1,1751341891,,0xf0027afb0cfbaae582e21d96e2761b0b07bfbfb2,-57896044618658097711785492504343953926634992332820282019728792003956564819968,1751605139,2025-07-04 04:58:59+00:00
VoteRevealed,22843633,0x99bd0aa7a6ef716a9f4b9b745e66eed47d7db9b79d0ae66d55377c97e1763bb7,1751341891,,0xdf67cba8261c6d8c15c735009f61e2cc9f852de3,-57896044618658097711785492504343953926634992332820282019728792003956564819968,1751605307,2025-07-04 05:01:47+00:00
VoteRevealed,22843663,0xd38fed5c8a11240335ea0fce2f2631f7d7479bf11dc6efbade17e475b1b1018d,1751341891,,0x7baa3b328603535006d76d7b80af7260fd8a946a,-57896044618658097711785492504343953926634992332820282019728792003956564819968,1751605667,2025-07-04 05:07:47+00:00
VoteRevealed,22843699,0xb0cc4c66f3243096867c0dc0fe64b7b0a5aa248ef111a5974d19c760cea2a677,1751341891,,0x08bba63a49be5f7ee6dd58f30a757f5137d52be1,-57896044618658097711785492504343953926634992332820282019728792003956564819968,1751606099,2025-07-04 05:14:59+00:00
VoteRevealed,22843728,0xba88842e2f9fe6509a6a85358ac2dd51b3aab033fa968f1ec7de70426331f0e5,1751341891,,0xc3ac3355b2686fa503246a92e34d0b7261b39d6b,-57896044618658097711785492504343953926634992332820282019728792003956564819968,1751606459,2025-07-04 05:20:59+00:00
VoteRevealed,22843730,0xaa5c50870f4bbe1d3590b69228e8eb7ec9ea9ebb2f2713b873b640503eedd737,1751341891,,0xb67a6e67072025c1db86e552dc17f7bf9c296122,-57896044618658097711785492504343953926634992332820282019728792003956564819968,1751606483,2025-07-04 05:21:23+00:00
VoteRevealed,22843731,0xfb21c8a7cc6e53fc97d472f3400f61283e5502572067afaf4db34004d13de4a9,1751341891,,0x9fdb970aef60007fee4ea132b5f4ebc376740aea,-57896044618658097711785492504343953926634992332820282019728792003956564819968,1751606495,2025-07-04 05:21:35+00:00
VoteRevealed,22843745,0x591eb8dc771f71c44324e394d3fc94a0de13d47c659551af96022e46f424ab4b,1751341891,,0x8e561b9823d9bf7067f5f64980ae26b6b9969e77,-57896044618658097711785492504343953926634992332820282019728792003956564819968,1751606663,2025-07-04 05:24:23+00:00
VoteRevealed,22843750,0x2b9406078ae1b6b6901f552985a181ae561c88ce28154b89de751a49b01b9c07,1751341891,,0xe6b5a31d8bb53d2c769864ac137fe25f4989f1fd,-57896044618658097711785492504343953926634992332820282019728792003956564819968,1751606723,2025-07-04 05:25:23+00:00
VoteRevealed,22843786,0xf39344a333a4ffd99948ad7408ea3c99faf7c0d2870a2ba9f2c9a11364a52fa0,1751341891,,0x840bf8f06b175aa001b85cdb68b3378e8b14946f,-57896044618658097711785492504343953926634992332820282019728792003956564819968,1751607155,2025-07-04 05:32:35+00:00
VoteRevealed,22843805,0x4cfadeeb0ff638d56319534ef3c22ebf496b6fb33e4f1f86a1a6bf624c76bece,1751341891,,0x449ff548206132b1e0df2ed9da4f9de5c281d1c7,-57896044618658097711785492504343953926634992332820282019728792003956564819968,1751607395,2025-07-04 05:36:35+00:00
VoteRevealed,22843833,0x815b07270a6cf6f20a4bf66609b68b6ab44efb330fac1832308e40f7cdab71be,1751341891,,0x9a4773eeee73e34e1ee0e9a64e4b7453b0b04246,1000000000000000000,1751607731,2025-07-04 05:42:11+00:00
VoteRevealed,22843834,0xf2e2967b59cb1fba30fc33f4615a2bfd344cbf1ab6dc2644060b12739d1f91b6,1751341891,,0x99bcea6bb0403927fb3c038163478d5b42082fd9,1000000000000000000,1751607743,2025-07-04 05:42:23+00:00
VoteRevealed,22843834,0xb8ea5ecc75a6e1d079d327c7d71486adfe3b061ce4ad445706034c948dfe4559,1751341891,,0x48acc4a909ddb127787a7d1d63b47e98f66174f6,1000000000000000000,1751607743,2025-07-04 05:42:23+00:00
VoteRevealed,22843874,0x143d64d217a8635d0b8246a04c470be34b784c627cd20d1563f1faf182873964,1751341891,,0x3abebe2bfd423dbb6357674476d44e9bd178817d,-57896044618658097711785492504343953926634992332820282019728792003956564819968,1751608223,2025-07-04 05:50:23+00:00
VoteRevealed,22843889,0xf0dc77deb0fc9f57a63acd85ee14cd6034f503ab6e89757e7673b7f350619be0,1751341891,,0xdb4d5a3e683df965ce509ef191d979e77543bb4d,-57896044618658097711785492504343953926634992332820282019728792003956564819968,1751608403,2025-07-04 05:53:23+00:00
VoteRevealed,22843889,0xa900de7dd15f1694f1fdfb23e520a4bb2ce4b81c846e499dbfe64fec8e25a762,1751341891,,0x73cde0e4f0480ea6b98bfa292ea936685716af4d,-57896044618658097711785492504343953926634992332820282019728792003956564819968,1751608403,2025-07-04 05:53:23+00:00
VoteRevealed,22843893,0x521d9c444180de4a45f9ee0c411f8b3d93aa1c0156d1a382ab7375aa5fc68b34,1751341891,,0x37c5db6f455f1cb3274ebe67582c92d04c4f6545,-57896044618658097711785492504343953926634992332820282019728792003956564819968,1751608451,2025-07-04 05:54:11+00:00
VoteRevealed,22843923,0x606b0826e095d6b98b2e0225c07281321d0391efec35a96f5a37c5961d958cc1,1751341891,,0x69d0341d380a1229f4751a0a721345dbc716586c,-57896044618658097711785492504343953926634992332820282019728792003956564819968,1751608811,2025-07-04 06:00:11+00:00
VoteRevealed,22843930,0xbac4fe379f3dfbd6c152f6cbd6efbf0f51c04341f95ac0531c4778db7d5812b7,1751341891,,0x34d4dfcf6e0b23a891bd9f076a6ef7dc3acf6ab2,1000000000000000000,1751608895,2025-07-04 06:01:35+00:00
VoteRevealed,22843933,0x0e749401320781d1d0bc83d816318378f4aaa644b05e2b97c585273a2aef4900,1751341891,,0x5071e6d385f584b5875166563c1670460905ad7b,-57896044618658097711785492504343953926634992332820282019728792003956564819968,1751608931,2025-07-04 06:02:11+00:00
VoteRevealed,22843936,0xb4ca4135da95e22e9d2b78b9213dd88d38a92639bfd16a0263e8a16914cf748a,1751341891,,0xd521cd4f0205f0afbf427610cdc4a15736e57329,1000000000000000000,1751608967,2025-07-04 06:02:47+00:00
VoteRevealed,22843940,0xb660d09c0584db5503677af0f68ad708bbe36a6b0a114e8b6cd25ba1d71897c8,1751341891,,0x785c24d44e9246fbd2980f1cbecbf24e9e4b2de9,1000000000000000000,1751609015,2025-07-04 06:03:35+00:00
VoteRevealed,22843949,0x5f9fc02e23b852ca9b316585ccbf716b84a1d3e0cd5da39263abaed702ee542a,1751341891,,0xfee5be290d4a1a50caff611389ba2120a4095d78,-57896044618658097711785492504343953926634992332820282019728792003956564819968,1751609123,2025-07-04 06:05:23+00:00
VoteRevealed,22843986,0x7109bc316ff4e073925cfb0ab3d3ba631831195c5c10fec3555b2ddd2e3084fa,1751341891,,0x196f239229aae65883802b5bb512e17084147ff6,-57896044618658097711785492504343953926634992332820282019728792003956564819968,1751609567,2025-07-04 06:12:47+00:00
VoteRevealed,22843994,0x40c2e3d11dd9268750831edeb9709dfcf3384ff353ca6ee01388e69468976116,1751341891,,0x3dd78bf06fdfa3aaaa87b25635a8404b15551345,1000000000000000000,1751609663,2025-07-04 06:14:23+00:00
VoteRevealed,22844004,0x7eb2cf5a2966ce4406aa228ea90f69ee5152a8bda5ecf927d522ca6f9ad327da,1751341891,,0xc9e8233c2c5476cda4f96595bbb3a9d117168df5,1000000000000000000,1751609783,2025-07-04 06:16:23+00:00
VoteRevealed,22844038,0xa411140b3a722c15f299bd13628e1ee86967552fd0fc60755a46f863f41937b9,1751341891,,0xb73812cce6f5cb7ada40a134b4b16aefbdbb9472,-57896044618658097711785492504343953926634992332820282019728792003956564819968,1751610191,2025-07-04 06:23:11+00:00
VoteRevealed,22844109,0x3596b7adf1810d25d845a5853aa08fb1f33545f6240bae63c9d07eb9cc444fa1,1751341891,,0xbd4b2b116ef87967f8d682195023313a00c7287d,-57896044618658097711785492504343953926634992332820282019728792003956564819968,1751611055,2025-07-04 06:37:35+00:00
VoteRevealed,22844163,0x62eed6a3fed05159137d5e758b39e273bd26a0a81ddc794e3055da9d90da28ed,1751341891,,0xe5e7eb7b5e89866a6d852f55bfe363efd50d2f19,-57896044618658097711785492504343953926634992332820282019728792003956564819968,1751611703,2025-07-04 06:48:23+00:00
VoteRevealed,22844169,0x80dbb5911ca800c1375619059ae7d1c911c178c7c487cbcfe5afe10e4ec57678,1751341891,,0xaef6a3580a365c524a5bc9aabeb2a13c2a1a7b7c,-57896044618658097711785492504343953926634992332820282019728792003956564819968,1751611775,2025-07-04 06:49:35+00:00
VoteRevealed,22844178,0xbf82cc77512cde0a0cb590880df2568960c9218076a0a41f8c3a36687c05fc74,1751341891,,0x3e1b1a4a8fba26e80f4678d3ea3ac1daca78523e,-57896044618658097711785492504343953926634992332820282019728792003956564819968,1751611883,2025-07-04 06:51:23+00:00
VoteRevealed,22844181,0x1206c52f8725786fd7335130ecd47bd3b48da1f39bfdec455652303c114d4903,1751341891,,0x2b379bfb86e900fe8f3a1434ee79097aa5b883dc,-57896044618658097711785492504343953926634992332820282019728792003956564819968,1751611919,2025-07-04 06:51:59+00:00
VoteRevealed,22844187,0x5a583f788014d4d9a1aa12765de3d1e0c4947e7377cc595e637cc36c47a5bf9c,1751341891,,0x8b64673c9a482913a6e2c1298637532947cd96ee,-57896044618658097711785492504343953926634992332820282019728792003956564819968,1751611991,2025-07-04 06:53:11+00:00
VoteRevealed,22844197,0x3e820d0e65121e9e50844e4ed99853268a7429ae17e77ed7b2b9ca3d6550a317,1751341891,,0xc573ddc59824f248d3688df0474805f35c2c09c1,-57896044618658097711785492504343953926634992332820282019728792003956564819968,1751612111,2025-07-04 06:55:11+00:00
VoteRevealed,22844407,0x5ca51a128863bf1ba581ffeda4ba71ba8321b8be3b69b8ad707e9c690c135a89,1751341891,,0x8bc1f33e91f19e0d27051819d8d8f88e29444230,1000000000000000000,1751614631,2025-07-04 07:37:11+00:00
VoteRevealed,22844412,0x2302c267d391845dd9206c7d046b3ed1c217303c752494f6371845c6d7554f89,1751341891,,0xf0259b01bf6dc0aa12b8d4483fdd7f6290fcc7b1,1000000000000000000,1751614691,2025-07-04 07:38:11+00:00
VoteRevealed,22844420,0x337f6c2abcb5468e1b8d54839bcd632c6e94bc15e83f1aedd17ad9702624ddd9,1751341891,,0xf0dc67c35b934a47704f5bcc1851398f57c7fe78,1000000000000000000,1751614787,2025-07-04 07:39:47+00:00
VoteRevealed,22844423,0xec9e22acd88c0990d4a8e4e785dcda8f870f8ca0c87dca4dfa600ed3ad02f597,1751341891,,0x90daea825e9d43043c05725a4196382b881b1a73,1000000000000000000,1751614823,2025-07-04 07:40:23+00:00
VoteRevealed,22844435,0x84ce329941f6f92df5f9671aefb686537a2e502f95d6052112167bc6ed2e9a0b,1751341891,,0x2947a935212f877fdfe65598254d5ce4164132a5,1000000000000000000,1751614967,2025-07-04 07:42:47+00:00
VoteRevealed,22844496,0xd9513a0e138601c1073dc938958c3e05874e6adfed9cdf43b28143bc73bf3760,1751341891,,0xac880a2568c6f5719ad59c8ea3bc11a910775757,1000000000000000000,1751615723,2025-07-04 07:55:23+00:00
VoteRevealed,22844501,0x399569bfab0f6ce2c8ef6bcc6d83c867408307d94e7982b4260bb1b3e36b376c,1751341891,,0xd431b7c1433fba9a5aa5330e5211f4773b95e9d9,-57896044618658097711785492504343953926634992332820282019728792003956564819968,1751615783,2025-07-04 07:56:23+00:00
VoteRevealed,22844502,0x8c45f9d538d88e425bb50096696acad77c689122f1126f20bab6d15332fb0c26,1751341891,,0x0b0221d279026ac38eec4e13408ba7966afb9fee,1000000000000000000,1751615795,2025-07-04 07:56:35+00:00
VoteRevealed,22844511,0x8a6c2366dd0ca1738ba9030db00dc80a4865048d3350541975b2eb3f91067ecd,1751341891,,0x7c9c7bb3d6880f0d720feb4fa6164bd3e49f76ed,1000000000000000000,1751615903,2025-07-04 07:58:23+00:00
VoteRevealed,22844524,0x0b73e913da455814d4dc0f0c6c791408cb7111fc742d66ccdcfb2f282d664e5b,1751341891,,0x06ce05db7d0a4539b3ec2fa6b81dfe11a32120ea,1000000000000000000,1751616059,2025-07-04 08:00:59+00:00
VoteRevealed,22844537,0x01472c19bfae3ad9e5912909838d098bdaafcedcb9f0febcd873c6a21ec1f6c7,1751341891,,0xa21cc0de85e8c75bb10519872dd3965cec351e3a,1000000000000000000,1751616215,2025-07-04 08:03:35+00:00
VoteRevealed,22844551,0xa643d8ace7da27ca66215279294da60f3d1a1703f401c47c2cbb618c493cc17d,1751341891,,0xa89ffd4063866481f3da231bc2ccf88def15b642,1000000000000000000,1751616383,2025-07-04 08:06:23+00:00
VoteRevealed,22844556,0x50b95124c0f3d8a3c0d44fcadad6d00e7f07724f3f000c36c4e4940d9e456436,1751341891,,0xa7b9d5fc54eb3ffe1985a10e28d045a9b89487d0,-57896044618658097711785492504343953926634992332820282019728792003956564819968,1751616443,2025-07-04 08:07:23+00:00
VoteRevealed,22844565,0x6aa822a3dda3d03cda246623bd1ed710da3cfd0b8d84d3db0fd467dfcb1f51d8,1751341891,,0x20271ec8650e0990201ec5c785a5f3e8b51850ff,1000000000000000000,1751616551,2025-07-04 08:09:11+00:00
VoteRevealed,22844579,0x00f7309339c792f40906a893127ddd88a2a81d6dfb89a0d7f4736f3de53844d4,1751341891,,0xb36268588ed030b4d8fbb22a0b4ecbad1194e683,1000000000000000000,1751616719,2025-07-04 08:11:59+00:00
VoteRevealed,22844600,0xe9988ccc05164474ec84b09dc136f78ceb79a834a620a32df79fd9a41b1c56de,1751341891,,0x50d26fcb38a279043ba075b86df912cd523931ef,1000000000000000000,1751616971,2025-07-04 08:16:11+00:00
VoteRevealed,22844605,0xfc2e85d7e35bf2f4c80d4b76b42c06b74cd81da2e022ce52bea10beb5228a016,1751341891,,0x074f2ccfb2716fc8b6ac579173f1aaeb1f759d52,1000000000000000000,1751617031,2025-07-04 08:17:11+00:00
VoteRevealed,22844618,0xd4eaeba4a0b67690e52c9b2d3e48e0e2480f668ed7fc6e3f35604e2dfcec5b65,1751341891,,0x8a74781b294238d74f86b0cdfd4ee7b1dbe55d7d,1000000000000000000,1751617187,2025-07-04 08:19:47+00:00
VoteRevealed,22844621,0x5b821d9566ffa8213aece1599c19ed52b728a292ec49ba5f294eee3b02065457,1751341891,,0x003a3b5669b288b29687c66d678aa06cb8d80577,-57896044618658097711785492504343953926634992332820282019728792003956564819968,1751617223,2025-07-04 08:20:23+00:00
VoteRevealed,22844624,0x69d2fb9030158cd345f1bf9fa8534bd17cd261cbe31bc20243cb17f20785f61f,1751341891,,0x326c819380b8842e3a55e5f97f6011ee91844205,-57896044618658097711785492504343953926634992332820282019728792003956564819968,1751617259,2025-07-04 08:20:59+00:00
VoteRevealed,22844631,0xbac2683bd2ad5eabcfd8757b5a8d001434312dd00b7f0f4ad44d9af3f70c221d,1751341891,,0x910144b369ed067f8a2ea470ebcc2fdb31c0dd9f,1000000000000000000,1751617343,2025-07-04 08:22:23+00:00
VoteRevealed,22844636,0xfff6d2482487751162e0bef8417d37870fe85a698bffc02c918ccbc4e70d32f5,1751341891,,0xb731ccc5f62e99ea25220bfd73c3867bb5205790,-57896044618658097711785492504343953926634992332820282019728792003956564819968,1751617403,2025-07-04 08:23:23+00:00
VoteRevealed,22844642,0x0d1a8004632557049bd8995033589b9311e5f752a7fd49a60bb8b4498a3b1f5d,1751341891,,0x30b2daeb3757b6c7462cd0d776828f8d7398be50,-57896044618658097711785492504343953926634992332820282019728792003956564819968,1751617475,2025-07-04 08:24:35+00:00
VoteRevealed,22844645,0x1496248bb6d0f283040265c82964227332a6353038d7aed93a37f83cc2863f02,1751341891,,0x7d8aee804bbad88d0081115adc917f5d9bf6388c,1000000000000000000,1751617511,2025-07-04 08:25:11+00:00
VoteRevealed,22844650,0x24420fbf34c66549372b1c64080e637f030f8dbc8cd7848143cea7877142b8ff,1751341891,,0xf5df7a18df35da5ecfff6d55bcf920e3d8f6d5ae,1000000000000000000,1751617571,2025-07-04 08:26:11+00:00
VoteRevealed,22844658,0xe42e65f2e3cde1e2a668667fb4e3270d8d1b782080adeeea133aa96631f2406a,1751341891,,0x90b979c9e90ec5d5246dae6be32acc451edd2464,1000000000000000000,1751617667,2025-07-04 08:27:47+00:00
VoteRevealed,22844671,0x6ea5dc45b775090c88b26074ff663549a58919b7a86f6be31c4bfb054c6771e8,1751341891,,0xf1de794ecf521ed64bdd4dd55308361511f87990,1000000000000000000,1751617823,2025-07-04 08:30:23+00:00
VoteRevealed,22844676,0xfa6df5169574daeb44830d934d6a820a4f9f11d35066468a0cd04cebf463a59d,1751341891,,0x1921902db1b0967762f3ae86ae0675b2b3ddefa9,-57896044618658097711785492504343953926634992332820282019728792003956564819968,1751617883,2025-07-04 08:31:23+00:00
VoteRevealed,22844687,0x56c0c430661e5c0a351775ebe2f5f95044ab6cc4622b7b817baad58363ec4314,1751341891,,0x0fad7fcb19f3ebe9402bf0623d7ed0fc4f1def15,1000000000000000000,1751618015,2025-07-04 08:33:35+00:00
VoteRevealed,22844691,0x0c8aad3d68134e44837baec5c43fcb70f88d1753e9910731329e27d7b8d347fa,1751341891,,0xc84fac7d2f80d70b21a536fdc1fde5cb404d747b,1000000000000000000,1751618063,2025-07-04 08:34:23+00:00
VoteRevealed,22844716,0x3359345226e6e7264bb6c8b1c900399a6edcb676242bf3bf1f9073a01cbed7cf,1751341891,,0x5b01ce79d8b3b793da3be5e27de3a767f1a02ed2,1000000000000000000,1751618363,2025-07-04 08:39:23+00:00
VoteRevealed,22844720,0x4ff02c08a97ca5e8920e3bf0ba1d2fa046befc452d73941102da0dae1b32254a,1751341891,,0xcc50808a98ab15312361ab4837f412b2d9cdda38,1000000000000000000,1751618411,2025-07-04 08:40:11+00:00
VoteRevealed,22844734,0x9b81a52016ef32aff41e87c7354a4eda8063def6b0d5088bb6f770386f12db8b,1751341891,,0x76cc3f2fb3f451bbeed11bf9f64bb35f43438829,1000000000000000000,1751618579,2025-07-04 08:42:59+00:00
VoteRevealed,22844829,0x5d867959c37734e863f7123c094e244fdb7439668ef01e5a01ac63be6be68bf5,1751341891,,0xdb2808ed6cf0b8b9686222689cf4f6e88e42b80a,-57896044618658097711785492504343953926634992332820282019728792003956564819968,1751619719,2025-07-04 09:01:59+00:00
VoteRevealed,22845222,0x5384a55baf3be1fc5504227260c0bd9ec4eab42fe15e06b7c0242ec08db3eabb,1751341891,,0xa61b950ac1f186a65c17c0ec447b5f4b05c288a5,-57896044618658097711785492504343953926634992332820282019728792003956564819968,1751624471,2025-07-04 10:21:11+00:00
VoteRevealed,22845296,0xaa2cfece4756499c1928da3791721425464272c7c0fe359b8af31d7ca72bb4f7,1751341891,,0x92d76b5d5ee767a4a90719a9a910936dc4006fc6,-57896044618658097711785492504343953926634992332820282019728792003956564819968,1751625371,2025-07-04 10:36:11+00:00
VoteRevealed,22845350,0x9a0a6b36b7276855d523ac5bd2a5a5b2204eff7e17332eafe7c0d0c767c9aae0,1751341891,,0x88f859f01a347e4fb9c95a00feba619c2140369f,1000000000000000000,1751626031,2025-07-04 10:47:11+00:00
VoteRevealed,22845359,0x27b2ce56430d5f86946bfb2dd270a6a7d39f58108d58267e526978ccb991a30f,1751341891,,0xff0778459d97530592d001230686e9206341b8cd,-57896044618658097711785492504343953926634992332820282019728792003956564819968,1751626139,2025-07-04 10:48:59+00:00
VoteRevealed,22845422,0x342ff0b426b543ae240b6abc2eedfea89ae2fbefe1c0ea2847ea6dc9001d2dee,1751341891,,0xcfb331ade6d66ad1cb6765a2dd51ad3aa9a1400e,-57896044618658097711785492504343953926634992332820282019728792003956564819968,1751626895,2025-07-04 11:01:35+00:00
VoteRevealed,22845438,0xf621c8f7186d85fab54bd0d6d66578a38a42922489d202e478788bf680a40494,1751341891,,0x1a0d30c0d36ec7fbd1082ce54443acb68ddaf351,1000000000000000000,1751627099,2025-07-04 11:04:59+00:00
VoteRevealed,22845444,0x62427e0059170374066af835089aaa01219c17a822d8f4019ff4886bc5e231e2,1751341891,,0xf0180d4561dbaeaac3b96b7491bfafc94cea4069,-57896044618658097711785492504343953926634992332820282019728792003956564819968,1751627171,2025-07-04 11:06:11+00:00
VoteRevealed,22845524,0xc8c41c0e1701a94e6f3700d52f52ddabbbe90c416b40664e1e9bac591a3d8e50,1751341891,,0x18fee6e511646b8ea2e4964277574f637bc03f3b,1000000000000000000,1751628131,2025-07-04 11:22:11+00:00
VoteRevealed,22845637,0x1b36be30ca7dc498fd4bd5da717db2f1b7ea3d3bf90c490fc3aacb2f86fe302a,1751341891,,0xed3aa99bb1c5215f619d01030ba89166997d54fa,-57896044618658097711785492504343953926634992332820282019728792003956564819968,1751629487,2025-07-04 11:44:47+00:00
VoteRevealed,22845751,0x79210e405e51fb87bb4ef83cce7e4a7a7a076d33773f07ed7f84229fc8aa4247,1751341891,,0xc6c323b8b7f644897e32192c75342a1131a3d292,0,1751630855,2025-07-04 12:07:35+00:00
VoteRevealed,22845787,0x051208b7dbf8e6c6c6384b2e85807b7b61d20b359f9232a7a7dd01d933389364,1751341891,,0x09397d66b46a796ddb4cd7d340e3b063ab89befb,0,1751631299,2025-07-04 12:14:59+00:00
VoteRevealed,22845816,0x8c486641a927fa188354520a20bf0de58593a6a8076d85b61a4dcb69bf237e98,1751341891,,0x3d59beb57234581028c4285a0b215c08bc53baa2,0,1751631647,2025-07-04 12:20:47+00:00
VoteRevealed,22845836,0xdbf1517d71f9e170fb2a7243f5273c7eeefb4b619328a63ac876941b88c92014,1751341891,,0xcb4bb9d616f27dc84a256b768b4c393fa8010caa,0,1751631887,2025-07-04 12:24:47+00:00
VoteRevealed,22845901,0x4392c988365b245948dbd665ddb753159f1ca807956f0b2deb00d27e451cd6f4,1751341891,,0x68c1363a6d70ae1b37bb92099764f4cb06ad859a,0,1751632667,2025-07-04 12:37:47+00:00
VoteRevealed,22845935,0xa33811f68ed05fb95dafebebf0c44ced45062f051c54fc0a5ff85234938d02ee,1751341891,,0xf3b699d889361868d7b82c8bf41126b18ddf99bf,0,1751633075,2025-07-04 12:44:35+00:00
VoteRevealed,22845976,0xf4c8ac3a743a48c851a0567bbaaf2cd2b5995f2dbb55e21391e86a25c042ddd4,1751341891,,0x223ae49e7a1dba195a3a304833275ac09e9324d5,1000000000000000000,1751633579,2025-07-04 12:52:59+00:00
VoteRevealed,22845978,0x16aef3bc2bede5729456fc52ef3c5affb5c6713eb56e27bbc243389ea77aed12,1751341891,,0x9e43052ffb31e82b13a57079bdcf2c731d6cb563,0,1751633603,2025-07-04 12:53:23+00:00
VoteRevealed,22846033,0xc40caa35be4720c3bfd68bbc819fd4e954b99173654da8a6d9df07cc48bc4629,1751341891,,0xbd9d10d381abec81d8c35b6032f44b7abc7a98eb,0,1751634263,2025-07-04 13:04:23+00:00
VoteRevealed,22846069,0xe1c8b05d5ad22ef98b95710c76aeb42ed54df9ebc69968ae3c366fa86ba62c6c,1751341891,,0xb524735356985d2f267fa010d681f061dff03715,-57896044618658097711785492504343953926634992332820282019728792003956564819968,1751634695,2025-07-04 13:11:35+00:00
VoteRevealed,22846085,0x595a56fb0b57c6985504400454d5311913a53bbed5e4a497c7c854bdb04c1906,1751341891,,0x9f9a6867d9ed4630dac6d3f9c125248600df03be,0,1751634887,2025-07-04 13:14:47+00:00
VoteRevealed,22846141,0x75f6f4cb571ffba2af8043d388763325c2230bbdddd8865e39b3706960f1df5b,1751341891,,0xa9b0d5c5e012cb47dd473fe3cea272b5f716c344,-57896044618658097711785492504343953926634992332820282019728792003956564819968,1751635571,2025-07-04 13:26:11+00:00
VoteRevealed,22846156,0xbbf8d106042f08569401b70f22615e8f9b2d92a4a3f02dd3accef155a798d3ab,1751341891,,0x20d9065d276c303a68bbd38cd42ea4c2df49dd50,1000000000000000000,1751635751,2025-07-04 13:29:11+00:00
VoteRevealed,22846195,0xe7d37d410aadfb78fc9c8633f203e004f118a3e012e666d1ce60705b69ac7912,1751341891,,0x56d769f02e20c6c416d6583879403181e0f37226,0,1751636219,2025-07-04 13:36:59+00:00
VoteRevealed,22846284,0x76d53644c53ebb8820839f8951dac247b0c1a6d6f52713dd4648c6e37bfe82a8,1751341891,,0xfb1f7ed82c240c0515bb4670ec8837701313a12c,0,1751637287,2025-07-04 13:54:47+00:00
VoteRevealed,22846314,0x5f5f7ec9bdd0a00193dd6b73e73d216d86cdac802170565b1bd5facc2a7eec77,1751341891,,0x568967ab58e2da9536b8a8102f453788c7e982b0,0,1751637659,2025-07-04 14:00:59+00:00
VoteRevealed,22846393,0xeb13b1b062456d3c0d0fdb4deb0043c7db727a0a810e88765c41d897a2499dce,1751341891,,0xfb043bbaf380a06c01750ce0a6324e38ed11110c,0,1751638619,2025-07-04 14:16:59+00:00
VoteRevealed,22846454,0xaee264b352dd02ce07bfb0293027eaa2df7f1af326d5a6419ee5ff9bd5538909,1751341891,,0xfec2ade141272f5271febadfca5d21ca30fc04a5,-57896044618658097711785492504343953926634992332820282019728792003956564819968,1751639351,2025-07-04 14:29:11+00:00
VoteRevealed,22846461,0xb3bf9a00a638de376f3d066130bcac278373f2dcd8654b9992fe0b208b385b00,1751341891,,0x2a6dc98558a7482cfbd2f7c75be5d59e62e27e59,-57896044618658097711785492504343953926634992332820282019728792003956564819968,1751639447,2025-07-04 14:30:47+00:00
VoteRevealed,22846485,0x87788350dfc8fc536270d0898f36c78ab3cac390e2bab2cb3632f517cb60512f,1751341891,,0x72b583cce10f64d9307a70d3877db05bacc13236,0,1751639735,2025-07-04 14:35:35+00:00
VoteRevealed,22846556,0xd377994c06e7338a68cf00e94621fa65a2381cca7967822cd67d05d0e0aaeb5c,1751341891,,0xf3c12244c9b1c56f8f5f44b8466c2c14fed02329,0,1751640599,2025-07-04 14:49:59+00:00
VoteRevealed,22846634,0x0f0f15791b9d6ac82b1e46623f91adb63618366667535dac0ce93f1a6facfbd6,1751341891,,0x7a409cffa9257d9de043a98a2034254eff7cbe8a,0,1751641535,2025-07-04 15:05:35+00:00
VoteRevealed,22846699,0x55a6ac4a98aa08cb4c9061708c4ee365ac6befaf29dc0a3bd4195dc925be371c,1751341891,,0x8a201ce886655ebae964857814e52222f0fd4be2,1000000000000000000,1751642327,2025-07-04 15:18:47+00:00
VoteRevealed,22846712,0x338ac22ec2212e1c98072864ff02e16778b6f6c847d49acffc9788272e8071c9,1751341891,,0x101ae23d3cf1efc40383697a657e9d9ef873b9e5,0,1751642483,2025-07-04 15:21:23+00:00
VoteRevealed,22846785,0xea54e2e914d21f91c572f208f94808864c9e97b4c2a7ad2d4542e8b93dfe9d55,1751341891,,0xc12fa1c74c5d97c8eae9c16ab9df28837d9d39ee,-57896044618658097711785492504343953926634992332820282019728792003956564819968,1751643359,2025-07-04 15:35:59+00:00
VoteRevealed,22846792,0x2db0aceb77352e12a0834660971f1482cec4e14b43f1cb548edb126951c83522,1751341891,,0x18f7f5243263e84ee8de50ca6c704b3415669222,-57896044618658097711785492504343953926634992332820282019728792003956564819968,1751643443,2025-07-04 15:37:23+00:00
VoteRevealed,22846812,0x9a9c20b08285263952883cfc849744a1e5d0823b39bd0ebfba390acd9ff12b2f,1751341891,,0x10494f35fc94cfb34e4dfebd99e6d665c8dfc8e5,0,1751643683,2025-07-04 15:41:23+00:00
VoteRevealed,22846826,0x8a4b575a178aa3059d07c724da258d0db999483594f57b24cf132975311a702b,1751341891,,0x2a1bf3cd5d4a7328a37f0e82ff912ace26eaa08f,-57896044618658097711785492504343953926634992332820282019728792003956564819968,1751643851,2025-07-04 15:44:11+00:00
VoteRevealed,22846911,0xb62277e8b57fad8aeff67a242eb716b122890bc0a7871303723be06d15f0bff0,1751341891,,0xb538544c0d0971dc6cdcc17a1ac50a02bc0a8b0f,-57896044618658097711785492504343953926634992332820282019728792003956564819968,1751644883,2025-07-04 16:01:23+00:00
VoteRevealed,22846911,0x8ad923540bc3634b471c627975fa150f84d7dcfff2c0b8a42bd78b2100b5be7c,1751341891,,0x80cc06036fb903f0dbddb5a14d595f8fc79aca98,0,1751644883,2025-07-04 16:01:23+00:00
VoteRevealed,22847245,0xc7948ca16bc9bb3083a0d888b2d41fca25a33770d68638439f510bc0738fc86b,1751341891,,0x4be80a823e619ef57a61cc19b6bfb72974df0604,1000000000000000000,1751648891,2025-07-04 17:08:11+00:00
VoteRevealed,22847476,0xedfad8b08d7fb121753ea29ddbd3e63c4e54b9aafe17fbcd2fb77808f8ce72ca,1751341891,,0x69d0a6ccb76f3f7ef96dada03b01b555e76fa819,-57896044618658097711785492504343953926634992332820282019728792003956564819968,1751651663,2025-07-04 17:54:23+00:00
VoteRevealed,22847517,0xd553c1847d86bd247a9ead871d0900017ef2934c2fdf401b8d7cf020bde86256,1751341891,,0xea1e010e379f1fa9d74022c6655ebe7ed5f64f9a,-57896044618658097711785492504343953926634992332820282019728792003956564819968,1751652155,2025-07-04 18:02:35+00:00
VoteRevealed,22847542,0x53fbf743852afcfe5cfe45b61c014114e50a935fff8f563749283971498c4794,1751341891,,0xd9f9f15e1dcda849a48ee048892c9b31287c7598,-57896044618658097711785492504343953926634992332820282019728792003956564819968,1751652455,2025-07-04 18:07:35+00:00
VoteRevealed,22847788,0x53444397ea499f5a6150ba14bf8d2977e9c29960e6e920896659b842f04166bc,1751341891,,0x4431211df49f9a51cbba89467a524985cc809080,-57896044618658097711785492504343953926634992332820282019728792003956564819968,1751655419,2025-07-04 18:56:59+00:00
VoteRevealed,22847874,0x91cfec90b2ce9f642082f0d7222fe9051372592068b74a562f30f9c587e4bd5b,1751341891,,0xe63757e3cd485c9b35b3a972fffa2d91b8649483,-57896044618658097711785492504343953926634992332820282019728792003956564819968,1751656463,2025-07-04 19:14:23+00:00
VoteRevealed,22847920,0x9ec7125b36c7fd0b1a3accbb070e7af9cd22e89b683273523b7cb5d657a35686,1751341891,,0xbd9e1684f8ce34c9652bd4d0dcec3d82e4e8baa7,-57896044618658097711785492504343953926634992332820282019728792003956564819968,1751657015,2025-07-04 19:23:35+00:00
VoteRevealed,22847925,0x24d5cd8eaa8a83a23bc0ab98fd6b0b71546adcfc4c1cda176e8f2d69959618cc,1751341891,,0xf659a672600f7c9f6fac317f884f8c76357fd48b,-57896044618658097711785492504343953926634992332820282019728792003956564819968,1751657075,2025-07-04 19:24:35+00:00
VoteRevealed,22847963,0x72f1b83ba53b1029e4d6a8530b169f01e74ee72068850f75af052d2c0f535e23,1751341891,,0xc5aff99f08027db6e39ee53048b6509e9d66a671,-57896044618658097711785492504343953926634992332820282019728792003956564819968,1751657531,2025-07-04 19:32:11+00:00
VoteRevealed,22847974,0x9395bed2836672a3975c5a52cce5a40edd934367fcf57ae659472ac49f98ba4a,1751341891,,0xa4effcaa060edd222eb86d33beb4df518805a5ea,-57896044618658097711785492504343953926634992332820282019728792003956564819968,1751657663,2025-07-04 19:34:23+00:00
VoteRevealed,22848080,0x4f2e7b3855f58ebef5693d81d7eaf2be9d00943ebe10a4f003af8d3f940b610b,1751341891,,0x1515f9d20a8df64c72f0d35baf5a5ec079c4490a,-57896044618658097711785492504343953926634992332820282019728792003956564819968,1751658935,2025-07-04 19:55:35+00:00
VoteRevealed,22848085,0x87a97433140a5bb237e45e0963e0ba13f38cf0d33a07170459fe20b25dd9f2e5,1751341891,,0x7e367235ef80109531113d8284a5593ba6a40c22,-57896044618658097711785492504343953926634992332820282019728792003956564819968,1751658995,2025-07-04 19:56:35+00:00
VoteRevealed,22848142,0x1b9c02dfa8595d3549822070c7c100ae8400afa46b22a28b1f68590cfcbda5dc,1751341891,,0xd4c1a8c6b38aa15945023ab28a53838f29286e2e,-57896044618658097711785492504343953926634992332820282019728792003956564819968,1751659679,2025-07-04 20:07:59+00:00
VoteRevealed,22848431,0x5403ae360ac782ee13e819c0f1c1707746f724faa7ab5a7c2a969d4aa2b3aec5,1751341891,,0x104d86705c46e9422b803af522b43809f1c8e4e9,-57896044618658097711785492504343953926634992332820282019728792003956564819968,1751663159,2025-07-04 21:05:59+00:00
VoteRevealed,22848592,0xb3aed0df19b1ecfa067081741087bfb436cd58f5436dfc42a763a8d9c45cb664,1751341891,,0x8ce75214878e6748b58fa0771c8cde60b3050337,-57896044618658097711785492504343953926634992332820282019728792003956564819968,1751665091,2025-07-04 21:38:11+00:00
VoteRevealed,22848654,0x1e39a78fcce62b5779f70b2820476f95c73bf7a839708d645de92f531ac0dd1b,1751341891,,0x9b8f31d4a132cfd3425eef49076e56e60dc1ed2f,-57896044618658097711785492504343953926634992332820282019728792003956564819968,1751665835,2025-07-04 21:50:35+00:00
VoteRevealed,22848655,0xdca3f66e8d77ef392d04bdd0a6219fbf24af1e513cc3065eb9196089009056ab,1751341891,,0x487a5bbdc6091be0e27c0e8ea283047d94862538,-57896044618658097711785492504343953926634992332820282019728792003956564819968,1751665847,2025-07-04 21:50:47+00:00
VoteRevealed,22848699,0x75acfa58281f9d496841b3e851bc87021504050e89ec0b598105e3ae90e6041f,1751341891,,0x6573e30ee0ad46bc9afa0c2adb0d3f147d658efe,-57896044618658097711785492504343953926634992332820282019728792003956564819968,1751666375,2025-07-04 21:59:35+00:00
VoteRevealed,22848838,0xc49b53962d65dc980968246a3b707ac3e87458399b94c7d6847616d79b1466ed,1751341891,,0x0f442ba0a429e358ba4e17de1b0b4fa6181760dc,-57896044618658097711785492504343953926634992332820282019728792003956564819968,1751668055,2025-07-04 22:27:35+00:00
VoteRevealed,22849001,0xa9e2abe06b6803ca985dc8b0ef455f022f59f06feea690a28325f870e58c8131,1751341891,,0xc60aa5a87d580b3181aef33a402d88bfe705fea0,-57896044618658097711785492504343953926634992332820282019728792003956564819968,1751670023,2025-07-04 23:00:23+00:00
VoteRevealed,22849003,0x79e4df4fbd21c3a4ec37462432d7885a0f975f277b511c87723e4b089466fa0a,1751341891,,0x8e349da0c6ec06e496f145e421424d2fdfe9c97a,-57896044618658097711785492504343953926634992332820282019728792003956564819968,1751670047,2025-07-04 23:00:47+00:00
VoteRevealed,22849005,0xf9ad9c633b0ce04ba1bd377e50905e147e10a5c31a4aa334c84a913d62ec035f,1751341891,,0xfc204fcfd2a579157898a212ea25ac98de2b1e1c,-57896044618658097711785492504343953926634992332820282019728792003956564819968,1751670071,2025-07-04 23:01:11+00:00
VoteRevealed,22849149,0xb9c9a52bdad8535e9ce069ee513ef7c8ef873c2e54440891e3f87cb4075d86fd,1751341891,,0x74e4aac1ff7105ee7c23f240e78e9820ec3d9053,-57896044618658097711785492504343953926634992332820282019728792003956564819968,1751671823,2025-07-04 23:30:23+00:00
RequestResolved,22849299,0x35cdca257e7da1e676d3c0221c726cf1a06693a6b64144c2cbf3f5e044f8f681,1751341891,10136.0,,-57896044618658097711785492504343953926634992332820282019728792003956564819968,1751673623,2025-07-05 00:00:23+00:00
RequestAdded,22849896,0x6bb015084bd6610782a1f8e7eb766f063cec7c57ee9414485e16e489375fd63c,1751675358,10138.0,,,1751680835,2025-07-05 02:00:35+00:00
VoteCommitted,22863600,0x7b7ad9729058434f87d4afa5152e2a2440a246de219abf04291e4ac952fea569,1751675358,,0x9c1f9b97cd995a9c0cf0ffe20f4d2f5e9c830c09,,1751846447,2025-07-07 00:00:47+00:00
VoteCommitted,22863609,0x70a02c8d82b35864a62362a3fa37b0d6f8a1c2cde6136f33578557d8a40caea8,1751675358,,0x9860d7309039b9a44b1df878ed4484133a881316,,1751846555,2025-07-07 00:02:35+00:00
VoteCommitted,22863621,0x30cef432639bd64e5bc42e5f75e776fd60c3d61cdf923cf951cc79e50d7bf32d,1751675358,,0x5a9496b8341329fc1fdd7103a8e98d8ca5df97ee,,1751846699,2025-07-07 00:04:59+00:00
VoteCommitted,22863634,0x5684fe996e62abc8382db441daaa70d70f9e917e6e508752cb756a87696cd2c3,1751675358,,0xefbc103259b500ebe6408fc7c91535b0e158e22b,,1751846855,2025-07-07 00:07:35+00:00
VoteCommitted,22863638,0x1a9ed9b6b9f7eb146c7c27c40637ebc1d03fd3fe323476525cbc08ba2711cae6,1751675358,,0x0b5ddda89a88416860254eb326b3691ffcce4832,,1751846903,2025-07-07 00:08:23+00:00
VoteCommitted,22863663,0x5d1e73ec6feaba08793f80b69ea6a9581912c43ec9ee8553503fc2f6299046c2,1751675358,,0x601f1c1df1a415965311b6841d8e8eda42697eb5,,1751847203,2025-07-07 00:13:23+00:00
VoteCommitted,22863677,0x56f104dc1255fe689e50419040ad780ec6330afdbabb77a73271376eb178c0e8,1751675358,,0xe3213b7382b5b0ff61cfacfefabef72982a4d544,,1751847371,2025-07-07 00:16:11+00:00
VoteCommitted,22863695,0x1e3092ecc2e313d8caf965c11bee3bd76ca12009bb47831caf3a37366cbf5538,1751675358,,0x52b88b1f9e4b0e8b3738c2f4ad0eca5b73ab31f9,,1751847587,2025-07-07 00:19:47+00:00
VoteCommitted,22863703,0x9187ec327600130a15db5abdc029901b135248910b382081fbf4ff4593276fd8,1751675358,,0xab0ca0d1238f6f21f725f26473e06d99bdb58b3b,,1751847683,2025-07-07 00:21:23+00:00
VoteCommitted,22863706,0x13747d28c9951e40a7d5708adc111eda0f7379093df121c9b1d22007081e1f62,1751675358,,0xaa9250b551138b721bcb59b8a58b6c56bbb5d14e,,1751847719,2025-07-07 00:21:59+00:00
VoteCommitted,22863724,0x27ae249fa82a142a9f535253bb24268ad544f8bd89ae03aac09f0eec9505efe3,1751675358,,0x85aff271be678afcd5214ad46b25a1dafe5bc2d4,,1751847935,2025-07-07 00:25:35+00:00
VoteCommitted,22863750,0x6e5290deed780831a375266e5fd71a4a60050e6ed5bdce3f5231e4106302f42c,1751675358,,0x9e43052ffb31e82b13a57079bdcf2c731d6cb563,,1751848259,2025-07-07 00:30:59+00:00
VoteCommitted,22863757,0x2abd046cebfd0b2c7f0284c20a7aafe9b0275aa6c22e74911d9cfac40537a3ce,1751675358,,0x86cc5e1e8fb20102fa7a0fa4afeaf1cbe1be273d,,1751848343,2025-07-07 00:32:23+00:00
VoteCommitted,22863770,0xe25d48f5e1c5296232b30e6d6256a996f5c8a051dc2dc7b7465397a23d8d2596,1751675358,,0xf37e6dca8d54f044049e0b2431e7f8fb25b70cae,,1751848499,2025-07-07 00:34:59+00:00
VoteCommitted,22863772,0x88c882ba45d822a5f42be89f43daf04159f1db87e0d9ba92369449d2d9676758,1751675358,,0x25f734b54075884ff3ecf27bd7bf17de3a8f4e44,,1751848523,2025-07-07 00:35:23+00:00
VoteCommitted,22863794,0x77f283ce70845c3f2af86826ac7396d779d9a54d7ac2131c543d8c59c56b6e81,1751675358,,0x2bc111bd8bf402c65cd185bab460ae9ecc9aa7e7,,1751848787,2025-07-07 00:39:47+00:00
VoteCommitted,22863800,0x76053d2acc5e8ec59c29a4b96030d6b773f99e935601a73419bbcec0a3a0765a,1751675358,,0x2488a154ca8e174bd3bb0648d19f24855d587238,,1751848859,2025-07-07 00:40:59+00:00
VoteCommitted,22863803,0x66c02ea5ff00ed42bc9c95f1a032cb9519b0d0bc95145e533bf42b45afeb8b00,1751675358,,0x56d769f02e20c6c416d6583879403181e0f37226,,1751848895,2025-07-07 00:41:35+00:00
VoteCommitted,22863807,0x4757bb8e87fc39213ffc75f2461369f193b7842779b0e6c325f962ef6ae83f11,1751675358,,0x6c314af837367aec15505e8d0991377250877d98,,1751848943,2025-07-07 00:42:23+00:00
VoteCommitted,22863811,0x052c963d033b91c5ef4ed04994dc4518b09e3253dcfcdd49cf2f5ef0fb9b67b1,1751675358,,0x5d547923774921d7938349c1582239d19d5ccc4b,,1751848991,2025-07-07 00:43:11+00:00
VoteCommitted,22863823,0x2af66ffea7527f3063ca4fa770399a85879c946b052beae26548684d0cd8dd8f,1751675358,,0x336b9de28d67d692c31df93a9b8630b2fa50d88f,,1751849135,2025-07-07 00:45:35+00:00
VoteCommitted,22863853,0xd6ebd7c53cbbeb4887a7d940a1d192ba5daf63e235274a4fb4b072fde410d6ce,1751675358,,0xf548bcf569fb953bf4f9dfbb67267d5824c8da63,,1751849495,2025-07-07 00:51:35+00:00
VoteCommitted,22863859,0xe5f31d0ff38d4cb94ec54b01bf16617190ca55c8f7f582e615113df398100862,1751675358,,0x8548682e561668a51f99124d998db97ff326e67e,,1751849567,2025-07-07 00:52:47+00:00
VoteCommitted,22863885,0x664671a058815f59dd39236755c59a2b17053fe608825c28864e7ee3a69c501e,1751675358,,0x49b3fb1b5e6c6ae2a0f15de68f73f9e5cf99bd78,,1751849879,2025-07-07 00:57:59+00:00
VoteCommitted,22863902,0x33b14e6c30977b3a76b1e07ef76d26185b998747648124000f832d6028eedbd3,1751675358,,0x09397d66b46a796ddb4cd7d340e3b063ab89befb,,1751850095,2025-07-07 01:01:35+00:00
VoteCommitted,22863908,0x9d334982157ce527cbec796fbcbefd0e2e16aca50ae2a100b180dc30b047e9f6,1751675358,,0xd8e492ede29fb17f9910ad12054047a4c5af9d15,,1751850167,2025-07-07 01:02:47+00:00
VoteCommitted,22863998,0xde422dbba6899d71dbad58ee299b9b04a9911f902c664d2ee909af5eadbc707e,1751675358,,0x7a409cffa9257d9de043a98a2034254eff7cbe8a,,1751851247,2025-07-07 01:20:47+00:00
VoteCommitted,22864039,0x750336a53666d90cacf70f7bdf02c80414f82fd55374ea8722711fe01890ef57,1751675358,,0xbd9d10d381abec81d8c35b6032f44b7abc7a98eb,,1751851739,2025-07-07 01:28:59+00:00
VoteCommitted,22864076,0x4ede42fbeb4fc9e981256606c4f2b5537b76ac1aaea6b266ea43d930deb1ef60,1751675358,,0xf7665c8ff099c5ff87245615ea4ed5374bdb392f,,1751852183,2025-07-07 01:36:23+00:00
VoteCommitted,22864088,0x6a0cc8d50a89ad4607a2102a021fb9c82119f17908dcac01b15e2b4b23e830f6,1751675358,,0x349ef0f01d64b6bb96f3d2fde895bee5ce745168,,1751852327,2025-07-07 01:38:47+00:00
VoteCommitted,22864124,0x5b74a15930d72c447f005b0c43d6b44a0534466cb745cc7d0e8d35b3e21a473f,1751675358,,0x0afc9a935960948ed35e50ac7639cbb38e840b38,,1751852759,2025-07-07 01:45:59+00:00
VoteCommitted,22864166,0xa175725c9acfe175460a92888fd3d699ec42014503fcd5143bc4733b8d0f8a6e,1751675358,,0xdf505b8811c4cd09c40e1c02e908d6fe36c2ffda,,1751853263,2025-07-07 01:54:23+00:00
VoteCommitted,22864228,0xbaecdb662d54c7293222743130f9b4fafda2f36971c7488f5e32021cd2b1d215,1751675358,,0xb538544c0d0971dc6cdcc17a1ac50a02bc0a8b0f,,1751854007,2025-07-07 02:06:47+00:00
VoteCommitted,22864280,0xef4f17bf29fcc6090bbafc45169909ce6d8a5f753be78621e9aa3a0fb6d07269,1751675358,,0xa9b0d5c5e012cb47dd473fe3cea272b5f716c344,,1751854631,2025-07-07 02:17:11+00:00
VoteCommitted,22864280,0xe56d4cd5c950c2bf46361d27bb4475a1a100788de94778230c4674bd9bb927ff,1751675358,,0xd2a78bb82389d30075144d17e782964918999f7f,,1751854631,2025-07-07 02:17:11+00:00
VoteCommitted,22864296,0xc71b70635b5da702c60e9dbc3dc03b4c01704764e2925a9c8d5354f18e864d53,1751675358,,0x2dcc90b75e0569e9e33e4c40e526d572fb25f94b,,1751854847,2025-07-07 02:20:47+00:00
VoteCommitted,22864317,0x382ed2390003fc98a86508b67b6a34bd93edeb17c09b3ee62c94e3bd56473bb4,1751675358,,0x393950505b160607f40d11ab956c9406dbe6e4ce,,1751855099,2025-07-07 02:24:59+00:00
VoteCommitted,22864442,0x7dd8b3fd1fa9622bb8a059d6889e25e3568f71ed7bed847b8562685e6f55489f,1751675358,,0x7baa3b328603535006d76d7b80af7260fd8a946a,,1751856611,2025-07-07 02:50:11+00:00
VoteCommitted,22864469,0x4451f82043386eb056f32b82f4fa85bf71e70275b758cd964334360075452e18,1751675358,,0x8b64673c9a482913a6e2c1298637532947cd96ee,,1751856935,2025-07-07 02:55:35+00:00
VoteCommitted,22864502,0xe04be38d0ac83db25b4b50e0445c631a63c7483b83158917460a046a26ae46c9,1751675358,,0x0f442ba0a429e358ba4e17de1b0b4fa6181760dc,,1751857331,2025-07-07 03:02:11+00:00
VoteCommitted,22864552,0xf50306373c1a12d5c962a8353b36a5e52e7b0a576cfd0af9c0d7258d2f33e6a2,1751675358,,0x96515887aeba5b78f61d16c2543b44259829a2b7,,1751857931,2025-07-07 03:12:11+00:00
VoteCommitted,22864570,0xc9ad66208e9524bf4d4438cd43be8199397a4777001c4285ed7bbd6550d07da9,1751675358,,0x126db3213b309a8d554594e591e614425ccac78e,,1751858147,2025-07-07 03:15:47+00:00
VoteCommitted,22864572,0x8a40f22f9b654dceacdbc039d3a50433fee631abb4d4a80eb0472bc4ebd867dc,1751675358,,0x4ddd9af5f091a11438f3c4f618f1257d6d660cb2,,1751858171,2025-07-07 03:16:11+00:00
VoteCommitted,22864595,0xec191698c286cceaee09549562f42ab1714afa549ff7bea1413d94c804da2fb0,1751675358,,0xcb8c77837f470053f91e1e288cac223118c69937,,1751858459,2025-07-07 03:20:59+00:00
VoteCommitted,22864614,0x60f300ee30c681b7df091dcaa692e6477f9326a6bc6c439941ab43d88ab1b2f0,1751675358,,0xe5e7eb7b5e89866a6d852f55bfe363efd50d2f19,,1751858687,2025-07-07 03:24:47+00:00
VoteCommitted,22864622,0x6c7414c9fd7245ba9bfacb1fe4208a65850d667455ba69c3790440c7fa3dec7c,1751675358,,0x47a40a367b3298be3da3bde3994c5342e26f368b,,1751858783,2025-07-07 03:26:23+00:00
VoteCommitted,22864629,0x9ba3e79637da1a9ac4f595eb1a1b94d4aa7100290fc116930697bb23d02f8a32,1751675358,,0x5ebc1d2809f4dfca9cb518efd2307fdffc36d55d,,1751858867,2025-07-07 03:27:47+00:00
VoteCommitted,22864633,0x5a5eb67e0920d40617094c545b260a14995747a43fb11995cd41011fb8c96ce8,1751675358,,0xb67a6e67072025c1db86e552dc17f7bf9c296122,,1751858915,2025-07-07 03:28:35+00:00
VoteCommitted,22864674,0x10dc329efe0d769074a1c80eea364f8742a7b25ad438ff6b20ad20db368de320,1751675358,,0xb73812cce6f5cb7ada40a134b4b16aefbdbb9472,,1751859407,2025-07-07 03:36:47+00:00
VoteCommitted,22864700,0x225556bf2f2f39abfa4ceedd56a486905a6a2e057a2ea2762312b5c98629f547,1751675358,,0x3e1b1a4a8fba26e80f4678d3ea3ac1daca78523e,,1751859719,2025-07-07 03:41:59+00:00
VoteCommitted,22864722,0xacbf3b7cb028decc648a058f03ede8606eed8dd6e03035a296c247ad5fa0957e,1751675358,,0x374585bfd5e03868ceb23aa159c4f63f0c2f650e,,1751859983,2025-07-07 03:46:23+00:00
VoteCommitted,22864731,0x0e12cdcff53c406bab061b5f8f6298e5d46561a79ba7cfcaaeef424b1456a492,1751675358,,0xf8e9af3a84d29678a26f08048dd206ad10cc6fe8,,1751860091,2025-07-07 03:48:11+00:00
VoteCommitted,22864785,0xbedf75c1ca08c7b95c099225e754f36c125906387b3a6102bc2adb79747ed396,1751675358,,0xdb4d5a3e683df965ce509ef191d979e77543bb4d,,1751860739,2025-07-07 03:58:59+00:00
VoteCommitted,22864787,0x7e0f7b82708fc6cbdfa223cc306acdafc44f65feaa7daccea0b2252871ea92bf,1751675358,,0x37c5db6f455f1cb3274ebe67582c92d04c4f6545,,1751860763,2025-07-07 03:59:23+00:00
VoteCommitted,22864800,0xd14f5dafba486b94de2249ecdc20ec225fea31b92126e6b48b908ef50a7fa1c2,1751675358,,0x93a692fe5477902c3cf5f6997c1cf59a3712ced4,,1751860919,2025-07-07 04:01:59+00:00
VoteCommitted,22864804,0x0c71c518b2734ce65b6807c044ce509e403c4323154348c358056f21bbe15184,1751675358,,0x5f4f59301e46bf6f6603a8c4cf826bdac70339d1,,1751860967,2025-07-07 04:02:47+00:00
VoteCommitted,22864849,0x8353b87776e41fca530e14272d0fb614cdb097479416cb5c0a9925bee0874440,1751675358,,0xff0778459d97530592d001230686e9206341b8cd,,1751861507,2025-07-07 04:11:47+00:00
VoteCommitted,22864937,0xace53fa38e15879b5188786a270ce0d5c65bc9a52ef3bae6d0180fcf6a9d4c30,1751675358,,0x95cd0e455cf41e9f8cca8eee488432f3f10f29b8,,1751862575,2025-07-07 04:29:35+00:00
VoteCommitted,22865031,0x78a242879b2b5197975a1539d3132a10c3385f859b87846f577d4ed40b0f3a20,1751675358,,0xa2e5dbd496e25a194a11fc3e4ad5ada199e827f4,,1751863703,2025-07-07 04:48:23+00:00
VoteCommitted,22865051,0x5bc5eb89a1e2d388b19363572a0971ec623d391a56217ccc965135104c11414e,1751675358,,0x8a201ce886655ebae964857814e52222f0fd4be2,,1751863943,2025-07-07 04:52:23+00:00
VoteCommitted,22865080,0x97f2bfc7c37e85441c853e5741281efecc64006451ee2e010309e68c7e6da493,1751675358,,0x9baf193cbca6267a4d1f76be78a49b52ef960a44,,1751864291,2025-07-07 04:58:11+00:00
VoteCommitted,22865112,0xf3b5bc0a671b4fec37c59244b0b10f12cd6036c76711c6d2dad6352b6acdc5d0,1751675358,,0x3172aee5e0b47bb23e87db93327f58e06e6a73b6,,1751864675,2025-07-07 05:04:35+00:00
VoteCommitted,22865147,0x58b6c0e01aed434b2bd04a53e2959ddcdd9b6d70bf76c50cdbde22e7dde579af,1751675358,,0x8c4809d3ad6b05ee765b36807d7c6c6b3782b938,,1751865095,2025-07-07 05:11:35+00:00
VoteCommitted,22865217,0x13d9c4a289f8a63e3f69516b633dc1bc4782b53abb7549afd6a435d38224ab56,1751675358,,0x3d59beb57234581028c4285a0b215c08bc53baa2,,1751865935,2025-07-07 05:25:35+00:00
VoteCommitted,22865234,0x4570b98a60efa38f9befadbacc591f0e2d2a646cc1bf0dc094ec61b46d176a70,1751675358,,0xd8d7bec7225b074f11ffc11ba47f56e96a35d24e,,1751866139,2025-07-07 05:28:59+00:00
VoteCommitted,22865300,0xcaf58f0b9a2a0c71d584d32cc7aba49b9c27a2016367f017e90603d783d05697,1751675358,,0xdf67cba8261c6d8c15c735009f61e2cc9f852de3,,1751866931,2025-07-07 05:42:11+00:00
VoteCommitted,22865335,0xe6b77941c94c8f5e3962640817a0fac789d35179ddb13f35b022049535514177,1751675358,,0xa85160a81da205ae57f6d55f16c9c43d773c7438,,1751867351,2025-07-07 05:49:11+00:00
VoteCommitted,22865341,0xd8a401661d8569580ed1bd57f65ed17f7966e5a98da07daf52a5036e172d8ef4,1751675358,,0x36ce63c738971b948cf0afb842b7617254c15bc0,,1751867423,2025-07-07 05:50:23+00:00
VoteCommitted,22865346,0x7a568000152bbb589c7e477b83b0ef66195719d808d40a773c6da67bebcf38eb,1751675358,,0xaef6a3580a365c524a5bc9aabeb2a13c2a1a7b7c,,1751867483,2025-07-07 05:51:23+00:00
VoteCommitted,22865368,0xdfebfc648590fad888eb035d75f95bac038c7a43bbed58863e9ac3ee288eb204,1751675358,,0x34d4dfcf6e0b23a891bd9f076a6ef7dc3acf6ab2,,1751867747,2025-07-07 05:55:47+00:00
VoteCommitted,22865369,0x6d40dca07839988c6500769317e9f5b29a78d60e945ba543f016ade72e7ac621,1751675358,,0x449ff548206132b1e0df2ed9da4f9de5c281d1c7,,1751867759,2025-07-07 05:55:59+00:00
VoteCommitted,22865374,0x7f905be232281ae8dce5f256e18067261bd11ed47eb151756a461aa60183d9b6,1751675358,,0xd521cd4f0205f0afbf427610cdc4a15736e57329,,1751867819,2025-07-07 05:56:59+00:00
VoteCommitted,22865379,0xa040ff32b424afab68b8ad71766d3aab2fd8f31f6fdc9a1e4a0fa8f3f4225cef,1751675358,,0x785c24d44e9246fbd2980f1cbecbf24e9e4b2de9,,1751867879,2025-07-07 05:57:59+00:00
VoteCommitted,22865394,0x0070fd6e434d2ce0334abe5bd84339fb168abf4a9b606e6720a58a9ddbfaac19,1751675358,,0xc9e8233c2c5476cda4f96595bbb3a9d117168df5,,1751868059,2025-07-07 06:00:59+00:00
VoteCommitted,22865441,0x9c59439d458047813300c017fb087e3f89e6a1d761792f65c6740d21cb73e87e,1751675358,,0x4f49d938c3ad2437c52eb314f9bd7bdb7fa58da9,,1751868623,2025-07-07 06:10:23+00:00
VoteCommitted,22865485,0x4a70abcb4f9b3cd0c024ffc6e5f77eb7e19d643732eed52b2f72bbc611308d58,1751675358,,0x3b9ffd4ceffd768df16d79e7492a1bffd087c44f,,1751869151,2025-07-07 06:19:11+00:00
VoteCommitted,22865497,0x1f29be0729e44b9165770a5223fa0f9d7d129bd01d41f0e7363973f361b9f2bc,1751675358,,0xa8b8f0b17ed13a3663a8e3f169c42464adddb984,,1751869295,2025-07-07 06:21:35+00:00
VoteCommitted,22865614,0xc84bd5c56389cd86738d1e31ee1c6bcc2f356b5b369b2562a2d7d9c4a5dd6df5,1751675358,,0x2b379bfb86e900fe8f3a1434ee79097aa5b883dc,,1751870711,2025-07-07 06:45:11+00:00
VoteCommitted,22865619,0x81ed7d453f22f5e5447e3d677648b913fa1221e4008da329645e7ad25d59040d,1751675358,,0x4be80a823e619ef57a61cc19b6bfb72974df0604,,1751870771,2025-07-07 06:46:11+00:00
VoteCommitted,22865624,0xf6ed88aea603263e37fdfbdaf7368758dfff5df5c408eaf23552eb2f6bdd2267,1751675358,,0xf0dc67c35b934a47704f5bcc1851398f57c7fe78,,1751870831,2025-07-07 06:47:11+00:00
VoteCommitted,22865626,0x5ed43a9e70c694004f92486a531ecc331c3dcb01379cc1ae1e4aa5604b569e35,1751675358,,0x90daea825e9d43043c05725a4196382b881b1a73,,1751870855,2025-07-07 06:47:35+00:00
VoteCommitted,22865709,0x615689be561276d16b90d38ae3c1070ecf378082522b8941a5ca2b207ccdc38b,1751675358,,0xe6b5a31d8bb53d2c769864ac137fe25f4989f1fd,,1751871863,2025-07-07 07:04:23+00:00
VoteCommitted,22865731,0xdb4ac78a14b31744a4504d8598f5e35d2395f7c3d7223a1efe8416725204e27e,1751675358,,0x5071e6d385f584b5875166563c1670460905ad7b,,1751872127,2025-07-07 07:08:47+00:00
VoteCommitted,22865737,0xae114cc8925f4a926b43352f8805c0076b2de38f3ed9015f98c138fe0b4efa31,1751675358,,0x69d0341d380a1229f4751a0a721345dbc716586c,,1751872199,2025-07-07 07:09:59+00:00
VoteCommitted,22865741,0xdac651a657ca28a8587ffeb146f986eff125766d090b66f3c5d494587231d716,1751675358,,0x20271ec8650e0990201ec5c785a5f3e8b51850ff,,1751872247,2025-07-07 07:10:47+00:00
VoteCommitted,22865758,0x7d0c121b50a3e6653805ace6ea763864d0845fc8dfd74e06d4ab82a73128d734,1751675358,,0x1a0d30c0d36ec7fbd1082ce54443acb68ddaf351,,1751872451,2025-07-07 07:14:11+00:00
VoteCommitted,22865763,0xff1879e614fcafd054e876351a81f57f21a8b90d7d35f54c05c3b02a718877d7,1751675358,,0x9fdb970aef60007fee4ea132b5f4ebc376740aea,,1751872511,2025-07-07 07:15:11+00:00
VoteCommitted,22865767,0xa74d222569d0c1584610181c873ac4d58a6344cfd3752b60833574ff60adb703,1751675358,,0xc3ac3355b2686fa503246a92e34d0b7261b39d6b,,1751872559,2025-07-07 07:15:59+00:00
VoteCommitted,22865771,0x4b3ebede78ac9dae41746c627bc5e74c67a17f80cc68a2dc9f13839ff197e60d,1751675358,,0x196f239229aae65883802b5bb512e17084147ff6,,1751872607,2025-07-07 07:16:47+00:00
VoteCommitted,22865802,0x5022946fe460b18f6a4a830e4005afcc6b74907473daa89782e6d98c9f4c8c89,1751675358,,0x99bcea6bb0403927fb3c038163478d5b42082fd9,,1751872991,2025-07-07 07:23:11+00:00
VoteCommitted,22865880,0xac83921003d8432244a4c1245f218ad82553aab1d29abce24164746f31f22854,1751675358,,0xcfb331ade6d66ad1cb6765a2dd51ad3aa9a1400e,,1751873927,2025-07-07 07:38:47+00:00
VoteCommitted,22865912,0xb4e508100e1fbde40ea05bf263f0261d51dc28dfba8aa31836fb93610571b4b5,1751675358,,0x3dd78bf06fdfa3aaaa87b25635a8404b15551345,,1751874311,2025-07-07 07:45:11+00:00
VoteCommitted,22865938,0x52e4145bb1878fc29a7dcf371fad85ec4cf5231c0a91865f7118b6dfbaa92a45,1751675358,,0xb425d8e29ad1c2243fef1689221b275607211d8e,,1751874623,2025-07-07 07:50:23+00:00
VoteCommitted,22865950,0xd438f8e74c128c21efb4110d5a12525f234f263581e8b608fa10bfd8c5f3bca6,1751675358,,0x1921902db1b0967762f3ae86ae0675b2b3ddefa9,,1751874767,2025-07-07 07:52:47+00:00
VoteCommitted,22865951,0xdf14e2fd3b696ae4939280670119ce70a4534d34e87babdaa2061ab833cf7503,1751675358,,0x8e561b9823d9bf7067f5f64980ae26b6b9969e77,,1751874779,2025-07-07 07:52:59+00:00
VoteCommitted,22865954,0x78b6d3fc44f1efd7c33ac7a4e7810b312909c8d723d968ca092292198a619e7c,1751675358,,0xa21cc0de85e8c75bb10519872dd3965cec351e3a,,1751874815,2025-07-07 07:53:35+00:00
VoteCommitted,22865958,0x9bdff51b6c0f925bdfff3cceb26e5fc5b10dd96ade73d54ab9094378977e1dbe,1751675358,,0x73cde0e4f0480ea6b98bfa292ea936685716af4d,,1751874863,2025-07-07 07:54:23+00:00
VoteCommitted,22865963,0xc695ae950637af6fffc08c004efa59c3bad0e4555c1826443af4ce8df2039bde,1751675358,,0xc573ddc59824f248d3688df0474805f35c2c09c1,,1751874935,2025-07-07 07:55:35+00:00
VoteCommitted,22865963,0x70a9e8dafa7c1bbf1941cbe91d4ac0e9e8fbb2fcd65aef3cc57fd9087f36c85a,1751675358,,0x2947a935212f877fdfe65598254d5ce4164132a5,,1751874935,2025-07-07 07:55:35+00:00
VoteCommitted,22865967,0x760a1a4be7e98dcaa2cc4deb8216243c2b20aad42e5576b72a8d661f6d290492,1751675358,,0xc84fac7d2f80d70b21a536fdc1fde5cb404d747b,,1751874983,2025-07-07 07:56:23+00:00
VoteCommitted,22865967,0xdfb5d1d1d57a117b4dc320f75f0db2b1556358d7c67c266d36cbfcb2bf3de1ae,1751675358,,0xacb4fa704c4a7092b3373d5c57443ed3261fdd18,,1751874983,2025-07-07 07:56:23+00:00
VoteCommitted,22865981,0xf6b295d687c0ad4cdefaab27228526502e51f30f15eefe52e3d13df5f0f0036a,1751675358,,0x50d26fcb38a279043ba075b86df912cd523931ef,,1751875151,2025-07-07 07:59:11+00:00
VoteCommitted,22866001,0x5735c77d01073832b245e0a5bb2acba2a42a16892ddf8bafb9ad5edf1ccb1e09,1751675358,,0x0b0221d279026ac38eec4e13408ba7966afb9fee,,1751875391,2025-07-07 08:03:11+00:00
VoteCommitted,22866001,0x0c07f22ac4ce8099c4dce4cda337386c7f438a2f3c2a5384c3215909ce252207,1751675358,,0x8bc1f33e91f19e0d27051819d8d8f88e29444230,,1751875391,2025-07-07 08:03:11+00:00
VoteCommitted,22866012,0x585e8a30599bcda983501ea8a491592e44acda36ac181b449e37afafb77316f7,1751675358,,0x7c9c7bb3d6880f0d720feb4fa6164bd3e49f76ed,,1751875523,2025-07-07 08:05:23+00:00
VoteCommitted,22866019,0xcae20d4e7f909098fed09b3802ed9953a7faecb0ecc67139888225c0965eb1d9,1751675358,,0xf0259b01bf6dc0aa12b8d4483fdd7f6290fcc7b1,,1751875607,2025-07-07 08:06:47+00:00
VoteCommitted,22866019,0x91759e73ce9c1bdd595160c7379e6d315d29b607f2e9888e66cbdce2c4538b05,1751675358,,0xdb2808ed6cf0b8b9686222689cf4f6e88e42b80a,,1751875607,2025-07-07 08:06:47+00:00
VoteCommitted,22866025,0xbe472c4048674687ddeeeb53b265e7d0ba46febb86587e226af7765c89c65f61,1751675358,,0x76cc3f2fb3f451bbeed11bf9f64bb35f43438829,,1751875679,2025-07-07 08:07:59+00:00
VoteCommitted,22866053,0x845484f660dbec56c151044ab0cc636f9186668b15d58a6878307a144e229011,1751675358,,0xb36268588ed030b4d8fbb22a0b4ecbad1194e683,,1751876015,2025-07-07 08:13:35+00:00
VoteCommitted,22866057,0x54f19bac574471723a7b55d42b11dfbf69f4e0ceb0fa2690d03b63477d8982f8,1751675358,,0x8a74781b294238d74f86b0cdfd4ee7b1dbe55d7d,,1751876063,2025-07-07 08:14:23+00:00
VoteCommitted,22866070,0x94432020964d726062b69a93689d0070108746c85a283da07079504faccad574,1751675358,,0xac880a2568c6f5719ad59c8ea3bc11a910775757,,1751876219,2025-07-07 08:16:59+00:00
VoteCommitted,22866077,0xf5fbf7b9477c9751d63a7ceb70ed2c66cdcede396c9bb2c5ab210ada605079fb,1751675358,,0x074f2ccfb2716fc8b6ac579173f1aaeb1f759d52,,1751876315,2025-07-07 08:18:35+00:00
VoteCommitted,22866098,0x1813395fc2626249cc40fb3a9a8c610b6ef7192c32d1f49bacb9e9c2febb973a,1751675358,,0x5b01ce79d8b3b793da3be5e27de3a767f1a02ed2,,1751876567,2025-07-07 08:22:47+00:00
VoteCommitted,22866104,0xefeafbe275bbf0ecc5c2bf1517f86996d692c9f10a747c38cab9b9054265ee73,1751675358,,0x910144b369ed067f8a2ea470ebcc2fdb31c0dd9f,,1751876639,2025-07-07 08:23:59+00:00
VoteCommitted,22866122,0xbb7abc3cb0e88824d2eeeb3c6894a47dd6a0bfb3c860a7bc506264a88d2d0440,1751675358,,0x0fad7fcb19f3ebe9402bf0623d7ed0fc4f1def15,,1751876867,2025-07-07 08:27:47+00:00
VoteCommitted,22866125,0x61da41bad1eb3165b70608ebcc453412b0330d857ec88072ceddb439b4d11c59,1751675358,,0xf5df7a18df35da5ecfff6d55bcf920e3d8f6d5ae,,1751876903,2025-07-07 08:28:23+00:00
VoteCommitted,22866132,0x065169639129361bb0567a987fe30bde94fbbd27e802f664b9a307b3c661ab0c,1751675358,,0x92d76b5d5ee767a4a90719a9a910936dc4006fc6,,1751876999,2025-07-07 08:29:59+00:00
VoteCommitted,22866136,0x3a4273dd06d637a1a98e8728cf649f7ee91ff31f6b1f3b6d7c9307e0721d0208,1751675358,,0xa89ffd4063866481f3da231bc2ccf88def15b642,,1751877047,2025-07-07 08:30:47+00:00
VoteCommitted,22866150,0x60918a7a350d657922329ba981b583b642d0b1f8b383f4363882c9653f789ef8,1751675358,,0x7d8aee804bbad88d0081115adc917f5d9bf6388c,,1751877215,2025-07-07 08:33:35+00:00
VoteCommitted,22866154,0x627bac989b02845d1d5be2dc46cda3b5236ec99e991f3a737077b5a3bc07cb89,1751675358,,0x06ce05db7d0a4539b3ec2fa6b81dfe11a32120ea,,1751877263,2025-07-07 08:34:23+00:00
VoteCommitted,22866172,0xff8ae64930b057b43fefbe9496bc85c2232bac696337588dad069b1163e4a673,1751675358,,0xcc50808a98ab15312361ab4837f412b2d9cdda38,,1751877479,2025-07-07 08:37:59+00:00
VoteCommitted,22866177,0xac327ec2a73235182d094bbcf44fae9bc7cdd551d8ef31d7d4656d847216e163,1751675358,,0xf1de794ecf521ed64bdd4dd55308361511f87990,,1751877539,2025-07-07 08:38:59+00:00
VoteCommitted,22866187,0x1e00ee0f83b743112ce239bdaeaa533e06cd111bd44b35a8533c960451b18565,1751675358,,0x90b979c9e90ec5d5246dae6be32acc451edd2464,,1751877659,2025-07-07 08:40:59+00:00
VoteCommitted,22866211,0xb9ca974b6c96c3b044a8b751e4a520f7b545c2329e1d557ca13ff40fca055011,1751675358,,0xbd4b2b116ef87967f8d682195023313a00c7287d,,1751877947,2025-07-07 08:45:47+00:00
VoteCommitted,22866292,0x7b016713cde6ecd535c458f5726e10612392ab0299ace7809904948869b9ae1a,1751675358,,0xa7b9d5fc54eb3ffe1985a10e28d045a9b89487d0,,1751878931,2025-07-07 09:02:11+00:00
VoteCommitted,22866298,0x8ead0257bf7f9d04a5b97ffc90660878d35be5cda3fe4e6d801e636e900e05d8,1751675358,,0xed3aa99bb1c5215f619d01030ba89166997d54fa,,1751879003,2025-07-07 09:03:23+00:00
VoteCommitted,22866350,0x7f0dfeca48e8409911c43a5711d22aea018b74b00cebf9b79aebe5b3f26ee0a9,1751675358,,0x95afe39b111176629ba6ee5f2c1c86ef973226fc,,1751879627,2025-07-07 09:13:47+00:00
VoteCommitted,22866357,0xf23061829d7eef98d31edc73bfba9c827cf0b4fb0e648e875dc637d0ecee162c,1751675358,,0x28ec3b46262c614df6d5a3ff2726c9746f1d1675,,1751879711,2025-07-07 09:15:11+00:00
VoteCommitted,22866414,0xc2eeecd7c710a5a2628745fb21adfd962f88ea61621f3aa2b4568e9a728d3600,1751675358,,0x48c7e0db3dad3fe4eb0513b86fe5c38ebb4e0f91,,1751880395,2025-07-07 09:26:35+00:00
VoteCommitted,22866486,0x7e8b48c381121fb6516bfd3f9d38226f42cd949eecd550d3418b31a273f66f5a,1751675358,,0xd431b7c1433fba9a5aa5330e5211f4773b95e9d9,,1751881259,2025-07-07 09:40:59+00:00
VoteCommitted,22866506,0x82dbe91e6f63ab8eb5835924000c3a79facfcb18e41500b30ea03f89a5d49868,1751675358,,0xd0d1a896f20aea70e57cf37e1ca30e9c7098494d,,1751881499,2025-07-07 09:44:59+00:00
VoteCommitted,22866657,0x8851cd1da9829c2c20958cae8c1cb8970908cd6c331b3609bf1b094e36a62c46,1751675358,,0x3815dffee4dd2cc09ff7366d01703b07e0cc78d9,,1751883323,2025-07-07 10:15:23+00:00
VoteCommitted,22866714,0x8094e29ea935d4d22b65c0fa28bd2c9ce22259dfd1996a8f3f9c3664d6486dac,1751675358,,0x4fe9a8e560ac0b2ce3627a3ef41cb7f97a27defe,,1751884019,2025-07-07 10:26:59+00:00
VoteCommitted,22866721,0x122f327b58678507d1d38fbbd4486dafce21de03bf156b306b5d607373514010,1751675358,,0x42d1e0e948c9ff0e756ef9cee00984c0a5561ea2,,1751884103,2025-07-07 10:28:23+00:00
VoteCommitted,22866808,0x6eb2c5ff62cfc0118abda1b200dd35f6fc97e0dd3739a7651de46907926133cc,1751675358,,0xc60aa5a87d580b3181aef33a402d88bfe705fea0,,1751885159,2025-07-07 10:45:59+00:00
VoteCommitted,22866813,0x22febe68a2302bb9726062285088401d0a1a95370f33aeff83087f8ea3bbf265,1751675358,,0x8e349da0c6ec06e496f145e421424d2fdfe9c97a,,1751885219,2025-07-07 10:46:59+00:00
VoteCommitted,22866817,0xf2a82f9bb9b0061d85af1e88d59e07f43ba9af2fe56deb90c76fa43b83fd26eb,1751675358,,0xfc204fcfd2a579157898a212ea25ac98de2b1e1c,,1751885267,2025-07-07 10:47:47+00:00
VoteCommitted,22866936,0x34f60f36966cc8ede263105f28ec761fb2c1fda61652900f1132036e01cd1dc1,1751675358,,0x18fee6e511646b8ea2e4964277574f637bc03f3b,,1751886695,2025-07-07 11:11:35+00:00
VoteCommitted,22867035,0x2ff0cbb5773055b2cafce9dee7cab6a3eaf07c698e23c20ba45fa557906000e6,1751675358,,0x8a81159203b1be1d07f169836db0b6bcf64a49b2,,1751887895,2025-07-07 11:31:35+00:00
VoteCommitted,22867050,0xe989af4d0b4fd2302255b572a5271a5ba5caa6c01875f8f938db5db18929c701,1751675358,,0x6c8735e11e3016f8aaf66bbc5ed5938d129dca76,,1751888075,2025-07-07 11:34:35+00:00
VoteCommitted,22867078,0xee9bc93885f4a94241b10feba3a41fa74708d2da0972acbc5a00d864100bb3ab,1751675358,,0x6573e30ee0ad46bc9afa0c2adb0d3f147d658efe,,1751888411,2025-07-07 11:40:11+00:00
VoteCommitted,22867116,0x5214fad34d405d9d20a23c8846026d49a8bdc284e3fc5ef8efb091e3c3f257d1,1751675358,,0x3b45e837ce844cf6c25459aba5b9c2d6ea023008,,1751888867,2025-07-07 11:47:47+00:00
VoteCommitted,22867122,0xbd60d8c38d9acf6296fd8900b4b4e2c9aba2051c7dee6847e17d5decd77f153f,1751675358,,0x24eb1c355c05439819a23dd0842d5d038d1ca05a,,1751888939,2025-07-07 11:48:59+00:00
VoteCommitted,22867247,0xb85289a5afb5a3f9268e58b42a4ed270ffeab1879825f5a17b73dd3157c5440e,1751675358,,0xf0180d4561dbaeaac3b96b7491bfafc94cea4069,,1751890451,2025-07-07 12:14:11+00:00
VoteCommitted,22867322,0x83d8b93e18b05cf8275f8e2c6eb17691d3526e2bac5cb501f65da50b10c7968f,1751675358,,0x16d12711626310b5894783ca187bdafe7aa4597a,,1751891375,2025-07-07 12:29:35+00:00
VoteCommitted,22867343,0xd8f5eb18b9e7b7df95b03a9074a38c8fa55dc6dcb4239561752ce79a484c66ce,1751675358,,0xfb1f7ed82c240c0515bb4670ec8837701313a12c,,1751891627,2025-07-07 12:33:47+00:00
VoteCommitted,22867386,0x06dfff6bf989af31fdc096377a7ce502823675860953282ff335dcf94ff52f60,1751675358,,0xf3b699d889361868d7b82c8bf41126b18ddf99bf,,1751892143,2025-07-07 12:42:23+00:00
VoteCommitted,22867405,0x99d5f5bc745f753154e4c2d8cb0e3caa7fbcd5bb24a21d2fd17961a84acf4db3,1751675358,,0xfe9309c9f3d4f5a6e514cab5f4f5a36838b59c9d,,1751892371,2025-07-07 12:46:11+00:00
VoteCommitted,22867430,0x6a6d1267fe1074ab1f90143ced247685012f632a4f010908a74281dfb6fe847e,1751675358,,0x03c2bfd2509de9b13d0124015077e100a292336d,,1751892671,2025-07-07 12:51:11+00:00
VoteCommitted,22867434,0xaaf46429b9dfe20331acfac2492a79022703ae5fdebe5137abdc0dc098e2d124,1751675358,,0x9f9a6867d9ed4630dac6d3f9c125248600df03be,,1751892719,2025-07-07 12:51:59+00:00
VoteCommitted,22867449,0x503fc0958df7a57930761bdc004509b2555113bdff14c45d118944c3d40940ec,1751675358,,0x03c2bfd2509de9b13d0124015077e100a292336d,,1751892899,2025-07-07 12:54:59+00:00
VoteCommitted,22867457,0x0102b25960d009f069dea74dd87461985aad6d2bde5d3e924aa44e7ea7ba27f9,1751675358,,0xea1e010e379f1fa9d74022c6655ebe7ed5f64f9a,,1751892995,2025-07-07 12:56:35+00:00
VoteCommitted,22867479,0x0cc965d815060485db9af7666bbcfe23dfd509e69b44d3a2ff67198956a77ed3,1751675358,,0x80cc06036fb903f0dbddb5a14d595f8fc79aca98,,1751893259,2025-07-07 13:00:59+00:00
VoteCommitted,22867488,0x88da7a03bd76fc5a796cef5b8db8074cabf5952cafdf065cd556c35057c962ee,1751675358,,0x9a4773eeee73e34e1ee0e9a64e4b7453b0b04246,,1751893379,2025-07-07 13:02:59+00:00
VoteCommitted,22867521,0x6f547a1d73f5f1668608939bfbfad4a770193e78a53652576d19850087456a36,1751675358,,0xc6c323b8b7f644897e32192c75342a1131a3d292,,1751893775,2025-07-07 13:09:35+00:00
VoteCommitted,22867526,0xe3ba1ae4efae9c362648b80ae010d0dba26fa900c96c4062fb69870770f270ee,1751675358,,0x4c0dee7fa0f6e3693abe2937111cde4b5a00ff1d,,1751893835,2025-07-07 13:10:35+00:00
VoteCommitted,22867527,0x9176f40b59ee53cb9d88f5d90c3d3230335addbce8bf8956ac177bfe43aa3cbc,1751675358,,0x7595a3964a77df4858648bbe4c6ca4a3c69d8027,,1751893847,2025-07-07 13:10:47+00:00
VoteCommitted,22867528,0x9ad2f3ff11b63e4163762d15fc7b784c2bfe29028f2ab2a316643e4167deee5e,1751675358,,0xea8d60baf7088c0c46242dd46237eca2f403558a,,1751893859,2025-07-07 13:10:59+00:00
VoteCommitted,22867529,0x6d4bdbd0bb063d525f8648153e199ba8b63b9df16675738d5043a79f80ff0a9b,1751675358,,0xde26619c377f3be82eec1ef59aad46a20681dad7,,1751893871,2025-07-07 13:11:11+00:00
VoteCommitted,22867530,0xb633971c9cb3f412c16fa7b90b17d7b5a9e8438964aa749b4c544ebab5a20c02,1751675358,,0x1cc972ff969689873f8010bdd0cf3dc30618397e,,1751893883,2025-07-07 13:11:23+00:00
VoteCommitted,22867531,0x3b7e503f8b8f6c313c4d5501d48566bada0cadbff5773610744a3fd1d71f7231,1751675358,,0x465c19bee117a1709745223bcbe14c5416b0d022,,1751893895,2025-07-07 13:11:35+00:00
VoteCommitted,22867532,0xfeb654aabebf618a1edef44a99bb19937aded62df49e44cb229a58503019b276,1751675358,,0x628023f53587a03eac809478bafe9898779a57bb,,1751893907,2025-07-07 13:11:47+00:00
VoteCommitted,22867533,0x212c7c738d9ecc3d56b8ae3bf88aa3dbf8e52841ac690c66b35cc80d89b28e54,1751675358,,0xa31c2232842e631ccb2d2e4110b356bab21e6020,,1751893919,2025-07-07 13:11:59+00:00
VoteCommitted,22867535,0xa7f5b930d9b7c7abb096b7fb17e5db0a6acdf1f729d51cba3c94c99fc0a6c1d3,1751675358,,0xe7488e7f5c60bfa81d38965c02b4cc5aa6249a11,,1751893943,2025-07-07 13:12:23+00:00
VoteCommitted,22867536,0x1dc042fe44fcb72f2d6dd394c43646a8fe3d926b0dddbed909e199c413da3c56,1751675358,,0xde0aef70a7ae324045b7722c903aaaec2ac175f5,,1751893955,2025-07-07 13:12:35+00:00
VoteCommitted,22867537,0x5803331786178d58919effd99fc6f2f9f09df3a336636d07a891fc74706a518c,1751675358,,0x2a82c67a5acc3332721b0af2739497bd893ec9d8,,1751893967,2025-07-07 13:12:47+00:00
VoteCommitted,22867538,0xeba2eae25c4fc9e3e5549ee3404f730cd704d8d3ad13cb87e3c26e60d678dee7,1751675358,,0xb48369eeba3cbca5957398a618446fb6a53128ab,,1751893979,2025-07-07 13:12:59+00:00
VoteCommitted,22867539,0x873fe0f77b6c73554dc90f0dae6da718c801944e267a7b5e76b57178123c2edc,1751675358,,0x1306ae61242615df58260ef0219aac87ac31bc55,,1751893991,2025-07-07 13:13:11+00:00
VoteCommitted,22867540,0x7603e2aadbc5a8347f4149451fad8b7592f229b67846c977ee12a92f25d91153,1751675358,,0x55e026d5c5cf81094ed8e8a6bc8191d28802c952,,1751894003,2025-07-07 13:13:23+00:00
VoteCommitted,22867542,0x6c950f00e520eb2925b0751227164e4ece1e41f378559e44985d226abdc5663c,1751675358,,0x1c80ad40014cf912545cc56fc626faf2206dd09a,,1751894027,2025-07-07 13:13:47+00:00
VoteCommitted,22867543,0xe3088d93b9318faf871c33705ed4376dcfd8538f1c8fafb81f1f8f113e173496,1751675358,,0x1a463c02cb1b6f1ea7273f41f7fa46aeec43cbc4,,1751894039,2025-07-07 13:13:59+00:00
VoteCommitted,22867544,0x493c66e3227ade79301bdc5393d129876f8feca837c7af50a3c33821e709a3a8,1751675358,,0xdc20465fc7d1fad0c1432ebc1c7a5f12a4a7021d,,1751894051,2025-07-07 13:14:11+00:00
VoteCommitted,22867545,0x9b77ee1064749ab9ef99d4c443781a127037e2654ec1fa4a86a620fe017cb4b8,1751675358,,0x0293cdbe2b126df9ccce4eee24ffe1a58cbaf77e,,1751894063,2025-07-07 13:14:23+00:00
VoteCommitted,22867546,0x33b430e2c666dcf93ca5f87d3712d315c65974a7724a8af64c274d73ef6b2aa5,1751675358,,0xe3b03d4dba836e2457007e7a6e78aefdffb11d12,,1751894075,2025-07-07 13:14:35+00:00
VoteCommitted,22867547,0x4be26ebdff768acd4ef3769dcdcde600159d0ae1a4a175f3c3ac62c11745f83b,1751675358,,0x57cbb4ca7776349ad24f2dbae8dfed2989a30f3e,,1751894087,2025-07-07 13:14:47+00:00
VoteCommitted,22867548,0x756a3ef41abe95ae2543db13deb3d6a30f568d9b9a80e81985b1236d0fae9929,1751675358,,0xbb1ff00e5af0f3b81e2f464a329ae4ee7c1dfba5,,1751894099,2025-07-07 13:14:59+00:00
VoteCommitted,22867549,0x59d6d4f41dd2780c349e3fc39e0853df147a0dd8fd26e87403888c293836291a,1751675358,,0x4821eaeb37061e3c26b2264838e788f8de06bdcf,,1751894111,2025-07-07 13:15:11+00:00
VoteCommitted,22867550,0xd52f6a7a3d052e172725fd2fd4b937cbb05e516a3c7f315df92a712bcda90716,1751675358,,0x87a726a806f48a435d8bf627678c85f26b46c1b6,,1751894123,2025-07-07 13:15:23+00:00
VoteCommitted,22867551,0x3d7dd52dcb3135e9b0aa52082145e27f0396fa1f107a91c8431dc00a532453ed,1751675358,,0x5a7c58176c6f210365d017ff360fa806c532ee4c,,1751894135,2025-07-07 13:15:35+00:00
VoteCommitted,22867552,0x06c61a9e81c6c5d7c26c4fdabb63e72fc7679e6eae7f78d56d60f93f8d474b91,1751675358,,0xc4eb54c0e23f47c3a062e74d91f9e61d59b99946,,1751894147,2025-07-07 13:15:47+00:00
VoteCommitted,22867555,0x38672615949be3f6293f011a750886728c47c7cdef72498b974f804d9cb75dbb,1751675358,,0x110f0b1faa1cb6eed49883f960808c95f609f6fd,,1751894183,2025-07-07 13:16:23+00:00
VoteCommitted,22867556,0xf91a4dbd5e8621ddb1d5e96491524172ffc65a304f435273038014306a242fbc,1751675358,,0x949758647d0390cf44a0f244615b019c2429f769,,1751894195,2025-07-07 13:16:35+00:00
VoteCommitted,22867557,0xe30d1c05c4bba653f0e059c533756e0b5110d8c256dbeca8f84e1b03b43cc1c1,1751675358,,0xf33e833707e9303d00dc045af440ed19b9dbdb10,,1751894207,2025-07-07 13:16:47+00:00
VoteCommitted,22867558,0xa23aaf2c6e613533d0f1250848ed8e5ce17dbd454999036fc29a34b9ed4325fb,1751675358,,0x578403fbd9198742cbe068d04f11e206f692a1ee,,1751894219,2025-07-07 13:16:59+00:00
VoteCommitted,22867559,0x61eaf3f55269ccbfb41f03d5dcbd1c10876a0a13519ce7bb39e6d699a001192b,1751675358,,0xcb4bb9d616f27dc84a256b768b4c393fa8010caa,,1751894231,2025-07-07 13:17:11+00:00
VoteCommitted,22867559,0x373749091cacb3f504af3db0d070c001f67c7f948038ed02a2d7dd0a7ac70f69,1751675358,,0x6e86d1f305e43dbd3d39df7c736653236fd42587,,1751894231,2025-07-07 13:17:11+00:00
VoteCommitted,22867560,0x16aec93bd82d2ca89795e7b13a57ca2c47860b2a6eacc49ccb40b406c35fe90d,1751675358,,0x6fc5b81c6c117015fdd36fdea25a9c1ec243daf1,,1751894243,2025-07-07 13:17:23+00:00
VoteCommitted,22867561,0xa940218a6a0818203f16a854d6697ab25b173ac97d5d8230f93136dd9dd6aad2,1751675358,,0x8782ad397185d119e44a44c8138036386fd932db,,1751894255,2025-07-07 13:17:35+00:00
VoteCommitted,22867563,0x90b518a23b55a215ebfa6442b712d7d0b86b2d74d31cc84f026fde10c7756bfa,1751675358,,0x519ebedcb61498e2ebabe8d8b9ff8b168fa5fb3b,,1751894279,2025-07-07 13:17:59+00:00
VoteCommitted,22867564,0xe3252e39b14aeaaabeea19f9fb4f374a4be25f8d91302c55cc53f5b9f2c1f767,1751675358,,0x992837530c9980e3db3d5ef9baf9fc3390408cee,,1751894291,2025-07-07 13:18:11+00:00
VoteCommitted,22867565,0xec4f6683434c51953fd1c2be2ec947f4cbd96057ad5cfc3432ba6a083435b963,1751675358,,0x1ab83bc391b0bdbc34ab69d02bf34f4b643c64f4,,1751894303,2025-07-07 13:18:23+00:00
VoteCommitted,22867615,0x1645aff31229eed79f094980b5d6b15088760e9ebc86a2699c4ab425dd9cdccf,1751675358,,0xfb043bbaf380a06c01750ce0a6324e38ed11110c,,1751894915,2025-07-07 13:28:35+00:00
VoteCommitted,22867665,0x9f71f268eeeed555198f0fcb3c22732f6c28b213ec885460114533cd6e6d0623,1751675358,,0xfec8d555a934e1c293039c8842a4c10bd5512269,,1751895515,2025-07-07 13:38:35+00:00
VoteCommitted,22867668,0xe64225dedb5d72abea3028d88259f0b07868907f0720a05334b4198161323db9,1751675358,,0x10494f35fc94cfb34e4dfebd99e6d665c8dfc8e5,,1751895551,2025-07-07 13:39:11+00:00
VoteCommitted,22867672,0xb253c5a37dd2975b9c22c940a9b7e94b3800792de83f6bdc2e35c86333e22f91,1751675358,,0xecaf5554b3e7acc936cf5b9f7e9173a7b85cba73,,1751895599,2025-07-07 13:39:59+00:00
VoteCommitted,22867702,0xc61643a736c550a67f65e58972b7993888180d86584f6af1a08b756baf54d273,1751675358,,0x101ae23d3cf1efc40383697a657e9d9ef873b9e5,,1751895959,2025-07-07 13:45:59+00:00
VoteCommitted,22867861,0xb8b694829b8b9f1fbe3969c7427fd4eb886a66a0b4f7a07a35eb8ef0e3167fb9,1751675358,,0x3e4ce5d976e1e0f4c7022889d6755c1ef7e9eae4,,1751897867,2025-07-07 14:17:47+00:00
VoteCommitted,22867877,0xdcbbd14ac0ddee65fe59e72eebe1e416bd3ceeb2bdcf7e8ef46567a6153edb0c,1751675358,,0x08bba63a49be5f7ee6dd58f30a757f5137d52be1,,1751898059,2025-07-07 14:20:59+00:00
VoteCommitted,22867914,0xf02d2867c1d72cc37878ef17fc98ddb533395403a2566a9427f6b68ba4ddbde7,1751675358,,0x6564c6c44ef87e3bb32d7987317869817380340c,,1751898503,2025-07-07 14:28:23+00:00
VoteCommitted,22868029,0xacd535fb14cd7bf30bc06d1243fbeda57ef554982e9265fc78afd55026c8439e,1751675358,,0xf321323cc01f37e014605fec38c1f9aa43815130,,1751899895,2025-07-07 14:51:35+00:00
VoteCommitted,22868109,0x9d2723f739e11392cc827b19d5817193e3c43cedfaff0e450932693f04487587,1751675358,,0x20ec3d7739fc8ba82014a9cf0a771b427e0b56c0,,1751900855,2025-07-07 15:07:35+00:00
VoteCommitted,22868240,0xeaa3ad39e2b841ead407c9d6d83345968b5c807872a2c1517b2f22b2e866e95d,1751675358,,0xd4c1a8c6b38aa15945023ab28a53838f29286e2e,,1751902439,2025-07-07 15:33:59+00:00
VoteCommitted,22868253,0x3609d960f511d1a05ec986c9415a191d804acaeed65a40459d53d1811dd52b27,1751675358,,0x53d0755830ed64294d3e0736b744a1c8eda0d897,,1751902595,2025-07-07 15:36:35+00:00
VoteCommitted,22868262,0xd00c7929c9f0ccb31f3eeaaed91b82579a9fb08e797a3b392e5efdd7dd8fa91a,1751675358,,0x5b7ec1ba8af4579119ae7fb4bfea36bb9b8c78a8,,1751902703,2025-07-07 15:38:23+00:00
VoteCommitted,22868281,0xf69cde916d5eb1af3677476ba0a4abe262b823fcf2bbfab39d845128b8e665c7,1751675358,,0x2021c62c6abd6274e09549adea5c368d2cc8646e,,1751902931,2025-07-07 15:42:11+00:00
VoteCommitted,22868331,0xc4b5c9a6c9a715e519dbebb25feecdf5c03c57b4aea4a5ba81f4c473dfd2ad1a,1751675358,,0x30b2daeb3757b6c7462cd0d776828f8d7398be50,,1751903531,2025-07-07 15:52:11+00:00
VoteCommitted,22868334,0xfc569becb8dfc1e25930b111cf392d1abe6e924f82e0a0caa9547d49c4ce75ed,1751675358,,0xaa9ef398f6fbcc765617a9c451b2a4e749ddd624,,1751903567,2025-07-07 15:52:47+00:00
VoteCommitted,22868338,0x3e444456bf0123826e933370370c12e85dfb2ab282bbe86275abb502c423ade4,1751675358,,0xb731ccc5f62e99ea25220bfd73c3867bb5205790,,1751903615,2025-07-07 15:53:35+00:00
VoteCommitted,22868347,0x5f742ed0617e9939dfcca581093d7500818e5991f39022cbce4b46dd602c4280,1751675358,,0x27b0fc6c4a5a0cf213a570097279a5bde61214d2,,1751903723,2025-07-07 15:55:23+00:00
VoteCommitted,22868367,0x6c5a350b3c923d9996ed26ed8d690837ab4475d7f6cb1d7ee39ad792ffc5df63,1751675358,,0xfee5be290d4a1a50caff611389ba2120a4095d78,,1751903975,2025-07-07 15:59:35+00:00
VoteCommitted,22868419,0x1e48336887bdba82d5e30cf468093c546759e1ae3ac9bfc3b98a1a63597304a5,1751675358,,0xb524735356985d2f267fa010d681f061dff03715,,1751904599,2025-07-07 16:09:59+00:00
VoteCommitted,22868467,0x24fe231b2945f3f26e3591f265b22f6e453832de701e4eb659046f50c7cf712f,1751675358,,0x6391098e7404210be5b4b67c1bb6c1bdf4be194a,,1751905175,2025-07-07 16:19:35+00:00
VoteCommitted,22868524,0x9a6e47e42a52ab61657230525491e76fb55763602405e2d53239af2366d71cb1,1751675358,,0x05d184b066d72cd42a1fe0fb880c3d4a0adbf8c4,,1751905871,2025-07-07 16:31:11+00:00
VoteCommitted,22868542,0xce495a236417bae128536c97fa56d2a1dffa67f70a8a538ad6de482ac0ad7e59,1751675358,,0xa61b950ac1f186a65c17c0ec447b5f4b05c288a5,,1751906087,2025-07-07 16:34:47+00:00
VoteCommitted,22868544,0x51b53e763081bee81cf845f2ec51a59bea939bf5935e3867328d09d8a570fce2,1751675358,,0x3abebe2bfd423dbb6357674476d44e9bd178817d,,1751906111,2025-07-07 16:35:11+00:00
VoteCommitted,22868564,0xab2526ad00eb22dd6036cae71dbd9e84f91fd9e9338ac5044703bf5f5d3d4dcf,1751675358,,0x3b7aca036d96c8e4ab02c7b40f67e76f71f9687d,,1751906363,2025-07-07 16:39:23+00:00
VoteCommitted,22868627,0x184271f048aba5fb8232d508966e3ba88e18197b788543fb661a5545be3e88f1,1751675358,,0x216ac9372dc1f80e189a3d4b92f266a3599b92ba,,1751907119,2025-07-07 16:51:59+00:00
VoteCommitted,22868667,0x14a34d3cd751e417e10e08a93e97610276cfc13d4781ffbc3602bdf436117bef,1751675358,,0xf0027afb0cfbaae582e21d96e2761b0b07bfbfb2,,1751907599,2025-07-07 16:59:59+00:00
VoteCommitted,22868802,0xb35e01788d831c5651541fdefadf5ecc455a02c2dd374a0d48430aaafc81f0d0,1751675358,,0x2d51f7645dd96bcac85a62a3affd70a419776f52,,1751909219,2025-07-07 17:26:59+00:00
VoteCommitted,22868827,0xb87d8ba343851f6720327e9005a6261d7b4f689b4933dcb436defb21df9d9d3c,1751675358,,0xf3c12244c9b1c56f8f5f44b8466c2c14fed02329,,1751909519,2025-07-07 17:31:59+00:00
VoteCommitted,22868842,0x616a88348c21c5de35f63efec147ca33052c13ddbbdf3acf1c6df60cbc544c45,1751675358,,0x6ee88c946cc0f94194242446749e52cbdbaf0759,,1751909699,2025-07-07 17:34:59+00:00
VoteCommitted,22868867,0x73bb9f2f523855773953ee3dc306a4363f88e3d485c23958d363f983abef483b,1751675358,,0x568967ab58e2da9536b8a8102f453788c7e982b0,,1751909999,2025-07-07 17:39:59+00:00
VoteCommitted,22868914,0xe870b2537b6aa203961257ac06922896d26c5311531f5e2fc12b831506b2064a,1751675358,,0x69d0a6ccb76f3f7ef96dada03b01b555e76fa819,,1751910563,2025-07-07 17:49:23+00:00
VoteCommitted,22868974,0x604ed72cb78de24d23d12ddf06e482fe167c0ce702f751801bb1b1f46a9d47dc,1751675358,,0x72b583cce10f64d9307a70d3877db05bacc13236,,1751911295,2025-07-07 18:01:35+00:00
VoteCommitted,22868990,0x2b9df975f9fca191af04168d71f3f6a8d289f31f41870d98545148299204091d,1751675358,,0x66ca133ec691ca210251fcd4c963ba220515225a,,1751911487,2025-07-07 18:04:47+00:00
VoteCommitted,22869041,0x7b62d5e1fae17c166f2cd618d18652ed509d0c838d8002d740d7ec680e76cfc2,1751675358,,0x5c2e7b98288be54c8c468b331a5b0dcb57b9d55e,,1751912111,2025-07-07 18:15:11+00:00
VoteCommitted,22869062,0x5642179591007ba463680124612ddf505e6a9dd7ba9d1dacae962baff16c5784,1751675358,,0xd9f9f15e1dcda849a48ee048892c9b31287c7598,,1751912363,2025-07-07 18:19:23+00:00
VoteCommitted,22869073,0xa961507222f2485e42f4f347ba2b2afa4b1eed4484b152546940b410e3cfb347,1751675358,,0x4863fe62d4cd3718bc0c104ec0cb45052d41e44f,,1751912495,2025-07-07 18:21:35+00:00
VoteCommitted,22869159,0xc93a45a59558c9428056ae594268d3ac07b4ca728e042fda587d12916d36f77f,1751675358,,0x975d861fef13616bf4f3adb9a5b292e6ac0e4f71,,1751913539,2025-07-07 18:38:59+00:00
VoteCommitted,22869208,0x2b57d2fea82d7b4818bd89985de98ee3b7ddb3c137773f0008a8b7e2614e67cc,1751675358,,0x7b51bfb030e888f047a29de664940035a47ef56b,,1751914127,2025-07-07 18:48:47+00:00
VoteCommitted,22869209,0xa3b2c767709071ea3733a1ca784659cadd177377a426757893816aff4797e228,1751675358,,0xfec2ade141272f5271febadfca5d21ca30fc04a5,,1751914139,2025-07-07 18:48:59+00:00
VoteCommitted,22869379,0x7e537b0519f814be867ef44ea1d4a34eb28172f9897cfaaf270c5da724275925,1751675358,,0xa4effcaa060edd222eb86d33beb4df518805a5ea,,1751916191,2025-07-07 19:23:11+00:00
VoteCommitted,22869395,0x26e0357217e5a11be0d617216d1eee9f832306df91bb7e71afeda85cc973165f,1751675358,,0x1bf5df8f9f3a417a98cc2b047c19fdd8ffd733e2,,1751916383,2025-07-07 19:26:23+00:00
VoteCommitted,22869443,0x6ef61538333e5cc2e4d028fe38ee83dc14e379345d0d948c6767333f185b1c44,1751675358,,0x89f8e4020c0dd384f13c288bc5743f963f9d8fdf,,1751916959,2025-07-07 19:35:59+00:00
VoteCommitted,22869526,0xf4aeb07b1360c30b380ad1c4fdb977704814856d4e2e89eea84fd53893b984b3,1751675358,,0x3cc894d6d40270e066b469e16fabe95218263604,,1751917955,2025-07-07 19:52:35+00:00
VoteCommitted,22869546,0x648f8b9372703c1a37ffb354fe0040cb5bc0a3e2dc5002d6136a3edd957ce790,1751675358,,0xe63757e3cd485c9b35b3a972fffa2d91b8649483,,1751918195,2025-07-07 19:56:35+00:00
VoteCommitted,22869695,0x3182fd8ddb39a8b2956390a84da5ae6260487357f3a13cd0ba8e95b2ae6c012e,1751675358,,0x840bf8f06b175aa001b85cdb68b3378e8b14946f,,1751919983,2025-07-07 20:26:23+00:00
VoteCommitted,22869696,0xbedb4846a6aa7415ee3925def8655a4265d038fbb2a003f49e82e21f04237a9e,1751675358,,0x864df81ed4a0b5a3d74f9e930a64fb9aaa1d7017,,1751919995,2025-07-07 20:26:35+00:00
VoteCommitted,22869747,0xce4c20966f6006759f65d869f3dff6bf3be92e4b118ca553332422b2eb3b6a8e,1751675358,,0x8548682e561668a51f99124d998db97ff326e67e,,1751920619,2025-07-07 20:36:59+00:00
VoteCommitted,22869752,0x2c607eb899b3ee223c102bd346f651fa34f25728422f7e9adf83386f3225cc41,1751675358,,0x40ae09fade887c0e6e804b7ae8efac77aa6ad35a,,1751920679,2025-07-07 20:37:59+00:00
VoteCommitted,22869765,0xbf8a91e11b4b0c8b646ecdc6d66bf3435b428976a30ff1657e0e12e9c4132af6,1751675358,,0xc12fa1c74c5d97c8eae9c16ab9df28837d9d39ee,,1751920847,2025-07-07 20:40:47+00:00
VoteCommitted,22869774,0x988125840437893cda2c0d03c3d020236e9af828f694c95d123616cad1946d8a,1751675358,,0x18f7f5243263e84ee8de50ca6c704b3415669222,,1751920955,2025-07-07 20:42:35+00:00
VoteCommitted,22869777,0xb55fc9b995f845a7be2d58f0c1bf523aa05e62a7de3e9838ff4237694c43d113,1751675358,,0xb7a05b89bad9f2b9f4c29393806400d643ab4c0b,,1751920991,2025-07-07 20:43:11+00:00
VoteCommitted,22869934,0x42f4c91eaea476d2379a3fbedb745cc77cc8aa566636918f6a40ee3e10f183ec,1751675358,,0xdc8614557d2fb159a8b1c1f69256bc522d74821a,,1751922887,2025-07-07 21:14:47+00:00
VoteCommitted,22870029,0x1e866f27adbe1cbaec20488542a0f2bc1f5ec8bfd57aa9b3b0de262cf8780202,1751675358,,0x2a1bf3cd5d4a7328a37f0e82ff912ace26eaa08f,,1751924039,2025-07-07 21:33:59+00:00
VoteCommitted,22870061,0x7aa85ed64cf5b74c768d9d061a07498525741b58eaf981c4345eefb88b7e1b03,1751675358,,0x9b8f31d4a132cfd3425eef49076e56e60dc1ed2f,,1751924423,2025-07-07 21:40:23+00:00
VoteCommitted,22870062,0xe95b1591f33cfc4f270d961bd094ac9ce6cb1269136df1f0150cc07d19c75bfb,1751675358,,0x487a5bbdc6091be0e27c0e8ea283047d94862538,,1751924435,2025-07-07 21:40:35+00:00
VoteCommitted,22870096,0x5ee4f30b19d3ccd321ad2a4481e15fe155d5ee7927f064029624b88d948e7df5,1751675358,,0x996d5138843993cebc554c20d82310a43802aff1,,1751924855,2025-07-07 21:47:35+00:00
VoteCommitted,22870163,0xdcc9b2d2b4b8fc6da89ed0bff6e4d0c01db2f25667f8b0550c503394a699e427,1751675358,,0x1515f9d20a8df64c72f0d35baf5a5ec079c4490a,,1751925659,2025-07-07 22:00:59+00:00
VoteCommitted,22870166,0x81d6b5b41c8ed1fd4c3566cd5f087d28166bc32d5f3b7b60b529c2019323be1b,1751675358,,0x88f859f01a347e4fb9c95a00feba619c2140369f,,1751925695,2025-07-07 22:01:35+00:00
VoteCommitted,22870168,0x9c89fe33e936e5ebcddd0d279e063d95a0e3e02636777a406a6c1a2e34039922,1751675358,,0x7e367235ef80109531113d8284a5593ba6a40c22,,1751925719,2025-07-07 22:01:59+00:00
VoteCommitted,22870207,0x12b7f225eb0742516be5a6e85ca0fc760de530e5a3c1bd716efc68a17cbdf9cb,1751675358,,0x7c45fb10a18f834a47cc3f470e97140a399b6af8,,1751926187,2025-07-07 22:09:47+00:00
VoteCommitted,22870305,0x2a2b2622de24d45ae78a66f71e202dc8435478f679106a299d288f3d6fbb6fc0,1751675358,,0x4431211df49f9a51cbba89467a524985cc809080,,1751927363,2025-07-07 22:29:23+00:00
VoteCommitted,22870368,0x8e717826c4e84ba69df752cd5549e80e857ef319240786568776b722cbfd86d1,1751675358,,0x104d86705c46e9422b803af522b43809f1c8e4e9,,1751928131,2025-07-07 22:42:11+00:00
VoteCommitted,22870453,0x3b464406aa1dcf10bda681fab1b6931e0a0fc3e2c63dcc2db2a0c8bd8463423b,1751675358,,0x21a745db2c52c841b4511fc55aea27156c76bce1,,1751929151,2025-07-07 22:59:11+00:00
VoteCommitted,22870475,0x43197de73e1213073992684f50f5fc37e3f02ccf5814c6e6432dc7ea170cece1,1751675358,,0xf445567e961c533e26430005c142dee831a6376e,,1751929427,2025-07-07 23:03:47+00:00
VoteCommitted,22870489,0xdd1c665c7b921fd62abfda581d6d4ed973f78e926616b4337db909ccf0347bb6,1751675358,,0xbd9e1684f8ce34c9652bd4d0dcec3d82e4e8baa7,,1751929595,2025-07-07 23:06:35+00:00
VoteCommitted,22870492,0x653fc33089b10f9b8004718dc4cee2d32b6c206ba89d6ad5dd8d8d908faa599c,1751675358,,0xf659a672600f7c9f6fac317f884f8c76357fd48b,,1751929631,2025-07-07 23:07:11+00:00
VoteCommitted,22870546,0xec0014099d19de9c10d64fb9990baee9afc5d5b04565c59de5e9d43c9a1334cc,1751675358,,0x370f7e3ff6efe153a070f83f90975fbbb2a04f3a,,1751930303,2025-07-07 23:18:23+00:00
VoteCommitted,22870678,0xf0c4e6482a3dc6e29a4a2f4894806806b765492281a3f6ff1c50728ac5c67dd3,1751675358,,0x326c819380b8842e3a55e5f97f6011ee91844205,,1751931887,2025-07-07 23:44:47+00:00
VoteCommitted,22870691,0x333d6aaa2b740c03b3ed9851a5f26d4504234f7fb3812d7e81cd010d62deba43,1751675358,,0x003a3b5669b288b29687c66d678aa06cb8d80577,,1751932043,2025-07-07 23:47:23+00:00
VoteCommitted,22870741,0xdf5931e8955a1f2e103b0fa2f39bd37159ce1d70455a8bea0b056d6202e3821d,1751675358,,0x8ce75214878e6748b58fa0771c8cde60b3050337,,1751932643,2025-07-07 23:57:23+00:00
VoteCommitted,22870749,0x5b8018226a4a9ec1679f103ec3cc8d91428c6430a1090d4689430f33083d17e8,1751675358,,0x85aff271be678afcd5214ad46b25a1dafe5bc2d4,,1751932751,2025-07-07 23:59:11+00:00
VoteRevealed,22870755,0xadda3fe08dcc3527c327f629481c0e391635472e5428fabd733d3addcf10bbe9,1751675358,,0x6391098e7404210be5b4b67c1bb6c1bdf4be194a,0,1751932823,2025-07-08 00:00:23+00:00
VoteRevealed,22870756,0xc17a74ca0e3cb8d467f6d535006f4c3020ec9a0900c35292615be4c907bb9cf4,1751675358,,0x975d861fef13616bf4f3adb9a5b292e6ac0e4f71,1000000000000000000,1751932835,2025-07-08 00:00:35+00:00
VoteRevealed,22870756,0xc5b62317046d3cb10237cd64d806d1cb8dfa015fc00d18ef1b4354b6d4468e23,1751675358,,0x5f4f59301e46bf6f6603a8c4cf826bdac70339d1,0,1751932835,2025-07-08 00:00:35+00:00
VoteRevealed,22870756,0xe5c890f9810fd8b1e27393b466dcf28dabd4b23f118e119231cc5ddd2c778a01,1751675358,,0x3e4ce5d976e1e0f4c7022889d6755c1ef7e9eae4,500000000000000000,1751932835,2025-07-08 00:00:35+00:00
VoteRevealed,22870756,0x4c761bebc8abba4d1bc0cc0f379f3760c17df9d3c677c9370ca61c14ff260a4a,1751675358,,0x370f7e3ff6efe153a070f83f90975fbbb2a04f3a,0,1751932835,2025-07-08 00:00:35+00:00
VoteRevealed,22870758,0xedd6721a3a9f874e5e5219ccb7ba19bcc277605c6bf9a00c5f8544a571a18c4e,1751675358,,0xb7a05b89bad9f2b9f4c29393806400d643ab4c0b,0,1751932859,2025-07-08 00:00:59+00:00
VoteRevealed,22870758,0x5b783e82bc175424d9fda6cc27346b18ed5ba9a1a473b3ee4ea7c5549fe910a6,1751675358,,0xd0d1a896f20aea70e57cf37e1ca30e9c7098494d,0,1751932859,2025-07-08 00:00:59+00:00
VoteRevealed,22870759,0xb62cb07dc46ae1670c67e5ae02e343589a8e3d1b52a872edc06ba529bd865c9a,1751675358,,0xfec8d555a934e1c293039c8842a4c10bd5512269,1000000000000000000,1751932871,2025-07-08 00:01:11+00:00
VoteRevealed,22870759,0x1f2da575700fc2f2b87611a9f7b2e2d2641f67f1c80c53339e0eb0fe4521597c,1751675358,,0x6ee88c946cc0f94194242446749e52cbdbaf0759,1000000000000000000,1751932871,2025-07-08 00:01:11+00:00
VoteRevealed,22870760,0x49d4c30d62ad8120624fa93a7ee2935d687b1686f544f72d8e4023d092da3eb6,1751675358,,0xacb4fa704c4a7092b3373d5c57443ed3261fdd18,0,1751932883,2025-07-08 00:01:23+00:00
VoteRevealed,22870760,0x7886027c7d9c1185f7dcd99e64c5ca4527f580ee262ab19b503c71c3c7741cfd,1751675358,,0x21a745db2c52c841b4511fc55aea27156c76bce1,0,1751932883,2025-07-08 00:01:23+00:00
VoteRevealed,22870760,0xf9dac6cb196ea4caa08b62e07e1e2c00db165de07525b9dcaa08f4849ec154b5,1751675358,,0x93a692fe5477902c3cf5f6997c1cf59a3712ced4,0,1751932883,2025-07-08 00:01:23+00:00
VoteRevealed,22870761,0xbc5890806b6c8176b57dc11924a342e83b6ce5c8430d76cb513418120557e2b7,1751675358,,0x3cc894d6d40270e066b469e16fabe95218263604,1000000000000000000,1751932895,2025-07-08 00:01:35+00:00
VoteRevealed,22870762,0x1d99701edad9cd1fa58045a775cd128a627155972fc265e182efad16b50ce0ef,1751675358,,0x8c4809d3ad6b05ee765b36807d7c6c6b3782b938,0,1751932907,2025-07-08 00:01:47+00:00
VoteRevealed,22870769,0x670f8c38d4a5d4b2ab60a6ede89b7006cda673ce42b476d8429de306e90e24f7,1751675358,,0x3e1b1a4a8fba26e80f4678d3ea3ac1daca78523e,0,1751932991,2025-07-08 00:03:11+00:00
VoteRevealed,22870770,0x9e9385eb7d6db67604b15636934752c090fed8a3199888f2c738aa51f33cb563,1751675358,,0xdf505b8811c4cd09c40e1c02e908d6fe36c2ffda,0,1751933003,2025-07-08 00:03:23+00:00
VoteRevealed,22870773,0xbffb65da9eab4d7a70a9d2cc4f32594ef1dbd379ed959e32c843ff45af5e15d5,1751675358,,0x5c2e7b98288be54c8c468b331a5b0dcb57b9d55e,0,1751933039,2025-07-08 00:03:59+00:00
VoteRevealed,22870773,0xff0cb0e2e9d7592d8d0e70531ae504c3b572e13442c563e04e374527d1e1a723,1751675358,,0x73cde0e4f0480ea6b98bfa292ea936685716af4d,0,1751933039,2025-07-08 00:03:59+00:00
VoteRevealed,22870774,0xf5cc12e169baf8b2a5fc153bd5642f7deb14a9df07b02b6740d850dba441d9f9,1751675358,,0x66ca133ec691ca210251fcd4c963ba220515225a,0,1751933051,2025-07-08 00:04:11+00:00
VoteRevealed,22870774,0xbac51d93e4a76cc6eaac251e0f78c1099b383ed7bc28028a2fd860e5f34fcb4d,1751675358,,0xab0ca0d1238f6f21f725f26473e06d99bdb58b3b,0,1751933051,2025-07-08 00:04:11+00:00
VoteRevealed,22870777,0x9c68d7e19e003c9e8d986bcf2f609e9fdc30e160f89d90bd3be937463217fa74,1751675358,,0xefbc103259b500ebe6408fc7c91535b0e158e22b,0,1751933087,2025-07-08 00:04:47+00:00
VoteRevealed,22870779,0x81993d51f9586b9b2992b77cff7d796cd9652f961db03839c2c3d4446075603e,1751675358,,0x196f239229aae65883802b5bb512e17084147ff6,1000000000000000000,1751933111,2025-07-08 00:05:11+00:00
VoteRevealed,22870781,0x1a11b534e7641e8684070351781f0d661e4e2ddc3b9e3db5ff95b05b54d585a2,1751675358,,0x49b3fb1b5e6c6ae2a0f15de68f73f9e5cf99bd78,0,1751933135,2025-07-08 00:05:35+00:00
VoteRevealed,22870782,0x9603377d2edecf1ab10fdc3297f6eae7960c2c388a4bd817692a14de24581a65,1751675358,,0x601f1c1df1a415965311b6841d8e8eda42697eb5,0,1751933147,2025-07-08 00:05:47+00:00
VoteRevealed,22870782,0x0a3a9ec50ab1aedb65f507702ea61868455a912958aab52ee47fa4f6929529f0,1751675358,,0x3b9ffd4ceffd768df16d79e7492a1bffd087c44f,0,1751933147,2025-07-08 00:05:47+00:00
VoteRevealed,22870783,0x3be8ee0e9432b3a429634098074f3fcb19ce7a7a60965be7da7201cfcaf8c7e5,1751675358,,0x3172aee5e0b47bb23e87db93327f58e06e6a73b6,1000000000000000000,1751933159,2025-07-08 00:05:59+00:00
VoteRevealed,22870789,0xf07db24d174e331383a8256c457b17a3ace54b90c89efb7ed217bae80cb278a1,1751675358,,0x2b379bfb86e900fe8f3a1434ee79097aa5b883dc,0,1751933231,2025-07-08 00:07:11+00:00
VoteRevealed,22870791,0x6a488a7d2d57557a07fe6482b6169070f7eb169c0a09e33ec343beaad4769149,1751675358,,0xea1e010e379f1fa9d74022c6655ebe7ed5f64f9a,0,1751933255,2025-07-08 00:07:35+00:00
VoteRevealed,22870801,0xe95aad62b5fa44d4912215d5adc55ee836308c9d7b36ad2eb1ef45c5f732b22e,1751675358,,0xaa9250b551138b721bcb59b8a58b6c56bbb5d14e,1000000000000000000,1751933375,2025-07-08 00:09:35+00:00
VoteRevealed,22870809,0x5c02c00435092c67a5fdab0bf1d50500b92ee82258fe189ba1518e72ce9817bd,1751675358,,0x8ce75214878e6748b58fa0771c8cde60b3050337,0,1751933471,2025-07-08 00:11:11+00:00
VoteRevealed,22870829,0x7ed18958f302f3560734c026482433aeb8f4c64444e233fa802e7618a545a291,1751675358,,0x96515887aeba5b78f61d16c2543b44259829a2b7,0,1751933711,2025-07-08 00:15:11+00:00
VoteRevealed,22870844,0x53e0f572531cb09a4dfd4b946f6dd478c6f398586e1e617cb144912b58709f08,1751675358,,0xa85160a81da205ae57f6d55f16c9c43d773c7438,0,1751933891,2025-07-08 00:18:11+00:00
VoteRevealed,22870852,0x15138a1c4e8dad9a558c9cb778e26362ca7224a9a7b32ddedcfb66a27c985f62,1751675358,,0x4c0dee7fa0f6e3693abe2937111cde4b5a00ff1d,0,1751933987,2025-07-08 00:19:47+00:00
VoteRevealed,22870853,0xd070711b88f08ab12121dcedc696ed117c6a109fa0118491299e4487a46a5cda,1751675358,,0x7595a3964a77df4858648bbe4c6ca4a3c69d8027,0,1751933999,2025-07-08 00:19:59+00:00
VoteRevealed,22870854,0xd51139cee71544895bd7320a83b463f99ab121802c1c38e00bdb30bd54449d82,1751675358,,0xea8d60baf7088c0c46242dd46237eca2f403558a,0,1751934011,2025-07-08 00:20:11+00:00
VoteRevealed,22870855,0x00d1b610d210e10844cbde96bed1759ed8fc11c4bb2dc83b9f05c70b00f763a3,1751675358,,0xde26619c377f3be82eec1ef59aad46a20681dad7,0,1751934023,2025-07-08 00:20:23+00:00
VoteRevealed,22870856,0xa31bcf669cf8f5a0a3d31fa858c9d0ea86f9ba0d939bf2c1436757cea6ae80e3,1751675358,,0x1cc972ff969689873f8010bdd0cf3dc30618397e,0,1751934035,2025-07-08 00:20:35+00:00
VoteRevealed,22870857,0xf3ab22d96f5e9789fbc1b75ade9647f1c37c7da738be0e97748c63da3b7d09ac,1751675358,,0x465c19bee117a1709745223bcbe14c5416b0d022,0,1751934047,2025-07-08 00:20:47+00:00
VoteRevealed,22870858,0xdae925ded313b58e8b35729b6322d8cbbd24b8632b11a440809b5a2e35e2dc95,1751675358,,0x9860d7309039b9a44b1df878ed4484133a881316,1000000000000000000,1751934059,2025-07-08 00:20:59+00:00
VoteRevealed,22870858,0xf6665584ded56e47fe5135938a4becf6b5af27938ee8b4dca4d84a7aea5b1b04,1751675358,,0x628023f53587a03eac809478bafe9898779a57bb,0,1751934059,2025-07-08 00:20:59+00:00
VoteRevealed,22870859,0xdc641079d97fb68b1c7af6ade31c70465f898241badced8286d6098520fd7bc5,1751675358,,0xa31c2232842e631ccb2d2e4110b356bab21e6020,0,1751934071,2025-07-08 00:21:11+00:00
VoteRevealed,22870860,0x00294968ca6141190141e55495fccfd51533dbcf9d04935a6f9a0273265e5e13,1751675358,,0xd4c1a8c6b38aa15945023ab28a53838f29286e2e,0,1751934083,2025-07-08 00:21:23+00:00
VoteRevealed,22870860,0x2433469985631d98b83db5e55e25672a706f05c9383583f9ab5cab1517ece24a,1751675358,,0xe7488e7f5c60bfa81d38965c02b4cc5aa6249a11,0,1751934083,2025-07-08 00:21:23+00:00
VoteRevealed,22870861,0x89c310e69ae05dfe21662dc531ed45a3e67d9c23aec3774ba261412d621c2543,1751675358,,0xb73812cce6f5cb7ada40a134b4b16aefbdbb9472,0,1751934095,2025-07-08 00:21:35+00:00
VoteRevealed,22870861,0x51ab3bcff8bf60a3f9c8acce9ae1956df168d20c2ac09d5743a06347ef608c3d,1751675358,,0xde0aef70a7ae324045b7722c903aaaec2ac175f5,0,1751934095,2025-07-08 00:21:35+00:00
VoteRevealed,22870862,0x4202880d5d048a4d8f6cf49d8f2153976eaa68a4f18b87d0c7908d7ae3beffc2,1751675358,,0x2a82c67a5acc3332721b0af2739497bd893ec9d8,0,1751934107,2025-07-08 00:21:47+00:00
VoteRevealed,22870863,0x5c762ffe91db7b515c7aeca31a5fd50797129438db4bd9b8cfba88d2e5f26779,1751675358,,0xb48369eeba3cbca5957398a618446fb6a53128ab,0,1751934119,2025-07-08 00:21:59+00:00
VoteRevealed,22870865,0x649f8c66177537395728fb089f3b03d1d7768848c7c61d6a935f4b2386ecbfef,1751675358,,0xaa9ef398f6fbcc765617a9c451b2a4e749ddd624,0,1751934143,2025-07-08 00:22:23+00:00
VoteRevealed,22870865,0x369db8e508d8e1f942af79f1682b4f707f0b429b46930b70cba475a40c4daeb9,1751675358,,0x1306ae61242615df58260ef0219aac87ac31bc55,0,1751934143,2025-07-08 00:22:23+00:00
VoteRevealed,22870866,0x6b93c51bb852f9a4f2c81aff55bb7356921a2cb618782acdd0239219558fbe51,1751675358,,0x55e026d5c5cf81094ed8e8a6bc8191d28802c952,0,1751934155,2025-07-08 00:22:35+00:00
VoteRevealed,22870868,0x720e258ae7e6201d3e1aa1bb6f895042f54e8019766ecda7dac567b898e51e72,1751675358,,0x1c80ad40014cf912545cc56fc626faf2206dd09a,0,1751934179,2025-07-08 00:22:59+00:00
VoteRevealed,22870869,0x43a74bd9c28f7f6098d8a1a486cfc40c471485c1bdf1e1859089bcbaec28e011,1751675358,,0x1a463c02cb1b6f1ea7273f41f7fa46aeec43cbc4,0,1751934191,2025-07-08 00:23:11+00:00
VoteRevealed,22870870,0x3b29c80dd6c3cf5e243ca204d54890ace283e83b4daa8edddc6a8681fee05f2e,1751675358,,0xdc20465fc7d1fad0c1432ebc1c7a5f12a4a7021d,0,1751934203,2025-07-08 00:23:23+00:00
VoteRevealed,22870871,0xb3c22a863422800e258ef5978db21d1215f6df50b03165cc1257ac56cd7c9412,1751675358,,0x5a9496b8341329fc1fdd7103a8e98d8ca5df97ee,500000000000000000,1751934215,2025-07-08 00:23:35+00:00
VoteRevealed,22870871,0x5bf16dc12ed34df2bea1d95c62f82a900458f817a8ef7c6ff73bab0c6eee0b34,1751675358,,0x0293cdbe2b126df9ccce4eee24ffe1a58cbaf77e,0,1751934215,2025-07-08 00:23:35+00:00
VoteRevealed,22870872,0xa9d235855855a852a8cee2f86087801dc589541c1580a29294f39444a40788f8,1751675358,,0xe3b03d4dba836e2457007e7a6e78aefdffb11d12,0,1751934227,2025-07-08 00:23:47+00:00
VoteRevealed,22870873,0x748e8cc86c7291a12eb6fd9aa58dd6f2a83a864dba4424c01c840da7504c786f,1751675358,,0x57cbb4ca7776349ad24f2dbae8dfed2989a30f3e,0,1751934239,2025-07-08 00:23:59+00:00
VoteRevealed,22870874,0xacd77f5354bf94e2a83117e51410079fc24985e6a49236c7d4713320b2cf6c72,1751675358,,0xbb1ff00e5af0f3b81e2f464a329ae4ee7c1dfba5,0,1751934251,2025-07-08 00:24:11+00:00
VoteRevealed,22870876,0x827ef1fccb63c52fc6b30d94f8fef73163d9d954864cd688ca22fbc2d993dc89,1751675358,,0x4821eaeb37061e3c26b2264838e788f8de06bdcf,0,1751934275,2025-07-08 00:24:35+00:00
VoteRevealed,22870877,0x1693b6192860311357ad190cdf2d41c359bd3a14c72cc059f6d49cb47a62686a,1751675358,,0x87a726a806f48a435d8bf627678c85f26b46c1b6,0,1751934287,2025-07-08 00:24:47+00:00
VoteRevealed,22870878,0x4f06370e99cf947b0a70ccf7d7038037aab2afd9c51f7ce18fde886ac3ddb2a3,1751675358,,0x5a7c58176c6f210365d017ff360fa806c532ee4c,0,1751934299,2025-07-08 00:24:59+00:00
VoteRevealed,22870879,0xb3d2570c395cbf99e5b8fb58823c290df6121a9a92bdd8b8e1847eaf853b4133,1751675358,,0xc4eb54c0e23f47c3a062e74d91f9e61d59b99946,0,1751934311,2025-07-08 00:25:11+00:00
VoteRevealed,22870880,0x7899a1e951374550fc76073d95c8e4174615f2297c6c039f05be72a7c3531f58,1751675358,,0x110f0b1faa1cb6eed49883f960808c95f609f6fd,0,1751934323,2025-07-08 00:25:23+00:00
VoteRevealed,22870881,0xe4c4af08b471eb0e99293fe5e87631e3f443ef0f07ba7f737accdfeb523c8bd5,1751675358,,0x949758647d0390cf44a0f244615b019c2429f769,0,1751934335,2025-07-08 00:25:35+00:00
VoteRevealed,22870882,0xf4a5ae49519e7fd87b22a2656b143ad2e824aecb731b7789b03a5dd4f404095a,1751675358,,0x126db3213b309a8d554594e591e614425ccac78e,0,1751934347,2025-07-08 00:25:47+00:00
VoteRevealed,22870882,0xb0dc27117e6111a718cd0fe7ed45101e6ebabda54e51fddad16f24df9c105154,1751675358,,0xf33e833707e9303d00dc045af440ed19b9dbdb10,0,1751934347,2025-07-08 00:25:47+00:00
VoteRevealed,22870883,0x9305795fabe6d7572e6298762443625f1f996b6b3c283dcce60e8a14fd0825da,1751675358,,0x578403fbd9198742cbe068d04f11e206f692a1ee,0,1751934359,2025-07-08 00:25:59+00:00
VoteRevealed,22870884,0xc624ead619d3b93e80c6df3c76cf56f42de3f627155c9569428eaab6b4b4f9ac,1751675358,,0x6e86d1f305e43dbd3d39df7c736653236fd42587,0,1751934371,2025-07-08 00:26:11+00:00
VoteRevealed,22870885,0x4fff32af17dd68e44b8fdbc16a6d7b065959c017e02a5b7e117c50fdbe610cbc,1751675358,,0x6fc5b81c6c117015fdd36fdea25a9c1ec243daf1,0,1751934383,2025-07-08 00:26:23+00:00
VoteRevealed,22870888,0x9b436d63b67ecd1f0af0c5fc3568925e911908a951a06f4da6086c9aeb5b46a2,1751675358,,0x8782ad397185d119e44a44c8138036386fd932db,0,1751934419,2025-07-08 00:26:59+00:00
VoteRevealed,22870889,0xe2352498fabcfd1dea46a8a0a0fc3ecd33b71beb8edce194cd1b2f865e052d00,1751675358,,0x519ebedcb61498e2ebabe8d8b9ff8b168fa5fb3b,0,1751934431,2025-07-08 00:27:11+00:00
VoteRevealed,22870892,0x401d5eb30a0a8655dd54a642d456eb690566840c9c2ee1ecf26614ad089cb458,1751675358,,0x992837530c9980e3db3d5ef9baf9fc3390408cee,0,1751934479,2025-07-08 00:27:59+00:00
VoteRevealed,22870893,0x13e5e6556ff3354ff1f182949698f515a0a8be24089cc66b1d6e64a2fc1e3bc1,1751675358,,0x1ab83bc391b0bdbc34ab69d02bf34f4b643c64f4,0,1751934491,2025-07-08 00:28:11+00:00
VoteRevealed,22870893,0x7b1a356c1bb44b0b678363b4e73d830935ab7979c071ac73e5087ae82e822e77,1751675358,,0xecaf5554b3e7acc936cf5b9f7e9173a7b85cba73,1000000000000000000,1751934491,2025-07-08 00:28:11+00:00
VoteRevealed,22870903,0x3997251f9b90d861d0aee9a1777deb3f23bd522c34ecea647aabc35ce3640c74,1751675358,,0x8a81159203b1be1d07f169836db0b6bcf64a49b2,500000000000000000,1751934611,2025-07-08 00:30:11+00:00
VoteRevealed,22870909,0x69dbb8842c76115a77ec9ecc7d4cf77873479c3d5fa997922adcc2e9d0ec30a8,1751675358,,0x0b5ddda89a88416860254eb326b3691ffcce4832,0,1751934683,2025-07-08 00:31:23+00:00
VoteRevealed,22870925,0xa4384a80c01ccee419a0635918a3141cb6889629b20bfb73427dd0ba6ca53414,1751675358,,0x40ae09fade887c0e6e804b7ae8efac77aa6ad35a,1000000000000000000,1751934875,2025-07-08 00:34:35+00:00
VoteRevealed,22870962,0xb0d9ca4a77dd703624f166acb82d675ad2a87b6ca70f38458ab8d636e4058c1a,1751675358,,0x5d547923774921d7938349c1582239d19d5ccc4b,0,1751935331,2025-07-08 00:42:11+00:00
VoteRevealed,22870972,0xd0dd2497575ce5aae0d275ad0e8a3fed007a073f236382a89b8c53b35e4cd44e,1751675358,,0xf8e9af3a84d29678a26f08048dd206ad10cc6fe8,0,1751935451,2025-07-08 00:44:11+00:00
VoteRevealed,22870996,0x27c19b66f5da1103f9d75eef716eba549644237b2f434bee68ddd56b4d378e67,1751675358,,0xf7665c8ff099c5ff87245615ea4ed5374bdb392f,0,1751935739,2025-07-08 00:48:59+00:00
VoteRevealed,22871003,0x854f9db68f7cb19a997873b8ea8005236967428ba1c03c8b1acab203a021b8b7,1751675358,,0x8548682e561668a51f99124d998db97ff326e67e,0,1751935823,2025-07-08 00:50:23+00:00
VoteRevealed,22871029,0xbc80c052fc6adade75db3d91e19e8b2ae7c58fb39d1713e92961beaed926fab8,1751675358,,0x20ec3d7739fc8ba82014a9cf0a771b427e0b56c0,0,1751936135,2025-07-08 00:55:35+00:00
VoteRevealed,22871058,0x4ba5e9ecf907fa58d6d64b3b2b421ffc2e2d99db7c92de2dedda9e8e4aa5f3ad,1751675358,,0xd8e492ede29fb17f9910ad12054047a4c5af9d15,0,1751936495,2025-07-08 01:01:35+00:00
VoteRevealed,22871066,0xbbb726d14656ed715f156dc952406842596be8fcfddaa61472ea2dfbcb384f4a,1751675358,,0x42d1e0e948c9ff0e756ef9cee00984c0a5561ea2,0,1751936591,2025-07-08 01:03:11+00:00
VoteRevealed,22871089,0xf94a4f385a398c2c9352fdc92858ff95a77ba35d32897bb66b6871353e00d460,1751675358,,0x52b88b1f9e4b0e8b3738c2f4ad0eca5b73ab31f9,0,1751936891,2025-07-08 01:08:11+00:00
VoteRevealed,22871089,0x367671fdab177e1d4811f2cf7c1982ae53310801aa3cf0ec9b7d8c47ecee6cb7,1751675358,,0xb538544c0d0971dc6cdcc17a1ac50a02bc0a8b0f,0,1751936891,2025-07-08 01:08:11+00:00
VoteRevealed,22871128,0x056c02443657e7780daba37c444c0821183790f7a977fdb64600d5b1bdff14af,1751675358,,0xff0778459d97530592d001230686e9206341b8cd,0,1751937359,2025-07-08 01:15:59+00:00
VoteRevealed,22871176,0xecdd89ac153b57668656c941085eb544535fb932a4796bb1e0da4d6e4798e103,1751675358,,0x449ff548206132b1e0df2ed9da4f9de5c281d1c7,0,1751937935,2025-07-08 01:25:35+00:00
VoteRevealed,22871213,0x000f28e7a43039e5fffe56934663dfaa7516a30f05e4dfcf70365a9ecc78c233,1751675358,,0x349ef0f01d64b6bb96f3d2fde895bee5ce745168,0,1751938379,2025-07-08 01:32:59+00:00
VoteRevealed,22871235,0xdd710df0d50fb289e7bd8eb68c29352ece097f584ddf76b455d8dc0b88e22a64,1751675358,,0x6564c6c44ef87e3bb32d7987317869817380340c,0,1751938643,2025-07-08 01:37:23+00:00
VoteRevealed,22871253,0x0a76cb0e86e3ba6109701c002986d2a5566b0f75dded059a8b2f70907443af0a,1751675358,,0xe3213b7382b5b0ff61cfacfefabef72982a4d544,0,1751938859,2025-07-08 01:40:59+00:00
VoteRevealed,22871276,0xb6d41b261d0abac7cc33b972b376cae4b4351d8dfa5c70943251c1bdbb0be213,1751675358,,0xf321323cc01f37e014605fec38c1f9aa43815130,1000000000000000000,1751939135,2025-07-08 01:45:35+00:00
VoteRevealed,22871282,0x3806edc51cdae814d64833ff413d7fb1494042077b47d08d5cd6e502ec926ed2,1751675358,,0x27b0fc6c4a5a0cf213a570097279a5bde61214d2,0,1751939207,2025-07-08 01:46:47+00:00
VoteRevealed,22871328,0x8438260a2d72bff03012e1fa759ae1d866253b29c96f7146c42767c24ade33d2,1751675358,,0x7b51bfb030e888f047a29de664940035a47ef56b,0,1751939759,2025-07-08 01:55:59+00:00
VoteRevealed,22871339,0x11c490f80b9c9119907c10272e42378ce71bc2d08a92d941f82b54bb96657b7e,1751675358,,0x8b64673c9a482913a6e2c1298637532947cd96ee,0,1751939891,2025-07-08 01:58:11+00:00
VoteRevealed,22871359,0x8e67b11e00f082ae5cf0e43c9082819a17460be036969e92498354449aba279a,1751675358,,0x24eb1c355c05439819a23dd0842d5d038d1ca05a,0,1751940131,2025-07-08 02:02:11+00:00
VoteRevealed,22871410,0x7bb1e3cbf2cdb836d177baf19cddd96df38d3d464abf339af873ed5c17407a44,1751675358,,0xc12fa1c74c5d97c8eae9c16ab9df28837d9d39ee,-57896044618658097711785492504343953926634992332820282019728792003956564819968,1751940743,2025-07-08 02:12:23+00:00
VoteRevealed,22871414,0xbd9dd75e0db1b6481b1cceb49847c4bb14dc14376ba0e635900bd23f1e465b54,1751675358,,0x18f7f5243263e84ee8de50ca6c704b3415669222,-57896044618658097711785492504343953926634992332820282019728792003956564819968,1751940791,2025-07-08 02:13:11+00:00
VoteRevealed,22871414,0x0248f7f487f575c0fbf667d698e3b5f8bbc4151a044e23688cd661773de023b5,1751675358,,0x92d76b5d5ee767a4a90719a9a910936dc4006fc6,0,1751940791,2025-07-08 02:13:11+00:00
VoteRevealed,22871427,0x5aeae929d9edc9f0ee1da81fadd72d38aa958f49694e9a41f207b905c1503ad8,1751675358,,0xc9e8233c2c5476cda4f96595bbb3a9d117168df5,0,1751940947,2025-07-08 02:15:47+00:00
VoteRevealed,22871433,0xadfb8d97746dcb94112467ec6a32a74d48f195827c00b84c784961307025c906,1751675358,,0x86cc5e1e8fb20102fa7a0fa4afeaf1cbe1be273d,0,1751941019,2025-07-08 02:16:59+00:00
VoteRevealed,22871505,0x3191b976a31cdc7cd4b70e3f32c50379b5aefbcf4ccb9f2ada9c2ce87f8531a4,1751675358,,0x7baa3b328603535006d76d7b80af7260fd8a946a,0,1751941895,2025-07-08 02:31:35+00:00
VoteRevealed,22871551,0x2b471a988065afbccaa69072b67f45d20214658b24cbd73d3242ec0ac9120794,1751675358,,0x4ddd9af5f091a11438f3c4f618f1257d6d660cb2,0,1751942459,2025-07-08 02:40:59+00:00
VoteRevealed,22871578,0xcdc0b91db13c4e4cd423ed1461e146f9f29baa386b4613303399b92ca88d0afd,1751675358,,0x393950505b160607f40d11ab956c9406dbe6e4ce,0,1751942783,2025-07-08 02:46:23+00:00
VoteRevealed,22871593,0x0088f7a6215fb9d4769694a866b7016bde59d44ffdb91bd8f34586d6e82f7382,1751675358,,0xd8d7bec7225b074f11ffc11ba47f56e96a35d24e,0,1751942963,2025-07-08 02:49:23+00:00
VoteRevealed,22871611,0x897d3fda1d095cfa1409e25c0468a542a5ca461348b8387398f33edb3945b854,1751675358,,0x47a40a367b3298be3da3bde3994c5342e26f368b,0,1751943179,2025-07-08 02:52:59+00:00
VoteRevealed,22871675,0xcb8a38eb71c300588aafad1c7d6cdd9334175fb411ac04f98d4f1b1dc9ab1b02,1751675358,,0x30b2daeb3757b6c7462cd0d776828f8d7398be50,0,1751943959,2025-07-08 03:05:59+00:00
VoteRevealed,22871680,0xcddcd42452811a69d111116ae4be7134935a6ca37a64431d4c19553ec879b9d8,1751675358,,0xb731ccc5f62e99ea25220bfd73c3867bb5205790,0,1751944019,2025-07-08 03:06:59+00:00
VoteRevealed,22871743,0x345f979f286ee086af5e872949512aeee4695d52e40515a361aa5ca635261e4f,1751675358,,0xcb8c77837f470053f91e1e288cac223118c69937,0,1751944775,2025-07-08 03:19:35+00:00
VoteRevealed,22871880,0x28294941f59d9ccd0ce064af4e294984466a1af2f62b47b10c98b82f5af6c31e,1751675358,,0xdb4d5a3e683df965ce509ef191d979e77543bb4d,0,1751946443,2025-07-08 03:47:23+00:00
VoteRevealed,22871882,0xebf4f0bb24e2841d860a1b503e3dff7ac36cd7cc1fc5194c0b41e7289219dcb3,1751675358,,0x37c5db6f455f1cb3274ebe67582c92d04c4f6545,0,1751946467,2025-07-08 03:47:47+00:00
VoteRevealed,22872006,0x3568bf92315d86b68cdb7489e9d88b18cfb9b6c7362280b0392e434c640d8f2b,1751675358,,0x7c45fb10a18f834a47cc3f470e97140a399b6af8,0,1751947967,2025-07-08 04:12:47+00:00
VoteRevealed,22872041,0xfbe33662d3a299bed29048166aa5071e60a7248d93030054fbbaff80a128b006,1751675358,,0x374585bfd5e03868ceb23aa159c4f63f0c2f650e,0,1751948399,2025-07-08 04:19:59+00:00
VoteRevealed,22872059,0x66e898607a80e07f6754531740fb0b1b886be2b3ce4ce01d73d441c0fcd26d87,1751675358,,0xe6b5a31d8bb53d2c769864ac137fe25f4989f1fd,0,1751948615,2025-07-08 04:23:35+00:00
VoteRevealed,22872070,0x6902c5cfb8936195fe9aa9c9c0d2dbc216adcdf076974b0149f85f7163c57cb8,1751675358,,0x336b9de28d67d692c31df93a9b8630b2fa50d88f,1000000000000000000,1751948747,2025-07-08 04:25:47+00:00
VoteRevealed,22872109,0x296f5d84a7b49d4929c9313501f61c6f3a22e3a7ee4da15fda261f7659e04800,1751675358,,0xa2e5dbd496e25a194a11fc3e4ad5ada199e827f4,0,1751949215,2025-07-08 04:33:35+00:00
VoteRevealed,22872195,0xaba4b0421342184d92b65aaac3da328cd963bd5270915b3ece3f500b30dcd548,1751675358,,0x4f49d938c3ad2437c52eb314f9bd7bdb7fa58da9,0,1751950247,2025-07-08 04:50:47+00:00
VoteRevealed,22872195,0x0c477542e2eb9be89c6055124d72ad566f57f103d88d245339cc419fe0eab5d3,1751675358,,0xdc8614557d2fb159a8b1c1f69256bc522d74821a,0,1751950247,2025-07-08 04:50:47+00:00
VoteRevealed,22872224,0x313945933a38e8b417f4bbf60ad26f3769f72cb099cfded79a8d386f36c77a03,1751675358,,0x9baf193cbca6267a4d1f76be78a49b52ef960a44,0,1751950619,2025-07-08 04:56:59+00:00
VoteRevealed,22872246,0x31c9183062e118a93f24a8c4dc75a53218475e073ec9bb1be338c185eb577d7e,1751675358,,0xdf67cba8261c6d8c15c735009f61e2cc9f852de3,0,1751950883,2025-07-08 05:01:23+00:00
VoteRevealed,22872268,0x72fcb20b8e4ffde4c83aaa60482dae331782e8817b9f4fba371444e9507f8c9a,1751675358,,0x996d5138843993cebc554c20d82310a43802aff1,1000000000000000000,1751951147,2025-07-08 05:05:47+00:00
VoteRevealed,22872323,0x5405506d8ad14898261292ae11deb9b1b0c318883cb689000730f43e6a5b7fb0,1751675358,,0x08bba63a49be5f7ee6dd58f30a757f5137d52be1,0,1751951831,2025-07-08 05:17:11+00:00
VoteRevealed,22872347,0xe7d341eeb14cbdb8ab98e5daf4754070c11979cd453e4ba251ef187e6dde92e5,1751675358,,0xbd9e1684f8ce34c9652bd4d0dcec3d82e4e8baa7,0,1751952119,2025-07-08 05:21:59+00:00
VoteRevealed,22872348,0x827924e60be87cdecc55d90ac44937219f7bd8c9272f68bc700cbc5975cb65d5,1751675358,,0x1515f9d20a8df64c72f0d35baf5a5ec079c4490a,0,1751952131,2025-07-08 05:22:11+00:00
VoteRevealed,22872351,0x30acb2ca535d8befe4adf928f1cc9fb431c4f87c7e06915bbe7617c15ec1303d,1751675358,,0xf659a672600f7c9f6fac317f884f8c76357fd48b,0,1751952167,2025-07-08 05:22:47+00:00
VoteRevealed,22872357,0x505e0b7bee7d7075f3ec8b203b60352ed7bd0e50e52a447e77295155c3415815,1751675358,,0x7e367235ef80109531113d8284a5593ba6a40c22,0,1751952239,2025-07-08 05:23:59+00:00
VoteRevealed,22872423,0x21cff15fd74167c618ed10aabdd53f3f70d6ed202073e755ed9693f1d6d8eaa1,1751675358,,0x2d51f7645dd96bcac85a62a3affd70a419776f52,0,1751953031,2025-07-08 05:37:11+00:00
VoteRevealed,22872430,0x9d5fb650e0101d776d036c36476ea0cef0d7d2e881bb3f77e3b2b88764ce75f0,1751675358,,0x34d4dfcf6e0b23a891bd9f076a6ef7dc3acf6ab2,0,1751953115,2025-07-08 05:38:35+00:00
VoteRevealed,22872435,0xb6003901896fd412f08d8b728ad5cc0b59027cee0d2cde5c50721d3055fba1ec,1751675358,,0x6573e30ee0ad46bc9afa0c2adb0d3f147d658efe,0,1751953175,2025-07-08 05:39:35+00:00
VoteRevealed,22872435,0xdc59d6094923a9d4a325eed3a09641480cad29b969d164c60d3e1352b018176b,1751675358,,0xd521cd4f0205f0afbf427610cdc4a15736e57329,0,1751953175,2025-07-08 05:39:35+00:00
VoteRevealed,22872438,0x7356ecdbc5c88320f05daf73acd1db142fcf7890774bae228c999aded5562c24,1751675358,,0x785c24d44e9246fbd2980f1cbecbf24e9e4b2de9,0,1751953211,2025-07-08 05:40:11+00:00
VoteRevealed,22872469,0x39bb47989bb1e02772efb67f95e519fe4ab815a9a8b66cb4bcee06c945014fe5,1751675358,,0x2bc111bd8bf402c65cd185bab460ae9ecc9aa7e7,0,1751953583,2025-07-08 05:46:23+00:00
VoteRevealed,22872473,0x06504ba2387ffd620c8454c82a8ee6aabfe3abf525f12f900f3151ba55400475,1751675358,,0xc3ac3355b2686fa503246a92e34d0b7261b39d6b,0,1751953631,2025-07-08 05:47:11+00:00
VoteRevealed,22872474,0xc2d7f922f0eb6c2c3461ef8203bc2b17251f180e628ddd10f9c8eab8269dad7e,1751675358,,0x2488a154ca8e174bd3bb0648d19f24855d587238,0,1751953643,2025-07-08 05:47:23+00:00
VoteRevealed,22872478,0x3e5e14cb7da2a8cd94bce6596cd2def0ed479b144de8a71979d62c16279a9d12,1751675358,,0xaef6a3580a365c524a5bc9aabeb2a13c2a1a7b7c,0,1751953691,2025-07-08 05:48:11+00:00
VoteRevealed,22872489,0xe15e03fbd4ee494ef73a8b4a5ef6004e3fa2f5682df78356df7823369b24b371,1751675358,,0xb67a6e67072025c1db86e552dc17f7bf9c296122,0,1751953823,2025-07-08 05:50:23+00:00
VoteRevealed,22872496,0x5944c06b83b8115ef29035bdc5c0862caacdbf54b79d02ccb0bf2bfabda96cdf,1751675358,,0xe63757e3cd485c9b35b3a972fffa2d91b8649483,0,1751953907,2025-07-08 05:51:47+00:00
VoteRevealed,22872498,0x1e66eb2f9b127f31c6a48ac73d68ef05b2344bb61a4694280ab9d03303af139d,1751675358,,0xa8b8f0b17ed13a3663a8e3f169c42464adddb984,0,1751953931,2025-07-08 05:52:11+00:00
VoteRevealed,22872515,0xf0be328bf7b90c73f25fbc642845f0f11409b9c86ae40e6b3d9d3731e2eebbbb,1751675358,,0xfee5be290d4a1a50caff611389ba2120a4095d78,0,1751954135,2025-07-08 05:55:35+00:00
VoteRevealed,22872597,0xe33a94e8a90dba15b33016d26c8846c62670938ab947b7b308267d2e86cdbbc0,1751675358,,0x69d0341d380a1229f4751a0a721345dbc716586c,0,1751955131,2025-07-08 06:12:11+00:00
VoteRevealed,22872627,0xa7a1ceeb01409eb9a20cfeeb793645fa6d617630b19b18a410cc1cd060bb72e4,1751675358,,0x5071e6d385f584b5875166563c1670460905ad7b,0,1751955491,2025-07-08 06:18:11+00:00
VoteRevealed,22872632,0x1ef196709d6fcbc3c8882c13cfe839ee0a439f7e0dcd8d0b76df33a31dacb916,1751675358,,0x2947a935212f877fdfe65598254d5ce4164132a5,0,1751955551,2025-07-08 06:19:11+00:00
VoteRevealed,22872635,0x994dc380577b14cf1d0301f15a1c59c4ba1fdf7403cd98ac4aa5bd6f48db0905,1751675358,,0xc573ddc59824f248d3688df0474805f35c2c09c1,0,1751955587,2025-07-08 06:19:47+00:00
VoteRevealed,22872635,0x230738c4a3dc4ba6e4409d2547c2cb52e054823b0ddb3ad6393002a6ffa62cba,1751675358,,0x36ce63c738971b948cf0afb842b7617254c15bc0,0,1751955587,2025-07-08 06:19:47+00:00
VoteRevealed,22872649,0x389f3c5d77289805b3e16837ee54ddd38b2bd8ba0772e3e8bed713827d853955,1751675358,,0x16d12711626310b5894783ca187bdafe7aa4597a,0,1751955767,2025-07-08 06:22:47+00:00
VoteRevealed,22872660,0x94296620c16819431cc4131cd46d36645193efb372ba7f5a5c2456e8231bc334,1751675358,,0x9fdb970aef60007fee4ea132b5f4ebc376740aea,0,1751955899,2025-07-08 06:24:59+00:00
VoteRevealed,22872670,0x39bb72f4ae97c164ba06306a3d6980c7561806983719e5ae8d2845b9879910e5,1751675358,,0xf0259b01bf6dc0aa12b8d4483fdd7f6290fcc7b1,0,1751956019,2025-07-08 06:26:59+00:00
VoteRevealed,22872711,0xd941abb013dbba0eb1418d1fc2a66c631d45d8ff5a37d0879bf5356518734733,1751675358,,0xa61b950ac1f186a65c17c0ec447b5f4b05c288a5,0,1751956511,2025-07-08 06:35:11+00:00
VoteRevealed,22872735,0x43e779b80a69d88916574f871be2a3268938c6b3de2b103e2173bd5a6a1a1fb5,1751675358,,0x4be80a823e619ef57a61cc19b6bfb72974df0604,1000000000000000000,1751956811,2025-07-08 06:40:11+00:00
VoteRevealed,22872822,0x3695fb1075e6cb5f4139df8b6c89b0358cde88b0dea2d68431c82509c191ce19,1751675358,,0x8bc1f33e91f19e0d27051819d8d8f88e29444230,0,1751957867,2025-07-08 06:57:47+00:00
VoteRevealed,22872899,0xa2e1a6d93a9fc998ac4d1029345ce2d39da14ec3011197a59fb4434aa4e01ef9,1751675358,,0x3dd78bf06fdfa3aaaa87b25635a8404b15551345,0,1751958791,2025-07-08 07:13:11+00:00
VoteRevealed,22872925,0xb3fd6a3419138b2d88aceab5beb4d5a003861fc49481770124e13b0a62206df6,1751675358,,0x90b979c9e90ec5d5246dae6be32acc451edd2464,1000000000000000000,1751959103,2025-07-08 07:18:23+00:00
VoteRevealed,22872934,0x8326216351bae1f3f854e51bebed21baf0a111867caa993ea1af38f4d625ceff,1751675358,,0xf1de794ecf521ed64bdd4dd55308361511f87990,1000000000000000000,1751959211,2025-07-08 07:20:11+00:00
VoteRevealed,22872947,0x96ccfaaf7a34ffdfaa9b6b02303317110e9d4fb01761d28e6010ac779d5c5e6c,1751675358,,0x90daea825e9d43043c05725a4196382b881b1a73,1000000000000000000,1751959367,2025-07-08 07:22:47+00:00
VoteRevealed,22872953,0xf71dbf36e3dfcd606c4ccc72b016a6fc9cb1ce186245911c84a308d82a4fb240,1751675358,,0x0fad7fcb19f3ebe9402bf0623d7ed0fc4f1def15,1000000000000000000,1751959439,2025-07-08 07:23:59+00:00
VoteRevealed,22872956,0xf25d9bedc0ee8f1f86128f36182e1dd652f7e5d1adb3126508d3cbae66ee968b,1751675358,,0xf0dc67c35b934a47704f5bcc1851398f57c7fe78,500000000000000000,1751959475,2025-07-08 07:24:35+00:00
VoteRevealed,22872958,0x12123acc4174456f1202f6e6e224adf0b828c680fd8ef3c84f58ed6b7b0aba07,1751675358,,0xf5df7a18df35da5ecfff6d55bcf920e3d8f6d5ae,1000000000000000000,1751959499,2025-07-08 07:24:59+00:00
VoteRevealed,22872962,0x91a91578b5c578bee7f2437c0324f9636fb8f0577e8314407fef4b04a80adddb,1751675358,,0xc84fac7d2f80d70b21a536fdc1fde5cb404d747b,1000000000000000000,1751959547,2025-07-08 07:25:47+00:00
VoteRevealed,22872985,0x562d80fca6b0cbe39983cf519427cfcb97119a11088494de5d1a82d9f966e285,1751675358,,0xb36268588ed030b4d8fbb22a0b4ecbad1194e683,1000000000000000000,1751959823,2025-07-08 07:30:23+00:00
VoteRevealed,22873008,0x69ebf208b0195e526eb3a5f3890b46093ab152aa21c347fb7b351793202f0c1b,1751675358,,0x20271ec8650e0990201ec5c785a5f3e8b51850ff,1000000000000000000,1751960099,2025-07-08 07:34:59+00:00
VoteRevealed,22873015,0x38d5ee6be08a6161193294f381fc6c5879042b6af76ec54b07095adaeadd1386,1751675358,,0xa89ffd4063866481f3da231bc2ccf88def15b642,1000000000000000000,1751960183,2025-07-08 07:36:23+00:00
VoteRevealed,22873028,0xb402dbb048057693a773f081c71d64a8b794ee147d22f665ad3af98dd1a5da7f,1751675358,,0x8a74781b294238d74f86b0cdfd4ee7b1dbe55d7d,1000000000000000000,1751960339,2025-07-08 07:38:59+00:00
VoteRevealed,22873043,0x374bcd3f00b8890f6967204acb1f8a1bb5f950034fc91896c5d81de8281414d4,1751675358,,0x5b01ce79d8b3b793da3be5e27de3a767f1a02ed2,1000000000000000000,1751960519,2025-07-08 07:41:59+00:00
VoteRevealed,22873062,0x915abe2539d66c3e1035938219037531b2a8fe5ac86482fdf299ba4c06acf477,1751675358,,0x03c2bfd2509de9b13d0124015077e100a292336d,1000000000000000000,1751960759,2025-07-08 07:45:59+00:00
VoteRevealed,22873062,0xccae70822c72a8db8d73918a04a215d705287f32aaac7721b765fe110752949e,1751675358,,0x0b0221d279026ac38eec4e13408ba7966afb9fee,1000000000000000000,1751960759,2025-07-08 07:45:59+00:00
VoteRevealed,22873069,0xe85862e50aad701473b91b845ba2d143f634c85de6d27652257cd87f796bee08,1751675358,,0x1a0d30c0d36ec7fbd1082ce54443acb68ddaf351,0,1751960843,2025-07-08 07:47:23+00:00
VoteRevealed,22873082,0x8b7c78207b2811f4182179be8507f29ad2a69c816a9bb4f1795b9e13766c2934,1751675358,,0xac880a2568c6f5719ad59c8ea3bc11a910775757,1000000000000000000,1751960999,2025-07-08 07:49:59+00:00
VoteRevealed,22873086,0x18114d88cba8bd9e1427a2472846fa9f1f1bf67f76f3d656d0401d0fa3507be9,1751675358,,0x074f2ccfb2716fc8b6ac579173f1aaeb1f759d52,1000000000000000000,1751961047,2025-07-08 07:50:47+00:00
VoteRevealed,22873089,0xfbc08bbe8ebff27979d9186aa59c574705b9c912c97e682803ca801e88947450,1751675358,,0x1921902db1b0967762f3ae86ae0675b2b3ddefa9,0,1751961083,2025-07-08 07:51:23+00:00
VoteRevealed,22873100,0xebdb269151fc70b4a549d8e7ef7281b8fd0acb325d94fc66346532d4eaa6656f,1751675358,,0xa21cc0de85e8c75bb10519872dd3965cec351e3a,1000000000000000000,1751961215,2025-07-08 07:53:35+00:00
VoteRevealed,22873108,0x23d547fc5e2ea00fd8a30305f4debeac438bc1a4fedab4012c5ea3f9736e5926,1751675358,,0x4863fe62d4cd3718bc0c104ec0cb45052d41e44f,0,1751961311,2025-07-08 07:55:11+00:00
VoteRevealed,22873108,0xee482c55d3c7fa0d76df51c4812a45bf3d417189e967cac33f706173a8b7b966,1751675358,,0x910144b369ed067f8a2ea470ebcc2fdb31c0dd9f,1000000000000000000,1751961311,2025-07-08 07:55:11+00:00
VoteRevealed,22873113,0x6a1c418fe8df52eaa19ce5f5fd139c663d141ff25e6f75df52c547d711ee44ee,1751675358,,0x7d8aee804bbad88d0081115adc917f5d9bf6388c,1000000000000000000,1751961371,2025-07-08 07:56:11+00:00
VoteRevealed,22873130,0x7993833a1298edec09acfee1ba40670c523df051c7b9bab5c0f3d9d8ae0f28c7,1751675358,,0x50d26fcb38a279043ba075b86df912cd523931ef,1000000000000000000,1751961575,2025-07-08 07:59:35+00:00
VoteRevealed,22873135,0x53bcd925f3917a8a5294db143f38d169fced94c0044fe1405528c134ef80e098,1751675358,,0xcc50808a98ab15312361ab4837f412b2d9cdda38,1000000000000000000,1751961635,2025-07-08 08:00:35+00:00
VoteRevealed,22873139,0x1830f0cc3998f08455ba0380be001843a69883a1cb76d4d3388622d591962ace,1751675358,,0x7c9c7bb3d6880f0d720feb4fa6164bd3e49f76ed,1000000000000000000,1751961683,2025-07-08 08:01:23+00:00
VoteRevealed,22873154,0xa3a6e5af8bab778fc1c2234878a824aa60c6ce9c392a34c82fc96062bc501875,1751675358,,0x4fe9a8e560ac0b2ce3627a3ef41cb7f97a27defe,0,1751961863,2025-07-08 08:04:23+00:00
VoteRevealed,22873163,0x1ce7b9d1053ff6e7ff375f8e8fca3fca7ecab29cfd8b56b38cc0c38d2440a293,1751675358,,0x06ce05db7d0a4539b3ec2fa6b81dfe11a32120ea,1000000000000000000,1751961971,2025-07-08 08:06:11+00:00
VoteRevealed,22873169,0x740add7d9c25fca9d996af435c503c8b3226d9e270c10ccbf847848af0dbc125,1751675358,,0x76cc3f2fb3f451bbeed11bf9f64bb35f43438829,1000000000000000000,1751962043,2025-07-08 08:07:23+00:00
VoteRevealed,22873259,0xad92153be1def3ac854c447825ff4062c28c3a8aa5ec34bb3908abdc1cee1651,1751675358,,0x99bcea6bb0403927fb3c038163478d5b42082fd9,0,1751963123,2025-07-08 08:25:23+00:00
VoteRevealed,22873268,0x339d1b4d92c4789fe9e22edef251668875b0df8afea93394ad2f89380adea483,1751675358,,0xed3aa99bb1c5215f619d01030ba89166997d54fa,0,1751963231,2025-07-08 08:27:11+00:00
VoteRevealed,22873300,0x78492a7876f4a935a97eedb4f1df4fab339e2a8c708f5f26abc77ae7b5decca2,1751675358,,0xdb2808ed6cf0b8b9686222689cf4f6e88e42b80a,0,1751963615,2025-07-08 08:33:35+00:00
VoteRevealed,22873304,0xc7ed63cd994a0a75e3413debcc7becb4768614fb273a83fcf3f0f8bdcaed440f,1751675358,,0xcfb331ade6d66ad1cb6765a2dd51ad3aa9a1400e,0,1751963663,2025-07-08 08:34:23+00:00
VoteRevealed,22873387,0xf06d12b737149450f6667d97901bff29a450ea1dab23872ec260cdca9ada108d,1751675358,,0x88f859f01a347e4fb9c95a00feba619c2140369f,1000000000000000000,1751964659,2025-07-08 08:50:59+00:00
VoteRevealed,22873406,0x8bd1fe633647cb433eece2659a0598bbba4a6fe7123e9fd3eddb47d83d2ab51c,1751675358,,0xe5e7eb7b5e89866a6d852f55bfe363efd50d2f19,0,1751964887,2025-07-08 08:54:47+00:00
VoteRevealed,22873415,0x3d9b3a9a4ac39254ab013574d376660b6db49ed9de037df7414094d0f2423e9d,1751675358,,0x5ebc1d2809f4dfca9cb518efd2307fdffc36d55d,0,1751964995,2025-07-08 08:56:35+00:00
VoteRevealed,22873453,0x77814d329ebdc5570d36645266a4f206d349c52465d3dc63a688be5a25c2c00c,1751675358,,0x3abebe2bfd423dbb6357674476d44e9bd178817d,0,1751965451,2025-07-08 09:04:11+00:00
VoteRevealed,22873456,0x806a4c154360ad10eabd3f6538b4263176084d562ccc550a83507d9dd6a20d0b,1751675358,,0xfb1f7ed82c240c0515bb4670ec8837701313a12c,0,1751965487,2025-07-08 09:04:47+00:00
VoteRevealed,22873493,0x1589ea80aad441fd0b8e58a3277f7f3eeb280e1a9746331b8fc1139c4cd2a4f3,1751675358,,0xf3b699d889361868d7b82c8bf41126b18ddf99bf,0,1751965943,2025-07-08 09:12:23+00:00
VoteRevealed,22873506,0x8dd2223af15be404e9f15dd72941edb67e9af04fd452a59fb4c7d8f9de6d0656,1751675358,,0x3b45e837ce844cf6c25459aba5b9c2d6ea023008,1000000000000000000,1751966099,2025-07-08 09:14:59+00:00
VoteRevealed,22873537,0x937af047cb243b89f2cd22f2c833259ea805dfbd32ba96fc25d42d7a564858d0,1751675358,,0x80cc06036fb903f0dbddb5a14d595f8fc79aca98,0,1751966483,2025-07-08 09:21:23+00:00
VoteRevealed,22873551,0x1e24bb76912db36094ea1bfda75c1047c65f8b6d6feec651a53b07d8456d1ab0,1751675358,,0x8e561b9823d9bf7067f5f64980ae26b6b9969e77,0,1751966651,2025-07-08 09:24:11+00:00
VoteRevealed,22873569,0x88d3536c7580426e45c8f5d4de4fdf2cc163beae3840affbb81a7fad842a8823,1751675358,,0xbd9d10d381abec81d8c35b6032f44b7abc7a98eb,0,1751966867,2025-07-08 09:27:47+00:00
VoteRevealed,22873590,0x93cd53adbbfc17fb02d43d0b37788b6ea1a7a0c6e1c7db4848a7d43afd1ef44f,1751675358,,0xd431b7c1433fba9a5aa5330e5211f4773b95e9d9,0,1751967119,2025-07-08 09:31:59+00:00
VoteRevealed,22873608,0x3904c37cf46908738847c85d4ade4842d6c86ded5ff88da1d4bf93ca104b4470,1751675358,,0x89f8e4020c0dd384f13c288bc5743f963f9d8fdf,1000000000000000000,1751967335,2025-07-08 09:35:35+00:00
VoteRevealed,22873620,0x698ad84421d66aa09dfbaecbbf87a8f7a7464adc9c23f725d9d7ed245aa1337f,1751675358,,0x09397d66b46a796ddb4cd7d340e3b063ab89befb,0,1751967479,2025-07-08 09:37:59+00:00
VoteRevealed,22873670,0x6cc966e66dd1d29d3702cd6e3b86d52cef33eb44ba68f7ae31a073f089868c93,1751675358,,0x7a409cffa9257d9de043a98a2034254eff7cbe8a,0,1751968091,2025-07-08 09:48:11+00:00
VoteRevealed,22873709,0x9b5551d88124c6a939e6703f25e7df017bf54a2396bb6ac3b5708c0875715c65,1751675358,,0x9e43052ffb31e82b13a57079bdcf2c731d6cb563,0,1751968559,2025-07-08 09:55:59+00:00
VoteRevealed,22873724,0x8cb126b34d9d6f493fd9231fbdaa43159c767f58d9c6aac5a9cf85603aace3ed,1751675358,,0xbd4b2b116ef87967f8d682195023313a00c7287d,0,1751968739,2025-07-08 09:58:59+00:00
VoteRevealed,22873747,0x82726a1fa25032a5f3dcd7d57e19dbdbe82ab1ee0f420a5c1c3771a234ddd22d,1751675358,,0x9f9a6867d9ed4630dac6d3f9c125248600df03be,0,1751969015,2025-07-08 10:03:35+00:00
VoteRevealed,22873891,0x415eb0faed2a4fbc8b80cd944af8c9937eb23505e13a0e3f14ac52a163462a1b,1751675358,,0xfe9309c9f3d4f5a6e514cab5f4f5a36838b59c9d,0,1751970743,2025-07-08 10:32:23+00:00
VoteRevealed,22873958,0x1d9d34e17e637706d79ba2c0af7b578964f0e3a1ae2ef5394583b85b2ea5799b,1751675358,,0xd9f9f15e1dcda849a48ee048892c9b31287c7598,0,1751971559,2025-07-08 10:45:59+00:00
VoteRevealed,22873985,0xfa001889eaa8bb55cfbd710708c5ce50a7709e2d04cad0ccde69db5e518006e8,1751675358,,0x6c314af837367aec15505e8d0991377250877d98,0,1751971883,2025-07-08 10:51:23+00:00
VoteRevealed,22874321,0x7aaaa6535c38d2da4d3054ac348ab30d39c0529033bf397ada7ffa3f0967bf63,1751675358,,0x8a201ce886655ebae964857814e52222f0fd4be2,1000000000000000000,1751975927,2025-07-08 11:58:47+00:00
VoteRevealed,22874433,0xd8557fb205ffdd6c113c543dfb9e6dbfe8fe01388f3b008e104f7836fc0e73c2,1751675358,,0xa7b9d5fc54eb3ffe1985a10e28d045a9b89487d0,0,1751977283,2025-07-08 12:21:23+00:00
VoteRevealed,22874562,0xf01b0aeaff2a129414e81696ee98e8c45d17e887c7f34fdecf05e30dfdbbc1ae,1751675358,,0xb524735356985d2f267fa010d681f061dff03715,0,1751978831,2025-07-08 12:47:11+00:00
VoteRevealed,22874665,0xe2de82fa7811d82b2bfd03fefc11faac11b5ad8250bc196c0ed09daf9d840cbb,1751675358,,0xf0027afb0cfbaae582e21d96e2761b0b07bfbfb2,0,1751980091,2025-07-08 13:08:11+00:00
VoteRevealed,22874899,0x7f62e0ecbe9b16e2973ed2674a8b05ff56a95c1320e2e33681b7591c77271cf4,1751675358,,0x840bf8f06b175aa001b85cdb68b3378e8b14946f,0,1751982899,2025-07-08 13:54:59+00:00
VoteRevealed,22874942,0x7b167e92437cada9bc21d4be1c2c51098b935b4039a9ff5ba9b3052bc95a0df7,1751675358,,0x28ec3b46262c614df6d5a3ff2726c9746f1d1675,0,1751983415,2025-07-08 14:03:35+00:00
VoteRevealed,22874947,0x66915e29171b10a844d967fd6e5bdf3382ae4e0ccffc1437afb38d958b6b1bf1,1751675358,,0x95afe39b111176629ba6ee5f2c1c86ef973226fc,0,1751983475,2025-07-08 14:04:35+00:00
VoteRevealed,22875051,0xcdb2281f94646f63db6c339c8cad3e86ed892ccffdb98f3d3956a380fe7a6472,1751675358,,0x9a4773eeee73e34e1ee0e9a64e4b7453b0b04246,500000000000000000,1751984735,2025-07-08 14:25:35+00:00
VoteRevealed,22875175,0xcd3825b330f39d67e3a8a6a060ef2929e021ebf9fb371561928e33979aed8458,1751675358,,0x95cd0e455cf41e9f8cca8eee488432f3f10f29b8,0,1751986223,2025-07-08 14:50:23+00:00
VoteRevealed,22875453,0x754afffaeaf9d7d19b7f9bb0972d94fbc9f7dd49a4b32dedb6a62d9b123c8d0e,1751675358,,0x48c7e0db3dad3fe4eb0513b86fe5c38ebb4e0f91,0,1751989559,2025-07-08 15:45:59+00:00
VoteRevealed,22875473,0xb3af4a9f4e144de23a7298b2abb45aea4e9014c79850bdca8302677eb06d0735,1751675358,,0xa9b0d5c5e012cb47dd473fe3cea272b5f716c344,1000000000000000000,1751989799,2025-07-08 15:49:59+00:00
VoteRevealed,22875566,0xa6952d1cce3d332f2bd0d70fe64693b963108ea44f2b3e426535b729380023ee,1751675358,,0xc6c323b8b7f644897e32192c75342a1131a3d292,0,1751990915,2025-07-08 16:08:35+00:00
VoteRevealed,22875580,0x4312e96a2864eb9509384d6c848d4adaf1c33cea2bf9d7f9eb9f80b1b8f8d2b5,1751675358,,0xfb043bbaf380a06c01750ce0a6324e38ed11110c,0,1751991083,2025-07-08 16:11:23+00:00
VoteRevealed,22875605,0xe60dae2a840def2e3a448d4b5a22f36b118b69a18fc233dfc5a48a4ce4665e8c,1751675358,,0xcb4bb9d616f27dc84a256b768b4c393fa8010caa,0,1751991383,2025-07-08 16:16:23+00:00
VoteRevealed,22875623,0x0e3c2037f9f610a075b409d909d18bcdd7b4deff236a3c002057f6e2826802c8,1751675358,,0xf3c12244c9b1c56f8f5f44b8466c2c14fed02329,0,1751991599,2025-07-08 16:19:59+00:00
VoteRevealed,22875643,0x6bfbe2b3d10bcf1e07c9afbdf2e705d7c0a09312d0ad879435e0ed233fed4128,1751675358,,0x72b583cce10f64d9307a70d3877db05bacc13236,0,1751991851,2025-07-08 16:24:11+00:00
VoteRevealed,22875677,0x8a02952a6b8d0b5e5b482514b77eed9ac9494ea9fc89bf61bc70bfbb848cd1ed,1751675358,,0x10494f35fc94cfb34e4dfebd99e6d665c8dfc8e5,0,1751992259,2025-07-08 16:30:59+00:00
VoteRevealed,22875709,0xedae96b06ff7418b6f763f84b0279ba17a207558eaba91bb73e18828be5df47e,1751675358,,0x05d184b066d72cd42a1fe0fb880c3d4a0adbf8c4,0,1751992643,2025-07-08 16:37:23+00:00
VoteRevealed,22875720,0x7dd4d986735e88b6d5f9e6a741dc8235dc23c0e3ec5727e8badb5c76c4e69471,1751675358,,0x56d769f02e20c6c416d6583879403181e0f37226,0,1751992775,2025-07-08 16:39:35+00:00
VoteRevealed,22875750,0x82cc708ea969fe9bea4631eb542a094041d89cfbd5e0aef399ef3c3de8fb30dc,1751675358,,0x101ae23d3cf1efc40383697a657e9d9ef873b9e5,0,1751993135,2025-07-08 16:45:35+00:00
VoteRevealed,22875770,0x5c39fa8513cf31a4cd3c599181e714a1f81a46ea7b31e64930be829ff5ce953d,1751675358,,0xf0180d4561dbaeaac3b96b7491bfafc94cea4069,0,1751993375,2025-07-08 16:49:35+00:00
VoteRevealed,22875829,0x55bd562dd35d9d6f5f3e09628954250497d3ade824f2759fb95ac58be7cac163,1751675358,,0x568967ab58e2da9536b8a8102f453788c7e982b0,0,1751994095,2025-07-08 17:01:35+00:00
VoteRevealed,22875926,0x405c0be4fd68dd5469ac1a5418eef46dbb1cfc6f36f4316ef0cc5ccded26e2e5,1751675358,,0x69d0a6ccb76f3f7ef96dada03b01b555e76fa819,-57896044618658097711785492504343953926634992332820282019728792003956564819968,1751995259,2025-07-08 17:20:59+00:00
VoteRevealed,22875976,0x6755e555d8c8dc2fccda42e9b29717838d07d3e8c421cb2a1f2b68bb77214f6e,1751675358,,0x53d0755830ed64294d3e0736b744a1c8eda0d897,0,1751995859,2025-07-08 17:30:59+00:00
VoteRevealed,22875979,0x632fe76a1ec1a94052b68f16b3856bbeba445955774d8d0a558d25896d216815,1751675358,,0x5b7ec1ba8af4579119ae7fb4bfea36bb9b8c78a8,0,1751995895,2025-07-08 17:31:35+00:00
VoteRevealed,22876150,0x1429e14f66b8502de685c06ad2fa429be940dadd508a7fac0c1a42cba890d2e9,1751675358,,0x9c1f9b97cd995a9c0cf0ffe20f4d2f5e9c830c09,0,1751997947,2025-07-08 18:05:47+00:00
VoteRevealed,22876227,0x0866e6d27e707a375df3bcd7c5e0c06a3a3a5385a2f18d4bd1bcd6e97356dcde,1751675358,,0xb425d8e29ad1c2243fef1689221b275607211d8e,500000000000000000,1751998871,2025-07-08 18:21:11+00:00
VoteRevealed,22876402,0x047ea51cca7623892b32a0bebc740e60a8c8bbd3707f69954e1e03a0e2ba16d7,1751675358,,0xfec2ade141272f5271febadfca5d21ca30fc04a5,0,1752000995,2025-07-08 18:56:35+00:00
VoteRevealed,22876497,0xaa35303f3425cdb9ac4650fb021ad534113b3aed965f79d992e2b71c843466cc,1751675358,,0x326c819380b8842e3a55e5f97f6011ee91844205,0,1752002159,2025-07-08 19:15:59+00:00
VoteRevealed,22876503,0x68491eef17383bd1368abb69017decbb1333390b73ffe51ada9545a93f74b180,1751675358,,0x003a3b5669b288b29687c66d678aa06cb8d80577,0,1752002231,2025-07-08 19:17:11+00:00
VoteRevealed,22876573,0x55725edf1b101a050d369c0b49ee1ba9e5f507aede9d88e87112557d2957e0a2,1751675358,,0x2a1bf3cd5d4a7328a37f0e82ff912ace26eaa08f,0,1752003071,2025-07-08 19:31:11+00:00
VoteRevealed,22876673,0xcc8547ddee9cd5d50d7d010957a05beea5dcee39b933086db24a369d069f0f82,1751675358,,0x4431211df49f9a51cbba89467a524985cc809080,0,1752004295,2025-07-08 19:51:35+00:00
VoteRevealed,22876931,0xed12285d228926359d8c3fd838da7e4c99066369a4b4dbd5bfe322962da511cb,1751675358,,0xa4effcaa060edd222eb86d33beb4df518805a5ea,0,1752007391,2025-07-08 20:43:11+00:00
VoteRevealed,22877009,0xc22db9d97d8e957f92215e494a5054c742ea93b3c0d89c277c1a86439cfb7d2d,1751675358,,0xd2a78bb82389d30075144d17e782964918999f7f,0,1752008327,2025-07-08 20:58:47+00:00
VoteRevealed,22877102,0x639708df3700c55140f59568dd778f196f7547df522198c47f89f2c9a1751a15,1751675358,,0x0afc9a935960948ed35e50ac7639cbb38e840b38,0,1752009455,2025-07-08 21:17:35+00:00
VoteRevealed,22877184,0x563818f1348ea93a716fd7c70204dad4b52ef6c0d6e00a0c889539e0aa92ae1c,1751675358,,0xc60aa5a87d580b3181aef33a402d88bfe705fea0,0,1752010439,2025-07-08 21:33:59+00:00
VoteRevealed,22877316,0x244124ae6bc52e975ed5aad872b0ebfa44a4ca7f5233514ceffa5706d4fda95c,1751675358,,0xf445567e961c533e26430005c142dee831a6376e,0,1752012023,2025-07-08 22:00:23+00:00
VoteRevealed,22877348,0x7f5442b3e1031b1a983d5c4b53e43bcae6b19f621e42885b0ce45598c18319a4,1751675358,,0x104d86705c46e9422b803af522b43809f1c8e4e9,0,1752012407,2025-07-08 22:06:47+00:00
VoteRevealed,22877441,0x10403794dd493247b3185c747ca8a19e8c4c28ef47210e3340e3874095294ff8,1751675358,,0x487a5bbdc6091be0e27c0e8ea283047d94862538,0,1752013523,2025-07-08 22:25:23+00:00
VoteRevealed,22877750,0x8a0eef89f34858eab8ef6513cfa82aa435c79a307b92eac5c4297532c62301dd,1751675358,,0x2dcc90b75e0569e9e33e4c40e526d572fb25f94b,1000000000000000000,1752017243,2025-07-08 23:27:23+00:00
RequestResolved,22877915,0xaef28cdb37ca6d93a45dac8c7b37b53b111381819768d66d9f81ba34a0836ae2,1751675358,10138.0,,0,1752019235,2025-07-09 00:00:35+00:00
